This is pdfTeX, Version 3.141592653-2.6-1.40.29 (TeX Live 2026) (preloaded format=pdflatex 2026.8.16)  16 AUG 2026 23:48
entering extended mode
 restricted \write18 enabled.
 file:line:error style messages enabled.
 %&-line parsing enabled.
**d:/huace/lunwen/main.tex
(d:/huace/lunwen/main.tex
LaTeX2e <2025-11-01>
L3 programming layer <2026-01-19>
(c:/texlive/2026/texmf-dist/tex/latex/base/article.cls
Document Class: article 2025/01/22 v1.4n Standard LaTeX document class
(c:/texlive/2026/texmf-dist/tex/latex/base/size12.clo
File: size12.clo 2025/01/22 v1.4n Standard LaTeX file (size option)
)
\c@part=\count275
\c@section=\count276
\c@subsection=\count277
\c@subsubsection=\count278
\c@paragraph=\count279
\c@subparagraph=\count280
\c@figure=\count281
\c@table=\count282
\abovecaptionskip=\skip49
\belowcaptionskip=\skip50
\bibindent=\dimen148
) (c:/texlive/2026/texmf-dist/tex/latex/ctex/ctex.sty (c:/texlive/2026/texmf-dist/tex/latex/l3kernel/expl3.sty
Package: expl3 2026-01-19 L3 programming layer (loader) 
 (c:/texlive/2026/texmf-dist/tex/latex/l3backend/l3backend-pdftex.def
File: l3backend-pdftex.def 2025-10-09 L3 backend support: PDF output (pdfTeX)
\l__color_backend_stack_int=\count283
))
Package: ctex 2022/07/14 v2.5.10 Chinese adapter in LaTeX (CTEX)
 (c:/texlive/2026/texmf-dist/tex/latex/ctex/ctexhook.sty
Package: ctexhook 2022/07/14 v2.5.10 Document and package hooks (CTEX)
) (c:/texlive/2026/texmf-dist/tex/latex/ctex/ctexpatch.sty
Package: ctexpatch 2022/07/14 v2.5.10 Patching commands (CTEX)
) (c:/texlive/2026/texmf-dist/tex/latex/base/fix-cm.sty
Package: fix-cm 2020/11/24 v1.1t fixes to LaTeX
 (c:/texlive/2026/texmf-dist/tex/latex/base/ts1enc.def
File: ts1enc.def 2001/06/05 v3.0e (jk/car/fm) Standard LaTeX file
LaTeX Font Info:    Redeclaring font encoding TS1 on input line 47.
LaTeX Encoding Info:    Redeclaring text command \capitalcedilla (encoding TS1) on input line 49.
LaTeX Encoding Info:    Redeclaring text command \capitalogonek (encoding TS1) on input line 52.
LaTeX Encoding Info:    Redeclaring text command \capitalgrave (encoding TS1) on input line 55.
LaTeX Encoding Info:    Redeclaring text command \capitalacute (encoding TS1) on input line 56.
LaTeX Encoding Info:    Redeclaring text command \capitalcircumflex (encoding TS1) on input line 57.
LaTeX Encoding Info:    Redeclaring text command \capitaltilde (encoding TS1) on input line 58.
LaTeX Encoding Info:    Redeclaring text command \capitaldieresis (encoding TS1) on input line 59.
LaTeX Encoding Info:    Redeclaring text command \capitalhungarumlaut (encoding TS1) on input line 60.
LaTeX Encoding Info:    Redeclaring text command \capitalring (encoding TS1) on input line 61.
LaTeX Encoding Info:    Redeclaring text command \capitalcaron (encoding TS1) on input line 62.
LaTeX Encoding Info:    Redeclaring text command \capitalbreve (encoding TS1) on input line 63.
LaTeX Encoding Info:    Redeclaring text command \capitalmacron (encoding TS1) on input line 64.
LaTeX Encoding Info:    Redeclaring text command \capitaldotaccent (encoding TS1) on input line 65.
LaTeX Encoding Info:    Redeclaring text command \t (encoding TS1) on input line 66.
LaTeX Encoding Info:    Redeclaring text command \capitaltie (encoding TS1) on input line 67.
LaTeX Encoding Info:    Redeclaring text command \newtie (encoding TS1) on input line 68.
LaTeX Encoding Info:    Redeclaring text command \capitalnewtie (encoding TS1) on input line 69.
LaTeX Encoding Info:    Redeclaring text symbol \textcapitalcompwordmark (encoding TS1) on input line 70.
LaTeX Encoding Info:    Redeclaring text symbol \textascendercompwordmark (encoding TS1) on input line 71.
LaTeX Encoding Info:    Redeclaring text symbol \textquotestraightbase (encoding TS1) on input line 72.
LaTeX Encoding Info:    Redeclaring text symbol \textquotestraightdblbase (encoding TS1) on input line 73.
LaTeX Encoding Info:    Redeclaring text symbol \texttwelveudash (encoding TS1) on input line 74.
LaTeX Encoding Info:    Redeclaring text symbol \textthreequartersemdash (encoding TS1) on input line 75.
LaTeX Encoding Info:    Redeclaring text symbol \textleftarrow (encoding TS1) on input line 76.
LaTeX Encoding Info:    Redeclaring text symbol \textrightarrow (encoding TS1) on input line 77.
LaTeX Encoding Info:    Redeclaring text symbol \textblank (encoding TS1) on input line 78.
LaTeX Encoding Info:    Redeclaring text symbol \textdollar (encoding TS1) on input line 79.
LaTeX Encoding Info:    Redeclaring text symbol \textquotesingle (encoding TS1) on input line 80.
LaTeX Encoding Info:    Redeclaring text command \textasteriskcentered (encoding TS1) on input line 81.
LaTeX Encoding Info:    Redeclaring text symbol \textdblhyphen (encoding TS1) on input line 92.
LaTeX Encoding Info:    Redeclaring text symbol \textfractionsolidus (encoding TS1) on input line 93.
LaTeX Encoding Info:    Redeclaring text symbol \textzerooldstyle (encoding TS1) on input line 94.
LaTeX Encoding Info:    Redeclaring text symbol \textoneoldstyle (encoding TS1) on input line 95.
LaTeX Encoding Info:    Redeclaring text symbol \texttwooldstyle (encoding TS1) on input line 96.
LaTeX Encoding Info:    Redeclaring text symbol \textthreeoldstyle (encoding TS1) on input line 97.
LaTeX Encoding Info:    Redeclaring text symbol \textfouroldstyle (encoding TS1) on input line 98.
LaTeX Encoding Info:    Redeclaring text symbol \textfiveoldstyle (encoding TS1) on input line 99.
LaTeX Encoding Info:    Redeclaring text symbol \textsixoldstyle (encoding TS1) on input line 100.
LaTeX Encoding Info:    Redeclaring text symbol \textsevenoldstyle (encoding TS1) on input line 101.
LaTeX Encoding Info:    Redeclaring text symbol \texteightoldstyle (encoding TS1) on input line 102.
LaTeX Encoding Info:    Redeclaring text symbol \textnineoldstyle (encoding TS1) on input line 103.
LaTeX Encoding Info:    Redeclaring text symbol \textlangle (encoding TS1) on input line 104.
LaTeX Encoding Info:    Redeclaring text symbol \textminus (encoding TS1) on input line 105.
LaTeX Encoding Info:    Redeclaring text symbol \textrangle (encoding TS1) on input line 106.
LaTeX Encoding Info:    Redeclaring text symbol \textmho (encoding TS1) on input line 107.
LaTeX Encoding Info:    Redeclaring text symbol \textbigcircle (encoding TS1) on input line 108.
LaTeX Encoding Info:    Redeclaring text command \textcircled (encoding TS1) on input line 109.
LaTeX Encoding Info:    Redeclaring text symbol \textohm (encoding TS1) on input line 115.
LaTeX Encoding Info:    Redeclaring text symbol \textlbrackdbl (encoding TS1) on input line 116.
LaTeX Encoding Info:    Redeclaring text symbol \textrbrackdbl (encoding TS1) on input line 117.
LaTeX Encoding Info:    Redeclaring text symbol \textuparrow (encoding TS1) on input line 118.
LaTeX Encoding Info:    Redeclaring text symbol \textdownarrow (encoding TS1) on input line 119.
LaTeX Encoding Info:    Redeclaring text symbol \textasciigrave (encoding TS1) on input line 120.
LaTeX Encoding Info:    Redeclaring text symbol \textborn (encoding TS1) on input line 121.
LaTeX Encoding Info:    Redeclaring text symbol \textdivorced (encoding TS1) on input line 122.
LaTeX Encoding Info:    Redeclaring text symbol \textdied (encoding TS1) on input line 123.
LaTeX Encoding Info:    Redeclaring text symbol \textleaf (encoding TS1) on input line 124.
LaTeX Encoding Info:    Redeclaring text symbol \textmarried (encoding TS1) on input line 125.
LaTeX Encoding Info:    Redeclaring text symbol \textmusicalnote (encoding TS1) on input line 126.
LaTeX Encoding Info:    Redeclaring text symbol \texttildelow (encoding TS1) on input line 127.
LaTeX Encoding Info:    Redeclaring text symbol \textdblhyphenchar (encoding TS1) on input line 128.
LaTeX Encoding Info:    Redeclaring text symbol \textasciibreve (encoding TS1) on input line 129.
LaTeX Encoding Info:    Redeclaring text symbol \textasciicaron (encoding TS1) on input line 130.
LaTeX Encoding Info:    Redeclaring text symbol \textacutedbl (encoding TS1) on input line 131.
LaTeX Encoding Info:    Redeclaring text symbol \textgravedbl (encoding TS1) on input line 132.
LaTeX Encoding Info:    Redeclaring text symbol \textdagger (encoding TS1) on input line 133.
LaTeX Encoding Info:    Redeclaring text symbol \textdaggerdbl (encoding TS1) on input line 134.
LaTeX Encoding Info:    Redeclaring text symbol \textbardbl (encoding TS1) on input line 135.
LaTeX Encoding Info:    Redeclaring text symbol \textperthousand (encoding TS1) on input line 136.
LaTeX Encoding Info:    Redeclaring text symbol \textbullet (encoding TS1) on input line 137.
LaTeX Encoding Info:    Redeclaring text symbol \textcelsius (encoding TS1) on input line 138.
LaTeX Encoding Info:    Redeclaring text symbol \textdollaroldstyle (encoding TS1) on input line 139.
LaTeX Encoding Info:    Redeclaring text symbol \textcentoldstyle (encoding TS1) on input line 140.
LaTeX Encoding Info:    Redeclaring text symbol \textflorin (encoding TS1) on input line 141.
LaTeX Encoding Info:    Redeclaring text symbol \textcolonmonetary (encoding TS1) on input line 142.
LaTeX Encoding Info:    Redeclaring text symbol \textwon (encoding TS1) on input line 143.
LaTeX Encoding Info:    Redeclaring text symbol \textnaira (encoding TS1) on input line 144.
LaTeX Encoding Info:    Redeclaring text symbol \textguarani (encoding TS1) on input line 145.
LaTeX Encoding Info:    Redeclaring text symbol \textpeso (encoding TS1) on input line 146.
LaTeX Encoding Info:    Redeclaring text symbol \textlira (encoding TS1) on input line 147.
LaTeX Encoding Info:    Redeclaring text symbol \textrecipe (encoding TS1) on input line 148.
LaTeX Encoding Info:    Redeclaring text symbol \textinterrobang (encoding TS1) on input line 149.
LaTeX Encoding Info:    Redeclaring text symbol \textinterrobangdown (encoding TS1) on input line 150.
LaTeX Encoding Info:    Redeclaring text symbol \textdong (encoding TS1) on input line 151.
LaTeX Encoding Info:    Redeclaring text symbol \texttrademark (encoding TS1) on input line 152.
LaTeX Encoding Info:    Redeclaring text symbol \textpertenthousand (encoding TS1) on input line 153.
LaTeX Encoding Info:    Redeclaring text symbol \textpilcrow (encoding TS1) on input line 154.
LaTeX Encoding Info:    Redeclaring text symbol \textbaht (encoding TS1) on input line 155.
LaTeX Encoding Info:    Redeclaring text symbol \textnumero (encoding TS1) on input line 156.
LaTeX Encoding Info:    Redeclaring text symbol \textdiscount (encoding TS1) on input line 157.
LaTeX Encoding Info:    Redeclaring text symbol \textestimated (encoding TS1) on input line 158.
LaTeX Encoding Info:    Redeclaring text symbol \textopenbullet (encoding TS1) on input line 159.
LaTeX Encoding Info:    Redeclaring text symbol \textservicemark (encoding TS1) on input line 160.
LaTeX Encoding Info:    Redeclaring text symbol \textlquill (encoding TS1) on input line 161.
LaTeX Encoding Info:    Redeclaring text symbol \textrquill (encoding TS1) on input line 162.
LaTeX Encoding Info:    Redeclaring text symbol \textcent (encoding TS1) on input line 163.
LaTeX Encoding Info:    Redeclaring text symbol \textsterling (encoding TS1) on input line 164.
LaTeX Encoding Info:    Redeclaring text symbol \textcurrency (encoding TS1) on input line 165.
LaTeX Encoding Info:    Redeclaring text symbol \textyen (encoding TS1) on input line 166.
LaTeX Encoding Info:    Redeclaring text symbol \textbrokenbar (encoding TS1) on input line 167.
LaTeX Encoding Info:    Redeclaring text symbol \textsection (encoding TS1) on input line 168.
LaTeX Encoding Info:    Redeclaring text symbol \textasciidieresis (encoding TS1) on input line 169.
LaTeX Encoding Info:    Redeclaring text symbol \textcopyright (encoding TS1) on input line 170.
LaTeX Encoding Info:    Redeclaring text symbol \textordfeminine (encoding TS1) on input line 171.
LaTeX Encoding Info:    Redeclaring text symbol \textcopyleft (encoding TS1) on input line 172.
LaTeX Encoding Info:    Redeclaring text symbol \textlnot (encoding TS1) on input line 173.
LaTeX Encoding Info:    Redeclaring text symbol \textcircledP (encoding TS1) on input line 174.
LaTeX Encoding Info:    Redeclaring text symbol \textregistered (encoding TS1) on input line 175.
LaTeX Encoding Info:    Redeclaring text symbol \textasciimacron (encoding TS1) on input line 176.
LaTeX Encoding Info:    Redeclaring text symbol \textdegree (encoding TS1) on input line 177.
LaTeX Encoding Info:    Redeclaring text symbol \textpm (encoding TS1) on input line 178.
LaTeX Encoding Info:    Redeclaring text symbol \texttwosuperior (encoding TS1) on input line 179.
LaTeX Encoding Info:    Redeclaring text symbol \textthreesuperior (encoding TS1) on input line 180.
LaTeX Encoding Info:    Redeclaring text symbol \textasciiacute (encoding TS1) on input line 181.
LaTeX Encoding Info:    Redeclaring text symbol \textmu (encoding TS1) on input line 182.
LaTeX Encoding Info:    Redeclaring text symbol \textparagraph (encoding TS1) on input line 183.
LaTeX Encoding Info:    Redeclaring text symbol \textperiodcentered (encoding TS1) on input line 184.
LaTeX Encoding Info:    Redeclaring text symbol \textreferencemark (encoding TS1) on input line 185.
LaTeX Encoding Info:    Redeclaring text symbol \textonesuperior (encoding TS1) on input line 186.
LaTeX Encoding Info:    Redeclaring text symbol \textordmasculine (encoding TS1) on input line 187.
LaTeX Encoding Info:    Redeclaring text symbol \textsurd (encoding TS1) on input line 188.
LaTeX Encoding Info:    Redeclaring text symbol \textonequarter (encoding TS1) on input line 189.
LaTeX Encoding Info:    Redeclaring text symbol \textonehalf (encoding TS1) on input line 190.
LaTeX Encoding Info:    Redeclaring text symbol \textthreequarters (encoding TS1) on input line 191.
LaTeX Encoding Info:    Redeclaring text symbol \texteuro (encoding TS1) on input line 192.
LaTeX Encoding Info:    Redeclaring text symbol \texttimes (encoding TS1) on input line 193.
LaTeX Encoding Info:    Redeclaring text symbol \textdiv (encoding TS1) on input line 194.
))
\l__ctex_tmp_int=\count284
\l__ctex_tmp_box=\box53
\l__ctex_tmp_dim=\dimen149
\g__ctex_section_depth_int=\count285
\g__ctex_font_size_int=\count286
 (c:/texlive/2026/texmf-dist/tex/latex/ctex/config/ctexopts.cfg
File: ctexopts.cfg 2022/07/14 v2.5.10 Option configuration file (CTEX)
)

Package ctex Warning: UTF8 will be used as the default encoding.

(c:/texlive/2026/texmf-dist/tex/latex/ctex/engine/ctex-engine-pdftex.def
File: ctex-engine-pdftex.def 2022/07/14 v2.5.10 (pdf)LaTeX adapter (CTEX)
 (c:/texlive/2026/texmf-dist/tex/latex/cjk/texinput/CJKutf8.sty
Package: CJKutf8 2021/10/16 4.8.5
 (c:/texlive/2026/texmf-dist/tex/generic/iftex/ifpdf.sty
Package: ifpdf 2019/10/25 v3.4 ifpdf legacy package. Use iftex instead.
 (c:/texlive/2026/texmf-dist/tex/generic/iftex/iftex.sty
Package: iftex 2024/12/12 v1.0g TeX engine tests
)) (c:/texlive/2026/texmf-dist/tex/latex/base/inputenc.sty
Package: inputenc 2024/02/08 v1.3d Input encoding file
\inpenc@prehook=\toks17
\inpenc@posthook=\toks18
) (c:/texlive/2026/texmf-dist/tex/latex/cjk/texinput/CJK.sty
Package: CJK 2021/10/16 4.8.5
 (c:/texlive/2026/texmf-dist/tex/latex/cjk/texinput/mule/MULEenc.sty
Package: MULEenc 2021/10/16 4.8.5
) (c:/texlive/2026/texmf-dist/tex/latex/cjk/texinput/CJK.enc
File: CJK.enc 2021/10/16 4.8.5
Now handling font encoding C00 ...
... no UTF-8 mapping file for font encoding C00
Now handling font encoding C05 ...
... no UTF-8 mapping file for font encoding C05
Now handling font encoding C09 ...
... no UTF-8 mapping file for font encoding C09
Now handling font encoding C10 ...
... no UTF-8 mapping file for font encoding C10
Now handling font encoding C20 ...
... no UTF-8 mapping file for font encoding C20
Now handling font encoding C19 ...
... no UTF-8 mapping file for font encoding C19
Now handling font encoding C40 ...
... no UTF-8 mapping file for font encoding C40
Now handling font encoding C42 ...
... no UTF-8 mapping file for font encoding C42
Now handling font encoding C43 ...
... no UTF-8 mapping file for font encoding C43
Now handling font encoding C50 ...
... no UTF-8 mapping file for font encoding C50
Now handling font encoding C52 ...
... no UTF-8 mapping file for font encoding C52
Now handling font encoding C49 ...
... no UTF-8 mapping file for font encoding C49
Now handling font encoding C60 ...
... no UTF-8 mapping file for font encoding C60
Now handling font encoding C61 ...
... no UTF-8 mapping file for font encoding C61
Now handling font encoding C63 ...
... no UTF-8 mapping file for font encoding C63
Now handling font encoding C64 ...
... no UTF-8 mapping file for font encoding C64
Now handling font encoding C65 ...
... no UTF-8 mapping file for font encoding C65
Now handling font encoding C70 ...
... no UTF-8 mapping file for font encoding C70
Now handling font encoding C31 ...
... no UTF-8 mapping file for font encoding C31
Now handling font encoding C32 ...
... no UTF-8 mapping file for font encoding C32
Now handling font encoding C33 ...
... no UTF-8 mapping file for font encoding C33
Now handling font encoding C34 ...
... no UTF-8 mapping file for font encoding C34
Now handling font encoding C35 ...
... no UTF-8 mapping file for font encoding C35
Now handling font encoding C36 ...
... no UTF-8 mapping file for font encoding C36
Now handling font encoding C37 ...
... no UTF-8 mapping file for font encoding C37
Now handling font encoding C80 ...
... no UTF-8 mapping file for font encoding C80
Now handling font encoding C81 ...
... no UTF-8 mapping file for font encoding C81
Now handling font encoding C01 ...
... no UTF-8 mapping file for font encoding C01
Now handling font encoding C11 ...
... no UTF-8 mapping file for font encoding C11
Now handling font encoding C21 ...
... no UTF-8 mapping file for font encoding C21
Now handling font encoding C41 ...
... no UTF-8 mapping file for font encoding C41
Now handling font encoding C62 ...
... no UTF-8 mapping file for font encoding C62
)
\CJK@indent=\box54
) (c:/texlive/2026/texmf-dist/tex/latex/base/fontenc.sty
Package: fontenc 2025/07/18 v2.1d Standard LaTeX package
)) (c:/texlive/2026/texmf-dist/tex/latex/cjkpunct/CJKpunct.sty
Package: CJKpunct 2016/05/14 4.8.4
\CJKpunct@cnta=\count287
\CJKpunct@cntb=\count288
\CJKpunct@cntc=\count289
\CJKpunct@cntd=\count290
\CJKpunct@cnte=\count291
   defining Unicode char U+2018 (decimal 8216)
   defining Unicode char U+2019 (decimal 8217)
   defining Unicode char U+201C (decimal 8220)
   defining Unicode char U+201D (decimal 8221)
   defining Unicode char U+2014 (decimal 8212)
   defining Unicode char U+2026 (decimal 8230)
 (c:/texlive/2026/texmf-dist/tex/latex/cjkpunct/CJKpunct.spa)) (c:/texlive/2026/texmf-dist/tex/latex/cjk/texinput/CJKspace.sty
Package: CJKspace 2021/10/16 3.8.0
) (c:/texlive/2026/texmf-dist/tex/latex/cjk/texinput/UTF8/UTF8.bdg
File: UTF8.bdg 2021/10/16 4.8.5
) (c:/texlive/2026/texmf-dist/tex/latex/ctex/ctexspa.def
File: ctexspa.def 2022/07/14 v2.5.10 Space info for CJKpunct (CTEX)
)
\ccwd=\dimen150
\l__ctex_ccglue_skip=\skip51
)
\l__ctex_ziju_dim=\dimen151
 (c:/texlive/2026/texmf-dist/tex/latex/zhnumber/zhnumber.sty
Package: zhnumber 2022/07/14 v3.0 Typesetting numbers with Chinese glyphs
\l__zhnum_scale_int=\count292
\l__zhnum_tmp_int=\count293
 (c:/texlive/2026/texmf-dist/tex/latex/zhnumber/zhnumber-utf8.cfg
File: zhnumber-utf8.cfg 2022/07/14 v3.0 Chinese numerals with UTF8 encoding
)) (c:/texlive/2026/texmf-dist/tex/latex/ctex/scheme/ctex-scheme-chinese.def
File: ctex-scheme-chinese.def 2022/07/14 v2.5.10 Chinese scheme for generic (CTEX)
 (c:/texlive/2026/texmf-dist/tex/latex/ctex/config/ctex-name-utf8.cfg
File: ctex-name-utf8.cfg 2022/07/14 v2.5.10 Caption with encoding UTF-8 (CTEX)
)) (c:/texlive/2026/texmf-dist/tex/latex/tools/indentfirst.sty
Package: indentfirst 2023/07/02 v1.03 Indent first paragraph (DPC)
) (c:/texlive/2026/texmf-dist/tex/latex/ctex/fontset/ctex-fontset-windows.def
File: ctex-fontset-windows.def 2022/07/14 v2.5.10 Windows fonts definition (CTEX)
)) (c:/texlive/2026/texmf-dist/tex/latex/ctex/config/ctex.cfg
File: ctex.cfg 2022/07/14 v2.5.10 Configuration file (CTEX)
)
d:/huace/lunwen/main.tex:10: Undefined control sequence.
<recently read> \setCJKmainfont 
                                
l.10 \setCJKmainfont
                    {SimSun}
The control sequence at the end of the top line
of your error message was never \def'ed. If you have
misspelled it (e.g., `\hobx'), type `I' and the correct
spelling (e.g., `I\hbox'). Otherwise just continue,
and I'll forget about whatever was undefined.


d:/huace/lunwen/main.tex:10: LaTeX Error: Missing \begin{document}.

See the LaTeX manual or LaTeX Companion for explanation.
Type  H <return>  for immediate help.
 ...                                              
                                                  
l.10 \setCJKmainfont{S
                      imSun}
You're in trouble here.  Try typing  <return>  to proceed.
If that doesn't work, type  X <return>  to quit.

d:/huace/lunwen/main.tex:11: Undefined control sequence.
l.11 \setCJKsansfont
                    {SimHei}
The control sequence at the end of the top line
of your error message was never \def'ed. If you have
misspelled it (e.g., `\hobx'), type `I' and the correct
spelling (e.g., `I\hbox'). Otherwise just continue,
and I'll forget about whatever was undefined.

d:/huace/lunwen/main.tex:12: Undefined control sequence.
l.12 \setmainfont
                 {Times New Roman}
The control sequence at the end of the top line
of your error message was never \def'ed. If you have
misspelled it (e.g., `\hobx'), type `I' and the correct
spelling (e.g., `I\hbox'). Otherwise just continue,
and I'll forget about whatever was undefined.

(c:/texlive/2026/texmf-dist/tex/latex/unicode-math/unicode-math.sty
Package: unicode-math 2023/08/13 v0.8r Unicode maths in XeLaTeX and LuaLaTeX


c:/texlive/2026/texmf-dist/tex/latex/unicode-math/unicode-math.sty:40: Package unicode-math Error: Cannot be run with pdftex!
(unicode-math)                Use XeLaTeX or LuaLaTeX instead.

Type <return> to continue.
 ...                                              
                                                  
l.40 ...ror:nn {unicode-math} {unsupported-engine}
                                                  

LaTeX does not know anything more about this error, sorry.

Try typing <return> to proceed.
If that doesn't work, type X <return> to quit.


)
d:/huace/lunwen/main.tex:14: Undefined control sequence.
<recently read> \setmathfont 
                             
l.14 \setmathfont
                 {Cambria Math}
The control sequence at the end of the top line
of your error message was never \def'ed. If you have
misspelled it (e.g., `\hobx'), type `I' and the correct
spelling (e.g., `I\hbox'). Otherwise just continue,
and I'll forget about whatever was undefined.


d:/huace/lunwen/main.tex:14: LaTeX Error: Missing \begin{document}.

See the LaTeX manual or LaTeX Companion for explanation.
Type  H <return>  for immediate help.
 ...                                              
                                                  
l.14 \setmathfont{C
                   ambria Math}
You're in trouble here.  Try typing  <return>  to proceed.
If that doesn't work, type  X <return>  to quit.

(c:/texlive/2026/texmf-dist/tex/latex/geometry/geometry.sty
Package: geometry 2020/01/02 v5.9 Page Geometry
 (c:/texlive/2026/texmf-dist/tex/latex/graphics/keyval.sty
Package: keyval 2022/05/29 v1.15 key=value parser (DPC)
\KV@toks@=\toks19
) (c:/texlive/2026/texmf-dist/tex/generic/iftex/ifvtex.sty
Package: ifvtex 2019/10/25 v1.7 ifvtex legacy package. Use iftex instead.
)
\Gm@cnth=\count294
\Gm@cntv=\count295
\c@Gm@tempcnt=\count296
\Gm@bindingoffset=\dimen152
\Gm@wd@mp=\dimen153
\Gm@odd@mp=\dimen154
\Gm@even@mp=\dimen155
\Gm@layoutwidth=\dimen156
\Gm@layoutheight=\dimen157
\Gm@layouthoffset=\dimen158
\Gm@layoutvoffset=\dimen159
\Gm@dimlist=\toks20
) (c:/texlive/2026/texmf-dist/tex/latex/setspace/setspace.sty
Package: setspace 2022/12/04 v6.7b set line spacing
) (c:/texlive/2026/texmf-dist/tex/latex/fancyhdr/fancyhdr.sty
Package: fancyhdr 2025/02/07 v5.2 Extensive control of page headers and footers
\f@nch@headwidth=\skip52
\f@nch@offset@elh=\skip53
\f@nch@offset@erh=\skip54
\f@nch@offset@olh=\skip55
\f@nch@offset@orh=\skip56
\f@nch@offset@elf=\skip57
\f@nch@offset@erf=\skip58
\f@nch@offset@olf=\skip59
\f@nch@offset@orf=\skip60
\f@nch@height=\skip61
\f@nch@footalignment=\skip62
\f@nch@widthL=\skip63
\f@nch@widthC=\skip64
\f@nch@widthR=\skip65
\@temptokenb=\toks21
) (c:/texlive/2026/texmf-dist/tex/latex/appendix/appendix.sty
Package: appendix 2020/02/08 v1.2c extra appendix facilities
\c@@pps=\count297
\c@@ppsavesec=\count298
\c@@ppsaveapp=\count299
) (c:/texlive/2026/texmf-dist/tex/latex/amsmath/amsmath.sty
Package: amsmath 2025/07/09 v2.17z AMS math features
\@mathmargin=\skip66

For additional information on amsmath, use the `?' option.
(c:/texlive/2026/texmf-dist/tex/latex/amsmath/amstext.sty
Package: amstext 2024/11/17 v2.01 AMS text
 (c:/texlive/2026/texmf-dist/tex/latex/amsmath/amsgen.sty
File: amsgen.sty 1999/11/30 v2.0 generic functions
\@emptytoks=\toks22
\ex@=\dimen160
)) (c:/texlive/2026/texmf-dist/tex/latex/amsmath/amsbsy.sty
Package: amsbsy 1999/11/29 v1.2d Bold Symbols
\pmbraise@=\dimen161
) (c:/texlive/2026/texmf-dist/tex/latex/amsmath/amsopn.sty
Package: amsopn 2022/04/08 v2.04 operator names
)
\inf@bad=\count300
LaTeX Info: Redefining \frac on input line 233.
\uproot@=\count301
\leftroot@=\count302
LaTeX Info: Redefining \overline on input line 398.
LaTeX Info: Redefining \colon on input line 409.
\classnum@=\count303
\DOTSCASE@=\count304
LaTeX Info: Redefining \ldots on input line 495.
LaTeX Info: Redefining \dots on input line 498.
LaTeX Info: Redefining \cdots on input line 619.
\Mathstrutbox@=\box55
\strutbox@=\box56
LaTeX Info: Redefining \big on input line 721.
LaTeX Info: Redefining \Big on input line 722.
LaTeX Info: Redefining \bigg on input line 723.
LaTeX Info: Redefining \Bigg on input line 724.
\big@size=\dimen162
LaTeX Font Info:    Redeclaring font encoding OML on input line 742.
LaTeX Font Info:    Redeclaring font encoding OMS on input line 743.
\macc@depth=\count305
LaTeX Info: Redefining \bmod on input line 904.
LaTeX Info: Redefining \pmod on input line 909.
LaTeX Info: Redefining \smash on input line 939.
LaTeX Info: Redefining \relbar on input line 969.
LaTeX Info: Redefining \Relbar on input line 970.
\c@MaxMatrixCols=\count306
\dotsspace@=\muskip17
\c@parentequation=\count307
\dspbrk@lvl=\count308
\tag@help=\toks23
\row@=\count309
\column@=\count310
\maxfields@=\count311
\andhelp@=\toks24
\eqnshift@=\dimen163
\alignsep@=\dimen164
\tagshift@=\dimen165
\tagwidth@=\dimen166
\totwidth@=\dimen167
\lineht@=\dimen168
\@envbody=\toks25
\multlinegap=\skip67
\multlinetaggap=\skip68
\mathdisplay@stack=\toks26
LaTeX Info: Redefining \[ on input line 2950.
LaTeX Info: Redefining \] on input line 2951.
) (c:/texlive/2026/texmf-dist/tex/latex/amscls/amsthm.sty
Package: amsthm 2020/05/29 v2.20.6
\thm@style=\toks27
\thm@bodyfont=\toks28
\thm@headfont=\toks29
\thm@notefont=\toks30
\thm@headpunct=\toks31
\thm@preskip=\skip69
\thm@postskip=\skip70
\thm@headsep=\skip71
\dth@everypar=\toks32
) (c:/texlive/2026/texmf-dist/tex/latex/tools/bm.sty
Package: bm 2025/10/21 v1.2g Bold Symbol Support (DPC/FMi)
\symboldoperators=\mathgroup4
\symboldletters=\mathgroup5
\symboldsymbols=\mathgroup6
Package bm Info: No bold for \OMX/cmex/m/n, using \pmb.
LaTeX Font Info:    Redeclaring math alphabet \mathbf on input line 149.
) (c:/texlive/2026/texmf-dist/tex/latex/jknapltx/mathrsfs.sty
Package: mathrsfs 1996/01/01 Math RSFS package v1.0 (jk)
\symrsfs=\mathgroup7
) (c:/texlive/2026/texmf-dist/tex/latex/graphics/graphicx.sty
Package: graphicx 2024/12/31 v1.2e Enhanced LaTeX Graphics (DPC,SPQR)
 (c:/texlive/2026/texmf-dist/tex/latex/graphics/graphics.sty
Package: graphics 2024/08/06 v1.4g Standard LaTeX Graphics (DPC,SPQR)
 (c:/texlive/2026/texmf-dist/tex/latex/graphics/trig.sty
Package: trig 2023/12/02 v1.11 sin cos tan (DPC)
) (c:/texlive/2026/texmf-dist/tex/latex/graphics-cfg/graphics.cfg
File: graphics.cfg 2016/06/04 v1.11 sample graphics configuration
)
Package graphics Info: Driver file: pdftex.def on input line 106.
 (c:/texlive/2026/texmf-dist/tex/latex/graphics-def/pdftex.def
File: pdftex.def 2025/09/29 v1.2d Graphics/color driver for pdftex
))
\Gin@req@height=\dimen169
\Gin@req@width=\dimen170
) (c:/texlive/2026/texmf-dist/tex/latex/caption/subcaption.sty
Package: subcaption 2023/07/28 v1.6b Sub-captions (AR)
 (c:/texlive/2026/texmf-dist/tex/latex/caption/caption.sty
Package: caption 2023/08/05 v3.6o Customizing captions (AR)
 (c:/texlive/2026/texmf-dist/tex/latex/caption/caption3.sty
Package: caption3 2023/07/31 v2.4d caption3 kernel (AR)
\caption@tempdima=\dimen171
\captionmargin=\dimen172
\caption@leftmargin=\dimen173
\caption@rightmargin=\dimen174
\caption@width=\dimen175
\caption@indent=\dimen176
\caption@parindent=\dimen177
\caption@hangindent=\dimen178
Package caption Info: Standard document class detected.
)
\c@caption@flags=\count312
\c@continuedfloat=\count313
)
Package caption Info: New subtype `subfigure' on input line 238.
\c@subfigure=\count314
Package caption Info: New subtype `subtable' on input line 238.
\c@subtable=\count315
) (c:/texlive/2026/texmf-dist/tex/latex/float/float.sty
Package: float 2001/11/08 v1.3d Float enhancements (AL)
\c@float@type=\count316
\float@exts=\toks33
\float@box=\box57
\@float@everytoks=\toks34
\@floatcapt=\box58
) (c:/texlive/2026/texmf-dist/tex/latex/xcolor/xcolor.sty
Package: xcolor 2024/09/29 v3.02 LaTeX color extensions (UK)
 (c:/texlive/2026/texmf-dist/tex/latex/graphics-cfg/color.cfg
File: color.cfg 2016/01/02 v1.6 sample color configuration
)
Package xcolor Info: Driver file: pdftex.def on input line 274.
 (c:/texlive/2026/texmf-dist/tex/latex/graphics/mathcolor.ltx)
Package xcolor Info: Model `cmy' substituted by `cmy0' on input line 1349.
Package xcolor Info: Model `hsb' substituted by `rgb' on input line 1353.
Package xcolor Info: Model `RGB' extended on input line 1365.
Package xcolor Info: Model `HTML' substituted by `rgb' on input line 1367.
Package xcolor Info: Model `Hsb' substituted by `hsb' on input line 1368.
Package xcolor Info: Model `tHsb' substituted by `hsb' on input line 1369.
Package xcolor Info: Model `HSB' substituted by `hsb' on input line 1370.
Package xcolor Info: Model `Gray' substituted by `gray' on input line 1371.
Package xcolor Info: Model `wave' substituted by `hsb' on input line 1372.
) (c:/texlive/2026/texmf-dist/tex/latex/colortbl/colortbl.sty
Package: colortbl 2024/10/29 v1.0k Color table columns (DPC)
 (c:/texlive/2026/texmf-dist/tex/latex/tools/array.sty
Package: array 2025/09/25 v2.6n Tabular extension package (FMi)
\col@sep=\dimen179
\ar@mcellbox=\box59
\extrarowheight=\dimen180
\NC@list=\toks35
\extratabsurround=\skip72
\backup@length=\skip73
\ar@cellbox=\box60
)
\everycr=\toks36
\minrowclearance=\skip74
\rownum=\count317
) (c:/texlive/2026/texmf-dist/tex/latex/booktabs/booktabs.sty
Package: booktabs 2020/01/12 v1.61803398 Publication quality tables
\heavyrulewidth=\dimen181
\lightrulewidth=\dimen182
\cmidrulewidth=\dimen183
\belowrulesep=\dimen184
\belowbottomsep=\dimen185
\aboverulesep=\dimen186
\abovetopsep=\dimen187
\cmidrulesep=\dimen188
\cmidrulekern=\dimen189
\defaultaddspace=\dimen190
\@cmidla=\count318
\@cmidlb=\count319
\@aboverulesep=\dimen191
\@belowrulesep=\dimen192
\@thisruleclass=\count320
\@lastruleclass=\count321
\@thisrulewidth=\dimen193
) (c:/texlive/2026/texmf-dist/tex/latex/tools/longtable.sty
Package: longtable 2025-10-13 v4.24 Multi-page Table package (DPC)
\LTleft=\skip75
\LTright=\skip76
\LTpre=\skip77
\LTpost=\skip78
\LTchunksize=\count322
\LTcapwidth=\dimen194
\LT@head=\box61
\LT@firsthead=\box62
\LT@foot=\box63
\LT@lastfoot=\box64
\LT@gbox=\box65
\LT@cols=\count323
\LT@rows=\count324
\c@LT@tables=\count325
\c@LT@chunks=\count326
\LT@p@ftn=\toks37
) (c:/texlive/2026/texmf-dist/tex/latex/multirow/multirow.sty
Package: multirow 2024/11/12 v2.9 Span multiple rows of a table
\multirow@colwidth=\skip79
\multirow@cntb=\count327
\multirow@dima=\skip80
\bigstrutjot=\dimen195
) (c:/texlive/2026/texmf-dist/tex/latex/algorithms/algorithm.sty
Package: algorithm 2009/08/24 v0.1 Document Style `algorithm' - floating environment
 (c:/texlive/2026/texmf-dist/tex/latex/base/ifthen.sty
Package: ifthen 2024/03/16 v1.1e Standard LaTeX ifthen package (DPC)
)
\@float@every@algorithm=\toks38
\c@algorithm=\count328
) (c:/texlive/2026/texmf-dist/tex/latex/algorithmicx/algpseudocode.sty
Package: algpseudocode 
 (c:/texlive/2026/texmf-dist/tex/latex/algorithmicx/algorithmicx.sty
Package: algorithmicx 2005/04/27 v1.2 Algorithmicx

Document Style algorithmicx 1.2 - a greatly improved `algorithmic' style
\c@ALG@line=\count329
\c@ALG@rem=\count330
\c@ALG@nested=\count331
\ALG@tlm=\skip81
\ALG@thistlm=\skip82
\c@ALG@Lnr=\count332
\c@ALG@blocknr=\count333
\c@ALG@storecount=\count334
\c@ALG@tmpcounter=\count335
\ALG@tmplength=\skip83
)
Document Style - pseudocode environments for use with the `algorithmicx' style
) (c:/texlive/2026/texmf-dist/tex/latex/hyperref/hyperref.sty
Package: hyperref 2026-01-29 v7.01p Hypertext links for LaTeX
 (c:/texlive/2026/texmf-dist/tex/latex/kvsetkeys/kvsetkeys.sty
Package: kvsetkeys 2022-10-05 v1.19 Key value parser (HO)
) (c:/texlive/2026/texmf-dist/tex/generic/kvdefinekeys/kvdefinekeys.sty
Package: kvdefinekeys 2019-12-19 v1.6 Define keys (HO)
) (c:/texlive/2026/texmf-dist/tex/generic/pdfescape/pdfescape.sty
Package: pdfescape 2019/12/09 v1.15 Implements pdfTeX's escape features (HO)
 (c:/texlive/2026/texmf-dist/tex/generic/ltxcmds/ltxcmds.sty
Package: ltxcmds 2023-12-04 v1.26 LaTeX kernel commands for general use (HO)
) (c:/texlive/2026/texmf-dist/tex/generic/pdftexcmds/pdftexcmds.sty
Package: pdftexcmds 2020-06-27 v0.33 Utility functions of pdfTeX for LuaTeX (HO)
 (c:/texlive/2026/texmf-dist/tex/generic/infwarerr/infwarerr.sty
Package: infwarerr 2019/12/03 v1.5 Providing info/warning/error messages (HO)
)
Package pdftexcmds Info: \pdf@primitive is available.
Package pdftexcmds Info: \pdf@ifprimitive is available.
Package pdftexcmds Info: \pdfdraftmode found.
)) (c:/texlive/2026/texmf-dist/tex/latex/hycolor/hycolor.sty
Package: hycolor 2020-01-27 v1.10 Color options for hyperref/bookmark (HO)
) (c:/texlive/2026/texmf-dist/tex/latex/hyperref/nameref.sty
Package: nameref 2026-01-29 v2.58 Cross-referencing by name of section
 (c:/texlive/2026/texmf-dist/tex/latex/refcount/refcount.sty
Package: refcount 2019/12/15 v3.6 Data extraction from label references (HO)
) (c:/texlive/2026/texmf-dist/tex/generic/gettitlestring/gettitlestring.sty
Package: gettitlestring 2019/12/15 v1.6 Cleanup title references (HO)
 (c:/texlive/2026/texmf-dist/tex/latex/kvoptions/kvoptions.sty
Package: kvoptions 2022-06-15 v3.15 Key value format for package options (HO)
))
\c@section@level=\count336
) (c:/texlive/2026/texmf-dist/tex/latex/etoolbox/etoolbox.sty
Package: etoolbox 2025/10/02 v2.5m e-TeX tools for LaTeX (JAW)
\etb@tempcnta=\count337
) (c:/texlive/2026/texmf-dist/tex/generic/stringenc/stringenc.sty
Package: stringenc 2019/11/29 v1.12 Convert strings between diff. encodings (HO)
)
\@linkdim=\dimen196
\Hy@linkcounter=\count338
\Hy@pagecounter=\count339
 (c:/texlive/2026/texmf-dist/tex/latex/hyperref/pd1enc.def
File: pd1enc.def 2026-01-29 v7.01p Hyperref: PDFDocEncoding definition (HO)
Now handling font encoding PD1 ...
... no UTF-8 mapping file for font encoding PD1
) (c:/texlive/2026/texmf-dist/tex/generic/intcalc/intcalc.sty
Package: intcalc 2019/12/15 v1.3 Expandable calculations with integers (HO)
)
\Hy@SavedSpaceFactor=\count340
 (c:/texlive/2026/texmf-dist/tex/latex/hyperref/puenc.def
File: puenc.def 2026-01-29 v7.01p Hyperref: PDF Unicode definition (HO)
Now handling font encoding PU ...
... no UTF-8 mapping file for font encoding PU
)
Package hyperref Info: Option `unicode' set `true' on input line 4072.
Package hyperref Info: Hyper figures OFF on input line 4201.
Package hyperref Info: Link nesting OFF on input line 4206.
Package hyperref Info: Hyper index ON on input line 4209.
Package hyperref Info: Plain pages OFF on input line 4216.
Package hyperref Info: Backreferencing OFF on input line 4221.
Package hyperref Info: Implicit mode ON; LaTeX internals redefined.
Package hyperref Info: Bookmarks ON on input line 4468.
\c@Hy@tempcnt=\count341
 (c:/texlive/2026/texmf-dist/tex/latex/url/url.sty
\Urlmuskip=\muskip18
Package: url 2013/09/16  ver 3.4  Verb mode for urls, etc.
)
LaTeX Info: Redefining \url on input line 4807.
\XeTeXLinkMargin=\dimen197
 (c:/texlive/2026/texmf-dist/tex/generic/bitset/bitset.sty
Package: bitset 2019/12/09 v1.3 Handle bit-vector datatype (HO)
 (c:/texlive/2026/texmf-dist/tex/generic/bigintcalc/bigintcalc.sty
Package: bigintcalc 2019/12/15 v1.5 Expandable calculations on big integers (HO)
))
\Fld@menulength=\count342
\Field@Width=\dimen198
\Fld@charsize=\dimen199
Package hyperref Info: Hyper figures OFF on input line 6084.
Package hyperref Info: Link nesting OFF on input line 6089.
Package hyperref Info: Hyper index ON on input line 6092.
Package hyperref Info: backreferencing OFF on input line 6099.
Package hyperref Info: Link coloring OFF on input line 6104.
Package hyperref Info: Link coloring with OCG OFF on input line 6109.
Package hyperref Info: PDF/A mode OFF on input line 6114.
\Hy@abspage=\count343
\c@Item=\count344
\c@Hfootnote=\count345
)
Package hyperref Info: Driver (autodetected): hpdftex.
 (c:/texlive/2026/texmf-dist/tex/latex/hyperref/hpdftex.def
File: hpdftex.def 2026-01-29 v7.01p Hyperref driver for pdfTeX
\Fld@listcount=\count346
\c@bookmark@seq@number=\count347
 (c:/texlive/2026/texmf-dist/tex/latex/rerunfilecheck/rerunfilecheck.sty
Package: rerunfilecheck 2025-06-21 v1.11 Rerun checks for auxiliary files (HO)
 (c:/texlive/2026/texmf-dist/tex/generic/uniquecounter/uniquecounter.sty
Package: uniquecounter 2019/12/15 v1.4 Provide unlimited unique counter (HO)
)
Package uniquecounter Info: New unique counter `rerunfilecheck' on input line 284.
)
\Hy@SectionHShift=\skip84
)
Package hyperref Info: Option `colorlinks' set `true' on input line 55.
 (c:/texlive/2026/texmf-dist/tex/latex/listings/listings.sty
\lst@mode=\count348
\lst@gtempboxa=\box66
\lst@token=\toks39
\lst@length=\count349
\lst@currlwidth=\dimen256
\lst@column=\count350
\lst@pos=\count351
\lst@lostspace=\dimen257
\lst@width=\dimen258
\lst@newlines=\count352
\lst@lineno=\count353
\lst@maxwidth=\dimen259
 (c:/texlive/2026/texmf-dist/tex/latex/listings/lstpatch.sty
File: lstpatch.sty 2025/11/14 1.11b (Carsten Heinz)
) (c:/texlive/2026/texmf-dist/tex/latex/listings/lstmisc.sty
File: lstmisc.sty 2025/11/14 1.11b (Carsten Heinz)
\c@lstnumber=\count354
\lst@skipnumbers=\count355
\lst@framebox=\box67
) (c:/texlive/2026/texmf-dist/tex/latex/listings/listings.cfg
File: listings.cfg 2025/11/14 1.11b listings configuration
))
Package: listings 2025/11/14 1.11b (Carsten Heinz)

==> First Aid for listings.sty no longer applied!
    Expected:
        2024/09/23 1.10c (Carsten Heinz)
    but found:
        2025/11/14 1.11b (Carsten Heinz)
    so I'm assuming it got fixed.
(c:/texlive/2026/texmf-dist/tex/latex/listings/lstlang1.sty
File: lstlang1.sty 2025/11/14 1.11b listings language file
) (c:/texlive/2026/texmf-dist/tex/latex/enumitem/enumitem.sty
Package: enumitem 2025/02/06 v3.11 Customized lists
\labelindent=\skip85
\enit@outerparindent=\dimen260
\enit@toks=\toks40
\enit@inbox=\box68
\enit@count@id=\count356
\enitdp@description=\count357
) (c:/texlive/2026/texmf-dist/tex/latex/makecell/makecell.sty
Package: makecell 2009/08/03 V0.1e Managing of Tab Column Heads and Cells
\rotheadsize=\dimen261
\c@nlinenum=\count358
\TeXr@lab=\toks41
) (c:/texlive/2026/texmf-dist/tex/latex/psnfss/pifont.sty
Package: pifont 2020/03/25 PSNFSS-v9.3 Pi font support (SPQR) 
LaTeX Font Info:    Trying to load font information for U+pzd on input line 63.
 (c:/texlive/2026/texmf-dist/tex/latex/psnfss/upzd.fd
File: upzd.fd 2001/06/04 font definitions for U/pzd.
)
LaTeX Font Info:    Trying to load font information for U+psy on input line 64.
 (c:/texlive/2026/texmf-dist/tex/latex/psnfss/upsy.fd
File: upsy.fd 2001/06/04 font definitions for U/psy.
)) (c:/texlive/2026/texmf-dist/tex/latex/titlesec/titlesec.sty
Package: titlesec 2025/01/04 v2.17 Sectioning titles
\ttl@box=\box69
\beforetitleunit=\skip86
\aftertitleunit=\skip87
\ttl@plus=\dimen262
\ttl@minus=\dimen263
\ttl@toksa=\toks42
\titlewidth=\dimen264
\titlewidthlast=\dimen265
\titlewidthfirst=\dimen266
) (c:/texlive/2026/texmf-dist/tex/latex/cjk/texinput/UTF8/UTF8.enc
File: UTF8.enc 2021/10/16 4.8.5
) (c:/texlive/2026/texmf-dist/tex/latex/cjk/texinput/UTF8/UTF8.chr
File: UTF8.chr 2021/10/16 4.8.5
) (./main.aux)
\openout1 = `main.aux'.

LaTeX Font Info:    Checking defaults for OML/cmm/m/it on input line 97.
LaTeX Font Info:    ... okay on input line 97.
LaTeX Font Info:    Checking defaults for OMS/cmsy/m/n on input line 97.
LaTeX Font Info:    ... okay on input line 97.
LaTeX Font Info:    Checking defaults for OT1/cmr/m/n on input line 97.
LaTeX Font Info:    ... okay on input line 97.
LaTeX Font Info:    Checking defaults for T1/cmr/m/n on input line 97.
LaTeX Font Info:    ... okay on input line 97.
LaTeX Font Info:    Checking defaults for TS1/cmr/m/n on input line 97.
LaTeX Font Info:    ... okay on input line 97.
LaTeX Font Info:    Checking defaults for OMX/cmex/m/n on input line 97.
LaTeX Font Info:    ... okay on input line 97.
LaTeX Font Info:    Checking defaults for U/cmr/m/n on input line 97.
LaTeX Font Info:    ... okay on input line 97.
LaTeX Font Info:    Checking defaults for C00/song/m/n on input line 97.
LaTeX Font Info:    ... okay on input line 97.
LaTeX Font Info:    Checking defaults for C05/song/m/n on input line 97.
LaTeX Font Info:    ... okay on input line 97.
LaTeX Font Info:    Checking defaults for C09/song/m/n on input line 97.
LaTeX Font Info:    ... okay on input line 97.
LaTeX Font Info:    Checking defaults for C10/song/m/n on input line 97.
LaTeX Font Info:    ... okay on input line 97.
LaTeX Font Info:    Checking defaults for C20/song/m/n on input line 97.
LaTeX Font Info:    ... okay on input line 97.
LaTeX Font Info:    Checking defaults for C19/song/m/n on input line 97.
LaTeX Font Info:    ... okay on input line 97.
LaTeX Font Info:    Checking defaults for C40/song/m/n on input line 97.
LaTeX Font Info:    ... okay on input line 97.
LaTeX Font Info:    Checking defaults for C42/song/m/n on input line 97.
LaTeX Font Info:    ... okay on input line 97.
LaTeX Font Info:    Checking defaults for C43/song/m/n on input line 97.
LaTeX Font Info:    ... okay on input line 97.
LaTeX Font Info:    Checking defaults for C50/song/m/n on input line 97.
LaTeX Font Info:    ... okay on input line 97.
LaTeX Font Info:    Checking defaults for C52/song/m/n on input line 97.
LaTeX Font Info:    ... okay on input line 97.
LaTeX Font Info:    Checking defaults for C49/song/m/n on input line 97.
LaTeX Font Info:    ... okay on input line 97.
LaTeX Font Info:    Checking defaults for C60/mj/m/n on input line 97.
LaTeX Font Info:    ... okay on input line 97.
LaTeX Font Info:    Checking defaults for C61/mj/m/n on input line 97.
LaTeX Font Info:    ... okay on input line 97.
LaTeX Font Info:    Checking defaults for C63/mj/m/n on input line 97.
LaTeX Font Info:    ... okay on input line 97.
LaTeX Font Info:    Checking defaults for C64/mj/m/n on input line 97.
LaTeX Font Info:    ... okay on input line 97.
LaTeX Font Info:    Checking defaults for C65/mj/m/n on input line 97.
LaTeX Font Info:    ... okay on input line 97.
LaTeX Font Info:    Checking defaults for C70/song/m/n on input line 97.
LaTeX Font Info:    ... okay on input line 97.
LaTeX Font Info:    Checking defaults for C31/song/m/n on input line 97.
LaTeX Font Info:    ... okay on input line 97.
LaTeX Font Info:    Checking defaults for C32/song/m/n on input line 97.
LaTeX Font Info:    ... okay on input line 97.
LaTeX Font Info:    Checking defaults for C33/song/m/n on input line 97.
LaTeX Font Info:    ... okay on input line 97.
LaTeX Font Info:    Checking defaults for C34/song/m/n on input line 97.
LaTeX Font Info:    ... okay on input line 97.
LaTeX Font Info:    Checking defaults for C35/song/m/n on input line 97.
LaTeX Font Info:    ... okay on input line 97.
LaTeX Font Info:    Checking defaults for C36/song/m/n on input line 97.
LaTeX Font Info:    ... okay on input line 97.
LaTeX Font Info:    Checking defaults for C37/song/m/n on input line 97.
LaTeX Font Info:    ... okay on input line 97.
LaTeX Font Info:    Checking defaults for C80/song/m/n on input line 97.
LaTeX Font Info:    ... okay on input line 97.
LaTeX Font Info:    Checking defaults for C81/song/m/n on input line 97.
LaTeX Font Info:    ... okay on input line 97.
LaTeX Font Info:    Checking defaults for C01/song/m/n on input line 97.
LaTeX Font Info:    ... okay on input line 97.
LaTeX Font Info:    Checking defaults for C11/song/m/n on input line 97.
LaTeX Font Info:    ... okay on input line 97.
LaTeX Font Info:    Checking defaults for C21/song/m/n on input line 97.
LaTeX Font Info:    ... okay on input line 97.
LaTeX Font Info:    Checking defaults for C41/song/m/n on input line 97.
LaTeX Font Info:    ... okay on input line 97.
LaTeX Font Info:    Checking defaults for C62/song/m/n on input line 97.
LaTeX Font Info:    ... okay on input line 97.
LaTeX Font Info:    Checking defaults for PD1/pdf/m/n on input line 97.
LaTeX Font Info:    ... okay on input line 97.
LaTeX Font Info:    Checking defaults for PU/pdf/m/n on input line 97.
LaTeX Font Info:    ... okay on input line 97.

*geometry* driver: auto-detecting
*geometry* detected driver: pdftex
*geometry* verbose mode - [ preamble ] result:
* driver: pdftex
* paper: a4paper
* layout: <same size as paper>
* layoutoffset:(h,v)=(0.0pt,0.0pt)
* modes: 
* h-part:(L,W,R)=(56.9055pt, 483.69687pt, 56.9055pt)
* v-part:(T,H,B)=(71.13188pt, 702.78308pt, 71.13188pt)
* \paperwidth=597.50787pt
* \paperheight=845.04684pt
* \textwidth=483.69687pt
* \textheight=702.78308pt
* \oddsidemargin=-15.36449pt
* \evensidemargin=-15.36449pt
* \topmargin=-38.1381pt
* \headheight=14.0pt
* \headsep=25.0pt
* \topskip=12.0pt
* \footskip=30.0pt
* \marginparwidth=35.0pt
* \marginparsep=10.0pt
* \columnsep=10.0pt
* \skip\footins=10.8pt plus 4.0pt minus 2.0pt
* \hoffset=0.0pt
* \voffset=0.0pt
* \mag=1000
* \@twocolumnfalse
* \@twosidefalse
* \@mparswitchfalse
* \@reversemarginfalse
* (1in=72.27pt=25.4mm, 1cm=28.453pt)

(c:/texlive/2026/texmf-dist/tex/context/base/mkii/supp-pdf.mkii
[Loading MPS to PDF converter (version 2006.09.02).]
\scratchcounter=\count359
\scratchdimen=\dimen267
\scratchbox=\box70
\nofMPsegments=\count360
\nofMParguments=\count361
\everyMPshowfont=\toks43
\MPscratchCnt=\count362
\MPscratchDim=\dimen268
\MPnumerator=\count363
\makeMPintoPDFobject=\count364
\everyMPtoPDFconversion=\toks44
) (c:/texlive/2026/texmf-dist/tex/latex/epstopdf-pkg/epstopdf-base.sty
Package: epstopdf-base 2020-01-24 v2.11 Base part for package epstopdf
Package epstopdf-base Info: Redefining graphics rule for `.eps' on input line 485.
 (c:/texlive/2026/texmf-dist/tex/latex/latexconfig/epstopdf-sys.cfg
File: epstopdf-sys.cfg 2010/07/13 v1.3 Configuration of (r)epstopdf for TeX Live
))
Package caption Info: Begin \AtBeginDocument code.
Package caption Info: float package is loaded.
Package caption Info: hyperref package is loaded.
Package caption Info: listings package is loaded.
Package caption Info: longtable package is loaded.
 (c:/texlive/2026/texmf-dist/tex/latex/caption/ltcaption.sty
Package: ltcaption 2021/01/08 v1.4c longtable captions (AR)
)
Package caption Info: End \AtBeginDocument code.
Package hyperref Info: Link coloring ON on input line 97.
\@outlinefile=\write3
\openout3 = `main.out'.

\c@lstlisting=\count365
LaTeX Font Info:    Trying to load font information for C70+zhhei on input line 103.
 (c:/texlive/2026/texmf-dist/tex/latex/zhmetrics/c70zhhei.fd
File: c70zhhei.fd 2009/09/23 4.8.2
)
LaTeX Font Info:    Trying to load font information for C70+zhsong on input line 114.
 (c:/texlive/2026/texmf-dist/tex/latex/zhmetrics/c70zhsong.fd
File: c70zhsong.fd 2009/09/23 4.8.2
)
Package CJKpunct Info: use punctuation spaces for family 'zhsong' with punctstyle (quanjiao) on input line 114.
LaTeX Font Info:    Trying to load font information for U+rsfs on input line 116.
 (c:/texlive/2026/texmf-dist/tex/latex/jknapltx/ursfs.fd
File: ursfs.fd 1998/03/24 rsfs font definition file (jk)
)
Overfull \hbox (9.32408pt too wide) in paragraph at lines 116--117
[]\C70/zhhei/m/n/12/94 � \C70/zhhei/m/n/12/5b � \C70/zhhei/m/n/12/95 � \C70/zhhei/m/n/12/98 � \C70/zhhei/m/n/12/4e ^^@|\C70/zhsong/m/n/12/ff ^^L| \C70/zhsong/m/n/12/67 , \C70/zhsong/m/n/12/65 � \C70/zhsong/m/n/12/5b � \OT1/cmr/m/n/12 49 \C70/zhsong/m/n/12/57 W \C70/zhsong/m/n/12/75 5 \C70/zhsong/m/n/12/6c ` \C70/zhsong/m/n/12/90 ^^P \C70/zhsong/m/n/12/75 5 \C70/zhsong/m/n/12/6c ` \C70/zhsong/m/n/12/62 g \C70/zhsong/m/n/12/88 L \OT1/cmr/m/n/12 Ham-pel/MAD \C70/zhsong/m/n/12/5f ^^B \C70/zhsong/m/n/12/5e 8 \C70/zhsong/m/n/12/68 � \C70/zhsong/m/n/12/6d K |\C70/zhsong/m/n/12/ff ^^H|$\OML/cmm/m/it/12 ^^[ \OT1/cmr/m/n/12 = 5\OML/cmm/m/it/12 :\OT1/cmr/m/n/12 0$|\C70/zhsong/m/n/12/ff 	| \C70/zhsong/m/n/12/4e ^^N \OT1/cmr/m/n/12 Savitzky-
 []

Package CJKpunct Info: use punctuation spaces for family 'zhhei' with punctstyle (quanjiao) on input line 118.
(c:/texlive/2026/texmf-dist/tex/generic/ctex/zhmap/ctex-zhmap-windows.tex
File: ctex-zhmap-windows.tex 2022/07/14 v2.5.10 Windows font map loader for pdfTeX and DVIPDFMx (CTEX)
{c:/texlive/2026/texmf-var/fonts/map/pdftex/updmap/pdftex.map}{UGBK.sfd}{Unicode.sfd}) [1

]

LaTeX Warning: Citation `ref12' on page 2 undefined on input line 136.


LaTeX Warning: Citation `ref13' on page 2 undefined on input line 136.


LaTeX Warning: Citation `ref8' on page 2 undefined on input line 138.

[2]
d:/huace/lunwen/main.tex:168: Missing endcsname inserted.
<to be read again> 
                   �
l.168 ...92\textwidth]{技术路线图_四问.png}
                                                  
The control sequence marked <to be read again> should
not appear between \csname and \endcsname.

d:/huace/lunwen/main.tex:168: Use of ??? doesn't match its definition.
<argument> ???  
                ! LaTeX Error: � invalid in file name. Lost: fi ��术路线�...
l.168 ...92\textwidth]{技术路线图_四问.png}
                                                  
If you say, e.g., `\def\a1{...}', then you must always
put `1' after `\a', since control sequence names are
made up of letters only. The macro here has not been
followed by the required stuff, so I'm ignoring it.

d:/huace/lunwen/main.tex:168: Missing endcsname inserted.
<to be read again> 
                   �
l.168 ...92\textwidth]{技术路线图_四问.png}
                                                  
The control sequence marked <to be read again> should
not appear between \csname and \endcsname.

d:/huace/lunwen/main.tex:168: Use of ??? doesn't match its definition.
<argument> ???  
                ! LaTeX Error: � invalid in file name. Lost: fi ��术路线�...
l.168 ...92\textwidth]{技术路线图_四问.png}
                                                  
If you say, e.g., `\def\a1{...}', then you must always
put `1' after `\a', since control sequence names are
made up of letters only. The macro here has not been
followed by the required stuff, so I'm ignoring it.

d:/huace/lunwen/main.tex:168: Missing endcsname inserted.
<to be read again> 
                   �
l.168 ...92\textwidth]{技术路线图_四问.png}
                                                  
The control sequence marked <to be read again> should
not appear between \csname and \endcsname.

d:/huace/lunwen/main.tex:168: Use of ??? doesn't match its definition.
<argument> ???  
                ! LaTeX Error: � invalid in file name. Lost: fi fi ��术路�...
l.168 ...92\textwidth]{技术路线图_四问.png}
                                                  
If you say, e.g., `\def\a1{...}', then you must always
put `1' after `\a', since control sequence names are
made up of letters only. The macro here has not been
followed by the required stuff, so I'm ignoring it.


d:/huace/lunwen/main.tex:168: LaTeX Error: File `技术路线图_四问.png' not found.

See the LaTeX manual or LaTeX Companion for explanation.
Type  H <return>  for immediate help.
 ...                                              
                                                  
l.168 ...92\textwidth]{技术路线图_四问.png}
                                                  
I could not locate the file with any of these extensions:
.pdf,.png,.jpg,.mps,.jpeg,.jbig2,.jb2,.PDF,.PNG,.JPG,.JPEG,.JBIG2,.JB2,.eps
Try typing  <return>  to proceed.
If that doesn't work, type  X <return>  to quit.

LaTeX Font Info:    Trying to load font information for C70+rm on input line 169.
(c:/texlive/2026/texmf-dist/tex/latex/ctex/fd/c70rm.fd
File: c70rm.fd 2022/07/14 v2.5.10 Chinese font definition (CTEX)
)

LaTeX Warning: Reference `fig:roadmap' on page 3 undefined on input line 173.

[3]
Package CJKpunct Info: use punctuation spaces for family 'rm' with punctstyle (quanjiao) on input line 207.


LaTeX Warning: Citation `ref2' on page 4 undefined on input line 235.

[4]

LaTeX Warning: Citation `ref2' on page 5 undefined on input line 241.

<./figures/fig01_raw_vs_cleaned_soh.png, id=226, 578.16pt x 325.215pt>
File: ./figures/fig01_raw_vs_cleaned_soh.png Graphic file (type png)
<use ./figures/fig01_raw_vs_cleaned_soh.png>
Package pdftex.def Info: ./figures/fig01_raw_vs_cleaned_soh.png  used on input line 245.
(pdftex.def)             Requested size: 445.00023pt x 250.3121pt.

LaTeX Warning: Reference `fig:q1_clean' on page 5 undefined on input line 250.


LaTeX Warning: Citation `ref3' on page 5 undefined on input line 254.

[5 <./figures/fig01_raw_vs_cleaned_soh.png>]
<./figures/fig02_strategy_soh_curves.png, id=242, 650.43pt x 361.35pt>
File: ./figures/fig02_strategy_soh_curves.png Graphic file (type png)
<use ./figures/fig02_strategy_soh_curves.png>
Package pdftex.def Info: ./figures/fig02_strategy_soh_curves.png  used on input line 258.
(pdftex.def)             Requested size: 445.00023pt x 247.22551pt.


LaTeX Warning: Reference `fig:q1_curves' on page 6 undefined on input line 263.

<./figures/fig04_nested_lobo_validation.png, id=243, 433.62pt x 433.62pt>
File: ./figures/fig04_nested_lobo_validation.png Graphic file (type png)
<use ./figures/fig04_nested_lobo_validation.png>
Package pdftex.def Info: ./figures/fig04_nested_lobo_validation.png  used on input line 277.
(pdftex.def)             Requested size: 445.00023pt x 445.02579pt.
[6 <./figures/fig02_strategy_soh_curves.png>]

LaTeX Warning: Reference `fig:q1_lobo' on page 7 undefined on input line 282.

<./figures/fig05_strategy_baseline_eol.png, id=253, 722.7pt x 361.35pt>
File: ./figures/fig05_strategy_baseline_eol.png Graphic file (type png)
<use ./figures/fig05_strategy_baseline_eol.png>
Package pdftex.def Info: ./figures/fig05_strategy_baseline_eol.png  used on input line 286.
(pdftex.def)             Requested size: 445.00023pt x 222.50186pt.
[7 <./figures/fig04_nested_lobo_validation.png>]

LaTeX Warning: Reference `fig:q1_eol' on page 8 undefined on input line 291.


Overfull \hbox (82.79121pt too wide) in paragraph at lines 291--292
[]\C70/rm/m/n/12/56 � [] \C70/rm/m/n/12/7e � \C70/rm/m/n/12/51 � \C70/rm/m/n/12/57 � \C70/rm/m/n/12/4e � \C70/zhsong/m/n/12/5e B \C70/zhsong/m/n/12/5f � \C70/zhsong/m/n/12/6a ! \C70/rm/m/n/12/57 � \C70/zhsong/m/n/12/76 � \C70/rm/m/n/12/54 ^^D \C70/rm/m/n/12/7b V \C70/rm/m/n/12/75 e \C70/rm/m/n/12/57 � \C70/rm/m/n/12/51 � \OT1/cmr/m/n/12 EOL \C70/rm/m/n/12/4f 0 \C70/rm/m/n/12/8b �|\C70/zhsong/m/n/12/30 ^^B| \C70/rm/m/n/12/95 ^^? \C70/rm/m/n/12/5b � \C70/rm/m/n/12/54 } \C70/rm/m/n/12/51 x \C70/rm/m/n/12/57 � \C70/rm/m/n/12/4e : $\OT1/cmr/m/n/12 4[]8\OML/cmm/m/it/12 C[]\OT1/cmr/m/n/12 80\OML/cmm/m/it/12 PER[]\OT1/cmr/m/n/12 4[]8\OML/cmm/m/it/12 C$[]\OT1/cmr/m/n/12 NEWSTRUCTURE
 []


Overfull \hbox (4.25003pt too wide) in paragraph at lines 291--292
|\C70/zhsong/m/n/12/ff ^^H|$\OML/cmm/m/it/12 r \OT1/cmr/m/n/12 = 1\OML/cmm/m/it/12 :\OT1/cmr/m/n/12 667 \OMS/cmsy/m/n/12 ^^B \OT1/cmr/m/n/12 10[]$/\C70/rm/m/n/12/57 ^^H|\C70/zhsong/m/n/12/ff ^^L| $\OML/cmm/m/it/12 T \OT1/cmr/m/n/12 = 11\OML/cmm/m/it/12 :\OT1/cmr/m/n/12 04$ min|\C70/zhsong/m/n/12/ff 	||^^L| \C70/zhsong/m/n/12/77 � \C70/rm/m/n/12/5b � \C70/rm/m/n/12/54 } \C70/rm/m/n/12/51 x \C70/rm/m/n/12/57 � \C70/rm/m/n/12/4e : $\OT1/cmr/m/n/12 3[]7\OML/cmm/m/it/12 C[]\OT1/cmr/m/n/12 31\OML/cmm/m/it/12 PER[]\OT1/cmr/m/n/12 5[]9\OML/cmm/m/it/12 C$[]\OT1/cmr/m/n/12 NEWSTRUCTURE
 []


LaTeX Warning: Citation `ref4' on page 8 undefined on input line 297.


LaTeX Warning: Citation `ref5' on page 8 undefined on input line 297.


LaTeX Warning: Citation `ref6' on page 8 undefined on input line 297.


LaTeX Warning: Citation `ref7' on page 8 undefined on input line 297.

<./figures/q2_fig01_policy_primary_auxiliary.png, id=263, 794.97pt x 650.43pt>
File: ./figures/q2_fig01_policy_primary_auxiliary.png Graphic file (type png)
<use ./figures/q2_fig01_policy_primary_auxiliary.png>
Package pdftex.def Info: ./figures/q2_fig01_policy_primary_auxiliary.png  used on input line 301.
(pdftex.def)             Requested size: 445.00023pt x 364.09937pt.
[8 <./figures/fig05_strategy_baseline_eol.png>]

LaTeX Warning: Reference `fig:q2_policy' on page 9 undefined on input line 306.

<./figures/q2_fig02_ad_design.png, id=273, 505.89pt x 361.35pt>
File: ./figures/q2_fig02_ad_design.png Graphic file (type png)
<use ./figures/q2_fig02_ad_design.png>
Package pdftex.def Info: ./figures/q2_fig02_ad_design.png  used on input line 320.
(pdftex.def)             Requested size: 445.00023pt x 317.86217pt.
[9 <./figures/q2_fig01_policy_primary_auxiliary.png>]

LaTeX Warning: Reference `fig:q2_ad' on page 10 undefined on input line 325.


LaTeX Warning: Citation `ref9' on page 10 undefined on input line 329.

<./figures/q2_fig03_parameter_coefficients.png, id=282, 505.89pt x 325.215pt>
File: ./figures/q2_fig03_parameter_coefficients.png Graphic file (type png)
<use ./figures/q2_fig03_parameter_coefficients.png>
Package pdftex.def Info: ./figures/q2_fig03_parameter_coefficients.png  used on input line 333.
(pdftex.def)             Requested size: 445.00023pt x 286.07594pt.
[10 <./figures/q2_fig02_ad_design.png>]

LaTeX Warning: Reference `fig:q2_coef' on page 11 undefined on input line 338.


LaTeX Warning: Citation `ref12' on page 11 undefined on input line 338.


LaTeX Warning: Citation `ref13' on page 11 undefined on input line 338.

<./figures/q2_fig05_soc_sensitivity.png, id=290, 722.7pt x 325.215pt>
File: ./figures/q2_fig05_soc_sensitivity.png Graphic file (type png)
<use ./figures/q2_fig05_soc_sensitivity.png>
Package pdftex.def Info: ./figures/q2_fig05_soc_sensitivity.png  used on input line 342.
(pdftex.def)             Requested size: 445.00023pt x 200.25166pt.

LaTeX Warning: Reference `fig:q2_soc' on page 11 undefined on input line 347.

[11 <./figures/q2_fig03_parameter_coefficients.png> <./figures/q2_fig05_soc_sensitivity.png>]

LaTeX Warning: Citation `ref11' on page 12 undefined on input line 359.


LaTeX Warning: Citation `ref10' on page 12 undefined on input line 359.

<./figures/fig05_ablation_rmse.png, id=302, 712.5822pt x 402.0621pt>
File: ./figures/fig05_ablation_rmse.png Graphic file (type png)
<use ./figures/fig05_ablation_rmse.png>
Package pdftex.def Info: ./figures/fig05_ablation_rmse.png  used on input line 367.
(pdftex.def)             Requested size: 445.00023pt x 251.08574pt.
[12]

LaTeX Warning: Reference `fig:q3_ablation' on page 13 undefined on input line 372.

<./figures/fig01_oof_actual_vs_predicted.png, id=314, 459.8781pt x 413.8662pt>
File: ./figures/fig01_oof_actual_vs_predicted.png Graphic file (type png)
<use ./figures/fig01_oof_actual_vs_predicted.png>
Package pdftex.def Info: ./figures/fig01_oof_actual_vs_predicted.png  used on input line 376.
(pdftex.def)             Requested size: 445.00023pt x 400.47719pt.
[13 <./figures/fig05_ablation_rmse.png>]

LaTeX Warning: Reference `fig:q3_oof' on page 14 undefined on input line 381.

<./figures/fig04_early_window_errors.png, id=323, 528.0528pt x 352.6776pt>
File: ./figures/fig04_early_window_errors.png Graphic file (type png)
<use ./figures/fig04_early_window_errors.png>
Package pdftex.def Info: ./figures/fig04_early_window_errors.png  used on input line 389.
(pdftex.def)             Requested size: 445.00023pt x 297.2158pt.
[14 <./figures/fig01_oof_actual_vs_predicted.png>]

LaTeX Warning: Reference `fig:q3_window' on page 15 undefined on input line 394.

<./figures/fig03_test_soh_trajectories.png, id=332, 1078.0275pt x 792.3201pt>
File: ./figures/fig03_test_soh_trajectories.png Graphic file (type png)
<use ./figures/fig03_test_soh_trajectories.png>
Package pdftex.def Info: ./figures/fig03_test_soh_trajectories.png  used on input line 398.
(pdftex.def)             Requested size: 445.00023pt x 327.06578pt.
[15 <./figures/fig04_early_window_errors.png>]

LaTeX Warning: Reference `fig:q3_traj' on page 16 undefined on input line 403.

<./figures/fig06_test_eol_comparison.png, id=339, 699.3327pt x 370.986pt>
File: ./figures/fig06_test_eol_comparison.png Graphic file (type png)
<use ./figures/fig06_test_eol_comparison.png>
Package pdftex.def Info: ./figures/fig06_test_eol_comparison.png  used on input line 407.
(pdftex.def)             Requested size: 445.00023pt x 236.07162pt.

LaTeX Warning: Reference `fig:q3_eol' on page 16 undefined on input line 412.

<./figures/fig07_lifetime_mean_ir_validation.png, id=340, 438.1971pt x 385.9218pt>
File: ./figures/fig07_lifetime_mean_ir_validation.png Graphic file (type png)
<use ./figures/fig07_lifetime_mean_ir_validation.png>
Package pdftex.def Info: ./figures/fig07_lifetime_mean_ir_validation.png  used on input line 416.
(pdftex.def)             Requested size: 445.00023pt x 391.91553pt.
[16 <./figures/fig03_test_soh_trajectories.png> <./figures/fig06_test_eol_comparison.png>]

LaTeX Warning: Reference `fig:q3_ir' on page 17 undefined on input line 421.

<./figures/q4_decision_flowchart.png, id=349, 936.98055pt x 568.7649pt>
File: ./figures/q4_decision_flowchart.png Graphic file (type png)
<use ./figures/q4_decision_flowchart.png>
Package pdftex.def Info: ./figures/q4_decision_flowchart.png  used on input line 431.
(pdftex.def)             Requested size: 445.00023pt x 270.12274pt.
[17 <./figures/fig07_lifetime_mean_ir_validation.png>]

LaTeX Warning: Reference `fig:q4_flow' on page 18 undefined on input line 436.


LaTeX Warning: Citation `ref9' on page 18 undefined on input line 440.


LaTeX Warning: Citation `ref14' on page 18 undefined on input line 440.

<./figures/Q4_Fig1_empirical_pareto.png, id=358, 1178.001pt x 513.34285pt>
File: ./figures/Q4_Fig1_empirical_pareto.png Graphic file (type png)
<use ./figures/Q4_Fig1_empirical_pareto.png>
Package pdftex.def Info: ./figures/Q4_Fig1_empirical_pareto.png  used on input line 444.
(pdftex.def)             Requested size: 445.00023pt x 193.92085pt.

LaTeX Warning: Reference `fig:q4_pareto' on page 18 undefined on input line 449.

[18 <./figures/q4_decision_flowchart.png> <./figures/Q4_Fig1_empirical_pareto.png>]

LaTeX Warning: Citation `ref15' on page 19 undefined on input line 459.

<./figures/Q4_Fig2_local_domain.png, id=369, 1001.61703pt x 440.847pt>
File: ./figures/Q4_Fig2_local_domain.png Graphic file (type png)
<use ./figures/Q4_Fig2_local_domain.png>
Package pdftex.def Info: ./figures/Q4_Fig2_local_domain.png  used on input line 463.
(pdftex.def)             Requested size: 445.00023pt x 195.8635pt.

LaTeX Warning: Reference `fig:q4_domain' on page 19 undefined on input line 468.

<./figures/q4_response_surface.png, id=370, 750.52396pt x 641.0349pt>
File: ./figures/q4_response_surface.png Graphic file (type png)
<use ./figures/q4_response_surface.png>
Package pdftex.def Info: ./figures/q4_response_surface.png  used on input line 472.
(pdftex.def)             Requested size: 445.00023pt x 380.08533pt.
[19 <./figures/Q4_Fig2_local_domain.png>]

LaTeX Warning: Reference `fig:q4_rs' on page 20 undefined on input line 477.

<./figures/Q4_Fig3_bootstrap_candidate_vs_reference.png, id=382, 930.25041pt x 368.35115pt>
File: ./figures/Q4_Fig3_bootstrap_candidate_vs_reference.png Graphic file (type png)
<use ./figures/Q4_Fig3_bootstrap_candidate_vs_reference.png>
Package pdftex.def Info: ./figures/Q4_Fig3_bootstrap_candidate_vs_reference.png  used on input line 485.
(pdftex.def)             Requested size: 445.00023pt x 176.21075pt.
[20 <./figures/q4_response_surface.png>]

LaTeX Warning: Reference `fig:q4_boot' on page 21 undefined on input line 490.

<./figures/Q4_Fig4_q3_future_consistency.png, id=391, 916.47394pt x 482.1764pt>
File: ./figures/Q4_Fig4_q3_future_consistency.png Graphic file (type png)
<use ./figures/Q4_Fig4_q3_future_consistency.png>
Package pdftex.def Info: ./figures/Q4_Fig4_q3_future_consistency.png  used on input line 498.
(pdftex.def)             Requested size: 445.00023pt x 234.12013pt.

LaTeX Warning: Reference `fig:q4_q3' on page 21 undefined on input line 503.

[21 <./figures/Q4_Fig3_bootstrap_candidate_vs_reference.png> <./figures/Q4_Fig4_q3_future_consistency.png>]
<./figures/q4_radar_comparison.png, id=403, 627.3036pt x 526.8483pt>
File: ./figures/q4_radar_comparison.png Graphic file (type png)
<use ./figures/q4_radar_comparison.png>
Package pdftex.def Info: ./figures/q4_radar_comparison.png  used on input line 511.
(pdftex.def)             Requested size: 445.00023pt x 373.74335pt.


LaTeX Warning: Reference `fig:q4_radar' on page 22 undefined on input line 516.


Overfull \hbox (69.2084pt too wide) in paragraph at lines 524--525
[]\C70/rm/m/n/12/5f ^^B \C70/rm/m/n/12/5e 8 \C70/rm/m/n/12/68 � \C70/rm/m/n/12/6d K \C70/rm/m/n/12/96 ^^H \C70/rm/m/n/12/50 < $\OML/cmm/m/it/12 ^^[$ \C70/rm/m/n/12/4e ^^N \C70/rm/m/n/12/5e B \C70/rm/m/n/12/5f � \C70/rm/m/n/12/8d w \C70/rm/m/n/12/7b � \C70/rm/m/n/12/57 ^^H \C70/rm/m/n/12/65 p $\OML/cmm/m/it/12 n[]$ \C70/rm/m/n/12/66 / \C70/rm/m/n/12/95 � \C70/rm/m/n/12/98 � \C70/rm/m/n/12/4e ^^@ \C70/rm/m/n/12/76 � \C70/rm/m/n/12/4e $ * \C70/rm/m/n/12/51 s \C70/rm/m/n/12/95 . \C70/rm/m/n/12/8d � \C70/rm/m/n/12/53 � \C70/rm/m/n/12/65 p|\C70/zhsong/m/n/12/30 ^^B| \C70/rm/m/n/12/67 , \C70/rm/m/n/12/65 � \C70/rm/m/n/12/57 ( $\OML/cmm/m/it/12 ^^[ \OMS/cmsy/m/n/12 2 f\OT1/cmr/m/n/12 3\OML/cmm/m/it/12 :\OT1/cmr/m/n/12 5\OML/cmm/m/it/12 ; \OT1/cmr/m/n/12 4\OML/cmm/m/it/12 :\OT1/cmr/m/n/12 0\OML/cmm/m/it/12 ; \OT1/cmr/m/n/12 4\OML/cmm/m/it/12 :\OT1/cmr/m/n/12 5\OML/cmm/m/it/12 ; \OT1/cmr/m/n/12 5\OML/cmm/m/it/12 :\OT1/cmr/m/n/12 0\OML/cmm/m/it/12 ; \OT1/cmr/m/n/12 5\OML/cmm/m/it/12 :\OT1/cmr/m/n/12 5\OML/cmm/m/it/12 ; \OT1/cmr/m/n/12 6\OML/cmm/m/it/12 :\OT1/cmr/m/n/12 0\OMS/cmsy/m/n/12 g$
 []

[22 <./figures/q4_radar_comparison.png>] [23]

LaTeX Warning: Citation `ref16' on page 24 undefined on input line 550.


LaTeX Warning: Citation `ref17' on page 24 undefined on input line 550.

[24] [25]
LaTeX Font Info:    Font shape `OT1/cmtt/bx/n' in size <12> not available
(Font)              Font shape `OT1/cmtt/m/n' tried instead on input line 642.
Package hyperref Info: bookmark level for unknown lstlisting defaults to 0 on input line 644.
LaTeX Font Info:    Font shape `OT1/cmtt/bx/n' in size <10> not available
(Font)              Font shape `OT1/cmtt/m/n' tried instead on input line 645.
 [26] [27]
d:/huace/lunwen/main.tex:723: Improper alphabetic constant.
<to be read again> 
                   \expandafter 
l.723     print(f"A级主推荐:
                                 5_3C_54PER_4C  P_Pareto={pareto_freq['5_3C_...
A one-character control sequence belongs after a ` mark.
So I'm essentially inserting \0 here.

d:/huace/lunwen/main.tex:723: Improper alphabetic constant.
<to be read again> 
                   \lst@FillFixed@ 
l.723     print(f"A级主推荐:
                                 5_3C_54PER_4C  P_Pareto={pareto_freq['5_3C_...
A one-character control sequence belongs after a ` mark.
So I'm essentially inserting \0 here.

d:/huace/lunwen/main.tex:723: Argument of \lst@FillFixed@ has an extra }.
<inserted text> 
                \par 
l.723     print(f"A级主推荐:
                                 5_3C_54PER_4C  P_Pareto={pareto_freq['5_3C_...
I've run across a `}' that doesn't seem to match anything.
For example, `\def\a#1{...}' and `\a}' would produce
this error. If you simply proceed now, the `\par' that
I've just inserted will cause me to report a runaway
argument that might be the root of the problem. But if
your `}' was spurious, just type `2' and it will go away.

Runaway argument?
d:/huace/lunwen/main.tex:723: Paragraph ended before \lst@FillFixed@ was complete.
<to be read again> 
                   \par 
l.723     print(f"A级主推荐:
                                 5_3C_54PER_4C  P_Pareto={pareto_freq['5_3C_...
I suspect you've forgotten a `}', causing me to apply this
control sequence to too much text. How can we recover?
My plan is to forget the whole thing and hope for the best.

Runaway argument?
{48
d:/huace/lunwen/main.tex:723: Paragraph ended before \CJK@231 was complete.
<to be read again> 
                   \par 
l.723     print(f"A级主推荐:
                                 5_3C_54PER_4C  P_Pareto={pareto_freq['5_3C_...
I suspect you've forgotten a `}', causing me to apply this
control sequence to too much text. How can we recover?
My plan is to forget the whole thing and hope for the best.

Missing character: There is no � in font cmtt10!
Missing character: There is no � in font cmtt10!
d:/huace/lunwen/main.tex:723: Improper alphabetic constant.
<to be read again> 
                   \lst@EC� 
l.723     print(f"A级主推荐:
                                 5_3C_54PER_4C  P_Pareto={pareto_freq['5_3C_...
A one-character control sequence belongs after a ` mark.
So I'm essentially inserting \0 here.

d:/huace/lunwen/main.tex:723: Improper alphabetic constant.
<to be read again> 
                   \lst@EC� 
l.723     print(f"A级主推荐:
                                 5_3C_54PER_4C  P_Pareto={pareto_freq['5_3C_...
A one-character control sequence belongs after a ` mark.
So I'm essentially inserting \0 here.

d:/huace/lunwen/main.tex:723: Missing = inserted for \ifnum.
<to be read again> 
                   �
l.723     print(f"A级主推荐:
                                 5_3C_54PER_4C  P_Pareto={pareto_freq['5_3C_...
I was expecting to see `<', `=', or `>'. Didn't.

d:/huace/lunwen/main.tex:723: Missing number, treated as zero.
<to be read again> 
                   �
l.723     print(f"A级主推荐:
                                 5_3C_54PER_4C  P_Pareto={pareto_freq['5_3C_...
A number should have been here; I inserted `0'.
(If you can't figure out why I needed to see a number,
look up `weird error' in the index to The TeXbook.)

d:/huace/lunwen/main.tex:723: Missing = inserted for \ifnum.
<to be read again> 
                   �
l.723     print(f"A级主推荐:
                                 5_3C_54PER_4C  P_Pareto={pareto_freq['5_3C_...
I was expecting to see `<', `=', or `>'. Didn't.

d:/huace/lunwen/main.tex:723: Missing number, treated as zero.
<to be read again> 
                   �
l.723     print(f"A级主推荐:
                                 5_3C_54PER_4C  P_Pareto={pareto_freq['5_3C_...
A number should have been here; I inserted `0'.
(If you can't figure out why I needed to see a number,
look up `weird error' in the index to The TeXbook.)

d:/huace/lunwen/main.tex:723: Missing = inserted for \ifnum.
<to be read again> 
                   �
l.723     print(f"A级主推荐:
                                 5_3C_54PER_4C  P_Pareto={pareto_freq['5_3C_...
I was expecting to see `<', `=', or `>'. Didn't.

d:/huace/lunwen/main.tex:723: Missing number, treated as zero.
<to be read again> 
                   �
l.723     print(f"A级主推荐:
                                 5_3C_54PER_4C  P_Pareto={pareto_freq['5_3C_...
A number should have been here; I inserted `0'.
(If you can't figure out why I needed to see a number,
look up `weird error' in the index to The TeXbook.)

d:/huace/lunwen/main.tex:723: Missing = inserted for \ifnum.
<to be read again> 
                   �
l.723     print(f"A级主推荐:
                                 5_3C_54PER_4C  P_Pareto={pareto_freq['5_3C_...
I was expecting to see `<', `=', or `>'. Didn't.

d:/huace/lunwen/main.tex:723: Missing number, treated as zero.
<to be read again> 
                   �
l.723     print(f"A级主推荐:
                                 5_3C_54PER_4C  P_Pareto={pareto_freq['5_3C_...
A number should have been here; I inserted `0'.
(If you can't figure out why I needed to see a number,
look up `weird error' in the index to The TeXbook.)

Missing character: There is no � in font cmtt10!
Missing character: There is no � in font cmtt10!
Missing character: There is no � in font cmtt10!
LaTeX Font Info:    Trying to load font information for C70+zhfs on input line 723.
(c:/texlive/2026/texmf-dist/tex/latex/zhmetrics/c70zhfs.fd
File: c70zhfs.fd 2009/09/23 4.8.2
)
d:/huace/lunwen/main.tex:723: Bad character code (-80).
<argument> \@tempcnta 
                      
l.723     print(f"A级主推荐:
                                 5_3C_54PER_4C  P_Pareto={pareto_freq['5_3C_...
A character number must be between 0 and 255.
I changed this one to zero.

d:/huace/lunwen/main.tex:723: Improper alphabetic constant.
<to be read again> 
                   \lst@EC� 
l.723     print(f"A级主推荐:
                                 5_3C_54PER_4C  P_Pareto={pareto_freq['5_3C_...
A one-character control sequence belongs after a ` mark.
So I'm essentially inserting \0 here.

d:/huace/lunwen/main.tex:723: Improper alphabetic constant.
<to be read again> 
                   \lst@EC� 
l.723     print(f"A级主推荐:
                                 5_3C_54PER_4C  P_Pareto={pareto_freq['5_3C_...
A one-character control sequence belongs after a ` mark.
So I'm essentially inserting \0 here.

d:/huace/lunwen/main.tex:723: Missing = inserted for \ifnum.
<to be read again> 
                   �
l.723     print(f"A级主推荐:
                                 5_3C_54PER_4C  P_Pareto={pareto_freq['5_3C_...
I was expecting to see `<', `=', or `>'. Didn't.

d:/huace/lunwen/main.tex:723: Missing number, treated as zero.
<to be read again> 
                   �
l.723     print(f"A级主推荐:
                                 5_3C_54PER_4C  P_Pareto={pareto_freq['5_3C_...
A number should have been here; I inserted `0'.
(If you can't figure out why I needed to see a number,
look up `weird error' in the index to The TeXbook.)

d:/huace/lunwen/main.tex:723: Missing = inserted for \ifnum.
<to be read again> 
                   �
l.723     print(f"A级主推荐:
                                 5_3C_54PER_4C  P_Pareto={pareto_freq['5_3C_...
I was expecting to see `<', `=', or `>'. Didn't.

d:/huace/lunwen/main.tex:723: Missing number, treated as zero.
<to be read again> 
                   �
l.723     print(f"A级主推荐:
                                 5_3C_54PER_4C  P_Pareto={pareto_freq['5_3C_...
A number should have been here; I inserted `0'.
(If you can't figure out why I needed to see a number,
look up `weird error' in the index to The TeXbook.)

d:/huace/lunwen/main.tex:723: Missing = inserted for \ifnum.
<to be read again> 
                   �
l.723     print(f"A级主推荐:
                                 5_3C_54PER_4C  P_Pareto={pareto_freq['5_3C_...
I was expecting to see `<', `=', or `>'. Didn't.

d:/huace/lunwen/main.tex:723: Missing number, treated as zero.
<to be read again> 
                   �
l.723     print(f"A级主推荐:
                                 5_3C_54PER_4C  P_Pareto={pareto_freq['5_3C_...
A number should have been here; I inserted `0'.
(If you can't figure out why I needed to see a number,
look up `weird error' in the index to The TeXbook.)

d:/huace/lunwen/main.tex:723: Missing = inserted for \ifnum.
<to be read again> 
                   �
l.723     print(f"A级主推荐:
                                 5_3C_54PER_4C  P_Pareto={pareto_freq['5_3C_...
I was expecting to see `<', `=', or `>'. Didn't.

d:/huace/lunwen/main.tex:723: Missing number, treated as zero.
<to be read again> 
                   �
l.723     print(f"A级主推荐:
                                 5_3C_54PER_4C  P_Pareto={pareto_freq['5_3C_...
A number should have been here; I inserted `0'.
(If you can't figure out why I needed to see a number,
look up `weird error' in the index to The TeXbook.)

Missing character: There is no � in font cmtt10!
Missing character: There is no � in font cmtt10!
Missing character: There is no � in font cmtt10!
d:/huace/lunwen/main.tex:723: Bad character code (-80).
<argument> \@tempcnta 
                      
l.723     print(f"A级主推荐:
                                 5_3C_54PER_4C  P_Pareto={pareto_freq['5_3C_...
A character number must be between 0 and 255.
I changed this one to zero.

d:/huace/lunwen/main.tex:723: Improper alphabetic constant.
<to be read again> 
                   \lst@EC� 
l.723     print(f"A级主推荐:
                                 5_3C_54PER_4C  P_Pareto={pareto_freq['5_3C_...
A one-character control sequence belongs after a ` mark.
So I'm essentially inserting \0 here.

d:/huace/lunwen/main.tex:723: Improper alphabetic constant.
<to be read again> 
                   \lst@EC� 
l.723     print(f"A级主推荐:
                                 5_3C_54PER_4C  P_Pareto={pareto_freq['5_3C_...
A one-character control sequence belongs after a ` mark.
So I'm essentially inserting \0 here.

d:/huace/lunwen/main.tex:723: Missing = inserted for \ifnum.
<to be read again> 
                   �
l.723     print(f"A级主推荐:
                                 5_3C_54PER_4C  P_Pareto={pareto_freq['5_3C_...
I was expecting to see `<', `=', or `>'. Didn't.

d:/huace/lunwen/main.tex:723: Missing number, treated as zero.
<to be read again> 
                   �
l.723     print(f"A级主推荐:
                                 5_3C_54PER_4C  P_Pareto={pareto_freq['5_3C_...
A number should have been here; I inserted `0'.
(If you can't figure out why I needed to see a number,
look up `weird error' in the index to The TeXbook.)

d:/huace/lunwen/main.tex:723: Missing = inserted for \ifnum.
<to be read again> 
                   �
l.723     print(f"A级主推荐:
                                 5_3C_54PER_4C  P_Pareto={pareto_freq['5_3C_...
I was expecting to see `<', `=', or `>'. Didn't.

d:/huace/lunwen/main.tex:723: Missing number, treated as zero.
<to be read again> 
                   �
l.723     print(f"A级主推荐:
                                 5_3C_54PER_4C  P_Pareto={pareto_freq['5_3C_...
A number should have been here; I inserted `0'.
(If you can't figure out why I needed to see a number,
look up `weird error' in the index to The TeXbook.)

d:/huace/lunwen/main.tex:723: Missing = inserted for \ifnum.
<to be read again> 
                   �
l.723     print(f"A级主推荐:
                                 5_3C_54PER_4C  P_Pareto={pareto_freq['5_3C_...
I was expecting to see `<', `=', or `>'. Didn't.

d:/huace/lunwen/main.tex:723: Missing number, treated as zero.
<to be read again> 
                   �
l.723     print(f"A级主推荐:
                                 5_3C_54PER_4C  P_Pareto={pareto_freq['5_3C_...
A number should have been here; I inserted `0'.
(If you can't figure out why I needed to see a number,
look up `weird error' in the index to The TeXbook.)

d:/huace/lunwen/main.tex:723: Missing = inserted for \ifnum.
<to be read again> 
                   �
l.723     print(f"A级主推荐:
                                 5_3C_54PER_4C  P_Pareto={pareto_freq['5_3C_...
I was expecting to see `<', `=', or `>'. Didn't.

d:/huace/lunwen/main.tex:723: Missing number, treated as zero.
<to be read again> 
                   �
l.723     print(f"A级主推荐:
                                 5_3C_54PER_4C  P_Pareto={pareto_freq['5_3C_...
A number should have been here; I inserted `0'.
(If you can't figure out why I needed to see a number,
look up `weird error' in the index to The TeXbook.)

Missing character: There is no � in font cmtt10!
Missing character: There is no � in font cmtt10!
Missing character: There is no � in font cmtt10!
d:/huace/lunwen/main.tex:723: Bad character code (-80).
<argument> \@tempcnta 
                      
l.723     print(f"A级主推荐:
                                 5_3C_54PER_4C  P_Pareto={pareto_freq['5_3C_...
A character number must be between 0 and 255.
I changed this one to zero.

d:/huace/lunwen/main.tex:724: Infinite glue shrinkage found in a paragraph.
<argument> ...hskip:D \c_zero_dim \fi: \tex_par:D 
                                                  \hook_use:n {para/after}\@...
l.724  
          print(f"B级工程候选: ({c1:.2f}C, {q1*100:.1f}%, {c2:.2f}C)  Q...
The paragraph just ended includes some glue that has
infinite shrinkability, e.g., `\hskip 0pt minus 1fil'.
Such glue doesn't belong there---it allows a paragraph
of any length to fit on one line. But it's safe to proceed,
since the offensive shrinkability has been made finite.

d:/huace/lunwen/main.tex:724: Improper alphabetic constant.
<to be read again> 
                   \expandafter 
l.724     print(f"B级工程候选:
                                    ({c1:.2f}C, {q1*100:.1f}%, {c2:.2f}C)  Q...
A one-character control sequence belongs after a ` mark.
So I'm essentially inserting \0 here.

d:/huace/lunwen/main.tex:724: Improper alphabetic constant.
<to be read again> 
                   \lst@FillFixed@ 
l.724     print(f"B级工程候选:
                                    ({c1:.2f}C, {q1*100:.1f}%, {c2:.2f}C)  Q...
A one-character control sequence belongs after a ` mark.
So I'm essentially inserting \0 here.

d:/huace/lunwen/main.tex:724: Argument of \lst@FillFixed@ has an extra }.
<inserted text> 
                \par 
l.724     print(f"B级工程候选:
                                    ({c1:.2f}C, {q1*100:.1f}%, {c2:.2f}C)  Q...
I've run across a `}' that doesn't seem to match anything.
For example, `\def\a#1{...}' and `\a}' would produce
this error. If you simply proceed now, the `\par' that
I've just inserted will cause me to report a runaway
argument that might be the root of the problem. But if
your `}' was spurious, just type `2' and it will go away.

Runaway argument?
d:/huace/lunwen/main.tex:724: Paragraph ended before \lst@FillFixed@ was complete.
<to be read again> 
                   \par 
l.724     print(f"B级工程候选:
                                    ({c1:.2f}C, {q1*100:.1f}%, {c2:.2f}C)  Q...
I suspect you've forgotten a `}', causing me to apply this
control sequence to too much text. How can we recover?
My plan is to forget the whole thing and hope for the best.

Runaway argument?
{48
d:/huace/lunwen/main.tex:724: Paragraph ended before \CJK@231 was complete.
<to be read again> 
                   \par 
l.724     print(f"B级工程候选:
                                    ({c1:.2f}C, {q1*100:.1f}%, {c2:.2f}C)  Q...
I suspect you've forgotten a `}', causing me to apply this
control sequence to too much text. How can we recover?
My plan is to forget the whole thing and hope for the best.

Missing character: There is no � in font cmtt10!
Missing character: There is no � in font cmtt10!
d:/huace/lunwen/main.tex:724: Improper alphabetic constant.
<to be read again> 
                   \lst@EC� 
l.724     print(f"B级工程候选:
                                    ({c1:.2f}C, {q1*100:.1f}%, {c2:.2f}C)  Q...
A one-character control sequence belongs after a ` mark.
So I'm essentially inserting \0 here.

d:/huace/lunwen/main.tex:724: Improper alphabetic constant.
<to be read again> 
                   \lst@EC� 
l.724     print(f"B级工程候选:
                                    ({c1:.2f}C, {q1*100:.1f}%, {c2:.2f}C)  Q...
A one-character control sequence belongs after a ` mark.
So I'm essentially inserting \0 here.

d:/huace/lunwen/main.tex:724: Missing = inserted for \ifnum.
<to be read again> 
                   �
l.724     print(f"B级工程候选:
                                    ({c1:.2f}C, {q1*100:.1f}%, {c2:.2f}C)  Q...
I was expecting to see `<', `=', or `>'. Didn't.

d:/huace/lunwen/main.tex:724: Missing number, treated as zero.
<to be read again> 
                   �
l.724     print(f"B级工程候选:
                                    ({c1:.2f}C, {q1*100:.1f}%, {c2:.2f}C)  Q...
A number should have been here; I inserted `0'.
(If you can't figure out why I needed to see a number,
look up `weird error' in the index to The TeXbook.)

d:/huace/lunwen/main.tex:724: Missing = inserted for \ifnum.
<to be read again> 
                   �
l.724     print(f"B级工程候选:
                                    ({c1:.2f}C, {q1*100:.1f}%, {c2:.2f}C)  Q...
I was expecting to see `<', `=', or `>'. Didn't.

d:/huace/lunwen/main.tex:724: Missing number, treated as zero.
<to be read again> 
                   �
l.724     print(f"B级工程候选:
                                    ({c1:.2f}C, {q1*100:.1f}%, {c2:.2f}C)  Q...
A number should have been here; I inserted `0'.
(If you can't figure out why I needed to see a number,
look up `weird error' in the index to The TeXbook.)

d:/huace/lunwen/main.tex:724: Missing = inserted for \ifnum.
<to be read again> 
                   �
l.724     print(f"B级工程候选:
                                    ({c1:.2f}C, {q1*100:.1f}%, {c2:.2f}C)  Q...
I was expecting to see `<', `=', or `>'. Didn't.

d:/huace/lunwen/main.tex:724: Missing number, treated as zero.
<to be read again> 
                   �
l.724     print(f"B级工程候选:
                                    ({c1:.2f}C, {q1*100:.1f}%, {c2:.2f}C)  Q...
A number should have been here; I inserted `0'.
(If you can't figure out why I needed to see a number,
look up `weird error' in the index to The TeXbook.)

d:/huace/lunwen/main.tex:724: Missing = inserted for \ifnum.
<to be read again> 
                   �
l.724     print(f"B级工程候选:
                                    ({c1:.2f}C, {q1*100:.1f}%, {c2:.2f}C)  Q...
I was expecting to see `<', `=', or `>'. Didn't.

d:/huace/lunwen/main.tex:724: Missing number, treated as zero.
<to be read again> 
                   �
l.724     print(f"B级工程候选:
                                    ({c1:.2f}C, {q1*100:.1f}%, {c2:.2f}C)  Q...
A number should have been here; I inserted `0'.
(If you can't figure out why I needed to see a number,
look up `weird error' in the index to The TeXbook.)

Missing character: There is no � in font cmtt10!
Missing character: There is no � in font cmtt10!
Missing character: There is no � in font cmtt10!
d:/huace/lunwen/main.tex:724: Bad character code (-80).
<argument> \@tempcnta 
                      
l.724     print(f"B级工程候选:
                                    ({c1:.2f}C, {q1*100:.1f}%, {c2:.2f}C)  Q...
A character number must be between 0 and 255.
I changed this one to zero.

d:/huace/lunwen/main.tex:724: Improper alphabetic constant.
<to be read again> 
                   \lst@EC� 
l.724     print(f"B级工程候选:
                                    ({c1:.2f}C, {q1*100:.1f}%, {c2:.2f}C)  Q...
A one-character control sequence belongs after a ` mark.
So I'm essentially inserting \0 here.

d:/huace/lunwen/main.tex:724: Improper alphabetic constant.
<to be read again> 
                   \lst@EC� 
l.724     print(f"B级工程候选:
                                    ({c1:.2f}C, {q1*100:.1f}%, {c2:.2f}C)  Q...
A one-character control sequence belongs after a ` mark.
So I'm essentially inserting \0 here.

d:/huace/lunwen/main.tex:724: Missing = inserted for \ifnum.
<to be read again> 
                   �
l.724     print(f"B级工程候选:
                                    ({c1:.2f}C, {q1*100:.1f}%, {c2:.2f}C)  Q...
I was expecting to see `<', `=', or `>'. Didn't.

d:/huace/lunwen/main.tex:724: Missing number, treated as zero.
<to be read again> 
                   �
l.724     print(f"B级工程候选:
                                    ({c1:.2f}C, {q1*100:.1f}%, {c2:.2f}C)  Q...
A number should have been here; I inserted `0'.
(If you can't figure out why I needed to see a number,
look up `weird error' in the index to The TeXbook.)

d:/huace/lunwen/main.tex:724: Missing = inserted for \ifnum.
<to be read again> 
                   �
l.724     print(f"B级工程候选:
                                    ({c1:.2f}C, {q1*100:.1f}%, {c2:.2f}C)  Q...
I was expecting to see `<', `=', or `>'. Didn't.

d:/huace/lunwen/main.tex:724: Missing number, treated as zero.
<to be read again> 
                   �
l.724     print(f"B级工程候选:
                                    ({c1:.2f}C, {q1*100:.1f}%, {c2:.2f}C)  Q...
A number should have been here; I inserted `0'.
(If you can't figure out why I needed to see a number,
look up `weird error' in the index to The TeXbook.)

d:/huace/lunwen/main.tex:724: Missing = inserted for \ifnum.
<to be read again> 
                   �
l.724     print(f"B级工程候选:
                                    ({c1:.2f}C, {q1*100:.1f}%, {c2:.2f}C)  Q...
I was expecting to see `<', `=', or `>'. Didn't.

d:/huace/lunwen/main.tex:724: Missing number, treated as zero.
<to be read again> 
                   �
l.724     print(f"B级工程候选:
                                    ({c1:.2f}C, {q1*100:.1f}%, {c2:.2f}C)  Q...
A number should have been here; I inserted `0'.
(If you can't figure out why I needed to see a number,
look up `weird error' in the index to The TeXbook.)

d:/huace/lunwen/main.tex:724: Missing = inserted for \ifnum.
<to be read again> 
                   �
l.724     print(f"B级工程候选:
                                    ({c1:.2f}C, {q1*100:.1f}%, {c2:.2f}C)  Q...
I was expecting to see `<', `=', or `>'. Didn't.

d:/huace/lunwen/main.tex:724: Missing number, treated as zero.
<to be read again> 
                   �
l.724     print(f"B级工程候选:
                                    ({c1:.2f}C, {q1*100:.1f}%, {c2:.2f}C)  Q...
A number should have been here; I inserted `0'.
(If you can't figure out why I needed to see a number,
look up `weird error' in the index to The TeXbook.)

Missing character: There is no � in font cmtt10!
Missing character: There is no � in font cmtt10!
Missing character: There is no � in font cmtt10!
d:/huace/lunwen/main.tex:724: Bad character code (-80).
<argument> \@tempcnta 
                      
l.724     print(f"B级工程候选:
                                    ({c1:.2f}C, {q1*100:.1f}%, {c2:.2f}C)  Q...
A character number must be between 0 and 255.
I changed this one to zero.

d:/huace/lunwen/main.tex:724: Improper alphabetic constant.
<to be read again> 
                   \lst@EC� 
l.724     print(f"B级工程候选:
                                    ({c1:.2f}C, {q1*100:.1f}%, {c2:.2f}C)  Q...
A one-character control sequence belongs after a ` mark.
So I'm essentially inserting \0 here.

d:/huace/lunwen/main.tex:724: Improper alphabetic constant.
<to be read again> 
                   \lst@EC� 
l.724     print(f"B级工程候选:
                                    ({c1:.2f}C, {q1*100:.1f}%, {c2:.2f}C)  Q...
A one-character control sequence belongs after a ` mark.
So I'm essentially inserting \0 here.

d:/huace/lunwen/main.tex:724: Missing = inserted for \ifnum.
<to be read again> 
                   �
l.724     print(f"B级工程候选:
                                    ({c1:.2f}C, {q1*100:.1f}%, {c2:.2f}C)  Q...
I was expecting to see `<', `=', or `>'. Didn't.

d:/huace/lunwen/main.tex:724: Missing number, treated as zero.
<to be read again> 
                   �
l.724     print(f"B级工程候选:
                                    ({c1:.2f}C, {q1*100:.1f}%, {c2:.2f}C)  Q...
A number should have been here; I inserted `0'.
(If you can't figure out why I needed to see a number,
look up `weird error' in the index to The TeXbook.)

d:/huace/lunwen/main.tex:724: Missing = inserted for \ifnum.
<to be read again> 
                   �
l.724     print(f"B级工程候选:
                                    ({c1:.2f}C, {q1*100:.1f}%, {c2:.2f}C)  Q...
I was expecting to see `<', `=', or `>'. Didn't.

d:/huace/lunwen/main.tex:724: Missing number, treated as zero.
<to be read again> 
                   �
l.724     print(f"B级工程候选:
                                    ({c1:.2f}C, {q1*100:.1f}%, {c2:.2f}C)  Q...
A number should have been here; I inserted `0'.
(If you can't figure out why I needed to see a number,
look up `weird error' in the index to The TeXbook.)

d:/huace/lunwen/main.tex:724: Missing = inserted for \ifnum.
<to be read again> 
                   �
l.724     print(f"B级工程候选:
                                    ({c1:.2f}C, {q1*100:.1f}%, {c2:.2f}C)  Q...
I was expecting to see `<', `=', or `>'. Didn't.

d:/huace/lunwen/main.tex:724: Missing number, treated as zero.
<to be read again> 
                   �
l.724     print(f"B级工程候选:
                                    ({c1:.2f}C, {q1*100:.1f}%, {c2:.2f}C)  Q...
A number should have been here; I inserted `0'.
(If you can't figure out why I needed to see a number,
look up `weird error' in the index to The TeXbook.)

d:/huace/lunwen/main.tex:724: Missing = inserted for \ifnum.
<to be read again> 
                   �
l.724     print(f"B级工程候选:
                                    ({c1:.2f}C, {q1*100:.1f}%, {c2:.2f}C)  Q...
I was expecting to see `<', `=', or `>'. Didn't.

d:/huace/lunwen/main.tex:724: Missing number, treated as zero.
<to be read again> 
                   �
l.724     print(f"B级工程候选:
                                    ({c1:.2f}C, {q1*100:.1f}%, {c2:.2f}C)  Q...
A number should have been here; I inserted `0'.
(If you can't figure out why I needed to see a number,
look up `weird error' in the index to The TeXbook.)

Missing character: There is no � in font cmtt10!
Missing character: There is no � in font cmtt10!
Missing character: There is no � in font cmtt10!
d:/huace/lunwen/main.tex:724: Bad character code (-80).
<argument> \@tempcnta 
                      
l.724     print(f"B级工程候选:
                                    ({c1:.2f}C, {q1*100:.1f}%, {c2:.2f}C)  Q...
A character number must be between 0 and 255.
I changed this one to zero.

d:/huace/lunwen/main.tex:724: Improper alphabetic constant.
<to be read again> 
                   \lst@EC� 
l.724     print(f"B级工程候选:
                                    ({c1:.2f}C, {q1*100:.1f}%, {c2:.2f}C)  Q...
A one-character control sequence belongs after a ` mark.
So I'm essentially inserting \0 here.

d:/huace/lunwen/main.tex:724: Improper alphabetic constant.
<to be read again> 
                   \lst@EC� 
l.724     print(f"B级工程候选:
                                    ({c1:.2f}C, {q1*100:.1f}%, {c2:.2f}C)  Q...
A one-character control sequence belongs after a ` mark.
So I'm essentially inserting \0 here.

d:/huace/lunwen/main.tex:724: Missing = inserted for \ifnum.
<to be read again> 
                   �
l.724     print(f"B级工程候选:
                                    ({c1:.2f}C, {q1*100:.1f}%, {c2:.2f}C)  Q...
I was expecting to see `<', `=', or `>'. Didn't.

d:/huace/lunwen/main.tex:724: Missing number, treated as zero.
<to be read again> 
                   �
l.724     print(f"B级工程候选:
                                    ({c1:.2f}C, {q1*100:.1f}%, {c2:.2f}C)  Q...
A number should have been here; I inserted `0'.
(If you can't figure out why I needed to see a number,
look up `weird error' in the index to The TeXbook.)

d:/huace/lunwen/main.tex:724: Missing = inserted for \ifnum.
<to be read again> 
                   �
l.724     print(f"B级工程候选:
                                    ({c1:.2f}C, {q1*100:.1f}%, {c2:.2f}C)  Q...
I was expecting to see `<', `=', or `>'. Didn't.

d:/huace/lunwen/main.tex:724: Missing number, treated as zero.
<to be read again> 
                   �
l.724     print(f"B级工程候选:
                                    ({c1:.2f}C, {q1*100:.1f}%, {c2:.2f}C)  Q...
A number should have been here; I inserted `0'.
(If you can't figure out why I needed to see a number,
look up `weird error' in the index to The TeXbook.)

d:/huace/lunwen/main.tex:724: Missing = inserted for \ifnum.
<to be read again> 
                   �
l.724     print(f"B级工程候选:
                                    ({c1:.2f}C, {q1*100:.1f}%, {c2:.2f}C)  Q...
I was expecting to see `<', `=', or `>'. Didn't.

d:/huace/lunwen/main.tex:724: Missing number, treated as zero.
<to be read again> 
                   �
l.724     print(f"B级工程候选:
                                    ({c1:.2f}C, {q1*100:.1f}%, {c2:.2f}C)  Q...
A number should have been here; I inserted `0'.
(If you can't figure out why I needed to see a number,
look up `weird error' in the index to The TeXbook.)

d:/huace/lunwen/main.tex:724: Missing = inserted for \ifnum.
<to be read again> 
                   �
l.724     print(f"B级工程候选:
                                    ({c1:.2f}C, {q1*100:.1f}%, {c2:.2f}C)  Q...
I was expecting to see `<', `=', or `>'. Didn't.

d:/huace/lunwen/main.tex:724: Missing number, treated as zero.
<to be read again> 
                   �
l.724     print(f"B级工程候选:
                                    ({c1:.2f}C, {q1*100:.1f}%, {c2:.2f}C)  Q...
A number should have been here; I inserted `0'.
(If you can't figure out why I needed to see a number,
look up `weird error' in the index to The TeXbook.)

Missing character: There is no � in font cmtt10!
Missing character: There is no � in font cmtt10!
Missing character: There is no � in font cmtt10!
d:/huace/lunwen/main.tex:724: Bad character code (-80).
<argument> \@tempcnta 
                      
l.724     print(f"B级工程候选:
                                    ({c1:.2f}C, {q1*100:.1f}%, {c2:.2f}C)  Q...
A character number must be between 0 and 255.
I changed this one to zero.

d:/huace/lunwen/main.tex:727: Missing $ inserted.
<inserted text> 
                $
l.727 if _
          _name__ == "__main__":
I've inserted a begin-math/end-math symbol since I think
you left one out. Proceed, with fingers crossed.

d:/huace/lunwen/main.tex:727: Missing { inserted.
<to be read again> 
                   _
l.727 if __
           name__ == "__main__":
A left brace was mandatory here, so I've put one in.
You might want to delete and/or insert some corrections
so that I will find a matching right brace soon.
(If you're confused by all this, try typing `I}' now.)

d:/huace/lunwen/main.tex:727: Missing { inserted.
<to be read again> 
                   _
l.727 if __name__
                  == "__main__":
A left brace was mandatory here, so I've put one in.
You might want to delete and/or insert some corrections
so that I will find a matching right brace soon.
(If you're confused by all this, try typing `I}' now.)

d:/huace/lunwen/main.tex:727: Missing { inserted.
<to be read again> 
                   _
l.727 if __name__ == "__
                        main__":
A left brace was mandatory here, so I've put one in.
You might want to delete and/or insert some corrections
so that I will find a matching right brace soon.
(If you're confused by all this, try typing `I}' now.)

d:/huace/lunwen/main.tex:727: Missing { inserted.
<to be read again> 
                   _
l.727 if __name__ == "__main__
                              ":
A left brace was mandatory here, so I've put one in.
You might want to delete and/or insert some corrections
so that I will find a matching right brace soon.
(If you're confused by all this, try typing `I}' now.)

d:/huace/lunwen/main.tex:729: Missing $ inserted.
<inserted text> 
                $
l.729 \end{lstlisting}
                      
I've inserted a begin-math/end-math symbol since I think
you left one out. Proceed, with fingers crossed.

d:/huace/lunwen/main.tex:729: Missing } inserted.
<inserted text> 
                }
l.729 \end{lstlisting}
                      
I've inserted something that you may have forgotten.
(See the <inserted text> above.)
With luck, this will get me unwedged. But if you
really didn't forget anything, try typing `2' now; then
my insertion and my current dilemma will both disappear.

d:/huace/lunwen/main.tex:729: Missing } inserted.
<inserted text> 
                }
l.729 \end{lstlisting}
                      
I've inserted something that you may have forgotten.
(See the <inserted text> above.)
With luck, this will get me unwedged. But if you
really didn't forget anything, try typing `2' now; then
my insertion and my current dilemma will both disappear.

d:/huace/lunwen/main.tex:729: Missing } inserted.
<inserted text> 
                }
l.729 \end{lstlisting}
                      
I've inserted something that you may have forgotten.
(See the <inserted text> above.)
With luck, this will get me unwedged. But if you
really didn't forget anything, try typing `2' now; then
my insertion and my current dilemma will both disappear.

d:/huace/lunwen/main.tex:729: Missing } inserted.
<inserted text> 
                }
l.729 \end{lstlisting}
                      
I've inserted something that you may have forgotten.
(See the <inserted text> above.)
With luck, this will get me unwedged. But if you
really didn't forget anything, try typing `2' now; then
my insertion and my current dilemma will both disappear.

d:/huace/lunwen/main.tex:729: Infinite glue shrinkage found in a paragraph.
<recently read> \tex_par:D 
                           
l.729 \end{lstlisting}
                      
The paragraph just ended includes some glue that has
infinite shrinkability, e.g., `\hskip 0pt minus 1fil'.
Such glue doesn't belong there---it allows a paragraph
of any length to fit on one line. But it's safe to proceed,
since the offensive shrinkability has been made finite.

[28] [29] [30] [31] (./main.aux)
 ***********
LaTeX2e <2025-11-01>
L3 programming layer <2022/07/14>
 ***********


LaTeX Warning: There were undefined references.


LaTeX Warning: Label(s) may have changed. Rerun to get cross-references right.


Package rerunfilecheck Warning: File `main.out' has changed.
(rerunfilecheck)                Rerun to get outlines right
(rerunfilecheck)                or use package `bookmark'.

Package rerunfilecheck Info: Checksums for `main.out':
(rerunfilecheck)             Before: <no file>
(rerunfilecheck)             After:  B80EED002A097FFF5E582BAB8B65BD19;4940.
 )
(\end occurred when \ifx on line 168 was incomplete)
(\end occurred when \ifx on line 168 was incomplete)
(\end occurred when \ifx on line 168 was incomplete)
(\end occurred when \ifx on line 168 was incomplete) 
Here is how much of TeX's memory you used:
 22539 strings out of 467525
 380073 string characters out of 5423209
 1292906 words of memory out of 5000000
 50344 multiletter control sequences out of 15000+600000
 706983 words of font info for 329 fonts, out of 8000000 for 9000
 1141 hyphenation exceptions out of 8191
 78i,14n,92p,926b,2227s stack positions out of 10000i,1000n,20000p,200000b,200000s
<c:/Windows/Fonts/simfang.ttf><c:/Windows/Fonts/simfang.ttf><c:/Windows/Fonts/simfang.ttf><c:/Windows/Fonts/simfang.ttf><c:/Windows/Fonts/simfang.ttf><c:/Windows/Fonts/simfang.ttf><c:/Windows/Fonts/simfang.ttf><c:/Windows/Fonts/simfang.ttf><c:/Windows/Fonts/simfang.ttf

pdfTeX warning: pdflatex.exe (file c:/Windows/Fonts/simfang.ttf): subfont unifs2c: wrong mapping: character 0 --> 0x2C00 --> .notdef
><c:/Windows/Fonts/simhei.ttf><c:/Windows/Fonts/simsun.ttc><c:/Windows/Fonts/simhei.ttf><c:/Windows/Fonts/simhei.ttf><c:/Windows/Fonts/simhei.ttf><c:/Windows/Fonts/simhei.ttf><c:/Windows/Fonts/simhei.ttf><c:/Windows/Fonts/simsun.ttc><c:/Windows/Fonts/simhei.ttf><c:/Windows/Fonts/simsun.ttc><c:/Windows/Fonts/simsun.ttc><c:/Windows/Fonts/simhei.ttf><c:/Windows/Fonts/simhei.ttf><c:/Windows/Fonts/simhei.ttf><c:/Windows/Fonts/simhei.ttf><c:/Windows/Fonts/simsun.ttc><c:/Windows/Fonts/simhei.ttf><c:/Windows/Fonts/simhei.ttf><c:/Windows/Fonts/simhei.ttf><c:/Windows/Fonts/simhei.ttf><c:/Windows/Fonts/simhei.ttf><c:/Windows/Fonts/simsun.ttc><c:/Windows/Fonts/simsun.ttc><c:/Windows/Fonts/simhei.ttf><c:/Windows/Fonts/simsun.ttc><c:/Windows/Fonts/simsun.ttc><c:/Windows/Fonts/simsun.ttc><c:/Windows/Fonts/simhei.ttf><c:/Windows/Fonts/simsun.ttc><c:/Windows/Fonts/simhei.ttf><c:/Windows/Fonts/simsun.ttc><c:/Windows/Fonts/simsun.ttc><c:/Windows/Fonts/simsun.ttc><c:/Windows/Fonts/simhei.ttf><c:/Windows/Fonts/simhei.ttf><c:/Windows/Fonts/simhei.ttf><c:/Windows/Fonts/simhei.ttf><c:/Windows/Fonts/simhei.ttf><c:/Windows/Fonts/simhei.ttf><c:/Windows/Fonts/simhei.ttf><c:/Windows/Fonts/simhei.ttf><c:/Windows/Fonts/simsun.ttc><c:/Windows/Fonts/simhei.ttf><c:/Windows/Fonts/simhei.ttf><c:/Windows/Fonts/simhei.ttf><c:/Windows/Fonts/simhei.ttf><c:/Windows/Fonts/simhei.ttf><c:/Windows/Fonts/simhei.ttf><c:/Windows/Fonts/simsun.ttc><c:/Windows/Fonts/simsun.ttc><c:/Windows/Fonts/simsun.ttc><c:/Windows/Fonts/simhei.ttf><c:/Windows/Fonts/simhei.ttf><c:/Windows/Fonts/simhei.ttf><c:/Windows/Fonts/simsun.ttc><c:/Windows/Fonts/simsun.ttc><c:/Windows/Fonts/simhei.ttf><c:/Windows/Fonts/simhei.ttf><c:/Windows/Fonts/simhei.ttf><c:/Windows/Fonts/simhei.ttf><c:/Windows/Fonts/simsun.ttc><c:/Windows/Fonts/simsun.ttc><c:/Windows/Fonts/simsun.ttc><c:/Windows/Fonts/simsun.ttc><c:/Windows/Fonts/simhei.ttf><c:/Windows/Fonts/simhei.ttf><c:/Windows/Fonts/simsun.ttc><c:/Windows/Fonts/simsun.ttc><c:/Windows/Fonts/simsun.ttc><c:/Windows/Fonts/simsun.ttc><c:/Windows/Fonts/simsun.ttc><c:/Windows/Fonts/simsun.ttc><c:/Windows/Fonts/simsun.ttc><c:/Windows/Fonts/simsun.ttc><c:/Windows/Fonts/simsun.ttc><c:/Windows/Fonts/simsun.ttc><c:/Windows/Fonts/simsun.ttc><c:/Windows/Fonts/simsun.ttc><c:/Windows/Fonts/simsun.ttc><c:/Windows/Fonts/simsun.ttc><c:/Windows/Fonts/simsun.ttc><c:/Windows/Fonts/simsun.ttc><c:/Windows/Fonts/simsun.ttc><c:/Windows/Fonts/simsun.ttc><c:/Windows/Fonts/simsun.ttc><c:/Windows/Fonts/simsun.ttc><c:/Windows/Fonts/simsun.ttc><c:/Windows/Fonts/simsun.ttc><c:/Windows/Fonts/simsun.ttc><c:/Windows/Fonts/simsun.ttc><c:/Windows/Fonts/simsun.ttc><c:/Windows/Fonts/simsun.ttc><c:/Windows/Fonts/simsun.ttc><c:/Windows/Fonts/simsun.ttc><c:/Windows/Fonts/simsun.ttc><c:/Windows/Fonts/simsun.ttc><c:/Windows/Fonts/simsun.ttc><c:/Windows/Fonts/simsun.ttc><c:/Windows/Fonts/simsun.ttc><c:/Windows/Fonts/simsun.ttc><c:/Windows/Fonts/simsun.ttc><c:/Windows/Fonts/simsun.ttc><c:/Windows/Fonts/simsun.ttc><c:/Windows/Fonts/simsun.ttc><c:/Windows/Fonts/simsun.ttc><c:/Windows/Fonts/simsun.ttc><c:/Windows/Fonts/simsun.ttc><c:/Windows/Fonts/simsun.ttc><c:/Windows/Fonts/simsun.ttc><c:/Windows/Fonts/simsun.ttc><c:/Windows/Fonts/simsun.ttc><c:/Windows/Fonts/simsun.ttc><c:/Windows/Fonts/simsun.ttc><c:/Windows/Fonts/simsun.ttc><c:/Windows/Fonts/simsun.ttc><c:/Windows/Fonts/simsun.ttc><c:/Windows/Fonts/simsun.ttc><c:/Windows/Fonts/simsun.ttc><c:/Windows/Fonts/simhei.ttf><c:/Windows/Fonts/simhei.ttf><c:/Windows/Fonts/simhei.ttf><c:/Windows/Fonts/simhei.ttf><c:/Windows/Fonts/simhei.ttf><c:/Windows/Fonts/simhei.ttf><c:/Windows/Fonts/simhei.ttf><c:/Windows/Fonts/simhei.ttf><c:/Windows/Fonts/simhei.ttf><c:/Windows/Fonts/simhei.ttf><c:/Windows/Fonts/simhei.ttf><c:/Windows/Fonts/simhei.ttf><c:/Windows/Fonts/simhei.ttf><c:/Windows/Fonts/simhei.ttf><c:/Windows/Fonts/simhei.ttf><c:/Windows/Fonts/simhei.ttf><c:/Windows/Fonts/simhei.ttf><c:/Windows/Fonts/simhei.ttf><c:/texlive/2026/texmf-dist/fonts/type1/public/amsfonts/cm/cmbx12.pfb><c:/texlive/2026/texmf-dist/fonts/type1/public/amsfonts/cm/cmbx8.pfb><c:/texlive/2026/texmf-dist/fonts/type1/public/amsfonts/cm/cmex10.pfb><c:/texlive/2026/texmf-dist/fonts/type1/public/amsfonts/cm/cmmi10.pfb><c:/texlive/2026/texmf-dist/fonts/type1/public/amsfonts/cm/cmmi12.pfb><c:/texlive/2026/texmf-dist/fonts/type1/public/amsfonts/cm/cmmi5.pfb><c:/texlive/2026/texmf-dist/fonts/type1/public/amsfonts/cm/cmmi7.pfb><c:/texlive/2026/texmf-dist/fonts/type1/public/amsfonts/cm/cmmi8.pfb><c:/texlive/2026/texmf-dist/fonts/type1/public/amsfonts/cm/cmr10.pfb><c:/texlive/2026/texmf-dist/fonts/type1/public/amsfonts/cm/cmr12.pfb><c:/texlive/2026/texmf-dist/fonts/type1/public/amsfonts/cm/cmr5.pfb><c:/texlive/2026/texmf-dist/fonts/type1/public/amsfonts/cm/cmr6.pfb><c:/texlive/2026/texmf-dist/fonts/type1/public/amsfonts/cm/cmr8.pfb><c:/texlive/2026/texmf-dist/fonts/type1/public/amsfonts/cm/cmr9.pfb><c:/texlive/2026/texmf-dist/fonts/type1/public/amsfonts/cm/cmsy10.pfb><c:/texlive/2026/texmf-dist/fonts/type1/public/amsfonts/cm/cmsy8.pfb><c:/texlive/2026/texmf-dist/fonts/type1/public/amsfonts/cm/cmti10.pfb><c:/texlive/2026/texmf-dist/fonts/type1/public/amsfonts/cm/cmtt10.pfb><c:/texlive/2026/texmf-dist/fonts/type1/public/amsfonts/cm/cmtt12.pfb>
Output written on main.pdf (31 pages, 5996407 bytes).
PDF statistics:
 1273 PDF objects out of 1440 (max. 8388607)
 926 compressed objects within 10 object streams
 299 named destinations out of 1000 (max. 500000)
 422 words of extra memory for PDF output out of 10000 (max. 10000000)

