battery_id,n0,fit_end,model,stable_slope,a,b,c,life,success,boundary,b_at_lower_bound,c_near_bound
1,11,150,linear,-1.4595618950272261e-05,1.0057481257890952,-1.3220717030127058e-05,1.0,15562.554233650202,True,False,False,False
1,11,150,power,-1.4595618950272261e-05,1.0052196551302475,1.0000000000000365e-12,4.3279030686175055,410.94859754049656,True,True,True,False
1,11,150,centered_quadratic,-1.4595618950272261e-05,1.0054133119141926,3.020984763339408e-11,1.1285708152530002e-07,1360.117704899289,True,False,False,False
1,21,150,linear,-1.71462966596417e-05,1.0064435887102567,-1.9822629909358416e-05,1.0,10414.540838135363,True,False,False,False
1,21,150,power,-1.71462966596417e-05,1.005504078209892,1.237168603036475e-10,3.381729110837256,532.7600859464519,True,False,False,False
1,21,150,centered_quadratic,-1.71462966596417e-05,1.0056361394911395,3.985233935763098e-19,1.5935811046650302e-07,1156.9589437240777,True,True,True,False
1,31,150,linear,-1.9712979025032244e-05,1.0067065849054668,-2.2239583445032716e-05,1.0,9294.53491862211,True,False,False,False
1,31,150,power,-1.9712979025032244e-05,1.0055405713630436,2.3362113324146055e-10,3.256138143834762,558.3809302554893,True,False,False,False
1,31,150,centered_quadratic,-1.9712979025032244e-05,1.005597011804466,1.1845609556686408e-10,1.9052118124618728e-07,1069.8112311972188,True,False,False,False
1,41,150,linear,-2.175360761394552e-05,1.0069288224963402,-2.4221998065409986e-05,1.0,8543.01209741417,True,False,False,False
1,41,150,power,-2.175360761394552e-05,1.0055177997485436,1.6179870015372663e-10,3.328535535848664,543.3742571363376,True,False,False,False
1,41,150,centered_quadratic,-2.175360761394552e-05,1.0055114252368809,5.3163933877223194e-11,2.251604017475569e-07,996.3707144232661,True,False,False,False
1,51,150,linear,-2.392382968340118e-05,1.0072437935017144,-2.6940489756326436e-05,1.0,7692.651298332367,True,False,False,False
1,51,150,power,-2.392382968340118e-05,1.00555586100229,2.774659192783454e-10,3.222733693698156,565.2426481348027,True,False,False,False
1,51,150,centered_quadratic,-2.392382968340118e-05,1.0054304988255154,2.4430305633417725e-08,2.7197053271914393e-07,920.0586586731182,True,False,False,False
2,11,150,linear,-1.857439333178031e-05,0.9981551482424571,-1.7853331646713432e-05,1.0,11099.057148749873,True,False,False,False
2,11,150,power,-1.857439333178031e-05,0.9977033190522928,4.4507859116134716e-07,1.7216207052597967,1907.146869739492,True,False,False,False
2,11,150,centered_quadratic,-1.857439333178031e-05,0.9976835647674758,5.888252217705456e-06,8.607970812232897e-08,1492.610130838567,True,False,False,False
2,21,150,linear,-1.9203984905602078e-05,0.9982780087208618,-1.9019617637116695e-05,1.0,10424.920863494288,True,False,False,False
2,21,150,power,-1.9203984905602078e-05,0.9977764902034109,7.962651106126165e-07,1.6097886680538676,2246.178428081392,True,False,False,False
2,21,150,centered_quadratic,-1.9203984905602078e-05,0.9976816191728404,9.78629368514197e-06,7.157615466652243e-08,1615.9200107080544,True,False,False,False
2,31,150,linear,-1.995658197445164e-05,0.9983731035176644,-1.9895177782515663e-05,1.0,9970.913840840325,True,False,False,False
2,31,150,power,-1.995658197445164e-05,0.9978241659087536,1.1031400890653845e-06,1.54767701559578,2480.493832707956,True,False,False,False
2,31,150,centered_quadratic,-1.995658197445164e-05,0.9976094470081692,1.242538126193409e-05,6.277139933277013e-08,1709.068279433165,True,False,False,False
2,41,150,linear,-2.0737302520398646e-05,0.9984905308088904,-2.0940827233098786e-05,1.0,9478.638479723424,True,False,False,False
2,41,150,power,-2.0737302520398646e-05,0.9980134079251689,2.996628907380065e-06,1.3606784898969762,3486.5484239660545,True,False,False,False
2,41,150,centered_quadratic,-2.0737302520398646e-05,0.9975519375266823,1.6495306919110543e-05,4.078459003659482e-08,2048.9072787770924,True,False,False,False
2,51,150,linear,-2.1276271880163332e-05,0.9985552265225082,-2.150187473441685e-05,1.0,9234.321610324138,True,False,False,False
2,51,150,power,-2.1276271880163332e-05,0.9981196993497649,4.702762558576323e-06,1.2776798081885232,4163.991331570443,True,False,False,False
2,51,150,centered_quadratic,-2.1276271880163332e-05,0.9974090509056509,1.8466364199505375e-05,3.06617225753071e-08,2305.054207737979,True,False,False,False
3,11,150,linear,-1.458600669699057e-05,0.9984498792393814,-1.3155827884626222e-05,1.0,15084.56031651859,True,False,False,False
3,11,150,power,-1.458600669699057e-05,0.9979804760833144,4.94700309626991e-09,2.570620646634825,906.5076602819893,True,False,False,False
3,11,150,centered_quadratic,-1.458600669699057e-05,0.9980235458487747,3.092835479503677e-20,9.788980492087437e-08,1433.2950051992366,True,True,True,False
3,21,150,linear,-1.6207833136726813e-05,0.998641709153094,-1.4973658371126863e-05,1.0,13266.077282498127,True,False,False,False
3,21,150,power,-1.6207833136726813e-05,0.9980630417397158,1.78535549715094e-08,2.320292515168717,1087.1489295110962,True,False,False,False
3,21,150,centered_quadratic,-1.6207833136726813e-05,0.9980127026399405,1.8767926569635688e-10,1.1694876039600672e-07,1322.2131586481353,True,False,False,False
3,31,150,linear,-1.7623486871805225e-05,0.9988375675402423,-1.67752601497439e-05,1.0,11853.024380267381,True,False,False,False
3,31,150,power,-1.7623486871805225e-05,0.998184268316566,8.163201686333652e-08,2.025704150780777,1419.3626857519178,True,False,False,False
3,31,150,centered_quadratic,-1.7623486871805225e-05,0.9980738980318811,4.386966401255755e-06,1.0410330881101259e-07,1389.4625092510232,True,False,False,False
3,41,150,linear,-1.8774786375826598e-05,0.9990397171546913,-1.8576510854919778e-05,1.0,10714.591061215237,True,False,False,False
3,41,150,power,-1.8774786375826598e-05,0.9984307705296253,6.7650603746248e-07,1.6223692089504838,2344.072805542848,True,False,False,False
3,41,150,centered_quadratic,-1.8774786375826598e-05,0.9981539066051149,1.1677977270187197e-05,6.328929894251987e-08,1720.5862195372317,True,False,False,False
3,51,150,linear,-1.9850067816011448e-05,0.9991611061733009,-1.9629010630086066e-05,1.0,10146.263096319266,True,False,False,False
3,51,150,power,-1.9850067816011448e-05,0.9986659900095127,2.591235120566921e-06,1.3719555219045176,3633.5544893460656,True,False,False,False
3,51,150,centered_quadratic,-1.9850067816011448e-05,0.9981011631915415,1.6025126571295572e-05,3.6402869281197005e-08,2174.0433291387108,True,False,False,False
4,11,150,linear,-0.00015338561191771682,1.0011640735422584,-0.00015326670726292752,1.0,1312.5099190469552,True,False,False,False
4,11,150,power,-0.00015338561191771682,0.9992388383931646,4.004052164511913e-05,1.2575501084399885,870.4485695756897,True,False,False,False
4,11,150,centered_quadratic,-0.00015338561191771682,0.9985648154487594,0.00011355695449741151,2.856816745720748e-07,669.3154769736967,True,False,False,False
4,21,150,linear,-0.00015501419101650112,1.0012781609560493,-0.00015434863238492725,1.0,1304.048878477169,True,False,False,False
4,21,150,power,-0.00015501419101650112,0.9983210825933291,2.1413403018494814e-05,1.3756963349677336,764.5401144437535,True,False,False,False
4,21,150,centered_quadratic,-0.00015501419101650112,0.9970320834786086,0.00010725068563381148,3.651003624118288e-07,623.2803611051114,True,False,False,False
4,31,150,linear,-0.00015857364435528862,1.0017080546467296,-0.00015829111804183953,1.0,1274.2853619456657,True,False,False,False
4,31,150,power,-0.00015857364435528862,0.998277675465729,2.0681892441516687e-05,1.3823339401408685,759.287781363815,True,False,False,False
4,31,150,centered_quadratic,-0.00015857364435528862,0.995971206051591,0.00011609668062612345,3.5457510433386636e-07,628.5331792948361,True,False,False,False
4,41,150,linear,-0.00016156030377727858,1.001989954587072,-0.00016082694543923686,1.0,1255.9459737011996,True,False,False,False
4,41,150,power,-0.00016156030377727858,0.9976818046731019,1.4106607577613606e-05,1.4536302566793613,712.104767632094,True,False,False,False
4,41,150,centered_quadratic,-0.00016156030377727858,0.9946206690405097,0.0001177502352417515,3.951991761237688e-07,609.4194959379897,True,False,False,False
4,51,150,linear,-0.0001645311539534272,1.0021734205150987,-0.00016239757172616275,1.0,1244.9288395519027,True,False,False,False
4,51,150,power,-0.0001645311539534272,0.9960726837221235,4.183465011316631e-06,1.682046785501448,598.2781077411083,True,False,False,False
4,51,150,centered_quadratic,-0.0001645311539534272,0.9929939422437065,0.00010746683009191661,5.548559761039504e-07,551.8246067894779,True,False,False,False
5,11,150,linear,-2.2931812981049744e-05,1.0001598481058607,-2.2568370817441492e-05,1.0,8869.042862020473,True,False,False,False
5,11,150,power,-2.2931812981049744e-05,0.9993744886066801,1.8460881678840997e-08,2.410346864755243,827.9619341848141,True,False,False,False
5,11,150,centered_quadratic,-2.2931812981049744e-05,0.9994071868738876,3.2700274635472863e-15,1.6463102322337632e-07,1111.5621296319757,True,True,True,False
5,21,150,linear,-2.5286771573885287e-05,1.0004433822056122,-2.5254024239901193e-05,1.0,7937.086790663366,True,False,False,False
5,21,150,power,-2.5286771573885287e-05,0.9995091358536866,6.553841829541912e-08,2.162472913352251,995.8008783406639,True,False,False,False
5,21,150,centered_quadratic,-2.5286771573885287e-05,0.9994522413269257,3.653725662626102e-06,1.6744417501764436e-07,1101.5454803412485,True,False,False,False
5,31,150,linear,-2.717764503790374e-05,1.0006416664472304,-2.7071257266107698e-05,1.0,7411.612415150994,True,False,False,False
5,31,150,power,-2.717764503790374e-05,0.999540595099411,8.313851325782956e-08,2.116373845091521,1034.423737027887,True,False,False,False
5,31,150,centered_quadratic,-2.717764503790374e-05,0.9994214538543673,7.69819196367534e-06,1.6279886808777553e-07,1114.386561471108,True,False,False,False
5,41,150,linear,-2.9300451756211765e-05,1.0008608860595438,-2.9032362062847964e-05,1.0,6918.516847672576,True,False,False,False
5,41,150,power,-2.9300451756211765e-05,0.9996387169952693,1.6914355495317832e-07,1.97878855454803,1170.9510192673595,True,False,False,False
5,41,150,centered_quadratic,-2.9300451756211765e-05,0.9993950936411298,1.3728719071845717e-05,1.404003944128954e-07,1184.8279947338337,True,False,False,False
5,51,150,linear,-3.0221236917102094e-05,1.0009079723564884,-2.944078692487116e-05,1.0,6824.137305472775,True,False,False,False
5,51,150,power,-3.0221236917102094e-05,0.9993119855624082,1.511834702034708e-08,2.4453515080526045,815.940980754511,True,False,False,False
5,51,150,centered_quadratic,-3.0221236917102094e-05,0.9990819958036157,9.573659187759177e-06,2.006780579510533e-07,1023.4476963146654,True,False,False,False
6,11,150,linear,-2.447966659188466e-05,1.0001198954815622,-2.3768285340143152e-05,1.0,8419.61852181117,True,False,False,False
6,11,150,power,-2.447966659188466e-05,0.9995080151788055,5.304940077298151e-07,1.7437027452490108,1575.3598043811753,True,False,False,False
6,11,150,centered_quadratic,-2.447966659188466e-05,0.9994823506358664,7.416385037764145e-06,1.1763957052073537e-07,1282.053317499479,True,False,False,False
6,21,150,linear,-2.579897761134653e-05,1.0003153388095303,-2.5620067666441723e-05,1.0,7818.688905022369,True,False,False,False
6,21,150,power,-2.579897761134653e-05,0.9996764556543637,1.4077863440224465e-06,1.5563195059334127,2042.8636300224223,True,False,False,False
6,21,150,centered_quadratic,-2.579897761134653e-05,0.9995361057690685,1.431327300396655e-05,8.764957102698819e-08,1450.3716126172392,True,False,False,False
6,31,150,linear,-2.681685498694855e-05,1.0004346937462427,-2.6720112740688077e-05,1.0,7501.266768273419,True,False,False,False
6,31,150,power,-2.681685498694855e-05,0.9997508619067708,2.0263061398651937e-06,1.4870151078784788,2281.7085248848225,True,False,False,False
6,31,150,centered_quadratic,-2.681685498694855e-05,0.999431122342208,1.7809202109760458e-05,7.488160194072233e-08,1548.3687580287472,True,False,False,False
6,41,150,linear,-2.7575493622576492e-05,1.000535009056273,-2.7618261046816645e-05,1.0,7260.957115161571,True,False,False,False
6,41,150,power,-2.7575493622576492e-05,0.9998257740154662,2.7926401083409807e-06,1.4265459812359207,2529.7085636966103,True,False,False,False
6,41,150,centered_quadratic,-2.7575493622576492e-05,0.9992764796110566,2.06082198080422e-05,6.431230494297341e-08,1648.333537086306,True,False,False,False
6,51,150,linear,-2.7806223052164667e-05,1.0005602330385273,-2.7838548588501713e-05,1.0,7204.406953937446,True,False,False,False
6,51,150,power,-2.7806223052164667e-05,0.9995546009697015,9.014128470091761e-07,1.6382237864724278,1831.3200438555248,True,False,False,False
6,51,150,centered_quadratic,-2.7806223052164667e-05,0.9989972003092324,1.9067114836528984e-05,8.8600340929438e-08,1445.9252471809855,True,False,False,False
7,11,150,linear,-3.3508750827199966e-05,1.0004184236079128,-2.975852510144764e-05,1.0,6734.823816861916,True,False,False,False
7,11,150,power,-3.3508750827199966e-05,0.9992460045728012,6.502076328777968e-10,3.150888542442233,493.5324271337144,True,False,False,False
7,11,150,centered_quadratic,-3.3508750827199966e-05,0.9994926874210889,1.635810372058878e-24,2.2740389631668384e-07,947.6223991620782,True,True,True,False
7,21,150,linear,-3.720910978756431e-05,1.0010255529601277,-3.5518669455019565e-05,1.0,5659.715187662199,True,False,False,False
7,21,150,power,-3.720910978756431e-05,0.9995043815862138,5.878174637312807e-09,2.717905781949252,589.8976662512938,True,False,False,False
7,21,150,centered_quadratic,-3.720910978756431e-05,0.9995497018098827,1.4607407082668868e-12,2.80325939470437e-07,864.7113608863185,True,False,False,False
7,31,150,linear,-4.062401809787153e-05,1.0014271027606394,-3.9211618618392956e-05,1.0,5136.92394901944,True,False,False,False
7,31,150,power,-4.062401809787153e-05,0.9995916302137017,1.116807139615161e-08,2.592021939207394,627.883616994135,True,False,False,False
7,31,150,centered_quadratic,-4.062401809787153e-05,0.9994449715127037,5.385422645317133e-10,3.3047112135956137e-07,807.862812936595,True,False,False,False
7,41,150,linear,-4.3438086709669494e-05,1.0019187363409665,-4.360196432239221e-05,1.0,4630.955037896519,True,False,False,False
7,41,150,power,-4.3438086709669494e-05,0.9998285842799426,4.7468328786358836e-08,2.309815537874444,737.6855755603639,True,False,False,False
7,41,150,centered_quadratic,-4.3438086709669494e-05,0.9995643221248314,1.2116759938077093e-05,2.888550860946361e-07,851.4829734685753,True,False,False,False
7,51,150,linear,-4.606855012986277e-05,1.002176940769409,-4.583342991246217e-05,1.0,4411.123958114179,True,False,False,False
7,51,150,power,-4.606855012986277e-05,0.9996804300348845,2.1113276746413113e-08,2.4670398384330268,672.3433114794536,True,False,False,False
7,51,150,centered_quadratic,-4.606855012986277e-05,0.9993021406083228,1.2937803245996936e-05,3.322790572374692e-07,806.2461910669076,True,False,False,False
8,11,150,linear,-7.27497882964925e-05,1.0023656010207658,-7.247180309149756e-05,1.0,2792.3356724721452,True,False,False,False
8,11,150,power,-7.27497882964925e-05,0.999874029949235,7.469135177748602e-08,2.363317895694774,524.4299208205441,True,False,False,False
8,11,150,centered_quadratic,-7.27497882964925e-05,0.9999378773155627,2.2579223309451174e-12,5.269987292855558e-07,626.9461613352646,True,False,False,False
8,21,150,linear,-7.888694960501957e-05,1.0030939440312654,-7.938116783890099e-05,1.0,2558.4650561381454,True,False,False,False
8,21,150,power,-7.888694960501957e-05,1.0000709987571756,1.3518647941890244e-07,2.2471830336836667,556.8925269175987,True,False,False,False
8,21,150,centered_quadratic,-7.888694960501957e-05,0.9998542560972375,5.661633022777544e-06,5.71469262140535e-07,607.4384959585221,True,False,False,False
8,31,150,linear,-8.487886412842494e-05,1.0037424948259972,-8.534111293510764e-05,1.0,2387.3897095872244,True,False,False,False
8,31,150,power,-8.487886412842494e-05,1.0001633629240756,1.731480630204922e-07,2.1989644076391,571.7312683355202,True,False,False,False
8,31,150,centered_quadratic,-8.487886412842494e-05,0.999788725781283,1.8822746304920146e-05,5.58977870842043e-07,612.2447017526937,True,False,False,False
8,41,150,linear,-9.026244100246233e-05,1.0043755851704796,-9.099034253814555e-05,1.0,2246.12392336912,True,False,False,False
8,41,150,power,-9.026244100246233e-05,1.0002145949169203,1.9718399249328808e-07,2.1736985662685306,579.8553963396218,True,False,False,False
8,41,150,centered_quadratic,-9.026244100246233e-05,0.9995608321051033,3.0759841354092205e-05,5.525734053583034e-07,614.7669239733145,True,False,False,False
8,51,150,linear,-9.595291089538681e-05,1.0049933983066575,-9.63380854111232e-05,1.0,2127.854185931215,True,False,False,False
8,51,150,power,-9.595291089538681e-05,1.000185543640053,1.8457538637783987e-07,2.1864590611513415,575.8230078709794,True,False,False,False
8,51,150,centered_quadratic,-9.595291089538681e-05,0.9991673101429921,4.044956657238023e-05,5.645304933210408e-07,610.2247201276185,True,False,False,False
9,11,150,linear,-8.17051353785559e-05,1.002556504627605,-7.967464832823438e-05,1.0,2542.2955592240105,True,False,False,False
9,11,150,power,-8.17051353785559e-05,1.0000075482716064,2.3473503949588654e-07,2.150910684561941,571.7281164842633,True,False,False,False
9,11,150,centered_quadratic,-8.17051353785559e-05,0.9998530570257508,8.257632887299579e-10,5.740394829458222e-07,601.043439834965,True,False,False,False
9,21,150,linear,-8.823529740462333e-05,1.0032986058902642,-8.671321897169724e-05,1.0,2344.493818833087,True,False,False,False
9,21,150,power,-8.823529740462333e-05,1.0002701308805935,4.410018675023755e-07,2.028069455555302,615.7988328935674,True,False,False,False
9,21,150,centered_quadratic,-8.823529740462333e-05,1.0000134084497085,1.8077913870918715e-05,5.320566286882316e-07,617.3738677824161,True,False,False,False
9,31,150,linear,-9.377881193558992e-05,1.003990035357848,-9.306912313317115e-05,1.0,2191.812155208143,True,False,False,False
9,31,150,power,-9.377881193558992e-05,1.000536144717496,7.620650758011137e-07,1.9222367187731608,660.2923620531158,True,False,False,False
9,31,150,centered_quadratic,-9.377881193558992e-05,0.9999823151220885,3.5988915406110656e-05,4.796656111519552e-07,640.26791983904,True,False,False,False
9,41,150,linear,-9.862944832746597e-05,1.0045329335129065,-9.791168890304018e-05,1.0,2088.953176116194,True,False,False,False
9,41,150,power,-9.862944832746597e-05,1.0005490035769646,7.821921992494771e-07,1.9171903541330684,662.6246677148982,True,False,False,False
9,41,150,centered_quadratic,-9.862944832746597e-05,0.9995855194289588,4.607642007394857e-05,4.755529250375883e-07,642.1997437350195,True,False,False,False
9,51,150,linear,-0.0001040198799678792,1.0051388765523561,-0.00010315663235451817,1.0,1988.6154856951491,True,False,False,False
9,51,150,power,-0.0001040198799678792,1.0007238570327146,1.0384368059034588e-06,1.863157413635286,687.4432890207755,True,False,False,False
9,51,150,centered_quadratic,-0.0001040198799678792,0.9991554545712329,5.892599575996192e-05,4.467741070161284e-07,655.9578561760824,True,False,False,False
10,11,150,linear,-2.11924756360125e-05,1.0002252026968732,-1.93631249564635e-05,1.0,10340.541784813358,True,False,False,False
10,11,150,power,-2.11924756360125e-05,0.9997055051610175,3.092407423744777e-07,1.8112542181859808,1613.5169272611097,True,False,False,False
10,11,150,centered_quadratic,-2.11924756360125e-05,0.999658534129829,3.985986151113324e-06,1.1062689788019578e-07,1336.5307931076977,True,False,False,False
10,21,150,linear,-2.225026120198814e-05,1.0004615922150353,-2.160660500324809e-05,1.0,9277.792239220373,True,False,False,False
10,21,150,power,-2.225026120198814e-05,1.000001489966363,2.1772207635513174e-06,1.4378899154875688,2829.2834115415076,True,False,False,False
10,21,150,centered_quadratic,-2.225026120198814e-05,0.9998470417151432,1.406855212087055e-05,5.843451846805234e-08,1753.8637748067345,True,False,False,False
10,31,150,linear,-2.3068040124710774e-05,1.000609038441613,-2.2966170511513038e-05,1.0,8734.979928022693,True,False,False,False
10,31,150,power,-2.3068040124710774e-05,1.0004096147479484,1.176384442241408e-05,1.123757299219938,5826.080213273152,True,False,False,False
10,31,150,centered_quadratic,-2.3068040124710774e-05,0.9998552757968374,2.0840169210512545e-05,1.7865557151420507e-08,2842.8649272267694,True,False,False,False
10,41,150,linear,-2.3119302258386987e-05,1.0006190199226694,-2.3054336388203225e-05,1.0,8702.008010316229,True,False,False,False
10,41,150,power,-2.3119302258386987e-05,1.000315710224907,8.648485486449662e-06,1.1799169953074706,5002.902469271308,True,False,False,False
10,41,150,centered_quadratic,-2.3119302258386987e-05,0.9996280168264219,2.051126392532381e-05,2.3330940026370594e-08,2559.3980379322697,True,False,False,False
10,51,150,linear,-2.3756889269564572e-05,1.0006708852106259,-2.350434215672027e-05,1.0,8537.609088253115,True,False,False,False
10,51,150,power,-2.3756889269564572e-05,1.0005686750069758,1.79219300037745e-05,1.0487548975505323,7255.253750676155,True,False,False,False
10,51,150,centered_quadratic,-2.3756889269564572e-05,0.9994569488373439,2.2572816240989322e-05,9.40935268454993e-09,3609.29540110232,True,False,False,False
11,11,150,linear,-2.5205337682832123e-05,1.0004054740334436,-2.3964004188527817e-05,1.0,8362.770781411513,True,False,False,False
11,11,150,power,-2.5205337682832123e-05,1.0000354252890855,4.129205030122784e-06,1.3388769044800817,3157.774030398423,True,False,False,False
11,11,150,centered_quadratic,-2.5205337682832123e-05,0.9999726664613782,1.660732914542635e-05,5.292571973453205e-08,1804.230259564624,True,False,False,False
11,21,150,linear,-2.6126583090253836e-05,1.000558949822203,-2.541997551846827e-05,1.0,7889.816796892335,True,False,False,False
11,21,150,power,-2.6126583090253836e-05,1.0004138001980605,1.589551071962959e-05,1.0878190758390294,5883.144467314253,True,False,False,False
11,21,150,centered_quadratic,-2.6126583090253836e-05,0.9999953068937659,2.4022001648969415e-05,1.0837006740367104e-08,3349.248627137308,True,False,False,False
11,31,150,linear,-2.667825649053175e-05,1.000647838226071,-2.6241398890424992e-05,1.0,7646.232545143916,True,False,False,False
11,31,150,power,-2.667825649053175e-05,1.0011506583312308,7.720942641800686e-05,0.8058258543135366,17335.827355801637,True,False,False,False
11,31,150,centered_quadratic,-2.667825649053175e-05,0.9998343462016257,2.6240958610325006e-05,3.699832803535142e-12,7638.2007003363005,True,False,False,False
11,41,150,linear,-2.6297580080310564e-05,1.0006000045680117,-2.5813801792059424e-05,1.0,7771.036834633097,True,False,False,False
11,41,150,power,-2.6297580080310564e-05,1.0009889126696858,5.905918353841302e-05,0.8522003378458685,13945.369260746953,True,False,False,False
11,41,150,centered_quadratic,-2.6297580080310564e-05,0.9995415811234739,2.581060339962615e-05,2.934304982024224e-11,7705.213134887647,True,False,False,False
11,51,150,linear,-2.5940083680405662e-05,1.0005602947069951,-2.546935847155119e-05,1.0,7874.5719069059905,True,False,False,False
11,51,150,power,-2.5940083680405662e-05,1.0007605053732191,3.935272792726849e-05,0.9226182089522348,10439.405460363863,True,False,False,False
11,51,150,centered_quadratic,-2.5940083680405662e-05,0.9992613125086278,2.5466608492882912e-05,2.7777562385742038e-11,7809.754037627892,True,False,False,False
12,11,150,linear,-2.6517466605954162e-05,1.0003905332109864,-2.632716841034733e-05,1.0,7611.549031312729,True,False,False,False
12,11,150,power,-2.6517466605954162e-05,1.0001179705651093,9.110859850691122e-06,1.2030594881485162,4063.539037515101,True,False,False,False
12,11,150,centered_quadratic,-2.6517466605954162e-05,0.9999946210466617,2.1704850505530052e-05,3.325408564615724e-08,2158.64414643435,True,False,False,False
12,21,150,linear,-2.7429753705361335e-05,1.0004892731296842,-2.726553313089119e-05,1.0,7353.213016859539,True,False,False,False
12,21,150,power,-2.7429753705361335e-05,1.000405250221862,2.1364081703887014e-05,1.0454838017072916,6301.052703971347,True,False,False,False
12,21,150,centered_quadratic,-2.7429753705361335e-05,0.9999027993527176,2.6614084011314784e-05,5.049993175017761e-09,4207.105285820994,True,False,False,False
12,31,150,linear,-2.821871873973129e-05,1.0005773712524106,-2.8076229664273964e-05,1.0,7144.028014118947,True,False,False,False
12,31,150,power,-2.821871873973129e-05,1.0012337509972884,9.963034320333681e-05,0.77295898419614,18887.596544359345,True,False,False,False
12,31,150,centered_quadratic,-2.821871873973129e-05,0.9997070076240518,2.80762037947989e-05,2.1739056125535093e-13,7143.642840284441,True,False,False,False
12,41,150,linear,-2.7747066035003143e-05,1.0005323784142675,-2.767668468919277e-05,1.0,7245.534668123439,True,False,False,False
12,41,150,power,-2.7747066035003143e-05,1.0013954146306099,0.00012356282559522898,0.7363031413790972,23043.761158439782,True,False,False,False
12,41,150,centered_quadratic,-2.7747066035003143e-05,0.9993976341688376,2.7676675068452517e-05,8.826364737390911e-14,7245.371642546344,True,False,False,False
12,51,150,linear,-2.7022782288256255e-05,1.0004637781332018,-2.7082849647993806e-05,1.0,7401.871691447037,True,False,False,False
12,51,150,power,-2.7022782288256255e-05,1.0010258060025226,7.576743541581608e-05,0.8189422629751721,15160.76555482881,True,False,False,False
12,51,150,centered_quadratic,-2.7022782288256255e-05,0.9990825172535651,2.7080673264997655e-05,2.1983666685115336e-11,7359.105041137918,True,False,False,False
13,11,150,linear,-2.3205655278172058e-05,1.0004065713512422,-2.1886750998104236e-05,1.0,9156.524482258732,True,False,False,False
13,11,150,power,-2.3205655278172058e-05,0.9999265993104892,1.1817055215577969e-06,1.5678142601361502,2161.768246365985,True,False,False,False
13,11,150,centered_quadratic,-2.3205655278172058e-05,0.9998952860377092,1.0124531321854366e-05,8.462028544065132e-08,1489.3056965158553,True,False,False,False
13,21,150,linear,-2.441354532299062e-05,1.0005895652046846,-2.3622718514132423e-05,1.0,8491.383626515326,True,False,False,False
13,21,150,power,-2.441354532299062e-05,1.0002040129091652,4.783404061397328e-06,1.302681769416901,3530.713123500332,True,False,False,False
13,21,150,centered_quadratic,-2.441354532299062e-05,0.9999720891635695,1.7932142624201637e-05,4.411299139488778e-08,1956.5534841655415,True,False,False,False
13,31,150,linear,-2.545972257701143e-05,1.0007321794409898,-2.493543335830762e-05,1.0,8050.077837292239,True,False,False,False
13,31,150,power,-2.545972257701143e-05,1.0008103345376589,3.07138869149021e-05,0.9619238104605488,9257.201393686564,True,False,False,False
13,31,150,centered_quadratic,-2.545972257701143e-05,0.9999590314799057,2.4927830291653777e-05,6.389131654206797e-11,7894.050447246592,True,False,False,False
13,41,150,linear,-2.5265157483487988e-05,1.0007132929145754,-2.4766925047421634e-05,1.0,8104.086095882569,True,False,False,False
13,41,150,power,-2.5265157483487988e-05,1.0006734938578183,2.2313843755193214e-05,1.0189135597356507,7594.884184844794,True,False,False,False
13,41,150,centered_quadratic,-2.5265157483487988e-05,0.9996794903423112,2.3747000307385822e-05,9.357107706790538e-09,3562.692851560639,True,False,False,False
13,51,150,linear,-2.5106285164619437e-05,1.0006939928108376,-2.45999081196394e-05,1.0,8158.322861808292,True,False,False,False
13,51,150,power,-2.5106285164619437e-05,1.0003989807533353,1.0908483289474754e-05,1.1472923943694915,5208.238266291047,True,False,False,False
13,51,150,centered_quadratic,-2.5106285164619437e-05,0.999398632346804,2.2104082613539592e-05,2.521035864789971e-08,2458.934811000819,True,False,False,False
14,11,150,linear,-1.8316161872310727e-05,1.0002907594098904,-1.6965121333631352e-05,1.0,11806.031649938017,True,False,False,False
14,11,150,power,-1.8316161872310727e-05,0.9997728305956343,8.200961427720622e-08,2.051712229207562,1296.7302143282577,True,False,False,False
14,11,150,centered_quadratic,-1.8316161872310727e-05,0.9997146099399661,2.4199015935489834e-09,1.2212804429063566e-07,1289.7741610173841,True,False,False,False
14,21,150,linear,-1.9403122235139847e-05,1.0005080657692862,-1.9026139611620046e-05,1.0,10538.557472101573,True,False,False,False
14,21,150,power,-1.9403122235139847e-05,0.9999530565193874,4.4155882577317534e-07,1.7262482855072605,1889.8812780603573,True,False,False,False
14,21,150,centered_quadratic,-1.9403122235139847e-05,0.999871987707374,7.938836639659523e-06,8.594808505400977e-08,1500.4732135781267,True,False,False,False
14,31,150,linear,-2.0372040637139352e-05,1.0006845936843787,-2.0652908267274215e-05,1.0,9717.013753572688,True,False,False,False
14,31,150,power,-2.0372040637139352e-05,1.0002402126722931,2.7524261248734316e-06,1.378541865447577,3363.5336343399317,True,False,False,False
14,31,150,centered_quadratic,-2.0372040637139352e-05,0.9999372380992924,1.5206361040073392e-05,4.576930443041002e-08,1961.5361073344918,True,False,False,False
14,41,150,linear,-2.091548012785912e-05,1.0007348117703474,-2.110032342419141e-05,1.0,9513.352365973971,True,False,False,False
14,41,150,power,-2.091548012785912e-05,1.0002138979503146,2.4125690737807017e-06,1.403189827533127,3203.276627354791,True,False,False,False
14,41,150,centered_quadratic,-2.091548012785912e-05,0.9997783917253346,1.602772427853556e-05,4.6537606840930065e-08,1947.8583067226677,True,False,False,False
14,51,150,linear,-2.1296508044048522e-05,1.0007714803228303,-2.1419638640161387e-05,1.0,9373.243110945288,True,False,False,False
14,51,150,power,-2.1296508044048522e-05,1.000109619347481,1.4469327591083427e-06,1.498215844876146,2699.5687075180363,True,False,False,False
14,51,150,centered_quadratic,-2.1296508044048522e-05,0.9995917208687529,1.607119679746885e-05,5.4024665078194374e-08,1830.103634529266,True,False,False,False
15,11,150,linear,-2.8146033747527143e-05,1.0006478369283374,-2.741303296548461e-05,1.0,7319.432227034869,True,False,False,False
15,11,150,power,-2.8146033747527143e-05,0.9999223611075203,5.075179658800304e-07,1.7810255072072456,1385.7303498689837,True,False,False,False
15,11,150,centered_quadratic,-2.8146033747527143e-05,0.9998961871163417,7.843187340494027e-06,1.4079025629487743e-07,1175.0314711807703,True,False,False,False
15,21,150,linear,-2.926940719038778e-05,1.0008582461615914,-2.9408477033879707e-05,1.0,6829.943826407427,True,False,False,False
15,21,150,power,-2.926940719038778e-05,1.0000619449463222,1.0752200829359338e-06,1.636364679894912,1660.9252010311727,True,False,False,False
15,21,150,centered_quadratic,-2.926940719038778e-05,0.999926947519688,1.4702822774894205e-05,1.1399731983710714e-07,1282.387614431801,True,False,False,False
15,31,150,linear,-3.053541065926421e-05,1.0010399370358092,-3.1080076904573164e-05,1.0,6468.450437013811,True,False,False,False
15,31,150,power,-3.053541065926421e-05,1.0002461842053536,2.3794755675685194e-06,1.485142788757117,2071.2634369404473,True,False,False,False
15,31,150,centered_quadratic,-3.053541065926421e-05,0.99987342517806,2.0756544343151913e-05,8.675237446584294e-08,1433.9539661650995,True,False,False,False
15,41,150,linear,-3.1609170197029655e-05,1.0011232101706549,-3.182077708889843e-05,1.0,6320.499641123544,True,False,False,False
15,41,150,power,-3.1609170197029655e-05,1.0001444853376693,1.6011149377639325e-06,1.5599834135776385,1850.5118327257724,True,False,False,False
15,41,150,centered_quadratic,-3.1609170197029655e-05,0.9996326558300426,2.1492861535112375e-05,9.475151884211245e-08,1383.5262215650262,True,False,False,False
15,51,150,linear,-3.265625674409132e-05,1.0012337427164122,-3.27779235639885e-05,1.0,6139.307217663349,True,False,False,False
15,51,150,power,-3.265625674409132e-05,1.0001180985319997,1.4488032224334274e-06,1.5787723201493986,1802.4768789187137,True,False,False,False
15,51,150,centered_quadratic,-3.265625674409132e-05,0.9994099140883678,2.3462340322198875e-05,9.409680042255716e-08,1387.4045608726924,True,False,False,False
16,11,150,linear,-0.00019228020758258596,1.0010605468654463,-0.00019245659079214104,1.0,1044.705957005119,True,False,False,False
16,11,150,power,-0.00019228020758258596,1.000848766224325,0.00017485482258207662,1.0181391244481828,1013.144304931345,True,False,False,False
16,11,150,centered_quadratic,-0.00019228020758258596,0.9988327841121722,0.00018764179711561478,3.4638803428236224e-08,918.5832295396339,True,False,False,False
16,21,150,linear,-0.0001918660740183201,1.0010303098221007,-0.0001921671810734711,1.0,1046.1219688977014,True,False,False,False
16,21,150,power,-0.0001918660740183201,1.0004020574543535,0.0001482546892369277,1.0483880368548042,969.1439108083772,True,False,False,False
16,21,150,centered_quadratic,-0.0001918660740183201,0.9968177469131639,0.00018386786358625336,6.433579447458982e-08,850.6094528765946,True,False,False,False
16,31,150,linear,-0.0001925486538435195,1.0011056787083492,-0.00019286041603809836,1.0,1042.7524882484024,True,False,False,False
16,31,150,power,-0.0001925486538435195,1.0004091415826488,0.00014864657277599252,1.0479046244111652,969.8097161772503,True,False,False,False
16,31,150,centered_quadratic,-0.0001925486538435195,0.994982932182804,0.0001855346383246321,6.156115725613998e-08,856.0584886102423,True,False,False,False
16,41,150,linear,-0.00019252154590968166,1.0011117597790318,-0.00019291224506435547,1.0,1042.5038582280813,True,False,False,False
16,41,150,power,-0.00019252154590968166,0.9998084557682444,0.00012116260149866487,1.0847748987226993,924.3114344043313,True,False,False,False
16,41,150,centered_quadratic,-0.00019252154590968166,0.9930182737777397,0.00018268535875023596,9.382464508365761e-08,800.9516933638492,True,False,False,False
16,51,150,linear,-0.0001934130516259014,1.0012131968177607,-0.00019378706689617114,1.0,1038.3210811770443,True,False,False,False
16,51,150,power,-0.0001934130516259014,0.9996208804067749,0.00011359849621094269,1.0963839035532004,911.1245103977172,True,False,False,False
16,51,150,centered_quadratic,-0.0001934130516259014,0.9911675385032165,0.00018383699121201123,1.0050581499196977e-07,791.2741344317303,True,False,False,False
17,11,150,linear,-1.1256356906927493e-05,1.000022980290928,-1.1198026319894887e-05,1.0,17862.34239649523,True,False,False,False
17,11,150,power,-1.1256356906927493e-05,0.999786507643223,7.17049121325253e-07,1.5339113306671475,3546.174526130463,True,False,False,False
17,11,150,centered_quadratic,-1.1256356906927493e-05,0.9997710332653084,5.5993856198701414e-06,4.027799064762477e-08,2169.637487767468,True,False,False,False
17,21,150,linear,-1.1698604928491846e-05,1.000070287781535,-1.1649195980525358e-05,1.0,17174.600557498063,True,False,False,False
17,21,150,power,-1.1698604928491846e-05,0.9997961266731894,8.135809513526581e-07,1.5094880042521204,3722.8074279149128,True,False,False,False
17,21,150,centered_quadratic,-1.1698604928491846e-05,0.9997240537948392,6.886655147487441e-06,3.691892118639451e-08,2255.500054361986,True,False,False,False
17,31,150,linear,-1.2674576946386358e-05,1.0001789824953575,-1.2646074093012957e-05,1.0,15829.33810311595,True,False,False,False
17,31,150,power,-1.2674576946386358e-05,1.0000880160116035,7.345640383516078e-06,1.100329658268059,10734.559124376232,True,False,False,False
17,31,150,centered_quadratic,-1.2674576946386358e-05,0.9997706525801359,1.1817178245243468e-05,6.965511325944025e-09,4604.868954576907,True,False,False,False
17,41,150,linear,-1.2597813031699467e-05,1.000170288134826,-1.2569717852490376e-05,1.0,15924.803602108475,True,False,False,False
17,41,150,power,-1.2597813031699467e-05,0.9999726719273536,3.738983247381172e-06,1.223125691184374,7339.792251061746,True,False,False,False
17,41,150,centered_quadratic,-1.2597813031699467e-05,0.9996272136012432,1.1029934428510797e-05,1.4126453431038016e-08,3429.9991906275277,True,False,False,False
17,51,150,linear,-1.3284282214866187e-05,1.0002273683248621,-1.3061788355261603e-05,1.0,15329.24610925928,True,False,False,False
17,51,150,power,-1.3284282214866187e-05,1.0003081676214576,1.8492719099901975e-05,0.9380747815146661,20000.496410827593,True,False,False,False
17,51,150,centered_quadratic,-1.3284282214866187e-05,0.9995611724774116,1.3059055212475676e-05,2.7607502922762716e-11,14868.295728577468,True,False,False,False
18,11,150,linear,-2.4271700909207957e-05,1.0006094070291076,-2.1938074159735938e-05,1.0,9144.349023912782,True,False,False,False
18,11,150,power,-2.4271700909207957e-05,0.9998984744107491,4.96338315106345e-08,2.2052698075216592,988.8097312218234,True,False,False,False
18,11,150,centered_quadratic,-2.4271700909207957e-05,0.9998733606732182,4.819361386138226e-14,1.593515294531189e-07,1130.9518184039823,True,True,True,False
18,21,150,linear,-2.6166532020229195e-05,1.0008827850415922,-2.4532675511820903e-05,1.0,8188.376557004481,True,False,False,False
18,21,150,power,-2.6166532020229195e-05,1.0000608579474268,1.8707167158890839e-07,1.94752203491766,1246.8318836837248,True,False,False,False
18,21,150,centered_quadratic,-2.6166532020229195e-05,0.99996669643902,5.740374723207165e-06,1.4567675029938208e-07,1173.074948560812,True,False,False,False
18,31,150,linear,-2.7818354626580922e-05,1.0011309209896104,-2.6811229268360283e-05,1.0,7501.741862577087,True,False,False,False
18,31,150,power,-2.7818354626580922e-05,1.0002845025282074,7.369832468671411e-07,1.6843380680808655,1683.8594208175696,True,False,False,False
18,31,150,centered_quadratic,-2.7818354626580922e-05,1.000051810481225,1.4202971586994234e-05,1.0595174522172945e-07,1339.7044050813809,True,False,False,False
18,41,150,linear,-2.900796705016211e-05,1.0013137099411453,-2.8441928237129018e-05,1.0,7078.061243342278,True,False,False,False
18,41,150,power,-2.900796705016211e-05,1.000519504561714,2.1401318317253135e-06,1.4829368446968434,2252.2409792944973,True,False,False,False
18,41,150,centered_quadratic,-2.900796705016211e-05,1.000002205830471,2.0364980850859592e-05,7.41004347364655e-08,1552.2065438875547,True,False,False,False
18,51,150,linear,-2.984907546111026e-05,1.0014570810859909,-2.9686768438269197e-05,1.0,6786.089954684748,True,False,False,False
18,51,150,power,-2.984907546111026e-05,1.000892820924608,7.295677767291478e-06,1.2560378368753529,3426.452894296069,True,False,False,False
18,51,150,centered_quadratic,-2.984907546111026e-05,0.9998775245826708,2.5674647236047417e-05,4.052647679056196e-08,1977.5289264766047,True,False,False,False
19,11,150,linear,-1.2182653364801616e-05,1.0002804795918327,-1.173569886671195e-05,1.0,17065.918431148897,True,False,False,False
19,11,150,power,-1.2182653364801616e-05,0.9999390339523732,9.534894681406253e-08,1.946844318820346,1766.410043815566,True,False,False,False
19,11,150,centered_quadratic,-1.2182653364801616e-05,0.9999083557037783,1.1691249310252982e-06,7.601851752296311e-08,1624.9734500971415,True,False,False,False
19,21,150,linear,-1.2855996263570757e-05,1.000404944394833,-1.2918420174850128e-05,1.0,15513.115511212889,True,False,False,False
19,21,150,power,-1.2855996263570757e-05,1.0000364378501478,3.4642287244887446e-07,1.6976463104379151,2476.383885389108,True,False,False,False
19,21,150,centered_quadratic,-1.2855996263570757e-05,0.999980091348642,5.720003494270482e-06,5.5801679694445745e-08,1863.5241017756193,True,False,False,False
19,31,150,linear,-1.3531315461768967e-05,1.0004958326949056,-1.3755045223442178e-05,1.0,14576.166740128812,True,False,False,False
19,31,150,power,-1.3531315461768967e-05,1.0001272734406448,8.667564069622828e-07,1.5228650434681565,3325.984638577879,True,False,False,False
19,31,150,centered_quadratic,-1.3531315461768967e-05,0.9999727183980078,8.837694631617058e-06,4.132227388100927e-08,2126.5123925078897,True,False,False,False
19,41,150,linear,-1.4176555050756158e-05,1.0005695880892744,-1.4411706609933256e-05,1.0,13917.12956125765,True,False,False,False
19,41,150,power,-1.4176555050756158e-05,1.0002384605688321,2.0178951931230493e-06,1.3647901907050923,4582.5939268375905,True,False,False,False
19,41,150,centered_quadratic,-1.4176555050756158e-05,0.9999225316987874,1.1290794416550352e-05,2.863222195768769e-08,2493.6055948522203,True,False,False,False
19,51,150,linear,-1.4665444957522052e-05,1.000612487810065,-1.478455599769667e-05,1.0,13569.057321797085,True,False,False,False
19,51,150,power,-1.4665444957522052e-05,1.0003087753662534,3.1472774503763224e-06,1.2827009451575802,5559.5406113312365,True,False,False,False
19,51,150,centered_quadratic,-1.4665444957522052e-05,0.9998225927752659,1.258765728840955e-05,2.2190896053868006e-08,2781.536469670752,True,False,False,False
20,11,150,linear,-1.8677504879476257e-05,1.0004201843165963,-1.7462694607430774e-05,1.0,11477.048005598912,True,False,False,False
20,11,150,power,-1.8677504879476257e-05,0.9998732893659195,5.967101658757209e-08,2.122273944802439,1187.2120859875702,True,False,False,False
20,11,150,centered_quadratic,-1.8677504879476257e-05,0.9998325245229457,4.0231810742651e-12,1.2657025491402184e-07,1267.5137764972662,True,False,False,False
20,21,150,linear,-2.0039730282269314e-05,1.0006727400599498,-1.9857313638337456e-05,1.0,10105.73452758089,True,False,False,False
20,21,150,power,-2.0039730282269314e-05,1.0000791272388716,3.872886993587961e-07,1.760809088138196,1756.41042523624,True,False,False,False
20,21,150,centered_quadratic,-2.0039730282269314e-05,0.9999922631173106,7.507000064854672e-06,9.57388649107909e-08,1427.6408786657394,True,False,False,False
20,31,150,linear,-2.164229826136264e-05,1.0008381805907838,-2.137879646319569e-05,1.0,9394.269735274076,True,False,False,False
20,31,150,power,-2.164229826136264e-05,1.000252054972971,1.216489723706747e-06,1.5427073187733085,2406.4274953304885,True,False,False,False
20,31,150,centered_quadratic,-2.164229826136264e-05,1.0000180349919938,1.3375258746316907e-05,6.725661946971209e-08,1658.9451091757219,True,False,False,False
20,41,150,linear,-2.28105537799347e-05,1.0010160501536873,-2.2963190877423788e-05,1.0,8753.837880227517,True,False,False,False
20,41,150,power,-2.28105537799347e-05,1.000751671409536,9.91160518984056e-06,1.1539055150293187,5396.611418762911,True,False,False,False
20,41,150,centered_quadratic,-2.28105537799347e-05,1.0000383478536286,2.0951442317137256e-05,1.8456408810003993e-08,2814.1533289173726,True,False,False,False
20,51,150,linear,-2.32840858852995e-05,1.0010635671124144,-2.33759900475729e-05,1.0,8601.285622693465,True,False,False,False
20,51,150,power,-2.32840858852995e-05,1.0010100650410274,2.032794147407355e-05,1.0250727228552874,7895.976121339017,True,False,False,False
20,51,150,centered_quadratic,-2.32840858852995e-05,0.9998659163142088,2.304076724468184e-05,3.3860889185566687e-09,5051.17322914464,True,False,False,False
21,11,150,linear,-3.3801513709389314e-05,1.0009118364621963,-3.259326241616484e-05,1.0,6164.213753654581,True,False,False,False
21,11,150,power,-3.3801513709389314e-05,1.0000697450735332,7.116748654716619e-07,1.7480549898274094,1309.5482343596823,True,False,False,False
21,11,150,centered_quadratic,-3.3801513709389314e-05,1.0000370880114051,1.0148803102530624e-05,1.6147093031393393e-07,1093.0505857677222,True,False,False,False
21,21,150,linear,-3.543372178399771e-05,1.0011270531984549,-3.463596405836128e-05,1.0,5806.884799266958,True,False,False,False
21,21,150,power,-3.543372178399771e-05,1.0001673474171409,1.1082330928188778e-06,1.6627289389695876,1450.5303186686494,True,False,False,False
21,21,150,centered_quadratic,-3.543372178399771e-05,1.0000113388207983,1.6431629725657893e-05,1.411188707962273e-07,1154.718270023217,True,False,False,False
21,31,150,linear,-3.679122086436948e-05,1.0013275071651901,-3.6478414897144634e-05,1.0,5519.0859507700025,True,False,False,False
21,31,150,power,-3.679122086436948e-05,1.0002941171606887,1.7936245436629787e-06,1.5709810066538672,1633.9490173408542,True,False,False,False
21,31,150,centered_quadratic,-3.679122086436948e-05,0.9999167956059862,2.2247192995769054e-05,1.1959010001172544e-07,1234.2630648818347,True,False,False,False
21,41,150,linear,-3.8213063417167515e-05,1.0014992681406847,-3.800959783091005e-05,1.0,5301.273353037743,True,False,False,False
21,41,150,power,-3.8213063417167515e-05,1.0004208338396836,2.6889003946598367e-06,1.494738248358059,1818.359920885741,True,False,False,False
21,41,150,centered_quadratic,-3.8213063417167515e-05,0.9997419692031168,2.6959296358620377e-05,1.0137891258983519e-07,1317.9769657709357,True,False,False,False
21,51,150,linear,-3.9457894315191874e-05,1.0016726803684435,-3.951298621419529e-05,1.0,5103.959474872371,True,False,False,False
21,51,150,power,-3.9457894315191874e-05,1.0007283622613279,6.012363889754747e-06,1.345327608270876,2303.696291335227,True,False,False,False
21,51,150,centered_quadratic,-3.9457894315191874e-05,0.999544483508598,3.2592502769929614e-05,6.99038731748368e-08,1523.4266663175288,True,False,False,False
22,11,150,linear,-1.6210674827649038e-05,1.0003446827521132,-1.5406437180783363e-05,1.0,13003.959345123965,True,False,False,False
22,11,150,power,-1.6210674827649038e-05,1.0000118539146092,8.884505193592254e-07,1.5547802893544762,2770.503800278631,True,False,False,False
22,11,150,centered_quadratic,-1.6210674827649038e-05,0.9999887274418116,7.298415384585033e-06,5.833109205895881e-08,1801.1198896552241,True,False,False,False
22,21,150,linear,-1.6980309962388862e-05,1.0004755683229016,-1.6650284395251135e-05,1.0,12040.369014962873,True,False,False,False
22,21,150,power,-1.6980309962388862e-05,1.0002268671403929,4.00183398053617e-06,1.2697159000367635,5023.833471429835,True,False,False,False
22,21,150,centered_quadratic,-1.6980309962388862e-05,1.0000506696628324,1.3123283406079308e-05,2.7341092939363194e-08,2496.6011713376024,True,False,False,False
22,31,150,linear,-1.7561216993442386e-05,1.0005461620166918,-1.7300876941509654e-05,1.0,11591.676115302876,True,False,False,False
22,31,150,power,-1.7561216993442386e-05,1.0004579091240302,1.1892853446500734e-05,1.069065715007908,8988.222603806034,True,False,False,False
22,31,150,centered_quadratic,-1.7561216993442386e-05,0.9999916043036118,1.637390094688635e-05,7.789714240656186e-09,4154.789607532211,True,False,False,False
22,41,150,linear,-1.7663324022139845e-05,1.0005525984600776,-1.7357905012572563e-05,1.0,11553.963356454286,True,False,False,False
22,41,150,power,-1.7663324022139845e-05,1.000431801871083,1.0738159819875292e-05,1.0875529884233675,8456.658209415209,True,False,False,False
22,41,150,centered_quadratic,-1.7663324022139845e-05,0.9998229845283623,1.636124800141039e-05,9.14364230429118e-09,3905.9652457095385,True,False,False,False
22,51,150,linear,-1.8075506163729757e-05,1.0005836542825581,-1.7627970603129386e-05,1.0,11378.715043179713,True,False,False,False
22,51,150,power,-1.8075506163729757e-05,1.0007204524573716,2.709669025951827e-05,0.9235299194943374,15491.449558441538,True,False,False,False
22,51,150,centered_quadratic,-1.8075506163729757e-05,0.9996841722246533,1.7600079349355463e-05,2.817298361501145e-10,9857.31649497526,True,False,False,False
23,11,150,linear,-3.352531524439258e-05,1.0009109571714967,-3.154457436714966e-05,1.0,6369.112952138107,True,False,False,False
23,11,150,power,-3.352531524439258e-05,1.0000448749342763,4.3419630534157324e-07,1.8406658948538048,1193.5585373489291,True,False,False,False
23,11,150,centered_quadratic,-3.352531524439258e-05,0.9999938869442084,6.758491356331335e-06,1.783171439627029e-07,1051.2574317701935,True,False,False,False
23,21,150,linear,-3.534491812004057e-05,1.0011840004288977,-3.413708711945687e-05,1.0,5893.414389015935,True,False,False,False
23,21,150,power,-3.534491812004057e-05,1.0002360885497317,1.077398751553725e-06,1.6654567310047752,1458.130267647374,True,False,False,False
23,21,150,centered_quadratic,-3.534491812004057e-05,1.0000814511623162,1.605878538167061e-05,1.401418739363622e-07,1159.9448203335244,True,False,False,False
23,31,150,linear,-3.688512643677557e-05,1.0013942590075136,-3.6069277026916404e-05,1.0,5583.540220593407,True,False,False,False
23,31,150,power,-3.688512643677557e-05,1.0003970473599475,1.9830106993967196e-06,1.549316785845509,1698.9329298574153,True,False,False,False
23,31,150,centered_quadratic,-3.688512643677557e-05,1.0000095598177277,2.2515805741213083e-05,1.1389471668670891e-07,1261.0125599696992,True,False,False,False
23,41,150,linear,-3.8264860706514e-05,1.0015623613438334,-3.756748978878573e-05,1.0,5365.34015120706,True,False,False,False
23,41,150,power,-3.8264860706514e-05,1.0005359644026621,3.0646908407008498e-06,1.4675108472237488,1912.5596730455457,True,False,False,False
23,41,150,centered_quadratic,-3.8264860706514e-05,0.9998364879128314,2.725602591863949e-05,9.460058596465966e-08,1357.4812525084017,True,False,False,False
23,51,150,linear,-3.923438232882036e-05,1.0017095005929917,-3.884428638183766e-05,1.0,5192.771431303846,True,False,False,False
23,51,150,power,-3.923438232882036e-05,1.0007395107047186,5.2726010029678175e-06,1.3667237138290218,2246.5932895430856,True,False,False,False
23,51,150,centered_quadratic,-3.923438232882036e-05,0.9996118658824,3.1706973823493366e-05,7.209406624635422e-08,1509.5295145763089,True,False,False,False
24,11,150,linear,-1.788383846034464e-05,1.000326627267702,-1.5981176862671767e-05,1.0,12535.161145460908,True,False,False,False
24,11,150,power,-1.788383846034464e-05,0.9997437057636441,3.2798527453883354e-09,2.6946237906686017,774.3629504344254,True,False,False,False
24,11,150,centered_quadratic,-1.788383846034464e-05,0.999816235851817,4.762972616537804e-15,1.20073229864529e-07,1301.007663350124,True,True,True,False
24,21,150,linear,-1.9730118574394453e-05,1.000645270973964,-1.900627376221593e-05,1.0,10556.791588093529,True,False,False,False
24,21,150,power,-1.9730118574394453e-05,0.9999291742717468,3.557475884657383e-08,2.2289218695722433,1067.211995524095,True,False,False,False
24,21,150,centered_quadratic,-1.9730118574394453e-05,0.9998457625427051,2.386167816580707e-07,1.4548571302762733e-07,1192.206359126585,True,False,False,False
24,31,150,linear,-2.1299711323012696e-05,1.000863179376914,-2.1009863853521608e-05,1.0,9560.422703226892,True,False,False,False
24,31,150,power,-2.1299711323012696e-05,1.0000631943292868,1.3246742573220725e-07,1.9740764220734874,1349.2758787718203,True,False,False,False
24,31,150,centered_quadratic,-2.1299711323012696e-05,0.9999362752843549,6.9963903060278376e-06,1.1776028191182255e-07,1304.6384014454845,True,False,False,False
24,41,150,linear,-2.28904071230133e-05,1.0010541952917091,-2.2711296175512484e-05,1.0,8852.607695217654,True,False,False,False
24,41,150,power,-2.28904071230133e-05,1.0002307661592857,4.524994631145732e-07,1.7390336027459399,1764.3331351555005,True,False,False,False
24,41,150,centered_quadratic,-2.28904071230133e-05,0.9999461538726635,1.2884725294949146e-05,9.015202642719078e-08,1460.5064486409403,True,False,False,False
24,51,150,linear,-2.4097043302073868e-05,1.0012105349333122,-2.4069611886890605e-05,1.0,8359.525524501727,True,False,False,False
24,51,150,power,-2.4097043302073868e-05,1.000487377375628,1.812082981620696e-06,1.4777062959277527,2590.219563071464,True,False,False,False
24,51,150,centered_quadratic,-2.4097043302073868e-05,0.9998884330822836,1.8280735674712607e-05,5.8473497093146724e-08,1750.183460134493,True,False,False,False
25,11,150,linear,-2.1190106615777634e-05,1.0003992406065578,-2.012197433318434e-05,1.0,9959.223547764273,True,False,False,False
25,11,150,power,-2.1190106615777634e-05,0.9999893742097361,1.4711598739703519e-06,1.5079260576191538,2536.5487594406804,True,False,False,False
25,11,150,centered_quadratic,-2.1190106615777634e-05,0.9999534689812384,1.0364152261265175e-05,7.020015879076846e-08,1626.4957038411644,True,False,False,False
25,21,150,linear,-2.219043090056256e-05,1.0006160535087198,-2.2184214356850588e-05,1.0,9043.189462635562,True,False,False,False
25,21,150,power,-2.219043090056256e-05,1.0004950908700891,1.4192403136591139e-05,1.0835258822008291,6762.894306860718,True,False,False,False
25,21,150,centered_quadratic,-2.219043090056256e-05,1.000133101122272,2.1383407249643454e-05,6.207807032690676e-09,4232.101873367395,True,False,False,False
25,31,150,linear,-2.3040695486915152e-05,1.0006951509214597,-2.2912549301060187e-05,1.0,8759.180320112753,True,False,False,False
25,31,150,power,-2.3040695486915152e-05,1.001064288726324,5.831032153755727e-05,0.8314748988679526,17971.969440336394,True,False,False,False
25,31,150,centered_quadratic,-2.3040695486915152e-05,0.9999848581636358,2.2912359665947246e-05,1.5935723591475127e-12,8753.960275565307,True,False,False,False
25,41,150,linear,-2.315466037158899e-05,1.0007060927928575,-2.30092575971548e-05,1.0,8722.840880258373,True,False,False,False
25,41,150,power,-2.315466037158899e-05,1.0017803928886202,0.0001700835998429845,0.6514755592707762,52342.16229703174,True,False,False,False
25,41,150,centered_quadratic,-2.315466037158899e-05,0.9997626788641715,2.300734830810185e-05,1.7516413331109463e-11,8666.911334473863,True,False,False,False
25,51,150,linear,-2.3529068081402296e-05,1.0007284494541095,-2.3205335710537916e-05,1.0,8650.098923712423,True,False,False,False
25,51,150,power,-2.3529068081402296e-05,1.0153167859558945,0.009289175309719582,0.13117568141446914,25507041901.777214,True,False,False,False
25,51,150,centered_quadratic,-2.3529068081402296e-05,0.9995449747655397,2.3205178526911938e-05,1.5877134551860746e-12,8645.103605564203,True,False,False,False
26,11,150,linear,-2.0424038423344502e-05,0.9986926645793138,-1.3926207642241456e-05,1.0,14267.535691241046,True,False,False,False
26,11,150,power,-2.0424038423344502e-05,0.9981350485482193,2.714208219049067e-11,3.652523360937436,501.66299084790245,True,False,False,False
26,11,150,centered_quadratic,-2.0424038423344502e-05,0.9982962408904735,6.252777766962689e-11,1.121113453515899e-07,1340.940977545736,True,False,False,False
26,21,150,linear,-2.1023624074365903e-05,0.9993237688458658,-1.9837810120505455e-05,1.0,10047.669961304537,True,False,False,False
26,21,150,power,-2.1023624074365903e-05,0.9985197484217172,1.0570442945184194e-08,2.482167032937469,851.8972402657876,True,False,False,False
26,21,150,centered_quadratic,-2.1023624074365903e-05,0.9984940932733056,1.4387341881542791e-12,1.5559973061762216e-07,1150.456142560182,True,False,False,False
26,31,150,linear,-2.2227613773758024e-05,0.9996578143973414,-2.2920578357128954e-05,1.0,8710.854119230462,True,False,False,False
26,31,150,power,-2.2227613773758024e-05,0.9988069144652242,1.893596739103446e-07,1.920281518735045,1366.3210062750163,True,False,False,False
26,31,150,centered_quadratic,-2.2227613773758024e-05,0.9986814527089479,9.404116018663611e-06,1.1358371713006879e-07,1312.8263909704585,True,False,False,False
26,41,150,linear,-2.3291764075809104e-05,0.9997701807128732,-2.3923184309316796e-05,1.0,8350.484539596735,True,False,False,False
26,41,150,power,-2.3291764075809104e-05,0.9987515659863897,1.233080449907777e-07,2.0028931903480927,1256.5400050553899,True,False,False,False
26,41,150,centered_quadratic,-2.3291764075809104e-05,0.9985532481407603,1.0807516785324611e-05,1.2032722499081137e-07,1281.4422840377879,True,False,False,False
26,51,150,linear,-2.443328696435869e-05,0.99987310375519,-2.4814457672537696e-05,1.0,8054.703688986549,True,False,False,False
26,51,150,power,-2.443328696435869e-05,0.9986300507052831,4.569399124851847e-08,2.1940480248731977,1060.578069660874,True,False,False,False
26,51,150,centered_quadratic,-2.443328696435869e-05,0.998382361920209,1.1026427447047234e-05,1.3927303258118236e-07,1205.5585349987687,True,False,False,False
27,11,150,linear,-3.352798629734132e-05,1.000604209385958,-3.3417461221794584e-05,1.0,6002.975751345394,True,False,False,False
27,11,150,power,-3.352798629734132e-05,1.00046758255061,2.2983813964960243e-05,1.0710475769965653,4777.736904140369,True,False,False,False
27,11,150,centered_quadratic,-3.352798629734132e-05,1.0002106476830825,3.22883468985163e-05,8.12312462790379e-09,3371.1723618446335,True,False,False,False
27,21,150,linear,-3.426690602403066e-05,1.0006818632485204,-3.415547399530446e-05,1.0,5875.540280193715,True,False,False,False
27,21,150,power,-3.426690602403066e-05,1.0008502961847574,4.8512261377982855e-05,0.9351469506218473,7376.727035377043,True,False,False,False
27,21,150,centered_quadratic,-3.426690602403066e-05,0.9999645915084999,3.415515589597269e-05,2.465886268417481e-12,5873.122065843537,True,False,False,False
27,31,150,linear,-3.481413841401049e-05,1.000720191823606,-3.450867459470649e-05,1.0,5816.514084675849,True,False,False,False
27,31,150,power,-3.481413841401049e-05,1.0014999715325095,0.00011837148960868802,0.7789005486014683,14066.64495058506,True,False,False,False
27,31,150,centered_quadratic,-3.481413841401049e-05,0.9996504228708033,3.4508672542169534e-05,1.7248227367798786e-14,5816.49769754292,True,False,False,False
27,41,150,linear,-3.452892717501858e-05,1.0006930097394502,-3.426658246203379e-05,1.0,5856.814287266937,True,False,False,False
27,41,150,power,-3.452892717501858e-05,1.0021403948164087,0.00022157855154935043,0.6737459874872938,24747.60860400084,True,False,False,False
27,41,150,centered_quadratic,-3.452892717501858e-05,0.9992880712524694,3.426610434882526e-05,4.386359709200561e-12,5852.571770897964,True,False,False,False
27,51,150,linear,-3.420870396517071e-05,1.0006498588325214,-3.389651345875509e-05,1.0,5919.483697834291,True,False,False,False
27,51,150,power,-3.420870396517071e-05,1.0039317583601612,0.0006945603641297884,0.4936422102847548,99796.74972628374,True,False,False,False
27,51,150,centered_quadratic,-3.420870396517071e-05,0.9989211366460568,3.3896513457375286e-05,2.228195802977392e-23,5981.230170755401,True,True,False,True
28,11,150,linear,-3.455713669306129e-05,1.0007361272394093,-3.423360744345123e-05,1.0,5863.715285366731,True,False,False,False
28,11,150,power,-3.455713669306129e-05,1.0004539720406662,1.5203115928513666e-05,1.154894879159922,3693.9865089920095,True,False,False,False
28,11,150,centered_quadratic,-3.455713669306129e-05,1.000257496707997,2.9796179202830706e-05,3.1923944177089586e-08,2092.018812785838,True,False,False,False
28,21,150,linear,-3.535635458563828e-05,1.0008409908687186,-3.522916387550548e-05,1.0,5700.98659106586,True,False,False,False
28,21,150,power,-3.535635458563828e-05,1.0007950898802846,3.1857612543290345e-05,1.018721020161592,5366.8045380979,True,False,False,False
28,21,150,centered_quadratic,-3.535635458563828e-05,1.0000986408956274,3.511021707681779e-05,9.220682068914051e-10,5054.71918890743,True,False,False,False
28,31,150,linear,-3.572510043552378e-05,1.0008730805734813,-3.55265105517523e-05,1.0,5654.17423365756,True,False,False,False
28,31,150,power,-3.572510043552378e-05,1.0010584575951138,4.985819685243032e-05,0.9382170726684097,6966.565508319201,True,False,False,False
28,31,150,centered_quadratic,-3.572510043552378e-05,0.99977174137056,3.552562703564371e-05,7.424505098376766e-12,5647.7204658629025,True,False,False,False
28,41,150,linear,-3.5649456889635944e-05,1.0008678208612818,-3.5478511595813925e-05,1.0,5661.675527701166,True,False,False,False
28,41,150,power,-3.5649456889635944e-05,1.0011709385470475,5.843977650913288e-05,0.9103615843246343,7675.593707301566,True,False,False,False
28,41,150,centered_quadratic,-3.5649456889635944e-05,0.9994131569580498,3.5476015606706313e-05,2.289898260488315e-11,5641.821589967679,True,False,False,False
28,51,150,linear,-3.605750235416782e-05,1.0009041158664553,-3.579490941545653e-05,1.0,5612.644902509608,True,False,False,False
28,51,150,power,-3.605750235416782e-05,1.0024316478494586,0.00021693672950914123,0.6879431850826345,20755.705480939512,True,False,False,False
28,51,150,centered_quadratic,-3.605750235416782e-05,0.9990785713700228,3.579465740049678e-05,2.5456056940276655e-12,5610.485871316766,True,False,False,False
29,11,150,linear,-2.2760003081543056e-05,1.0005838628648644,-2.1230766049435252e-05,1.0,9447.79205789421,True,False,False,False
29,11,150,power,-2.2760003081543056e-05,0.9999695641788955,1.833384674411896e-07,1.934467255070298,1321.6699975859908,True,False,False,False
29,11,150,centered_quadratic,-2.2760003081543056e-05,0.9999206474633481,2.549158441960214e-06,1.344000547300051e-07,1221.186215565486,True,False,False,False
29,21,150,linear,-2.3910342700817888e-05,1.0007971687170687,-2.3256486238632476e-05,1.0,8634.02866007827,True,False,False,False
29,21,150,power,-2.3910342700817888e-05,1.0001257480739278,5.789189288430846e-07,1.7123369584143975,1716.2347620585476,True,False,False,False
29,21,150,centered_quadratic,-2.3910342700817888e-05,1.0000275496003004,1.0073693781278036e-05,1.0219218959194507e-07,1371.6390225847072,True,False,False,False
29,31,150,linear,-2.4972876732247305e-05,1.0009522227482963,-2.4681706872420562e-05,1.0,8141.74739968414,True,False,False,False
29,31,150,power,-2.4972876732247305e-05,1.0002470154706224,1.1648416457992387e-06,1.57895023752422,2068.632982216896,True,False,False,False
29,31,150,centered_quadratic,-2.4972876732247305e-05,0.9999950056118792,1.4914712463621653e-05,8.207558326736068e-08,1503.7812975135014,True,False,False,False
29,41,150,linear,-2.608754047758129e-05,1.0010647906857786,-2.5684445603208466e-05,1.0,7828.270611403105,True,False,False,False
29,41,150,power,-2.608754047758129e-05,1.0003080848823471,1.5575765536867174e-06,1.5242478029009665,2248.9541857285994,True,False,False,False
29,41,150,centered_quadratic,-2.608754047758129e-05,0.999869141971668,1.77629764709979e-05,7.267402873588318e-08,1581.6639085154504,True,False,False,False
29,51,150,linear,-2.6823653200954857e-05,1.0012054252653475,-2.6903406285842263e-05,1.0,7478.808561547482,True,False,False,False
29,51,150,power,-2.6823653200954857e-05,1.0006234119734485,5.151163528819809e-06,1.3024328396195404,3346.106189315338,True,False,False,False
29,51,150,centered_quadratic,-2.6823653200954857e-05,0.9997661568036048,2.2789442540947516e-05,4.155518934285516e-08,1986.4171900270571,True,False,False,False
30,11,150,linear,-0.0001542574023841785,1.0016637439917573,-0.0001540067439579734,1.0,1309.447487876173,True,False,False,False
30,11,150,power,-0.0001542574023841785,1.00179955741158,0.0001659232350238971,0.9859387626930332,1345.8937169235603,True,False,False,False
30,11,150,centered_quadratic,-0.0001542574023841785,0.999969669243211,0.00015400671939238308,1.76730863542573e-13,1309.4457566176102,True,False,False,False
30,21,150,linear,-0.00015427960222244837,1.0016587713789356,-0.00015396231405731339,1.0,1309.793066008782,True,False,False,False
30,21,150,power,-0.00015427960222244837,1.0019384927439379,0.0001761330325827662,0.9750509346925093,1372.9666290543034,True,False,False,False
30,21,150,centered_quadratic,-0.00015427960222244837,0.9984255325879106,0.00015396089862817062,1.0972318924214297e-11,1309.6863644472169,True,False,False,False
30,31,150,linear,-0.00015485073372380865,1.001695842740082,-0.00015430278821427514,1.0,1307.1432154550157,True,False,False,False
30,31,150,power,-0.00015485073372380865,1.0025710323199586,0.0002226168909288614,0.9332097320188654,1481.8275100714823,True,False,False,False
30,31,150,centered_quadratic,-0.00015485073372380865,0.9969124515693707,0.0001543025473972112,2.023672840502728e-12,1307.1238187939111,True,False,False,False
30,41,150,linear,-0.0001543238807968984,1.0016422138403434,-0.00015382642092123146,1.0,1310.842523883439,True,False,False,False
30,41,150,power,-0.0001543238807968984,1.0029058700874631,0.00024894629741615247,0.9135070087391958,1537.5425847732006,True,False,False,False
30,41,150,centered_quadratic,-0.0001543238807968984,0.9953353305628571,0.00015382641982590015,1.0048893238713837e-14,1310.8424281989276,True,False,False,False
30,51,150,linear,-0.00015401780581051337,1.001604455533111,-0.00015349988446797686,1.0,1313.3850636556642,True,False,False,False
30,51,150,power,-0.00015401780581051337,1.0038019090814736,0.00032445444267684457,0.8676029721466396,1678.9596886147413,True,False,False,False
30,51,150,centered_quadratic,-0.00015401780581051337,0.9937759614153804,0.0001534998838640758,6.100026867206912e-15,1313.385006127839,True,True,False,True
31,11,150,linear,-1.6158583021140355e-05,1.0001740929291705,-1.3598951315850193e-05,1.0,14719.818335981428,True,False,False,False
31,11,150,power,-1.6158583021140355e-05,0.9996235692300877,3.293366191678318e-11,3.6049661299933593,517.1751432280594,True,False,False,False
31,11,150,centered_quadratic,-1.6158583021140355e-05,0.9997761647982564,1.314446673599005e-10,1.0780201355421707e-07,1372.313667602733,True,False,False,False
31,21,150,linear,-1.8707399012850154e-05,1.0005046809042935,-1.673340505454692e-05,1.0,11982.300090788207,True,False,False,False
31,21,150,power,-1.8707399012850154e-05,0.9997454165316617,3.325754730605072e-10,3.150219132651614,611.8698221080925,True,False,False,False
31,21,150,centered_quadratic,-1.8707399012850154e-05,0.9998312588383411,2.343780888058934e-16,1.359942652772202e-07,1233.1920030098947,True,True,True,False
31,31,150,linear,-2.1226005239272147e-05,1.0008359474348112,-1.9774422966352962e-05,1.0,10156.34932946171,True,False,False,False
31,31,150,power,-2.1226005239272147e-05,0.9998911874344781,3.301524581473703e-09,2.699874828601845,762.7551523764901,True,False,False,False
31,31,150,centered_quadratic,-2.1226005239272147e-05,0.9998421336649985,9.628023926391827e-13,1.6787836954174682e-07,1122.0537755457017,True,True,True,False
31,41,150,linear,-2.2804408860529604e-05,1.0011063832959222,-2.2191082780433104e-05,1.0,9062.486282699412,True,False,False,False
31,41,150,power,-2.2804408860529604e-05,1.0000182471170598,1.6127358996948367e-08,2.3902888988123263,928.18719344443,True,False,False,False
31,41,150,centered_quadratic,-2.2804408860529604e-05,0.999876815158654,4.4280970431413965e-06,1.62963171901806e-07,1134.978631389222,True,False,False,False
31,51,150,linear,-2.427933243677731e-05,1.0013106032840327,-2.395829331310945e-05,1.0,8402.5435640643,True,False,False,False
31,51,150,power,-2.427933243677731e-05,1.0000750018977813,2.8211373020118452e-08,2.2821351044177063,1004.4120968771356,True,False,False,False
31,51,150,centered_quadratic,-2.427933243677731e-05,0.9998375786058056,8.581657440058926e-06,1.5531955427367766e-07,1158.0042312754626,True,False,False,False
32,11,150,linear,-1.6414475035915656e-05,1.0002801203919673,-1.456138926723338e-05,1.0,13754.190394638073,True,False,False,False
32,11,150,power,-1.6414475035915656e-05,0.9996975953589797,1.3355795158855213e-10,3.3294394424295994,569.6786747820747,True,False,False,False
32,11,150,centered_quadratic,-1.6414475035915656e-05,0.999836424874462,1.5915577828590673e-10,1.1270755119992956e-07,1342.5595338786363,True,False,False,False
32,21,150,linear,-1.8468772353200215e-05,1.0006117934088539,-1.770910460686143e-05,1.0,11328.17259044968,True,False,False,False
32,21,150,power,-1.8468772353200215e-05,0.9998370125192922,1.5910196042901847e-09,2.8418992701421244,707.709202274371,True,False,False,False
32,21,150,centered_quadratic,-1.8468772353200215e-05,0.9998809920783399,3.504977429007568e-15,1.4067111666452914e-07,1213.0192823072093,True,True,True,False
32,31,150,linear,-2.0542870683085554e-05,1.0008806665697683,-2.0178213085567124e-05,1.0,9955.32487034009,True,False,False,False
32,31,150,power,-2.0542870683085554e-05,0.9999504216179691,8.23980440355896e-09,2.519375427563123,853.6585897714439,True,False,False,False
32,31,150,centered_quadratic,-2.0542870683085554e-05,0.9998716193817248,6.770648283662136e-07,1.6387519543876224e-07,1133.31720899159,True,False,False,False
32,41,150,linear,-2.1930549030595034e-05,1.0010432016947655,-2.1629192423296897e-05,1.0,9294.993440357066,True,False,False,False
32,41,150,power,-2.1930549030595034e-05,0.9999372919485903,7.05190307808153e-09,2.549671515084815,837.4518582982809,True,False,False,False
32,41,150,centered_quadratic,-2.1930549030595034e-05,0.999817250754649,2.787300714325802e-06,1.7286139182540186e-07,1108.1140934802206,True,False,False,False
32,51,150,linear,-2.313528471610623e-05,1.0012476534516963,-2.3395419163142318e-05,1.0,8602.011019693397,True,False,False,False
32,51,150,power,-2.313528471610623e-05,0.999966192374879,9.630813228379158e-09,2.489310187967338,869.9343302130048,True,False,False,False
32,51,150,centered_quadratic,-2.313528471610623e-05,0.9997736769355055,6.20296168118147e-06,1.7366118668691314e-07,1105.83980163436,True,False,False,False
33,11,150,linear,-1.9883095308678067e-05,1.0004188155891263,-1.828565602858576e-05,1.0,10960.438896795049,True,False,False,False
33,11,150,power,-1.9883095308678067e-05,0.9997791054437148,1.2138496523261128e-08,2.4537062375704783,873.0001403484945,True,False,False,False
33,11,150,centered_quadratic,-1.9883095308678067e-05,0.9998151646926955,1.82665506594953e-14,1.3434585172139524e-07,1230.5569686317422,True,True,True,False
33,21,150,linear,-2.160851048363388e-05,1.0006568258221835,-2.0544025064043606e-05,1.0,9767.162238006387,True,False,False,False
33,21,150,power,-2.160851048363388e-05,0.9998842048426091,4.034060629664345e-08,2.21904645320811,1040.1067605366968,True,False,False,False
33,21,150,centered_quadratic,-2.160851048363388e-05,0.9998065933638075,9.124032500725045e-07,1.5218311483702115e-07,1163.8401228313896,True,False,False,False
33,31,150,linear,-2.296646563340813e-05,1.000890456636804,-2.2688933529337776e-05,1.0,8854.116319616514,True,False,False,False
33,31,150,power,-2.296646563340813e-05,1.0000311902098187,1.5244159950305248e-07,1.9613595666356636,1316.0182967467592,True,False,False,False
33,31,150,centered_quadratic,-2.296646563340813e-05,0.9999005672083626,8.11948493445336e-06,1.2243234113361295e-07,1276.0594884758334,True,False,False,False
33,41,150,linear,-2.401442697527198e-05,1.0010220304975135,-2.3865275838733195e-05,1.0,8423.201636381506,True,False,False,False
33,41,150,power,-2.401442697527198e-05,1.0000257025373376,1.4848138691376002e-07,1.9662074945350678,1310.3246663011328,True,False,False,False
33,41,150,centered_quadratic,-2.401442697527198e-05,0.9998024167497687,1.046875148554391e-05,1.229038931484986e-07,1274.143539660621,True,False,False,False
33,51,150,linear,-2.5312598569598588e-05,1.0011878293174905,-2.5300382159770885e-05,1.0,7951.96799981113,True,False,False,False
33,51,150,power,-2.5312598569598588e-05,1.000102935353102,2.503617318114808e-07,1.866492591351552,1453.6098794995332,True,False,False,False
33,51,150,centered_quadratic,-2.5312598569598588e-05,0.9997185629747614,1.4344452409829712e-05,1.1066595707058783e-07,1331.142978878262,True,False,False,False
34,11,150,linear,-2.599864770165319e-05,1.000666038504087,-2.4062980298264995e-05,1.0,8339.201379745782,True,False,False,False
34,11,150,power,-2.599864770165319e-05,0.9998221174733913,1.5623904977927983e-08,2.4579862366536793,778.6313406100348,True,False,False,False
34,11,150,centered_quadratic,-2.599864770165319e-05,0.9998706160908465,6.98370288741181e-17,1.766299219873298e-07,1074.7567699147355,True,True,True,False
34,21,150,linear,-2.7965999420328465e-05,1.000975741664843,-2.6999700188234866e-05,1.0,7443.628642677236,True,False,False,False
34,21,150,power,-2.7965999420328465e-05,0.9999570171406866,5.103381640606025e-08,2.226600547564431,914.2213734207296,True,False,False,False
34,21,150,centered_quadratic,-2.7965999420328465e-05,0.9998612016601544,1.333467341239491e-06,1.9896304532560818e-07,1019.9091111993847,True,False,False,False
34,31,150,linear,-2.9214790680140602e-05,1.0012640782594033,-2.9647634616187237e-05,1.0,6788.53746226067,True,False,False,False
34,31,150,power,-2.9214790680140602e-05,1.000113528303704,1.5496289732088637e-07,2.0110441140799082,1093.3123194139866,True,False,False,False
34,31,150,centered_quadratic,-2.9214790680140602e-05,0.9999534919615601,9.740365561502245e-06,1.6728797524955856e-07,1095.5568150489448,True,False,False,False
34,41,150,linear,-3.0568462700889786e-05,1.001464568438079,-3.143805904716398e-05,1.0,6408.301738216023,True,False,False,False
34,41,150,power,-3.0568462700889786e-05,1.0001550912891455,2.0078207836332588e-07,1.9610219511723683,1145.345560875046,True,False,False,False
34,41,150,centered_quadratic,-3.0568462700889786e-05,0.9998637234507894,1.4111138694019778e-05,1.5896257204717344e-07,1118.7871482435614,True,False,False,False
34,51,150,linear,-3.197195137358966e-05,1.0016748958104291,-3.325860013435808e-05,1.0,6063.841983598315,True,False,False,False
34,51,150,power,-3.197195137358966e-05,1.0002367070372429,3.0679695799498503e-07,1.8800460898406726,1238.3568080594207,True,False,False,False
34,51,150,centered_quadratic,-3.197195137358966e-05,0.9997437896743766,1.887589426486802e-05,1.452798572680195e-07,1160.3912693273328,True,False,False,False
35,11,150,linear,-0.00021099024903311784,1.0029784158956387,-0.00020930810309156622,1.0,969.7589959373983,True,False,False,False
35,11,150,power,-0.00021099024903311784,1.0009818159713877,7.999644122021882e-05,1.1838353584035919,744.8927038594669,True,False,False,False
35,11,150,centered_quadratic,-0.00021099024903311784,0.9998232158188696,0.0001722293664497341,2.6675350102035094e-07,611.9223597001443,True,False,False,False
35,21,150,linear,-0.00021377647909041122,1.003296346389754,-0.00021232381146754712,1.0,957.482559231596,True,False,False,False
35,21,150,power,-0.00021377647909041122,1.000927593735923,7.825063104869072e-05,1.1879353123089735,741.5651723084103,True,False,False,False
35,21,150,centered_quadratic,-0.00021377647909041122,0.9981488785700691,0.000180042509333178,2.502426522045057e-07,621.0749828091843,True,False,False,False
35,31,150,linear,-0.0002166860792645504,1.0036298748538122,-0.0002153849706388812,1.0,945.422859588574,True,False,False,False
35,31,150,power,-0.0002166860792645504,1.001032363504838,8.130971441591045e-05,1.1809062233345686,747.0019846788184,True,False,False,False
35,31,150,centered_quadratic,-0.0002166860792645504,0.9964275442165887,0.00018866989195656406,2.2449645951540642e-07,636.2409893428359,True,False,False,False
35,41,150,linear,-0.00021986657159976149,1.0039290853373881,-0.00021805635353696864,1.0,935.2127650929214,True,False,False,False
35,41,150,power,-0.00021986657159976149,1.0011868763803935,8.601367063522214e-05,1.1705961902612585,755.1758991932045,True,False,False,False
35,41,150,centered_quadratic,-0.00021986657159976149,0.9945987364190758,0.000196387552242676,1.9879634214951015e-07,652.8898713521414,True,False,False,False
35,51,150,linear,-0.00022175090069707665,1.0042461816194954,-0.0002208001569507197,1.0,925.0273389302029,True,False,False,False
35,51,150,power,-0.00022175090069707665,1.0017121206094515,0.00010184542915138108,1.140089918868192,779.2797013498852,True,False,False,False
35,51,150,centered_quadratic,-0.00022175090069707665,0.9927363828869847,0.00020555582666343967,1.5398313421539272e-07,686.2956019640992,True,False,False,False
36,11,150,linear,-1.881926350076437e-05,1.0004672435017081,-1.8071607447208694e-05,1.0,11092.939246678461,True,False,False,False
36,11,150,power,-1.881926350076437e-05,0.9998853216669217,4.77492558520134e-08,2.173167781395813,1114.4977021651973,True,False,False,False
36,11,150,centered_quadratic,-1.881926350076437e-05,0.9998561760545484,2.4386742938924027e-11,1.3053225921906912e-07,1248.3706960046477,True,False,False,False
36,21,150,linear,-2.003106550744575e-05,1.0006733269495225,-2.002730015615699e-05,1.0,10019.988984278018,True,False,False,False
36,21,150,power,-2.003106550744575e-05,1.0000045192267917,1.6180850217698283e-07,1.9356097354975812,1403.9399683559552,True,False,False,False
36,21,150,centered_quadratic,-2.003106550744575e-05,0.9999457766178739,5.6377519513451095e-06,1.1154688530868416e-07,1334.8037380445337,True,False,False,False
36,31,150,linear,-2.114197237869222e-05,1.0008270419263192,-2.1440603871804596e-05,1.0,9366.669107226788,True,False,False,False
36,31,150,power,-2.114197237869222e-05,1.000081918691768,3.080899285471959e-07,1.8113382971379586,1617.9684465774878,True,False,False,False
36,31,150,centered_quadratic,-2.114197237869222e-05,0.9999367105080027,9.965720907844312e-06,9.64275879326132e-08,1420.1963351781887,True,False,False,False
36,41,150,linear,-2.203469108956512e-05,1.0009315009389268,-2.2370410489872116e-05,1.0,8982.021185078193,True,False,False,False
36,41,150,power,-2.203469108956512e-05,1.000056094644676,2.5257613219010553e-07,1.849510781509103,1546.5431419544457,True,False,False,False
36,41,150,centered_quadratic,-2.203469108956512e-05,0.9998196145630748,1.1553769058304345e-05,9.923524249147903e-08,1402.9916271015481,True,False,False,False
36,51,150,linear,-2.320566852626046e-05,1.0010592923264459,-2.34787253928253e-05,1.0,8563.467094678237,True,False,False,False
36,51,150,power,-2.320566852626046e-05,1.0001001942053753,3.443649490336246e-07,1.7903379853286479,1658.1793329367883,True,False,False,False
36,51,150,centered_quadratic,-2.320566852626046e-05,0.9997153010269292,1.4504665934621512e-05,9.06470652348161e-08,1457.472667516395,True,False,False,False
37,11,150,linear,-2.7727359811354557e-05,1.0007070850483377,-2.5893183143635044e-05,1.0,7751.348450863395,True,False,False,False
37,11,150,power,-2.7727359811354557e-05,1.0000194899371204,4.593282502709168e-07,1.7898417528394055,1414.2606343565276,True,False,False,False
37,11,150,centered_quadratic,-2.7727359811354557e-05,0.9999795519335323,6.645004872965167e-06,1.3847610266668156e-07,1188.9719551901312,True,False,False,False
37,21,150,linear,-2.8883686669511532e-05,1.0009274838504354,-2.798459514327699e-05,1.0,7179.93177395336,True,False,False,False
37,21,150,power,-2.8883686669511532e-05,1.0001903303116892,1.175404865077852e-06,1.6091866049143104,1781.8431597453446,True,False,False,False
37,21,150,centered_quadratic,-2.8883686669511532e-05,1.0000486314524932,1.4335724833920994e-05,1.0580519619661371e-07,1329.958721155878,True,False,False,False
37,31,150,linear,-2.983355838319923e-05,1.0011231933137024,-2.9782394334318302e-05,1.0,6753.090132916135,True,False,False,False
37,31,150,power,-2.983355838319923e-05,1.0004496695176184,3.4331463256724264e-06,1.4063969206865883,2449.1990379358017,True,False,False,False
37,31,150,centered_quadratic,-2.983355838319923e-05,1.0000369571532868,2.1495177246904155e-05,6.96404797262972e-08,1578.5050469221394,True,False,False,False
37,41,150,linear,-3.080653145740361e-05,1.001223490274871,-3.067774835908255e-05,1.0,6559.265299380943,True,False,False,False
37,41,150,power,-3.080653145740361e-05,1.0005384221058589,4.622776020818157e-06,1.3509067602525024,2708.491439293208,True,False,False,False
37,41,150,centered_quadratic,-3.080653145740361e-05,0.9998518671148138,2.435355517379512e-05,5.802012096594652e-08,1698.900567845938,True,False,False,False
37,51,150,linear,-3.2041507102214956e-05,1.0013586817314153,-3.184833181503119e-05,1.0,6322.424763119984,True,False,False,False
37,51,150,power,-3.2041507102214956e-05,1.0010350891368864,1.621826880176523e-05,1.1220154406459935,4447.727635019638,True,False,False,False
37,51,150,centered_quadratic,-3.2041507102214956e-05,0.9996989860159099,2.9679099594179622e-05,2.1911436574722565e-08,2467.7081108651146,True,False,False,False
38,11,150,linear,-3.377335341308999e-05,1.0008192512023972,-3.282225574530173e-05,1.0,6118.386644743118,True,False,False,False
38,11,150,power,-3.377335341308999e-05,1.0001635740065136,2.6310866614787666e-06,1.4893984073202744,1893.781517100311,True,False,False,False
38,11,150,centered_quadratic,-3.377335341308999e-05,1.0001132515775673,1.7824220456968135e-05,1.0789953444841793e-07,1292.7525113697473,True,False,False,False
38,21,150,linear,-3.490869122883179e-05,1.00099799904651,-3.451911919124947e-05,1.0,5822.802080577499,True,False,False,False
38,21,150,power,-3.490869122883179e-05,1.0003431352447238,4.908255680313898e-06,1.370971842965768,2307.789519394597,True,False,False,False
38,21,150,centered_quadratic,-3.490869122883179e-05,1.000055403341973,2.4314703494944984e-05,7.910399764583081e-08,1465.0094088728924,True,False,False,False
38,31,150,linear,-3.566429231606475e-05,1.0011323675853399,-3.575327891811212e-05,1.0,5625.564246736792,True,False,False,False
38,31,150,power,-3.566429231606475e-05,1.0005187954540262,8.00128628739416e-06,1.2796926290455073,2738.675200784171,True,False,False,False
38,31,150,centered_quadratic,-3.566429231606475e-05,0.9998893590253521,2.8906317213345524e-05,5.753749331751124e-08,1660.5412194868252,True,False,False,False
38,41,150,linear,-3.634056005145156e-05,1.001216296203873,-3.650190577599329e-05,1.0,5512.487414731363,True,False,False,False
38,41,150,power,-3.634056005145156e-05,1.0005995150987086,9.712035811693352e-06,1.2439604163869842,2942.9009925984124,True,False,False,False
38,41,150,centered_quadratic,-3.634056005145156e-05,0.9996258777981555,3.12885575036145e-05,4.782888323284721e-08,1782.9060398048352,True,False,False,False
38,51,150,linear,-3.719465517112825e-05,1.0013150523707715,-3.7357658499658354e-05,1.0,5388.8562735432815,True,False,False,False
38,51,150,power,-3.719465517112825e-05,1.0009350049757122,1.9005497482146625e-05,1.1221916299787944,3854.761230976479,True,False,False,False
38,51,150,centered_quadratic,-3.719465517112825e-05,0.9993706793404812,3.496179440931469e-05,2.4200647377683937e-08,2288.39803002133,True,False,False,False
39,11,150,linear,-2.7414026465077436e-05,1.0006164322302473,-2.716351637478414e-05,1.0,7385.510383202054,True,False,False,False
39,11,150,power,-2.7414026465077436e-05,1.0001835403963757,4.350634848606354e-06,1.353127845654225,2792.5304190228258,True,False,False,False
39,11,150,centered_quadratic,-2.7414026465077436e-05,1.000110935577535,1.8176648001338454e-05,6.465372930536211e-08,1635.3324602044822,True,False,False,False
39,21,150,linear,-2.8324861119122787e-05,1.0007469817702264,-2.840243290899556e-05,1.0,7067.950214456669,True,False,False,False
39,21,150,power,-2.8324861119122787e-05,1.0004068282976046,9.586970356404208e-06,1.204685995660578,3856.457550202314,True,False,False,False
39,21,150,centered_quadratic,-2.8324861119122787e-05,1.0000474437878246,2.357023487872088e-05,3.745889945954662e-08,2038.6448145369527,True,False,False,False
39,31,150,linear,-2.902915168108331e-05,1.0008083444952762,-2.8968453419873138e-05,1.0,6931.966356116072,True,False,False,False
39,31,150,power,-2.902915168108331e-05,1.0005245892002501,1.3463504561447029e-05,1.141920379837304,4512.099834656296,True,False,False,False
39,31,150,centered_quadratic,-2.902915168108331e-05,0.9998473471176188,2.5766318421115928e-05,2.690869746867593e-08,2319.191303725735,True,False,False,False
39,41,150,linear,-2.9200257578743116e-05,1.0008274479627253,-2.913782924563162e-05,1.0,6892.327025110614,True,False,False,False
39,41,150,power,-2.9200257578743116e-05,1.0004283060844152,1.0423184630353437e-05,1.1887470465714995,4015.684990003975,True,False,False,False
39,41,150,centered_quadratic,-2.9200257578743116e-05,0.999568203737234,2.5549316666685094e-05,3.2922133751814607e-08,2145.4400546064235,True,False,False,False
39,51,150,linear,-2.9700641336793172e-05,1.0008728833921907,-2.9532850292735775e-05,1.0,6801.676147107263,True,False,False,False
39,51,150,power,-2.9700641336793172e-05,1.0005311521276756,1.3525985986196894e-05,1.1413821928364327,4511.82805421591,True,False,False,False
39,51,150,centered_quadratic,-2.9700641336793172e-05,0.9993220789913692,2.6800460340087393e-05,2.759989851205227e-08,2296.3374637414668,True,False,False,False
40,11,150,linear,-3.5530044777311836e-05,1.0007498385159626,-3.476338589687095e-05,1.0,5774.749304095606,True,False,False,False
40,11,150,power,-3.5530044777311836e-05,1.000130289044247,4.096911869593039e-06,1.4133887985373126,2077.0968326075863,True,False,False,False
40,11,150,centered_quadratic,-3.5530044777311836e-05,1.0000591176585192,2.135801143699473e-05,9.644154287678572e-08,1344.8004776225555,True,False,False,False
40,21,150,linear,-3.644920945048359e-05,1.000927548071067,-3.645243139572727e-05,1.0,5512.047904014945,True,False,False,False
40,21,150,power,-3.644920945048359e-05,1.000376230440079,8.568368754232863e-06,1.2739797809487918,2687.633275415077,True,False,False,False
40,21,150,centered_quadratic,-3.644920945048359e-05,0.9999914219397086,2.8454381143460962e-05,6.200038955248971e-08,1602.1393696719158,True,False,False,False
40,31,150,linear,-3.735268600592931e-05,1.0010244686339471,-3.7342189796892405e-05,1.0,5383.30691711808,True,False,False,False
40,31,150,power,-3.735268600592931e-05,1.0004791432592997,1.0973416697829577e-05,1.2281004351362317,2952.420246465669,True,False,False,False
40,31,150,centered_quadratic,-3.735268600592931e-05,0.999751888042244,3.149611989856095e-05,4.912663780123861e-08,1752.208253317043,True,False,False,False
40,41,150,linear,-3.80015353846366e-05,1.0010904118135548,-3.7931206216403525e-05,1.0,5301.450490825476,True,False,False,False
40,41,150,power,-3.80015353846366e-05,1.0005199201455084,1.2020840629645522e-05,1.211303166593402,3059.7515270465146,True,False,False,False
40,41,150,centered_quadratic,-3.80015353846366e-05,0.9994507137960508,3.323573051459465e-05,4.307775873223446e-08,1841.2891792133248,True,False,False,False
40,51,150,linear,-3.901851603690146e-05,1.0012064272778152,-3.893316382924207e-05,1.0,5167.995803276903,True,False,False,False
40,51,150,power,-3.901851603690146e-05,1.0010628698778337,3.0984830533996e-05,1.0410321966341889,4591.196586573918,True,False,False,False
40,51,150,centered_quadratic,-3.901851603690146e-05,0.9992042638658205,3.791854811262534e-05,1.0248643602635492e-08,2982.217877012054,True,False,False,False
41,11,150,linear,-2.9099018690240436e-05,0.9555151673377706,-2.3323959626047073e-05,1.0,6667.614325832513,True,False,False,False
41,11,150,power,-2.9099018690240436e-05,0.9547213355898025,1.7436948378322242e-08,2.4329169096085783,717.5694846937831,True,False,False,False
41,11,150,centered_quadratic,-2.9099018690240436e-05,0.9547638484460063,8.468673131900541e-17,1.7424922381478466e-07,953.4305030055391,True,True,True,False
41,21,150,linear,-3.104508396965292e-05,0.9562672425780772,-3.041743130501074e-05,1.0,5137.424032000191,True,False,False,False
41,21,150,power,-3.104508396965292e-05,0.9555922329525326,2.660957303436018e-06,1.4654390596558347,1790.2591127288304,True,False,False,False
41,21,150,centered_quadratic,-3.104508396965292e-05,0.9553882133287697,1.915509418458286e-05,8.730493891811295e-08,1249.904353340996,True,False,False,False
41,31,150,linear,-3.13867160734754e-05,0.9563898104332909,-3.153457074149976e-05,1.0,4959.313120678712,True,False,False,False
41,31,150,power,-3.13867160734754e-05,0.9556342620653814,3.0141328272998296e-06,1.442493886678816,1850.1995758937428,True,False,False,False
41,31,150,centered_quadratic,-3.13867160734754e-05,0.9552256372931673,2.204636156498055e-05,7.973285022298569e-08,1294.8666388864096,True,False,False,False
41,41,150,linear,-3.270846048054806e-05,0.9566850187074846,-3.416498934726407e-05,1.0,4586.128130024775,True,False,False,False
41,41,150,power,-3.270846048054806e-05,0.9569527125403844,5.416703348425957e-05,0.9171696885216328,5952.408804864707,True,False,False,False
41,41,150,centered_quadratic,-3.270846048054806e-05,0.9552842268620422,3.416347366921556e-05,1.3905303153633693e-11,4577.950857871852,True,False,False,False
41,51,150,linear,-3.289927769787545e-05,0.9568990761353,-3.603236826997042e-05,1.0,4354.3925550422555,True,False,False,False
41,51,150,power,-3.289927769787545e-05,0.9877986479756792,0.02185740667919119,0.10000303980427666,2191060387.197555,True,True,False,True
41,51,150,centered_quadratic,-3.289927769787545e-05,0.9550614253535316,3.6032368269975994e-05,3.673571401959944e-27,,True,True,False,True
42,11,150,linear,-1.8350462017902383e-05,1.0003727531623665,-1.7938234173400038e-05,1.0,11170.149259144582,True,False,False,False
42,11,150,power,-1.8350462017902383e-05,0.9999454029591693,6.416689167342425e-07,1.6495790833884123,2139.460953767629,True,False,False,False
42,11,150,centered_quadratic,-1.8350462017902383e-05,0.9999255422210221,7.073435676149883e-06,7.816401796579904e-08,1565.6953710630949,True,False,False,False
42,21,150,linear,-1.9164017875254274e-05,1.0005033796407057,-1.917842900702052e-05,1.0,10454.630020389506,True,False,False,False
42,21,150,power,-1.9164017875254274e-05,1.0000692285479302,1.5652581533700568e-06,1.4789202440561873,2837.4008792903105,True,False,False,False
42,21,150,centered_quadratic,-1.9164017875254274e-05,0.9999444648354991,1.1858063566741203e-05,5.6747018916935834e-08,1796.5054195449889,True,False,False,False
42,31,150,linear,-1.9968753349564862e-05,1.0005852776745527,-1.9931276976126777e-05,1.0,10063.844775967396,True,False,False,False
42,31,150,power,-1.9968753349564862e-05,1.0001299803327606,2.2296052361733594e-06,1.4121489123577289,3217.214947816085,True,False,False,False
42,31,150,centered_quadratic,-1.9968753349564862e-05,0.99985634555412,1.42840294757603e-05,4.745586134775571e-08,1938.1863419397039,True,False,False,False
42,41,150,linear,-2.0454705458821894e-05,1.0006346312310799,-2.0371244572666764e-05,1.0,9848.913772322116,True,False,False,False
42,41,150,power,-2.0454705458821894e-05,1.0000933070439113,1.8346566875613784e-06,1.448630775633112,3002.923990002137,True,False,False,False
42,41,150,centered_quadratic,-2.0454705458821894e-05,0.9997025955945105,1.4992655178765187e-05,4.9344856824789826e-08,1906.5464199235043,True,False,False,False
42,51,150,linear,-2.145063155118748e-05,1.0007290610875044,-2.1189296791856845e-05,1.0,9473.134623544729,True,False,False,False
42,51,150,power,-2.145063155118748e-05,1.0003200588266683,5.067437279878513e-06,1.2610914231924415,4417.783629127055,True,False,False,False
42,51,150,centered_quadratic,-2.145063155118748e-05,0.9996012855872299,1.83043153291016e-05,2.9141226896988018e-08,2372.8592650118962,True,False,False,False
43,11,150,linear,-2.8702813876893482e-05,1.0006639103245736,-2.661290824482316e-05,1.0,7540.097026547537,True,False,False,False
43,11,150,power,-2.8702813876893482e-05,0.9999121882863397,2.808899166027402e-07,1.8943485896630063,1228.4248100970938,True,False,False,False
43,11,150,centered_quadratic,-2.8702813876893482e-05,0.9998414273719752,3.580692509818483e-06,1.6569939377699987e-07,1098.4505468326245,True,False,False,False
43,21,150,linear,-2.994729819780486e-05,1.0009762043060535,-2.958002001038132e-05,1.0,6794.322797466649,True,False,False,False
43,21,150,power,-2.994729819780486e-05,1.0002299579232028,1.535189754335126e-06,1.5675943250087405,1833.140095547808,True,False,False,False
43,21,150,centered_quadratic,-2.994729819780486e-05,1.0000688078425093,1.616364297945327e-05,1.0400292272039558e-07,1332.437045604102,True,False,False,False
43,31,150,linear,-3.119671269861531e-05,1.0011547849254403,-3.122062656835839e-05,1.0,6443.009222925315,True,False,False,False
43,31,150,power,-3.119671269861531e-05,1.0004374624668086,3.427551204962343e-06,1.4157753806071016,2328.391299858584,True,False,False,False
43,31,150,centered_quadratic,-3.119671269861531e-05,1.0000124014893252,2.2345507288854976e-05,7.458083428168556e-08,1525.6569288719072,True,False,False,False
43,41,150,linear,-3.232385840684964e-05,1.001270606540986,-3.225472996785567e-05,1.0,6240.03384128677,True,False,False,False
43,41,150,power,-3.232385840684964e-05,1.0005758976312467,5.311348703340455e-06,1.3341467097469186,2695.9547692939122,True,False,False,False
43,41,150,centered_quadratic,-3.232385840684964e-05,0.9998345957238073,2.594545838469623e-05,5.788322553357978e-08,1688.405597956846,True,False,False,False
43,51,150,linear,-3.3378740028788884e-05,1.00141675600733,-3.352033707442441e-05,1.0,6008.792678908003,True,False,False,False
43,51,150,power,-3.3378740028788884e-05,1.0011839180938344,2.147456541897851e-05,1.0802594520172795,4748.844450302477,True,False,False,False
43,51,150,centered_quadratic,-3.3378740028788884e-05,0.9996816863761079,3.19571264359571e-05,1.5790006449613853e-08,2736.369085197264,True,False,False,False
44,11,150,linear,-2.9447471138552923e-05,1.0008168632424896,-2.7651264575338292e-05,1.0,7262.483880089696,True,False,False,False
44,11,150,power,-2.9447471138552923e-05,1.0000399286722406,3.1245584603729e-07,1.880345175438175,1224.3494996438594,True,False,False,False
44,11,150,centered_quadratic,-2.9447471138552923e-05,0.9999868159080911,4.786767876657732e-06,1.6449278200488375e-07,1099.1694515733911,True,False,False,False
44,21,150,linear,-3.118123545639441e-05,1.0010707340866567,-3.0062636756949805e-05,1.0,6688.3931609948895,True,False,False,False
44,21,150,power,-3.118123545639441e-05,1.0002194383849172,8.437221996171706e-07,1.6886425098217275,1524.7961953133959,True,False,False,False
44,21,150,centered_quadratic,-3.118123545639441e-05,1.000087170627931,1.3551007686814653e-05,1.279971245747223e-07,1219.4716883608764,True,False,False,False
44,31,150,linear,-3.226258667433746e-05,1.0012740451509425,-3.193209622524225e-05,1.0,6303.189234154813,True,False,False,False
44,31,150,power,-3.226258667433746e-05,1.0004050181602862,1.8823615780085852e-06,1.535789016900735,1876.5921754567291,True,False,False,False
44,31,150,centered_quadratic,-3.226258667433746e-05,1.0000541057406889,2.0234921957163235e-05,9.82955820848345e-08,1358.3941781333353,True,False,False,False
44,41,150,linear,-3.3290345355182794e-05,1.001415621857538,-3.3194107249848685e-05,1.0,6067.8125891894915,True,False,False,False
44,41,150,power,-3.3290345355182794e-05,1.0005118355000926,2.742480884145116e-06,1.4650862796642803,2089.0004784256644,True,False,False,False
44,41,150,centered_quadratic,-3.3290345355182794e-05,0.9998914335753288,2.41257803072929e-05,8.319566002345573e-08,1452.8262296976845,True,False,False,False
44,51,150,linear,-3.426159284644056e-05,1.0015629548955327,-3.447218597218376e-05,1.0,5847.118458289169,True,False,False,False
44,51,150,power,-3.426159284644056e-05,1.0008115551454162,6.494868695305826e-06,1.305433454727647,2751.9329729158917,True,False,False,False
44,51,150,centered_quadratic,-3.426159284644056e-05,0.9997175537284039,2.9126082958981748e-05,5.400104053788554e-08,1723.2589082015463,True,False,False,False
45,11,150,linear,-1.1459665519385329e-05,1.0001623200835228,-9.86346643017998e-06,1.0,20293.3037285017,True,False,False,False
45,11,150,power,-1.1459665519385329e-05,0.9997633402882178,1.9732575487174367e-11,3.64496044616494,555.8746167413407,True,False,False,False
45,11,150,centered_quadratic,-1.1459665519385329e-05,0.9998770042425366,1.37153925765268e-20,7.87024377881603e-08,1604.6293641325287,True,True,True,False
45,21,150,linear,-1.333476843126559e-05,1.0004589163266437,-1.2678421095464689e-05,1.0,15811.031580135135,True,False,False,False
45,21,150,power,-1.333476843126559e-05,0.999893999682126,5.833075204377634e-10,2.9784240243249087,733.79812499604,True,False,False,False
45,21,150,centered_quadratic,-1.333476843126559e-05,0.9999412108423794,8.238926028255945e-10,1.016874164181869e-07,1423.220453217724,True,False,False,False
45,31,150,linear,-1.4728672297327897e-05,1.000682378353654,-1.4732935813490036e-05,1.0,13621.343423617007,True,False,False,False
45,31,150,power,-1.4728672297327897e-05,0.9999971020137371,4.899176832773693e-09,2.5607665426210713,937.8169945882098,True,False,False,False
45,31,150,centered_quadratic,-1.4728672297327897e-05,0.9999366685585631,1.5620828693231632e-08,1.237702169521999e-07,1301.9152380855626,True,False,False,False
45,41,150,linear,-1.5876365036374685e-05,1.000835342265966,-1.6095558298181267e-05,1.0,12477.687231803538,True,False,False,False
45,41,150,power,-1.5876365036374685e-05,1.0000352517907112,9.210309326927611e-09,2.43767768138502,1022.734942568991,True,False,False,False
45,41,150,centered_quadratic,-1.5876365036374685e-05,0.9999403595391307,3.0364007087124427e-06,1.1980878522448088e-07,1320.221882035823,True,False,False,False
45,51,150,linear,-1.7247198659980352e-05,1.0010183498596323,-1.7681154652404587e-05,1.0,11369.073672589271,True,False,False,False
45,51,150,power,-1.7247198659980352e-05,1.0001538177733336,4.480881813490944e-08,2.13154124175235,1317.675452673716,True,False,False,False
45,51,150,centered_quadratic,-1.7247198659980352e-05,0.9999625642661889,8.249723662262e-06,9.526697969882688e-08,1457.1312957669534,True,False,False,False
46,11,150,linear,-1.1830035071665634e-05,1.0002462482498231,-1.117485753793315e-05,1.0,17919.355801189005,True,False,False,False
46,11,150,power,-1.1830035071665634e-05,0.9998269405269019,1.2164178005275598e-09,2.8231145847414423,813.034621172722,True,False,False,False
46,11,150,centered_quadratic,-1.1830035071665634e-05,0.9998906776346737,3.700375126928087e-19,8.416576416099325e-08,1552.0918890626924,True,True,True,False
46,21,150,linear,-1.3305093853537388e-05,1.0004741274479874,-1.3339145271643248e-05,1.0,15029.008483336724,True,False,False,False
46,21,150,power,-1.3305093853537388e-05,0.9999546174769692,1.5652478590799277e-08,2.322317307235261,1148.2189207348165,True,False,False,False
46,21,150,centered_quadratic,-1.3305093853537388e-05,0.9999102301898669,2.6754407183799615e-08,1.032367789066321e-07,1412.4251419275806,True,False,False,False
46,31,150,linear,-1.455962369719541e-05,1.0006195827560231,-1.4677429228444878e-05,1.0,13668.57776205264,True,False,False,False
46,31,150,power,-1.455962369719541e-05,1.0000247939021387,4.705719637700968e-08,2.1078635275323023,1395.1897360225853,True,False,False,False
46,31,150,centered_quadratic,-1.455962369719541e-05,0.9999582850523958,4.187731048107729e-06,8.814872420461531e-08,1513.5608418001912,True,False,False,False
46,41,150,linear,-1.5737823667532564e-05,1.000733357528039,-1.5690406111071316e-05,1.0,12793.381898917161,True,False,False,False
46,41,150,power,-1.5737823667532564e-05,1.0000578642060909,7.152348974330929e-08,2.0270840930074736,1514.55792061407,True,False,False,False
46,41,150,centered_quadratic,-1.5737823667532564e-05,0.9999294669749422,6.769078191969025e-06,8.184704512937221e-08,1563.1155023798847,True,False,False,False
46,51,150,linear,-1.6465550428578007e-05,1.0008140190849137,-1.6391141271744607e-05,1.0,12251.375041900292,True,False,False,False
46,51,150,power,-1.6465550428578007e-05,1.000016042588587,4.3930570092043166e-08,2.120580330652533,1379.8983492102338,True,False,False,False
46,51,150,centered_quadratic,-1.6465550428578007e-05,0.9998371754635516,7.764891281679437e-06,8.713383828391221e-08,1521.5124349610376,True,False,False,False
47,11,150,linear,-1.1915075807937798e-05,1.0002682736761324,-1.1503665777973293e-05,1.0,17409.08311675719,True,False,False,False
47,11,150,power,-1.1915075807937798e-05,0.9998373230877172,1.527415584466789e-09,2.78159479003755,827.9598385699037,True,False,False,False
47,11,150,centered_quadratic,-1.1915075807937798e-05,0.9998981093383303,7.17265838265133e-19,8.600305675332276e-08,1535.5701051854667,True,True,True,False
47,21,150,linear,-1.321331352004724e-05,1.0004326013008036,-1.3063725416099762e-05,1.0,15342.683263519148,True,False,False,False
47,21,150,power,-1.321331352004724e-05,0.9998923739810006,4.704952233117549e-09,2.5610410290829173,951.8541371583069,True,False,False,False
47,21,150,centered_quadratic,-1.321331352004724e-05,0.9998872535101604,4.72532854933492e-18,1.0264895976165676e-07,1416.4531940240483,True,True,True,False
47,31,150,linear,-1.4573293254291721e-05,1.0005634866213058,-1.4266571802940716e-05,1.0,14058.281792684375,True,False,False,False
47,31,150,power,-1.4573293254291721e-05,0.9999143782630037,7.0055019760507035e-09,2.4832741287870874,1005.1896161977176,True,False,False,False
47,31,150,centered_quadratic,-1.4573293254291721e-05,0.999842033817619,2.883755219856202e-09,1.2014353103842333e-07,1320.7014356751845,True,False,False,False
47,41,150,linear,-1.589573012388701e-05,1.0007305510790563,-1.575255848188757e-05,1.0,12742.726923366637,True,False,False,False
47,41,150,power,-1.589573012388701e-05,0.9999858940805322,2.0397680898865536e-08,2.2760641859136443,1179.5440165995892,True,False,False,False
47,41,150,centered_quadratic,-1.589573012388701e-05,0.9998625683345398,3.4121225507847754e-06,1.1321500854223897e-07,1354.675838687993,True,False,False,False
47,51,150,linear,-1.684164843786429e-05,1.0008806400662693,-1.7056198993083842e-05,1.0,11777.57366384649,True,False,False,False
47,51,150,power,-1.684164843786429e-05,1.0000637455158408,5.438232160142797e-08,2.0870611751740418,1399.3035336443609,True,False,False,False
47,51,150,centered_quadratic,-1.684164843786429e-05,0.9998501618575479,7.222807559898066e-06,9.932718619425979e-08,1433.570808076926,True,False,False,False
48,11,150,linear,-1.3957396766760608e-05,1.0002506640697704,-1.2307024358958021e-05,1.0,16271.249509960719,True,False,False,False
48,11,150,power,-1.3957396766760608e-05,0.999830086600049,1.0223445624979488e-08,2.4099617759400678,1060.1945603946474,True,False,False,False
48,11,150,centered_quadratic,-1.3957396766760608e-05,0.9998487387018332,1.2822583401667233e-18,9.10946225665546e-08,1492.1680501824276,True,True,True,False
48,21,150,linear,-1.5080930019820703e-05,1.000494149666808,-1.4619623748926538e-05,1.0,13714.043063627374,True,False,False,False
48,21,150,power,-1.5080930019820703e-05,1.0000210701288872,1.5374475715333202e-07,1.8834462984272058,1763.2878259283864,True,False,False,False
48,21,150,centered_quadratic,-1.5080930019820703e-05,0.9999642664414834,4.172539689688666e-06,8.098514774603988e-08,1566.8021024652649,True,False,False,False
48,31,150,linear,-1.6169348002359806e-05,1.0006353236864043,-1.5917301127609166e-05,1.0,12604.85820290191,True,False,False,False
48,31,150,power,-1.6169348002359806e-05,1.0001617894218864,6.125421017200075e-07,1.6186661341252766,2550.7038394693323,True,False,False,False
48,31,150,centered_quadratic,-1.6169348002359806e-05,1.0000091681177523,9.168865515899835e-06,5.670954295558921e-08,1829.9041179269775,True,False,False,False
48,41,150,linear,-1.686687518924545e-05,1.0007147126567577,-1.6625978287424398e-05,1.0,12072.355033001264,True,False,False,False
48,41,150,power,-1.686687518924545e-05,1.0002163547321938,9.35795930983251e-07,1.5385517736460608,2914.095332891654,True,False,False,False
48,41,150,centered_quadratic,-1.686687518924545e-05,0.9999380833677937,1.1350190555180174e-05,4.840172231417248e-08,1959.567583125578,True,False,False,False
48,51,150,linear,-1.7693244750805836e-05,1.0008299204220656,-1.7624702024591338e-05,1.0,11394.798059102064,True,False,False,False
48,51,150,power,-1.7693244750805836e-05,1.0005984791270353,7.148031316451884e-06,1.163650976434547,6646.198855609765,True,False,False,False
48,51,150,centered_quadratic,-1.7693244750805836e-05,0.9999051792938787,1.6040131110228342e-05,1.600576681220802e-08,3119.3307655146737,True,False,False,False
49,11,150,linear,-1.152481729730727e-05,0.9999814684443252,-1.0409723036314048e-05,1.0,19211.026820473035,True,False,False,False
49,11,150,power,-1.152481729730727e-05,0.9996211836189343,7.3303655786762235e-09,2.4429446827092147,1105.328434915802,True,False,False,False
49,11,150,centered_quadratic,-1.152481729730727e-05,0.9996407604528059,1.3325855128753182e-16,7.693582623891594e-08,1621.869269779643,True,True,True,False
49,21,150,linear,-1.3095545297606639e-05,1.0001333578595095,-1.1852226587368263e-05,1.0,16885.71817153795,True,False,False,False
49,21,150,power,-1.3095545297606639e-05,0.9996987710722633,3.1377348823770917e-08,2.15966439026691,1413.767465931491,True,False,False,False
49,21,150,centered_quadratic,-1.3095545297606639e-05,0.9996384915947091,3.224059717808819e-07,8.937845438445256e-08,1513.7312140481106,True,False,False,False
49,31,150,linear,-1.4296329319238424e-05,1.000310906482601,-1.3482146865510094e-05,1.0,14857.49328209994,True,False,False,False
49,31,150,power,-1.4296329319238424e-05,0.9998831346158654,3.590823389933177e-07,1.6905244784565234,2504.3669617273513,True,False,False,False
49,31,150,centered_quadratic,-1.4296329319238424e-05,0.999766739881931,7.064178331270419e-06,5.39325086912006e-08,1891.2044307758242,True,False,False,False
49,41,150,linear,-1.4951434270112548e-05,1.0004618523451312,-1.48193589888982e-05,1.0,13527.025864971993,True,False,False,False
49,41,150,power,-1.4951434270112548e-05,1.0002594090916677,5.318463267268886e-06,1.1881442830168503,7099.3970376451925,True,False,False,False
49,41,150,centered_quadratic,-1.4951434270112548e-05,0.9998230683218137,1.3086564279280699e-05,1.5897199170850288e-08,3198.59028962086,True,False,False,False
49,51,150,linear,-1.499176441903269e-05,1.0004694994029084,-1.4890166192825536e-05,1.0,13463.21436623721,True,False,False,False
49,51,150,power,-1.499176441903269e-05,1.0002240819455017,4.579590709731777e-06,1.214543281737352,6621.157806316482,True,False,False,False
49,51,150,centered_quadratic,-1.499176441903269e-05,0.9996815943684866,1.3144866687364378e-05,1.7629287934440653e-08,3064.2886132839863,True,False,False,False
