battery_id,cycle,observed,predicted,model,length
1,151,1.0035040341011485,1.0029764477313305,TS_ONLY,150
1,152,1.003371233684344,1.0029250540191619,TS_ONLY,150
1,153,1.003249998700051,1.0028736603069932,TS_ONLY,150
1,154,1.0031403291482688,1.0028222665948245,TS_ONLY,150
1,155,1.0030422250289976,1.002770872882656,TS_ONLY,150
1,156,1.0029556863422409,1.0027194791704874,TS_ONLY,150
1,157,1.0029072943153923,1.0026680854583188,TS_ONLY,150
1,158,1.0029532296974646,1.00261669174615,TS_ONLY,150
1,159,1.002855579373866,1.0025652980339814,TS_ONLY,150
1,160,1.002860543825376,1.0025139043218128,TS_ONLY,150
1,161,1.0025763543941397,1.002462510609644,TS_ONLY,150
1,162,1.0014383798854618,1.0024111168974754,TS_ONLY,150
1,163,1.0004746427551507,1.0023597231853068,TS_ONLY,150
1,164,0.999940860696534,1.0023083294731383,TS_ONLY,150
1,165,0.9996885162089997,1.0022569357609696,TS_ONLY,150
1,166,0.9999216817116944,1.002205542048801,TS_ONLY,150
1,167,1.0005932631675036,1.0021541483366323,TS_ONLY,150
1,168,1.0013679303061351,1.0021027546244636,TS_ONLY,150
1,169,1.0020708838385373,1.002051360912295,TS_ONLY,150
1,170,1.0030309268578446,1.0019999672001263,TS_ONLY,150
1,171,1.0023714359521643,1.0019485734879576,TS_ONLY,150
1,172,1.0006014508223022,1.001897179775789,TS_ONLY,150
1,173,0.9996034070961728,1.0018457860636205,TS_ONLY,150
1,174,0.9986270177227583,1.0017943923514518,TS_ONLY,150
1,175,0.9980836122088909,1.0017429986392832,TS_ONLY,150
1,176,0.9978717048258827,1.0016916049271145,TS_ONLY,150
1,177,0.9980881334019138,1.0016402112149458,TS_ONLY,150
1,178,0.9987131474621992,1.0015888175027772,TS_ONLY,150
1,179,0.9998235511188321,1.0015374237906085,TS_ONLY,150
1,180,1.0011065231854825,1.0014860300784398,TS_ONLY,150
1,181,1.0013771727680894,1.0014346363662712,TS_ONLY,150
1,182,1.0016764928582509,1.0013832426541027,TS_ONLY,150
1,183,1.0023240922011576,1.001331848941934,TS_ONLY,150
1,184,1.0025496689705158,1.0012804552297654,TS_ONLY,150
1,185,1.0027810566496334,1.0012290615175967,TS_ONLY,150
1,186,1.0024387748845074,1.001177667805428,TS_ONLY,150
1,187,1.0019669105501887,1.0011262740932594,TS_ONLY,150
1,188,1.001749130863073,1.0010748803810907,TS_ONLY,150
1,189,1.0018799043084554,1.001023486668922,TS_ONLY,150
1,190,1.001666978040517,1.0009720929567534,TS_ONLY,150
1,191,1.0018924152574733,1.000920699244585,TS_ONLY,150
1,192,1.0013201509165075,1.0008693055324163,TS_ONLY,150
1,193,1.0003872481179652,1.0008179118202476,TS_ONLY,150
1,194,0.999941113240662,1.000766518108079,TS_ONLY,150
1,195,0.9986368612832792,1.0007151243959103,TS_ONLY,150
1,196,0.9980639123735556,1.0006637306837416,TS_ONLY,150
1,197,0.9975588394878703,1.000612336971573,TS_ONLY,150
1,198,0.9971216426262207,1.0005609432594043,TS_ONLY,150
1,199,0.9967523217886071,1.0005095495472356,TS_ONLY,150
1,200,0.9964508769750292,1.0004581558350671,TS_ONLY,150
3,151,0.9960343643247106,0.9962096590427902,TS_ONLY,150
3,152,0.9959927167171484,0.9961843061903448,TS_ONLY,150
3,153,0.9959585669412259,0.9961589533378995,TS_ONLY,150
3,154,0.9959319149969431,0.9961336004854541,TS_ONLY,150
3,155,0.9959127608842999,0.9961082476330086,TS_ONLY,150
3,156,0.9959011046032991,0.9960828947805632,TS_ONLY,150
3,157,0.99591418178317,0.9960575419281179,TS_ONLY,150
3,158,0.9959199948628807,0.9960321890756725,TS_ONLY,150
3,159,0.9959320859144289,0.996006836223227,TS_ONLY,150
3,160,0.99593203064154,0.9959814833707816,TS_ONLY,150
3,161,0.9959224770012136,0.9959561305183363,TS_ONLY,150
3,162,0.9959002339481822,0.9959307776658909,TS_ONLY,150
3,163,0.9958625601185487,0.9959054248134455,TS_ONLY,150
3,164,0.9957994798270604,0.995880071961,TS_ONLY,150
3,165,0.995739273297319,0.9958547191085547,TS_ONLY,150
3,166,0.9956808517819564,0.9958293662561093,TS_ONLY,150
3,167,0.9956127277322449,0.9958040134036639,TS_ONLY,150
3,168,0.995576158074972,0.9957786605512184,TS_ONLY,150
3,169,0.9955744051959938,0.995753307698773,TS_ONLY,150
3,170,0.995600712306006,0.9957279548463277,TS_ONLY,150
3,171,0.9956379893705616,0.9957026019938823,TS_ONLY,150
3,172,0.9956641347323912,0.9956772491414368,TS_ONLY,150
3,173,0.9956711920948085,0.9956518962889914,TS_ONLY,150
3,174,0.9956380585687907,0.9956265434365461,TS_ONLY,150
3,175,0.9955853708658173,0.9956011905841007,TS_ONLY,150
3,176,0.9955396173395594,0.9955758377316553,TS_ONLY,150
3,177,0.9955035324983614,0.9955504848792098,TS_ONLY,150
3,178,0.9955100283482142,0.9955251320267645,TS_ONLY,150
3,179,0.9955577798394379,0.9954997791743191,TS_ONLY,150
3,180,0.9956211379950224,0.9954744263218737,TS_ONLY,150
3,181,0.9956797077616993,0.9954490734694282,TS_ONLY,150
3,182,0.9956850893700995,0.9954237206169829,TS_ONLY,150
3,183,0.9956531206452309,0.9953983677645375,TS_ONLY,150
3,184,0.9955877786642572,0.9953730149120921,TS_ONLY,150
3,185,0.9955121162923015,0.9953476620596466,TS_ONLY,150
3,186,0.9954418813752506,0.9953223092072012,TS_ONLY,150
3,187,0.9953844260642624,0.9952969563547559,TS_ONLY,150
3,188,0.9953396535246629,0.9952716035023105,TS_ONLY,150
3,189,0.9953058687211954,0.995246250649865,TS_ONLY,150
3,190,0.9952704270164792,0.9952208977974196,TS_ONLY,150
3,191,0.9952322818676387,0.9951955449449743,TS_ONLY,150
3,192,0.9951643814803146,0.9951701920925289,TS_ONLY,150
3,193,0.995099388061318,0.9951448392400835,TS_ONLY,150
3,194,0.9950507740559454,0.995119486387638,TS_ONLY,150
3,195,0.9950369504778394,0.9950941335351927,TS_ONLY,150
3,196,0.9950429987886786,0.9950687806827473,TS_ONLY,150
3,197,0.9950691480067563,0.9950434278303019,TS_ONLY,150
3,198,0.9951153981320696,0.9950180749778564,TS_ONLY,150
3,199,0.9951817491646184,0.9949927221254111,TS_ONLY,150
3,200,0.9952682011044028,0.9949673692729657,TS_ONLY,150
4,151,0.9767030436512549,0.977362365676537,TS_ONLY,150
4,152,0.976800964527353,0.9771416246082629,TS_ONLY,150
4,153,0.976863456319432,0.976920883539989,TS_ONLY,150
4,154,0.9768905190274921,0.976700142471715,TS_ONLY,150
4,155,0.9768821526515331,0.9764794014034409,TS_ONLY,150
4,156,0.9768383571915578,0.976258660335167,TS_ONLY,150
4,157,0.9771008112729221,0.976037919266893,TS_ONLY,150
4,158,0.9766433462641386,0.9758171781986189,TS_ONLY,150
4,159,0.9764710655576234,0.9755964371303449,TS_ONLY,150
4,160,0.9761497056640729,0.975375696062071,TS_ONLY,150
4,161,0.9759204878059102,0.975154954993797,TS_ONLY,150
4,162,0.9755304826807375,0.9749342139255229,TS_ONLY,150
4,163,0.9752868250272246,0.974713472857249,TS_ONLY,150
4,164,0.9751039310436997,0.974492731788975,TS_ONLY,150
4,165,0.9748326994872825,0.9742719907207009,TS_ONLY,150
4,166,0.9745956570849166,0.974051249652427,TS_ONLY,150
4,167,0.9745201302249025,0.973830508584153,TS_ONLY,150
4,168,0.9746065450471004,0.9736097675158789,TS_ONLY,150
4,169,0.9742718804716919,0.9733890264476049,TS_ONLY,150
4,170,0.9737456352786511,0.973168285379331,TS_ONLY,150
4,171,0.9733758712277756,0.9729475443110569,TS_ONLY,150
4,172,0.973068728226699,0.9727268032427829,TS_ONLY,150
4,173,0.9727661577049508,0.972506062174509,TS_ONLY,150
4,174,0.9726141495290563,0.9722853211062349,TS_ONLY,150
4,175,0.9727118741969064,0.9720645800379609,TS_ONLY,150
4,176,0.9721794294905961,0.971843838969687,TS_ONLY,150
4,177,0.9718954140115266,0.9716230979014129,TS_ONLY,150
4,178,0.9719018732784592,0.9714023568331389,TS_ONLY,150
4,179,0.9714335255198636,0.971181615764865,TS_ONLY,150
4,180,0.9711578846154274,0.9709608746965909,TS_ONLY,150
4,181,0.9710944722638326,0.9707401336283169,TS_ONLY,150
4,182,0.9712193875545372,0.9705193925600429,TS_ONLY,150
4,183,0.9713507159747161,0.9702986514917689,TS_ONLY,150
4,184,0.9712892944760729,0.9700779104234949,TS_ONLY,150
4,185,0.9712462147908485,0.9698571693552209,TS_ONLY,150
4,186,0.9705731539231293,0.969636428286947,TS_ONLY,150
4,187,0.970208754222414,0.9694156872186729,TS_ONLY,150
4,188,0.969988760236854,0.9691949461503989,TS_ONLY,150
4,189,0.9696206096996185,0.968974205082125,TS_ONLY,150
4,190,0.9694751194696738,0.9687534640138509,TS_ONLY,150
4,191,0.9694240710464628,0.9685327229455769,TS_ONLY,150
4,192,0.969427668334244,0.9683119818773029,TS_ONLY,150
4,193,0.9693133233696938,0.9680912408090289,TS_ONLY,150
4,194,0.9689956572497094,0.9678704997407549,TS_ONLY,150
4,195,0.9687059737372188,0.9676497586724809,TS_ONLY,150
4,196,0.9684807897997224,0.9674290176042069,TS_ONLY,150
4,197,0.9682473872035253,0.9672082765359329,TS_ONLY,150
4,198,0.9680057659486249,0.9669875354676589,TS_ONLY,150
4,199,0.9677559260350211,0.9667667943993848,TS_ONLY,150
4,200,0.9674978674627139,0.9665460533311109,TS_ONLY,150
6,151,0.996214505768315,0.9962982463739604,TS_ONLY,150
6,152,0.9961152328406796,0.996258244116293,TS_ONLY,150
6,153,0.9960290888322142,0.9962182418586258,TS_ONLY,150
6,154,0.995956073742919,0.9961782396009585,TS_ONLY,150
6,155,0.9958961875727937,0.9961382373432913,TS_ONLY,150
6,156,0.9958494303218418,0.9960982350856241,TS_ONLY,150
6,157,0.9958599118207982,0.9960582328279568,TS_ONLY,150
6,158,0.9958456437304972,0.9960182305702896,TS_ONLY,150
6,159,0.9957704044573623,0.9959782283126224,TS_ONLY,150
6,160,0.9958367240092967,0.9959382260549551,TS_ONLY,150
6,161,0.9957092218587607,0.9958982237972879,TS_ONLY,150
6,162,0.9956523449446865,0.9958582215396206,TS_ONLY,150
6,163,0.9955662274306651,0.9958182192819534,TS_ONLY,150
6,164,0.9955560027793754,0.9957782170242861,TS_ONLY,150
6,165,0.9955269016238708,0.9957382147666188,TS_ONLY,150
6,166,0.995515275555934,0.9956982125089516,TS_ONLY,150
6,167,0.995481363117343,0.9956582102512843,TS_ONLY,150
6,168,0.9952872254157735,0.9956182079936171,TS_ONLY,150
6,169,0.9952152259768224,0.9955782057359499,TS_ONLY,150
6,170,0.9950931560869628,0.9955382034782826,TS_ONLY,150
6,171,0.994966603957919,0.9954982012206154,TS_ONLY,150
6,172,0.9949506503891471,0.9954581989629482,TS_ONLY,150
6,173,0.9949255045077805,0.9954181967052809,TS_ONLY,150
6,174,0.9949507524984647,0.9953781944476137,TS_ONLY,150
6,175,0.9949436995335101,0.9953381921899463,TS_ONLY,150
6,176,0.9948553452856492,0.9952981899322791,TS_ONLY,150
6,177,0.994861288992555,0.9952581876746119,TS_ONLY,150
6,178,0.9947635411372995,0.9952181854169446,TS_ONLY,150
6,179,0.9947687327438571,0.9951781831592774,TS_ONLY,150
6,180,0.9946547175698341,0.9951381809016101,TS_ONLY,150
6,181,0.9947522146500036,0.9950981786439429,TS_ONLY,150
6,182,0.9947288419621603,0.9950581763862757,TS_ONLY,150
6,183,0.9946594190966497,0.9950181741286084,TS_ONLY,150
6,184,0.9946131352370858,0.9949781718709412,TS_ONLY,150
6,185,0.9945569067396691,0.994938169613274,TS_ONLY,150
6,186,0.9944554226729967,0.9948981673556067,TS_ONLY,150
6,187,0.994525445824341,0.9948581650979395,TS_ONLY,150
6,188,0.9945312995670903,0.9948181628402721,TS_ONLY,150
6,189,0.9945035238085205,0.9947781605826049,TS_ONLY,150
6,190,0.9944937350335686,0.9947381583249377,TS_ONLY,150
6,191,0.994511069552142,0.9946981560672704,TS_ONLY,150
6,192,0.994354548788215,0.9946581538096032,TS_ONLY,150
6,193,0.9942082877615992,0.9946181515519359,TS_ONLY,150
6,194,0.9940660638765035,0.9945781492942687,TS_ONLY,150
6,195,0.9939285246499441,0.9945381470366015,TS_ONLY,150
6,196,0.9937872031503167,0.9944981447789342,TS_ONLY,150
6,197,0.9936459653173575,0.994458142521267,TS_ONLY,150
6,198,0.9935048111510638,0.9944181402635998,TS_ONLY,150
6,199,0.9933637406514356,0.9943781380059324,TS_ONLY,150
6,200,0.9932227538184729,0.9943381357482652,TS_ONLY,150
7,151,0.9944063753831374,0.9950420027427394,TS_ONLY,150
7,152,0.9943518838933064,0.9949725798239558,TS_ONLY,150
7,153,0.9942924744859969,0.9949031569051724,TS_ONLY,150
7,154,0.994228147161209,0.9948337339863889,TS_ONLY,150
7,155,0.9941589019189425,0.9947643110676054,TS_ONLY,150
7,156,0.9940847387592003,0.994694888148822,TS_ONLY,150
7,157,0.9939822863795954,0.9946254652300385,TS_ONLY,150
7,158,0.9939045656069894,0.994556042311255,TS_ONLY,150
7,159,0.9938651951227415,0.9944866193924715,TS_ONLY,150
7,160,0.9938035718599496,0.9944171964736881,TS_ONLY,150
7,161,0.9937610515371789,0.9943477735549047,TS_ONLY,150
7,162,0.9937122760542119,0.9942783506361211,TS_ONLY,150
7,163,0.9936117741640667,0.9942089277173377,TS_ONLY,150
7,164,0.9935157799849212,0.9941395047985542,TS_ONLY,150
7,165,0.9934154307549953,0.9940700818797708,TS_ONLY,150
7,166,0.9932585301429073,0.9940006589609873,TS_ONLY,150
7,167,0.9930649007415475,0.9939312360422038,TS_ONLY,150
7,168,0.9929202850425868,0.9938618131234204,TS_ONLY,150
7,169,0.9927678083195293,0.9937923902046368,TS_ONLY,150
7,170,0.9926517468134011,0.9937229672858534,TS_ONLY,150
7,171,0.9925164540284324,0.99365354436707,TS_ONLY,150
7,172,0.9924355058928396,0.9935841214482865,TS_ONLY,150
7,173,0.9922633449048571,0.993514698529503,TS_ONLY,150
7,174,0.9921366744906839,0.9934452756107195,TS_ONLY,150
7,175,0.9920620457932743,0.9933758526919361,TS_ONLY,150
7,176,0.991960224684306,0.9933064297731526,TS_ONLY,150
7,177,0.9917807998494718,0.9932370068543691,TS_ONLY,150
7,178,0.991696715556144,0.9931675839355857,TS_ONLY,150
7,179,0.9916208230145287,0.9930981610168022,TS_ONLY,150
7,180,0.9915485975755082,0.9930287380980187,TS_ONLY,150
7,181,0.9915041139511117,0.9929593151792353,TS_ONLY,150
7,182,0.991437678959813,0.9928898922604518,TS_ONLY,150
7,183,0.9913197670728469,0.9928204693416683,TS_ONLY,150
7,184,0.9912539511914851,0.9927510464228848,TS_ONLY,150
7,185,0.9912096475888834,0.9926816235041014,TS_ONLY,150
7,186,0.9911403242141177,0.992612200585318,TS_ONLY,150
7,187,0.9909881512914112,0.9925427776665344,TS_ONLY,150
7,188,0.9909081017447054,0.992473354747751,TS_ONLY,150
7,189,0.9908380250579897,0.9924039318289675,TS_ONLY,150
7,190,0.9907348827758002,0.992334508910184,TS_ONLY,150
7,191,0.990680910982181,0.9922650859914006,TS_ONLY,150
7,192,0.9905315571703812,0.9921956630726171,TS_ONLY,150
7,193,0.9903770005332686,0.9921262401538337,TS_ONLY,150
7,194,0.9902430059030527,0.9920568172350501,TS_ONLY,150
7,195,0.9901456260555439,0.9919873943162667,TS_ONLY,150
7,196,0.9900206122761921,0.9919179713974833,TS_ONLY,150
7,197,0.9898951591915459,0.9918485484786997,TS_ONLY,150
7,198,0.9897692668016028,0.9917791255599163,TS_ONLY,150
7,199,0.9896429351063629,0.9917097026411328,TS_ONLY,150
7,200,0.9895161641058261,0.9916402797223494,TS_ONLY,150
8,151,0.9894562866939769,0.9900793705723561,TS_ONLY,150
8,152,0.9892869391809709,0.9899468041980981,TS_ONLY,150
8,153,0.9891264737722718,0.9898142378238401,TS_ONLY,150
8,154,0.9889748904678795,0.9896816714495822,TS_ONLY,150
8,155,0.9888321892677938,0.9895491050753242,TS_ONLY,150
8,156,0.9886983701720182,0.9894165387010663,TS_ONLY,150
8,157,0.988612998135234,0.9892839723268083,TS_ONLY,150
8,158,0.9884657605265808,0.9891514059525504,TS_ONLY,150
8,159,0.9883221445484542,0.9890188395782924,TS_ONLY,150
8,160,0.9881996969985829,0.9888862732040344,TS_ONLY,150
8,161,0.988043425315414,0.9887537068297765,TS_ONLY,150
8,162,0.9878153619489983,0.9886211404555185,TS_ONLY,150
8,163,0.987663659807816,0.9884885740812607,TS_ONLY,150
8,164,0.9875156075605755,0.9883560077070027,TS_ONLY,150
8,165,0.9873270466649591,0.9882234413327448,TS_ONLY,150
8,166,0.9871873160367632,0.9880908749584868,TS_ONLY,150
8,167,0.9870762836454232,0.9879583085842288,TS_ONLY,150
8,168,0.9869386436403,0.9878257422099709,TS_ONLY,150
8,169,0.9867927268027747,0.9876931758357129,TS_ONLY,150
8,170,0.9866505942191186,0.987560609461455,TS_ONLY,150
8,171,0.9865007607244951,0.987428043087197,TS_ONLY,150
8,172,0.986302968780101,0.987295476712939,TS_ONLY,150
8,173,0.9861435659453623,0.9871629103386811,TS_ONLY,150
8,174,0.9859508344567336,0.9870303439644231,TS_ONLY,150
8,175,0.9857170247032094,0.9868977775901652,TS_ONLY,150
8,176,0.9854989411486601,0.9867652112159072,TS_ONLY,150
8,177,0.9853378399000858,0.9866326448416493,TS_ONLY,150
8,178,0.9851822150143007,0.9865000784673913,TS_ONLY,150
8,179,0.98501998496841,0.9863675120931333,TS_ONLY,150
8,180,0.9849044471712944,0.9862349457188754,TS_ONLY,150
8,181,0.9848004012787525,0.9861023793446174,TS_ONLY,150
8,182,0.9846632874079718,0.9859698129703595,TS_ONLY,150
8,183,0.9845620324189641,0.9858372465961015,TS_ONLY,150
8,184,0.9844446166266216,0.9857046802218435,TS_ONLY,150
8,185,0.9842672291286316,0.9855721138475856,TS_ONLY,150
8,186,0.9840657585920585,0.9854395474733276,TS_ONLY,150
8,187,0.983908876419124,0.9853069810990697,TS_ONLY,150
8,188,0.9837450136174848,0.9851744147248117,TS_ONLY,150
8,189,0.9835390637644426,0.9850418483505539,TS_ONLY,150
8,190,0.9833286628583462,0.9849092819762959,TS_ONLY,150
8,191,0.9831152377668357,0.9847767156020379,TS_ONLY,150
8,192,0.9828710927346475,0.98464414922778,TS_ONLY,150
8,193,0.9826470558178269,0.984511582853522,TS_ONLY,150
8,194,0.9824686223560679,0.9843790164792641,TS_ONLY,150
8,195,0.9822446928402246,0.9842464501050061,TS_ONLY,150
8,196,0.9820476556594568,0.9841138837307482,TS_ONLY,150
8,197,0.9818597827823277,0.9839813173564902,TS_ONLY,150
8,198,0.9816810742088343,0.9838487509822322,TS_ONLY,150
8,199,0.981511529938977,0.9837161846079743,TS_ONLY,150
8,200,0.9813511499727554,0.9835836182337163,TS_ONLY,150
12,151,0.9964391412129527,0.9963747125423854,TS_ONLY,150
12,152,0.996449271339672,0.9963354168483215,TS_ONLY,150
12,153,0.9964508346170283,0.9962961211542576,TS_ONLY,150
12,154,0.9964438310450218,0.9962568254601937,TS_ONLY,150
12,155,0.9964282606236524,0.9962175297661298,TS_ONLY,150
12,156,0.9964041233529233,0.9961782340720658,TS_ONLY,150
12,157,0.9963733833269217,0.9961389383780019,TS_ONLY,150
12,158,0.9963272920330408,0.996099642683938,TS_ONLY,150
12,159,0.9962954253265817,0.9960603469898741,TS_ONLY,150
12,160,0.9962317083567527,0.9960210512958102,TS_ONLY,150
12,161,0.996195685495121,0.9959817556017463,TS_ONLY,150
12,162,0.9961588400405574,0.9959424599076824,TS_ONLY,150
12,163,0.9960993853386355,0.9959031642136185,TS_ONLY,150
12,164,0.9960167875370655,0.9958638685195546,TS_ONLY,150
12,165,0.9959439058471578,0.9958245728254906,TS_ONLY,150
12,166,0.9958358179690385,0.9957852771314267,TS_ONLY,150
12,167,0.9957187800079623,0.9957459814373628,TS_ONLY,150
12,168,0.9956256062307962,0.9957066857432989,TS_ONLY,150
12,169,0.9955638034557666,0.995667390049235,TS_ONLY,150
12,170,0.995517288368672,0.9956280943551711,TS_ONLY,150
12,171,0.9955193786141443,0.9955887986611072,TS_ONLY,150
12,172,0.9954981882957448,0.9955495029670433,TS_ONLY,150
12,173,0.9954579803391037,0.9955102072729793,TS_ONLY,150
12,174,0.9954238374706464,0.9954709115789154,TS_ONLY,150
12,175,0.995400931370721,0.9954316158848515,TS_ONLY,150
12,176,0.9953770856030706,0.9953923201907876,TS_ONLY,150
12,177,0.9953392362431142,0.9953530244967237,TS_ONLY,150
12,178,0.9953084427222629,0.9953137288026598,TS_ONLY,150
12,179,0.9952961128171749,0.9952744331085959,TS_ONLY,150
12,180,0.99530106766799,0.995235137414532,TS_ONLY,150
12,181,0.9952783788360806,0.995195841720468,TS_ONLY,150
12,182,0.9952234549725187,0.9951565460264041,TS_ONLY,150
12,183,0.9951648897320904,0.9951172503323402,TS_ONLY,150
12,184,0.9951172409488205,0.9950779546382763,TS_ONLY,150
12,185,0.9950643536166401,0.9950386589442124,TS_ONLY,150
12,186,0.9950033249822401,0.9949993632501485,TS_ONLY,150
12,187,0.9949131124957803,0.9949600675560846,TS_ONLY,150
12,188,0.9948103844069475,0.9949207718620207,TS_ONLY,150
12,189,0.9947515845784494,0.9948814761679567,TS_ONLY,150
12,190,0.9947036933144273,0.9948421804738928,TS_ONLY,150
12,191,0.9946534388496556,0.9948028847798289,TS_ONLY,150
12,192,0.9946082764806821,0.994763589085765,TS_ONLY,150
12,193,0.9945468720668882,0.9947242933917011,TS_ONLY,150
12,194,0.9945116759637709,0.9946849976976372,TS_ONLY,150
12,195,0.9944588077055738,0.9946457020035733,TS_ONLY,150
12,196,0.9944023791897465,0.9946064063095094,TS_ONLY,150
12,197,0.994339854015007,0.9945671106154454,TS_ONLY,150
12,198,0.994271232181353,0.9945278149213815,TS_ONLY,150
12,199,0.9941965136887845,0.9944885192273176,TS_ONLY,150
12,200,0.9941156985373015,0.9944492235332537,TS_ONLY,150
13,151,0.9971218402728154,0.99691026770306,TS_ONLY,150
13,152,0.997125411021877,0.9968630768668735,TS_ONLY,150
13,153,0.9971229622682198,0.9968158860306868,TS_ONLY,150
13,154,0.9971144940118436,0.9967686951945002,TS_ONLY,150
13,155,0.9971000062527485,0.9967215043583135,TS_ONLY,150
13,156,0.9970794989909375,0.996674313522127,TS_ONLY,150
13,157,0.9970426935251744,0.9966271226859403,TS_ONLY,150
13,158,0.9970120287572352,0.9965799318497537,TS_ONLY,150
13,159,0.9969747483554201,0.9965327410135671,TS_ONLY,150
13,160,0.9969483991395283,0.9964855501773805,TS_ONLY,150
13,161,0.9969110441392823,0.9964383593411938,TS_ONLY,150
13,162,0.9968554234616301,0.9963911685050072,TS_ONLY,150
13,163,0.9967727646811086,0.9963439776688207,TS_ONLY,150
13,164,0.9966715256409413,0.996296786832634,TS_ONLY,150
13,165,0.9965957220405769,0.9962495959964474,TS_ONLY,150
13,166,0.9965182877753898,0.9962024051602608,TS_ONLY,150
13,167,0.9964408373216866,0.9961552143240742,TS_ONLY,150
13,168,0.996360574441506,0.9961080234878875,TS_ONLY,150
13,169,0.9963313767031219,0.9960608326517009,TS_ONLY,150
13,170,0.9963210302726416,0.9960136418155143,TS_ONLY,150
13,171,0.9962985218915089,0.9959664509793277,TS_ONLY,150
13,172,0.9962485884144738,0.995919260143141,TS_ONLY,150
13,173,0.9961874524844941,0.9958720693069545,TS_ONLY,150
13,174,0.9961345121000279,0.9958248784707678,TS_ONLY,150
13,175,0.9961303098675913,0.9957776876345812,TS_ONLY,150
13,176,0.9960950315914081,0.9957304967983945,TS_ONLY,150
13,177,0.9960719868016161,0.995683305962208,TS_ONLY,150
13,178,0.9960434895446866,0.9956361151260213,TS_ONLY,150
13,179,0.9960460676752122,0.9955889242898347,TS_ONLY,150
13,180,0.9960497643446751,0.9955417334536482,TS_ONLY,150
13,181,0.9960063775909416,0.9954945426174615,TS_ONLY,150
13,182,0.9959622485718815,0.9954473517812749,TS_ONLY,150
13,183,0.9958959250976375,0.9954001609450882,TS_ONLY,150
13,184,0.9958618036440439,0.9953529701089017,TS_ONLY,150
13,185,0.995846187414138,0.995305779272715,TS_ONLY,150
13,186,0.9957957726569031,0.9952585884365284,TS_ONLY,150
13,187,0.9957415155335627,0.9952113976003418,TS_ONLY,150
13,188,0.9956964933022042,0.9951642067641552,TS_ONLY,150
13,189,0.9956549610085865,0.9951170159279685,TS_ONLY,150
13,190,0.9956421171713961,0.9950698250917819,TS_ONLY,150
13,191,0.9956152225775323,0.9950226342555953,TS_ONLY,150
13,192,0.9955648706054869,0.9949754434194087,TS_ONLY,150
13,193,0.9954959882519252,0.994928252583222,TS_ONLY,150
13,194,0.995440178124885,0.9948810617470355,TS_ONLY,150
13,195,0.9953727857710697,0.9948338709108488,TS_ONLY,150
13,196,0.9953265384190831,0.9947866800746622,TS_ONLY,150
13,197,0.9952828626347129,0.9947394892384755,TS_ONLY,150
13,198,0.9952417584179565,0.994692298402289,TS_ONLY,150
13,199,0.9952032257688137,0.9946451075661024,TS_ONLY,150
13,200,0.9951672646872847,0.9945979167299157,TS_ONLY,150
15,151,0.9962252605469409,0.9961018563440286,TS_ONLY,150
15,152,0.9962208125930392,0.9960426823407428,TS_ONLY,150
15,153,0.9962118183194908,0.9959835083374569,TS_ONLY,150
15,154,0.9961982777262959,0.995924334334171,TS_ONLY,150
15,155,0.9961801908134543,0.9958651603308851,TS_ONLY,150
15,156,0.996157557580969,0.9958059863275992,TS_ONLY,150
15,157,0.9961330561512289,0.9957468123243134,TS_ONLY,150
15,158,0.9961030139082411,0.9956876383210275,TS_ONLY,150
15,159,0.9960483729312696,0.9956284643177415,TS_ONLY,150
15,160,0.9960004961472655,0.9955692903144557,TS_ONLY,150
15,161,0.9959293724948286,0.9955101163111698,TS_ONLY,150
15,162,0.9958335335644611,0.995450942307884,TS_ONLY,150
15,163,0.9957205996053304,0.9953917683045981,TS_ONLY,150
15,164,0.9956044966238953,0.9953325943013122,TS_ONLY,150
15,165,0.9954812809233828,0.9952734202980263,TS_ONLY,150
15,166,0.9953984102161108,0.9952142462947404,TS_ONLY,150
15,167,0.9953439525691803,0.9951550722914546,TS_ONLY,150
15,168,0.995329457996333,0.9950958982881687,TS_ONLY,150
15,169,0.9952733207454667,0.9950367242848828,TS_ONLY,150
15,170,0.9952518136326842,0.994977550281597,TS_ONLY,150
15,171,0.9952051757086207,0.994918376278311,TS_ONLY,150
15,172,0.995132271609668,0.9948592022750252,TS_ONLY,150
15,173,0.995060842996885,0.9948000282717393,TS_ONLY,150
15,174,0.9950070180486855,0.9947408542684534,TS_ONLY,150
15,175,0.9949476593639104,0.9946816802651676,TS_ONLY,150
15,176,0.994932851648315,0.9946225062618816,TS_ONLY,150
15,177,0.9949255098219727,0.9945633322585958,TS_ONLY,150
15,178,0.9949214325530107,0.9945041582553099,TS_ONLY,150
15,179,0.9949097971769096,0.994444984252024,TS_ONLY,150
15,180,0.9948833397107228,0.9943858102487382,TS_ONLY,150
15,181,0.9948059503284219,0.9943266362454523,TS_ONLY,150
15,182,0.9947249757270282,0.9942674622421663,TS_ONLY,150
15,183,0.9946328188777054,0.9942082882388805,TS_ONLY,150
15,184,0.994556640269802,0.9941491142355946,TS_ONLY,150
15,185,0.9944566820527307,0.9940899402323088,TS_ONLY,150
15,186,0.9944022573565555,0.9940307662290229,TS_ONLY,150
15,187,0.9943491582095565,0.9939715922257369,TS_ONLY,150
15,188,0.9942834853639416,0.9939124182224511,TS_ONLY,150
15,189,0.9942423860416657,0.9938532442191652,TS_ONLY,150
15,190,0.9941943633012958,0.9937940702158794,TS_ONLY,150
15,191,0.9941214406260783,0.9937348962125935,TS_ONLY,150
15,192,0.9940644165797171,0.9936757222093076,TS_ONLY,150
15,193,0.9939849550593147,0.9936165482060217,TS_ONLY,150
15,194,0.9939132663788257,0.9935573742027358,TS_ONLY,150
15,195,0.9938551810527687,0.9934982001994499,TS_ONLY,150
15,196,0.9937969359266035,0.9934390261961641,TS_ONLY,150
15,197,0.9937438760109061,0.9933798521928782,TS_ONLY,150
15,198,0.9936960013056741,0.9933206781895924,TS_ONLY,150
15,199,0.9936533118109079,0.9932615041863064,TS_ONLY,150
15,200,0.993615807526607,0.9932023301830205,TS_ONLY,150
17,151,0.9980876584157506,0.9983177022472864,TS_ONLY,150
17,152,0.9981352042733159,0.9983054470714054,TS_ONLY,150
17,153,0.9981566729266981,0.9982931918955245,TS_ONLY,150
17,154,0.998152064375897,0.9982809367196435,TS_ONLY,150
17,155,0.9981213786209127,0.9982686815437625,TS_ONLY,150
17,156,0.9980646156617479,0.9982564263678815,TS_ONLY,150
17,157,0.9979494545663445,0.9982441711920004,TS_ONLY,150
17,158,0.9979097161329462,0.9982319160161194,TS_ONLY,150
17,159,0.9979176121027216,0.9982196608402384,TS_ONLY,150
17,160,0.9977559841524373,0.9982074056643574,TS_ONLY,150
17,161,0.9977519595499136,0.9981951504884764,TS_ONLY,150
17,162,0.9977688485147062,0.9981828953125954,TS_ONLY,150
17,163,0.9978168947376731,0.9981706401367144,TS_ONLY,150
17,164,0.9978755313898338,0.9981583849608334,TS_ONLY,150
17,165,0.9979888789109685,0.9981461297849524,TS_ONLY,150
17,166,0.9980966942905272,0.9981338746090714,TS_ONLY,150
17,167,0.9980050167181996,0.9981216194331904,TS_ONLY,150
17,168,0.9980279963497212,0.9981093642573093,TS_ONLY,150
17,169,0.9980399116980906,0.9980971090814283,TS_ONLY,150
17,170,0.998046379793742,0.9980848539055474,TS_ONLY,150
17,171,0.9980724622218546,0.9980725987296664,TS_ONLY,150
17,172,0.9980755730720043,0.9980603435537854,TS_ONLY,150
17,173,0.9980659388396138,0.9980480883779044,TS_ONLY,150
17,174,0.9980451216973336,0.9980358332020234,TS_ONLY,150
17,175,0.9980200775252531,0.9980235780261424,TS_ONLY,150
17,176,0.9979768399295956,0.9980113228502614,TS_ONLY,150
17,177,0.9979523464467734,0.9979990676743804,TS_ONLY,150
17,178,0.9979192537226368,0.9979868124984994,TS_ONLY,150
17,179,0.9978812563814822,0.9979745573226184,TS_ONLY,150
17,180,0.9978276205537122,0.9979623021467374,TS_ONLY,150
17,181,0.99779056482589,0.9979500469708563,TS_ONLY,150
17,182,0.9977713897388524,0.9979377917949753,TS_ONLY,150
17,183,0.9977523831235487,0.9979255366190943,TS_ONLY,150
17,184,0.9977298930177749,0.9979132814432133,TS_ONLY,150
17,185,0.9976923719248798,0.9979010262673323,TS_ONLY,150
17,186,0.9976702775317827,0.9978887710914514,TS_ONLY,150
17,187,0.9976507861793333,0.9978765159155704,TS_ONLY,150
17,188,0.99760405834563,0.9978642607396894,TS_ONLY,150
17,189,0.9975449789654255,0.9978520055638084,TS_ONLY,150
17,190,0.9974977354863259,0.9978397503879274,TS_ONLY,150
17,191,0.9974704408888537,0.9978274952120464,TS_ONLY,150
17,192,0.9974628881747938,0.9978152400361653,TS_ONLY,150
17,193,0.9974755488038036,0.9978029848602843,TS_ONLY,150
17,194,0.9974938234159549,0.9977907296844033,TS_ONLY,150
17,195,0.9975989351942185,0.9977784745085223,TS_ONLY,150
17,196,0.9975292329964532,0.9977662193326413,TS_ONLY,150
17,197,0.997419619540284,0.9977539641567603,TS_ONLY,150
17,198,0.997270094825708,0.9977417089808793,TS_ONLY,150
17,199,0.9970806588527253,0.9977294538049983,TS_ONLY,150
17,200,0.9968513116213358,0.9977171986291173,TS_ONLY,150
18,151,0.9967286752306215,0.9970615264586333,TS_ONLY,150
18,152,0.996734180439968,0.9970275172161581,TS_ONLY,150
18,153,0.9967286473994351,0.9969935079736829,TS_ONLY,150
18,154,0.9967120761090231,0.9969594987312077,TS_ONLY,150
18,155,0.9966844665687318,0.9969254894887325,TS_ONLY,150
18,156,0.9966458187785637,0.9968914802462573,TS_ONLY,150
18,157,0.9965932376844059,0.9968574710037821,TS_ONLY,150
18,158,0.996527560446605,0.9968234617613069,TS_ONLY,150
18,159,0.9964576808305154,0.9967894525188317,TS_ONLY,150
18,160,0.9963852885555852,0.9967554432763565,TS_ONLY,150
18,161,0.9963093425696747,0.9967214340338814,TS_ONLY,150
18,162,0.996241155290386,0.9966874247914062,TS_ONLY,150
18,163,0.9961930232600331,0.9966534155489309,TS_ONLY,150
18,164,0.9961534929420675,0.9966194063064557,TS_ONLY,150
18,165,0.9961282542437089,0.9965853970639805,TS_ONLY,150
18,166,0.9961340704382093,0.9965513878215053,TS_ONLY,150
18,167,0.9961332036581544,0.9965173785790301,TS_ONLY,150
18,168,0.9961445950325705,0.9964833693365549,TS_ONLY,150
18,169,0.9961564930828966,0.9964493600940797,TS_ONLY,150
18,170,0.9961554243304382,0.9964153508516045,TS_ONLY,150
18,171,0.9961540709408457,0.9963813416091293,TS_ONLY,150
18,172,0.9961171965817952,0.9963473323666541,TS_ONLY,150
18,173,0.9960709459919943,0.9963133231241789,TS_ONLY,150
18,174,0.9960208668691528,0.9962793138817037,TS_ONLY,150
18,175,0.9959813926061627,0.9962453046392284,TS_ONLY,150
18,176,0.995958089004092,0.9962112953967532,TS_ONLY,150
18,177,0.9959376291560111,0.996177286154278,TS_ONLY,150
18,178,0.9959178524370527,0.9961432769118028,TS_ONLY,150
18,179,0.995896460375093,0.9961092676693276,TS_ONLY,150
18,180,0.9958710421699442,0.9960752584268524,TS_ONLY,150
18,181,0.9958367919253477,0.9960412491843772,TS_ONLY,150
18,182,0.9957831257202757,0.9960072399419021,TS_ONLY,150
18,183,0.9957326025198818,0.9959732306994269,TS_ONLY,150
18,184,0.9956971290990027,0.9959392214569517,TS_ONLY,150
18,185,0.9956599277889449,0.9959052122144765,TS_ONLY,150
18,186,0.9956296855841797,0.9958712029720013,TS_ONLY,150
18,187,0.9955981713458765,0.9958371937295261,TS_ONLY,150
18,188,0.9955528767442439,0.9958031844870509,TS_ONLY,150
18,189,0.9954912232503919,0.9957691752445756,TS_ONLY,150
18,190,0.9954337333107592,0.9957351660021004,TS_ONLY,150
18,191,0.9953760597201944,0.9957011567596252,TS_ONLY,150
18,192,0.9953032597925409,0.99566714751715,TS_ONLY,150
18,193,0.9952215665357579,0.9956331382746748,TS_ONLY,150
18,194,0.9951472511607411,0.9955991290321996,TS_ONLY,150
18,195,0.9950705577024481,0.9955651197897244,TS_ONLY,150
18,196,0.9950302699225336,0.9955311105472492,TS_ONLY,150
18,197,0.9950046135818877,0.995497101304774,TS_ONLY,150
18,198,0.9949935886805082,0.9954630920622988,TS_ONLY,150
18,199,0.9949971952183951,0.9954290828198236,TS_ONLY,150
18,200,0.9950154331955485,0.9953950735773484,TS_ONLY,150
19,151,0.9983541625402169,0.9984378193014797,TS_ONLY,150
19,152,0.998313949241844,0.9984211553142973,TS_ONLY,150
19,153,0.9982766524905043,0.9984044913271151,TS_ONLY,150
19,154,0.9982422722861977,0.9983878273399328,TS_ONLY,150
19,155,0.9982108086289242,0.9983711633527504,TS_ONLY,150
19,156,0.9981822615186868,0.9983544993655682,TS_ONLY,150
19,157,0.9981634010364282,0.9983378353783859,TS_ONLY,150
19,158,0.9981526300088968,0.9983211713912036,TS_ONLY,150
19,159,0.998118417587482,0.9983045074040213,TS_ONLY,150
19,160,0.9980856048046101,0.9982878434168391,TS_ONLY,150
19,161,0.9980510460025163,0.9982711794296567,TS_ONLY,150
19,162,0.9980122018525,0.9982545154424745,TS_ONLY,150
19,163,0.9979886622993271,0.9982378514552922,TS_ONLY,150
19,164,0.9979748072893371,0.9982211874681098,TS_ONLY,150
19,165,0.9979576989069638,0.9982045234809276,TS_ONLY,150
19,166,0.9979557420190031,0.9981878594937453,TS_ONLY,150
19,167,0.9979701549299111,0.998171195506563,TS_ONLY,150
19,168,0.9979696476288039,0.9981545315193807,TS_ONLY,150
19,169,0.9979757712917408,0.9981378675321985,TS_ONLY,150
19,170,0.9979679876075439,0.9981212035450161,TS_ONLY,150
19,171,0.9979505371878232,0.9981045395578338,TS_ONLY,150
19,172,0.9979374164180058,0.9980878755706516,TS_ONLY,150
19,173,0.9979284641604969,0.9980712115834692,TS_ONLY,150
19,174,0.9979243138901803,0.998054547596287,TS_ONLY,150
19,175,0.9979137758823782,0.9980378836091047,TS_ONLY,150
19,176,0.9979146632249826,0.9980212196219224,TS_ONLY,150
19,177,0.9979219630620617,0.9980045556347401,TS_ONLY,150
19,178,0.9979164416020232,0.9979878916475579,TS_ONLY,150
19,179,0.9978810831926193,0.9979712276603755,TS_ONLY,150
19,180,0.9978462976686268,0.9979545636731932,TS_ONLY,150
19,181,0.9978140490845031,0.997937899686011,TS_ONLY,150
19,182,0.9978019663708897,0.9979212356988286,TS_ONLY,150
19,183,0.9977817707485597,0.9979045717116464,TS_ONLY,150
19,184,0.997760137049204,0.9978879077244641,TS_ONLY,150
19,185,0.9977178738287117,0.9978712437372818,TS_ONLY,150
19,186,0.9976769311981306,0.9978545797500995,TS_ONLY,150
19,187,0.9976246500837709,0.9978379157629172,TS_ONLY,150
19,188,0.9975481718358651,0.9978212517757349,TS_ONLY,150
19,189,0.997464250420944,0.9978045877885526,TS_ONLY,150
19,190,0.9974058504213121,0.9977879238013704,TS_ONLY,150
19,191,0.9973498303501193,0.997771259814188,TS_ONLY,150
19,192,0.9973111514638624,0.9977545958270058,TS_ONLY,150
19,193,0.9972846686521686,0.9977379318398235,TS_ONLY,150
19,194,0.9972725060212573,0.9977212678526411,TS_ONLY,150
19,195,0.9972586462336028,0.9977046038654589,TS_ONLY,150
19,196,0.9972579269779204,0.9976879398782766,TS_ONLY,150
19,197,0.997266220569223,0.9976712758910943,TS_ONLY,150
19,198,0.9972835270075077,0.997654611903912,TS_ONLY,150
19,199,0.9973098462927743,0.9976379479167298,TS_ONLY,150
19,200,0.997345178425023,0.9976212839295474,TS_ONLY,150
20,151,0.9973616389364621,0.9976871471956819,TS_ONLY,150
20,152,0.9974075197253998,0.9976614392638177,TS_ONLY,150
20,153,0.9974215049847107,0.9976357313319535,TS_ONLY,150
20,154,0.997403594714395,0.9976100234000893,TS_ONLY,150
20,155,0.9973537889144526,0.9975843154682251,TS_ONLY,150
20,156,0.9972720875848866,0.997558607536361,TS_ONLY,150
20,157,0.9971109528470454,0.9975328996044969,TS_ONLY,150
20,158,0.9969958467251645,0.9975071916726327,TS_ONLY,150
20,159,0.9968982250774934,0.9974814837407685,TS_ONLY,150
20,160,0.9968057423558895,0.9974557758089043,TS_ONLY,150
20,161,0.9967649835522265,0.9974300678770401,TS_ONLY,150
20,162,0.9967462230467132,0.997404359945176,TS_ONLY,150
20,163,0.9967562441604744,0.9973786520133118,TS_ONLY,150
20,164,0.9968197596582506,0.9973529440814476,TS_ONLY,150
20,165,0.9969000064872323,0.9973272361495834,TS_ONLY,150
20,166,0.9969981041843179,0.9973015282177192,TS_ONLY,150
20,167,0.9968934864706803,0.9972758202858552,TS_ONLY,150
20,168,0.996978171831189,0.997250112353991,TS_ONLY,150
20,169,0.9968581736723161,0.9972244044221268,TS_ONLY,150
20,170,0.9967202675194098,0.9971986964902626,TS_ONLY,150
20,171,0.9966286239580148,0.9971729885583984,TS_ONLY,150
20,172,0.9965689094138606,0.9971472806265342,TS_ONLY,150
20,173,0.9966561260440131,0.99712157269467,TS_ONLY,150
20,174,0.9965639000607831,0.9970958647628059,TS_ONLY,150
20,175,0.9964988305626201,0.9970701568309417,TS_ONLY,150
20,176,0.9964825142151799,0.9970444488990775,TS_ONLY,150
20,177,0.9965271691823476,0.9970187409672133,TS_ONLY,150
20,178,0.9966247076581672,0.9969930330353493,TS_ONLY,150
20,179,0.9965231349097945,0.9969673251034851,TS_ONLY,150
20,180,0.9964948170830299,0.9969416171716209,TS_ONLY,150
20,181,0.9965423828461333,0.9969159092397567,TS_ONLY,150
20,182,0.9965689321766831,0.9968902013078925,TS_ONLY,150
20,183,0.99662696643056,0.9968644933760283,TS_ONLY,150
20,184,0.9964687216956917,0.9968387854441642,TS_ONLY,150
20,185,0.9964055226886985,0.9968130775123,TS_ONLY,150
20,186,0.9964305090450565,0.9967873695804358,TS_ONLY,150
20,187,0.9962479179393413,0.9967616616485716,TS_ONLY,150
20,188,0.9960964738165874,0.9967359537167074,TS_ONLY,150
20,189,0.9959848674786759,0.9967102457848434,TS_ONLY,150
20,190,0.9959041879371922,0.9966845378529792,TS_ONLY,150
20,191,0.9958612410572101,0.996658829921115,TS_ONLY,150
20,192,0.9958008059821721,0.9966331219892508,TS_ONLY,150
20,193,0.9957761643512522,0.9966074140573866,TS_ONLY,150
20,194,0.9958041770686448,0.9965817061255224,TS_ONLY,150
20,195,0.9958724204484426,0.9965559981936583,TS_ONLY,150
20,196,0.9959026605517954,0.9965302902617941,TS_ONLY,150
20,197,0.9959341167151717,0.9965045823299299,TS_ONLY,150
20,198,0.9959667889385689,0.9964788743980657,TS_ONLY,150
20,199,0.996000677221987,0.9964531664662015,TS_ONLY,150
20,200,0.9960357815654259,0.9964274585343375,TS_ONLY,150
21,151,0.9956912339585707,0.9957713563903964,TS_ONLY,150
21,152,0.9956361582846758,0.9957247869821518,TS_ONLY,150
21,153,0.9955777660134763,0.9956782175739072,TS_ONLY,150
21,154,0.9955160571449724,0.9956316481656626,TS_ONLY,150
21,155,0.995451031679164,0.995585078757418,TS_ONLY,150
21,156,0.995382689616054,0.9955385093491733,TS_ONLY,150
21,157,0.9953032813292844,0.9954919399409288,TS_ONLY,150
21,158,0.9952288312847336,0.9954453705326841,TS_ONLY,150
21,159,0.9951657989556684,0.9953988011244396,TS_ONLY,150
21,160,0.9950827836652403,0.9953522317161949,TS_ONLY,150
21,161,0.9950040504535111,0.9953056623079504,TS_ONLY,150
21,162,0.9949378275730777,0.9952590928997057,TS_ONLY,150
21,163,0.994872731051322,0.995212523491461,TS_ONLY,150
21,164,0.9948462154708643,0.9951659540832165,TS_ONLY,150
21,165,0.9948455456205259,0.9951193846749719,TS_ONLY,150
21,166,0.9948506100983525,0.9950728152667273,TS_ONLY,150
21,167,0.9948442953928711,0.9950262458584826,TS_ONLY,150
21,168,0.994858696630907,0.994979676450238,TS_ONLY,150
21,169,0.9948599240004905,0.9949331070419934,TS_ONLY,150
21,170,0.9948275598015108,0.9948865376337488,TS_ONLY,150
21,171,0.9947749222348143,0.9948399682255042,TS_ONLY,150
21,172,0.9947228452351056,0.9947933988172596,TS_ONLY,150
21,173,0.994660418753779,0.9947468294090149,TS_ONLY,150
21,174,0.9946132830160076,0.9947002600007704,TS_ONLY,150
21,175,0.9945781416702075,0.9946536905925257,TS_ONLY,150
21,176,0.9945183042464286,0.9946071211842812,TS_ONLY,150
21,177,0.994460904363839,0.9945605517760365,TS_ONLY,150
21,178,0.9944207553588466,0.994513982367792,TS_ONLY,150
21,179,0.9943659110086336,0.9944674129595473,TS_ONLY,150
21,180,0.9943098604053411,0.9944208435513027,TS_ONLY,150
21,181,0.9942479000109743,0.9943742741430581,TS_ONLY,150
21,182,0.9941933460671152,0.9943277047348135,TS_ONLY,150
21,183,0.9941428593360844,0.9942811353265689,TS_ONLY,150
21,184,0.9941003087097292,0.9942345659183243,TS_ONLY,150
21,185,0.994049879015029,0.9941879965100796,TS_ONLY,150
21,186,0.9939787237981907,0.9941414271018351,TS_ONLY,150
21,187,0.9939123404758661,0.9940948576935904,TS_ONLY,150
21,188,0.9938302001053307,0.9940482882853459,TS_ONLY,150
21,189,0.9937594602523034,0.9940017188771012,TS_ONLY,150
21,190,0.9936779827658371,0.9939551494688565,TS_ONLY,150
21,191,0.9935713169909226,0.993908580060612,TS_ONLY,150
21,192,0.9934749826288649,0.9938620106523673,TS_ONLY,150
21,193,0.9933924321192207,0.9938154412441228,TS_ONLY,150
21,194,0.9933409069786632,0.9937688718358781,TS_ONLY,150
21,195,0.9933053047706054,0.9937223024276336,TS_ONLY,150
21,196,0.9932830596003424,0.9936757330193889,TS_ONLY,150
21,197,0.9932787843572951,0.9936291636111443,TS_ONLY,150
21,198,0.9932924790414607,0.9935825942028997,TS_ONLY,150
21,199,0.9933241436528392,0.9935360247946551,TS_ONLY,150
21,200,0.9933737781914306,0.9934894553864105,TS_ONLY,150
22,151,0.9979528761834789,0.9979483943499776,TS_ONLY,150
22,152,0.9979072381966131,0.9979249289499217,TS_ONLY,150
22,153,0.9978617640595299,0.9979014635498658,TS_ONLY,150
22,154,0.997816453772229,0.9978779981498098,TS_ONLY,150
22,155,0.9977713073347109,0.9978545327497539,TS_ONLY,150
22,156,0.9977263247469779,0.997831067349698,TS_ONLY,150
22,157,0.9976623722504454,0.997807601949642,TS_ONLY,150
22,158,0.9976220530829301,0.9977841365495861,TS_ONLY,150
22,159,0.9975850693515447,0.9977606711495302,TS_ONLY,150
22,160,0.9975521284025106,0.9977372057494742,TS_ONLY,150
22,161,0.9975274650059696,0.9977137403494183,TS_ONLY,150
22,162,0.99750044667464,0.9976902749493624,TS_ONLY,150
22,163,0.9974735928424314,0.9976668095493064,TS_ONLY,150
22,164,0.9974506677254206,0.9976433441492505,TS_ONLY,150
22,165,0.9974375716473516,0.9976198787491946,TS_ONLY,150
22,166,0.9974409607621424,0.9975964133491386,TS_ONLY,150
22,167,0.9974532155137844,0.9975729479490827,TS_ONLY,150
22,168,0.9974715255646589,0.9975494825490268,TS_ONLY,150
22,169,0.9974882601035546,0.9975260171489708,TS_ONLY,150
22,170,0.9974927470335335,0.9975025517489149,TS_ONLY,150
22,171,0.9974823827231087,0.997479086348859,TS_ONLY,150
22,172,0.9974560568032118,0.997455620948803,TS_ONLY,150
22,173,0.9974282640273349,0.9974321555487471,TS_ONLY,150
22,174,0.9974235959318766,0.9974086901486912,TS_ONLY,150
22,175,0.9974112134769693,0.9973852247486352,TS_ONLY,150
22,176,0.9974167092627432,0.9973617593485793,TS_ONLY,150
22,177,0.9974104067819365,0.9973382939485234,TS_ONLY,150
22,178,0.9973914928461298,0.9973148285484674,TS_ONLY,150
22,179,0.9973688547367965,0.9972913631484115,TS_ONLY,150
22,180,0.9973364659420498,0.9972678977483556,TS_ONLY,150
22,181,0.9972937885930526,0.9972444323482996,TS_ONLY,150
22,182,0.9972503787900733,0.9972209669482437,TS_ONLY,150
22,183,0.9972196642067779,0.9971975015481878,TS_ONLY,150
22,184,0.9971947514642006,0.9971740361481318,TS_ONLY,150
22,185,0.9971539974562448,0.9971505707480759,TS_ONLY,150
22,186,0.99711660853755,0.99712710534802,TS_ONLY,150
22,187,0.9970594165220095,0.997103639947964,TS_ONLY,150
22,188,0.9969981574821415,0.9970801745479081,TS_ONLY,150
22,189,0.996932905442551,0.9970567091478522,TS_ONLY,150
22,190,0.9968700312810477,0.9970332437477962,TS_ONLY,150
22,191,0.9967969001664407,0.9970097783477403,TS_ONLY,150
22,192,0.9967343004587343,0.9969863129476844,TS_ONLY,150
22,193,0.9966924120561809,0.9969628475476284,TS_ONLY,150
22,194,0.9966737251724511,0.9969393821475725,TS_ONLY,150
22,195,0.9966714083321956,0.9969159167475166,TS_ONLY,150
22,196,0.9966745969745014,0.9968924513474606,TS_ONLY,150
22,197,0.9966913347168012,0.9968689859474047,TS_ONLY,150
22,198,0.9967216215590917,0.9968455205473488,TS_ONLY,150
22,199,0.9967654575013734,0.9968220551472928,TS_ONLY,150
22,200,0.996822842543646,0.9967985897472369,TS_ONLY,150
23,151,0.9957291000885199,0.9959945759720503,TS_ONLY,150
23,152,0.995655804722311,0.9959518629239253,TS_ONLY,150
23,153,0.995583265767001,0.9959091498758004,TS_ONLY,150
23,154,0.9955114832225899,0.9958664368276753,TS_ONLY,150
23,155,0.9954404570890777,0.9958237237795502,TS_ONLY,150
23,156,0.9953701873664672,0.9957810107314252,TS_ONLY,150
23,157,0.9952964816511591,0.9957382976833002,TS_ONLY,150
23,158,0.9952337450924627,0.9956955846351752,TS_ONLY,150
23,159,0.9951646689343825,0.9956528715870501,TS_ONLY,150
23,160,0.9950886447357687,0.9956101585389251,TS_ONLY,150
23,161,0.9950125348933974,0.9955674454908001,TS_ONLY,150
23,162,0.9949454753952015,0.995524732442675,TS_ONLY,150
23,163,0.9948705612965933,0.9954820193945499,TS_ONLY,150
23,164,0.9948185960203811,0.995439306346425,TS_ONLY,150
23,165,0.9947838854552487,0.9953965932983,TS_ONLY,150
23,166,0.9947588975268944,0.9953538802501749,TS_ONLY,150
23,167,0.9947590577003345,0.9953111672020498,TS_ONLY,150
23,168,0.9947644068394659,0.9952684541539248,TS_ONLY,150
23,169,0.9947660037795605,0.9952257411057999,TS_ONLY,150
23,170,0.9947637944757017,0.9951830280576748,TS_ONLY,150
23,171,0.9947466162556119,0.9951403150095497,TS_ONLY,150
23,172,0.9947189951630708,0.9950976019614247,TS_ONLY,150
23,173,0.9946621370785891,0.9950548889132997,TS_ONLY,150
23,174,0.9946149970545015,0.9950121758651747,TS_ONLY,150
23,175,0.9945695964921818,0.9949694628170496,TS_ONLY,150
23,176,0.9945269742307985,0.9949267497689246,TS_ONLY,150
23,177,0.9944802338775807,0.9948840367207996,TS_ONLY,150
23,178,0.99442978382032,0.9948413236726745,TS_ONLY,150
23,179,0.994383440304972,0.9947986106245494,TS_ONLY,150
23,180,0.9943415393688771,0.9947558975764245,TS_ONLY,150
23,181,0.9942902372324994,0.9947131845282995,TS_ONLY,150
23,182,0.9942375416961541,0.9946704714801744,TS_ONLY,150
23,183,0.9941733265295782,0.9946277584320493,TS_ONLY,150
23,184,0.9941300293605158,0.9945850453839243,TS_ONLY,150
23,185,0.9940893572924874,0.9945423323357994,TS_ONLY,150
23,186,0.9940361842867442,0.9944996192876743,TS_ONLY,150
23,187,0.9939514980828261,0.9944569062395492,TS_ONLY,150
23,188,0.9938687256791139,0.9944141931914242,TS_ONLY,150
23,189,0.9937819685524725,0.9943714801432992,TS_ONLY,150
23,190,0.9937040166065777,0.9943287670951741,TS_ONLY,150
23,191,0.9936094491179026,0.9942860540470491,TS_ONLY,150
23,192,0.9935086087142964,0.9942433409989241,TS_ONLY,150
23,193,0.9934110201584094,0.9942006279507991,TS_ONLY,150
23,194,0.9933458424257315,0.994157914902674,TS_ONLY,150
23,195,0.9932978906382908,0.9941152018545489,TS_ONLY,150
23,196,0.993268502233414,0.994072488806424,TS_ONLY,150
23,197,0.9932555990533375,0.994029775758299,TS_ONLY,150
23,198,0.9932591810980587,0.9939870627101739,TS_ONLY,150
23,199,0.9932792483675777,0.9939443496620488,TS_ONLY,150
23,200,0.9933158008618946,0.9939016366139238,TS_ONLY,150
26,151,0.9959505042486115,0.9959605727528489,TS_ONLY,150
26,152,0.9959391513915293,0.9959155283066471,TS_ONLY,150
26,153,0.9959235813440527,0.9958704838604452,TS_ONLY,150
26,154,0.9959037941061815,0.9958254394142433,TS_ONLY,150
26,155,0.9958797896779156,0.9957803949680414,TS_ONLY,150
26,156,0.9958515680592581,0.9957353505218396,TS_ONLY,150
26,157,0.9958072894134908,0.9956903060756377,TS_ONLY,150
26,158,0.9957666449082698,0.9956452616294358,TS_ONLY,150
26,159,0.9957290508396146,0.995600217183234,TS_ONLY,150
26,160,0.9956855218293663,0.9955551727370321,TS_ONLY,150
26,161,0.9956471401855236,0.9955101282908302,TS_ONLY,150
26,162,0.9956172217042869,0.9954650838446283,TS_ONLY,150
26,163,0.9955702454172622,0.9954200393984265,TS_ONLY,150
26,164,0.9955319666902213,0.9953749949522246,TS_ONLY,150
26,165,0.9954958282837898,0.9953299505060227,TS_ONLY,150
26,166,0.9954580497498497,0.9952849060598208,TS_ONLY,150
26,167,0.9954201972989694,0.995239861613619,TS_ONLY,150
26,168,0.9954003162585383,0.9951948171674171,TS_ONLY,150
26,169,0.9953739741361689,0.9951497727212152,TS_ONLY,150
26,170,0.9953283702185327,0.9951047282750134,TS_ONLY,150
26,171,0.9952770786212812,0.9950596838288115,TS_ONLY,150
26,172,0.9952158335301919,0.9950146393826096,TS_ONLY,150
26,173,0.9951514651758169,0.9949695949364077,TS_ONLY,150
26,174,0.9950852331987592,0.9949245504902059,TS_ONLY,150
26,175,0.9950159682286617,0.994879506044004,TS_ONLY,150
26,176,0.994937142898188,0.9948344615978021,TS_ONLY,150
26,177,0.9948684720981864,0.9947894171516003,TS_ONLY,150
26,178,0.994824032753938,0.9947443727053984,TS_ONLY,150
26,179,0.9947916678182149,0.9946993282591965,TS_ONLY,150
26,180,0.9947660354292998,0.9946542838129946,TS_ONLY,150
26,181,0.9947581952186065,0.9946092393667928,TS_ONLY,150
26,182,0.9947504723156242,0.9945641949205909,TS_ONLY,150
26,183,0.9947581154144762,0.994519150474389,TS_ONLY,150
26,184,0.99477481366559,0.9944741060281872,TS_ONLY,150
26,185,0.994767935465342,0.9944290615819853,TS_ONLY,150
26,186,0.9947573642526486,0.9943840171357834,TS_ONLY,150
26,187,0.9947425828269708,0.9943389726895815,TS_ONLY,150
26,188,0.9947137593630634,0.9942939282433797,TS_ONLY,150
26,189,0.9947103567853216,0.9942488837971778,TS_ONLY,150
26,190,0.9946953152330662,0.9942038393509759,TS_ONLY,150
26,191,0.994681869981461,0.994158794904774,TS_ONLY,150
26,192,0.9946622189775258,0.9941137504585722,TS_ONLY,150
26,193,0.9946446633771215,0.9940687060123703,TS_ONLY,150
26,194,0.9946319178289431,0.9940236615661684,TS_ONLY,150
26,195,0.9945965515165704,0.9939786171199666,TS_ONLY,150
26,196,0.9945587055634009,0.9939335726737647,TS_ONLY,150
26,197,0.9945147672408209,0.9938885282275628,TS_ONLY,150
26,198,0.994464736548828,0.9938434837813609,TS_ONLY,150
26,199,0.9944086134874224,0.9937984393351591,TS_ONLY,150
26,200,0.994346398056604,0.9937533948889572,TS_ONLY,150
27,151,0.9956270353333843,0.9956989241097155,TS_ONLY,150
27,152,0.9956308304875027,0.9956532968059094,TS_ONLY,150
27,153,0.9956235063981074,0.9956076695021034,TS_ONLY,150
27,154,0.9956050630651984,0.9955620421982974,TS_ONLY,150
27,155,0.9955755004887756,0.9955164148944914,TS_ONLY,150
27,156,0.9955348186688422,0.9954707875906854,TS_ONLY,150
27,157,0.9954834006625471,0.9954251602868793,TS_ONLY,150
27,158,0.995418425360461,0.9953795329830734,TS_ONLY,150
27,159,0.9953565849148365,0.9953339056792673,TS_ONLY,150
27,160,0.9952733097356826,0.9952882783754613,TS_ONLY,150
27,161,0.9952144854349595,0.9952426510716552,TS_ONLY,150
27,162,0.9951573562046216,0.9951970237678492,TS_ONLY,150
27,163,0.9950850316767843,0.9951513964640433,TS_ONLY,150
27,164,0.9949959437697586,0.9951057691602372,TS_ONLY,150
27,165,0.9949210350328426,0.9950601418564312,TS_ONLY,150
27,166,0.9948438679446346,0.9950145145526251,TS_ONLY,150
27,167,0.9947548564922097,0.9949688872488192,TS_ONLY,150
27,168,0.9946976510250903,0.9949232599450132,TS_ONLY,150
27,169,0.9946473330066448,0.9948776326412071,TS_ONLY,150
27,170,0.9945945152930386,0.9948320053374011,TS_ONLY,150
27,171,0.9945447834265342,0.994786378033595,TS_ONLY,150
27,172,0.9945075395805032,0.9947407507297891,TS_ONLY,150
27,173,0.9944889188554943,0.9946951234259831,TS_ONLY,150
27,174,0.9944763021037695,0.994649496122177,TS_ONLY,150
27,175,0.9944619689353607,0.994603868818371,TS_ONLY,150
27,176,0.9944689801054403,0.994558241514565,TS_ONLY,150
27,177,0.9944851237885035,0.994512614210759,TS_ONLY,150
27,178,0.9944910894255776,0.9944669869069529,TS_ONLY,150
27,179,0.9944799854294203,0.9944213596031469,TS_ONLY,150
27,180,0.9944433259927755,0.994375732299341,TS_ONLY,150
27,181,0.994388699724889,0.9943301049955349,TS_ONLY,150
27,182,0.9943523016714957,0.9942844776917289,TS_ONLY,150
27,183,0.9943249681714408,0.9942388503879228,TS_ONLY,150
27,184,0.99428351692634,0.9941932230841168,TS_ONLY,150
27,185,0.9942383398808105,0.9941475957803109,TS_ONLY,150
27,186,0.9942158639706631,0.9941019684765048,TS_ONLY,150
27,187,0.9941856942445113,0.9940563411726988,TS_ONLY,150
27,188,0.9941470624534154,0.9940107138688927,TS_ONLY,150
27,189,0.9941038359803992,0.9939650865650868,TS_ONLY,150
27,190,0.9940330063469403,0.9939194592612808,TS_ONLY,150
27,191,0.9939755654170752,0.9938738319574747,TS_ONLY,150
27,192,0.993924755344659,0.9938282046536687,TS_ONLY,150
27,193,0.9938759374482569,0.9937825773498626,TS_ONLY,150
27,194,0.9938333304535465,0.9937369500460567,TS_ONLY,150
27,195,0.9937877818081611,0.9936913227422506,TS_ONLY,150
27,196,0.9937337446981204,0.9936456954384446,TS_ONLY,150
27,197,0.9936772647437789,0.9936000681346386,TS_ONLY,150
27,198,0.9936183419451339,0.9935544408308326,TS_ONLY,150
27,199,0.9935569763021853,0.9935088135270266,TS_ONLY,150
27,200,0.9934931678149332,0.9934631862232205,TS_ONLY,150
28,151,0.9958768271134878,0.9956743128162656,TS_ONLY,150
28,152,0.9958069872774017,0.9956265083959915,TS_ONLY,150
28,153,0.9957385062343753,0.9955787039757175,TS_ONLY,150
28,154,0.9956713839844086,0.9955308995554434,TS_ONLY,150
28,155,0.9956056205275016,0.9954830951351693,TS_ONLY,150
28,156,0.9955412158636568,0.9954352907148952,TS_ONLY,150
28,157,0.9954703721703593,0.9953874862946213,TS_ONLY,150
28,158,0.9954017294613472,0.9953396818743472,TS_ONLY,150
28,159,0.9953492965457706,0.9952918774540731,TS_ONLY,150
28,160,0.9952887605784829,0.995244073033799,TS_ONLY,150
28,161,0.9952268306544811,0.995196268613525,TS_ONLY,150
28,162,0.9951706085295687,0.9951484641932509,TS_ONLY,150
28,163,0.9951025837892211,0.9951006597729768,TS_ONLY,150
28,164,0.9950259680471947,0.9950528553527027,TS_ONLY,150
28,165,0.9949711867638683,0.9950050509324286,TS_ONLY,150
28,166,0.9949195165957059,0.9949572465121546,TS_ONLY,150
28,167,0.9948801619547997,0.9949094420918805,TS_ONLY,150
28,168,0.9948288282290081,0.9948616376716064,TS_ONLY,150
28,169,0.994759286893276,0.9948138332513323,TS_ONLY,150
28,170,0.9946900390221152,0.9947660288310584,TS_ONLY,150
28,171,0.9946267177461146,0.9947182244107843,TS_ONLY,150
28,172,0.9945784560647598,0.9946704199905102,TS_ONLY,150
28,173,0.9945622098053123,0.9946226155702361,TS_ONLY,150
28,174,0.9945735190442897,0.994574811149962,TS_ONLY,150
28,175,0.9946043690732354,0.994527006729688,TS_ONLY,150
28,176,0.9946231319216181,0.9944792023094139,TS_ONLY,150
28,177,0.9946438750046789,0.9944313978891398,TS_ONLY,150
28,178,0.9946295992122275,0.9943835934688657,TS_ONLY,150
28,179,0.9945936333057059,0.9943357890485917,TS_ONLY,150
28,180,0.9945449739711748,0.9942879846283176,TS_ONLY,150
28,181,0.9944893921720652,0.9942401802080435,TS_ONLY,150
28,182,0.9944399381823597,0.9941923757877694,TS_ONLY,150
28,183,0.9944161321713652,0.9941445713674955,TS_ONLY,150
28,184,0.9943877023568948,0.9940967669472214,TS_ONLY,150
28,185,0.9943462800062939,0.9940489625269473,TS_ONLY,150
28,186,0.9943019638171833,0.9940011581066732,TS_ONLY,150
28,187,0.9942709067133846,0.9939533536863991,TS_ONLY,150
28,188,0.994239933611649,0.9939055492661251,TS_ONLY,150
28,189,0.9942015542194994,0.993857744845851,TS_ONLY,150
28,190,0.9941377686530268,0.9938099404255769,TS_ONLY,150
28,191,0.9940912929380132,0.9937621360053028,TS_ONLY,150
28,192,0.9940443114741453,0.9937143315850288,TS_ONLY,150
28,193,0.9940105493736837,0.9936665271647547,TS_ONLY,150
28,194,0.9939496478780393,0.9936187227444806,TS_ONLY,150
28,195,0.993885339415004,0.9935709183242065,TS_ONLY,150
28,196,0.9938172778179344,0.9935231139039326,TS_ONLY,150
28,197,0.9937457480426715,0.9934753094836585,TS_ONLY,150
28,198,0.9936707500892124,0.9934275050633844,TS_ONLY,150
28,199,0.9935922839575569,0.9933797006431103,TS_ONLY,150
28,200,0.9935103496477052,0.9933318962228362,TS_ONLY,150
29,151,0.9971053161646016,0.9972791378646533,TS_ONLY,150
29,152,0.9970546443879883,0.9972498334329222,TS_ONLY,150
29,153,0.9969999147314916,0.997220529001191,TS_ONLY,150
29,154,0.9969411271951116,0.9971912245694597,TS_ONLY,150
29,155,0.9968782817788483,0.9971619201377285,TS_ONLY,150
29,156,0.9968113784827042,0.9971326157059974,TS_ONLY,150
29,157,0.9967248965817403,0.9971033112742662,TS_ONLY,150
29,158,0.9966387616759906,0.997074006842535,TS_ONLY,150
29,159,0.9965665081064645,0.9970447024108039,TS_ONLY,150
29,160,0.9965136282181668,0.9970153979790727,TS_ONLY,150
29,161,0.9964645471636396,0.9969860935473415,TS_ONLY,150
29,162,0.9964205732676059,0.9969567891156103,TS_ONLY,150
29,163,0.9963652681228199,0.9969274846838792,TS_ONLY,150
29,164,0.9963280237515837,0.9968981802521479,TS_ONLY,150
29,165,0.9963083764024314,0.9968688758204167,TS_ONLY,150
29,166,0.9962999252139577,0.9968395713886856,TS_ONLY,150
29,167,0.9962917071015146,0.9968102669569544,TS_ONLY,150
29,168,0.9962900129355721,0.9967809625252232,TS_ONLY,150
29,169,0.9963176372464052,0.996751658093492,TS_ONLY,150
29,170,0.996330514478867,0.9967223536617609,TS_ONLY,150
29,171,0.99633957105396,0.9966930492300297,TS_ONLY,150
29,172,0.9963433788354059,0.9966637447982984,TS_ONLY,150
29,173,0.996316399630141,0.9966344403665673,TS_ONLY,150
29,174,0.9962795277877291,0.9966051359348361,TS_ONLY,150
29,175,0.996253321792555,0.9965758315031049,TS_ONLY,150
29,176,0.9962191139567975,0.9965465270713737,TS_ONLY,150
29,177,0.9961771816583925,0.9965172226396426,TS_ONLY,150
29,178,0.9961279864664458,0.9964879182079114,TS_ONLY,150
29,179,0.9960935972765861,0.9964586137761802,TS_ONLY,150
29,180,0.9960372576932366,0.9964293093444491,TS_ONLY,150
29,181,0.9959856516483765,0.9964000049127179,TS_ONLY,150
29,182,0.9959354462420607,0.9963707004809866,TS_ONLY,150
29,183,0.9958692511216817,0.9963413960492554,TS_ONLY,150
29,184,0.9958310565509717,0.9963120916175243,TS_ONLY,150
29,185,0.9957945079160518,0.9962827871857931,TS_ONLY,150
29,186,0.9957594622723526,0.9962534827540619,TS_ONLY,150
29,187,0.995720506712767,0.9962241783223308,TS_ONLY,150
29,188,0.9956817104654498,0.9961948738905996,TS_ONLY,150
29,189,0.9956372887491772,0.9961655694588684,TS_ONLY,150
29,190,0.9955685636190378,0.9961362650271371,TS_ONLY,150
29,191,0.9954968102463866,0.996106960595406,TS_ONLY,150
29,192,0.9954372577928832,0.9960776561636748,TS_ONLY,150
29,193,0.99534720467828,0.9960483517319436,TS_ONLY,150
29,194,0.9952711797727173,0.9960190473002125,TS_ONLY,150
29,195,0.9952156734143542,0.9959897428684813,TS_ONLY,150
29,196,0.9951853650628,0.9959604384367501,TS_ONLY,150
29,197,0.9951711378661893,0.9959311340050189,TS_ONLY,150
29,198,0.9951729918245189,0.9959018295732878,TS_ONLY,150
29,199,0.9951909269377889,0.9958725251415566,TS_ONLY,150
29,200,0.9952249432059993,0.9958432207098253,TS_ONLY,150
30,151,0.9786156496830348,0.9790633014759011,TS_ONLY,150
30,152,0.97849959995813,0.9789033970650056,TS_ONLY,150
30,153,0.9783824134107618,0.9787434926541101,TS_ONLY,150
30,154,0.9782640900409304,0.9785835882432146,TS_ONLY,150
30,155,0.9781446298486357,0.978423683832319,TS_ONLY,150
30,156,0.9780240328338803,0.9782637794214235,TS_ONLY,150
30,157,0.9778889014610461,0.978103875010528,TS_ONLY,150
30,158,0.9777682447260291,0.9779439705996325,TS_ONLY,150
30,159,0.9776605185831237,0.9777840661887369,TS_ONLY,150
30,160,0.97753377880097,0.9776241617778414,TS_ONLY,150
30,161,0.9774259211339003,0.9774642573669459,TS_ONLY,150
30,162,0.9773195538559117,0.9773043529560503,TS_ONLY,150
30,163,0.9771920347440073,0.9771444485451547,TS_ONLY,150
30,164,0.9770537208353786,0.9769845441342592,TS_ONLY,150
30,165,0.976874119681151,0.9768246397233636,TS_ONLY,150
30,166,0.976676843904003,0.9766647353124681,TS_ONLY,150
30,167,0.9764800237719291,0.9765048309015726,TS_ONLY,150
30,168,0.9762819189345002,0.9763449264906771,TS_ONLY,150
30,169,0.9760779184118875,0.9761850220797815,TS_ONLY,150
30,170,0.9758535861728687,0.976025117668886,TS_ONLY,150
30,171,0.975640084719773,0.9758652132579905,TS_ONLY,150
30,172,0.9754444258391946,0.9757053088470949,TS_ONLY,150
30,173,0.9752571500427585,0.9755454044361994,TS_ONLY,150
30,174,0.9750693311365886,0.9753855000253039,TS_ONLY,150
30,175,0.9748969062286892,0.9752255956144084,TS_ONLY,150
30,176,0.9747300921460091,0.9750656912035128,TS_ONLY,150
30,177,0.9745758297873253,0.9749057867926173,TS_ONLY,150
30,178,0.9744064513106123,0.9747458823817218,TS_ONLY,150
30,179,0.9742581496357877,0.9745859779708262,TS_ONLY,150
30,180,0.9741236702127505,0.9744260735599307,TS_ONLY,150
30,181,0.9739996481604303,0.9742661691490352,TS_ONLY,150
30,182,0.9738789733217553,0.9741062647381397,TS_ONLY,150
30,183,0.9737841247686867,0.9739463603272441,TS_ONLY,150
30,184,0.9736866657990332,0.9737864559163486,TS_ONLY,150
30,185,0.9735904989506905,0.9736265515054531,TS_ONLY,150
30,186,0.9734797771977106,0.9734666470945574,TS_ONLY,150
30,187,0.9733510233290976,0.9733067426836619,TS_ONLY,150
30,188,0.9731987434300009,0.9731468382727664,TS_ONLY,150
30,189,0.9730811593001335,0.9729869338618709,TS_ONLY,150
30,190,0.9729794485882934,0.9728270294509753,TS_ONLY,150
30,191,0.9728458590800013,0.9726671250400798,TS_ONLY,150
30,192,0.9727194183353756,0.9725072206291843,TS_ONLY,150
30,193,0.9725771072263516,0.9723473162182887,TS_ONLY,150
30,194,0.9724210447533566,0.9721874118073932,TS_ONLY,150
30,195,0.9722410586237553,0.9720275073964977,TS_ONLY,150
30,196,0.9720844632924925,0.9718676029856022,TS_ONLY,150
30,197,0.971925259507695,0.9717076985747066,TS_ONLY,150
30,198,0.97176344726936,0.9715477941638111,TS_ONLY,150
30,199,0.9715990265774874,0.9713878897529156,TS_ONLY,150
30,200,0.9714319974320774,0.97122798534202,TS_ONLY,150
31,151,0.9975070046684483,0.9975631008693959,TS_ONLY,150
31,152,0.997474092201904,0.9975267614535006,TS_ONLY,150
31,153,0.9974387880343855,0.9974904220376053,TS_ONLY,150
31,154,0.9974010921658929,0.9974540826217101,TS_ONLY,150
31,155,0.9973610045964262,0.9974177432058149,TS_ONLY,150
31,156,0.9973185253259879,0.9973814037899196,TS_ONLY,150
31,157,0.9972511507658179,0.9973450643740243,TS_ONLY,150
31,158,0.9971848111679518,0.9973087249581291,TS_ONLY,150
31,159,0.9971480978372742,0.9972723855422339,TS_ONLY,150
31,160,0.9971319010209514,0.9972360461263385,TS_ONLY,150
31,161,0.9971251197669797,0.9971997067104432,TS_ONLY,150
31,162,0.9971208142617026,0.997163367294548,TS_ONLY,150
31,163,0.9970887395225201,0.9971270278786528,TS_ONLY,150
31,164,0.9970490605713396,0.9970906884627575,TS_ONLY,150
31,165,0.9970042857558397,0.9970543490468622,TS_ONLY,150
31,166,0.9969578503880083,0.997018009630967,TS_ONLY,150
31,167,0.9968884360628354,0.9969816702150718,TS_ONLY,150
31,168,0.9968279092851762,0.9969453307991765,TS_ONLY,150
31,169,0.9967573712929807,0.9969089913832812,TS_ONLY,150
31,170,0.9966948078549835,0.996872651967386,TS_ONLY,150
31,171,0.9966349709782729,0.9968363125514907,TS_ONLY,150
31,172,0.996591494356329,0.9967999731355954,TS_ONLY,150
31,173,0.9965419818218111,0.9967636337197001,TS_ONLY,150
31,174,0.9965113307933615,0.9967272943038049,TS_ONLY,150
31,175,0.9964791181183416,0.9966909548879097,TS_ONLY,150
31,176,0.9964635240505813,0.9966546154720144,TS_ONLY,150
31,177,0.9964451825759255,0.9966182760561191,TS_ONLY,150
31,178,0.9964224586446496,0.9965819366402239,TS_ONLY,150
31,179,0.9963817573715876,0.9965455972243287,TS_ONLY,150
31,180,0.9963609201896753,0.9965092578084334,TS_ONLY,150
31,181,0.9963277652487826,0.996472918392538,TS_ONLY,150
31,182,0.9962946207306943,0.9964365789766428,TS_ONLY,150
31,183,0.9962528918134679,0.9964002395607476,TS_ONLY,150
31,184,0.9962236959859262,0.9963639001448523,TS_ONLY,150
31,185,0.9961806766368064,0.996327560728957,TS_ONLY,150
31,186,0.9961562358257028,0.9962912213130618,TS_ONLY,150
31,187,0.9961461259271673,0.9962548818971666,TS_ONLY,150
31,188,0.9961059648658412,0.9962185424812713,TS_ONLY,150
31,189,0.9960572708541137,0.996182203065376,TS_ONLY,150
31,190,0.9960122097441348,0.9961458636494808,TS_ONLY,150
31,191,0.9959512449869277,0.9961095242335856,TS_ONLY,150
31,192,0.9959146986428828,0.9960731848176902,TS_ONLY,150
31,193,0.9958371791458136,0.9960368454017949,TS_ONLY,150
31,194,0.9957720818575309,0.9960005059858997,TS_ONLY,150
31,195,0.9956880636310182,0.9959641665700045,TS_ONLY,150
31,196,0.995610149220539,0.9959278271541092,TS_ONLY,150
31,197,0.9955296818882626,0.9958914877382139,TS_ONLY,150
31,198,0.9954466616341862,0.9958551483223187,TS_ONLY,150
31,199,0.9953610884583096,0.9958188089064235,TS_ONLY,150
31,200,0.9952729623606329,0.9957824694905282,TS_ONLY,150
32,151,0.9976372787513029,0.9975041948036942,TS_ONLY,150
32,152,0.9975859283782122,0.9974654883699394,TS_ONLY,150
32,153,0.997537759894991,0.9974267819361847,TS_ONLY,150
32,154,0.9974927733016392,0.99738807550243,TS_ONLY,150
32,155,0.9974509685981569,0.9973493690686753,TS_ONLY,150
32,156,0.9974123457845467,0.9973106626349206,TS_ONLY,150
32,157,0.9973910714903576,0.9972719562011658,TS_ONLY,150
32,158,0.9973645351764251,0.9972332497674111,TS_ONLY,150
32,159,0.9973236525734257,0.9971945433336564,TS_ONLY,150
32,160,0.9972787239121719,0.9971558368999016,TS_ONLY,150
32,161,0.9972344983995737,0.9971171304661469,TS_ONLY,150
32,162,0.9971726285375544,0.9970784240323922,TS_ONLY,150
32,163,0.9970815136859652,0.9970397175986375,TS_ONLY,150
32,164,0.9970228364338789,0.9970010111648828,TS_ONLY,150
32,165,0.9969708889751285,0.996962304731128,TS_ONLY,150
32,166,0.9969182256786682,0.9969235982973733,TS_ONLY,150
32,167,0.9968728833104742,0.9968848918636186,TS_ONLY,150
32,168,0.9968603327414325,0.9968461854298638,TS_ONLY,150
32,169,0.9968612785135655,0.9968074789961091,TS_ONLY,150
32,170,0.9968686788578124,0.9967687725623544,TS_ONLY,150
32,171,0.9969081763848517,0.9967300661285997,TS_ONLY,150
32,172,0.9969420233445405,0.996691359694845,TS_ONLY,150
32,173,0.9969555279992341,0.9966526532610902,TS_ONLY,150
32,174,0.9969494042176517,0.9966139468273355,TS_ONLY,150
32,175,0.9969421889585828,0.9965752403935808,TS_ONLY,150
32,176,0.9968777141211322,0.996536533959826,TS_ONLY,150
32,177,0.9968280375656302,0.9964978275260713,TS_ONLY,150
32,178,0.9967976306524424,0.9964591210923166,TS_ONLY,150
32,179,0.9967544462986647,0.9964204146585619,TS_ONLY,150
32,180,0.99670640641245,0.9963817082248072,TS_ONLY,150
32,181,0.9966986004560046,0.9963430017910524,TS_ONLY,150
32,182,0.9966953899063733,0.9963042953572977,TS_ONLY,150
32,183,0.996685822577861,0.996265588923543,TS_ONLY,150
32,184,0.9966502949747469,0.9962268824897882,TS_ONLY,150
32,185,0.9966254627133584,0.9961881760560335,TS_ONLY,150
32,186,0.9965679863271613,0.9961494696222788,TS_ONLY,150
32,187,0.9965344708143342,0.9961107631885241,TS_ONLY,150
32,188,0.9964988250717449,0.9960720567547694,TS_ONLY,150
32,189,0.996472074794096,0.9960333503210146,TS_ONLY,150
32,190,0.9964329443745374,0.9959946438872599,TS_ONLY,150
32,191,0.9964071385563611,0.9959559374535052,TS_ONLY,150
32,192,0.99638051035617,0.9959172310197504,TS_ONLY,150
32,193,0.9963321543374705,0.9958785245859957,TS_ONLY,150
32,194,0.9962579876875047,0.995839818152241,TS_ONLY,150
32,195,0.9961316823678599,0.9958011117184863,TS_ONLY,150
32,196,0.9960397422901545,0.9957624052847316,TS_ONLY,150
32,197,0.9959416583034034,0.9957236988509768,TS_ONLY,150
32,198,0.9958374304076035,0.9956849924172221,TS_ONLY,150
32,199,0.9957270586027549,0.9956462859834674,TS_ONLY,150
32,200,0.9956105428888574,0.9956075795497126,TS_ONLY,150
33,151,0.9971866038348991,0.9973406647140279,TS_ONLY,150
33,152,0.9971771882546973,0.9973084940837286,TS_ONLY,150
33,153,0.9971627874329976,0.9972763234534293,TS_ONLY,150
33,154,0.9971434013697998,0.99724415282313,TS_ONLY,150
33,155,0.9971190300651044,0.9972119821928307,TS_ONLY,150
33,156,0.9970896735189142,0.9971798115625314,TS_ONLY,150
33,157,0.9970750525561606,0.9971476409322321,TS_ONLY,150
33,158,0.9970425841341679,0.9971154703019328,TS_ONLY,150
33,159,0.9969901285945653,0.9970832996716336,TS_ONLY,150
33,160,0.9969343104870382,0.9970511290413342,TS_ONLY,150
33,161,0.9968498712257743,0.9970189584110349,TS_ONLY,150
33,162,0.9967605827944513,0.9969867877807357,TS_ONLY,150
33,163,0.9966678050407587,0.9969546171504363,TS_ONLY,150
33,164,0.996574105338067,0.9969224465201371,TS_ONLY,150
33,165,0.996518019421148,0.9968902758898377,TS_ONLY,150
33,166,0.9965124608595439,0.9968581052595384,TS_ONLY,150
33,167,0.9965141825532565,0.9968259346292392,TS_ONLY,150
33,168,0.9965348749456002,0.9967937639989398,TS_ONLY,150
33,169,0.9965777630163406,0.9967615933686406,TS_ONLY,150
33,170,0.9966255238746355,0.9967294227383412,TS_ONLY,150
33,171,0.996656957677011,0.9966972521080419,TS_ONLY,150
33,172,0.9966550091253424,0.9966650814777427,TS_ONLY,150
33,173,0.9966137619288136,0.9966329108474433,TS_ONLY,150
33,174,0.9965502000997162,0.9966007402171441,TS_ONLY,150
33,175,0.9964746392831506,0.9965685695868448,TS_ONLY,150
33,176,0.9964297188078007,0.9965363989565454,TS_ONLY,150
33,177,0.9963524304473172,0.9965042283262462,TS_ONLY,150
33,178,0.9963035782007477,0.9964720576959469,TS_ONLY,150
33,179,0.9962833687753415,0.9964398870656476,TS_ONLY,150
33,180,0.996263535279786,0.9964077164353483,TS_ONLY,150
33,181,0.9962624508250876,0.996375545805049,TS_ONLY,150
33,182,0.9962451407180266,0.9963433751747497,TS_ONLY,150
33,183,0.9962085193003893,0.9963112045444504,TS_ONLY,150
33,184,0.9961343369655,0.9962790339141511,TS_ONLY,150
33,185,0.9960713222389226,0.9962468632838518,TS_ONLY,150
33,186,0.9959977556922955,0.9962146926535524,TS_ONLY,150
33,187,0.9959310026846178,0.9961825220232532,TS_ONLY,150
33,188,0.9958913374269002,0.9961503513929539,TS_ONLY,150
33,189,0.9958676527629517,0.9961181807626546,TS_ONLY,150
33,190,0.9958287970002899,0.9960860101323553,TS_ONLY,150
33,191,0.9958101939978872,0.9960538395020561,TS_ONLY,150
33,192,0.9957553463743947,0.9960216688717567,TS_ONLY,150
33,193,0.9956676125809258,0.9959894982414574,TS_ONLY,150
33,194,0.9955510426928489,0.9959573276111582,TS_ONLY,150
33,195,0.9954382903886538,0.9959251569808588,TS_ONLY,150
33,196,0.9953639686455392,0.9958929863505596,TS_ONLY,150
33,197,0.9952958060850953,0.9958608157202602,TS_ONLY,150
33,198,0.995233802707319,0.9958286450899609,TS_ONLY,150
33,199,0.9951779585122102,0.9957964744596617,TS_ONLY,150
33,200,0.9951282734997692,0.9957643038293623,TS_ONLY,150
34,151,0.9966019173591216,0.9965180551536501,TS_ONLY,150
34,152,0.9965375109004615,0.9964670813409513,TS_ONLY,150
34,153,0.9964763859472371,0.9964161075282525,TS_ONLY,150
34,154,0.9964185424994484,0.9963651337155537,TS_ONLY,150
34,155,0.9963639805570954,0.9963141599028549,TS_ONLY,150
34,156,0.9963127001201811,0.9962631860901561,TS_ONLY,150
34,157,0.9962666149512827,0.9962122122774573,TS_ONLY,150
34,158,0.9962313772546405,0.9961612384647585,TS_ONLY,150
34,159,0.9961944141671855,0.9961102646520597,TS_ONLY,150
34,160,0.9961536486065649,0.9960592908393608,TS_ONLY,150
34,161,0.9961014414646291,0.996008317026662,TS_ONLY,150
34,162,0.9960531997214542,0.9959573432139632,TS_ONLY,150
34,163,0.9959737831291746,0.9959063694012644,TS_ONLY,150
34,164,0.9958895801595637,0.9958553955885656,TS_ONLY,150
34,165,0.9958105437270061,0.9958044217758668,TS_ONLY,150
34,166,0.9957351350167742,0.995753447963168,TS_ONLY,150
34,167,0.9956700869728872,0.9957024741504692,TS_ONLY,150
34,168,0.9956347533603704,0.9956515003377704,TS_ONLY,150
34,169,0.9956246217533973,0.9956005265250716,TS_ONLY,150
34,170,0.9956381439208416,0.9955495527123728,TS_ONLY,150
34,171,0.9956591928566096,0.995498578899674,TS_ONLY,150
34,172,0.9956785063282084,0.9954476050869752,TS_ONLY,150
34,173,0.9956721182871628,0.9953966312742764,TS_ONLY,150
34,174,0.9956474420670414,0.9953456574615775,TS_ONLY,150
34,175,0.9956137090233086,0.9952946836488787,TS_ONLY,150
34,176,0.9955610584346923,0.9952437098361799,TS_ONLY,150
34,177,0.9955001619276789,0.9951927360234811,TS_ONLY,150
34,178,0.9954384586761857,0.9951417622107823,TS_ONLY,150
34,179,0.9953924389841059,0.9950907883980835,TS_ONLY,150
34,180,0.9953774793924586,0.9950398145853847,TS_ONLY,150
34,181,0.995351102307958,0.9949888407726859,TS_ONLY,150
34,182,0.9953200941072107,0.9949378669599871,TS_ONLY,150
34,183,0.9952827946572366,0.9948868931472883,TS_ONLY,150
34,184,0.9952469365732137,0.9948359193345895,TS_ONLY,150
34,185,0.9952154748524293,0.9947849455218907,TS_ONLY,150
34,186,0.9951500523424563,0.9947339717091919,TS_ONLY,150
34,187,0.9950793958477373,0.9946829978964931,TS_ONLY,150
34,188,0.9949994423017487,0.9946320240837943,TS_ONLY,150
34,189,0.9949363986368576,0.9945810502710954,TS_ONLY,150
34,190,0.9948937771697592,0.9945300764583966,TS_ONLY,150
34,191,0.9948373823582575,0.9944791026456978,TS_ONLY,150
34,192,0.9947845605225776,0.994428128832999,TS_ONLY,150
34,193,0.9947197686923281,0.9943771550203002,TS_ONLY,150
34,194,0.9946657853548242,0.9943261812076014,TS_ONLY,150
34,195,0.9946061635654042,0.9942752073949026,TS_ONLY,150
34,196,0.9945227695739276,0.9942242335822038,TS_ONLY,150
34,197,0.9944266437355376,0.994173259769505,TS_ONLY,150
34,198,0.9943177860502315,0.9941222859568062,TS_ONLY,150
34,199,0.9941961965180095,0.9940713121441074,TS_ONLY,150
34,200,0.9940618751388715,0.9940203383314086,TS_ONLY,150
35,151,0.9708355022098698,0.9716507037683167,TS_ONLY,150
35,152,0.9706232971273814,0.9714203330402789,TS_ONLY,150
35,153,0.9704123482237726,0.971189962312241,TS_ONLY,150
35,154,0.9702026554990436,0.9709595915842031,TS_ONLY,150
35,155,0.9699942189531942,0.9707292208561652,TS_ONLY,150
35,156,0.9697870385862275,0.9704988501281273,TS_ONLY,150
35,157,0.9696018384489045,0.9702684794000895,TS_ONLY,150
35,158,0.9694066902960077,0.9700381086720516,TS_ONLY,150
35,159,0.9691907774375861,0.9698077379440138,TS_ONLY,150
35,160,0.9689591770683395,0.9695773672159759,TS_ONLY,150
35,161,0.9687235971385736,0.969346996487938,TS_ONLY,150
35,162,0.9684909954576939,0.9691166257599001,TS_ONLY,150
35,163,0.9682610436433141,0.9688862550318622,TS_ONLY,150
35,164,0.9680052315499246,0.9686558843038243,TS_ONLY,150
35,165,0.9677421144430958,0.9684255135757864,TS_ONLY,150
35,166,0.9674688810330241,0.9681951428477485,TS_ONLY,150
35,167,0.9672224793203906,0.9679647721197107,TS_ONLY,150
35,168,0.9669587291419212,0.9677344013916728,TS_ONLY,150
35,169,0.9667118424950825,0.9675040306636349,TS_ONLY,150
35,170,0.9664732953879875,0.9672736599355971,TS_ONLY,150
35,171,0.9662483939751392,0.9670432892075592,TS_ONLY,150
35,172,0.9660367604950058,0.9668129184795213,TS_ONLY,150
35,173,0.9658361031352474,0.9665825477514834,TS_ONLY,150
35,174,0.9657179820200885,0.9663521770234456,TS_ONLY,150
35,175,0.965398903063109,0.9661218062954077,TS_ONLY,150
35,176,0.9651107695513601,0.9658914355673698,TS_ONLY,150
35,177,0.9648586894584708,0.9656610648393319,TS_ONLY,150
35,178,0.9646059517150842,0.965430694111294,TS_ONLY,150
35,179,0.9643882166997789,0.9652003233832561,TS_ONLY,150
35,180,0.9641961006035364,0.9649699526552182,TS_ONLY,150
35,181,0.9640272715349796,0.9647395819271803,TS_ONLY,150
35,182,0.9638750604309148,0.9645092111991425,TS_ONLY,150
35,183,0.9637616535848109,0.9642788404711047,TS_ONLY,150
35,184,0.9636730702771008,0.9640484697430668,TS_ONLY,150
35,185,0.9633928104139688,0.9638180990150289,TS_ONLY,150
35,186,0.9632178864531746,0.963587728286991,TS_ONLY,150
35,187,0.9630336907275205,0.9633573575589531,TS_ONLY,150
35,188,0.9628495860100664,0.9631269868309152,TS_ONLY,150
35,189,0.9626592852063421,0.9628966161028774,TS_ONLY,150
35,190,0.9624863981906412,0.9626662453748395,TS_ONLY,150
35,191,0.9622996622069035,0.9624358746468016,TS_ONLY,150
35,192,0.962078092225616,0.9622055039187637,TS_ONLY,150
35,193,0.9618665865112527,0.9619751331907258,TS_ONLY,150
35,194,0.9616412548576915,0.9617447624626879,TS_ONLY,150
35,195,0.9614358471356016,0.96151439173465,TS_ONLY,150
35,196,0.961201517627503,0.9612840210066123,TS_ONLY,150
35,197,0.9609579285332599,0.9610536502785744,TS_ONLY,150
35,198,0.9607050798528697,0.9608232795505365,TS_ONLY,150
35,199,0.9604429715863324,0.9605929088224986,TS_ONLY,150
35,200,0.960171603733648,0.9603625380944607,TS_ONLY,150
36,151,0.997249712584255,0.9974866467912927,TS_ONLY,150
36,152,0.9972154172762042,0.9974482071951332,TS_ONLY,150
36,153,0.9971789995152929,0.9974097675989737,TS_ONLY,150
36,154,0.997140459301521,0.9973713280028141,TS_ONLY,150
36,155,0.9970997966348885,0.9973328884066546,TS_ONLY,150
36,156,0.9970570115153978,0.997294448810495,TS_ONLY,150
36,157,0.9970046579680047,0.9972560092143354,TS_ONLY,150
36,158,0.9969686482206144,0.997217569618176,TS_ONLY,150
36,159,0.9969200563535524,0.9971791300220164,TS_ONLY,150
36,160,0.9968715066573071,0.9971406904258568,TS_ONLY,150
36,161,0.9968318000074382,0.9971022508296973,TS_ONLY,150
36,162,0.9967904456524606,0.9970638112335377,TS_ONLY,150
36,163,0.9967450065973904,0.9970253716373781,TS_ONLY,150
36,164,0.9967075419568214,0.9969869320412187,TS_ONLY,150
36,165,0.9966555579475133,0.9969484924450591,TS_ONLY,150
36,166,0.9966267509321522,0.9969100528488996,TS_ONLY,150
36,167,0.9966098276094819,0.99687161325274,TS_ONLY,150
36,168,0.9966018768888933,0.9968331736565804,TS_ONLY,150
36,169,0.9966004306907286,0.996794734060421,TS_ONLY,150
36,170,0.9966146833399203,0.9967562944642614,TS_ONLY,150
36,171,0.9966077477621891,0.9967178548681018,TS_ONLY,150
36,172,0.9965977539307403,0.9966794152719423,TS_ONLY,150
36,173,0.9965661319046721,0.9966409756757827,TS_ONLY,150
36,174,0.9965214777919699,0.9966025360796231,TS_ONLY,150
36,175,0.9964777629581296,0.9965640964834637,TS_ONLY,150
36,176,0.996440912402908,0.9965256568873041,TS_ONLY,150
36,177,0.9964186146922284,0.9964872172911445,TS_ONLY,150
36,178,0.9963857116732568,0.996448777694985,TS_ONLY,150
36,179,0.9963546063483819,0.9964103380988254,TS_ONLY,150
36,180,0.9963288634558722,0.9963718985026659,TS_ONLY,150
36,181,0.9962965688704892,0.9963334589065064,TS_ONLY,150
36,182,0.9962635886832707,0.9962950193103468,TS_ONLY,150
36,183,0.9962031674673537,0.9962565797141872,TS_ONLY,150
36,184,0.9961471767957017,0.9962181401180277,TS_ONLY,150
36,185,0.9960972067689576,0.9961797005218682,TS_ONLY,150
36,186,0.9960463413731708,0.9961412609257086,TS_ONLY,150
36,187,0.9960026784920379,0.9961028213295491,TS_ONLY,150
36,188,0.9959544592063156,0.9960643817333895,TS_ONLY,150
36,189,0.9959250300627196,0.99602594213723,TS_ONLY,150
36,190,0.9958922274711572,0.9959875025410705,TS_ONLY,150
36,191,0.9958293886066625,0.9959490629449109,TS_ONLY,150
36,192,0.995765335483495,0.9959106233487514,TS_ONLY,150
36,193,0.9957003148226707,0.9958721837525918,TS_ONLY,150
36,194,0.995627391698584,0.9958337441564322,TS_ONLY,150
36,195,0.9955403124399587,0.9957953045602727,TS_ONLY,150
36,196,0.9954805586967708,0.9957568649641132,TS_ONLY,150
36,197,0.9954264714940575,0.9957184253679536,TS_ONLY,150
36,198,0.9953780508318164,0.9956799857717941,TS_ONLY,150
36,199,0.9953352967100472,0.9956415461756345,TS_ONLY,150
36,200,0.99529820912875,0.9956031065794749,TS_ONLY,150
37,151,0.9965019333152146,0.9965294128954567,TS_ONLY,150
37,152,0.9964694571575795,0.9964846642733741,TS_ONLY,150
37,153,0.9964398339062805,0.9964399156512915,TS_ONLY,150
37,154,0.9964130635613178,0.9963951670292088,TS_ONLY,150
37,155,0.996389146122691,0.9963504184071261,TS_ONLY,150
37,156,0.9963680815904032,0.9963056697850435,TS_ONLY,150
37,157,0.9963490586328874,0.9962609211629609,TS_ONLY,150
37,158,0.9963269375888311,0.9962161725408782,TS_ONLY,150
37,159,0.9963303170404907,0.9961714239187955,TS_ONLY,150
37,160,0.9963080238439647,0.996126675296713,TS_ONLY,150
37,161,0.9962673245878804,0.9960819266746304,TS_ONLY,150
37,162,0.9962214526435222,0.9960371780525477,TS_ONLY,150
37,163,0.9961879055001555,0.995992429430465,TS_ONLY,150
37,164,0.9961306701770047,0.9959476808083824,TS_ONLY,150
37,165,0.9960900900021823,0.9959029321862998,TS_ONLY,150
37,166,0.9960432487407358,0.9958581835642171,TS_ONLY,150
37,167,0.9959854509066499,0.9958134349421344,TS_ONLY,150
37,168,0.9959160561365994,0.9957686863200518,TS_ONLY,150
37,169,0.9958569802074928,0.9957239376979692,TS_ONLY,150
37,170,0.9957662455489219,0.9956791890758865,TS_ONLY,150
37,171,0.9956880683713041,0.9956344404538038,TS_ONLY,150
37,172,0.9956080782198464,0.9955896918317212,TS_ONLY,150
37,173,0.9955606775176998,0.9955449432096386,TS_ONLY,150
37,174,0.9955120785466457,0.9955001945875559,TS_ONLY,150
37,175,0.9954808803524499,0.9954554459654732,TS_ONLY,150
37,176,0.9954506177027564,0.9954106973433906,TS_ONLY,150
37,177,0.9954183536983681,0.995365948721308,TS_ONLY,150
37,178,0.9953932966323247,0.9953212000992253,TS_ONLY,150
37,179,0.9953923610878223,0.9952764514771426,TS_ONLY,150
37,180,0.9953868675599784,0.99523170285506,TS_ONLY,150
37,181,0.9953917461635877,0.9951869542329774,TS_ONLY,150
37,182,0.9953901312199135,0.9951422056108947,TS_ONLY,150
37,183,0.9953922860863642,0.995097456988812,TS_ONLY,150
37,184,0.9953880099067464,0.9950527083667294,TS_ONLY,150
37,185,0.9953666373421521,0.9950079597446468,TS_ONLY,150
37,186,0.9953484354532294,0.9949632111225641,TS_ONLY,150
37,187,0.9953073394789067,0.9949184625004814,TS_ONLY,150
37,188,0.995273999357108,0.9948737138783988,TS_ONLY,150
37,189,0.9952529182455478,0.9948289652563163,TS_ONLY,150
37,190,0.9952391298196135,0.9947842166342336,TS_ONLY,150
37,191,0.9952192158360047,0.9947394680121509,TS_ONLY,150
37,192,0.9951923431644915,0.9946947193900683,TS_ONLY,150
37,193,0.9951508934552221,0.9946499707679857,TS_ONLY,150
37,194,0.9951104389407375,0.994605222145903,TS_ONLY,150
37,195,0.9950618088287271,0.9945604735238203,TS_ONLY,150
37,196,0.9950154554714992,0.9945157249017377,TS_ONLY,150
37,197,0.9949659312192999,0.9944709762796551,TS_ONLY,150
37,198,0.9949132360721268,0.9944262276575724,TS_ONLY,150
37,199,0.9948573700299796,0.9943814790354897,TS_ONLY,150
37,200,0.9947983330928587,0.9943367304134071,TS_ONLY,150
38,151,0.9957616051958313,0.9957385124970224,TS_ONLY,150
38,152,0.9957314885866928,0.9956899293262678,TS_ONLY,150
38,153,0.9956977925023123,0.9956413461555133,TS_ONLY,150
38,154,0.9956605169426898,0.9955927629847586,TS_ONLY,150
38,155,0.9956196619078251,0.995544179814004,TS_ONLY,150
38,156,0.9955752273977213,0.9954955966432494,TS_ONLY,150
38,157,0.995517725820833,0.9954470134724948,TS_ONLY,150
38,158,0.9954758179475978,0.9953984303017402,TS_ONLY,150
38,159,0.9954175219782051,0.9953498471309856,TS_ONLY,150
38,160,0.9953551016070327,0.995301263960231,TS_ONLY,150
38,161,0.9952977811612724,0.9952526807894764,TS_ONLY,150
38,162,0.995246280565976,0.9952040976187218,TS_ONLY,150
38,163,0.9951586356592749,0.9951555144479672,TS_ONLY,150
38,164,0.9951154528594421,0.9951069312772126,TS_ONLY,150
38,165,0.9950728276894184,0.995058348106458,TS_ONLY,150
38,166,0.995010355410051,0.9950097649357034,TS_ONLY,150
38,167,0.9949492371241941,0.9949611817649487,TS_ONLY,150
38,168,0.99489873483081,0.9949125985941942,TS_ONLY,150
38,169,0.9948311133460985,0.9948640154234396,TS_ONLY,150
38,170,0.9947797067112059,0.994815432252685,TS_ONLY,150
38,171,0.9947423196694258,0.9947668490819304,TS_ONLY,150
38,172,0.9947108050433706,0.9947182659111757,TS_ONLY,150
38,173,0.9946636353875244,0.9946696827404212,TS_ONLY,150
38,174,0.994657435315007,0.9946210995696666,TS_ONLY,150
38,175,0.9946163200821012,0.994572516398912,TS_ONLY,150
38,176,0.9945635421509662,0.9945239332281574,TS_ONLY,150
38,177,0.9945123286934071,0.9944753500574027,TS_ONLY,150
38,178,0.994482655603657,0.9944267668866482,TS_ONLY,150
38,179,0.9944475380670142,0.9943781837158936,TS_ONLY,150
38,180,0.9944229988510738,0.994329600545139,TS_ONLY,150
38,181,0.9944114191621523,0.9942810173743843,TS_ONLY,150
38,182,0.9944013437157788,0.9942324342036297,TS_ONLY,150
38,183,0.9943943144262715,0.9941838510328752,TS_ONLY,150
38,184,0.9943870807893128,0.9941352678621206,TS_ONLY,150
38,185,0.9943619197701409,0.994086684691366,TS_ONLY,150
38,186,0.9943227201029492,0.9940381015206113,TS_ONLY,150
38,187,0.994280183636803,0.9939895183498567,TS_ONLY,150
38,188,0.9942522730164449,0.9939409351791022,TS_ONLY,150
38,189,0.9942057797002883,0.9938923520083476,TS_ONLY,150
38,190,0.9941749225780376,0.993843768837593,TS_ONLY,150
38,191,0.994129637167771,0.9937951856668383,TS_ONLY,150
38,192,0.9940975782722441,0.9937466024960837,TS_ONLY,150
38,193,0.9940748424827945,0.9936980193253292,TS_ONLY,150
38,194,0.9940430654684789,0.9936494361545746,TS_ONLY,150
38,195,0.9940006965541017,0.99360085298382,TS_ONLY,150
38,196,0.9939635377769642,0.9935522698130653,TS_ONLY,150
38,197,0.9939239104037666,0.9935036866423107,TS_ONLY,150
38,198,0.9938818144345062,0.9934551034715562,TS_ONLY,150
38,199,0.9938372498691831,0.9934065203008016,TS_ONLY,150
38,200,0.9937902167077972,0.9933579371300469,TS_ONLY,150
39,151,0.9963574403415492,0.9963869361313934,TS_ONLY,150
39,152,0.996353290468323,0.996342312517988,TS_ONLY,150
39,153,0.9963444413085677,0.9962976889045825,TS_ONLY,150
39,154,0.9963308928622834,0.9962530652911771,TS_ONLY,150
39,155,0.9963126451294702,0.9962084416777717,TS_ONLY,150
39,156,0.9962896981101308,0.9961638180643662,TS_ONLY,150
39,157,0.9962768814564616,0.9961191944509608,TS_ONLY,150
39,158,0.9962295965129782,0.9960745708375554,TS_ONLY,150
39,159,0.9961887871727668,0.99602994722415,TS_ONLY,150
39,160,0.9961388330502872,0.9959853236107445,TS_ONLY,150
39,161,0.9960731172070513,0.995940699997339,TS_ONLY,150
39,162,0.9960101213009693,0.9958960763839336,TS_ONLY,150
39,163,0.9959407775621505,0.9958514527705282,TS_ONLY,150
39,164,0.995878287487367,0.9958068291571227,TS_ONLY,150
39,165,0.9958217094252739,0.9957622055437173,TS_ONLY,150
39,166,0.9957802971131517,0.9957175819303119,TS_ONLY,150
39,167,0.9957491206649087,0.9956729583169065,TS_ONLY,150
39,168,0.9956819899380198,0.9956283347035011,TS_ONLY,150
39,169,0.9956358415834612,0.9955837110900956,TS_ONLY,150
39,170,0.9955743813304425,0.9955390874766902,TS_ONLY,150
39,171,0.9955257329178193,0.9954944638632848,TS_ONLY,150
39,172,0.9954619622934731,0.9954498402498793,TS_ONLY,150
39,173,0.9953932725035084,0.9954052166364739,TS_ONLY,150
39,174,0.9953317442083038,0.9953605930230685,TS_ONLY,150
39,175,0.9952782396401894,0.995315969409663,TS_ONLY,150
39,176,0.9952585564141607,0.9952713457962576,TS_ONLY,150
39,177,0.9952490913304128,0.9952267221828521,TS_ONLY,150
39,178,0.9952389070998324,0.9951820985694467,TS_ONLY,150
39,179,0.9952445850123981,0.9951374749560413,TS_ONLY,150
39,180,0.995240531360887,0.9950928513426358,TS_ONLY,150
39,181,0.9952654081091292,0.9950482277292304,TS_ONLY,150
39,182,0.9952754394088805,0.995003604115825,TS_ONLY,150
39,183,0.9952528450274649,0.9949589805024196,TS_ONLY,150
39,184,0.9952040294629767,0.9949143568890142,TS_ONLY,150
39,185,0.9951497904330678,0.9948697332756087,TS_ONLY,150
39,186,0.9951076198115687,0.9948251096622033,TS_ONLY,150
39,187,0.9950651776776813,0.9947804860487979,TS_ONLY,150
39,188,0.9950292632179354,0.9947358624353924,TS_ONLY,150
39,189,0.9949990144187859,0.994691238821987,TS_ONLY,150
39,190,0.994984468705969,0.9946466152085816,TS_ONLY,150
39,191,0.9949674942590508,0.9946019915951761,TS_ONLY,150
39,192,0.9949598776911504,0.9945573679817707,TS_ONLY,150
39,193,0.9949086887452074,0.9945127443683652,TS_ONLY,150
39,194,0.9948566434741339,0.9944681207549598,TS_ONLY,150
39,195,0.994799861941839,0.9944234971415544,TS_ONLY,150
39,196,0.9947478343048466,0.9943788735281489,TS_ONLY,150
39,197,0.9946936752627935,0.9943342499147435,TS_ONLY,150
39,198,0.9946373848156764,0.9942896263013381,TS_ONLY,150
39,199,0.9945789629634956,0.9942450026879327,TS_ONLY,150
39,200,0.9945184097062508,0.9942003790745273,TS_ONLY,150
40,151,0.9953831006663316,0.9953481193280518,TS_ONLY,150
40,152,0.9953330774859964,0.9953002208095822,TS_ONLY,150
40,153,0.9952835404600852,0.9952523222911127,TS_ONLY,150
40,154,0.9952344895885978,0.9952044237726433,TS_ONLY,150
40,155,0.9951859248715346,0.9951565252541738,TS_ONLY,150
40,156,0.9951378463088982,0.9951086267357042,TS_ONLY,150
40,157,0.9950805073396478,0.9950607282172347,TS_ONLY,150
40,158,0.9950541152203669,0.9950128296987651,TS_ONLY,150
40,159,0.9950151151740124,0.9949649311802956,TS_ONLY,150
40,160,0.9949616579676177,0.9949170326618261,TS_ONLY,150
40,161,0.9948982699801885,0.9948691341433565,TS_ONLY,150
40,162,0.9948320701212855,0.9948212356248871,TS_ONLY,150
40,163,0.9947711537851458,0.9947733371064176,TS_ONLY,150
40,164,0.9947117690991782,0.994725438587948,TS_ONLY,150
40,165,0.9946437156116984,0.9946775400694785,TS_ONLY,150
40,166,0.9946040810590954,0.994629641551009,TS_ONLY,150
40,167,0.9945404469175276,0.9945817430325394,TS_ONLY,150
40,168,0.994489273450111,0.9945338445140699,TS_ONLY,150
40,169,0.9944087959918204,0.9944859459956005,TS_ONLY,150
40,170,0.9943606159345549,0.9944380474771309,TS_ONLY,150
40,171,0.9943027934482462,0.9943901489586614,TS_ONLY,150
40,172,0.9942370243590861,0.9943422504401919,TS_ONLY,150
40,173,0.9941864603429431,0.9942943519217223,TS_ONLY,150
40,174,0.9941424189719154,0.9942464534032528,TS_ONLY,150
40,175,0.994084045935502,0.9941985548847833,TS_ONLY,150
40,176,0.9940442907234149,0.9941506563663137,TS_ONLY,150
40,177,0.99398300185936,0.9941027578478443,TS_ONLY,150
40,178,0.9939455653313475,0.9940548593293748,TS_ONLY,150
40,179,0.993897883736213,0.9940069608109052,TS_ONLY,150
40,180,0.9938809764633703,0.9939590622924357,TS_ONLY,150
40,181,0.993867412710985,0.9939111637739662,TS_ONLY,150
40,182,0.9938378210274617,0.9938632652554966,TS_ONLY,150
40,183,0.9938169330905469,0.9938153667370271,TS_ONLY,150
40,184,0.9937849614041945,0.9937674682185577,TS_ONLY,150
40,185,0.9937531358718621,0.9937195697000881,TS_ONLY,150
40,186,0.9937016437227479,0.9936716711816186,TS_ONLY,150
40,187,0.9936343383680255,0.993623772663149,TS_ONLY,150
40,188,0.9935834721537211,0.9935758741446795,TS_ONLY,150
40,189,0.9935213380139362,0.99352797562621,TS_ONLY,150
40,190,0.9934801304924306,0.9934800771077404,TS_ONLY,150
40,191,0.993460688711081,0.9934321785892709,TS_ONLY,150
40,192,0.9934348858232696,0.9933842800708015,TS_ONLY,150
40,193,0.9934229719629553,0.993336381552332,TS_ONLY,150
40,194,0.9934009596290998,0.9932884830338624,TS_ONLY,150
40,195,0.9933829130142435,0.9932405845153929,TS_ONLY,150
40,196,0.9933333345816867,0.9931926859969233,TS_ONLY,150
40,197,0.9932680833832516,0.9931447874784538,TS_ONLY,150
40,198,0.9931871594189354,0.9930968889599843,TS_ONLY,150
40,199,0.9930905626887382,0.9930489904415148,TS_ONLY,150
40,200,0.99297829319266,0.9930010919230453,TS_ONLY,150
41,151,0.951598607292844,0.9516312009495997,TS_ONLY,150
41,152,0.9515839731665083,0.9515894788892926,TS_ONLY,150
41,153,0.9515642639722455,0.9515477568289854,TS_ONLY,150
41,154,0.9515394797100556,0.9515060347686781,TS_ONLY,150
41,155,0.9515096203799385,0.9514643127083708,TS_ONLY,150
41,156,0.951474685981897,0.9514225906480637,TS_ONLY,150
41,157,0.9514467482045401,0.9513808685877565,TS_ONLY,150
41,158,0.9513977172622143,0.9513391465274492,TS_ONLY,150
41,159,0.9513393239905696,0.9512974244671419,TS_ONLY,150
41,160,0.9512718178510781,0.9512557024068348,TS_ONLY,150
41,161,0.9512134525564208,0.9512139803465276,TS_ONLY,150
41,162,0.9511601214239438,0.9511722582862203,TS_ONLY,150
41,163,0.9511114946643091,0.951130536225913,TS_ONLY,150
41,164,0.9510459066440382,0.9510888141656059,TS_ONLY,150
41,165,0.950970647487851,0.9510470921052987,TS_ONLY,150
41,166,0.9508948783874822,0.9510053700449914,TS_ONLY,150
41,167,0.9508373543099728,0.9509636479846841,TS_ONLY,150
41,168,0.9507653222569077,0.950921925924377,TS_ONLY,150
41,169,0.9506997511923869,0.9508802038640698,TS_ONLY,150
41,170,0.9506518323353155,0.9508384818037625,TS_ONLY,150
41,171,0.9506133336690601,0.9507967597434552,TS_ONLY,150
41,172,0.9505766312525721,0.9507550376831481,TS_ONLY,150
41,173,0.950528812222479,0.9507133156228409,TS_ONLY,150
41,174,0.9504990071931514,0.9506715935625336,TS_ONLY,150
41,175,0.9504861710545475,0.9506298715022263,TS_ONLY,150
41,176,0.9504689781359765,0.9505881494419192,TS_ONLY,150
41,177,0.9504820488997714,0.950546427381612,TS_ONLY,150
41,178,0.9504747038808106,0.9505047053213047,TS_ONLY,150
41,179,0.9504855617072812,0.9504629832609974,TS_ONLY,150
41,180,0.9504894859036759,0.9504212612006903,TS_ONLY,150
41,181,0.9504787474032959,0.9503795391403831,TS_ONLY,150
41,182,0.9504419826744268,0.9503378170800758,TS_ONLY,150
41,183,0.9503949639557345,0.9502960950197685,TS_ONLY,150
41,184,0.9503490039116838,0.9502543729594614,TS_ONLY,150
41,185,0.9503129665844903,0.9502126508991542,TS_ONLY,150
41,186,0.9502840169727509,0.9501709288388469,TS_ONLY,150
41,187,0.9502640236001179,0.9501292067785396,TS_ONLY,150
41,188,0.9502380497225067,0.9500874847182325,TS_ONLY,150
41,189,0.9502292473568318,0.9500457626579253,TS_ONLY,150
41,190,0.950223016966488,0.950004040597618,TS_ONLY,150
41,191,0.9501915820656899,0.9499623185373107,TS_ONLY,150
41,192,0.950149381323365,0.9499205964770036,TS_ONLY,150
41,193,0.9501026633572887,0.9498788744166964,TS_ONLY,150
41,194,0.9500487101607329,0.9498371523563891,TS_ONLY,150
41,195,0.9499903168890882,0.9497954302960818,TS_ONLY,150
41,196,0.9499352707248835,0.9497537082357747,TS_ONLY,150
41,197,0.9498770387872002,0.9497119861754675,TS_ONLY,150
41,198,0.9498156210760353,0.9496702641151602,TS_ONLY,150
41,199,0.9497510175913891,0.9496285420548529,TS_ONLY,150
41,200,0.9496832283332616,0.9495868199945457,TS_ONLY,150
42,151,0.99757989857869,0.9975169442185997,TS_ONLY,150
42,152,0.9975462598566585,0.9974839069968081,TS_ONLY,150
42,153,0.9975156454538209,0.9974508697750166,TS_ONLY,150
42,154,0.9974880553701774,0.997417832553225,TS_ONLY,150
42,155,0.9974634896057281,0.9973847953314335,TS_ONLY,150
42,156,0.9974419481604756,0.997351758109642,TS_ONLY,150
42,157,0.9974312305921538,0.9973187208878505,TS_ONLY,150
42,158,0.9974194423318247,0.997285683666059,TS_ONLY,150
42,159,0.9974001624871094,0.9972526464442674,TS_ONLY,150
42,160,0.9973858136495678,0.9972196092224759,TS_ONLY,150
42,161,0.9973546936071599,0.9971865720006844,TS_ONLY,150
42,162,0.9973143402315453,0.9971535347788928,TS_ONLY,150
42,163,0.9972663005607596,0.9971204975571013,TS_ONLY,150
42,164,0.9972202464618987,0.9970874603353098,TS_ONLY,150
42,165,0.9971659158507991,0.9970544231135182,TS_ONLY,150
42,166,0.9971147069142859,0.9970213858917267,TS_ONLY,150
42,167,0.9970557866918204,0.9969883486699351,TS_ONLY,150
42,168,0.9969984693563547,0.9969553114481436,TS_ONLY,150
42,169,0.9969491497229295,0.9969222742263522,TS_ONLY,150
42,170,0.9969111539559186,0.9968892370045606,TS_ONLY,150
42,171,0.9968719019131828,0.9968561997827691,TS_ONLY,150
42,172,0.9968279965869158,0.9968231625609775,TS_ONLY,150
42,173,0.9967884559549807,0.996790125339186,TS_ONLY,150
42,174,0.9967488281812765,0.9967570881173945,TS_ONLY,150
42,175,0.9967198775560213,0.9967240508956029,TS_ONLY,150
42,176,0.996718326606385,0.9966910136738114,TS_ONLY,150
42,177,0.996699766930802,0.9966579764520198,TS_ONLY,150
42,178,0.9967114658762508,0.9966249392302283,TS_ONLY,150
42,179,0.996727276783171,0.9965919020084368,TS_ONLY,150
42,180,0.996748604350798,0.9965588647866452,TS_ONLY,150
42,181,0.9967731807200313,0.9965258275648538,TS_ONLY,150
42,182,0.9967871436129807,0.9964927903430622,TS_ONLY,150
42,183,0.9967864336574725,0.9964597531212707,TS_ONLY,150
42,184,0.9967584911386154,0.9964267158994792,TS_ONLY,150
42,185,0.9967211147083654,0.9963936786776876,TS_ONLY,150
42,186,0.9966927043186147,0.9963606414558961,TS_ONLY,150
42,187,0.9966372730265697,0.9963276042341046,TS_ONLY,150
42,188,0.9966047956587549,0.996294567012313,TS_ONLY,150
42,189,0.9965681548267282,0.9962615297905215,TS_ONLY,150
42,190,0.9965445048549029,0.9962284925687299,TS_ONLY,150
42,191,0.9965261181589904,0.9961954553469384,TS_ONLY,150
42,192,0.9965048470922608,0.9961624181251469,TS_ONLY,150
42,193,0.9964705106276074,0.9961293809033553,TS_ONLY,150
42,194,0.9964201763684499,0.9960963436815639,TS_ONLY,150
42,195,0.9963742570024985,0.9960633064597723,TS_ONLY,150
42,196,0.9963463869351741,0.9960302692379808,TS_ONLY,150
42,197,0.9963246435209412,0.9959972320161893,TS_ONLY,150
42,198,0.9963090267597973,0.9959641947943977,TS_ONLY,150
42,199,0.9962995366517422,0.9959311575726062,TS_ONLY,150
42,200,0.9962961731967761,0.9958981203508146,TS_ONLY,150
43,151,0.9961857864162412,0.9963508918363636,TS_ONLY,150
43,152,0.9961559166349873,0.996305778700792,TS_ONLY,150
43,153,0.9961297575769555,0.9962606655652204,TS_ONLY,150
43,154,0.996107309242146,0.9962155524296489,TS_ONLY,150
43,155,0.9960885716305586,0.9961704392940773,TS_ONLY,150
43,156,0.9960735447421964,0.9961253261585057,TS_ONLY,150
43,157,0.9960720122593936,0.9960802130229341,TS_ONLY,150
43,158,0.9960836243690672,0.9960350998873626,TS_ONLY,150
43,159,0.9960619811807265,0.9959899867517911,TS_ONLY,150
43,160,0.9960218597479154,0.9959448736162194,TS_ONLY,150
43,161,0.9959999472167995,0.9958997604806479,TS_ONLY,150
43,162,0.9959715343250259,0.9958546473450763,TS_ONLY,150
43,163,0.9959399074978158,0.9958095342095048,TS_ONLY,150
43,164,0.9959169960707778,0.9957644210739331,TS_ONLY,150
43,165,0.9958850648751474,0.9957193079383616,TS_ONLY,150
43,166,0.9958847806797252,0.9956741948027901,TS_ONLY,150
43,167,0.9958628838879813,0.9956290816672185,TS_ONLY,150
43,168,0.9958277374268263,0.9955839685316469,TS_ONLY,150
43,169,0.9957771734748619,0.9955388553960753,TS_ONLY,150
43,170,0.9957192871679925,0.9954937422605038,TS_ONLY,150
43,171,0.9956503981533334,0.9954486291249321,TS_ONLY,150
43,172,0.9955854614945099,0.9954035159893606,TS_ONLY,150
43,173,0.9955199593266988,0.9953584028537891,TS_ONLY,150
43,174,0.9954604177255886,0.9953132897182175,TS_ONLY,150
43,175,0.9954052343787674,0.9952681765826459,TS_ONLY,150
43,176,0.995368076381528,0.9952230634470743,TS_ONLY,150
43,177,0.9953215035796257,0.9951779503115028,TS_ONLY,150
43,178,0.9952932228099052,0.9951328371759313,TS_ONLY,150
43,179,0.9952489286700497,0.9950877240403596,TS_ONLY,150
43,180,0.9952053476789253,0.9950426109047881,TS_ONLY,150
43,181,0.9951469953979706,0.9949974977692165,TS_ONLY,150
43,182,0.9951061047310605,0.994952384633645,TS_ONLY,150
43,183,0.9950762172153027,0.9949072714980733,TS_ONLY,150
43,184,0.9950533306165699,0.9948621583625018,TS_ONLY,150
43,185,0.9950525647076903,0.9948170452269303,TS_ONLY,150
43,186,0.9950560003244237,0.9947719320913587,TS_ONLY,150
43,187,0.9950740932868009,0.9947268189557871,TS_ONLY,150
43,188,0.9950981344017258,0.9946817058202155,TS_ONLY,150
43,189,0.9951011268775474,0.994636592684644,TS_ONLY,150
43,190,0.9950947621858435,0.9945914795490723,TS_ONLY,150
43,191,0.99505873542826,0.9945463664135008,TS_ONLY,150
43,192,0.9949972678600455,0.9945012532779293,TS_ONLY,150
43,193,0.9949470827614169,0.9944561401423577,TS_ONLY,150
43,194,0.9948946471542659,0.9944110270067861,TS_ONLY,150
43,195,0.9948385642247435,0.9943659138712145,TS_ONLY,150
43,196,0.9947986592858833,0.994320800735643,TS_ONLY,150
43,197,0.994763690081093,0.9942756876000715,TS_ONLY,150
43,198,0.9947336566103695,0.9942305744644998,TS_ONLY,150
43,199,0.9947085588737128,0.9941854613289283,TS_ONLY,150
43,200,0.9946883968711228,0.9941403481933567,TS_ONLY,150
44,151,0.9962427088751841,0.9965003078930094,TS_ONLY,150
44,152,0.9961858589253386,0.996459674940474,TS_ONLY,150
44,153,0.9961293832212732,0.9964190419879388,TS_ONLY,150
44,154,0.996073281762988,0.9963784090354035,TS_ONLY,150
44,155,0.9960175545504829,0.9963377760828683,TS_ONLY,150
44,156,0.9959622015837608,0.996297143130333,TS_ONLY,150
44,157,0.9959125864095986,0.9962565101777978,TS_ONLY,150
44,158,0.9958552354349282,0.9962158772252626,TS_ONLY,150
44,159,0.995797343469139,0.9961752442727273,TS_ONLY,150
44,160,0.9957376192766441,0.9961346113201921,TS_ONLY,150
44,161,0.9956665686714639,0.9960939783676568,TS_ONLY,150
44,162,0.9956093899199685,0.9960533454151216,TS_ONLY,150
44,163,0.9955531906056148,0.9960127124625864,TS_ONLY,150
44,164,0.9955034338841608,0.9959720795100511,TS_ONLY,150
44,165,0.9954518913880535,0.9959314465575159,TS_ONLY,150
44,166,0.9954131102786443,0.9958908136049806,TS_ONLY,150
44,167,0.995385857385412,0.9958501806524453,TS_ONLY,150
44,168,0.9953763892739336,0.99580954769991,TS_ONLY,150
44,169,0.9953651399891841,0.9957689147473748,TS_ONLY,150
44,170,0.9953478596066022,0.9957282817948396,TS_ONLY,150
44,171,0.9953309361598375,0.9956876488423043,TS_ONLY,150
44,172,0.9953092870932017,0.9956470158897691,TS_ONLY,150
44,173,0.9952758056809142,0.9956063829372338,TS_ONLY,150
44,174,0.9952331718996363,0.9955657499846986,TS_ONLY,150
44,175,0.9951844395335816,0.9955251170321633,TS_ONLY,150
44,176,0.9951491576660394,0.9954844840796281,TS_ONLY,150
44,177,0.9951101624827853,0.9954438511270929,TS_ONLY,150
44,178,0.9950793058305683,0.9954032181745576,TS_ONLY,150
44,179,0.9950360188720825,0.9953625852220224,TS_ONLY,150
44,180,0.9949861812977638,0.995321952269487,TS_ONLY,150
44,181,0.9949342145980088,0.9952813193169519,TS_ONLY,150
44,182,0.9948654920732817,0.9952406863644166,TS_ONLY,150
44,183,0.9947901496928699,0.9952000534118813,TS_ONLY,150
44,184,0.9947252875089825,0.9951594204593461,TS_ONLY,150
44,185,0.9946775851952772,0.9951187875068108,TS_ONLY,150
44,186,0.9946480186830797,0.9950781545542756,TS_ONLY,150
44,187,0.9945986721420124,0.9950375216017403,TS_ONLY,150
44,188,0.9945455206958094,0.9949968886492051,TS_ONLY,150
44,189,0.99449147132267,0.9949562556966699,TS_ONLY,150
44,190,0.9944392747729012,0.9949156227441346,TS_ONLY,150
44,191,0.9943550433978711,0.9948749897915994,TS_ONLY,150
44,192,0.994273154564782,0.9948343568390641,TS_ONLY,150
44,193,0.9941879157060884,0.9947937238865289,TS_ONLY,150
44,194,0.9941132026195177,0.9947530909339936,TS_ONLY,150
44,195,0.9940381672170556,0.9947124579814584,TS_ONLY,150
44,196,0.9939814603921158,0.9946718250289232,TS_ONLY,150
44,197,0.993932681530186,0.9946311920763878,TS_ONLY,150
44,198,0.9938918306312635,0.9945905591238526,TS_ONLY,150
44,199,0.9938589076953485,0.9945499261713173,TS_ONLY,150
44,200,0.9938339127224406,0.9945092932187821,TS_ONLY,150
45,151,0.9982382814186662,0.9982244881651161,TS_ONLY,150
45,152,0.9982087870356328,0.9981867459641612,TS_ONLY,150
45,153,0.9981780121173869,0.9981490037632064,TS_ONLY,150
45,154,0.9981459566639287,0.9981112615622514,TS_ONLY,150
45,155,0.9981126206752581,0.9980735193612964,TS_ONLY,150
45,156,0.9980780041513775,0.9980357771603415,TS_ONLY,150
45,157,0.9980459607188191,0.9979980349593867,TS_ONLY,150
45,158,0.9980092430565204,0.9979602927584317,TS_ONLY,150
45,159,0.9979662588371747,0.9979225505574767,TS_ONLY,150
45,160,0.9979348871607934,0.9978848083565218,TS_ONLY,150
45,161,0.9978928588681654,0.997847066155567,TS_ONLY,150
45,162,0.9978450154651581,0.997809323954612,TS_ONLY,150
45,163,0.9977974087236198,0.997771581753657,TS_ONLY,150
45,164,0.9977453922563355,0.9977338395527021,TS_ONLY,150
45,165,0.9976848944253724,0.9976960973517472,TS_ONLY,150
45,166,0.9976342252269734,0.9976583551507923,TS_ONLY,150
45,167,0.9975857794531312,0.9976206129498373,TS_ONLY,150
45,168,0.9975400580483369,0.9975828707488824,TS_ONLY,150
45,169,0.9974906497186042,0.9975451285479275,TS_ONLY,150
45,170,0.9974480767289444,0.9975073863469726,TS_ONLY,150
45,171,0.9974038188245318,0.9974696441460176,TS_ONLY,150
45,172,0.9973639783798999,0.9974319019450627,TS_ONLY,150
45,173,0.9973456902599269,0.9973941597441078,TS_ONLY,150
45,174,0.9973326767517777,0.9973564175431529,TS_ONLY,150
45,175,0.997333963474218,0.9973186753421979,TS_ONLY,150
45,176,0.9973499324885735,0.997280933141243,TS_ONLY,150
45,177,0.9973652319564761,0.9972431909402881,TS_ONLY,150
45,178,0.9973673941716706,0.9972054487393331,TS_ONLY,150
45,179,0.9973529874323717,0.9971677065383782,TS_ONLY,150
45,180,0.9973291339008614,0.9971299643374233,TS_ONLY,150
45,181,0.9973030123083646,0.9970922221364684,TS_ONLY,150
45,182,0.9972704789799365,0.9970544799355134,TS_ONLY,150
45,183,0.9972536826448157,0.9970167377345585,TS_ONLY,150
45,184,0.9972287638052371,0.9969789955336036,TS_ONLY,150
45,185,0.9972072576638151,0.9969412533326487,TS_ONLY,150
45,186,0.9971797850459017,0.9969035111316937,TS_ONLY,150
45,187,0.9971632485743547,0.9968657689307387,TS_ONLY,150
45,188,0.9971288915604897,0.9968280267297839,TS_ONLY,150
45,189,0.9970806636654601,0.996790284528829,TS_ONLY,150
45,190,0.9970324435044655,0.996752542327874,TS_ONLY,150
45,191,0.9969866312800038,0.996714800126919,TS_ONLY,150
45,192,0.9969492442922248,0.9966770579259642,TS_ONLY,150
45,193,0.9969187317566381,0.9966393157250093,TS_ONLY,150
45,194,0.9968797055953983,0.9966015735240543,TS_ONLY,150
45,195,0.9968365653695195,0.9965638313230993,TS_ONLY,150
45,196,0.9967878673335521,0.9965260891221445,TS_ONLY,150
45,197,0.9967351898051562,0.9964883469211896,TS_ONLY,150
45,198,0.9966785327843292,0.9964506047202346,TS_ONLY,150
45,199,0.9966178962710709,0.9964128625192796,TS_ONLY,150
45,200,0.9965532802653814,0.9963751203183248,TS_ONLY,150
46,151,0.9982154909180763,0.9983348765577209,TS_ONLY,150
46,152,0.998177992443034,0.9983118140724753,TS_ONLY,150
46,153,0.998139102322858,0.9982887515872297,TS_ONLY,150
46,154,0.9980988205575484,0.9982656891019841,TS_ONLY,150
46,155,0.998057147147105,0.9982426266167385,TS_ONLY,150
46,156,0.9980140820915309,0.9982195641314928,TS_ONLY,150
46,157,0.9979706509121575,0.9981965016462472,TS_ONLY,150
46,158,0.9979147999317406,0.9981734391610015,TS_ONLY,150
46,159,0.9978691385909344,0.998150376675756,TS_ONLY,150
46,160,0.9978053845562732,0.9981273141905104,TS_ONLY,150
46,161,0.9977618758212223,0.9981042517052647,TS_ONLY,150
46,162,0.9977597221262018,0.9980811892200191,TS_ONLY,150
46,163,0.9977639545748018,0.9980581267347735,TS_ONLY,150
46,164,0.9977722417039316,0.9980350642495278,TS_ONLY,150
46,165,0.9977971928467686,0.9980120017642823,TS_ONLY,150
46,166,0.9978191844562401,0.9979889392790366,TS_ONLY,150
46,167,0.9978356308347734,0.997965876793791,TS_ONLY,150
46,168,0.9978254361845431,0.9979428143085454,TS_ONLY,150
46,169,0.997805858386606,0.9979197518232997,TS_ONLY,150
46,170,0.9977545415812306,0.9978966893380542,TS_ONLY,150
46,171,0.9977058180982832,0.9978736268528086,TS_ONLY,150
46,172,0.9976660780027389,0.9978505643675629,TS_ONLY,150
46,173,0.9976391587756597,0.9978275018823173,TS_ONLY,150
46,174,0.9976300015415418,0.9978044393970716,TS_ONLY,150
46,175,0.9976205249348868,0.997781376911826,TS_ONLY,150
46,176,0.9976060364015031,0.9977583144265805,TS_ONLY,150
46,177,0.9975870698991584,0.9977352519413348,TS_ONLY,150
46,178,0.9975584699359797,0.9977121894560892,TS_ONLY,150
46,179,0.997546598688857,0.9976891269708436,TS_ONLY,150
46,180,0.9975202247479035,0.9976660644855979,TS_ONLY,150
46,181,0.9974961241032821,0.9976430020003523,TS_ONLY,150
46,182,0.9974675868817752,0.9976199395151067,TS_ONLY,150
46,183,0.9974390191608444,0.9975968770298611,TS_ONLY,150
46,184,0.9974012547743978,0.9975738145446155,TS_ONLY,150
46,185,0.9973383357703873,0.9975507520593698,TS_ONLY,150
46,186,0.9972765256382821,0.9975276895741242,TS_ONLY,150
46,187,0.9972214935673918,0.9975046270888787,TS_ONLY,150
46,188,0.9971505100800446,0.997481564603633,TS_ONLY,150
46,189,0.9970578016353304,0.9974585021183874,TS_ONLY,150
46,190,0.9969691720528324,0.9974354396331417,TS_ONLY,150
46,191,0.9969315109287205,0.9974123771478961,TS_ONLY,150
46,192,0.9969262717812848,0.9973893146626505,TS_ONLY,150
46,193,0.9969433756402524,0.9973662521774049,TS_ONLY,150
46,194,0.996982106640578,0.9973431896921593,TS_ONLY,150
46,195,0.9970424055262379,0.9973201272069137,TS_ONLY,150
46,196,0.9970562689957152,0.997297064721668,TS_ONLY,150
46,197,0.9970664198139166,0.9972740022364224,TS_ONLY,150
46,198,0.9970728579808396,0.9972509397511767,TS_ONLY,150
46,199,0.9970755834964841,0.9972278772659312,TS_ONLY,150
46,200,0.9970745963608499,0.9972048147806856,TS_ONLY,150
47,151,0.9982191096063391,0.998381113565135,TS_ONLY,150
47,152,0.998192263382298,0.9983642704604507,TS_ONLY,150
47,153,0.9981614059545632,0.9983474273557664,TS_ONLY,150
47,154,0.9981265373231346,0.9983305842510821,TS_ONLY,150
47,155,0.9980876574880123,0.9983137411463978,TS_ONLY,150
47,156,0.9980447664491989,0.9982968980417135,TS_ONLY,150
47,157,0.9979846355305468,0.9982800549370291,TS_ONLY,150
47,158,0.9979411051749235,0.9982632118323448,TS_ONLY,150
47,159,0.9978931542426253,0.9982463687276605,TS_ONLY,150
47,160,0.9978349285914342,0.9982295256229762,TS_ONLY,150
47,161,0.9978040401512528,0.9982126825182919,TS_ONLY,150
47,162,0.9977454148999103,0.9981958394136076,TS_ONLY,150
47,163,0.9977095924837291,0.9981789963089233,TS_ONLY,150
47,164,0.9976543742580252,0.998162153204239,TS_ONLY,150
47,165,0.9976104180241971,0.9981453100995547,TS_ONLY,150
47,166,0.9975891690689722,0.9981284669948703,TS_ONLY,150
47,167,0.9975839149785035,0.998111623890186,TS_ONLY,150
47,168,0.9975983107911315,0.9980947807855017,TS_ONLY,150
47,169,0.9976130762338999,0.9980779376808173,TS_ONLY,150
47,170,0.9976027778430415,0.998061094576133,TS_ONLY,150
47,171,0.9976053509205383,0.9980442514714487,TS_ONLY,150
47,172,0.9975929863362881,0.9980274083667644,TS_ONLY,150
47,173,0.9975739710156055,0.9980105652620801,TS_ONLY,150
47,174,0.9975472455837405,0.9979937221573958,TS_ONLY,150
47,175,0.9975119348294923,0.9979768790527115,TS_ONLY,150
47,176,0.9974700463092736,0.9979600359480272,TS_ONLY,150
47,177,0.9974787712745359,0.9979431928433429,TS_ONLY,150
47,178,0.9974629512348463,0.9979263497386586,TS_ONLY,150
47,179,0.997432795322551,0.9979095066339743,TS_ONLY,150
47,180,0.9973960032244809,0.99789266352929,TS_ONLY,150
47,181,0.9973841468273799,0.9978758204246057,TS_ONLY,150
47,182,0.9973821101696516,0.9978589773199212,TS_ONLY,150
47,183,0.9973403728025338,0.9978421342152369,TS_ONLY,150
47,184,0.997308577878096,0.9978252911105526,TS_ONLY,150
47,185,0.9972483411957082,0.9978084480058683,TS_ONLY,150
47,186,0.9971772414700741,0.997791604901184,TS_ONLY,150
47,187,0.9971376423981142,0.9977747617964997,TS_ONLY,150
47,188,0.9970702845804196,0.9977579186918154,TS_ONLY,150
47,189,0.9969861904659492,0.9977410755871311,TS_ONLY,150
47,190,0.9969237383916348,0.9977242324824468,TS_ONLY,150
47,191,0.996865455189335,0.9977073893777625,TS_ONLY,150
47,192,0.9968068627312657,0.9976905462730782,TS_ONLY,150
47,193,0.9967211031094251,0.9976737031683939,TS_ONLY,150
47,194,0.9966516389211497,0.9976568600637095,TS_ONLY,150
47,195,0.9965735375059064,0.9976400169590252,TS_ONLY,150
47,196,0.9965328979967667,0.9976231738543409,TS_ONLY,150
47,197,0.9965059122167161,0.9976063307496565,TS_ONLY,150
47,198,0.9964925801657517,0.9975894876449722,TS_ONLY,150
47,199,0.9964929018438735,0.9975726445402879,TS_ONLY,150
47,200,0.9965068772510816,0.9975558014356036,TS_ONLY,150
48,151,0.9981949873884434,0.9982639032722015,TS_ONLY,150
48,152,0.9981747924786454,0.9982405016830788,TS_ONLY,150
48,153,0.998147969469173,0.9982171000939561,TS_ONLY,150
48,154,0.9981145183600262,0.9981936985048334,TS_ONLY,150
48,155,0.998074439151205,0.9981702969157108,TS_ONLY,150
48,156,0.9980277318427123,0.9981468953265882,TS_ONLY,150
48,157,0.9979653765667807,0.9981234937374655,TS_ONLY,150
48,158,0.9978912434772381,0.9981000921483428,TS_ONLY,150
48,159,0.9978369165456431,0.9980766905592202,TS_ONLY,150
48,160,0.9977710002072524,0.9980532889700975,TS_ONLY,150
48,161,0.9977293308275439,0.9980298873809749,TS_ONLY,150
48,162,0.9976987579146794,0.9980064857918521,TS_ONLY,150
48,163,0.9976675264461949,0.9979830842027295,TS_ONLY,150
48,164,0.997640254125538,0.9979596826136069,TS_ONLY,150
48,165,0.997631254444221,0.9979362810244842,TS_ONLY,150
48,166,0.9976326655418102,0.9979128794353616,TS_ONLY,150
48,167,0.997640920712324,0.9978894778462388,TS_ONLY,150
48,168,0.9976612187249303,0.9978660762571162,TS_ONLY,150
48,169,0.9976854980253355,0.9978426746679936,TS_ONLY,150
48,170,0.9976967635807847,0.9978192730788709,TS_ONLY,150
48,171,0.9977190140349868,0.9977958714897482,TS_ONLY,150
48,172,0.9977335584767892,0.9977724699006256,TS_ONLY,150
48,173,0.997714729516403,0.9977490683115029,TS_ONLY,150
48,174,0.9976900912011676,0.9977256667223803,TS_ONLY,150
48,175,0.9976725413667765,0.9977022651332575,TS_ONLY,150
48,176,0.9976542511456944,0.9976788635441349,TS_ONLY,150
48,177,0.9976322422776509,0.9976554619550123,TS_ONLY,150
48,178,0.9976113747034274,0.9976320603658896,TS_ONLY,150
48,179,0.9975827867909401,0.997608658776767,TS_ONLY,150
48,180,0.9975555470290647,0.9975852571876442,TS_ONLY,150
48,181,0.9975453936815908,0.9975618555985216,TS_ONLY,150
48,182,0.9975278696771662,0.997538454009399,TS_ONLY,150
48,183,0.9975012318186309,0.9975150524202763,TS_ONLY,150
48,184,0.99746567307103,0.9974916508311537,TS_ONLY,150
48,185,0.9974376225954955,0.997468249242031,TS_ONLY,150
48,186,0.9974094625053971,0.9974448476529083,TS_ONLY,150
48,187,0.9973759280457697,0.9974214460637857,TS_ONLY,150
48,188,0.9973321944393155,0.997398044474663,TS_ONLY,150
48,189,0.9972710896376513,0.9973746428855403,TS_ONLY,150
48,190,0.997206425075879,0.9973512412964177,TS_ONLY,150
48,191,0.9971491652492486,0.997327839707295,TS_ONLY,150
48,192,0.9970898513976241,0.9973044381181724,TS_ONLY,150
48,193,0.9970181632555117,0.9972810365290496,TS_ONLY,150
48,194,0.996946796142985,0.997257634939927,TS_ONLY,150
48,195,0.9969123433086611,0.9972342333508044,TS_ONLY,150
48,196,0.9968893841583129,0.9972108317616817,TS_ONLY,150
48,197,0.9968813043711017,0.9971874301725591,TS_ONLY,150
48,198,0.9968881039470249,0.9971640285834364,TS_ONLY,150
48,199,0.9969097828860826,0.9971406269943137,TS_ONLY,150
48,200,0.9969463411882747,0.9971172254051911,TS_ONLY,150
49,151,0.9982494182706154,0.9983150041929905,TS_ONLY,150
49,152,0.9982672540324139,0.9982966405695557,TS_ONLY,150
49,153,0.9982635657190787,0.9982782769461209,TS_ONLY,150
49,154,0.9982383533306097,0.998259913322686,TS_ONLY,150
49,155,0.9981916168670071,0.9982415496992512,TS_ONLY,150
49,156,0.9981233563282732,0.9982231860758164,TS_ONLY,150
49,157,0.9979838303159803,0.9982048224523816,TS_ONLY,150
49,158,0.9979795181088469,0.9981864588289467,TS_ONLY,150
49,159,0.9977682451794418,0.9981680952055119,TS_ONLY,150
49,160,0.9976179730008696,0.9981497315820771,TS_ONLY,150
49,161,0.9975411716221545,0.9981313679586423,TS_ONLY,150
49,162,0.9974974797063673,0.9981130043352074,TS_ONLY,150
49,163,0.9975246354796645,0.9980946407117726,TS_ONLY,150
49,164,0.9976026178561183,0.9980762770883378,TS_ONLY,150
49,165,0.9977518884042447,0.998057913464903,TS_ONLY,150
49,166,0.9977395166267558,0.9980395498414681,TS_ONLY,150
49,167,0.9978234926971821,0.9980211862180333,TS_ONLY,150
49,168,0.9979727421560629,0.9980028225945985,TS_ONLY,150
49,169,0.9979156285662332,0.9979844589711637,TS_ONLY,150
49,170,0.9979514226683506,0.9979660953477288,TS_ONLY,150
49,171,0.9979205056172775,0.997947731724294,TS_ONLY,150
49,172,0.9978528254458763,0.9979293681008592,TS_ONLY,150
49,173,0.9977757194688859,0.9979110044774244,TS_ONLY,150
49,174,0.9976966945879847,0.9978926408539895,TS_ONLY,150
49,175,0.9976509028790901,0.9978742772305547,TS_ONLY,150
49,176,0.9976372268296139,0.9978559136071199,TS_ONLY,150
49,177,0.99762649153408,0.9978375499836851,TS_ONLY,150
49,178,0.9976400851833088,0.9978191863602502,TS_ONLY,150
49,179,0.9976784513036971,0.9978008227368154,TS_ONLY,150
49,180,0.9977138227512483,0.9977824591133806,TS_ONLY,150
49,181,0.9976765932759589,0.9977640954899458,TS_ONLY,150
49,182,0.9977371739812044,0.9977457318665109,TS_ONLY,150
49,183,0.9975492416284254,0.9977273682430761,TS_ONLY,150
49,184,0.9973972999208337,0.9977090046196413,TS_ONLY,150
49,185,0.9973001052418815,0.9976906409962065,TS_ONLY,150
49,186,0.9972469862160156,0.9976722773727716,TS_ONLY,150
49,187,0.9971945194348506,0.9976539137493368,TS_ONLY,150
49,188,0.9971292645266627,0.997635550125902,TS_ONLY,150
49,189,0.9970999143847763,0.9976171865024672,TS_ONLY,150
49,190,0.9971237750178441,0.9975988228790323,TS_ONLY,150
49,191,0.9971673893165116,0.9975804592555975,TS_ONLY,150
49,192,0.9972273047321621,0.9975620956321627,TS_ONLY,150
49,193,0.9970486162087009,0.9975437320087279,TS_ONLY,150
49,194,0.9971124294386846,0.997525368385293,TS_ONLY,150
49,195,0.996932467298737,0.9975070047618582,TS_ONLY,150
49,196,0.9968455042084748,0.9974886411384234,TS_ONLY,150
49,197,0.9967474610026495,0.9974702775149886,TS_ONLY,150
49,198,0.9966383376812582,0.9974519138915537,TS_ONLY,150
49,199,0.9965181342443007,0.9974335502681189,TS_ONLY,150
49,200,0.9963868506917772,0.9974151866446841,TS_ONLY,150
