battery_id,cycle,observed,predicted,feature_set,length,baseline
1,151,1.0035040341011485,1.0028376059047575,M1,150,TS
1,152,1.003371233684344,1.0028038061257019,M1,150,TS
1,153,1.003249998700051,1.002765970830092,M1,150,TS
1,154,1.0031403291482688,1.002724100017928,M1,150,TS
1,155,1.0030422250289976,1.00267819368921,M1,150,TS
1,156,1.0029556863422409,1.00262825184394,M1,150,TS
1,157,1.0029072943153923,1.002580633741452,M1,150,TS
1,158,1.0029532296974646,1.0025193904727394,M1,150,TS
1,159,1.002855579373866,1.0024600747983439,M1,150,TS
1,160,1.002860543825376,1.0023928321269981,M1,150,TS
1,161,1.0025763543941397,1.002330837022596,M1,150,TS
1,162,1.0014383798854618,1.0022663665571474,M1,150,TS
1,163,1.0004746427551507,1.0022031499421595,M1,150,TS
1,164,0.999940860696534,1.0021470983426282,M1,150,TS
1,165,0.9996885162089997,1.0020948116701875,M1,150,TS
1,166,0.9999216817116944,1.0020461083706762,M1,150,TS
1,167,1.0005932631675036,1.0019950051447235,M1,150,TS
1,168,1.0013679303061351,1.001959698348081,M1,150,TS
1,169,1.0020708838385373,1.0019084779801928,M1,150,TS
1,170,1.0030309268578446,1.001853503609642,M1,150,TS
1,171,1.0023714359521643,1.0018028065676392,M1,150,TS
1,172,1.0006014508223022,1.0017518516012236,M1,150,TS
1,173,0.9996034070961728,1.0016982593528618,M1,150,TS
1,174,0.9986270177227583,1.0016494806054992,M1,150,TS
1,175,0.9980836122088909,1.001604961755401,M1,150,TS
1,176,0.9978717048258827,1.001547239675323,M1,150,TS
1,177,0.9980881334019138,1.0015021864820544,M1,150,TS
1,178,0.9987131474621992,1.001467976156136,M1,150,TS
1,179,0.9998235511188321,1.0014220493304855,M1,150,TS
1,180,1.0011065231854825,1.0013816465709762,M1,150,TS
1,181,1.0013771727680894,1.0013527754975053,M1,150,TS
1,182,1.0016764928582509,1.0013231840490262,M1,150,TS
1,183,1.0023240922011576,1.0012836027558298,M1,150,TS
1,184,1.0025496689705158,1.001235907667061,M1,150,TS
1,185,1.0027810566496334,1.0011828342009872,M1,150,TS
1,186,1.0024387748845074,1.001115882626664,M1,150,TS
1,187,1.0019669105501887,1.0010529661307126,M1,150,TS
1,188,1.001749130863073,1.0009901890989055,M1,150,TS
1,189,1.0018799043084554,1.000925094837198,M1,150,TS
1,190,1.001666978040517,1.0008699477732401,M1,150,TS
1,191,1.0018924152574733,1.0008171599256641,M1,150,TS
1,192,1.0013201509165075,1.0007577751629027,M1,150,TS
1,193,1.0003872481179652,1.0006862484007981,M1,150,TS
1,194,0.999941113240662,1.0006215999386365,M1,150,TS
1,195,0.9986368612832792,1.0005541960918503,M1,150,TS
1,196,0.9980639123735556,1.0004915739082358,M1,150,TS
1,197,0.9975588394878703,1.0004299810551602,M1,150,TS
1,198,0.9971216426262207,1.0003694175326208,M1,150,TS
1,199,0.9967523217886071,1.0003098833406174,M1,150,TS
1,200,0.9964508769750292,1.0002513784791505,M1,150,TS
3,151,0.9960343643247106,0.9960888481500662,M1,150,TS
3,152,0.9959927167171484,0.9960793893132378,M1,150,TS
3,153,0.9959585669412259,0.9960660006280837,M1,150,TS
3,154,0.9959319149969431,0.9960486820946035,M1,150,TS
3,155,0.9959127608842999,0.9960274337127973,M1,150,TS
3,156,0.9959011046032991,0.9960022554826681,M1,150,TS
3,157,0.99591418178317,0.9959796998652731,M1,150,TS
3,158,0.9959199948628807,0.9959462133008884,M1,150,TS
3,159,0.9959320859144289,0.9959107837938455,M1,150,TS
3,160,0.99593203064154,0.9958703637848157,M1,150,TS
3,161,0.9959224770012136,0.9958280482000337,M1,150,TS
3,162,0.9959002339481822,0.9957617666628292,M1,150,TS
3,163,0.9958625601185487,0.9957015795494678,M1,150,TS
3,164,0.9957994798270604,0.9956602035787782,M1,150,TS
3,165,0.995739273297319,0.9956297396911284,M1,150,TS
3,166,0.9956808517819564,0.9956152389251073,M1,150,TS
3,167,0.9956127277322449,0.9956097806164697,M1,150,TS
3,168,0.995576158074972,0.9956219466430241,M1,150,TS
3,169,0.9955744051959938,0.9956155042068251,M1,150,TS
3,170,0.995600712306006,0.9956111810137187,M1,150,TS
3,171,0.9956379893705616,0.9955694006261202,M1,150,TS
3,172,0.9956641347323912,0.995499219060226,M1,150,TS
3,173,0.9956711920948085,0.995446657670046,M1,150,TS
3,174,0.9956380585687907,0.9954004687893157,M1,150,TS
3,175,0.9955853708658173,0.9953700607627586,M1,150,TS
3,176,0.9955396173395594,0.9953348421196583,M1,150,TS
3,177,0.9955035324983614,0.9953229816951674,M1,150,TS
3,178,0.9955100283482142,0.9953312905635529,M1,150,TS
3,179,0.9955577798394379,0.9953392861666052,M1,150,TS
3,180,0.9956211379950224,0.9953568076261383,M1,150,TS
3,181,0.9956797077616993,0.9953600452602958,M1,150,TS
3,182,0.9956850893700995,0.9953646556871009,M1,150,TS
3,183,0.9956531206452309,0.9953691623164667,M1,150,TS
3,184,0.9955877786642572,0.99535561551972,M1,150,TS
3,185,0.9955121162923015,0.9953370841380196,M1,150,TS
3,186,0.9954418813752506,0.9952899595767378,M1,150,TS
3,187,0.9953844260642624,0.9952431715413409,M1,150,TS
3,188,0.9953396535246629,0.9952026787859615,M1,150,TS
3,189,0.9953058687211954,0.9951685245198566,M1,150,TS
3,190,0.9952704270164792,0.9951355432844157,M1,150,TS
3,191,0.9952322818676387,0.9951161846411288,M1,150,TS
3,192,0.9951643814803146,0.9950706009703436,M1,150,TS
3,193,0.995099388061318,0.9950035970461047,M1,150,TS
3,194,0.9950507740559454,0.9949555225147708,M1,150,TS
3,195,0.9950369504778394,0.9948818542055649,M1,150,TS
3,196,0.9950429987886786,0.9948311584534955,M1,150,TS
3,197,0.9950691480067563,0.9947827163373993,M1,150,TS
3,198,0.9951153981320696,0.9947365278572737,M1,150,TS
3,199,0.9951817491646184,0.9946925930131186,M1,150,TS
3,200,0.9952682011044028,0.994650911804934,M1,150,TS
4,151,0.9767030436512549,0.9771735461192758,M1,150,TS
4,152,0.976800964527353,0.9769587842244362,M1,150,TS
4,153,0.976863456319432,0.9767420661722125,M1,150,TS
4,154,0.9768905190274921,0.9765233919626046,M1,150,TS
4,155,0.9768821526515331,0.9763027615956125,M1,150,TS
4,156,0.9768383571915578,0.976080175071239,M1,150,TS
4,157,0.9771008112729221,0.975855910813918,M1,150,TS
4,158,0.9766433462641386,0.9756372380096421,M1,150,TS
4,159,0.9764710655576234,0.9754111252288148,M1,150,TS
4,160,0.9761497056640729,0.9751840272114833,M1,150,TS
4,161,0.9759204878059102,0.9749467945539186,M1,150,TS
4,162,0.9755304826807375,0.9746781395605498,M1,150,TS
4,163,0.9752868250272246,0.9744136569464502,M1,150,TS
4,164,0.9751039310436997,0.9741698043517494,M1,150,TS
4,165,0.9748326994872825,0.973937970040804,M1,150,TS
4,166,0.9745956570849166,0.9737280051121946,M1,150,TS
4,167,0.9745201302249025,0.9735274289854634,M1,150,TS
4,168,0.9746065450471004,0.9733391367195735,M1,150,TS
4,169,0.9742718804716919,0.9731440120125456,M1,150,TS
4,170,0.9737456352786511,0.9729577373538002,M1,150,TS
4,171,0.9733758712277756,0.9727103048740199,M1,150,TS
4,172,0.973068728226699,0.9724225807218104,M1,150,TS
4,173,0.9727661577049508,0.9721649112003001,M1,150,TS
4,174,0.9726141495290563,0.97191287394753,M1,150,TS
4,175,0.9727118741969064,0.9716636343205017,M1,150,TS
4,176,0.9721794294905961,0.9714324572972245,M1,150,TS
4,177,0.9718954140115266,0.9712260253962568,M1,150,TS
4,178,0.9719018732784592,0.9710405037241818,M1,150,TS
4,179,0.9714335255198636,0.970874607021813,M1,150,TS
4,180,0.9711578846154274,0.9707189958641633,M1,150,TS
4,181,0.9710944722638326,0.9705355672653906,M1,150,TS
4,182,0.9712193875545372,0.9703465629518698,M1,150,TS
4,183,0.9713507159747161,0.9701692356485289,M1,150,TS
4,184,0.9712892944760729,0.9699716627246738,M1,150,TS
4,185,0.9712462147908485,0.9697576090008238,M1,150,TS
4,186,0.9705731539231293,0.9695296003144486,M1,150,TS
4,187,0.970208754222414,0.9692884250317588,M1,150,TS
4,188,0.969988760236854,0.9690560136347416,M1,150,TS
4,189,0.9696206096996185,0.9688372485584185,M1,150,TS
4,190,0.9694751194696738,0.9686086077123636,M1,150,TS
4,191,0.9694240710464628,0.9683961744370821,M1,150,TS
4,192,0.969427668334244,0.9681400121846189,M1,150,TS
4,193,0.9693133233696938,0.9678671654128362,M1,150,TS
4,194,0.9689956572497094,0.9676204363842735,M1,150,TS
4,195,0.9687059737372188,0.9673419489155329,M1,150,TS
4,196,0.9684807897997224,0.9670923911231047,M1,150,TS
4,197,0.9682473872035253,0.9668465731765757,M1,150,TS
4,198,0.9680057659486249,0.966604495075943,M1,150,TS
4,199,0.9677559260350211,0.9663661568212067,M1,150,TS
4,200,0.9674978674627139,0.9661315584123669,M1,150,TS
6,151,0.996214505768315,0.9961749454504785,M1,150,TS
6,152,0.9961152328406796,0.9961519473297994,M1,150,TS
6,153,0.9960290888322142,0.9961248769898787,M1,150,TS
6,154,0.995956073742919,0.9960937344307164,M1,150,TS
6,155,0.9958961875727937,0.9960585196523123,M1,150,TS
6,156,0.9958494303218418,0.9960192326546694,M1,150,TS
6,157,0.9958599118207982,0.9959817511814795,M1,150,TS
6,158,0.9958456437304972,0.9959337666778406,M1,150,TS
6,159,0.9957704044573623,0.99588557226515,M1,150,TS
6,160,0.9958367240092967,0.9958284427249847,M1,150,TS
6,161,0.9957092218587607,0.9957741249341834,M1,150,TS
6,162,0.9956523449446865,0.9956936473705315,M1,150,TS
6,163,0.9955662274306651,0.9956196281204641,M1,150,TS
6,164,0.9955560027793754,0.9955618425661192,M1,150,TS
6,165,0.9955269016238708,0.9955155284276911,M1,150,TS
6,166,0.995515275555934,0.9954848078090923,M1,150,TS
6,167,0.995481363117343,0.9954634839594892,M1,150,TS
6,168,0.9952872254157735,0.995464701610946,M1,150,TS
6,169,0.9952152259768224,0.9954450619542765,M1,150,TS
6,170,0.9950931560869628,0.9954295503796108,M1,150,TS
6,171,0.994966603957919,0.9953768860697162,M1,150,TS
6,172,0.9949506503891471,0.995292641807091,M1,150,TS
6,173,0.9949255045077805,0.9952258226716106,M1,150,TS
6,174,0.9949507524984647,0.9951630719853148,M1,150,TS
6,175,0.9949436995335101,0.9951164313805305,M1,150,TS
6,176,0.9948553452856492,0.9950672554752631,M1,150,TS
6,177,0.994861288992555,0.9950393027707052,M1,150,TS
6,178,0.9947635411372995,0.995035305768904,M1,150,TS
6,179,0.9947687327438571,0.9950294335280807,M1,150,TS
6,180,0.9946547175698341,0.9950365682560554,M1,150,TS
6,181,0.9947522146500036,0.9950238217121844,M1,150,TS
6,182,0.9947288419621603,0.9950141914503744,M1,150,TS
6,183,0.9946594190966497,0.9950047312723814,M1,150,TS
6,184,0.9946131352370858,0.9949757357234619,M1,150,TS
6,185,0.9945569067396691,0.9949417171409448,M1,150,TS
6,186,0.9944554226729967,0.9948803707124647,M1,150,TS
6,187,0.994525445824341,0.99481527772634,M1,150,TS
6,188,0.9945312995670903,0.9947584766586121,M1,150,TS
6,189,0.9945035238085205,0.9947091752504333,M1,150,TS
6,190,0.9944937350335686,0.9946605253678406,M1,150,TS
6,191,0.994511069552142,0.9946247568333227,M1,150,TS
6,192,0.994354548788215,0.9945664053077936,M1,150,TS
6,193,0.9942082877615992,0.9944864377247239,M1,150,TS
6,194,0.9940660638765035,0.9944257195700541,M1,150,TS
6,195,0.9939285246499441,0.9943401391596787,M1,150,TS
6,196,0.9937872031503167,0.9942781773598961,M1,150,TS
6,197,0.9936459653173575,0.9942189841800805,M1,150,TS
6,198,0.9935048111510638,0.9941625596202289,M1,150,TS
6,199,0.9933637406514356,0.9941089036803413,M1,150,TS
6,200,0.9932227538184729,0.9940580163604179,M1,150,TS
7,151,0.9944063753831374,0.9949328177643079,M1,150,TS
7,152,0.9943518838933064,0.9948785153184029,M1,150,TS
7,153,0.9942924744859969,0.9948206102355794,M1,150,TS
7,154,0.994228147161209,0.9947591025158374,M1,150,TS
7,155,0.9941589019189425,0.9946939921591771,M1,150,TS
7,156,0.9940847387592003,0.9946252791656011,M1,150,TS
7,157,0.9939822863795954,0.9945606261858713,M1,150,TS
7,158,0.9939045656069894,0.994484137390802,M1,150,TS
7,159,0.9938651951227415,0.9944048969065515,M1,150,TS
7,160,0.9938035718599496,0.9943209321269946,M1,150,TS
7,161,0.9937610515371789,0.994234221571995,M1,150,TS
7,162,0.9937122760542119,0.9941230541956237,M1,150,TS
7,163,0.9936117741640667,0.994018965044652,M1,150,TS
7,164,0.9935157799849212,0.9939330549813126,M1,150,TS
7,165,0.9934154307549953,0.9938582911129648,M1,150,TS
7,166,0.9932585301429073,0.9938011672725316,M1,150,TS
7,167,0.9930649007415475,0.9937539638986974,M1,150,TS
7,168,0.9929202850425868,0.9937239492526582,M1,150,TS
7,169,0.9927678083195293,0.9936763758593792,M1,150,TS
7,170,0.9926517468134011,0.9936307621845086,M1,150,TS
7,171,0.9925164540284324,0.9935479186988889,M1,150,TS
7,172,0.9924355058928396,0.9934346389677651,M1,150,TS
7,173,0.9922633449048571,0.9933411317123587,M1,150,TS
7,174,0.9921366744906839,0.9932518734575799,M1,150,TS
7,175,0.9920620457932743,0.9931766678358229,M1,150,TS
7,176,0.991960224684306,0.9930975804844107,M1,150,TS
7,177,0.9917807998494718,0.993044276046485,M1,150,TS
7,178,0.991696715556144,0.9930099769657368,M1,150,TS
7,179,0.9916208230145287,0.9929763450378263,M1,150,TS
7,180,0.9915485975755082,0.9929526467092064,M1,150,TS
7,181,0.9915041139511117,0.9929135125534724,M1,150,TS
7,182,0.991437678959813,0.9928749831003503,M1,150,TS
7,183,0.9913197670728469,0.9928369199213122,M1,150,TS
7,184,0.9912539511914851,0.9927784356511954,M1,150,TS
7,185,0.9912096475888834,0.9927140774900488,M1,150,TS
7,186,0.9911403242141177,0.9926216613941627,M1,150,TS
7,187,0.9909881512914112,0.9925320038756963,M1,150,TS
7,188,0.9909081017447054,0.9924472467929492,M1,150,TS
7,189,0.9908380250579897,0.992368961896146,M1,150,TS
7,190,0.9907348827758002,0.9922925522710003,M1,150,TS
7,191,0.990680910982181,0.9922285859160331,M1,150,TS
7,192,0.9905315571703812,0.9921397797518823,M1,150,TS
7,193,0.9903770005332686,0.9920296693522134,M1,150,TS
7,194,0.9902430059030527,0.9919384539314183,M1,150,TS
7,195,0.9901456260555439,0.9918213290819929,M1,150,TS
7,196,0.9900206122761921,0.9917286443202596,M1,150,TS
7,197,0.9898951591915459,0.991638754551909,M1,150,TS
7,198,0.9897692668016028,0.9915516597769384,M1,150,TS
7,199,0.9896429351063629,0.9914673599953479,M1,150,TS
7,200,0.9895161641058261,0.9913858552071374,M1,150,TS
8,151,0.9894562866939769,0.9899694997984664,M1,150,TS
8,152,0.9892869391809709,0.9898535567877054,M1,150,TS
8,153,0.9891264737722718,0.9897336766928923,M1,150,TS
8,154,0.9889748904678795,0.9896098595140271,M1,150,TS
8,155,0.9888321892677938,0.98948210525111,M1,150,TS
8,156,0.9886983701720182,0.9893504139041437,M1,150,TS
8,157,0.988612998135234,0.9892211076194511,M1,150,TS
8,158,0.9884657605265808,0.9890817196243322,M1,150,TS
8,159,0.9883221445484542,0.9889406239263631,M1,150,TS
8,160,0.9881996969985829,0.9887936328977893,M1,150,TS
8,161,0.988043425315414,0.9886450817667866,M1,150,TS
8,162,0.9878153619489983,0.9884732421452356,M1,150,TS
8,163,0.987663659807816,0.9883053140921497,M1,150,TS
8,164,0.9875156075605755,0.9881557265374787,M1,150,TS
8,165,0.9873270466649591,0.9880181696979548,M1,150,TS
8,166,0.9871873160367632,0.9878958504194278,M1,150,TS
8,167,0.9870762836454232,0.987782122326107,M1,150,TS
8,168,0.9869386436403,0.9876875007308707,M1,150,TS
8,169,0.9867927268027747,0.9875751848035718,M1,150,TS
8,170,0.9866505942191186,0.9874656416283881,M1,150,TS
8,171,0.9865007607244951,0.987317977165473,M1,150,TS
8,172,0.986302968780101,0.9871420558478678,M1,150,TS
8,173,0.9861435659453623,0.9869830549929751,M1,150,TS
8,174,0.9859508344567336,0.9868305029139176,M1,150,TS
8,175,0.9857170247032094,0.9866945101712232,M1,150,TS
8,176,0.9854989411486601,0.9865533951226881,M1,150,TS
8,177,0.9853378399000858,0.9864349895749465,M1,150,TS
8,178,0.9851822150143007,0.9863382113850943,M1,150,TS
8,179,0.98501998496841,0.9862424954498004,M1,150,TS
8,180,0.9849044471712944,0.9861558500630272,M1,150,TS
8,181,0.9848004012787525,0.9860538444561927,M1,150,TS
8,182,0.9846632874079718,0.9859528371432745,M1,150,TS
8,183,0.9845620324189641,0.9858504768236973,M1,150,TS
8,184,0.9844446166266216,0.9857291206044048,M1,150,TS
8,185,0.9842672291286316,0.9856037751768275,M1,150,TS
8,186,0.9840657585920585,0.9854498277535674,M1,150,TS
8,187,0.983908876419124,0.9852954968252777,M1,150,TS
8,188,0.9837450136174848,0.9851483023516433,M1,150,TS
8,189,0.9835390637644426,0.985008983028715,M1,150,TS
8,190,0.9833286628583462,0.9848707620760602,M1,150,TS
8,191,0.9831152377668357,0.9847464840102098,M1,150,TS
8,192,0.9828710927346475,0.9845953908222574,M1,150,TS
8,193,0.9826470558178269,0.9844222639285717,M1,150,TS
8,194,0.9824686223560679,0.9842672861873297,M1,150,TS
8,195,0.9822446928402246,0.9840881794884779,M1,150,TS
8,196,0.9820476556594568,0.9839324516328808,M1,150,TS
8,197,0.9818597827823277,0.983779275610663,M1,150,TS
8,198,0.9816810742088343,0.9836286514218219,M1,150,TS
8,199,0.981511529938977,0.9834805790663574,M1,150,TS
8,200,0.9813511499727554,0.9833350585442696,M1,150,TS
12,151,0.9964391412129527,0.996247593366631,M1,150,TS
12,152,0.996449271339672,0.996222509755725,M1,150,TS
12,153,0.9964508346170283,0.9961939101601137,M1,150,TS
12,154,0.9964438310450218,0.9961617945797971,M1,150,TS
12,155,0.9964282606236524,0.9961261630147753,M1,150,TS
12,156,0.9964041233529233,0.996087015465051,M1,150,TS
12,157,0.9963733833269217,0.9960513045795176,M1,150,TS
12,158,0.9963272920330408,0.9960048576091575,M1,150,TS
12,159,0.9962954253265817,0.9959562706138821,M1,150,TS
12,160,0.9962317083567527,0.9959031961779069,M1,150,TS
12,161,0.996195685495121,0.995847261995989,M1,150,TS
12,162,0.9961588400405574,0.9957670387529669,M1,150,TS
12,163,0.9960993853386355,0.9956930978146564,M1,150,TS
12,164,0.9960167875370655,0.9956379171650748,M1,150,TS
12,165,0.9959439058471578,0.9955934667259668,M1,150,TS
12,166,0.9958358179690385,0.9955659439898883,M1,150,TS
12,167,0.9957187800079623,0.9955474556608259,M1,150,TS
12,168,0.9956256062307962,0.9955467823575878,M1,150,TS
12,169,0.9955638034557666,0.9955275830036394,M1,150,TS
12,170,0.995517288368672,0.9955108257686478,M1,150,TS
12,171,0.9955193786141443,0.9954556136711027,M1,150,TS
12,172,0.9954981882957448,0.9953722999660836,M1,150,TS
12,173,0.9954579803391037,0.9953066329989639,M1,150,TS
12,174,0.9954238374706464,0.9952461665107325,M1,150,TS
12,175,0.995400931370721,0.9952006734654255,M1,150,TS
12,176,0.9953770856030706,0.9951505773249574,M1,150,TS
12,177,0.9953392362431142,0.9951244648317225,M1,150,TS
12,178,0.9953084427222629,0.9951194459458043,M1,150,TS
12,179,0.9952961128171749,0.9951147023212129,M1,150,TS
12,180,0.99530106766799,0.9951194530334484,M1,150,TS
12,181,0.9952783788360806,0.9951104978370704,M1,150,TS
12,182,0.9952234549725187,0.995102384703534,M1,150,TS
12,183,0.9951648897320904,0.9950933358079821,M1,150,TS
12,184,0.9951172409488205,0.995065082368349,M1,150,TS
12,185,0.9950643536166401,0.9950316870872593,M1,150,TS
12,186,0.9950033249822401,0.9949700427087109,M1,150,TS
12,187,0.9949131124957803,0.9949098044004505,M1,150,TS
12,188,0.9948103844069475,0.9948565199201205,M1,150,TS
12,189,0.9947515845784494,0.9948087302345365,M1,150,TS
12,190,0.9947036933144273,0.9947617853967012,M1,150,TS
12,191,0.9946534388496556,0.99472845994449,M1,150,TS
12,192,0.9946082764806821,0.994667993337582,M1,150,TS
12,193,0.9945468720668882,0.9945866045783838,M1,150,TS
12,194,0.9945116759637709,0.9945238816440628,M1,150,TS
12,195,0.9944588077055738,0.9944369040275112,M1,150,TS
12,196,0.9944023791897465,0.9943735102118265,M1,150,TS
12,197,0.994339854015007,0.9943130418115561,M1,150,TS
12,198,0.994271232181353,0.994255498826697,M1,150,TS
12,199,0.9941965136887845,0.9942008812572491,M1,150,TS
12,200,0.9941156985373015,0.9941491891032127,M1,150,TS
13,151,0.9971218402728154,0.9967794223269775,M1,150,TS
13,152,0.997125411021877,0.9967464018509588,M1,150,TS
13,153,0.9971229622682198,0.9967098028444327,M1,150,TS
13,154,0.9971144940118436,0.9966696253073994,M1,150,TS
13,155,0.9971000062527485,0.9966258692398589,M1,150,TS
13,156,0.9970794989909375,0.996578534641814,M1,150,TS
13,157,0.9970426935251744,0.9965349012824356,M1,150,TS
13,158,0.9970120287572352,0.9964799785434972,M1,150,TS
13,159,0.9969747483554201,0.9964234362140043,M1,150,TS
13,160,0.9969483991395283,0.9963613233250249,M1,150,TS
13,161,0.9969110441392823,0.9962972934382055,M1,150,TS
13,162,0.9968554234616301,0.9962092800410266,M1,150,TS
13,163,0.9967727646811086,0.9961276901221798,M1,150,TS
13,164,0.9966715256409413,0.9960648091703024,M1,150,TS
13,165,0.9965957220405769,0.9960122926746069,M1,150,TS
13,166,0.9965182877753898,0.9959759191940092,M1,150,TS
13,167,0.9964408373216866,0.9959484268404096,M1,150,TS
13,168,0.996360574441506,0.9959394451670656,M1,150,TS
13,169,0.9963313767031219,0.9959114215460397,M1,150,TS
13,170,0.9963210302726416,0.9958857869518015,M1,150,TS
13,171,0.9962985218915089,0.9958230005850105,M1,150,TS
13,172,0.9962485884144738,0.9957320438191548,M1,150,TS
13,173,0.9961874524844941,0.9956586602072954,M1,150,TS
13,174,0.9961345121000279,0.9955904339102589,M1,150,TS
13,175,0.9961303098675913,0.9955362840489296,M1,150,TS
13,176,0.9960950315914081,0.9954783496893934,M1,150,TS
13,177,0.9960719868016161,0.9954437981159167,M1,150,TS
13,178,0.9960434895446866,0.9954307320515041,M1,150,TS
13,179,0.9960460676752122,0.995417693575821,M1,150,TS
13,180,0.9960497643446751,0.995414597256769,M1,150,TS
13,181,0.9960063775909416,0.9953981355016783,M1,150,TS
13,182,0.9959622485718815,0.9953817116192958,M1,150,TS
13,183,0.9958959250976375,0.9953648942586627,M1,150,TS
13,184,0.9958618036440439,0.9953282565698244,M1,150,TS
13,185,0.995846187414138,0.9952858601825502,M1,150,TS
13,186,0.9957957726569031,0.9952157990542451,M1,150,TS
13,187,0.9957415155335627,0.995146475997927,M1,150,TS
13,188,0.9956964933022042,0.9950835940855566,M1,150,TS
13,189,0.9956549610085865,0.9950273006444074,M1,150,TS
13,190,0.9956421171713961,0.9949713417292085,M1,150,TS
13,191,0.9956152225775323,0.9949293737211511,M1,150,TS
13,192,0.9955648706054869,0.9948608646079793,M1,150,TS
13,193,0.9954959882519252,0.9947714377101973,M1,150,TS
13,194,0.995440178124885,0.9947010817523405,M1,150,TS
13,195,0.9953727857710697,0.9946061782212461,M1,150,TS
13,196,0.9953265384190831,0.9945343419074492,M1,150,TS
13,197,0.9952828626347129,0.9944652180457177,M1,150,TS
13,198,0.9952417584179565,0.9943988066360492,M1,150,TS
13,199,0.9952032257688137,0.9943351076784435,M1,150,TS
13,200,0.9951672646872847,0.9942741211729005,M1,150,TS
15,151,0.9962252605469409,0.9959731373333985,M1,150,TS
15,152,0.9962208125930392,0.9959280364221129,M1,150,TS
15,153,0.9962118183194908,0.9958793223870331,M1,150,TS
15,154,0.9961982777262959,0.9958269952281594,M1,150,TS
15,155,0.9961801908134543,0.9957710549454916,M1,150,TS
15,156,0.996157557580969,0.9957115015390324,M1,150,TS
15,157,0.9961330561512289,0.9956552983420662,M1,150,TS
15,158,0.9961030139082411,0.995588087143368,M1,150,TS
15,159,0.9960483729312696,0.9955197220240442,M1,150,TS
15,160,0.9960004961472655,0.9954458963147979,M1,150,TS
15,161,0.9959293724948286,0.9953704353820338,M1,150,TS
15,162,0.9958335335644611,0.9952710781738858,M1,150,TS
15,163,0.9957205996053304,0.9951779013195713,M1,150,TS
15,164,0.9956044966238953,0.9951030676968738,M1,150,TS
15,165,0.9954812809233828,0.9950394403320333,M1,150,TS
15,166,0.9953984102161108,0.9949909241908492,M1,150,TS
15,167,0.9953439525691803,0.9949506022545693,M1,150,TS
15,168,0.995329457996333,0.9949276912173253,M1,150,TS
15,169,0.9952733207454667,0.9948881111766666,M1,150,TS
15,170,0.9952518136326842,0.9948505280151224,M1,150,TS
15,171,0.9952051757086207,0.9947759939074965,M1,150,TS
15,172,0.995132271609668,0.9946731772807036,M1,150,TS
15,173,0.995060842996885,0.9945876854357437,M1,150,TS
15,174,0.9950070180486855,0.9945071297034057,M1,150,TS
15,175,0.9949476593639104,0.9944420531139162,M1,150,TS
15,176,0.994932851648315,0.9943712730750669,M1,150,TS
15,177,0.9949255098219727,0.9943240447971978,M1,150,TS
15,178,0.9949214325530107,0.9942981225411476,M1,150,TS
15,179,0.9949097971769096,0.9942732557859586,M1,150,TS
15,180,0.9948833397107228,0.9942587664551272,M1,150,TS
15,181,0.9948059503284219,0.9942309370193441,M1,150,TS
15,182,0.9947249757270282,0.9942032225466599,M1,150,TS
15,183,0.9946328188777054,0.9941748912231321,M1,150,TS
15,184,0.994556640269802,0.9941271144930395,M1,150,TS
15,185,0.9944566820527307,0.9940746332354823,M1,150,TS
15,186,0.9944022573565555,0.9939923794879725,M1,150,TS
15,187,0.9943491582095565,0.993910717553293,M1,150,TS
15,188,0.9942834853639416,0.9938360882634408,M1,150,TS
15,189,0.9942423860416657,0.9937675321306518,M1,150,TS
15,190,0.9941943633012958,0.9937001973166734,M1,150,TS
15,191,0.9941214406260783,0.9936471656335647,M1,150,TS
15,192,0.9940644165797171,0.9935665052776598,M1,150,TS
15,193,0.9939849550593147,0.993465013232834,M1,150,TS
15,194,0.9939132663788257,0.9933827429068904,M1,150,TS
15,195,0.9938551810527687,0.9932752195145654,M1,150,TS
15,196,0.9937969359266035,0.9931913673366303,M1,150,TS
15,197,0.9937438760109061,0.9931101644655095,M1,150,TS
15,198,0.9936960013056741,0.9930316109012006,M1,150,TS
15,199,0.9936533118109079,0.9929557066437034,M1,150,TS
15,200,0.993615807526607,0.9928824516930179,M1,150,TS
17,151,0.9980876584157506,0.998198449640622,M1,150,TS
17,152,0.9981352042733159,0.9982001275985056,M1,150,TS
17,153,0.9981566729266981,0.9981987358698305,M1,150,TS
17,154,0.998152064375897,0.9981942744545966,M1,150,TS
17,155,0.9981213786209127,0.9981867433528039,M1,150,TS
17,156,0.9980646156617479,0.9981761425644552,M1,150,TS
17,157,0.9979494545663445,0.9981702815309464,M1,150,TS
17,158,0.9979097161329462,0.9981513782078025,M1,150,TS
17,159,0.9979176121027216,0.9981294615833993,M1,150,TS
17,160,0.9977559841524373,0.9981066098856312,M1,150,TS
17,161,0.9977519595499136,0.9980775913255687,M1,150,TS
17,162,0.9977688485147062,0.9980238283197799,M1,150,TS
17,163,0.9978168947376731,0.9979749467435844,M1,150,TS
17,164,0.9978755313898338,0.9979439190737109,M1,150,TS
17,165,0.9979888789109685,0.9979224586245954,M1,150,TS
17,166,0.9980966942905272,0.99791710003162,M1,150,TS
17,167,0.9980050167181996,0.9979256283135312,M1,150,TS
17,168,0.9980279963497212,0.9979496379302468,M1,150,TS
17,169,0.9980399116980906,0.9979562230888657,M1,150,TS
17,170,0.998046379793742,0.9979657735411444,M1,150,TS
17,171,0.9980724622218546,0.9979377898195491,M1,150,TS
17,172,0.9980755730720043,0.9978818047037241,M1,150,TS
17,173,0.9980659388396138,0.9978431912264278,M1,150,TS
17,174,0.9980451216973336,0.9978101878160592,M1,150,TS
17,175,0.9980200775252531,0.9977925635770931,M1,150,TS
17,176,0.9979768399295956,0.9977707506366564,M1,150,TS
17,177,0.9979523464467734,0.9977720090246827,M1,150,TS
17,178,0.9979192537226368,0.9977947015695519,M1,150,TS
17,179,0.9978812563814822,0.9978182231970368,M1,150,TS
17,180,0.9978276205537122,0.9978520442334273,M1,150,TS
17,181,0.99779056482589,0.9978711150752787,M1,150,TS
17,182,0.9977713897388524,0.9978897273531347,M1,150,TS
17,183,0.9977523831235487,0.9979072067163316,M1,150,TS
17,184,0.9977298930177749,0.997905915544657,M1,150,TS
17,185,0.9976923719248798,0.9978997961355806,M1,150,TS
17,186,0.9976702775317827,0.9978648758384809,M1,150,TS
17,187,0.9976507861793333,0.9978305666607529,M1,150,TS
17,188,0.99760405834563,0.9978035447819068,M1,150,TS
17,189,0.9975449789654255,0.9977834323342956,M1,150,TS
17,190,0.9974977354863259,0.9977641759254956,M1,150,TS
17,191,0.9974704408888537,0.9977579214663839,M1,150,TS
17,192,0.9974628881747938,0.9977242533861117,M1,150,TS
17,193,0.9974755488038036,0.9976687339484277,M1,150,TS
17,194,0.9974938234159549,0.9976324041665151,M1,150,TS
17,195,0.9975989351942185,0.9975692016063905,M1,150,TS
17,196,0.9975292329964532,0.9975339221630557,M1,150,TS
17,197,0.997419619540284,0.997502436203246,M1,150,TS
17,198,0.997270094825708,0.9974747437269584,M1,150,TS
17,199,0.9970806588527253,0.9974508447341932,M1,150,TS
17,200,0.9968513116213358,0.9974307392249502,M1,150,TS
18,151,0.9967286752306215,0.9969446767356461,M1,150,TS
18,152,0.996734180439968,0.996925135098435,M1,150,TS
18,153,0.9967286473994351,0.9969021395199668,M1,150,TS
18,154,0.9967120761090231,0.9968756900002416,M1,150,TS
18,155,0.9966844665687318,0.9968457865392594,M1,150,TS
18,156,0.9966458187785637,0.9968124291370231,M1,150,TS
18,157,0.9965932376844059,0.9967826920523629,M1,150,TS
18,158,0.996527560446605,0.9967421636607111,M1,150,TS
18,159,0.9964576808305154,0.9966999664265812,M1,150,TS
18,160,0.9963852885555852,0.996652529757196,M1,150,TS
18,161,0.9963093425696747,0.9966030400010752,M1,150,TS
18,162,0.996241155290386,0.9965290490986952,M1,150,TS
18,163,0.9961930232600331,0.9964602443248538,M1,150,TS
18,164,0.9961534929420675,0.9964093817649917,M1,150,TS
18,165,0.9961282542437089,0.9963691346734822,M1,150,TS
18,166,0.9961340704382093,0.9963441071072402,M1,150,TS
18,167,0.9961332036581544,0.9963280509111171,M1,150,TS
18,168,0.9961445950325705,0.9963301105539519,M1,150,TS
18,169,0.9961564930828966,0.9963144389097904,M1,150,TS
18,170,0.9961554243304382,0.9963019360788854,M1,150,TS
18,171,0.9961540709408457,0.9962522495192889,M1,150,TS
18,172,0.9961171965817952,0.9961747804312763,M1,150,TS
18,173,0.9960709459919943,0.9961146961878926,M1,150,TS
18,174,0.9960208668691528,0.9960600608406015,M1,150,TS
18,175,0.9959813926061627,0.9960204266945074,M1,150,TS
18,176,0.995958089004092,0.9959757454968086,M1,150,TS
18,177,0.9959376291560111,0.995954606673452,M1,150,TS
18,178,0.9959178524370527,0.9959547193554172,M1,150,TS
18,179,0.995896460375093,0.9959556196039929,M1,150,TS
18,180,0.9958710421699442,0.995966555911768,M1,150,TS
18,181,0.9958367919253477,0.9959633074978064,M1,150,TS
18,182,0.9957831257202757,0.9959605683315648,M1,150,TS
18,183,0.9957326025198818,0.9959567040599709,M1,150,TS
18,184,0.9956971290990027,0.9959335378321401,M1,150,TS
18,185,0.9956599277889449,0.9959051535193199,M1,150,TS
18,186,0.9956296855841797,0.9958481311248286,M1,150,TS
18,187,0.9955981713458765,0.9957918023664614,M1,150,TS
18,188,0.9955528767442439,0.995742454081745,M1,150,TS
18,189,0.9954912232503919,0.9957001470504249,M1,150,TS
18,190,0.9954337333107592,0.995658861402985,M1,150,TS
18,191,0.9953760597201944,0.9956311374789721,M1,150,TS
18,192,0.9953032597925409,0.9955768011702295,M1,150,TS
18,193,0.9952215665357579,0.9955013498820684,M1,150,TS
18,194,0.9951472511607411,0.9954450530392879,M1,150,TS
18,195,0.9950705577024481,0.9953641109737401,M1,150,TS
18,196,0.9950302699225336,0.9953057229694201,M1,150,TS
18,197,0.9950046135818877,0.9952497283607096,M1,150,TS
18,198,0.9949935886805082,0.9951961271476059,M1,150,TS
18,199,0.9949971952183951,0.995144919330109,M1,150,TS
18,200,0.9950154331955485,0.9950961049082189,M1,150,TS
19,151,0.9983541625402169,0.9983147926878447,M1,150,TS
19,152,0.998313949241844,0.9983142053872386,M1,150,TS
19,153,0.9982766524905043,0.9983098023364333,M1,150,TS
19,154,0.9982422722861977,0.998301583535429,M1,150,TS
19,155,0.9982108086289242,0.9982895489842254,M1,150,TS
19,156,0.9981822615186868,0.9982736986828256,M1,150,TS
19,157,0.9981634010364282,0.9982608373663248,M1,150,TS
19,158,0.9981526300088968,0.9982366723830645,M1,150,TS
19,159,0.998118417587482,0.9982113188367691,M1,150,TS
19,160,0.9980856048046101,0.9981806298188645,M1,150,TS
19,161,0.9980510460025163,0.9981478662565418,M1,150,TS
19,162,0.9980122018525,0.9980909679251134,M1,150,TS
19,163,0.9979886622993271,0.9980393684446145,M1,150,TS
19,164,0.9979748072893371,0.9980056658989879,M1,150,TS
19,165,0.9979576989069638,0.9979830352998553,M1,150,TS
19,166,0.9979557420190031,0.9979759960550563,M1,150,TS
19,167,0.9979701549299111,0.9979773025174299,M1,150,TS
19,168,0.9979696476288039,0.9979974312642108,M1,150,TS
19,169,0.9979757712917408,0.9979996768072728,M1,150,TS
19,170,0.9979679876075439,0.9980051163749268,M1,150,TS
19,171,0.9979505371878232,0.9979737005601145,M1,150,TS
19,172,0.9979374164180058,0.9979135297715007,M1,150,TS
19,173,0.9979284641604969,0.9978703327908903,M1,150,TS
19,174,0.9979243138901803,0.9978323375668796,M1,150,TS
19,175,0.9979137758823782,0.9978097912588139,M1,150,TS
19,176,0.9979146632249826,0.9977823089304328,M1,150,TS
19,177,0.9979219630620617,0.9977782371631244,M1,150,TS
19,178,0.9979164416020232,0.9977957269897197,M1,150,TS
19,179,0.9978810831926193,0.9978147113217138,M1,150,TS
19,180,0.9978462976686268,0.9978435863286332,M1,150,TS
19,181,0.9978140490845031,0.9978580275898151,M1,150,TS
19,182,0.9978019663708897,0.9978719545393032,M1,150,TS
19,183,0.9977817707485597,0.9978849819487076,M1,150,TS
19,184,0.997760137049204,0.9978791663429867,M1,150,TS
19,185,0.9977178738287117,0.9978686614627609,M1,150,TS
19,186,0.9976769311981306,0.9978296947958548,M1,150,TS
19,187,0.9976246500837709,0.997791692490849,M1,150,TS
19,188,0.9975481718358651,0.9977609110736845,M1,150,TS
19,189,0.997464250420944,0.9977369281642313,M1,150,TS
19,190,0.9974058504213121,0.9977134331793034,M1,150,TS
19,191,0.9973498303501193,0.9977034127479786,M1,150,TS
19,192,0.9973111514638624,0.9976660026242495,M1,150,TS
19,193,0.9972846686521686,0.99760693312259,M1,150,TS
19,194,0.9972725060212573,0.9975668487724146,M1,150,TS
19,195,0.9972586462336028,0.9975021335881534,M1,150,TS
19,196,0.9972579269779204,0.9974605310998865,M1,150,TS
19,197,0.997266220569223,0.9974214638907436,M1,150,TS
19,198,0.9972835270075077,0.9973849319607219,M1,150,TS
19,199,0.9973098462927743,0.9973509353098216,M1,150,TS
19,200,0.997345178425023,0.9973194739380423,M1,150,TS
20,151,0.9973616389364621,0.9975702413585485,M1,150,TS
20,152,0.9974075197253998,0.9975581759052145,M1,150,TS
20,153,0.9974215049847107,0.9975431885979285,M1,150,TS
20,154,0.997403594714395,0.9975252794366907,M1,150,TS
20,155,0.9973537889144526,0.9975044484215011,M1,150,TS
20,156,0.9972720875848866,0.9974806955523624,M1,150,TS
20,157,0.9971109528470454,0.9974622283726171,M1,150,TS
20,158,0.9969958467251645,0.9974314701706181,M1,150,TS
20,159,0.9968982250774934,0.9973984798413301,M1,150,TS
20,160,0.9968057423558895,0.997360056020635,M1,150,TS
20,161,0.9967649835522265,0.9973181758166652,M1,150,TS
20,162,0.9967462230467132,0.997251456386986,M1,150,TS
20,163,0.9967562441604744,0.9971896969024965,M1,150,TS
20,164,0.9968197596582506,0.9971447224683018,M1,150,TS
20,165,0.9969000064872323,0.9971103058397759,M1,150,TS
20,166,0.9969981041843179,0.9970914318638938,M1,150,TS
20,167,0.9968934864706803,0.9970865356882931,M1,150,TS
20,168,0.996978171831189,0.9970952259034849,M1,150,TS
20,169,0.9968581736723161,0.9970914418390266,M1,150,TS
20,170,0.9967202675194098,0.9970909529479745,M1,150,TS
20,171,0.9966286239580148,0.9970521280263339,M1,150,TS
20,172,0.9965689094138606,0.9969838132030662,M1,150,TS
20,173,0.9966561260440131,0.9969288507715228,M1,150,TS
20,174,0.9965639000607831,0.9968838215278746,M1,150,TS
20,175,0.9964988305626201,0.9968533790792005,M1,150,TS
20,176,0.9964825142151799,0.9968170503081893,M1,150,TS
20,177,0.9965271691823476,0.9968027561382519,M1,150,TS
20,178,0.9966247076581672,0.996808358462794,M1,150,TS
20,179,0.9965231349097945,0.9968197962229782,M1,150,TS
20,180,0.9964948170830299,0.9968392773785052,M1,150,TS
20,181,0.9965423828461333,0.996842420425385,M1,150,TS
20,182,0.9965689321766831,0.9968461119095414,M1,150,TS
20,183,0.99662696643056,0.9968479218278485,M1,150,TS
20,184,0.9964687216956917,0.996836370830001,M1,150,TS
20,185,0.9964055226886985,0.9968171466371242,M1,150,TS
20,186,0.9964305090450565,0.9967672170890873,M1,150,TS
20,187,0.9962479179393413,0.9967232714499062,M1,150,TS
20,188,0.9960964738165874,0.9966851412539713,M1,150,TS
20,189,0.9959848674786759,0.9966526062498023,M1,150,TS
20,190,0.9959041879371922,0.9966204153317706,M1,150,TS
20,191,0.9958612410572101,0.9966008050677589,M1,150,TS
20,192,0.9958008059821721,0.9965546726380495,M1,150,TS
20,193,0.9957761643512522,0.9964862781265726,M1,150,TS
20,194,0.9958041770686448,0.9964358832879597,M1,150,TS
20,195,0.9958724204484426,0.9963597653606812,M1,150,TS
20,196,0.9959026605517954,0.9963080920548644,M1,150,TS
20,197,0.9959341167151717,0.996259155512888,M1,150,TS
20,198,0.9959667889385689,0.9962129557347494,M1,150,TS
20,199,0.996000677221987,0.9961694927204487,M1,150,TS
20,200,0.9960357815654259,0.9961287664699858,M1,150,TS
21,151,0.9956912339585707,0.9956478064212442,M1,150,TS
21,152,0.9956361582846758,0.9956169502799088,M1,150,TS
21,153,0.9955777660134763,0.9955824445065318,M1,150,TS
21,154,0.9955160571449724,0.9955442891011135,M1,150,TS
21,155,0.995451031679164,0.9955024840636536,M1,150,TS
21,156,0.995382689616054,0.995457029394155,M1,150,TS
21,157,0.9953032813292844,0.995415141757426,M1,150,TS
21,158,0.9952288312847336,0.995361967215789,M1,150,TS
21,159,0.9951657989556684,0.9953067426677673,M1,150,TS
21,160,0.9950827836652403,0.9952467180604472,M1,150,TS
21,161,0.9950040504535111,0.9951844301942944,M1,150,TS
21,162,0.9949378275730777,0.9950975032189715,M1,150,TS
21,163,0.994872731051322,0.9950162471488183,M1,150,TS
21,164,0.9948462154708643,0.9949521620645433,M1,150,TS
21,165,0.9948455456205259,0.9948983792368815,M1,150,TS
21,166,0.9948506100983525,0.9948604753637623,M1,150,TS
21,167,0.9948442953928711,0.9948316734320249,M1,150,TS
21,168,0.994858696630907,0.9948207610870974,M1,150,TS
21,169,0.9948599240004905,0.9947924644236537,M1,150,TS
21,170,0.9948275598015108,0.9947678558786429,M1,150,TS
21,171,0.9947749222348143,0.9947065664394482,M1,150,TS
21,172,0.9947228452351056,0.9946165712046594,M1,150,TS
21,173,0.994660418753779,0.9945440089632595,M1,150,TS
21,174,0.9946132830160076,0.9944764271262657,M1,150,TS
21,175,0.9945781416702075,0.9944237845793801,M1,150,TS
21,176,0.9945183042464286,0.9943671361997237,M1,150,TS
21,177,0.994460904363839,0.9943340591906983,M1,150,TS
21,178,0.9944207553588466,0.9943218264899994,M1,150,TS
21,179,0.9943659110086336,0.9943107135387851,M1,150,TS
21,180,0.9943098604053411,0.9943095818216422,M1,150,TS
21,181,0.9942479000109743,0.9942941962301288,M1,150,TS
21,182,0.9941933460671152,0.9942786359101456,M1,150,TS
21,183,0.9941428593360844,0.9942619660705572,M1,150,TS
21,184,0.9941003087097292,0.9942261616752195,M1,150,TS
21,185,0.994049879015029,0.9941852598746586,M1,150,TS
21,186,0.9939787237981907,0.9941164232115535,M1,150,TS
21,187,0.9939123404758661,0.9940481207783319,M1,150,TS
21,188,0.9938302001053307,0.9939868650958347,M1,150,TS
21,189,0.9937594602523034,0.9939319374296509,M1,150,TS
21,190,0.9936779827658371,0.9938784138098412,M1,150,TS
21,191,0.9935713169909226,0.9938390952011901,M1,150,TS
21,192,0.9934749826288649,0.9937724918618878,M1,150,TS
21,193,0.9933924321192207,0.993684206631959,M1,150,TS
21,194,0.9933409069786632,0.9936144423692623,M1,150,TS
21,195,0.9933053047706054,0.9935195698468663,M1,150,TS
21,196,0.9932830596003424,0.9934478444728733,M1,150,TS
21,197,0.9932787843572951,0.9933784248958739,M1,150,TS
21,198,0.9932924790414607,0.9933113111158656,M1,150,TS
21,199,0.9933241436528392,0.9932465031328479,M1,150,TS
21,200,0.9933737781914306,0.9931840009468212,M1,150,TS
22,151,0.9979528761834789,0.9978230019830935,M1,150,TS
22,152,0.9979072381966131,0.9978155825962786,M1,150,TS
22,153,0.9978617640595299,0.9978044197969262,M1,150,TS
22,154,0.997816453772229,0.9977895135850363,M1,150,TS
22,155,0.9977713073347109,0.997770863960609,M1,150,TS
22,156,0.9977263247469779,0.997748470923647,M1,150,TS
22,157,0.9976623722504454,0.9977298156855493,M1,150,TS
22,158,0.9976220530829301,0.997699441411029,M1,150,TS
22,159,0.9975850693515447,0.9976671968111942,M1,150,TS
22,160,0.9975521284025106,0.9976295469334331,M1,150,TS
22,161,0.9975274650059696,0.9975895537210426,M1,150,TS
22,162,0.99750044667464,0.9975253506037683,M1,150,TS
22,163,0.9974735928424314,0.9974668397013855,M1,150,TS
22,164,0.9974506677254206,0.9974263814760269,M1,150,TS
22,165,0.9974375716473516,0.9973966554413369,M1,150,TS
22,166,0.9974409607621424,0.9973825013256453,M1,150,TS
22,167,0.9974532155137844,0.997376900534709,M1,150,TS
22,168,0.9974715255646589,0.9973895790750555,M1,150,TS
22,169,0.9974882601035546,0.9973845822217412,M1,150,TS
22,170,0.9974927470335335,0.9973827363926793,M1,150,TS
22,171,0.9974823827231087,0.997344131243418,M1,150,TS
22,172,0.9974560568032118,0.9972772722989106,M1,150,TS
22,173,0.9974282640273349,0.9972275586704701,M1,150,TS
22,174,0.9974235959318766,0.9971825871031944,M1,150,TS
22,175,0.9974112134769693,0.9971530950280683,M1,150,TS
22,176,0.9974167092627432,0.9971185030888011,M1,150,TS
22,177,0.9974104067819365,0.997107807974375,M1,150,TS
22,178,0.9973914928461298,0.9971186861248056,M1,150,TS
22,179,0.9973688547367965,0.9971303941259446,M1,150,TS
22,180,0.9973364659420498,0.9971522705111028,M1,150,TS
22,181,0.9972937885930526,0.9971600261810055,M1,150,TS
22,182,0.9972503787900733,0.9971678079316058,M1,150,TS
22,183,0.9972196642067779,0.9971741811858928,M1,150,TS
22,184,0.9971947514642006,0.997161509743941,M1,150,TS
22,185,0.9971539974562448,0.9971440077170504,M1,150,TS
22,186,0.99711660853755,0.9970979750544421,M1,150,TS
22,187,0.9970594165220095,0.997053120486463,M1,150,TS
22,188,0.9969981574821415,0.9970149816230406,M1,150,TS
22,189,0.996932905442551,0.9969835582783086,M1,150,TS
22,190,0.9968700312810477,0.9969532119794248,M1,150,TS
22,191,0.9967969001664407,0.9969366753440623,M1,150,TS
22,192,0.9967343004587343,0.9968928986486021,M1,150,TS
22,193,0.9966924120561809,0.9968272439917784,M1,150,TS
22,194,0.9966737251724511,0.9967803423677901,M1,150,TS
22,195,0.9966714083321956,0.9967083312128092,M1,150,TS
22,196,0.9966745969745014,0.9966596452889391,M1,150,TS
22,197,0.9966913347168012,0.9966133786433465,M1,150,TS
22,198,0.9967216215590917,0.9965695312760288,M1,150,TS
22,199,0.9967654575013734,0.9965281031869858,M1,150,TS
22,200,0.996822842543646,0.9964890943762176,M1,150,TS
23,151,0.9957291000885199,0.9958758056029428,M1,150,TS
23,152,0.995655804722311,0.9958493727509986,M1,150,TS
23,153,0.995583265767001,0.9958191846447041,M1,150,TS
23,154,0.9955114832225899,0.995785241284059,M1,150,TS
23,155,0.9954404570890777,0.9957475426690634,M1,150,TS
23,156,0.9953701873664672,0.9957060887997204,M1,150,TS
23,157,0.9952964816511591,0.995667999863051,M1,150,TS
23,158,0.9952337450924627,0.9956184733915577,M1,150,TS
23,159,0.9951646689343825,0.9955673541977151,M1,150,TS
23,160,0.9950886447357687,0.9955110972725586,M1,150,TS
23,161,0.9950125348933974,0.9954527037795361,M1,150,TS
23,162,0.9949454753952015,0.9953697983712568,M1,150,TS
23,163,0.9948705612965933,0.9952927870752456,M1,150,TS
23,164,0.9948185960203811,0.9952333312494049,M1,150,TS
23,165,0.9947838854552487,0.9951843909310021,M1,150,TS
23,166,0.9947588975268944,0.9951512057088314,M1,150,TS
23,167,0.9947590577003345,0.9951261650809612,M1,150,TS
23,168,0.9947644068394659,0.9951194112904621,M1,150,TS
23,169,0.9947660037795605,0.9950950345065951,M1,150,TS
23,170,0.9947637944757017,0.9950735730567146,M1,150,TS
23,171,0.9947466162556119,0.9950153624607814,M1,150,TS
23,172,0.9947189951630708,0.9949287725932503,M1,150,TS
23,173,0.9946621370785891,0.9948600639085318,M1,150,TS
23,174,0.9946149970545015,0.9947964729266074,M1,150,TS
23,175,0.9945695964921818,0.9947480725798066,M1,150,TS
23,176,0.9945269742307985,0.9946949496643572,M1,150,TS
23,177,0.9944802338775807,0.994665544943093,M1,150,TS
23,178,0.99442978382032,0.9946575020877448,M1,150,TS
23,179,0.994383440304972,0.9946500770345292,M1,150,TS
23,180,0.9943415393688771,0.9946524778252308,M1,150,TS
23,181,0.9942902372324994,0.9946407535861137,M1,150,TS
23,182,0.9942375416961541,0.9946290787913602,M1,150,TS
23,183,0.9941733265295782,0.9946166717960372,M1,150,TS
23,184,0.9941300293605158,0.994584817190545,M1,150,TS
23,185,0.9940893572924874,0.9945476034970795,M1,150,TS
23,186,0.9940361842867442,0.9944822686829513,M1,150,TS
23,187,0.9939514980828261,0.9944184042929978,M1,150,TS
23,188,0.9938687256791139,0.9943611195075966,M1,150,TS
23,189,0.9937819685524725,0.9943105437923339,M1,150,TS
23,190,0.9937040166065777,0.9942608849429873,M1,150,TS
23,191,0.9936094491179026,0.9942251924774316,M1,150,TS
23,192,0.9935086087142964,0.9941626786517777,M1,150,TS
23,193,0.9934110201584094,0.9940787646987707,M1,150,TS
23,194,0.9933458424257315,0.9940133226095524,M1,150,TS
23,195,0.9932978906382908,0.9939227728649453,M1,150,TS
23,196,0.993268502233414,0.993855206551937,M1,150,TS
23,197,0.9932555990533375,0.9937899820032784,M1,150,TS
23,198,0.9932591810980587,0.9937270992189664,M1,150,TS
23,199,0.9932792483675777,0.9936665581990013,M1,150,TS
23,200,0.9933158008618946,0.9936083589433832,M1,150,TS
26,151,0.9959505042486115,0.9958353963251132,M1,150,TS
26,152,0.9959391513915293,0.9958049663585438,M1,150,TS
26,153,0.9959235813440527,0.9957709112010802,M1,150,TS
26,154,0.9959037941061815,0.9957332308527226,M1,150,TS
26,155,0.9958797896779156,0.9956919253134711,M1,150,TS
26,156,0.9958515680592581,0.9956469945833285,M1,150,TS
26,157,0.9958072894134908,0.9956057578254047,M1,150,TS
26,158,0.9957666449082698,0.9955532910966395,M1,150,TS
26,159,0.9957290508396146,0.99549896322045,M1,150,TS
26,160,0.9956855218293663,0.9954394938149796,M1,150,TS
26,161,0.9956471401855236,0.9953777012318004,M1,150,TS
26,162,0.9956172217042869,0.9952912648153553,M1,150,TS
26,163,0.9955702454172622,0.9952109885786747,M1,150,TS
26,164,0.9955319666902213,0.9951487077296753,M1,150,TS
26,165,0.9954958282837898,0.9950973793307621,M1,150,TS
26,166,0.9954580497498497,0.9950621793136715,M1,150,TS
26,167,0.9954201972989694,0.995035848912772,M1,150,TS
26,168,0.9954003162585383,0.9950274925293423,M1,150,TS
26,169,0.9953739741361689,0.9950015732640207,M1,150,TS
26,170,0.9953283702185327,0.9949790114748353,M1,150,TS
26,171,0.9952770786212812,0.9949191809379216,M1,150,TS
26,172,0.9952158335301919,0.994830765491258,M1,150,TS
26,173,0.9951514651758169,0.9947596925826634,M1,150,TS
26,174,0.9950852331987592,0.9946940358791488,M1,150,TS
26,175,0.9950159682286617,0.994643770868477,M1,150,TS
26,176,0.994937142898188,0.9945891570130289,M1,150,TS
26,177,0.9948684720981864,0.99455796707605,M1,150,TS
26,178,0.994824032753938,0.9945474909860186,M1,150,TS
26,179,0.9947916678182149,0.9945375161470498,M1,150,TS
26,180,0.9947660354292998,0.9945373354206817,M1,150,TS
26,181,0.9947581952186065,0.9945221564021572,M1,150,TS
26,182,0.9947504723156242,0.9945069924166763,M1,150,TS
26,183,0.9947581154144762,0.9944904637192925,M1,150,TS
26,184,0.99477481366559,0.9944547226142042,M1,150,TS
26,185,0.994767935465342,0.9944142999203809,M1,150,TS
26,186,0.9947573642526486,0.9943454300829058,M1,150,TS
26,187,0.9947425828269708,0.9942773113314421,M1,150,TS
26,188,0.9947137593630634,0.994216223612569,M1,150,TS
26,189,0.9947103567853216,0.9941611524405339,M1,150,TS
26,190,0.9946953152330662,0.9941074606341541,M1,150,TS
26,191,0.994681869981461,0.9940673448159206,M1,150,TS
26,192,0.9946622189775258,0.9940002682211575,M1,150,TS
26,193,0.9946446633771215,0.9939117571039368,M1,150,TS
26,194,0.9946319178289431,0.9938425121440843,M1,150,TS
26,195,0.9945965515165704,0.9937490285774865,M1,150,TS
26,196,0.9945587055634009,0.9936791956178367,M1,150,TS
26,197,0.9945147672408209,0.9936122947522796,M1,150,TS
26,198,0.994464736548828,0.9935483259808127,M1,150,TS
26,199,0.9944086134874224,0.9934872893034359,M1,150,TS
26,200,0.994346398056604,0.9934291847201491,M1,150,TS
27,151,0.9956270353333843,0.9955751450399477,M1,150,TS
27,152,0.9956308304875027,0.9955437477324471,M1,150,TS
27,153,0.9956235063981074,0.995508900343577,M1,150,TS
27,154,0.9956050630651984,0.995470602873337,M1,150,TS
27,155,0.9955755004887756,0.9954288553217273,M1,150,TS
27,156,0.9955348186688422,0.9953836576887508,M1,150,TS
27,157,0.9954834006625471,0.9953420161454908,M1,150,TS
27,158,0.995418425360461,0.9952895615682545,M1,150,TS
27,159,0.9953565849148365,0.9952352733790325,M1,150,TS
27,160,0.9952733097356826,0.9951762186078493,M1,150,TS
27,161,0.9952144854349595,0.995114392743804,M1,150,TS
27,162,0.9951573562046216,0.995028231139336,M1,150,TS
27,163,0.9950850316767843,0.9949481534090446,M1,150,TS
27,164,0.9949959437697586,0.9948866534356472,M1,150,TS
27,165,0.9949210350328426,0.9948357475383319,M1,150,TS
27,166,0.9948438679446346,0.9948009112995647,M1,150,TS
27,167,0.9947548564922097,0.9947751748349183,M1,150,TS
27,168,0.9946976510250903,0.994767041464231,M1,150,TS
27,169,0.9946473330066448,0.994741011867726,M1,150,TS
27,170,0.9945945152930386,0.9947178651602214,M1,150,TS
27,171,0.9945447834265342,0.9946574858638506,M1,150,TS
27,172,0.9945075395805032,0.9945681276875593,M1,150,TS
27,173,0.9944889188554943,0.9944954370518797,M1,150,TS
27,174,0.9944763021037695,0.9944279640179089,M1,150,TS
27,175,0.9944619689353607,0.994375768390296,M1,150,TS
27,176,0.9944689801054403,0.9943183781749639,M1,150,TS
27,177,0.9944851237885035,0.9942843744922392,M1,150,TS
27,178,0.9944910894255776,0.9942719059710331,M1,150,TS
27,179,0.9944799854294203,0.9942606038826888,M1,150,TS
27,180,0.9944433259927755,0.9942599017340856,M1,150,TS
27,181,0.994388699724889,0.994245283738623,M1,150,TS
27,182,0.9943523016714957,0.9942302128633538,M1,150,TS
27,183,0.9943249681714408,0.9942138945525124,M1,150,TS
27,184,0.99428351692634,0.994179019754593,M1,150,TS
27,185,0.9942383398808105,0.9941389405516615,M1,150,TS
27,186,0.9942158639706631,0.9940698317791163,M1,150,TS
27,187,0.9941856942445113,0.9940015792736047,M1,150,TS
27,188,0.9941470624534154,0.9939401782406768,M1,150,TS
27,189,0.9941038359803992,0.9938855055775955,M1,150,TS
27,190,0.9940330063469403,0.9938326785523387,M1,150,TS
27,191,0.9939755654170752,0.9937930537878565,M1,150,TS
27,192,0.993924755344659,0.9937262634202985,M1,150,TS
27,193,0.9938759374482569,0.9936381051121385,M1,150,TS
27,194,0.9938333304535465,0.9935690907891082,M1,150,TS
27,195,0.9937877818081611,0.9934754779818716,M1,150,TS
27,196,0.9937337446981204,0.9934055505888477,M1,150,TS
27,197,0.9936772647437789,0.9933384507935997,M1,150,TS
27,198,0.9936183419451339,0.9932741785961248,M1,150,TS
27,199,0.9935569763021853,0.9932127339964232,M1,150,TS
27,200,0.9934931678149332,0.9931541169944947,M1,150,TS
28,151,0.9958768271134878,0.9955434785880378,M1,150,TS
28,152,0.9958069872774017,0.9955117364029585,M1,150,TS
28,153,0.9957385062343753,0.9954762247727302,M1,150,TS
28,154,0.9956713839844086,0.995436943697353,M1,150,TS
28,155,0.9956056205275016,0.9953938931768267,M1,150,TS
28,156,0.9955412158636568,0.9953470732111541,M1,150,TS
28,157,0.9954703721703593,0.9953037025025403,M1,150,TS
28,158,0.9954017294613472,0.9952491118383716,M1,150,TS
28,159,0.9953492965457706,0.9951923526768036,M1,150,TS
28,160,0.9952887605784829,0.9951304858166798,M1,150,TS
28,161,0.9952268306544811,0.9950665048747558,M1,150,TS
28,162,0.9951706085295687,0.9949780709913316,M1,150,TS
28,163,0.9951025837892211,0.9948956367548002,M1,150,TS
28,164,0.9950259680471947,0.994831576888522,M1,150,TS
28,165,0.9949711867638683,0.9947779165854724,M1,150,TS
28,166,0.9949195165957059,0.9947401964894884,M1,150,TS
28,167,0.9948801619547997,0.9947109645636077,M1,150,TS
28,168,0.9948288282290081,0.994700458290522,M1,150,TS
28,169,0.994759286893276,0.9946726975041728,M1,150,TS
28,170,0.9946900390221152,0.9946477503910796,M1,150,TS
28,171,0.9946267177461146,0.99458547337834,M1,150,TS
28,172,0.9945784560647598,0.9944941357786021,M1,150,TS
28,173,0.9945622098053123,0.994419136013388,M1,150,TS
28,174,0.9945735190442897,0.9943488043068619,M1,150,TS
28,175,0.9946043690732354,0.9942932080520782,M1,150,TS
28,176,0.9946231319216181,0.9942332777395448,M1,150,TS
28,177,0.9946438750046789,0.9941969258112501,M1,150,TS
28,178,0.9946295992122275,0.9941827541995835,M1,150,TS
28,179,0.9945936333057059,0.9941698740979584,M1,150,TS
28,180,0.9945449739711748,0.9941672690808568,M1,150,TS
28,181,0.9944893921720652,0.9941504515898036,M1,150,TS
28,182,0.9944399381823597,0.9941334922371351,M1,150,TS
28,183,0.9944161321713652,0.9941148699314386,M1,150,TS
28,184,0.9943877023568948,0.9940774400000524,M1,150,TS
28,185,0.9943462800062939,0.9940350388093112,M1,150,TS
28,186,0.9943019638171833,0.9939642546686035,M1,150,TS
28,187,0.9942709067133846,0.9938937875749421,M1,150,TS
28,188,0.994239933611649,0.9938299585148589,M1,150,TS
28,189,0.9942015542194994,0.9937729346776691,M1,150,TS
28,190,0.9941377686530268,0.9937176956118288,M1,150,TS
28,191,0.9940912929380132,0.9936755646974037,M1,150,TS
28,192,0.9940443114741453,0.9936064371596598,M1,150,TS
28,193,0.9940105493736837,0.993515650331621,M1,150,TS
28,194,0.9939496478780393,0.9934448661724005,M1,150,TS
28,195,0.993885339415004,0.9933494838559966,M1,150,TS
28,196,0.9938172778179344,0.9932776765333965,M1,150,TS
28,197,0.9937457480426715,0.9932087238903967,M1,150,TS
28,198,0.9936707500892124,0.9931426259269946,M1,150,TS
28,199,0.9935922839575569,0.9930793826431904,M1,150,TS
28,200,0.9935103496477052,0.9930189940389839,M1,150,TS
29,151,0.9971053161646016,0.9971582365029822,M1,150,TS
29,152,0.9970546443879883,0.9971449641836914,M1,150,TS
29,153,0.9969999147314916,0.9971280577112998,M1,150,TS
29,154,0.9969411271951116,0.9971075170858076,M1,150,TS
29,155,0.9968782817788483,0.9970833423072147,M1,150,TS
29,156,0.9968113784827042,0.9970555333755241,M1,150,TS
29,157,0.9967248965817403,0.9970314850320164,M1,150,TS
29,158,0.9966387616759906,0.9969963008593061,M1,150,TS
29,159,0.9965665081064645,0.9969589869507971,M1,150,TS
29,160,0.9965136282181668,0.9969158680202184,M1,150,TS
29,161,0.9964645471636396,0.996870522609924,M1,150,TS
29,162,0.9964205732676059,0.9968007829623963,M1,150,TS
29,163,0.9963652681228199,0.9967370272316551,M1,150,TS
29,164,0.9963280237515837,0.996690953231329,M1,150,TS
29,165,0.9963083764024314,0.9966554010139707,M1,150,TS
29,166,0.9962999252139577,0.9966355545064263,M1,150,TS
29,167,0.9962917071015146,0.9966244811039062,M1,150,TS
29,168,0.9962900129355721,0.9966316697227713,M1,150,TS
29,169,0.9963176372464052,0.9966203891725085,M1,150,TS
29,170,0.996330514478867,0.9966123140464791,M1,150,TS
29,171,0.99633957105396,0.9965672179434538,M1,150,TS
29,172,0.9963433788354059,0.9964936103788598,M1,150,TS
29,173,0.996316399630141,0.9964378994539124,M1,150,TS
29,174,0.9962795277877291,0.9963877883003993,M1,150,TS
29,175,0.996253321792555,0.9963526655990221,M1,150,TS
29,176,0.9962191139567975,0.9963131003417633,M1,150,TS
29,177,0.9961771816583925,0.9962973276156243,M1,150,TS
29,178,0.9961279864664458,0.9963029908249826,M1,150,TS
29,179,0.9960935972765861,0.996308997969797,M1,150,TS
29,180,0.9960372576932366,0.9963254911975569,M1,150,TS
29,181,0.9959856516483765,0.9963274946300653,M1,150,TS
29,182,0.9959354462420607,0.9963294719868476,M1,150,TS
29,183,0.9958692511216817,0.9963307912580324,M1,150,TS
29,184,0.9958310565509717,0.9963124957309594,M1,150,TS
29,185,0.9957945079160518,0.9962889036402663,M1,150,TS
29,186,0.9957594622723526,0.9962368359876198,M1,150,TS
29,187,0.995720506712767,0.9961855371899111,M1,150,TS
29,188,0.9956817104654498,0.9961408477858515,M1,150,TS
29,189,0.9956372887491772,0.9961029097465499,M1,150,TS
29,190,0.9955685636190378,0.996066739629116,M1,150,TS
29,191,0.9954968102463866,0.9960441856465088,M1,150,TS
29,192,0.9954372577928832,0.9959943565295936,M1,150,TS
29,193,0.99534720467828,0.9959239784340075,M1,150,TS
29,194,0.9952711797727173,0.9958725685958695,M1,150,TS
29,195,0.9952156734143542,0.9957959610951813,M1,150,TS
29,196,0.9951853650628,0.9957421626454377,M1,150,TS
29,197,0.9951711378661893,0.9956907173069286,M1,150,TS
29,198,0.9951729918245189,0.9956416250796515,M1,150,TS
29,199,0.9951909269377889,0.9955948859636061,M1,150,TS
29,200,0.9952249432059993,0.9955504999587926,M1,150,TS
30,151,0.9786156496830348,0.9789469065524362,M1,150,TS
30,152,0.97849959995813,0.9788015088444978,M1,150,TS
30,153,0.9783824134107618,0.9786524199954306,M1,150,TS
30,154,0.9782640900409304,0.9784996400052348,M1,150,TS
30,155,0.9781446298486357,0.9783431688739104,M1,150,TS
30,156,0.9780240328338803,0.9781830066014602,M1,150,TS
30,157,0.9778889014610461,0.9780266661733191,M1,150,TS
30,158,0.9777682447260291,0.9778584599027924,M1,150,TS
30,159,0.9776605185831237,0.977688400770315,M1,150,TS
30,160,0.97753377880097,0.9775133774497682,M1,150,TS
30,161,0.9774259211339003,0.9773357692285627,M1,150,TS
30,162,0.9773195538559117,0.9771341028477463,M1,150,TS
30,163,0.9771920347440073,0.9769385952283767,M1,150,TS
30,164,0.9770537208353786,0.9767612989161559,M1,150,TS
30,165,0.976874119681151,0.9765957779252341,M1,150,TS
30,166,0.976676843904003,0.9764466239214249,M1,150,TS
30,167,0.9764800237719291,0.9763061202578621,M1,150,TS
30,168,0.9762819189345002,0.9761839471455206,M1,150,TS
30,169,0.9760779184118875,0.9760442125675579,M1,150,TS
30,170,0.9758535861728687,0.9759076146997865,M1,150,TS
30,171,0.975640084719773,0.9757342494037692,M1,150,TS
30,172,0.9754444258391946,0.9755322919194053,M1,150,TS
30,173,0.9752571500427585,0.975347136149526,M1,150,TS
30,174,0.9750693311365886,0.97516756817026,M1,150,TS
30,175,0.9748969062286892,0.9750022866039232,M1,150,TS
30,176,0.9747300921460091,0.9748320403669343,M1,150,TS
30,177,0.9745758297873253,0.974685062383502,M1,150,TS
30,178,0.9744064513106123,0.9745597306324125,M1,150,TS
30,179,0.9742581496357877,0.974434311263918,M1,150,TS
30,180,0.9741236702127505,0.9743185625785762,M1,150,TS
30,181,0.9739996481604303,0.9741886882323265,M1,150,TS
30,182,0.9738789733217553,0.9740587625821078,M1,150,TS
30,183,0.9737841247686867,0.9739273842795643,M1,150,TS
30,184,0.9736866657990332,0.9737771963626105,M1,150,TS
30,185,0.9735904989506905,0.973621254154062,M1,150,TS
30,186,0.9734797771977106,0.9734375395543328,M1,150,TS
30,187,0.9733510233290976,0.9732549317405116,M1,150,TS
30,188,0.9731987434300009,0.9730796044743928,M1,150,TS
30,189,0.9730811593001335,0.9729097929723801,M1,150,TS
30,190,0.9729794485882934,0.9727408587956888,M1,150,TS
30,191,0.9728458590800013,0.9725861070494892,M1,150,TS
30,192,0.9727194183353756,0.9724043675184062,M1,150,TS
30,193,0.9725771072263516,0.972202075228624,M1,150,TS
30,194,0.9724210447533566,0.9720189588728796,M1,150,TS
30,195,0.9722410586237553,0.9718123020914383,M1,150,TS
30,196,0.9720844632924925,0.9716281549463,M1,150,TS
30,197,0.971925259507695,0.9714467973984204,M1,150,TS
30,198,0.97176344726936,0.9712682294477968,M1,150,TS
30,199,0.9715990265774874,0.9710924510944292,M1,150,TS
30,200,0.9714319974320774,0.9709194623383176,M1,150,TS
31,151,0.9975070046684483,0.9974392957685853,M1,150,TS
31,152,0.997474092201904,0.9974183324553131,M1,150,TS
31,153,0.9974387880343855,0.9973936955587649,M1,150,TS
31,154,0.9974010921658929,0.9973653850789408,M1,150,TS
31,155,0.9973610045964262,0.9973334010158407,M1,150,TS
31,156,0.9973185253259879,0.9972977433694671,M1,150,TS
31,157,0.9972511507658179,0.9972659924657133,M1,150,TS
31,158,0.9971848111679518,0.9972231063022566,M1,150,TS
31,159,0.9971480978372742,0.9971776566330435,M1,150,TS
31,160,0.9971319010209514,0.9971263962306331,M1,150,TS
31,161,0.9971251197669797,0.9970727038105731,M1,150,TS
31,162,0.9971208142617026,0.9969945137702816,M1,150,TS
31,163,0.9970887395225201,0.9969227649739072,M1,150,TS
31,164,0.9970490605713396,0.9968694414929006,M1,150,TS
31,165,0.9970042857558397,0.996827276752172,M1,150,TS
31,166,0.9969578503880083,0.9968012440075007,M1,150,TS
31,167,0.9968884360628354,0.9967846710734618,M1,150,TS
31,168,0.9968279092851762,0.9967863150125722,M1,150,TS
31,169,0.9967573712929807,0.9967704882754802,M1,150,TS
31,170,0.9966948078549835,0.9967573355662006,M1,150,TS
31,171,0.9966349709782729,0.9967066696095499,M1,150,TS
31,172,0.996591494356329,0.996626716475603,M1,150,TS
31,173,0.9965419818218111,0.9965641795435327,M1,150,TS
31,174,0.9965113307933615,0.9965065091966792,M1,150,TS
31,175,0.9964791181183416,0.9964642249469756,M1,150,TS
31,176,0.9964635240505813,0.9964169330374527,M1,150,TS
31,177,0.9964451825759255,0.9963933910685981,M1,150,TS
31,178,0.9964224586446496,0.9963912908536644,M1,150,TS
31,179,0.9963817573715876,0.9963904757985359,M1,150,TS
31,180,0.9963609201896753,0.9963991069627499,M1,150,TS
31,181,0.9963277652487826,0.9963934841342661,M1,150,TS
31,182,0.9962946207306943,0.9963878764921421,M1,150,TS
31,183,0.9962528918134679,0.9963814921185671,M1,150,TS
31,184,0.9962236959859262,0.9963558070395692,M1,150,TS
31,185,0.9961806766368064,0.9963252226183148,M1,150,TS
31,186,0.9961562358257028,0.9962656109979596,M1,150,TS
31,187,0.9961461259271673,0.9962062758859754,M1,150,TS
31,188,0.9961059648658412,0.9961543771357718,M1,150,TS
31,189,0.9960572708541137,0.9961093736604182,M1,150,TS
31,190,0.9960122097441348,0.9960653508477779,M1,150,TS
31,191,0.9959512449869277,0.9960353621888008,M1,150,TS
31,192,0.9959146986428828,0.9959776241672565,M1,150,TS
31,193,0.9958371791458136,0.9958995354382681,M1,150,TS
31,194,0.9957720818575309,0.9958405510695348,M1,150,TS
31,195,0.9956880636310182,0.9957572091637115,M1,150,TS
31,196,0.995610149220539,0.9956973132606513,M1,150,TS
31,197,0.9955296818882626,0.9956402621256539,M1,150,TS
31,198,0.9954466616341862,0.9955860557587168,M1,150,TS
31,199,0.9953610884583096,0.99553469415984,M1,150,TS
31,200,0.9952729623606329,0.9954861773290232,M1,150,TS
32,151,0.9976372787513029,0.9973755067147537,M1,150,TS
32,152,0.9975859283782122,0.9973525915557734,M1,150,TS
32,153,0.997537759894991,0.997325860062189,M1,150,TS
32,154,0.9974927733016392,0.9972953122340007,M1,150,TS
32,155,0.9974509685981569,0.9972609480712081,M1,150,TS
32,156,0.9974123457845467,0.9972227675738142,M1,150,TS
32,157,0.9973910714903576,0.9971874144460002,M1,150,TS
32,158,0.9973645351764251,0.9971410804477561,M1,150,TS
32,159,0.9973236525734257,0.9970933141038729,M1,150,TS
32,160,0.9972787239121719,0.9970403685193188,M1,150,TS
32,161,0.9972344983995737,0.9969852069242526,M1,150,TS
32,162,0.9971726285375544,0.9969060431109253,M1,150,TS
32,163,0.9970815136859652,0.9968333632629457,M1,150,TS
32,164,0.9970228364338789,0.9967780889463578,M1,150,TS
32,165,0.9969708889751285,0.9967336720685497,M1,150,TS
32,166,0.9969182256786682,0.9967053744002714,M1,150,TS
32,167,0.9968728833104742,0.9966857698666761,M1,150,TS
32,168,0.9968603327414325,0.9966837690478985,M1,150,TS
32,169,0.9968612785135655,0.9966636894601573,M1,150,TS
32,170,0.9968686788578124,0.9966463258607129,M1,150,TS
32,171,0.9969081763848517,0.9965906598688391,M1,150,TS
32,172,0.9969420233445405,0.9965062498259413,M1,150,TS
32,173,0.9969555279992341,0.9964396427043487,M1,150,TS
32,174,0.9969494042176517,0.9963788954020893,M1,150,TS
32,175,0.9969421889585828,0.9963335305459896,M1,150,TS
32,176,0.9968777141211322,0.996285057802798,M1,150,TS
32,177,0.9968280375656302,0.9962598968703804,M1,150,TS
32,178,0.9967976306524424,0.9962555832148969,M1,150,TS
32,179,0.9967544462986647,0.9962524285148914,M1,150,TS
32,180,0.99670640641245,0.9962593618935616,M1,150,TS
32,181,0.9966986004560046,0.9962506724959714,M1,150,TS
32,182,0.9966953899063733,0.9962418818822592,M1,150,TS
32,183,0.996685822577861,0.9962322697980676,M1,150,TS
32,184,0.9966502949747469,0.9962043343415465,M1,150,TS
32,185,0.9966254627133584,0.9961708656928077,M1,150,TS
32,186,0.9965679863271613,0.9961096678727009,M1,150,TS
32,187,0.9965344708143342,0.9960484975351505,M1,150,TS
32,188,0.9964988250717449,0.9959940553855311,M1,150,TS
32,189,0.996472074794096,0.9959460670724799,M1,150,TS
32,190,0.9964329443745374,0.9958994648688972,M1,150,TS
32,191,0.9964071385563611,0.9958661565982534,M1,150,TS
32,192,0.99638051035617,0.9958057269320649,M1,150,TS
32,193,0.9963321543374705,0.9957244465259001,M1,150,TS
32,194,0.9962579876875047,0.9956632582165837,M1,150,TS
32,195,0.9961316823678599,0.9955785491037205,M1,150,TS
32,196,0.9960397422901545,0.995516575789993,M1,150,TS
32,197,0.9959416583034034,0.9954575406797979,M1,150,TS
32,198,0.9958374304076035,0.9954014437731326,M1,150,TS
32,199,0.9957270586027549,0.9953482850699972,M1,150,TS
32,200,0.9956105428888574,0.9952980645703913,M1,150,TS
33,151,0.9971866038348991,0.9972193011770537,M1,150,TS
33,152,0.9971771882546973,0.997202020509426,M1,150,TS
33,153,0.9971627874329976,0.9971811309027755,M1,150,TS
33,154,0.9971434013697998,0.9971566323571021,M1,150,TS
33,155,0.9971190300651044,0.9971285248724058,M1,150,TS
33,156,0.9970896735189142,0.9970968084486895,M1,150,TS
33,157,0.9970750525561606,0.9970679732319468,M1,150,TS
33,158,0.9970425841341679,0.9970284795400428,M1,150,TS
33,159,0.9969901285945653,0.9969877144515593,M1,150,TS
33,160,0.9969343104870382,0.9969417379830532,M1,150,TS
33,161,0.9968498712257743,0.9968943449659845,M1,150,TS
33,162,0.9967605827944513,0.9968227465521665,M1,150,TS
33,163,0.9966678050407587,0.9967569447881879,M1,150,TS
33,164,0.996574105338067,0.9967093460581425,M1,150,TS
33,165,0.996518019421148,0.9966717748533181,M1,150,TS
33,166,0.9965124608595439,0.996648934251803,M1,150,TS
33,167,0.9965141825532565,0.9966347197690443,M1,150,TS
33,168,0.9965348749456002,0.9966384535440085,M1,150,TS
33,169,0.9965777630163406,0.9966238949883776,M1,150,TS
33,170,0.9966255238746355,0.996612058883174,M1,150,TS
33,171,0.996656957677011,0.9965633956061133,M1,150,TS
33,172,0.9966550091253424,0.9964868581422693,M1,150,TS
33,173,0.9966137619288136,0.9964284992239286,M1,150,TS
33,174,0.9965502000997162,0.9963760616994213,M1,150,TS
33,175,0.9964746392831506,0.9963392283472289,M1,150,TS
33,176,0.9964297188078007,0.9962969863742511,M1,150,TS
33,177,0.9963524304473172,0.9962792050583248,M1,150,TS
33,178,0.9963035782007477,0.9962819728275358,M1,150,TS
33,179,0.9962833687753415,0.9962847672343458,M1,150,TS
33,180,0.996263535279786,0.9962974875538141,M1,150,TS
33,181,0.9962624508250876,0.9962952778963322,M1,150,TS
33,182,0.9962451407180266,0.9962934967018123,M1,150,TS
33,183,0.9962085193003893,0.9962911708392264,M1,150,TS
33,184,0.9961343369655,0.9962708829628415,M1,150,TS
33,185,0.9960713222389226,0.9962450536125094,M1,150,TS
33,186,0.9959977556922955,0.9961910153978729,M1,150,TS
33,187,0.9959310026846178,0.9961374594132417,M1,150,TS
33,188,0.9958913374269002,0.9960898397116787,M1,150,TS
33,189,0.9958676527629517,0.9960484432669335,M1,150,TS
33,190,0.9958287970002899,0.9960085534121759,M1,150,TS
33,191,0.9958101939978872,0.9959817156701943,M1,150,TS
33,192,0.9957553463743947,0.99592878416308,M1,150,TS
33,193,0.9956676125809258,0.9958553387115999,M1,150,TS
33,194,0.9955510426928489,0.9958020033627685,M1,150,TS
33,195,0.9954382903886538,0.995723830551883,M1,150,TS
33,196,0.9953639686455392,0.9956681825163508,M1,150,TS
33,197,0.9952958060850953,0.9956151473545128,M1,150,TS
33,198,0.995233802707319,0.9955647250663666,M1,150,TS
33,199,0.9951779585122102,0.995516915651912,M1,150,TS
33,200,0.9951282734997692,0.995471719111149,M1,150,TS
34,151,0.9966019173591216,0.9963904424712504,M1,150,TS
34,152,0.9965375109004615,0.9963552903699803,M1,150,TS
34,153,0.9964763859472371,0.9963163218448684,M1,150,TS
34,154,0.9964185424994484,0.9962735368959149,M1,150,TS
34,155,0.9963639805570954,0.9962269355231197,M1,150,TS
34,156,0.9963127001201811,0.9961765177264856,M1,150,TS
34,157,0.9962666149512827,0.9961292566094433,M1,150,TS
34,158,0.9962313772546405,0.9960705752243771,M1,150,TS
34,159,0.9961944141671855,0.9960101533273997,M1,150,TS
34,160,0.9961536486065649,0.9959445384014857,M1,150,TS
34,161,0.9961014414646291,0.9958770104295404,M1,150,TS
34,162,0.9960531997214542,0.9957849118296023,M1,150,TS
34,163,0.9959737831291746,0.9956993446531144,M1,150,TS
34,164,0.9958895801595637,0.9956321371309851,M1,150,TS
34,165,0.9958105437270061,0.9955758129249891,M1,150,TS
34,166,0.9957351350167742,0.9955355057648053,M1,150,TS
34,167,0.9956700869728872,0.9955038227893719,M1,150,TS
34,168,0.9956347533603704,0.9954898141955918,M1,150,TS
34,169,0.9956246217533973,0.9954574258061769,M1,150,TS
34,170,0.9956381439208416,0.9954273038807693,M1,150,TS
34,171,0.9956591928566096,0.9953595012717339,M1,150,TS
34,172,0.9956785063282084,0.9952628551302772,M1,150,TS
34,173,0.9956721182871628,0.9951841698079233,M1,150,TS
34,174,0.9956474420670414,0.9951113283284797,M1,150,TS
34,175,0.9956137090233086,0.995054047715776,M1,150,TS
34,176,0.9955610584346923,0.9949926702457341,M1,150,TS
34,177,0.9955001619276789,0.9949552119400432,M1,150,TS
34,178,0.9954384586761857,0.9949391309276293,M1,150,TS
34,179,0.9953924389841059,0.9949234774866517,M1,150,TS
34,180,0.9953774793924586,0.994917005231195,M1,150,TS
34,181,0.995351102307958,0.9948962404884669,M1,150,TS
34,182,0.9953200941072107,0.9948756147450927,M1,150,TS
34,183,0.9952827946572366,0.9948542021989596,M1,150,TS
34,184,0.9952469365732137,0.9948137498219978,M1,150,TS
34,185,0.9952154748524293,0.9947678920968624,M1,150,TS
34,186,0.9951500523424563,0.9946943352437174,M1,150,TS
34,187,0.9950793958477373,0.994621550645732,M1,150,TS
34,188,0.9949994423017487,0.9945556910392571,M1,150,TS
34,189,0.9949363986368576,0.9944960794167272,M1,150,TS
34,190,0.9948937771697592,0.994437010838454,M1,150,TS
34,191,0.9948373823582575,0.9943919326003988,M1,150,TS
34,192,0.9947845605225776,0.9943196032171757,M1,150,TS
34,193,0.9947197686923281,0.9942261864887617,M1,150,TS
34,194,0.9946657853548242,0.9941518973262073,M1,150,TS
34,195,0.9946061635654042,0.9940528983326227,M1,150,TS
34,196,0.9945227695739276,0.9939781298786597,M1,150,TS
34,197,0.9944266437355376,0.9939064669389592,M1,150,TS
34,198,0.9943177860502315,0.9938379095135185,M1,150,TS
34,199,0.9941961965180095,0.9937724576023375,M1,150,TS
34,200,0.9940618751388715,0.9937101112054163,M1,150,TS
35,151,0.9708355022098698,0.9715428557723012,M1,150,TS
35,152,0.9706232971273814,0.9713285466272504,M1,150,TS
35,153,0.9704123482237726,0.9711104531871059,M1,150,TS
35,154,0.9702026554990436,0.9708885754518672,M1,150,TS
35,155,0.9699942189531942,0.9706629134215348,M1,150,TS
35,156,0.9697870385862275,0.970433467096111,M1,150,TS
35,157,0.9696018384489045,0.970207716552002,M1,150,TS
35,158,0.9694066902960077,0.9699688369945062,M1,150,TS
35,159,0.9691907774375861,0.9697299365150716,M1,150,TS
35,160,0.9689591770683395,0.9694856978059815,M1,150,TS
35,161,0.9687235971385736,0.9692394434615933,M1,150,TS
35,162,0.9684909954576939,0.9689687220781782,M1,150,TS
35,163,0.9682610436433141,0.9687036212541222,M1,150,TS
35,164,0.9680052315499246,0.968457084808892,M1,150,TS
35,165,0.9677421144430958,0.9682208857949582,M1,150,TS
35,166,0.9674688810330241,0.9680008457159662,M1,150,TS
35,167,0.9672224793203906,0.9677890237840773,M1,150,TS
35,168,0.9669587291419212,0.9675960095327251,M1,150,TS
35,169,0.9667118424950825,0.9673841590039164,M1,150,TS
35,170,0.9664732953879875,0.967174186675166,M1,150,TS
35,171,0.9662483939751392,0.9669280256247034,M1,150,TS
35,172,0.9660367604950058,0.9666539065020867,M1,150,TS
35,173,0.9658361031352474,0.9663963612985884,M1,150,TS
35,174,0.9657179820200885,0.9661426971597981,M1,150,TS
35,175,0.965398903063109,0.9659098969907406,M1,150,TS
35,176,0.9651107695513601,0.9656698273238206,M1,150,TS
35,177,0.9648586894584708,0.9654527941974718,M1,150,TS
35,178,0.9646059517150842,0.9652577301010943,M1,150,TS
35,179,0.9643882166997789,0.9650611864665392,M1,150,TS
35,180,0.9641961006035364,0.9648743961282754,M1,150,TS
35,181,0.9640272715349796,0.9646739145052424,M1,150,TS
35,182,0.9638750604309148,0.9644732122078503,M1,150,TS
35,183,0.9637616535848109,0.9642708469488757,M1,150,TS
35,184,0.9636730702771008,0.9640486815460573,M1,150,TS
35,185,0.9633928104139688,0.9638260554644689,M1,150,TS
35,186,0.9632178864531746,0.9635707993359391,M1,150,TS
35,187,0.9630336907275205,0.9633172052101664,M1,150,TS
35,188,0.9628495860100664,0.9630706773177667,M1,150,TS
35,189,0.9626592852063421,0.9628303861209213,M1,150,TS
35,190,0.9624863981906412,0.9625914332181547,M1,150,TS
35,191,0.9622996622069035,0.9623663625715595,M1,150,TS
35,192,0.962078092225616,0.9621154092437622,M1,150,TS
35,193,0.9618665865112527,0.961843153756628,M1,150,TS
35,194,0.9616412548576915,0.9615892683817441,M1,150,TS
35,195,0.9614358471356016,0.961310930735112,M1,150,TS
35,196,0.961201517627503,0.961056480293498,M1,150,TS
35,197,0.9609579285332599,0.9608049238986954,M1,150,TS
35,198,0.9607050798528697,0.9605562615507018,M1,150,TS
35,199,0.9604429715863324,0.9603104932495173,M1,150,TS
35,200,0.960171603733648,0.9600676189951416,M1,150,TS
36,151,0.997249712584255,0.9973674125290816,M1,150,TS
36,152,0.9972154172762042,0.9973443364699195,M1,150,TS
36,153,0.9971789995152929,0.9973175799200723,M1,150,TS
36,154,0.997140459301521,0.9972871428795397,M1,150,TS
36,155,0.9970997966348885,0.9972530253483218,M1,150,TS
36,156,0.9970570115153978,0.9972152273264214,M1,150,TS
36,157,0.9970046579680047,0.9971809449257059,M1,150,TS
36,158,0.9969686482206144,0.9971351248922238,M1,150,TS
36,159,0.9969200563535524,0.9970878339372594,M1,150,TS
36,160,0.9968715066573071,0.9970352524966304,M1,150,TS
36,161,0.9968318000074382,0.9969802619460332,M1,150,TS
36,162,0.9967904456524606,0.9969009049707208,M1,150,TS
36,163,0.9967450065973904,0.9968273748990841,M1,150,TS
36,164,0.9967075419568214,0.9967718554973316,M1,150,TS
36,165,0.9966555579475133,0.9967277232891699,M1,150,TS
36,166,0.9966267509321522,0.9966990718507484,M1,150,TS
36,167,0.9966098276094819,0.9966789723350584,M1,150,TS
36,168,0.9966018768888933,0.9966770824828277,M1,150,TS
36,169,0.9966004306907286,0.996657299790836,M1,150,TS
36,170,0.9966146833399203,0.9966399825143035,M1,150,TS
36,171,0.9966077477621891,0.9965858177043975,M1,150,TS
36,172,0.9965977539307403,0.9965029020951625,M1,150,TS
36,173,0.9965661319046721,0.9964377810150999,M1,150,TS
36,174,0.9965214777919699,0.9963783488711755,M1,150,TS
36,175,0.9964777629581296,0.9963342190622183,M1,150,TS
36,176,0.996440912402908,0.996285319640652,M1,150,TS
36,177,0.9964186146922284,0.9962597155956711,M1,150,TS
36,178,0.9963857116732568,0.996255702883683,M1,150,TS
36,179,0.9963546063483819,0.9962524506030445,M1,150,TS
36,180,0.9963288634558722,0.9962590148870757,M1,150,TS
36,181,0.9962965688704892,0.9962512121353035,M1,150,TS
36,182,0.9962635886832707,0.9962434420603982,M1,150,TS
36,183,0.9962031674673537,0.9962353751197184,M1,150,TS
36,184,0.9961471767957017,0.996208226991787,M1,150,TS
36,185,0.9960972067689576,0.9961756624898054,M1,150,TS
36,186,0.9960463413731708,0.9961145884648881,M1,150,TS
36,187,0.9960026784920379,0.9960539773914012,M1,150,TS
36,188,0.9959544592063156,0.996000142637867,M1,150,TS
36,189,0.9959250300627196,0.9959524902383986,M1,150,TS
36,190,0.9958922274711572,0.9959060098196981,M1,150,TS
36,191,0.9958293886066625,0.9958739111908521,M1,150,TS
36,192,0.995765335483495,0.995814743944869,M1,150,TS
36,193,0.9957003148226707,0.9957342142660642,M1,150,TS
36,194,0.995627391698584,0.9956732887045784,M1,150,TS
36,195,0.9955403124399587,0.9955879133228488,M1,150,TS
36,196,0.9954805586967708,0.9955254155005552,M1,150,TS
36,197,0.9954264714940575,0.995465548940264,M1,150,TS
36,198,0.9953780508318164,0.9954083136419726,M1,150,TS
36,199,0.9953352967100472,0.9953537096056808,M1,150,TS
36,200,0.99529820912875,0.9953017368313889,M1,150,TS
37,151,0.9965019333152146,0.9964046406788556,M1,150,TS
37,152,0.9964694571575795,0.9963750586978204,M1,150,TS
37,153,0.9964398339062805,0.9963416695753564,M1,150,TS
37,154,0.9964130635613178,0.9963044733114639,M1,150,TS
37,155,0.996389146122691,0.9962634699061426,M1,150,TS
37,156,0.9963680815904032,0.9962186593593956,M1,150,TS
37,157,0.9963490586328874,0.9961770748793576,M1,150,TS
37,158,0.9963269375888311,0.9961244306175479,M1,150,TS
37,159,0.9963303170404907,0.9960693582734527,M1,150,TS
37,160,0.9963080238439647,0.9960096432281299,M1,150,TS
37,161,0.9962673245878804,0.9959482267860365,M1,150,TS
37,162,0.9962214526435222,0.9958625695247186,M1,150,TS
37,163,0.9961879055001555,0.9957823094415077,M1,150,TS
37,164,0.9961306701770047,0.9957208474425181,M1,150,TS
37,165,0.9960900900021823,0.9956699500593048,M1,150,TS
37,166,0.9960432487407358,0.9956352690454204,M1,150,TS
37,167,0.9959854509066499,0.9956097068083857,M1,150,TS
37,168,0.9959160561365994,0.9956028704290066,M1,150,TS
37,169,0.9958569802074928,0.9955780464145145,M1,150,TS
37,170,0.9957662455489219,0.9955568819832714,M1,150,TS
37,171,0.9956880683713041,0.995498082021002,M1,150,TS
37,172,0.9956080782198464,0.9954105574188266,M1,150,TS
37,173,0.9955606775176998,0.9953394125185976,M1,150,TS
37,174,0.9955120785466457,0.9952736639207878,M1,150,TS
37,175,0.9954808803524499,0.9952227570469917,M1,150,TS
37,176,0.9954506177027564,0.9951672146146452,M1,150,TS
37,177,0.9954183536983681,0.9951353796352563,M1,150,TS
37,178,0.9953932966323247,0.9951246682151469,M1,150,TS
37,179,0.9953923610878223,0.9951141203536708,M1,150,TS
37,180,0.9953868675599784,0.9951136442291836,M1,150,TS
37,181,0.9953917461635877,0.9950984222638499,M1,150,TS
37,182,0.9953901312199135,0.9950833816404442,M1,150,TS
37,183,0.9953922860863642,0.9950672497913763,M1,150,TS
37,184,0.9953880099067464,0.9950323286589663,M1,150,TS
37,185,0.9953666373421521,0.9949925604465587,M1,150,TS
37,186,0.9953484354532294,0.9949242074739615,M1,150,TS
37,187,0.9953073394789067,0.9948570896999943,M1,150,TS
37,188,0.995273999357108,0.9947964283852673,M1,150,TS
37,189,0.9952529182455478,0.9947420992650204,M1,150,TS
37,190,0.9952391298196135,0.9946886857772158,M1,150,TS
37,191,0.9952192158360047,0.9946490187562917,M1,150,TS
37,192,0.9951923431644915,0.9945824594569741,M1,150,TS
37,193,0.9951508934552221,0.9944949146616786,M1,150,TS
37,194,0.9951104389407375,0.9944267063219631,M1,150,TS
37,195,0.9950618088287271,0.994333943228431,M1,150,TS
37,196,0.9950154554714992,0.994264663077367,M1,150,TS
37,197,0.9949659312192999,0.9941982363858596,M1,150,TS
37,198,0.9949132360721268,0.9941346631539056,M1,150,TS
37,199,0.9948573700299796,0.9940739433815055,M1,150,TS
37,200,0.9947983330928587,0.9940160770686592,M1,150,TS
38,151,0.9957616051958313,0.9956123100898255,M1,150,TS
38,152,0.9957314885866928,0.9955787470352118,M1,150,TS
38,153,0.9956977925023123,0.9955415415896259,M1,150,TS
38,154,0.9956605169426898,0.9955006937530679,M1,150,TS
38,155,0.9956196619078251,0.9954562035255378,M1,150,TS
38,156,0.9955752273977213,0.9954080709070383,M1,150,TS
38,157,0.995517725820833,0.9953635576872476,M1,150,TS
38,158,0.9954758179475978,0.9953074860876076,M1,150,TS
38,159,0.9954175219782051,0.9952500760304722,M1,150,TS
38,160,0.9953551016070327,0.995187460463882,M1,150,TS
38,161,0.9952977811612724,0.9951225552284172,M1,150,TS
38,162,0.995246280565976,0.995033168973127,M1,150,TS
38,163,0.9951586356592749,0.9949504110060825,M1,150,TS
38,164,0.9951154528594421,0.9948846808652497,M1,150,TS
38,165,0.9950728276894184,0.9948299047598954,M1,150,TS
38,166,0.995010355410051,0.9947916712288989,M1,150,TS
38,167,0.9949492371241941,0.9947622203685165,M1,150,TS
38,168,0.99489873483081,0.9947509183682652,M1,150,TS
38,169,0.9948311133460985,0.9947223326034499,M1,150,TS
38,170,0.9947797067112059,0.9946961611460642,M1,150,TS
38,171,0.9947423196694258,0.9946324033983224,M1,150,TS
38,172,0.9947108050433706,0.994539786988598,M1,150,TS
38,173,0.9946636353875244,0.9944647530184053,M1,150,TS
38,174,0.994657435315007,0.9943940437347235,M1,150,TS
38,175,0.9946163200821012,0.9943394792860971,M1,150,TS
38,176,0.9945635421509662,0.9942805806019284,M1,150,TS
38,177,0.9945123286934071,0.9942452828284686,M1,150,TS
38,178,0.994482655603657,0.9942307267285871,M1,150,TS
38,179,0.9944475380670142,0.9942170612709097,M1,150,TS
38,180,0.9944229988510738,0.9942130785977132,M1,150,TS
38,181,0.9944114191621523,0.994194342616694,M1,150,TS
38,182,0.9944013437157788,0.9941755839168179,M1,150,TS
38,183,0.9943943144262715,0.9941557511936486,M1,150,TS
38,184,0.9943870807893128,0.9941169857948341,M1,150,TS
38,185,0.9943619197701409,0.9940733770681971,M1,150,TS
38,186,0.9943227201029492,0.9940016542749512,M1,150,TS
38,187,0.994280183636803,0.993930670355863,M1,150,TS
38,188,0.9942522730164449,0.9938659590549295,M1,150,TS
38,189,0.9942057797002883,0.9938083498842095,M1,150,TS
38,190,0.9941749225780376,0.9937514624830424,M1,150,TS
38,191,0.994129637167771,0.9937085099334714,M1,150,TS
38,192,0.9940975782722441,0.9936381853151718,M1,150,TS
38,193,0.9940748424827945,0.9935462903101916,M1,150,TS
38,194,0.9940430654684789,0.9934739493085795,M1,150,TS
38,195,0.9940006965541017,0.9933771675855029,M1,150,TS
38,196,0.9939635377769642,0.9933037533279041,M1,150,TS
38,197,0.9939239104037666,0.9932331701379028,M1,150,TS
38,198,0.9938818144345062,0.9931654180154966,M1,150,TS
38,199,0.9938372498691831,0.9931004969606851,M1,150,TS
38,200,0.9937902167077972,0.9930384069734686,M1,150,TS
39,151,0.9963574403415492,0.9962621957883032,M1,150,TS
39,152,0.996353290468323,0.9962320191294763,M1,150,TS
39,153,0.9963444413085677,0.9961982285102295,M1,150,TS
39,154,0.9963308928622834,0.9961608239305629,M1,150,TS
39,155,0.9963126451294702,0.9961198053904764,M1,150,TS
39,156,0.9962896981101308,0.9960751728899728,M1,150,TS
39,157,0.9962768814564616,0.9960335599046524,M1,150,TS
39,158,0.9962295965129782,0.995981686921263,M1,150,TS
39,159,0.9961887871727668,0.9959278760417701,M1,150,TS
39,160,0.9961388330502872,0.9958689969245357,M1,150,TS
39,161,0.9960731172070513,0.9958083532340638,M1,150,TS
39,162,0.9960101213009693,0.9957232779395385,M1,150,TS
39,163,0.9959407775621505,0.995644075325233,M1,150,TS
39,164,0.995878287487367,0.9955828828109439,M1,150,TS
39,165,0.9958217094252739,0.9955325251093979,M1,150,TS
39,166,0.9957802971131517,0.9954978289598851,M1,150,TS
39,167,0.9957491206649087,0.9954717032479873,M1,150,TS
39,168,0.9956819899380198,0.9954649264387958,M1,150,TS
39,169,0.9956358415834612,0.995439888617077,M1,150,TS
39,170,0.9955743813304425,0.9954180877424897,M1,150,TS
39,171,0.9955257329178193,0.9953586674709983,M1,150,TS
39,172,0.9954619622934731,0.9952708792695861,M1,150,TS
39,173,0.9953932725035084,0.9952004213652185,M1,150,TS
39,174,0.9953317442083038,0.9951351467195434,M1,150,TS
39,175,0.9952782396401894,0.995084946207932,M1,150,TS
39,176,0.9952585564141607,0.995029261994239,M1,150,TS
39,177,0.9952490913304128,0.9949969676585636,M1,150,TS
39,178,0.9952389070998324,0.9949859953362256,M1,150,TS
39,179,0.9952445850123981,0.9949753897315644,M1,150,TS
39,180,0.995240531360887,0.9949749873290946,M1,150,TS
39,181,0.9952654081091292,0.9949593782145706,M1,150,TS
39,182,0.9952754394088805,0.9949441647499069,M1,150,TS
39,183,0.9952528450274649,0.9949287895446532,M1,150,TS
39,184,0.9952040294629767,0.9948951367063238,M1,150,TS
39,185,0.9951497904330678,0.9948563358026673,M1,150,TS
39,186,0.9951076198115687,0.9947887294229811,M1,150,TS
39,187,0.9950651776776813,0.9947217809029458,M1,150,TS
39,188,0.9950292632179354,0.9946613173543393,M1,150,TS
39,189,0.9949990144187859,0.9946073496045144,M1,150,TS
39,190,0.994984468705969,0.994554087337943,M1,150,TS
39,191,0.9949674942590508,0.9945144706456708,M1,150,TS
39,192,0.9949598776911504,0.9944475547055394,M1,150,TS
39,193,0.9949086887452074,0.994360401968954,M1,150,TS
39,194,0.9948566434741339,0.9942926243982859,M1,150,TS
39,195,0.994799861941839,0.9942002168553918,M1,150,TS
39,196,0.9947478343048466,0.9941312185613687,M1,150,TS
39,197,0.9946936752627935,0.994065046106811,M1,150,TS
39,198,0.9946373848156764,0.994001699491716,M1,150,TS
39,199,0.9945789629634956,0.9939411787160837,M1,150,TS
39,200,0.9945184097062508,0.993883483779914,M1,150,TS
40,151,0.9953831006663316,0.9952215570834302,M1,150,TS
40,152,0.9953330774859964,0.9951892130296712,M1,150,TS
40,153,0.9952835404600852,0.9951531218162507,M1,150,TS
40,154,0.9952344895885978,0.995113283443169,M1,150,TS
40,155,0.9951859248715346,0.9950696979104257,M1,150,TS
40,156,0.9951378463088982,0.9950223652180237,M1,150,TS
40,157,0.9950805073396478,0.9949785549485978,M1,150,TS
40,158,0.9950541152203669,0.9949227837121097,M1,150,TS
40,159,0.9950151151740124,0.9948655866482945,M1,150,TS
40,160,0.9949616579676177,0.9948034421625662,M1,150,TS
40,161,0.9948982699801885,0.9947394065759676,M1,150,TS
40,162,0.9948320701212855,0.9946511486074198,M1,150,TS
40,163,0.9947711537851458,0.9945684493930114,M1,150,TS
40,164,0.9947117690991782,0.9945038582176243,M1,150,TS
40,165,0.9946437156116984,0.9944504432023912,M1,150,TS
40,166,0.9946040810590954,0.9944123128934673,M1,150,TS
40,167,0.9945404469175276,0.9943835955976174,M1,150,TS
40,168,0.994489273450111,0.9943729754603156,M1,150,TS
40,169,0.9944087959918204,0.9943453857658198,M1,150,TS
40,170,0.9943606159345549,0.9943197843894787,M1,150,TS
40,171,0.9943027934482462,0.994257276866948,M1,150,TS
40,172,0.9942370243590861,0.9941663159237255,M1,150,TS
40,173,0.9941864603429431,0.9940921135944487,M1,150,TS
40,174,0.9941424189719154,0.9940231199221452,M1,150,TS
40,175,0.994084045935502,0.9939697217487103,M1,150,TS
40,176,0.9940442907234149,0.9939111964094896,M1,150,TS
40,177,0.99398300185936,0.9938768470650763,M1,150,TS
40,178,0.9939455653313475,0.9938631637893183,M1,150,TS
40,179,0.993897883736213,0.9938504704132199,M1,150,TS
40,180,0.9938809764633703,0.993846936416329,M1,150,TS
40,181,0.993867412710985,0.9938289427838417,M1,150,TS
40,182,0.9938378210274617,0.993811375317846,M1,150,TS
40,183,0.9938169330905469,0.993792576878623,M1,150,TS
40,184,0.9937849614041945,0.9937551416787916,M1,150,TS
40,185,0.9937531358718621,0.9937123956076428,M1,150,TS
40,186,0.9937016437227479,0.9936417047528676,M1,150,TS
40,187,0.9936343383680255,0.9935720779598695,M1,150,TS
40,188,0.9935834721537211,0.9935086670624012,M1,150,TS
40,189,0.9935213380139362,0.9934521548894896,M1,150,TS
40,190,0.9934801304924306,0.9933962451430102,M1,150,TS
40,191,0.993460688711081,0.9933533226002327,M1,150,TS
40,192,0.9934348858232696,0.9932835648412252,M1,150,TS
40,193,0.9934229719629553,0.9931921372976784,M1,150,TS
40,194,0.9934009596290998,0.9931202658333339,M1,150,TS
40,195,0.9933829130142435,0.9930236211326509,M1,150,TS
40,196,0.9933333345816867,0.9929512523328526,M1,150,TS
40,197,0.9932680833832516,0.9928820499089368,M1,150,TS
40,198,0.9931871594189354,0.9928160138609008,M1,150,TS
40,199,0.9930905626887382,0.9927531441887446,M1,150,TS
40,200,0.99297829319266,0.992693440892468,M1,150,TS
41,151,0.951598607292844,0.9487611461482628,M1,150,TS
41,152,0.9515839731665083,0.9494262195149277,M1,150,TS
41,153,0.9515642639722455,0.9499746002966238,M1,150,TS
41,154,0.9515394797100556,0.950406288493353,M1,150,TS
41,155,0.9515096203799385,0.9507212841051165,M1,150,TS
41,156,0.951474685981897,0.9509195871319107,M1,150,TS
41,157,0.9514467482045401,0.9508539298167142,M1,150,TS
41,158,0.9513977172622143,0.9501177819505624,M1,150,TS
41,159,0.9513393239905696,0.9503195039760054,M1,150,TS
41,160,0.9512718178510781,0.9497277702718087,M1,150,TS
41,161,0.9512134525564208,0.95109912316304,M1,150,TS
41,162,0.9511601214239438,0.9578185154328456,M1,150,TS
41,163,0.9511114946643091,0.9634305191095407,M1,150,TS
41,164,0.9510459066440382,0.9663970301737896,M1,150,TS
41,165,0.950970647487851,0.9676918396433257,M1,150,TS
41,166,0.9508948783874822,0.9659896477662997,M1,150,TS
41,167,0.9508373543099728,0.9614884690979089,M1,150,TS
41,168,0.9507653222569077,0.9565593101037858,M1,150,TS
41,169,0.9506997511923869,0.9519065449749249,M1,150,TS
41,170,0.9506518323353155,0.9456002771741115,M1,150,TS
41,171,0.9506133336690601,0.9494945833265016,M1,150,TS
41,172,0.9505766312525721,0.9602792759597721,M1,150,TS
41,173,0.950528812222479,0.9662151520123249,M1,150,TS
41,174,0.9504990071931514,0.9720007286458417,M1,150,TS
41,175,0.9504861710545475,0.9752531984094382,M1,150,TS
41,176,0.9504689781359765,0.9762983774376821,M1,150,TS
41,177,0.9504820488997714,0.9747087560603406,M1,150,TS
41,178,0.9504747038808106,0.9706440698056752,M1,150,TS
41,179,0.9504855617072812,0.9633709481722272,M1,150,TS
41,180,0.9504894859036759,0.9550584169363332,M1,150,TS
41,181,0.9504787474032959,0.9530478656914366,M1,150,TS
41,182,0.9504419826744268,0.950929943166516,M1,150,TS
41,183,0.9503949639557345,0.9465511640595659,M1,150,TS
41,184,0.9503490039116838,0.944716399466157,M1,150,TS
41,185,0.9503129665844903,0.9429331783637825,M1,150,TS
41,186,0.9502840169727509,0.9445792968073845,M1,150,TS
41,187,0.9502640236001179,0.9470549978133059,M1,150,TS
41,188,0.9502380497225067,0.9479172088648189,M1,150,TS
41,189,0.9502292473568318,0.9466074128911507,M1,150,TS
41,190,0.950223016966488,0.9475529514170431,M1,150,TS
41,191,0.9501915820656899,0.9457452194446938,M1,150,TS
41,192,0.950149381323365,0.9490675179640596,M1,150,TS
41,193,0.9501026633572887,0.9545498634109003,M1,150,TS
41,194,0.9500487101607329,0.9570066952950067,M1,150,TS
41,195,0.9499903168890882,0.9648466628580719,M1,150,TS
41,196,0.9499352707248835,0.9681127953212669,M1,150,TS
41,197,0.9498770387872002,0.9709567694624501,M1,150,TS
41,198,0.9498156210760353,0.9733785852816165,M1,150,TS
41,199,0.9497510175913891,0.9753782427787655,M1,150,TS
41,200,0.9496832283332616,0.9769557419538996,M1,150,TS
42,151,0.99757989857869,0.9973900275255686,M1,150,TS
42,152,0.9975462598566585,0.9973724750907926,M1,150,TS
42,153,0.9975156454538209,0.9973511089418114,M1,150,TS
42,154,0.9974880553701774,0.9973259290786247,M1,150,TS
42,155,0.9974634896057281,0.9972969355012328,M1,150,TS
42,156,0.9974419481604756,0.9972641282096383,M1,150,TS
42,157,0.9974312305921538,0.9972343038675437,M1,150,TS
42,158,0.9974194423318247,0.9971933954672105,M1,150,TS
42,159,0.9974001624871094,0.9971508884281879,M1,150,TS
42,160,0.9973858136495678,0.9971029615853174,M1,150,TS
42,161,0.9973546936071599,0.997053303438558,M1,150,TS
42,162,0.9973143402315453,0.9969795333205242,M1,150,TS
42,163,0.9972663005607596,0.9969116707847647,M1,150,TS
42,164,0.9972202464618987,0.996861945369799,M1,150,TS
42,165,0.9971659158507991,0.9968234333997185,M1,150,TS
42,166,0.9971147069142859,0.9968008824399008,M1,150,TS
42,167,0.9970557866918204,0.9967873523458701,M1,150,TS
42,168,0.9969984693563547,0.9967922170729298,M1,150,TS
42,169,0.9969491497229295,0.9967791578645286,M1,150,TS
42,170,0.9969111539559186,0.9967686634940073,M1,150,TS
42,171,0.9968719019131828,0.9967209166095752,M1,150,TS
42,172,0.9968279965869158,0.9966445308358347,M1,150,TS
42,173,0.9967884559549807,0.9965852173255452,M1,150,TS
42,174,0.9967488281812765,0.9965312524303316,M1,150,TS
42,175,0.9967198775560213,0.996492317139059,M1,150,TS
42,176,0.996718326606385,0.9964480711280982,M1,150,TS
42,177,0.996699766930802,0.9964278955113473,M1,150,TS
42,178,0.9967114658762508,0.9964282325114414,M1,150,TS
42,179,0.996727276783171,0.9964292421865013,M1,150,TS
42,180,0.996748604350798,0.9964400485408551,M1,150,TS
42,181,0.9967731807200313,0.9964363001339107,M1,150,TS
42,182,0.9967871436129807,0.9964328343450232,M1,150,TS
42,183,0.9967864336574725,0.9964287110216435,M1,150,TS
42,184,0.9967584911386154,0.9964063493857818,M1,150,TS
42,185,0.9967211147083654,0.9963789757744074,M1,150,TS
42,186,0.9966927043186147,0.996322883293231,M1,150,TS
42,187,0.9966372730265697,0.9962681364541284,M1,150,TS
42,188,0.9966047956587549,0.996219440321741,M1,150,TS
42,189,0.9965681548267282,0.9961774934622639,M1,150,TS
42,190,0.9965445048549029,0.9961363201928691,M1,150,TS
42,191,0.9965261181589904,0.9961085948468035,M1,150,TS
42,192,0.9965048470922608,0.9960538990132588,M1,150,TS
42,193,0.9964705106276074,0.9959781712053513,M1,150,TS
42,194,0.9964201763684499,0.9959222324488198,M1,150,TS
42,195,0.9963742570024985,0.9958414223247065,M1,150,TS
42,196,0.9963463869351741,0.9957836794638694,M1,150,TS
42,197,0.9963246435209412,0.9957285526363184,M1,150,TS
42,198,0.9963090267597973,0.9956760418420507,M1,150,TS
42,199,0.9962995366517422,0.9956261470810666,M1,150,TS
42,200,0.9962961731967761,0.9955788683533656,M1,150,TS
43,151,0.9961857864162412,0.9962296171971246,M1,150,TS
43,152,0.9961559166349873,0.9961995971060762,M1,150,TS
43,153,0.9961297575769555,0.9961657478275485,M1,150,TS
43,154,0.996107309242146,0.9961280693615412,M1,150,TS
43,155,0.9960885716305586,0.9960865617080544,M1,150,TS
43,156,0.9960735447421964,0.9960412248670909,M1,150,TS
43,157,0.9960720122593936,0.9959988216662503,M1,150,TS
43,158,0.9960836243690672,0.9959449393980182,M1,150,TS
43,159,0.9960619811807265,0.9958901364123716,M1,150,TS
43,160,0.9960218597479154,0.9958305040302878,M1,150,TS
43,161,0.9959999472167995,0.9957682369000433,M1,150,TS
43,162,0.9959715343250259,0.9956817739664622,M1,150,TS
43,163,0.9959399074978158,0.9956011034961973,M1,150,TS
43,164,0.9959169960707778,0.9955383956050944,M1,150,TS
43,165,0.9958850648751474,0.9954869046088534,M1,150,TS
43,166,0.9958847806797252,0.9954506537070756,M1,150,TS
43,167,0.9958628838879813,0.995423788828829,M1,150,TS
43,168,0.9958277374268263,0.9954156904794298,M1,150,TS
43,169,0.9957771734748619,0.9953902636754386,M1,150,TS
43,170,0.9957192871679925,0.9953678690356554,M1,150,TS
43,171,0.9956503981533334,0.9953084639601352,M1,150,TS
43,172,0.9955854614945099,0.9952202021520788,M1,150,TS
43,173,0.9955199593266988,0.9951491597052784,M1,150,TS
43,174,0.9954604177255886,0.9950833315920451,M1,150,TS
43,175,0.9954052343787674,0.9950326705793588,M1,150,TS
43,176,0.995368076381528,0.9949769315441415,M1,150,TS
43,177,0.9953215035796257,0.9949450852613199,M1,150,TS
43,178,0.9952932228099052,0.9949340743572106,M1,150,TS
43,179,0.9952489286700497,0.9949242471339874,M1,150,TS
43,180,0.9952053476789253,0.9949243557386176,M1,150,TS
43,181,0.9951469953979706,0.9949103765429573,M1,150,TS
43,182,0.9951061047310605,0.9948959657108759,M1,150,TS
43,183,0.9950762172153027,0.9948802766681941,M1,150,TS
43,184,0.9950533306165699,0.9948454590988207,M1,150,TS
43,185,0.9950525647076903,0.9948047873980768,M1,150,TS
43,186,0.9950560003244237,0.9947355124480175,M1,150,TS
43,187,0.9950740932868009,0.994666512765682,M1,150,TS
43,188,0.9950981344017258,0.9946040131966584,M1,150,TS
43,189,0.9951011268775474,0.994548693509554,M1,150,TS
43,190,0.9950947621858435,0.9944947206626119,M1,150,TS
43,191,0.99505873542826,0.9944550905083165,M1,150,TS
43,192,0.9949972678600455,0.9943890514334658,M1,150,TS
43,193,0.9949470827614169,0.9943013710666496,M1,150,TS
43,194,0.9948946471542659,0.9942331014119139,M1,150,TS
43,195,0.9948385642247435,0.994140173761575,M1,150,TS
43,196,0.9947986592858833,0.9940703630480031,M1,150,TS
43,197,0.994763690081093,0.9940031972202699,M1,150,TS
43,198,0.9947336566103695,0.9939386762783723,M1,150,TS
43,199,0.9947085588737128,0.9938768002223108,M1,150,TS
43,200,0.9946883968711228,0.9938175690520853,M1,150,TS
44,151,0.9962427088751841,0.9963814075705126,M1,150,TS
44,152,0.9961858589253386,0.9963566799220348,M1,150,TS
44,153,0.9961293832212732,0.996328206748485,M1,150,TS
44,154,0.996073281762988,0.996295988049863,M1,150,TS
44,155,0.9960175545504829,0.996260023826169,M1,150,TS
44,156,0.9959622015837608,0.9962203140774055,M1,150,TS
44,157,0.9959125864095986,0.9961837305045355,M1,150,TS
44,158,0.9958552354349282,0.9961361999341823,M1,150,TS
44,159,0.995797343469139,0.9960869185403823,M1,150,TS
44,160,0.9957376192766441,0.9960323743150277,M1,150,TS
44,161,0.9956665686714639,0.9959759744502571,M1,150,TS
44,162,0.9956093899199685,0.9958949159980638,M1,150,TS
44,163,0.9955531906056148,0.9958195308232533,M1,150,TS
44,164,0.9955034338841608,0.9957621382359676,M1,150,TS
44,165,0.9954518913880535,0.9957157620042701,M1,150,TS
44,166,0.9954131102786443,0.9956850752115645,M1,150,TS
44,167,0.995385857385412,0.9956628937996093,M1,150,TS
44,168,0.9953763892739336,0.9956586808670044,M1,150,TS
44,169,0.9953651399891841,0.9956367935368968,M1,150,TS
44,170,0.9953478596066022,0.9956178893597452,M1,150,TS
44,171,0.9953309361598375,0.9955617947677878,M1,150,TS
44,172,0.9953092870932017,0.9954771394650382,M1,150,TS
44,173,0.9952758056809142,0.9954099372698639,M1,150,TS
44,174,0.9952331718996363,0.9953483321265783,M1,150,TS
44,175,0.9951844395335816,0.9953021386612029,M1,150,TS
44,176,0.9951491576660394,0.9952509607588301,M1,150,TS
44,177,0.9951101624827853,0.995223499438804,M1,150,TS
44,178,0.9950793058305683,0.9952171043234995,M1,150,TS
44,179,0.9950360188720825,0.9952117675790935,M1,150,TS
44,180,0.9949861812977638,0.9952165395427651,M1,150,TS
44,181,0.9949342145980088,0.9952069674174672,M1,150,TS
44,182,0.9948654920732817,0.9951978384325925,M1,150,TS
44,183,0.9947901496928699,0.9951878525074835,M1,150,TS
44,184,0.9947252875089825,0.995158677468152,M1,150,TS
44,185,0.9946775851952772,0.9951237799356903,M1,150,TS
44,186,0.9946480186830797,0.9950599590386252,M1,150,TS
44,187,0.9945986721420124,0.9949973052812284,M1,150,TS
44,188,0.9945455206958094,0.9949413821022921,M1,150,TS
44,189,0.99449147132267,0.9948920998871181,M1,150,TS
44,190,0.9944392747729012,0.9948439018049641,M1,150,TS
44,191,0.9943550433978711,0.9948100792797727,M1,150,TS
44,192,0.994273154564782,0.9947491936288289,M1,150,TS
44,193,0.9941879157060884,0.9946670621518955,M1,150,TS
44,194,0.9941132026195177,0.9946039856211907,M1,150,TS
44,195,0.9940381672170556,0.9945162227323547,M1,150,TS
44,196,0.9939814603921158,0.9944514715647989,M1,150,TS
44,197,0.993932681530186,0.9943892840637473,M1,150,TS
44,198,0.9938918306312635,0.9943296602291978,M1,150,TS
44,199,0.9938589076953485,0.9942726000611499,M1,150,TS
44,200,0.9938339127224406,0.994218103559604,M1,150,TS
45,151,0.9982382814186662,0.9980989732823708,M1,150,TS
45,152,0.9982087870356328,0.9980764710510425,M1,150,TS
45,153,0.9981780121173869,0.9980502679658294,M1,150,TS
45,154,0.9981459566639287,0.9980203640267314,M1,150,TS
45,155,0.9981126206752581,0.9979867592337489,M1,150,TS
45,156,0.9980780041513775,0.9979494535868846,M1,150,TS
45,157,0.9980459607188191,0.9979153491844854,M1,150,TS
45,158,0.9980092430565204,0.9978702712487202,M1,150,TS
45,159,0.9979662588371747,0.9978235351653341,M1,150,TS
45,160,0.9979348871607934,0.9977712304241411,M1,150,TS
45,161,0.9978928588681654,0.9977169839477307,M1,150,TS
45,162,0.9978450154651581,0.9976383861132001,M1,150,TS
45,163,0.9977974087236198,0.9975655246787359,M1,150,TS
45,164,0.9977453922563355,0.9975110405079727,M1,150,TS
45,165,0.9976848944253724,0.9974678257802551,M1,150,TS
45,166,0.9976342252269734,0.9974404851563023,M1,150,TS
45,167,0.9975857794531312,0.997421991740878,M1,150,TS
45,168,0.9975400580483369,0.9974218797195528,M1,150,TS
45,169,0.9974906497186042,0.9974041327612146,M1,150,TS
45,170,0.9974480767289444,0.9973891131538415,M1,150,TS
45,171,0.9974038188245318,0.9973365630708924,M1,150,TS
45,172,0.9973639783798999,0.9972549435744205,M1,150,TS
45,173,0.9973456902599269,0.9971900915292901,M1,150,TS
45,174,0.9973326767517777,0.997130453046505,M1,150,TS
45,175,0.997333963474218,0.9970858320829129,M1,150,TS
45,176,0.9973499324885735,0.9970362844515165,M1,150,TS
45,177,0.9973652319564761,0.997010463222007,M1,150,TS
45,178,0.9973673941716706,0.9970063358563643,M1,150,TS
45,179,0.9973529874323717,0.9970034995143335,M1,150,TS
45,180,0.9973291339008614,0.9970108710803732,M1,150,TS
45,181,0.9973030123083646,0.9970036477608061,M1,150,TS
45,182,0.9972704789799365,0.9969966043490824,M1,150,TS
45,183,0.9972536826448157,0.9969881827689335,M1,150,TS
45,184,0.9972287638052371,0.9969609610008507,M1,150,TS
45,185,0.9972072576638151,0.9969284042500299,M1,150,TS
45,186,0.9971797850459017,0.9968674073776818,M1,150,TS
45,187,0.9971632485743547,0.9968067650327195,M1,150,TS
45,188,0.9971288915604897,0.9967532619210611,M1,150,TS
45,189,0.9970806636654601,0.9967068186232944,M1,150,TS
45,190,0.9970324435044655,0.9966614192067283,M1,150,TS
45,191,0.9969866312800038,0.9966296194134464,M1,150,TS
45,192,0.9969492442922248,0.9965704182935251,M1,150,TS
45,193,0.9969187317566381,0.9964896081338676,M1,150,TS
45,194,0.9968797055953983,0.9964284833748631,M1,150,TS
45,195,0.9968365653695195,0.9963425497413064,M1,150,TS
45,196,0.9967878673335521,0.9962804196049144,M1,150,TS
45,197,0.9967351898051562,0.9962211762849533,M1,150,TS
45,198,0.9966785327843292,0.9961648197814205,M1,150,TS
45,199,0.9966178962710709,0.996111350094316,M1,150,TS
45,200,0.9965532802653814,0.9960607672236399,M1,150,TS
46,151,0.9982154909180763,0.9982127919234487,M1,150,TS
46,152,0.998177992443034,0.9982055631538524,M1,150,TS
46,153,0.998139102322858,0.9981946317788798,M1,150,TS
46,154,0.9980988205575484,0.9981799977985305,M1,150,TS
46,155,0.998057147147105,0.9981616612128048,M1,150,TS
46,156,0.9980140820915309,0.9981396220217054,M1,150,TS
46,157,0.9979706509121575,0.9981208398245295,M1,150,TS
46,158,0.9979147999317406,0.9980912825198525,M1,150,TS
46,159,0.9978691385909344,0.9980596619381371,M1,150,TS
46,160,0.9978053845562732,0.9980232161685963,M1,150,TS
46,161,0.9977618758212223,0.9979840994413064,M1,150,TS
46,162,0.9977597221262018,0.9979195897776499,M1,150,TS
46,163,0.9977639545748018,0.9978606261033366,M1,150,TS
46,164,0.9977722417039316,0.9978197449063202,M1,150,TS
46,165,0.9977971928467686,0.9977894471347837,M1,150,TS
46,166,0.9978191844562401,0.9977752557324917,M1,150,TS
46,167,0.9978356308347734,0.997770020782687,M1,150,TS
46,168,0.9978254361845431,0.9977839124309505,M1,150,TS
46,169,0.997805858386606,0.997780326663815,M1,150,TS
46,170,0.9977545415812306,0.9977804144042676,M1,150,TS
46,171,0.9977058180982832,0.997743171415235,M1,150,TS
46,172,0.9976660780027389,0.997676946901435,M1,150,TS
46,173,0.9976391587756597,0.9976275550939944,M1,150,TS
46,174,0.9976300015415418,0.9975830395596514,M1,150,TS
46,175,0.9976205249348868,0.9975538530208768,M1,150,TS
46,176,0.9976060364015031,0.9975201840447203,M1,150,TS
46,177,0.9975870698991584,0.9975102502450217,M1,150,TS
46,178,0.9975584699359797,0.9975218372396987,M1,150,TS
46,179,0.997546598688857,0.9975337690544451,M1,150,TS
46,180,0.9975202247479035,0.9975559982502991,M1,150,TS
46,181,0.9974961241032821,0.9975637022129255,M1,150,TS
46,182,0.9974675868817752,0.9975715290050642,M1,150,TS
46,183,0.9974390191608444,0.9975782920624361,M1,150,TS
46,184,0.9974012547743978,0.9975663676850791,M1,150,TS
46,185,0.9973383357703873,0.9975498619226586,M1,150,TS
46,186,0.9972765256382821,0.9975048428122079,M1,150,TS
46,187,0.9972214935673918,0.9974603102232682,M1,150,TS
46,188,0.9971505100800446,0.9974228132378503,M1,150,TS
46,189,0.9970578016353304,0.9973925141154014,M1,150,TS
46,190,0.9969691720528324,0.9973632208441626,M1,150,TS
46,191,0.9969315109287205,0.9973461982638155,M1,150,TS
46,192,0.9969262717812848,0.9973013197837101,M1,150,TS
46,193,0.9969433756402524,0.9972344918469445,M1,150,TS
46,194,0.996982106640578,0.9971865021215065,M1,150,TS
46,195,0.9970424055262379,0.9971132020578426,M1,150,TS
46,196,0.9970562689957152,0.9970646164563737,M1,150,TS
46,197,0.9970664198139166,0.9970188994748531,M1,150,TS
46,198,0.9970728579808396,0.9969760511132778,M1,150,TS
46,199,0.9970755834964841,0.9969360713716482,M1,150,TS
46,200,0.9970745963608499,0.9968989602499638,M1,150,TS
47,151,0.9982191096063391,0.9982601378071471,M1,150,TS
47,152,0.998192263382298,0.9982590211084003,M1,150,TS
47,153,0.9981614059545632,0.9982542670769907,M1,150,TS
47,154,0.9981265373231346,0.9982458757129183,M1,150,TS
47,155,0.9980876574880123,0.998233847016183,M1,150,TS
47,156,0.9980447664491989,0.9982181809867877,M1,150,TS
47,157,0.9979846355305468,0.9982061966729241,M1,150,TS
47,158,0.9979411051749235,0.9981826937236995,M1,150,TS
47,159,0.9978931542426253,0.9981575079997982,M1,150,TS
47,160,0.9978349285914342,0.9981272898718345,M1,150,TS
47,161,0.9978040401512528,0.9980942433036801,M1,150,TS
47,162,0.9977454148999103,0.9980376534541291,M1,150,TS
47,163,0.9977095924837291,0.9979861714584858,M1,150,TS
47,164,0.9976543742580252,0.997953344170971,M1,150,TS
47,165,0.9976104180241971,0.9979312215661185,M1,150,TS
47,166,0.9975891690689722,0.9979245027788228,M1,150,TS
47,167,0.9975839149785035,0.9979261454212516,M1,150,TS
47,168,0.9975983107911315,0.9979457227336854,M1,150,TS
47,169,0.9976130762338999,0.9979475763440283,M1,150,TS
47,170,0.9976027778430415,0.9979529178149897,M1,150,TS
47,171,0.9976053509205383,0.997920794654188,M1,150,TS
47,172,0.9975929863362881,0.9978603926766563,M1,150,TS
47,173,0.9975739710156055,0.9978172560619502,M1,150,TS
47,174,0.9975472455837405,0.9977796421078584,M1,150,TS
47,175,0.9975119348294923,0.9977575430415485,M1,150,TS
47,176,0.9974700463092736,0.9977309789143501,M1,150,TS
47,177,0.9974787712745359,0.9977266916158725,M1,150,TS
47,178,0.9974629512348463,0.9977442747386958,M1,150,TS
47,179,0.997432795322551,0.9977629629689115,M1,150,TS
47,180,0.9973960032244809,0.997791729671507,M1,150,TS
47,181,0.9973841468273799,0.9978054657284756,M1,150,TS
47,182,0.9973821101696516,0.9978189540155118,M1,150,TS
47,183,0.9973403728025338,0.997832361164623,M1,150,TS
47,184,0.997308577878096,0.9978266246490132,M1,150,TS
47,185,0.9972483411957082,0.9978164039332995,M1,150,TS
47,186,0.9971772414700741,0.9977780268528766,M1,150,TS
47,187,0.9971376423981142,0.997739507338069,M1,150,TS
47,188,0.9970702845804196,0.9977083048217523,M1,150,TS
47,189,0.9969861904659492,0.9976841475215679,M1,150,TS
47,190,0.9969237383916348,0.9976605709790111,M1,150,TS
47,191,0.996865455189335,0.9976504299985325,M1,150,TS
47,192,0.9968068627312657,0.9976133415378898,M1,150,TS
47,193,0.9967211031094251,0.9975556003857863,M1,150,TS
47,194,0.9966516389211497,0.9975168037807592,M1,150,TS
47,195,0.9965735375059064,0.9974535392441651,M1,150,TS
47,196,0.9965328979967667,0.9974127724757489,M1,150,TS
47,197,0.9965059122167161,0.99737442215548,M1,150,TS
47,198,0.9964925801657517,0.9973384882833557,M1,150,TS
47,199,0.9964929018438735,0.997304970859376,M1,150,TS
47,200,0.9965068772510816,0.9972738698835408,M1,150,TS
48,151,0.9981949873884434,0.9981404581556489,M1,150,TS
48,152,0.9981747924786454,0.9981324443262045,M1,150,TS
48,153,0.998147969469173,0.9981208620698901,M1,150,TS
48,154,0.9981145183600262,0.9981057113867057,M1,150,TS
48,155,0.998074439151205,0.9980869922766513,M1,150,TS
48,156,0.9980277318427123,0.9980647047397296,M1,150,TS
48,157,0.9979653765667807,0.9980460691286778,M1,150,TS
48,158,0.9978912434772381,0.9980166319734942,M1,150,TS
48,159,0.9978369165456431,0.9979848931395789,M1,150,TS
48,160,0.9977710002072524,0.9979481569210864,M1,150,TS
48,161,0.9977293308275439,0.9979086555102955,M1,150,TS
48,162,0.9976987579146794,0.997844564348673,M1,150,TS
48,163,0.9976675264461949,0.9977861941085523,M1,150,TS
48,164,0.997640254125538,0.9977458937182369,M1,150,TS
48,165,0.997631254444221,0.9977161220187369,M1,150,TS
48,166,0.9976326655418102,0.9977020975012645,M1,150,TS
48,167,0.997640920712324,0.9976966964881491,M1,150,TS
48,168,0.9976612187249303,0.9977094255427291,M1,150,TS
48,169,0.9976854980253355,0.9977043339980406,M1,150,TS
48,170,0.9976967635807847,0.9977024248547988,M1,150,TS
48,171,0.9977190140349868,0.9976630257673017,M1,150,TS
48,172,0.9977335584767892,0.9975951139154897,M1,150,TS
48,173,0.997714729516403,0.9975451968912846,M1,150,TS
48,174,0.9976900912011676,0.9975007643091593,M1,150,TS
48,175,0.9976725413667765,0.9974714527659594,M1,150,TS
48,176,0.9976542511456944,0.9974375341015619,M1,150,TS
48,177,0.9976322422776509,0.997427319787874,M1,150,TS
48,178,0.9976113747034274,0.9974383397612377,M1,150,TS
48,179,0.9975827867909401,0.9974503126706457,M1,150,TS
48,180,0.9975555470290647,0.9974721734793465,M1,150,TS
48,181,0.9975453936815908,0.9974791666357482,M1,150,TS
48,182,0.9975278696771662,0.997486357486904,M1,150,TS
48,183,0.9975012318186309,0.9974927104999218,M1,150,TS
48,184,0.99746567307103,0.9974803816631351,M1,150,TS
48,185,0.9974376225954955,0.9974626274064627,M1,150,TS
48,186,0.9974094625053971,0.99741640771822,M1,150,TS
48,187,0.9973759280457697,0.9973709909660053,M1,150,TS
48,188,0.9973321944393155,0.9973324564720178,M1,150,TS
48,189,0.9972710896376513,0.9973009957984229,M1,150,TS
48,190,0.997206425075879,0.9972707504095067,M1,150,TS
48,191,0.9971491652492486,0.9972538787494701,M1,150,TS
48,192,0.9970898513976241,0.9972100602050779,M1,150,TS
48,193,0.9970181632555117,0.9971451976730009,M1,150,TS
48,194,0.996946796142985,0.9970996995427429,M1,150,TS
48,195,0.9969123433086611,0.997028527287672,M1,150,TS
48,196,0.9968893841583129,0.9969805569658551,M1,150,TS
48,197,0.9968813043711017,0.9969349749723542,M1,150,TS
48,198,0.9968881039470249,0.9968917813071666,M1,150,TS
48,199,0.9969097828860826,0.9968509759702922,M1,150,TS
48,200,0.9969463411882747,0.996812558961731,M1,150,TS
49,151,0.9982494182706154,0.998191498190524,M1,150,TS
49,152,0.9982672540324139,0.9981876722070157,M1,150,TS
49,153,0.9982635657190787,0.9981806624314365,M1,150,TS
49,154,0.9982383533306097,0.9981704688637868,M1,150,TS
49,155,0.9981916168670071,0.9981570915040665,M1,150,TS
49,156,0.9981233563282732,0.9981405303522785,M1,150,TS
49,157,0.9979838303159803,0.9981290581409686,M1,150,TS
49,158,0.9979795181088469,0.9981029845196691,M1,150,TS
49,159,0.9977682451794418,0.9980804690398313,M1,150,TS
49,160,0.9976179730008696,0.9980510807730453,M1,150,TS
49,161,0.9975411716221545,0.9980176599949432,M1,150,TS
49,162,0.9974974797063673,0.9979591011835808,M1,150,TS
49,163,0.9975246354796645,0.9979044109354591,M1,150,TS
49,164,0.9976026178561183,0.9978665690016181,M1,150,TS
49,165,0.9977518884042447,0.9978378786955849,M1,150,TS
49,166,0.9977395166267558,0.997829366948141,M1,150,TS
49,167,0.9978234926971821,0.9978271532798719,M1,150,TS
49,168,0.9979727421560629,0.9978416937792116,M1,150,TS
49,169,0.9979156285662332,0.9978438491954991,M1,150,TS
49,170,0.9979514226683506,0.9978464463847725,M1,150,TS
49,171,0.9979205056172775,0.9978136042794618,M1,150,TS
49,172,0.9978528254458763,0.9977530294890087,M1,150,TS
49,173,0.9977757194688859,0.9977098090887034,M1,150,TS
49,174,0.9976966945879847,0.997671970089172,M1,150,TS
49,175,0.9976509028790901,0.9976485750700497,M1,150,TS
49,176,0.9976372268296139,0.9976197111321007,M1,150,TS
49,177,0.99762649153408,0.9976143673195524,M1,150,TS
49,178,0.9976400851833088,0.9976296482299767,M1,150,TS
49,179,0.9976784513036971,0.9976450284727182,M1,150,TS
49,180,0.9977138227512483,0.9976704021881049,M1,150,TS
49,181,0.9976765932759589,0.9976832505156732,M1,150,TS
49,182,0.9977371739812044,0.9976935766090947,M1,150,TS
49,183,0.9975492416284254,0.9977092334494049,M1,150,TS
49,184,0.9973972999208337,0.9977050618934287,M1,150,TS
49,185,0.9973001052418815,0.9976942515874223,M1,150,TS
49,186,0.9972469862160156,0.9976538420435742,M1,150,TS
49,187,0.9971945194348506,0.9976140871686286,M1,150,TS
49,188,0.9971292645266627,0.9975812746826259,M1,150,TS
49,189,0.9970999143847763,0.9975541521553479,M1,150,TS
49,190,0.9971237750178441,0.99752678902782,M1,150,TS
49,191,0.9971673893165116,0.9975124694569383,M1,150,TS
49,192,0.9972273047321621,0.9974707508155404,M1,150,TS
49,193,0.9970486162087009,0.9974138398807368,M1,150,TS
49,194,0.9971124294386846,0.9973700283261764,M1,150,TS
49,195,0.996932467298737,0.9973078112293341,M1,150,TS
49,196,0.9968455042084748,0.9972666715370823,M1,150,TS
49,197,0.9967474610026495,0.997228588237378,M1,150,TS
49,198,0.9966383376812582,0.9971935613302184,M1,150,TS
49,199,0.9965181342443007,0.9971615908156036,M1,150,TS
49,200,0.9963868506917772,0.9971326766935337,M1,150,TS
1,151,1.0035040341011485,1.0028380513785977,M1D,150,TS
1,152,1.003371233684344,1.0028041923927131,M1D,150,TS
1,153,1.003249998700051,1.0027662960124564,M1D,150,TS
1,154,1.0031403291482688,1.0027243622378272,M1D,150,TS
1,155,1.0030422250289976,1.0026783910688262,M1D,150,TS
1,156,1.0029556863422409,1.0026283825054554,M1D,150,TS
1,157,1.0029072943153923,1.0025806264196384,M1D,150,TS
1,158,1.0029532296974646,1.0025193867155668,M1D,150,TS
1,159,1.002855579373866,1.0024600031001953,M1D,150,TS
1,160,1.002860543825376,1.002392714592585,M1D,150,TS
1,161,1.0025763543941397,1.0023306900262874,M1D,150,TS
1,162,1.0014383798854618,1.0022662222693752,M1D,150,TS
1,163,1.0004746427551507,1.0022030033276992,M1D,150,TS
1,164,0.999940860696534,1.0021469591499612,M1D,150,TS
1,165,0.9996885162089997,1.0020947331567007,M1D,150,TS
1,166,0.9999216817116944,1.0020460852450779,M1D,150,TS
1,167,1.0005932631675036,1.0019950122637087,M1D,150,TS
1,168,1.0013679303061351,1.0019597508993159,M1D,150,TS
1,169,1.0020708838385373,1.001908610173384,M1D,150,TS
1,170,1.0030309268578446,1.0018537535748582,M1D,150,TS
1,171,1.0023714359521643,1.001803138398007,M1D,150,TS
1,172,1.0006014508223022,1.001752222609136,M1D,150,TS
1,173,0.9996034070961728,1.0016986601609428,M1D,150,TS
1,174,0.9986270177227583,1.0016498515498624,M1D,150,TS
1,175,0.9980836122088909,1.0016053111757441,M1D,150,TS
1,176,0.9978717048258827,1.0015476627844249,M1D,150,TS
1,177,0.9980881334019138,1.0015026417325863,M1D,150,TS
1,178,0.9987131474621992,1.001468408784632,M1D,150,TS
1,179,0.9998235511188321,1.0014225146591365,M1D,150,TS
1,180,1.0011065231854825,1.0013821041153044,M1D,150,TS
1,181,1.0013771727680894,1.0013531613158888,M1D,150,TS
1,182,1.0016764928582509,1.0013234876878847,M1D,150,TS
1,183,1.0023240922011576,1.0012837735616733,M1D,150,TS
1,184,1.0025496689705158,1.0012359667624142,M1D,150,TS
1,185,1.0027810566496334,1.0011828330447288,M1D,150,TS
1,186,1.0024387748845074,1.0011159051818102,M1D,150,TS
1,187,1.0019669105501887,1.0010529730253204,M1D,150,TS
1,188,1.001749130863073,1.0009901414527913,M1D,150,TS
1,189,1.0018799043084554,1.000925019162367,M1D,150,TS
1,190,1.001666978040517,1.0008698152469762,M1D,150,TS
1,191,1.0018924152574733,1.0008169608276585,M1D,150,TS
1,192,1.0013201509165075,1.0007575381749896,M1D,150,TS
1,193,1.0003872481179652,1.000685955389505,M1D,150,TS
1,194,0.999941113240662,1.0006213267552957,M1D,150,TS
1,195,0.9986368612832792,1.00055391419659,M1D,150,TS
1,196,0.9980639123735556,1.0004912889774595,M1D,150,TS
1,197,0.9975588394878703,1.0004296997956794,M1D,150,TS
1,198,0.9971216426262207,1.000369146651247,M1D,150,TS
1,199,0.9967523217886071,1.0003096295441622,M1D,150,TS
1,200,0.9964508769750292,1.0002511484744256,M1D,150,TS
3,151,0.9960343643247106,0.996089018444699,M1D,150,TS
3,152,0.9959927167171484,0.9960795486335221,M1D,150,TS
3,153,0.9959585669412259,0.996066148248851,M1D,150,TS
3,154,0.9959319149969431,0.9960488172906855,M1D,150,TS
3,155,0.9959127608842999,0.9960275557590259,M1D,150,TS
3,156,0.9959011046032991,0.9960023636538748,M1D,150,TS
3,157,0.99591418178317,0.9959797855327602,M1D,150,TS
3,158,0.9959199948628807,0.9959462967842176,M1D,150,TS
3,159,0.9959320859144289,0.9959108483622291,M1D,150,TS
3,160,0.99593203064154,0.995870418965282,M1D,150,TS
3,161,0.9959224770012136,0.9958280873149746,M1D,150,TS
3,162,0.9959002339481822,0.9957617640917557,M1D,150,TS
3,163,0.9958625601185487,0.9957015425522225,M1D,150,TS
3,164,0.9957994798270604,0.995660150138011,M1D,150,TS
3,165,0.995739273297319,0.9956296906533876,M1D,150,TS
3,166,0.9956808517819564,0.9956152075178473,M1D,150,TS
3,167,0.9956127277322449,0.995609780066473,M1D,150,TS
3,168,0.995576158074972,0.9956219862788643,M1D,150,TS
3,169,0.9955744051959938,0.9956155833572703,M1D,150,TS
3,170,0.995600712306006,0.9956113160360326,M1D,150,TS
3,171,0.9956379893705616,0.9955695332183269,M1D,150,TS
3,172,0.9956641347323912,0.9954993034832956,M1D,150,TS
3,173,0.9956711920948085,0.9954467107736569,M1D,150,TS
3,174,0.9956380585687907,0.9954004785584232,M1D,150,TS
3,175,0.9955853708658173,0.9953700621312958,M1D,150,TS
3,176,0.9955396173395594,0.9953348498356033,M1D,150,TS
3,177,0.9955035324983614,0.9953230024257205,M1D,150,TS
3,178,0.9955100283482142,0.9953313307378939,M1D,150,TS
3,179,0.9955577798394379,0.9953393666428724,M1D,150,TS
3,180,0.9956211379950224,0.9953569250851809,M1D,150,TS
3,181,0.9956797077616993,0.9953601557223454,M1D,150,TS
3,182,0.9956850893700995,0.9953647583350679,M1D,150,TS
3,183,0.9956531206452309,0.9953692468748385,M1D,150,TS
3,184,0.9955877786642572,0.9953556733597471,M1D,150,TS
3,185,0.9955121162923015,0.9953371389142692,M1D,150,TS
3,186,0.9954418813752506,0.9952899892583003,M1D,150,TS
3,187,0.9953844260642624,0.9952431761866816,M1D,150,TS
3,188,0.9953396535246629,0.9952026599104435,M1D,150,TS
3,189,0.9953058687211954,0.9951684966531406,M1D,150,TS
3,190,0.9952704270164792,0.9951354931131298,M1D,150,TS
3,191,0.9952322818676387,0.9951161289180217,M1D,150,TS
3,192,0.9951643814803146,0.9950705198684405,M1D,150,TS
3,193,0.995099388061318,0.9950034663252235,M1D,150,TS
3,194,0.9950507740559454,0.9949553763057547,M1D,150,TS
3,195,0.9950369504778394,0.9948816537677262,M1D,150,TS
3,196,0.9950429987886786,0.9948309324735157,M1D,150,TS
3,197,0.9950691480067563,0.9947824684561519,M1D,150,TS
3,198,0.9951153981320696,0.9947362617156322,M1D,150,TS
3,199,0.9951817491646184,0.9946923122519566,M1D,150,TS
3,200,0.9952682011044028,0.9946506200651248,M1D,150,TS
4,151,0.9767030436512549,0.9771427661809359,M1D,150,TS
4,152,0.976800964527353,0.9769285574309643,M1D,150,TS
4,153,0.976863456319432,0.9767125131822372,M1D,150,TS
4,154,0.9768905190274921,0.9764946334347546,M1D,150,TS
4,155,0.9768821526515331,0.9762749181885163,M1D,150,TS
4,156,0.9768383571915578,0.9760533674435253,M1D,150,TS
4,157,0.9771008112729221,0.9758305654897316,M1D,150,TS
4,158,0.9766433462641386,0.9756119885315675,M1D,150,TS
4,159,0.9764710655576234,0.9753879097590219,M1D,150,TS
4,160,0.9761497056640729,0.9751618055941074,M1D,150,TS
4,161,0.9759204878059102,0.9749268021096608,M1D,150,TS
4,162,0.9755304826807375,0.9746652755777425,M1D,150,TS
4,163,0.9752868250272246,0.9744068285224206,M1D,150,TS
4,164,0.9751039310436997,0.9741660734273517,M1D,150,TS
4,165,0.9748326994872825,0.9739342772981594,M1D,150,TS
4,166,0.9745956570849166,0.9737217643428878,M1D,150,TS
4,167,0.9745201302249025,0.973515671329811,M1D,150,TS
4,168,0.9746065450471004,0.9733204293067731,M1D,150,TS
4,169,0.9742718804716919,0.9731190102877697,M1D,150,TS
4,170,0.9737456352786511,0.972924239496887,M1D,150,TS
4,171,0.9733758712277756,0.9726779668227625,M1D,150,TS
4,172,0.973068728226699,0.9723991004097943,M1D,150,TS
4,173,0.9727661577049508,0.972146841123629,M1D,150,TS
4,174,0.9726141495290563,0.9719012866485444,M1D,150,TS
4,175,0.9727118741969064,0.971652369105302,M1D,150,TS
4,176,0.9721794294905961,0.9714203991462722,M1D,150,TS
4,177,0.9718954140115266,0.971211334011261,M1D,150,TS
4,178,0.9719018732784592,0.971021440073774,M1D,150,TS
4,179,0.9714335255198636,0.970848455353843,M1D,150,TS
4,180,0.9711578846154274,0.9706857652781964,M1D,150,TS
4,181,0.9710944722638326,0.9705026110146552,M1D,150,TS
4,182,0.9712193875545372,0.9703133816839538,M1D,150,TS
4,183,0.9713507159747161,0.9701364889491061,M1D,150,TS
4,184,0.9712892944760729,0.969941430831648,M1D,150,TS
4,185,0.9712462147908485,0.9697264165171063,M1D,150,TS
4,186,0.9705731539231293,0.9695026443177073,M1D,150,TS
4,187,0.970208754222414,0.9692649558366193,M1D,150,TS
4,188,0.969988760236854,0.9690353284372619,M1D,150,TS
4,189,0.9696206096996185,0.9688170009254513,M1D,150,TS
4,190,0.9694751194696738,0.9685905571563389,M1D,150,TS
4,191,0.9694240710464628,0.9683775515233021,M1D,150,TS
4,192,0.969427668334244,0.9681239351649867,M1D,150,TS
4,193,0.9693133233696938,0.9678576941112292,M1D,150,TS
4,194,0.9689956572497094,0.9676133092637418,M1D,150,TS
4,195,0.9687059737372188,0.9673436769790267,M1D,150,TS
4,196,0.9684807897997224,0.9670979722922665,M1D,150,TS
4,197,0.9682473872035253,0.9668555841612898,M1D,150,TS
4,198,0.9680057659486249,0.9666165125860938,M1D,150,TS
4,199,0.9677559260350211,0.9663807575666784,M1D,150,TS
4,200,0.9674978674627139,0.9661483191030439,M1D,150,TS
6,151,0.996214505768315,0.9961750747242644,M1D,150,TS
6,152,0.9961152328406796,0.9961520692640078,M1D,150,TS
6,153,0.9960290888322142,0.9961249908255783,M1D,150,TS
6,154,0.995956073742919,0.9960938394089754,M1D,150,TS
6,155,0.9958961875727937,0.9960586150141995,M1D,150,TS
6,156,0.9958494303218418,0.9960193176412532,M1D,150,TS
6,157,0.9958599118207982,0.9959818188617424,M1D,150,TS
6,158,0.9958456437304972,0.9959338321333037,M1D,150,TS
6,159,0.9957704044573623,0.9958856233726269,M1D,150,TS
6,160,0.9958367240092967,0.9958284856138379,M1D,150,TS
6,161,0.9957092218587607,0.9957741561145508,M1D,150,TS
6,162,0.9956523449446865,0.9956936474324545,M1D,150,TS
6,163,0.9955662274306651,0.9956196027959694,M1D,150,TS
6,164,0.9955560027793754,0.9955618050614686,M1D,150,TS
6,165,0.9955269016238708,0.9955154945297399,M1D,150,TS
6,166,0.995515275555934,0.9954847872616033,M1D,150,TS
6,167,0.995481363117343,0.9954634868079941,M1D,150,TS
6,168,0.9952872254157735,0.9954647359504876,M1D,150,TS
6,169,0.9952152259768224,0.9954451259060193,M1D,150,TS
6,170,0.9950931560869628,0.9954296561776688,M1D,150,TS
6,171,0.994966603957919,0.9953769904368686,M1D,150,TS
6,172,0.9949506503891471,0.9952927100159503,M1D,150,TS
6,173,0.9949255045077805,0.9952258673542133,M1D,150,TS
6,174,0.9949507524984647,0.9951630841237704,M1D,150,TS
6,175,0.9949436995335101,0.9951164376842109,M1D,150,TS
6,176,0.9948553452856492,0.9950672670119352,M1D,150,TS
6,177,0.994861288992555,0.9950393240060096,M1D,150,TS
6,178,0.9947635411372995,0.995035341981768,M1D,150,TS
6,179,0.9947687327438571,0.9950294989876398,M1D,150,TS
6,180,0.9946547175698341,0.9950366611698286,M1D,150,TS
6,181,0.9947522146500036,0.9950239081265543,M1D,150,TS
6,182,0.9947288419621603,0.9950142719861396,M1D,150,TS
6,183,0.9946594190966497,0.9950047984860373,M1D,150,TS
6,184,0.9946131352370858,0.9949757831055184,M1D,150,TS
6,185,0.9945569067396691,0.9949417626515651,M1D,150,TS
6,186,0.9944554226729967,0.9948803978018559,M1D,150,TS
6,187,0.994525445824341,0.9948152854895437,M1D,150,TS
6,188,0.9945312995670903,0.9947584664863042,M1D,150,TS
6,189,0.9945035238085205,0.9947091580622458,M1D,150,TS
6,190,0.9944937350335686,0.994660491393433,M1D,150,TS
6,191,0.994511069552142,0.9946247184115079,M1D,150,TS
6,192,0.994354548788215,0.9945663491597128,M1D,150,TS
6,193,0.9942082877615992,0.9944863454044272,M1D,150,TS
6,194,0.9940660638765035,0.9944256164596306,M1D,150,TS
6,195,0.9939285246499441,0.9943399960678887,M1D,150,TS
6,196,0.9937872031503167,0.9942780156158646,M1D,150,TS
6,197,0.9936459653173575,0.9942188063653227,M1D,150,TS
6,198,0.9935048111510638,0.9941623683162601,M1D,150,TS
6,199,0.9933637406514356,0.994108701468677,M1D,150,TS
6,200,0.9932227538184729,0.9940578058225733,M1D,150,TS
7,151,0.9944063753831374,0.9949325538710827,M1D,150,TS
7,152,0.9943518838933064,0.994878270405676,M1D,150,TS
7,153,0.9942924744859969,0.9948203856688064,M1D,150,TS
7,154,0.994228147161209,0.9947588996604736,M1D,150,TS
7,155,0.9941589019189425,0.9946938123806778,M1D,150,TS
7,156,0.9940847387592003,0.9946251238294217,M1D,150,TS
7,157,0.9939822863795954,0.9945605105270112,M1D,150,TS
7,158,0.9939045656069894,0.9944840269584334,M1D,150,TS
7,159,0.9938651951227415,0.994404819184418,M1D,150,TS
7,160,0.9938035718599496,0.9943208701204967,M1D,150,TS
7,161,0.9937610515371789,0.9942341868983918,M1D,150,TS
7,162,0.9937122760542119,0.9941230899826821,M1D,150,TS
7,163,0.9936117741640667,0.9940190588168205,M1D,150,TS
7,164,0.9935157799849212,0.9939331759093452,M1D,150,TS
7,165,0.9934154307549953,0.9938584050366006,M1D,150,TS
7,166,0.9932585301429073,0.9938012532866782,M1D,150,TS
7,167,0.9930649007415475,0.9937540009285211,M1D,150,TS
7,168,0.9929202850425868,0.9937239220264718,M1D,150,TS
7,169,0.9927678083195293,0.9936762859226785,M1D,150,TS
7,170,0.9926517468134011,0.993630581894572,M1D,150,TS
7,171,0.9925164540284324,0.993547746103471,M1D,150,TS
7,172,0.9924355058928396,0.9934345489539426,M1D,150,TS
7,173,0.9922633449048571,0.9933410979980279,M1D,150,TS
7,174,0.9921366744906839,0.9932519152352882,M1D,150,TS
7,175,0.9920620457932743,0.9931767250640533,M1D,150,TS
7,176,0.991960224684306,0.9930976291540569,M1D,150,TS
7,177,0.9917807998494718,0.9930443062238569,M1D,150,TS
7,178,0.991696715556144,0.9930099771165236,M1D,150,TS
7,179,0.9916208230145287,0.9929762804092249,M1D,150,TS
7,180,0.9915485975755082,0.9929525232550205,M1D,150,TS
7,181,0.9915041139511117,0.9929134017299364,M1D,150,TS
7,182,0.991437678959813,0.9928748872741033,M1D,150,TS
7,183,0.9913197670728469,0.9928368577602914,M1D,150,TS
7,184,0.9912539511914851,0.9927784193639946,M1D,150,TS
7,185,0.9912096475888834,0.9927140666758314,M1D,150,TS
7,186,0.9911403242141177,0.992621693933507,M1D,150,TS
7,187,0.9909881512914112,0.9925320806680182,M1D,150,TS
7,188,0.9909081017447054,0.9924473645024781,M1D,150,TS
7,189,0.9908380250579897,0.9923690968153984,M1D,150,TS
7,190,0.9907348827758002,0.9922927273053119,M1D,150,TS
7,191,0.990680910982181,0.9922287713909093,M1D,150,TS
7,192,0.9905315571703812,0.9921400117882248,M1D,150,TS
7,193,0.9903770005332686,0.9920299887981024,M1D,150,TS
7,194,0.9902430059030527,0.9919388017955759,M1D,150,TS
7,195,0.9901456260555439,0.9918217704641505,M1D,150,TS
7,196,0.9900206122761921,0.9917291320109571,M1D,150,TS
7,197,0.9898951591915459,0.9916392826001498,M1D,150,TS
7,198,0.9897692668016028,0.9915522222317261,M1D,150,TS
7,199,0.9896429351063629,0.9914679509056857,M1D,150,TS
7,200,0.9895161641058261,0.991386468622029,M1D,150,TS
8,151,0.9894562866939769,0.9899688740928141,M1D,150,TS
8,152,0.9892869391809709,0.9898529976708103,M1D,150,TS
8,153,0.9891264737722718,0.9897331878110515,M1D,150,TS
8,154,0.9889748904678795,0.9896094445135377,M1D,150,TS
8,155,0.9888321892677938,0.989481767778269,M1D,150,TS
8,156,0.9886983701720182,0.9893501576052482,M1D,150,TS
8,157,0.988612998135234,0.9892209965342857,M1D,150,TS
8,158,0.9884657605265808,0.9890816161964657,M1D,150,TS
8,159,0.9883221445484542,0.9889406155321918,M1D,150,TS
8,160,0.9881996969985829,0.9887936708612693,M1D,150,TS
8,161,0.988043425315414,0.9886451919385028,M1D,150,TS
8,162,0.9878153619489983,0.9884735124350598,M1D,150,TS
8,163,0.987663659807816,0.9883057222812336,M1D,150,TS
8,164,0.9875156075605755,0.9881561953439149,M1D,150,TS
8,165,0.9873270466649591,0.9880186029280265,M1D,150,TS
8,166,0.9871873160367632,0.9878962030569919,M1D,150,TS
8,167,0.9870762836454232,0.9877823592610497,M1D,150,TS
8,168,0.9869386436403,0.9876875839607557,M1D,150,TS
8,169,0.9867927268027747,0.9875751019342571,M1D,150,TS
8,170,0.9866505942191186,0.9874653155055946,M1D,150,TS
8,171,0.9865007607244951,0.9873176602258668,M1D,150,TS
8,172,0.986302968780101,0.987141931771078,M1D,150,TS
8,173,0.9861435659453623,0.9869830616584064,M1D,150,TS
8,174,0.9859508344567336,0.9868306975440103,M1D,150,TS
8,175,0.9857170247032094,0.9866947637868042,M1D,150,TS
8,176,0.9854989411486601,0.9865536096503548,M1D,150,TS
8,177,0.9853378399000858,0.9864351559231435,M1D,150,TS
8,178,0.9851822150143007,0.986338317441772,M1D,150,TS
8,179,0.98501998496841,0.9862424317866858,M1D,150,TS
8,180,0.9849044471712944,0.9861556448972317,M1D,150,TS
8,181,0.9848004012787525,0.9860536816796025,M1D,150,TS
8,182,0.9846632874079718,0.9859527302020061,M1D,150,TS
8,183,0.9845620324189641,0.9858504792886775,M1D,150,TS
8,184,0.9844446166266216,0.98572925311522,M1D,150,TS
8,185,0.9842672291286316,0.9856039381863854,M1D,150,TS
8,186,0.9840657585920585,0.9854500686537345,M1D,150,TS
8,187,0.983908876419124,0.985295846233467,M1D,150,TS
8,188,0.9837450136174848,0.9851487604854221,M1D,150,TS
8,189,0.9835390637644426,0.9850094810902233,M1D,150,TS
8,190,0.9833286628583462,0.9848713684609184,M1D,150,TS
8,191,0.9831152377668357,0.9847471279918912,M1D,150,TS
8,192,0.9828710927346475,0.9845961660743043,M1D,150,TS
8,193,0.9826470558178269,0.9844232673592866,M1D,150,TS
8,194,0.9824686223560679,0.9842683542002401,M1D,150,TS
8,195,0.9822446928402246,0.984089468768203,M1D,150,TS
8,196,0.9820476556594568,0.9839338514273921,M1D,150,TS
8,197,0.9818597827823277,0.9837807694753974,M1D,150,TS
8,198,0.9816810742088343,0.9836302229122162,M1D,150,TS
8,199,0.981511529938977,0.9834822117378486,M1D,150,TS
8,200,0.9813511499727554,0.9833367359522944,M1D,150,TS
12,151,0.9964391412129527,0.996247718843322,M1D,150,TS
12,152,0.996449271339672,0.9962226253486681,M1D,150,TS
12,153,0.9964508346170283,0.9961940153578085,M1D,150,TS
12,154,0.9964438310450218,0.9961618888707432,M1D,150,TS
12,155,0.9964282606236524,0.9961262458874719,M1D,150,TS
12,156,0.9964041233529233,0.9960870864079977,M1D,150,TS
12,157,0.9963733833269217,0.9960513558584507,M1D,150,TS
12,158,0.9963272920330408,0.9960049072291457,M1D,150,TS
12,159,0.9962954253265817,0.9959563043874856,M1D,150,TS
12,160,0.9962317083567527,0.9959032219627396,M1D,150,TS
12,161,0.996195685495121,0.9958472750307897,M1D,150,TS
12,162,0.9961588400405574,0.9957670215403712,M1D,150,TS
12,163,0.9960993853386355,0.9956930563218431,M1D,150,TS
12,164,0.9960167875370655,0.995637865635927,M1D,150,TS
12,165,0.9959439058471578,0.9955934212486595,M1D,150,TS
12,166,0.9958358179690385,0.9955659151071345,M1D,150,TS
12,167,0.9957187800079623,0.9955474525577773,M1D,150,TS
12,168,0.9956256062307962,0.9955468117776682,M1D,150,TS
12,169,0.9955638034557666,0.9955276434286372,M1D,150,TS
12,170,0.995517288368672,0.9955109289649645,M1D,150,TS
12,171,0.9955193786141443,0.995455715590943,M1D,150,TS
12,172,0.9954981882957448,0.9953723674263473,M1D,150,TS
12,173,0.9954579803391037,0.9953066787551295,M1D,150,TS
12,174,0.9954238374706464,0.9952461808706288,M1D,150,TS
12,175,0.995400931370721,0.9952006809986481,M1D,150,TS
12,176,0.9953770856030706,0.9951505905499367,M1D,150,TS
12,177,0.9953392362431142,0.9951244885441474,M1D,150,TS
12,178,0.9953084427222629,0.9951194833256206,M1D,150,TS
12,179,0.9952961128171749,0.9951147684414892,M1D,150,TS
12,180,0.99530106766799,0.9951195442831553,M1D,150,TS
12,181,0.9952783788360806,0.9951105823099954,M1D,150,TS
12,182,0.9952234549725187,0.9951024631002139,M1D,150,TS
12,183,0.9951648897320904,0.9950933999048824,M1D,150,TS
12,184,0.9951172409488205,0.9950651258850215,M1D,150,TS
12,185,0.9950643536166401,0.9950317277599475,M1D,150,TS
12,186,0.9950033249822401,0.9949700668131438,M1D,150,TS
12,187,0.9949131124957803,0.99490981186727,M1D,150,TS
12,188,0.9948103844069475,0.9948565111596236,M1D,150,TS
12,189,0.9947515845784494,0.9948087149121517,M1D,150,TS
12,190,0.9947036933144273,0.9947617533769517,M1D,150,TS
12,191,0.9946534388496556,0.9947284230119032,M1D,150,TS
12,192,0.9946082764806821,0.9946679379241057,M1D,150,TS
12,193,0.9945468720668882,0.9945865129562056,M1D,150,TS
12,194,0.9945116759637709,0.9945237792875012,M1D,150,TS
12,195,0.9944588077055738,0.9944367626458015,M1D,150,TS
12,196,0.9944023791897465,0.9943733506429405,M1D,150,TS
12,197,0.994339854015007,0.9943128668686447,M1D,150,TS
12,198,0.994271232181353,0.9942553113229112,M1D,150,TS
12,199,0.9941965136887845,0.99420068400574,M1D,150,TS
12,200,0.9941156985373015,0.9941489849171313,M1D,150,TS
13,151,0.9971218402728154,0.996779460894061,M1D,150,TS
13,152,0.997125411021877,0.9967464378891334,M1D,150,TS
13,153,0.9971229622682198,0.9967098361527273,M1D,150,TS
13,154,0.9971144940118436,0.996669655684843,M1D,150,TS
13,155,0.9971000062527485,0.9966258964854804,M1D,150,TS
13,156,0.9970794989909375,0.9965785585546424,M1D,150,TS
13,157,0.9970426935251744,0.9965349199731574,M1D,150,TS
13,158,0.9970120287572352,0.996479996442001,M1D,150,TS
13,159,0.9969747483554201,0.9964234495239574,M1D,150,TS
13,160,0.9969483991395283,0.9963613340071824,M1D,150,TS
13,161,0.9969110441392823,0.9962973002640133,M1D,150,TS
13,162,0.9968554234616301,0.996209277413546,M1D,150,TS
13,163,0.9967727646811086,0.9961276799174539,M1D,150,TS
13,164,0.9966715256409413,0.996064795705313,M1D,150,TS
13,165,0.9965957220405769,0.9960122806394233,M1D,150,TS
13,166,0.9965182877753898,0.9959759116012036,M1D,150,TS
13,167,0.9964408373216866,0.9959484267157499,M1D,150,TS
13,168,0.996360574441506,0.9959394548335201,M1D,150,TS
13,169,0.9963313767031219,0.9959114401805146,M1D,150,TS
13,170,0.9963210302726416,0.9958858180207989,M1D,150,TS
13,171,0.9962985218915089,0.9958230311053063,M1D,150,TS
13,172,0.9962485884144738,0.9957320635858773,M1D,150,TS
13,173,0.9961874524844941,0.995658673091768,M1D,150,TS
13,174,0.9961345121000279,0.995590437198552,M1D,150,TS
13,175,0.9961303098675913,0.9955362855650665,M1D,150,TS
13,176,0.9960950315914081,0.9954783527093797,M1D,150,TS
13,177,0.9960719868016161,0.9954438041632016,M1D,150,TS
13,178,0.9960434895446866,0.9954307425689588,M1D,150,TS
13,179,0.9960460676752122,0.995417712757066,M1D,150,TS
13,180,0.9960497643446751,0.9954146243288162,M1D,150,TS
13,181,0.9960063775909416,0.9953981608497176,M1D,150,TS
13,182,0.9959622485718815,0.9953817353177762,M1D,150,TS
13,183,0.9958959250976375,0.995364913989417,M1D,150,TS
13,184,0.9958618036440439,0.9953282701107594,M1D,150,TS
13,185,0.995846187414138,0.9952858729194621,M1D,150,TS
13,186,0.9957957726569031,0.9952158059960842,M1D,150,TS
13,187,0.9957415155335627,0.9951464773334484,M1D,150,TS
13,188,0.9956964933022042,0.9950835899975043,M1D,150,TS
13,189,0.9956549610085865,0.9950272943563985,M1D,150,TS
13,190,0.9956421171713961,0.9949713302297525,M1D,150,TS
13,191,0.9956152225775323,0.9949293608609401,M1D,150,TS
13,192,0.9955648706054869,0.9948608463523395,M1D,150,TS
13,193,0.9954959882519252,0.9947714084597686,M1D,150,TS
13,194,0.995440178124885,0.9947010491372855,M1D,150,TS
13,195,0.9953727857710697,0.9946061334125542,M1D,150,TS
13,196,0.9953265384190831,0.9945342912617714,M1D,150,TS
13,197,0.9952828626347129,0.994465162320011,M1D,150,TS
13,198,0.9952417584179565,0.9943987465872703,M1D,150,TS
13,199,0.9952032257688137,0.9943350440635493,M1D,150,TS
13,200,0.9951672646872847,0.994274054748848,M1D,150,TS
15,151,0.9962252605469409,0.9959730552892655,M1D,150,TS
15,152,0.9962208125930392,0.9959279597401207,M1D,150,TS
15,153,0.9962118183194908,0.9958792515217914,M1D,150,TS
15,154,0.9961982777262959,0.9958269306342776,M1D,150,TS
15,155,0.9961801908134543,0.9957709970775792,M1D,150,TS
15,156,0.996157557580969,0.9957114508516991,M1D,150,TS
15,157,0.9961330561512289,0.9956552589939143,M1D,150,TS
15,158,0.9961030139082411,0.9955880498004749,M1D,150,TS
15,159,0.9960483729312696,0.9955196942177594,M1D,150,TS
15,160,0.9960004961472655,0.9954458740529449,M1D,150,TS
15,161,0.9959293724948286,0.995370420738279,M1D,150,TS
15,162,0.9958335335644611,0.9952710821490999,M1D,150,TS
15,163,0.9957205996053304,0.9951779201961565,M1D,150,TS
15,164,0.9956044966238953,0.9951030928603769,M1D,150,TS
15,165,0.9954812809233828,0.9950394615927539,M1D,150,TS
15,166,0.9953984102161108,0.9949909362522991,M1D,150,TS
15,167,0.9953439525691803,0.9949505995363881,M1D,150,TS
15,168,0.995329457996333,0.9949276695710803,M1D,150,TS
15,169,0.9952733207454667,0.9948880709305853,M1D,150,TS
15,170,0.9952518136326842,0.9948504624427165,M1D,150,TS
15,171,0.9952051757086207,0.9947759288930889,M1D,150,TS
15,172,0.995132271609668,0.9946731334692385,M1D,150,TS
15,173,0.995060842996885,0.9945876553593876,M1D,150,TS
15,174,0.9950070180486855,0.9945071192233061,M1D,150,TS
15,175,0.9949476593639104,0.9944420452449356,M1D,150,TS
15,176,0.994932851648315,0.9943712624918307,M1D,150,TS
15,177,0.9949255098219727,0.9943240284688836,M1D,150,TS
15,178,0.9949214325530107,0.9942980978133001,M1D,150,TS
15,179,0.9949097971769096,0.9942732136812956,M1D,150,TS
15,180,0.9948833397107228,0.9942587084203152,M1D,150,TS
15,181,0.9948059503284219,0.9942308823364517,M1D,150,TS
15,182,0.9947249757270282,0.994203170955132,M1D,150,TS
15,183,0.9946328188777054,0.9941748479447997,M1D,150,TS
15,184,0.994556640269802,0.994127083831538,M1D,150,TS
15,185,0.9944566820527307,0.9940746031995192,M1D,150,TS
15,186,0.9944022573565555,0.9939923615860073,M1D,150,TS
15,187,0.9943491582095565,0.9939107112900537,M1D,150,TS
15,188,0.9942834853639416,0.9938360930977451,M1D,150,TS
15,189,0.9942423860416657,0.993767541894397,M1D,150,TS
15,190,0.9941943633012958,0.99370021751067,M1D,150,TS
15,191,0.9941214406260783,0.9936471882380868,M1D,150,TS
15,192,0.9940644165797171,0.9935665387615935,M1D,150,TS
15,193,0.9939849550593147,0.993465069065455,M1D,150,TS
15,194,0.9939132663788257,0.9933828054033375,M1D,150,TS
15,195,0.9938551810527687,0.9932753070925869,M1D,150,TS
15,196,0.9937969359266035,0.993191466819885,M1D,150,TS
15,197,0.9937438760109061,0.9931102743878762,M1D,150,TS
15,198,0.9936960013056741,0.9930317297965581,M1D,150,TS
15,199,0.9936533118109079,0.9929558330459303,M1D,150,TS
15,200,0.993615807526607,0.9928825841359928,M1D,150,TS
17,151,0.9980876584157506,0.9981988628599255,M1D,150,TS
17,152,0.9981352042733159,0.9982005149372316,M1D,150,TS
17,153,0.9981566729266981,0.9981990966535358,M1D,150,TS
17,154,0.998152064375897,0.9981946080088381,M1D,150,TS
17,155,0.9981213786209127,0.9981870490031384,M1D,150,TS
17,156,0.9980646156617479,0.9981764196364397,M1D,150,TS
17,157,0.9979494545663445,0.9981705147064482,M1D,150,TS
17,158,0.9979097161329462,0.9981516063281852,M1D,150,TS
17,159,0.9979176121027216,0.9981296442401372,M1D,150,TS
17,160,0.9977559841524373,0.9981067784629151,M1D,150,TS
17,161,0.9977519595499136,0.9980777202721026,M1D,150,TS
17,162,0.9977688485147062,0.9980238517317531,M1D,150,TS
17,163,0.9978168947376731,0.99797488085354,M1D,150,TS
17,164,0.9978755313898338,0.9979438080099865,M1D,150,TS
17,165,0.9979888789109685,0.9979223487135647,M1D,150,TS
17,166,0.9980966942905272,0.9979170251837388,M1D,150,TS
17,167,0.9980050167181996,0.997925633451644,M1D,150,TS
17,168,0.9980279963497212,0.9979497394395561,M1D,150,TS
17,169,0.9980399116980906,0.9979564171316131,M1D,150,TS
17,170,0.998046379793742,0.9979660982303569,M1D,150,TS
17,171,0.9980724622218546,0.9979381016691592,M1D,150,TS
17,172,0.9980755730720043,0.9978819938477905,M1D,150,TS
17,173,0.9980659388396138,0.9978433010842276,M1D,150,TS
17,174,0.9980451216973336,0.9978101933199821,M1D,150,TS
17,175,0.9980200775252531,0.9977925516603681,M1D,150,TS
17,176,0.9979768399295956,0.9977707538863431,M1D,150,TS
17,177,0.9979523464467734,0.9977720452712269,M1D,150,TS
17,178,0.9979192537226368,0.9977947893696184,M1D,150,TS
17,179,0.9978812563814822,0.9978184102611003,M1D,150,TS
17,180,0.9978276205537122,0.9978523250858917,M1D,150,TS
17,181,0.99779056482589,0.9978713831952342,M1D,150,TS
17,182,0.9977713897388524,0.9978899811738436,M1D,150,TS
17,183,0.9977523831235487,0.9979074241004082,M1D,150,TS
17,184,0.9977298930177749,0.9979060742690483,M1D,150,TS
17,185,0.9976923719248798,0.9978999528713123,M1D,150,TS
17,186,0.9976702775317827,0.9978649707384386,M1D,150,TS
17,187,0.9976507861793333,0.9978306009558928,M1D,150,TS
17,188,0.99760405834563,0.9978035252605588,M1D,150,TS
17,189,0.9975449789654255,0.9977833942823429,M1D,150,TS
17,190,0.9974977354863259,0.9977640876396658,M1D,150,TS
17,191,0.9974704408888537,0.9977578236133856,M1D,150,TS
17,192,0.9974628881747938,0.9977240951734473,M1D,150,TS
17,193,0.9974755488038036,0.9976684548353105,M1D,150,TS
17,194,0.9974938234159549,0.9976320841357094,M1D,150,TS
17,195,0.9975989351942185,0.9975687409759755,M1D,150,TS
17,196,0.9975292329964532,0.9975334011542984,M1D,150,TS
17,197,0.997419619540284,0.9975018654167138,M1D,150,TS
17,198,0.997270094825708,0.9974741337632188,M1D,150,TS
17,199,0.9970806588527253,0.9974502061938133,M1D,150,TS
17,200,0.9968513116213358,0.9974300827084975,M1D,150,TS
18,151,0.9967286752306215,0.9969447675520361,M1D,150,TS
18,152,0.996734180439968,0.9969252205642369,M1D,150,TS
18,153,0.9967286473994351,0.9969022191633297,M1D,150,TS
18,154,0.9967120761090231,0.9968757633493144,M1D,150,TS
18,155,0.9966844665687318,0.996845853122191,M1D,150,TS
18,156,0.9966458187785637,0.9968124884819622,M1D,150,TS
18,157,0.9965932376844059,0.9967827396042399,M1D,150,TS
18,158,0.996527560446605,0.9967422097661895,M1D,150,TS
18,159,0.9964576808305154,0.996700002344147,M1D,150,TS
18,160,0.9963852885555852,0.9966525604465399,M1D,150,TS
18,161,0.9963093425696747,0.9966030620659123,M1D,150,TS
18,162,0.996241155290386,0.9965290491255833,M1D,150,TS
18,163,0.9961930232600331,0.9964602262587916,M1D,150,TS
18,164,0.9961534929420675,0.996409355210943,M1D,150,TS
18,165,0.9961282542437089,0.9963691106204741,M1D,150,TS
18,166,0.9961340704382093,0.9963440925625279,M1D,150,TS
18,167,0.9961332036581544,0.9963280529416346,M1D,150,TS
18,168,0.9961445950325705,0.9963301340463298,M1D,150,TS
18,169,0.9961564930828966,0.9963144831602068,M1D,150,TS
18,170,0.9961554243304382,0.9963020094472191,M1D,150,TS
18,171,0.9961540709408457,0.9962523214724672,M1D,150,TS
18,172,0.9961171965817952,0.9961748269207567,M1D,150,TS
18,173,0.9960709459919943,0.9961147260711047,M1D,150,TS
18,174,0.9960208668691528,0.9960600680547234,M1D,150,TS
18,175,0.9959813926061627,0.9960204299810981,M1D,150,TS
18,176,0.995958089004092,0.9959757522390645,M1D,150,TS
18,177,0.9959376291560111,0.9959546204226299,M1D,150,TS
18,178,0.9959178524370527,0.9959547433830951,M1D,150,TS
18,179,0.995896460375093,0.9959556644439369,M1D,150,TS
18,180,0.9958710421699442,0.9959666197704502,M1D,150,TS
18,181,0.9958367919253477,0.9959633673271463,M1D,150,TS
18,182,0.9957831257202757,0.9959606240241033,M1D,150,TS
18,183,0.9957326025198818,0.995956750289463,M1D,150,TS
18,184,0.9956971290990027,0.9959335701909461,M1D,150,TS
18,185,0.9956599277889449,0.9959051846192708,M1D,150,TS
18,186,0.9956296855841797,0.995848149002121,M1D,150,TS
18,187,0.9955981713458765,0.9957918072440983,M1D,150,TS
18,188,0.9955528767442439,0.9957424466747824,M1D,150,TS
18,189,0.9954912232503919,0.9957001348540185,M1D,150,TS
18,190,0.9954337333107592,0.9956588375952898,M1D,150,TS
18,191,0.9953760597201944,0.9956311108794427,M1D,150,TS
18,192,0.9953032597925409,0.9955767616193817,M1D,150,TS
18,193,0.9952215665357579,0.9955012844568064,M1D,150,TS
18,194,0.9951472511607411,0.9954449794966996,M1D,150,TS
18,195,0.9950705577024481,0.9953640087540084,M1D,150,TS
18,196,0.9950302699225336,0.9953056071670559,M1D,150,TS
18,197,0.9950046135818877,0.9952496008037467,M1D,150,TS
18,198,0.9949935886805082,0.995195989664078,M1D,150,TS
18,199,0.9949971952183951,0.9951447737480498,M1D,150,TS
18,200,0.9950154331955485,0.9950959530556621,M1D,150,TS
19,151,0.9983541625402169,0.9983151800762511,M1D,150,TS
19,152,0.998313949241844,0.9983145717171896,M1D,150,TS
19,153,0.9982766524905043,0.9983101454525024,M1D,150,TS
19,154,0.9982422722861977,0.9983019012821894,M1D,150,TS
19,155,0.9982108086289242,0.9982898392062505,M1D,150,TS
19,156,0.9981822615186868,0.9982739592246885,M1D,150,TS
19,157,0.9981634010364282,0.9982610495311226,M1D,150,TS
19,158,0.9981526300088968,0.9982368783811016,M1D,150,TS
19,159,0.998118417587482,0.9982114825519423,M1D,150,TS
19,160,0.9980856048046101,0.9981807722997822,M1D,150,TS
19,161,0.9980510460025163,0.9981479719833093,M1D,150,TS
19,162,0.9980122018525,0.9980909760865007,M1D,150,TS
19,163,0.9979886622993271,0.9980392957064866,M1D,150,TS
19,164,0.9979748072893371,0.9980055546514983,M1D,150,TS
19,165,0.9979576989069638,0.9979829331587454,M1D,150,TS
19,166,0.9979557420190031,0.9979759338552364,M1D,150,TS
19,167,0.9979701549299111,0.9979773116535064,M1D,150,TS
19,168,0.9979696476288039,0.997997533942317,M1D,150,TS
19,169,0.9979757712917408,0.9979998685210639,M1D,150,TS
19,170,0.9979679876075439,0.9980054340534212,M1D,150,TS
19,171,0.9979505371878232,0.9979740087835806,M1D,150,TS
19,172,0.9979374164180058,0.997913722396736,M1D,150,TS
19,173,0.9979284641604969,0.9978704501284728,M1D,150,TS
19,174,0.9979243138901803,0.9978323546325774,M1D,150,TS
19,175,0.9979137758823782,0.9978097903535751,M1D,150,TS
19,176,0.9979146632249826,0.9977823202871433,M1D,150,TS
19,177,0.9979219630620617,0.9977782782116421,M1D,150,TS
19,178,0.9979164416020232,0.9977958147682928,M1D,150,TS
19,179,0.9978810831926193,0.9978148929671187,M1D,150,TS
19,180,0.9978462976686268,0.9978438553236321,M1D,150,TS
19,181,0.9978140490845031,0.9978582830371419,M1D,150,TS
19,182,0.9978019663708897,0.9978721954210216,M1D,150,TS
19,183,0.9977817707485597,0.9978851867894396,M1D,150,TS
19,184,0.997760137049204,0.9978793143281771,M1D,150,TS
19,185,0.9977178738287117,0.9978688068343444,M1D,150,TS
19,186,0.9976769311981306,0.9978297823198871,M1D,150,TS
19,187,0.9976246500837709,0.997791724124082,M1D,150,TS
19,188,0.9975481718358651,0.997760892317602,M1D,150,TS
19,189,0.997464250420944,0.9977368924177202,M1D,150,TS
19,190,0.9974058504213121,0.9977133497128589,M1D,150,TS
19,191,0.9973498303501193,0.9977033210558461,M1D,150,TS
19,192,0.9973111514638624,0.9976658550181262,M1D,150,TS
19,193,0.9972846686521686,0.9976066719688738,M1D,150,TS
19,194,0.9972725060212573,0.9975665506784527,M1D,150,TS
19,195,0.9972586462336028,0.997501707565377,M1D,150,TS
19,196,0.9972579269779204,0.9974600435652774,M1D,150,TS
19,197,0.997266220569223,0.9974209222751997,M1D,150,TS
19,198,0.9972835270075077,0.9973843436951416,M1D,150,TS
19,199,0.9973098462927743,0.9973503078251028,M1D,150,TS
19,200,0.997345178425023,0.9973188146650833,M1D,150,TS
20,151,0.9973616389364621,0.9975704243732854,M1D,150,TS
20,152,0.9974075197253998,0.997558349442887,M1D,150,TS
20,153,0.9974215049847107,0.9975433513178263,M1D,150,TS
20,154,0.997403594714395,0.9975254299981035,M1D,150,TS
20,155,0.9973537889144526,0.9975045854837183,M1D,150,TS
20,156,0.9972720875848866,0.997480817774674,M1D,150,TS
20,157,0.9971109528470454,0.9974623259459272,M1D,150,TS
20,158,0.9969958467251645,0.9974315638098822,M1D,150,TS
20,159,0.9968982250774934,0.9973985525887735,M1D,150,TS
20,160,0.9968057423558895,0.9973601176833865,M1D,150,TS
20,161,0.9967649835522265,0.9973182203330027,M1D,150,TS
20,162,0.9967462230467132,0.9972514565773615,M1D,150,TS
20,163,0.9967562441604744,0.9971896610917462,M1D,150,TS
20,164,0.9968197596582506,0.9971446707378626,M1D,150,TS
20,165,0.9969000064872323,0.9971102604143115,M1D,150,TS
20,166,0.9969981041843179,0.9970914072197915,M1D,150,TS
20,167,0.9968934864706803,0.997086543671877,M1D,150,TS
20,168,0.996978171831189,0.997095279038861,M1D,150,TS
20,169,0.9968581736723161,0.9970915353810137,M1D,150,TS
20,170,0.9967202675194098,0.9970911033417685,M1D,150,TS
20,171,0.9966286239580148,0.9970522741053385,M1D,150,TS
20,172,0.9965689094138606,0.9969839067966498,M1D,150,TS
20,173,0.9966561260440131,0.9969289124929763,M1D,150,TS
20,174,0.9965639000607831,0.99688383688864,M1D,150,TS
20,175,0.9964988305626201,0.996853386414973,M1D,150,TS
20,176,0.9964825142151799,0.9968170646639937,M1D,150,TS
20,177,0.9965271691823476,0.9968027858990169,M1D,150,TS
20,178,0.9966247076581672,0.9968084113487045,M1D,150,TS
20,179,0.9965231349097945,0.9968198902372402,M1D,150,TS
20,180,0.9964948170830299,0.996839410317136,M1D,150,TS
20,181,0.9965423828461333,0.996842546531204,M1D,150,TS
20,182,0.9965689321766831,0.9968462312102568,M1D,150,TS
20,183,0.99662696643056,0.9968480246935812,M1D,150,TS
20,184,0.9964687216956917,0.9968364446806297,M1D,150,TS
20,185,0.9964055226886985,0.9968172181272318,M1D,150,TS
20,186,0.9964305090450565,0.99676726265617,M1D,150,TS
20,187,0.9962479179393413,0.9967232887544748,M1D,150,TS
20,188,0.9960964738165874,0.9966851325393792,M1D,150,TS
20,189,0.9959848674786759,0.9966525873256832,M1D,150,TS
20,190,0.9959041879371922,0.9966203729998926,M1D,150,TS
20,191,0.9958612410572101,0.9966007576973179,M1D,150,TS
20,192,0.9958008059821721,0.996554599801259,M1D,150,TS
20,193,0.9957761643512522,0.9964861543631365,M1D,150,TS
20,194,0.9958041770686448,0.9964357444865142,M1D,150,TS
20,195,0.9958724204484426,0.996359570562714,M1D,150,TS
20,196,0.9959026605517954,0.9963078711931462,M1D,150,TS
20,197,0.9959341167151717,0.9962589121705798,M1D,150,TS
20,198,0.9959667889385689,0.996212693495012,M1D,150,TS
20,199,0.996000677221987,0.9961692151664424,M1D,150,TS
20,200,0.9960357815654259,0.9961284771848716,M1D,150,TS
21,151,0.9956912339585707,0.9956479247184457,M1D,150,TS
21,152,0.9956361582846758,0.9956170618683852,M1D,150,TS
21,153,0.9955777660134763,0.9955825487910351,M1D,150,TS
21,154,0.9955160571449724,0.9955443854863957,M1D,150,TS
21,155,0.995451031679164,0.9955025719544667,M1D,150,TS
21,156,0.995382689616054,0.995457108195251,M1D,150,TS
21,157,0.9953032813292844,0.9954152058987389,M1D,150,TS
21,158,0.9952288312847336,0.9953620296793393,M1D,150,TS
21,159,0.9951657989556684,0.9953067920811551,M1D,150,TS
21,160,0.9950827836652403,0.9952467610803284,M1D,150,TS
21,161,0.9950040504535111,0.9951844622239029,M1D,150,TS
21,162,0.9949378275730777,0.9950975061999936,M1D,150,TS
21,163,0.994872731051322,0.9950162262343402,M1D,150,TS
21,164,0.9948462154708643,0.9949521295995704,M1D,150,TS
21,165,0.9948455456205259,0.9948983492693989,M1D,150,TS
21,166,0.9948506100983525,0.9948604570115052,M1D,150,TS
21,167,0.9948442953928711,0.9948316762103339,M1D,150,TS
21,168,0.994858696630907,0.9948207912964991,M1D,150,TS
21,169,0.9948599240004905,0.9947925210250125,M1D,150,TS
21,170,0.9948275598015108,0.994767950168662,M1D,150,TS
21,171,0.9947749222348143,0.994706658432774,M1D,150,TS
21,172,0.9947228452351056,0.9946166294260642,M1D,150,TS
21,173,0.994660418753779,0.9945440451418546,M1D,150,TS
21,174,0.9946132830160076,0.9944764334219596,M1D,150,TS
21,175,0.9945781416702075,0.9944237857509286,M1D,150,TS
21,176,0.9945183042464286,0.9943671416252227,M1D,150,TS
21,177,0.994460904363839,0.9943340738100851,M1D,150,TS
21,178,0.9944207553588466,0.9943218547918096,M1D,150,TS
21,179,0.9943659110086336,0.9943107693367904,M1D,150,TS
21,180,0.9943098604053411,0.9943096629296838,M1D,150,TS
21,181,0.9942479000109743,0.9942942727318933,M1D,150,TS
21,182,0.9941933460671152,0.9942787075721474,M1D,150,TS
21,183,0.9941428593360844,0.9942620257329333,M1D,150,TS
21,184,0.9941003087097292,0.9942262033186762,M1D,150,TS
21,185,0.994049879015029,0.9941853000675759,M1D,150,TS
21,186,0.9939787237981907,0.99411644573526,M1D,150,TS
21,187,0.9939123404758661,0.9940481261604713,M1D,150,TS
21,188,0.9938302001053307,0.9939868546290975,M1D,150,TS
21,189,0.9937594602523034,0.9939319208207508,M1D,150,TS
21,190,0.9936779827658371,0.9938783823444952,M1D,150,TS
21,191,0.9935713169909226,0.9938390609260528,M1D,150,TS
21,192,0.9934749826288649,0.9937724409474407,M1D,150,TS
21,193,0.9933924321192207,0.9936841217429154,M1D,150,TS
21,194,0.9933409069786632,0.9936143465365509,M1D,150,TS
21,195,0.9933053047706054,0.9935194357603964,M1D,150,TS
21,196,0.9932830596003424,0.9934476918586364,M1D,150,TS
21,197,0.9932787843572951,0.9933782559195683,M1D,150,TS
21,198,0.9932924790414607,0.9933111279431894,M1D,150,TS
21,199,0.9933241436528392,0.9932463079294996,M1D,150,TS
21,200,0.9933737781914306,0.993183795878499,M1D,150,TS
22,151,0.9979528761834789,0.9978233424936024,M1D,150,TS
22,152,0.9979072381966131,0.9978159045786476,M1D,150,TS
22,153,0.9978617640595299,0.9978047214054637,M1D,150,TS
22,154,0.997816453772229,0.9977897929740509,M1D,150,TS
22,155,0.9977713073347109,0.9977711192844093,M1D,150,TS
22,156,0.9977263247469779,0.9977487003365415,M1D,150,TS
22,157,0.9976623722504454,0.9977300040921575,M1D,150,TS
22,158,0.9976220530829301,0.9976996248369524,M1D,150,TS
22,159,0.9975850693515447,0.9976673424069064,M1D,150,TS
22,160,0.9975521284025106,0.9976296734647326,M1D,150,TS
22,161,0.9975274650059696,0.9975896466667267,M1D,150,TS
22,162,0.99750044667464,0.997525354817458,M1D,150,TS
22,163,0.9974735928424314,0.9974667709178786,M1D,150,TS
22,164,0.9974506677254206,0.9974262780490071,M1D,150,TS
22,165,0.9974375716473516,0.9973965592434002,M1D,150,TS
22,166,0.9974409607621424,0.9973824399705822,M1D,150,TS
22,167,0.9974532155137844,0.9973769026857432,M1D,150,TS
22,168,0.9974715255646589,0.9973896638760377,M1D,150,TS
22,169,0.9974882601035546,0.9973847455324379,M1D,150,TS
22,170,0.9974927470335335,0.9973830111197641,M1D,150,TS
22,171,0.9974823827231087,0.9973443961015771,M1D,150,TS
22,172,0.9974560568032118,0.997277433016676,M1D,150,TS
22,173,0.9974282640273349,0.9972276515166456,M1D,150,TS
22,174,0.9974235959318766,0.997182589319788,M1D,150,TS
22,175,0.9974112134769693,0.997153081084702,M1D,150,TS
22,176,0.9974167092627432,0.9971184988226515,M1D,150,TS
22,177,0.9974104067819365,0.997107830085587,M1D,150,TS
22,178,0.9973914928461298,0.9971187505326876,M1D,150,TS
22,179,0.9973688547367965,0.9971305416854618,M1D,150,TS
22,180,0.9973364659420498,0.9971524960608326,M1D,150,TS
22,181,0.9972937885930526,0.9971602402102733,M1D,150,TS
22,182,0.9972503787900733,0.9971680102444289,M1D,150,TS
22,183,0.9972196642067779,0.9971743516668679,M1D,150,TS
22,184,0.9971947514642006,0.9971616293552537,M1D,150,TS
22,185,0.9971539974562448,0.9971441249730109,M1D,150,TS
22,186,0.99711660853755,0.9970980390607541,M1D,150,TS
22,187,0.9970594165220095,0.9970531338584411,M1D,150,TS
22,188,0.9969981574821415,0.9970149489186925,M1D,150,TS
22,189,0.996932905442551,0.9969835090963669,M1D,150,TS
22,190,0.9968700312810477,0.9969531198222314,M1D,150,TS
22,191,0.9967969001664407,0.9969365765297733,M1D,150,TS
22,192,0.9967343004587343,0.9968927500438972,M1D,150,TS
22,193,0.9966924120561809,0.9968269933619959,M1D,150,TS
22,194,0.9966737251724511,0.9967800579482777,M1D,150,TS
22,195,0.9966714083321956,0.9967079306023379,M1D,150,TS
22,196,0.9966745969745014,0.9966591884876671,M1D,150,TS
22,197,0.9966913347168012,0.9966128721156589,M1D,150,TS
22,198,0.9967216215590917,0.9965689814863105,M1D,150,TS
22,199,0.9967654575013734,0.9965275165996218,M1D,150,TS
22,200,0.996822842543646,0.996488477455593,M1D,150,TS
23,151,0.9957291000885199,0.9958758385028519,M1D,150,TS
23,152,0.995655804722311,0.9958494036714672,M1D,150,TS
23,153,0.995583265767001,0.9958192134249085,M1D,150,TS
23,154,0.9955114832225899,0.9957852677631757,M1D,150,TS
23,155,0.9954404570890777,0.9957475666862687,M1D,150,TS
23,156,0.9953701873664672,0.9957061101941908,M1D,150,TS
23,157,0.9952964816511591,0.9956680170067636,M1D,150,TS
23,158,0.9952337450924627,0.9956184900236721,M1D,150,TS
23,159,0.9951646689343825,0.9955673671675318,M1D,150,TS
23,160,0.9950886447357687,0.9955111083650141,M1D,150,TS
23,161,0.9950125348933974,0.9954527117696245,M1D,150,TS
23,162,0.9949454753952015,0.9953697984068035,M1D,150,TS
23,163,0.9948705612965933,0.9952927805578468,M1D,150,TS
23,164,0.9948185960203811,0.9952333216591062,M1D,150,TS
23,165,0.9947838854552487,0.9951843822351047,M1D,150,TS
23,166,0.9947588975268944,0.9951512004219037,M1D,150,TS
23,167,0.9947590577003345,0.9951261657849769,M1D,150,TS
23,168,0.9947644068394659,0.9951194197462482,M1D,150,TS
23,169,0.9947660037795605,0.9950950504499142,M1D,150,TS
23,170,0.9947637944757017,0.9950735995122703,M1D,150,TS
23,171,0.9947466162556119,0.9950153883884681,M1D,150,TS
23,172,0.9947189951630708,0.9949287893283453,M1D,150,TS
23,173,0.9946621370785891,0.9948600746405027,M1D,150,TS
23,174,0.9946149970545015,0.994796475481681,M1D,150,TS
23,175,0.9945695964921818,0.994748073727987,M1D,150,TS
23,176,0.9945269742307985,0.9946949520476099,M1D,150,TS
23,177,0.9944802338775807,0.9946655498451894,M1D,150,TS
23,178,0.99442978382032,0.9946575106955761,M1D,150,TS
23,179,0.994383440304972,0.9946500931494241,M1D,150,TS
23,180,0.9943415393688771,0.9946525008112239,M1D,150,TS
23,181,0.9942902372324994,0.9946407751198764,M1D,150,TS
23,182,0.9942375416961541,0.994629098852252,M1D,150,TS
23,183,0.9941733265295782,0.9946166884528542,M1D,150,TS
23,184,0.9941300293605158,0.9945848288472567,M1D,150,TS
23,185,0.9940893572924874,0.9945476147121443,M1D,150,TS
23,186,0.9940361842867442,0.9944822751026412,M1D,150,TS
23,187,0.9939514980828261,0.9944184059811212,M1D,150,TS
23,188,0.9938687256791139,0.9943611167404633,M1D,150,TS
23,189,0.9937819685524725,0.9943105392876703,M1D,150,TS
23,190,0.9937040166065777,0.9942608762437474,M1D,150,TS
23,191,0.9936094491179026,0.9942251827598685,M1D,150,TS
23,192,0.9935086087142964,0.9941626642528689,M1D,150,TS
23,193,0.9934110201584094,0.9940787409583242,M1D,150,TS
23,194,0.9933458424257315,0.994013295952667,M1D,150,TS
23,195,0.9932978906382908,0.9939227358789621,M1D,150,TS
23,196,0.993268502233414,0.9938551646746834,M1D,150,TS
23,197,0.9932555990533375,0.9937899358941481,M1D,150,TS
23,198,0.9932591810980587,0.9937270495373534,M1D,150,TS
23,199,0.9932792483675777,0.9936665056042994,M1D,150,TS
23,200,0.9933158008618946,0.9936083040949861,M1D,150,TS
26,151,0.9959505042486115,0.995835419377888,M1D,150,TS
26,152,0.9959391513915293,0.9958049880020465,M1D,150,TS
26,153,0.9959235813440527,0.9957709313216713,M1D,150,TS
26,154,0.9959037941061815,0.9957332493367622,M1D,150,TS
26,155,0.9958797896779156,0.9956919420473196,M1D,150,TS
26,156,0.9958515680592581,0.995647009453346,M1D,150,TS
26,157,0.9958072894134908,0.9956057695412932,M1D,150,TS
26,158,0.9957666449082698,0.9955533025048456,M1D,150,TS
26,159,0.9957290508396146,0.9954989720561389,M1D,150,TS
26,160,0.9956855218293663,0.9954395013863389,M1D,150,TS
26,161,0.9956471401855236,0.9953777066787316,M1D,150,TS
26,162,0.9956172217042869,0.9952912648175495,M1D,150,TS
26,163,0.9955702454172622,0.9952109840639886,M1D,150,TS
26,164,0.9955319666902213,0.9951487011389796,M1D,150,TS
26,165,0.9954958282837898,0.9950973734446927,M1D,150,TS
26,166,0.9954580497498497,0.9950621758309335,M1D,150,TS
26,167,0.9954201972989694,0.9950358495598067,M1D,150,TS
26,168,0.9954003162585383,0.9950274985360976,M1D,150,TS
26,169,0.9953739741361689,0.9950015845284339,M1D,150,TS
26,170,0.9953283702185327,0.9949790301065382,M1D,150,TS
26,171,0.9952770786212812,0.9949191991576577,M1D,150,TS
26,172,0.9952158335301919,0.994830777223323,M1D,150,TS
26,173,0.9951514651758169,0.9947597000214544,M1D,150,TS
26,174,0.9950852331987592,0.9946940374249126,M1D,150,TS
26,175,0.9950159682286617,0.9946437711973782,M1D,150,TS
26,176,0.994937142898188,0.9945891581057769,M1D,150,TS
26,177,0.9948684720981864,0.9945579697631907,M1D,150,TS
26,178,0.994824032753938,0.9945474961046227,M1D,150,TS
26,179,0.9947916678182149,0.994537526521836,M1D,150,TS
26,180,0.9947660354292998,0.9945373505665442,M1D,150,TS
26,181,0.9947581952186065,0.9945221705399493,M1D,150,TS
26,182,0.9947504723156242,0.9945070054699517,M1D,150,TS
26,183,0.9947581154144762,0.9944904743536037,M1D,150,TS
26,184,0.99477481366559,0.9944547298335165,M1D,150,TS
26,185,0.994767935465342,0.9944143068660168,M1D,150,TS
26,186,0.9947573642526486,0.9943454338757596,M1D,150,TS
26,187,0.9947425828269708,0.9942773119273685,M1D,150,TS
26,188,0.9947137593630634,0.9942162211269848,M1D,150,TS
26,189,0.9947103567853216,0.9941611488812793,M1D,150,TS
26,190,0.9946953152330662,0.9941074541573041,M1D,150,TS
26,191,0.994681869981461,0.9940673376632472,M1D,150,TS
26,192,0.9946622189775258,0.9940002577705882,M1D,150,TS
26,193,0.9946446633771215,0.9939117401439643,M1D,150,TS
26,194,0.9946319178289431,0.9938424932770451,M1D,150,TS
26,195,0.9945965515165704,0.9937490025295532,M1D,150,TS
26,196,0.9945587055634009,0.9936791661335992,M1D,150,TS
26,197,0.9945147672408209,0.9936122622688459,M1D,150,TS
26,198,0.994464736548828,0.9935482909352906,M1D,150,TS
26,199,0.9944086134874224,0.9934872521329334,M1D,150,TS
26,200,0.994346398056604,0.9934291458617741,M1D,150,TS
27,151,0.9956270353333843,0.9955752069642942,M1D,150,TS
27,152,0.9956308304875027,0.9955438059845434,M1D,150,TS
27,153,0.9956235063981074,0.9955089545925132,M1D,150,TS
27,154,0.9956050630651984,0.9954706527882035,M1D,150,TS
27,155,0.9955755004887756,0.9954289005716143,M1D,150,TS
27,156,0.9955348186688422,0.9953836979427485,M1D,150,TS
27,157,0.9954834006625471,0.9953420481676339,M1D,150,TS
27,158,0.995418425360461,0.9952895926099213,M1D,150,TS
27,159,0.9953565849148365,0.9952352974495223,M1D,150,TS
27,160,0.9952733097356826,0.9951762390833859,M1D,150,TS
27,161,0.9952144854349595,0.9951144074004807,M1D,150,TS
27,162,0.9951573562046216,0.9950282310232754,M1D,150,TS
27,163,0.9950850316767843,0.9949481410522582,M1D,150,TS
27,164,0.9949959437697586,0.9948866352032023,M1D,150,TS
27,165,0.9949210350328426,0.9948357309065018,M1D,150,TS
27,166,0.9948438679446346,0.9948009008697942,M1D,150,TS
27,167,0.9947548564922097,0.9947751752459653,M1D,150,TS
27,168,0.9946976510250903,0.9947670560498364,M1D,150,TS
27,169,0.9946473330066448,0.9947410403505648,M1D,150,TS
27,170,0.9945945152930386,0.994717913278738,M1D,150,TS
27,171,0.9945447834265342,0.9946575330402613,M1D,150,TS
27,172,0.9945075395805032,0.9945681578459866,M1D,150,TS
27,173,0.9944889188554943,0.994495456169665,M1D,150,TS
27,174,0.9944763021037695,0.9944279679321135,M1D,150,TS
27,175,0.9944619689353607,0.9943757696798201,M1D,150,TS
27,176,0.9944689801054403,0.9943183820991728,M1D,150,TS
27,177,0.9944851237885035,0.9942843833250169,M1D,150,TS
27,178,0.9944910894255776,0.9942719217303744,M1D,150,TS
27,179,0.9944799854294203,0.9942606337660607,M1D,150,TS
27,180,0.9944433259927755,0.9942599443234735,M1D,150,TS
27,181,0.994388699724889,0.9942453234066372,M1D,150,TS
27,182,0.9943523016714957,0.994230249535556,M1D,150,TS
27,183,0.9943249681714408,0.9942139245688639,M1D,150,TS
27,184,0.99428351692634,0.9941790401970861,M1D,150,TS
27,185,0.9942383398808105,0.9941389599971283,M1D,150,TS
27,186,0.9942158639706631,0.9940698424818604,M1D,150,TS
27,187,0.9941856942445113,0.9940015812483106,M1D,150,TS
27,188,0.9941470624534154,0.9939401718909328,M1D,150,TS
27,189,0.9941038359803992,0.9938854959932676,M1D,150,TS
27,190,0.9940330063469403,0.99383266092109,M1D,150,TS
27,191,0.9939755654170752,0.9937930340995986,M1D,150,TS
27,192,0.993924755344659,0.9937262348642398,M1D,150,TS
27,193,0.9938759374482569,0.9936380590401948,M1D,150,TS
27,194,0.9938333304535465,0.9935690393242248,M1D,150,TS
27,195,0.9937877818081611,0.9934754072642702,M1D,150,TS
27,196,0.9937337446981204,0.9934054706505875,M1D,150,TS
27,197,0.9936772647437789,0.9933383628445366,M1D,150,TS
27,198,0.9936183419451339,0.9932740838461146,M1D,150,TS
27,199,0.9935569763021853,0.9932126336553218,M1D,150,TS
27,200,0.9934931678149332,0.9931540122721578,M1D,150,TS
28,151,0.9958768271134878,0.9955435933960333,M1D,150,TS
28,152,0.9958069872774017,0.9955118441707519,M1D,150,TS
28,153,0.9957385062343753,0.9954763249222592,M1D,150,TS
28,154,0.9956713839844086,0.9954370356505554,M1D,150,TS
28,155,0.9956056205275016,0.9953939763556404,M1D,150,TS
28,156,0.9955412158636568,0.995347147037517,M1D,150,TS
28,157,0.9954703721703593,0.9953037611147716,M1D,150,TS
28,158,0.9954017294613472,0.9952491686504152,M1D,150,TS
28,159,0.9953492965457706,0.9951923964742969,M1D,150,TS
28,160,0.9952887605784829,0.9951305230084755,M1D,150,TS
28,161,0.9952268306544811,0.9950665311127166,M1D,150,TS
28,162,0.9951706085295687,0.994978069122783,M1D,150,TS
28,163,0.9951025837892211,0.9948956118007296,M1D,150,TS
28,164,0.9950259680471947,0.9948315411445859,M1D,150,TS
28,165,0.9949711867638683,0.9947778840288994,M1D,150,TS
28,166,0.9949195165957059,0.9947401759438076,M1D,150,TS
28,167,0.9948801619547997,0.9947109649476003,M1D,150,TS
28,168,0.9948288282290081,0.9947004858457962,M1D,150,TS
28,169,0.994759286893276,0.9946727513607126,M1D,150,TS
28,170,0.9946900390221152,0.9946478413121935,M1D,150,TS
28,171,0.9946267177461146,0.9945855623031218,M1D,150,TS
28,172,0.9945784560647598,0.9944941921226126,M1D,150,TS
28,173,0.9945622098053123,0.9944191710290984,M1D,150,TS
28,174,0.9945735190442897,0.9943488101982239,M1D,150,TS
28,175,0.9946043690732354,0.9942932086438979,M1D,150,TS
28,176,0.9946231319216181,0.9942332825468317,M1D,150,TS
28,177,0.9946438750046789,0.9941969393390677,M1D,150,TS
28,178,0.9946295992122275,0.9941827806688185,M1D,150,TS
28,179,0.9945936333057059,0.994169927065899,M1D,150,TS
28,180,0.9945449739711748,0.994167346265312,M1D,150,TS
28,181,0.9944893921720652,0.9941505236891525,M1D,150,TS
28,182,0.9944399381823597,0.9941335590366709,M1D,150,TS
28,183,0.9944161321713652,0.9941149244919939,M1D,150,TS
28,184,0.9943877023568948,0.9940774767159848,M1D,150,TS
28,185,0.9943462800062939,0.9940350737611828,M1D,150,TS
28,186,0.9943019638171833,0.9939642726716248,M1D,150,TS
28,187,0.9942709067133846,0.9938937887881596,M1D,150,TS
28,188,0.994239933611649,0.9938299438898024,M1D,150,TS
28,189,0.9942015542194994,0.9937729138343105,M1D,150,TS
28,190,0.9941377686530268,0.9937176597954195,M1D,150,TS
28,191,0.9940912929380132,0.9936755252220688,M1D,150,TS
28,192,0.9940443114741453,0.9936063808891309,M1D,150,TS
28,193,0.9940105493736837,0.9935155607703501,M1D,150,TS
28,194,0.9939496478780393,0.9934447662182483,M1D,150,TS
28,195,0.993885339415004,0.9933493472524197,M1D,150,TS
28,196,0.9938172778179344,0.9932775224367558,M1D,150,TS
28,197,0.9937457480426715,0.9932085546182029,M1D,150,TS
28,198,0.9936707500892124,0.9931424437967583,M1D,150,TS
28,199,0.9935922839575569,0.9930791899724221,M1D,150,TS
28,200,0.9935103496477052,0.9930187931451941,M1D,150,TS
29,151,0.9971053161646016,0.9971583882797649,M1D,150,TS
29,152,0.9970546443879883,0.997145107470144,M1D,150,TS
29,153,0.9969999147314916,0.9971281917493582,M1D,150,TS
29,154,0.9969411271951116,0.9971076411174076,M1D,150,TS
29,155,0.9968782817788483,0.9970834555742922,M1D,150,TS
29,156,0.9968113784827042,0.997055635120015,M1D,150,TS
29,157,0.9967248965817403,0.9970315682323879,M1D,150,TS
29,158,0.9966387616759906,0.9969963818880924,M1D,150,TS
29,159,0.9965665081064645,0.996959051557086,M1D,150,TS
29,160,0.9965136282181668,0.9969159242505052,M1D,150,TS
29,161,0.9964645471636396,0.9968705646815798,M1D,150,TS
29,162,0.9964205732676059,0.996800787923924,M1D,150,TS
29,163,0.9963652681228199,0.9967370017287173,M1D,150,TS
29,164,0.9963280237515837,0.9966909133559807,M1D,150,TS
29,165,0.9963083764024314,0.9966553648552721,M1D,150,TS
29,166,0.9962999252139577,0.9966355338018397,M1D,150,TS
29,167,0.9962917071015146,0.9966244879771715,M1D,150,TS
29,168,0.9962900129355721,0.9966317123862976,M1D,150,TS
29,169,0.9963176372464052,0.9966204659314823,M1D,150,TS
29,170,0.996330514478867,0.9966124388129118,M1D,150,TS
29,171,0.99633957105396,0.9965673394791753,M1D,150,TS
29,172,0.9963433788354059,0.9964936885263819,M1D,150,TS
29,173,0.996316399630141,0.9964379494043345,M1D,150,TS
29,174,0.9962795277877291,0.9963878003459832,M1D,150,TS
29,175,0.996253321792555,0.9963526713233349,M1D,150,TS
29,176,0.9962191139567975,0.9963131113565731,M1D,150,TS
29,177,0.9961771816583925,0.996297350339996,M1D,150,TS
29,178,0.9961279864664458,0.9963030312918684,M1D,150,TS
29,179,0.9960935972765861,0.9963090733978441,M1D,150,TS
29,180,0.9960372576932366,0.9963255990004145,M1D,150,TS
29,181,0.9959856516483765,0.996327596410675,M1D,150,TS
29,182,0.9959354462420607,0.9963295677450043,M1D,150,TS
29,183,0.9958692511216817,0.9963308723617555,M1D,150,TS
29,184,0.9958310565509717,0.9963125543180421,M1D,150,TS
29,185,0.9957945079160518,0.9962889606222598,M1D,150,TS
29,186,0.9957594622723526,0.9962368703761434,M1D,150,TS
29,187,0.995720506712767,0.9961855497116825,M1D,150,TS
29,188,0.9956817104654498,0.9961408399811995,M1D,150,TS
29,189,0.9956372887491772,0.9961028941682278,M1D,150,TS
29,190,0.9955685636190378,0.9960667051422291,M1D,150,TS
29,191,0.9954968102463866,0.9960441472291458,M1D,150,TS
29,192,0.9954372577928832,0.9959942968507287,M1D,150,TS
29,193,0.99534720467828,0.9959238758555397,M1D,150,TS
29,194,0.9952711797727173,0.9958724524747399,M1D,150,TS
29,195,0.9952156734143542,0.9957957968286605,M1D,150,TS
29,196,0.9951853650628,0.9957419754619488,M1D,150,TS
29,197,0.9951711378661893,0.9956905101186119,M1D,150,TS
29,198,0.9951729918245189,0.9956414007986472,M1D,150,TS
29,199,0.9951909269377889,0.9955946475020544,M1D,150,TS
29,200,0.9952249432059993,0.9955502502288338,M1D,150,TS
30,151,0.9786156496830348,0.9789461355308781,M1D,150,TS
30,152,0.97849959995813,0.9788007693087081,M1D,150,TS
30,153,0.9783824134107618,0.9786517158663035,M1D,150,TS
30,154,0.9782640900409304,0.9784989752036644,M1D,150,TS
30,155,0.9781446298486357,0.9783425473207905,M1D,150,TS
30,156,0.9780240328338803,0.978182432217685,M1D,150,TS
30,157,0.9778889014610461,0.9780261751288924,M1D,150,TS
30,158,0.9777682447260291,0.9778579704843239,M1D,150,TS
30,159,0.9776605185831237,0.9776879824651368,M1D,150,TS
30,160,0.97753377880097,0.9775129884498744,M1D,150,TS
30,161,0.9774259211339003,0.9773354405945449,M1D,150,TS
30,162,0.9773195538559117,0.9771339758571173,M1D,150,TS
30,163,0.9771920347440073,0.976938635713977,M1D,150,TS
30,164,0.9770537208353786,0.9767614167211282,M1D,150,TS
30,165,0.976874119681151,0.9765958869883772,M1D,150,TS
30,166,0.976676843904003,0.9764466622130815,M1D,150,TS
30,167,0.9764800237719291,0.9763060103734925,M1D,150,TS
30,168,0.9762819189345002,0.9761836460404927,M1D,150,TS
30,169,0.9760779184118875,0.9760437348155682,M1D,150,TS
30,170,0.9758535861728687,0.9759068888904258,M1D,150,TS
30,171,0.975640084719773,0.9757335718216503,M1D,150,TS
30,172,0.9754444258391946,0.9755318894872871,M1D,150,TS
30,173,0.9752571500427585,0.9753469188800351,M1D,150,TS
30,174,0.9750693311365886,0.9751675878758048,M1D,150,TS
30,175,0.9748969062286892,0.975002340250396,M1D,150,TS
30,176,0.9747300921460091,0.974832075264776,M1D,150,TS
30,177,0.9745758297873253,0.9746850351677834,M1D,150,TS
30,178,0.9744064513106123,0.9745596042008814,M1D,150,TS
30,179,0.9742581496357877,0.9744339833864084,M1D,150,TS
30,180,0.9741236702127505,0.9743180414964214,M1D,150,TS
30,181,0.9739996481604303,0.974188192289703,M1D,150,TS
30,182,0.9738789733217553,0.9740582882017481,M1D,150,TS
30,183,0.9737841247686867,0.9739269716371577,M1D,150,TS
30,184,0.9736866657990332,0.9737768909832807,M1D,150,TS
30,185,0.9735904989506905,0.9736209278168637,M1D,150,TS
30,186,0.9734797771977106,0.9734373409691179,M1D,150,TS
30,187,0.9733510233290976,0.9732548514519898,M1D,150,TS
30,188,0.9731987434300009,0.9730796355608475,M1D,150,TS
30,189,0.9730811593001335,0.9729098536670788,M1D,150,TS
30,190,0.9729794485882934,0.9727410074645294,M1D,150,TS
30,191,0.9728458590800013,0.9725862623836207,M1D,150,TS
30,192,0.9727194183353756,0.9724046308154634,M1D,150,TS
30,193,0.9725771072263516,0.9722025799019516,M1D,150,TS
30,194,0.9724210447533566,0.9720195450214935,M1D,150,TS
30,195,0.9722410586237553,0.9718131809687108,M1D,150,TS
30,196,0.9720844632924925,0.9716291696460374,M1D,150,TS
30,197,0.971925259507695,0.9714479326748274,M1D,150,TS
30,198,0.97176344726936,0.971269470055078,M1D,150,TS
30,199,0.9715990265774874,0.9710937817867892,M1D,150,TS
30,200,0.9714319974320774,0.9709208678699609,M1D,150,TS
31,151,0.9975070046684483,0.9974393724498171,M1D,150,TS
31,152,0.997474092201904,0.9974184044948257,M1D,150,TS
31,153,0.9974387880343855,0.9973937625623868,M1D,150,TS
31,154,0.9974010921658929,0.9973654466525007,M1D,150,TS
31,155,0.9973610045964262,0.9973334567651673,M1D,150,TS
31,156,0.9973185253259879,0.9972977929003892,M1D,150,TS
31,157,0.9972511507658179,0.9972660319599846,M1D,150,TS
31,158,0.9971848111679518,0.9972231447221801,M1D,150,TS
31,159,0.9971480978372742,0.9971776863254416,M1D,150,TS
31,160,0.9971319010209514,0.9971264212732479,M1D,150,TS
31,161,0.9971251197669797,0.9970727213514992,M1D,150,TS
31,162,0.9971208142617026,0.9969945124678319,M1D,150,TS
31,163,0.9970887395225201,0.9969227482933473,M1D,150,TS
31,164,0.9970490605713396,0.9968694176541326,M1D,150,TS
31,165,0.9970042857558397,0.9968272551543941,M1D,150,TS
31,166,0.9969578503880083,0.9968012305481195,M1D,150,TS
31,167,0.9968884360628354,0.9967846717791284,M1D,150,TS
31,168,0.9968279092851762,0.9967863340885851,M1D,150,TS
31,169,0.9967573712929807,0.9967705251200757,M1D,150,TS
31,170,0.9966948078549835,0.9967573972751942,M1D,150,TS
31,171,0.9966349709782729,0.9967067302796837,M1D,150,TS
31,172,0.996591494356329,0.9966267556763749,M1D,150,TS
31,173,0.9965419818218111,0.9965642048104197,M1D,150,TS
31,174,0.9965113307933615,0.9965065152270055,M1D,150,TS
31,175,0.9964791181183416,0.9964642275309318,M1D,150,TS
31,176,0.9964635240505813,0.996416938445696,M1D,150,TS
31,177,0.9964451825759255,0.996393402335913,M1D,150,TS
31,178,0.9964224586446496,0.9963913107682256,M1D,150,TS
31,179,0.9963817573715876,0.996390513396321,M1D,150,TS
31,180,0.9963609201896753,0.9963991606230875,M1D,150,TS
31,181,0.9963277652487826,0.9963935344313961,M1D,150,TS
31,182,0.9962946207306943,0.9963879233284723,M1D,150,TS
31,183,0.9962528918134679,0.9963815309092144,M1D,150,TS
31,184,0.9962236959859262,0.9963558339266031,M1D,150,TS
31,185,0.9961806766368064,0.9963252483262435,M1D,150,TS
31,186,0.9961562358257028,0.9962656254272629,M1D,150,TS
31,187,0.9961461259271673,0.9962062790254862,M1D,150,TS
31,188,0.9961059648658412,0.9961543697306485,M1D,150,TS
31,189,0.9960572708541137,0.9961093621583835,M1D,150,TS
31,190,0.9960122097441348,0.996065329446405,M1D,150,TS
31,191,0.9959512449869277,0.9960353384437882,M1D,150,TS
31,192,0.9959146986428828,0.9959775893321309,M1D,150,TS
31,193,0.9958371791458136,0.9958994787441493,M1D,150,TS
31,194,0.9957720818575309,0.995840487669622,M1D,150,TS
31,195,0.9956880636310182,0.9957571217299274,M1D,150,TS
31,196,0.995610149220539,0.9956972144929808,M1D,150,TS
31,197,0.9955296818882626,0.9956401535852925,M1D,150,TS
31,198,0.9954466616341862,0.9955859390068595,M1D,150,TS
31,199,0.9953610884583096,0.995534570757682,M1D,150,TS
31,200,0.9952729623606329,0.9954860488377598,M1D,150,TS
32,151,0.9976372787513029,0.9973756040053605,M1D,150,TS
32,152,0.9975859283782122,0.9973526837817844,M1D,150,TS
32,153,0.997537759894991,0.9973259465825394,M1D,150,TS
32,154,0.9974927733016392,0.9972953924076253,M1D,150,TS
32,155,0.9974509685981569,0.9972610212570423,M1D,150,TS
32,156,0.9974123457845467,0.9972228331307931,M1D,150,TS
32,157,0.9973910714903576,0.9971874676002379,M1D,150,TS
32,158,0.9973645351764251,0.997141131500154,M1D,150,TS
32,159,0.9973236525734257,0.9970933540861332,M1D,150,TS
32,160,0.9972787239121719,0.9970404027201525,M1D,150,TS
32,161,0.9972344983995737,0.9969852316451496,M1D,150,TS
32,162,0.9971726285375544,0.9969060431940342,M1D,150,TS
32,163,0.9970815136859652,0.9968333436167255,M1D,150,TS
32,164,0.9970228364338789,0.9967780599763376,M1D,150,TS
32,165,0.9969708889751285,0.9967336457224689,M1D,150,TS
32,166,0.9969182256786682,0.996705358542858,M1D,150,TS
32,167,0.9968728833104742,0.9966857724701397,M1D,150,TS
32,168,0.9968603327414325,0.996683795492348,M1D,150,TS
32,169,0.9968612785135655,0.9966637379474131,M1D,150,TS
32,170,0.9968686788578124,0.9966464053489298,M1D,150,TS
32,171,0.9969081763848517,0.9965907360468909,M1D,150,TS
32,172,0.9969420233445405,0.9965062961236089,M1D,150,TS
32,173,0.9969555279992341,0.9964396693645801,M1D,150,TS
32,174,0.9969494042176517,0.9963788962874868,M1D,150,TS
32,175,0.9969421889585828,0.9963335271738851,M1D,150,TS
32,176,0.9968777141211322,0.9962850580607955,M1D,150,TS
32,177,0.9968280375656302,0.9962599050281753,M1D,150,TS
32,178,0.9967976306524424,0.9962556033859379,M1D,150,TS
32,179,0.9967544462986647,0.9962524717926721,M1D,150,TS
32,180,0.99670640641245,0.9962594267758258,M1D,150,TS
32,181,0.9966986004560046,0.9962507331696852,M1D,150,TS
32,182,0.9966953899063733,0.9962419383660605,M1D,150,TS
32,183,0.996685822577861,0.9962323162009772,M1D,150,TS
32,184,0.9966502949747469,0.9962043656343634,M1D,150,TS
32,185,0.9966254627133584,0.9961708957931823,M1D,150,TS
32,186,0.9965679863271613,0.9961096826066098,M1D,150,TS
32,187,0.9965344708143342,0.9960484972107063,M1D,150,TS
32,188,0.9964988250717449,0.9959940411929882,M1D,150,TS
32,189,0.996472074794096,0.9959460471059893,M1D,150,TS
32,190,0.9964329443745374,0.9958994321127518,M1D,150,TS
32,191,0.9964071385563611,0.9958661209561203,M1D,150,TS
32,192,0.99638051035617,0.9958056769292053,M1D,150,TS
32,193,0.9963321543374705,0.995724367773222,M1D,150,TS
32,194,0.9962579876875047,0.9956631706427322,M1D,150,TS
32,195,0.9961316823678599,0.995578430482214,M1D,150,TS
32,196,0.9960397422901545,0.9955164425735269,M1D,150,TS
32,197,0.9959416583034034,0.995457394952166,M1D,150,TS
32,198,0.9958374304076035,0.995401287618129,M1D,150,TS
32,199,0.9957270586027549,0.9953481205714155,M1D,150,TS
32,200,0.9956105428888574,0.9952978938120255,M1D,150,TS
33,151,0.9971866038348991,0.9972195046873865,M1D,150,TS
33,152,0.9971771882546973,0.9972022116732466,M1D,150,TS
33,153,0.9971627874329976,0.9971813087405593,M1D,150,TS
33,154,0.9971434013697998,0.9971567958893244,M1D,150,TS
33,155,0.9971190300651044,0.9971286731195421,M1D,150,TS
33,156,0.9970896735189142,0.9970969404312152,M1D,150,TS
33,157,0.9970750525561606,0.997068078299871,M1D,150,TS
33,158,0.9970425841341679,0.9970285811142369,M1D,150,TS
33,159,0.9969901285945653,0.9969877938784116,M1D,150,TS
33,160,0.9969343104870382,0.996941806318238,M1D,150,TS
33,161,0.9968498712257743,0.9968943956958758,M1D,150,TS
33,162,0.9967605827944513,0.9968227495072574,M1D,150,TS
33,163,0.9966678050407587,0.9967569088587783,M1D,150,TS
33,164,0.996574105338067,0.9967092930902417,M1D,150,TS
33,165,0.996518019421148,0.9966717280998514,M1D,150,TS
33,166,0.9965124608595439,0.9966489075727281,M1D,150,TS
33,167,0.9965141825532565,0.9966347284890723,M1D,150,TS
33,168,0.9965348749456002,0.996638508475766,M1D,150,TS
33,169,0.9965777630163406,0.9966239930823414,M1D,150,TS
33,170,0.9966255238746355,0.9966122186646345,M1D,150,TS
33,171,0.996656957677011,0.9965635491768938,M1D,150,TS
33,172,0.9966550091253424,0.996486953031833,M1D,150,TS
33,173,0.9966137619288136,0.9964285568349184,M1D,150,TS
33,174,0.9965502000997162,0.9963760694483406,M1D,150,TS
33,175,0.9964746392831506,0.9963392289181955,M1D,150,TS
33,176,0.9964297188078007,0.9962969947636138,M1D,150,TS
33,177,0.9963524304473172,0.9962792308841274,M1D,150,TS
33,178,0.9963035782007477,0.9962820229811016,M1D,150,TS
33,179,0.9962833687753415,0.9962848638725765,M1D,150,TS
33,180,0.996263535279786,0.9962976269444727,M1D,150,TS
33,181,0.9962624508250876,0.9962954082626955,M1D,150,TS
33,182,0.9962451407180266,0.996293618229798,M1D,150,TS
33,183,0.9962085193003893,0.996291271982382,M1D,150,TS
33,184,0.9961343369655,0.9962709546996099,M1D,150,TS
33,185,0.9960713222389226,0.9962451236173847,M1D,150,TS
33,186,0.9959977556922955,0.9961910566481146,M1D,150,TS
33,187,0.9959310026846178,0.9961374720052482,M1D,150,TS
33,188,0.9958913374269002,0.996089824495495,M1D,150,TS
33,189,0.9958676527629517,0.9960484165218451,M1D,150,TS
33,190,0.9958287970002899,0.9960085006617494,M1D,150,TS
33,191,0.9958101939978872,0.9959816562527606,M1D,150,TS
33,192,0.9957553463743947,0.9959286960187564,M1D,150,TS
33,193,0.9956676125809258,0.9958551937301099,M1D,150,TS
33,194,0.9955510426928489,0.9958018427890764,M1D,150,TS
33,195,0.9954382903886538,0.9957236080607064,M1D,150,TS
33,196,0.9953639686455392,0.9956679305366607,M1D,150,TS
33,197,0.9952958060850953,0.9956148697375871,M1D,150,TS
33,198,0.995233802707319,0.9955644256634829,M1D,150,TS
33,199,0.9951779585122102,0.9955165983143484,M1D,150,TS
33,200,0.9951282734997692,0.995471387690183,M1D,150,TS
34,151,0.9966019173591216,0.9963904881120094,M1D,150,TS
34,152,0.9965375109004615,0.9963553336037809,M1D,150,TS
34,153,0.9964763859472371,0.9963163623866371,M1D,150,TS
34,154,0.9964185424994484,0.9962735744605783,M1D,150,TS
34,155,0.9963639805570954,0.9962269698256042,M1D,150,TS
34,156,0.9963127001201811,0.9961765484817177,M1D,150,TS
34,157,0.9962666149512827,0.9961292816613097,M1D,150,TS
34,158,0.9962313772546405,0.9960705993333594,M1D,150,TS
34,159,0.9961944141671855,0.9960101722268365,M1D,150,TS
34,160,0.9961536486065649,0.9959445545514011,M1D,150,TS
34,161,0.9961014414646291,0.9958770221854464,M1D,150,TS
34,162,0.9960531997214542,0.9957849121406835,M1D,150,TS
34,163,0.9959737831291746,0.9956993357326348,M1D,150,TS
34,164,0.9958895801595637,0.9956321239802854,M1D,150,TS
34,165,0.9958105437270061,0.9955758010769263,M1D,150,TS
34,166,0.9957351350167742,0.9955354987860037,M1D,150,TS
34,167,0.9956700869728872,0.9955038243271115,M1D,150,TS
34,168,0.9956347533603704,0.9954898267417903,M1D,150,TS
34,169,0.9956246217533973,0.9954574485654211,M1D,150,TS
34,170,0.9956381439208416,0.9954273409229483,M1D,150,TS
34,171,0.9956591928566096,0.995359536995083,M1D,150,TS
34,172,0.9956785063282084,0.9952628772980302,M1D,150,TS
34,173,0.9956721182871628,0.9951841830891859,M1D,150,TS
34,174,0.9956474420670414,0.9951113298427777,M1D,150,TS
34,175,0.9956137090233086,0.995054047378904,M1D,150,TS
34,176,0.9955610584346923,0.9949926714803499,M1D,150,TS
34,177,0.9955001619276789,0.994955216790239,M1D,150,TS
34,178,0.9954384586761857,0.994939141334162,M1D,150,TS
34,179,0.9953924389841059,0.9949234984597941,M1D,150,TS
34,180,0.9953774793924586,0.9949170358347378,M1D,150,TS
34,181,0.995351102307958,0.9948962691470433,M1D,150,TS
34,182,0.9953200941072107,0.9948756415061282,M1D,150,TS
34,183,0.9952827946572366,0.9948542243000698,M1D,150,TS
34,184,0.9952469365732137,0.9948137648410337,M1D,150,TS
34,185,0.9952154748524293,0.9947679065139718,M1D,150,TS
34,186,0.9951500523424563,0.9946943425887165,M1D,150,TS
34,187,0.9950793958477373,0.994621551245955,M1D,150,TS
34,188,0.9949994423017487,0.9945556854339884,M1D,150,TS
34,189,0.9949363986368576,0.9944960713063321,M1D,150,TS
34,190,0.9948937771697592,0.9944369967885776,M1D,150,TS
34,191,0.9948373823582575,0.9943919172964504,M1D,150,TS
34,192,0.9947845605225776,0.9943195813903052,M1D,150,TS
34,193,0.9947197686923281,0.9942261514449319,M1D,150,TS
34,194,0.9946657853548242,0.9941518580373295,M1D,150,TS
34,195,0.9946061635654042,0.9940528442688961,M1D,150,TS
34,196,0.9945227695739276,0.9939780689243637,M1D,150,TS
34,197,0.9944266437355376,0.9939064000746917,M1D,150,TS
34,198,0.9943177860502315,0.9938378377198771,M1D,150,TS
34,199,0.9941961965180095,0.9937723818599201,M1D,150,TS
34,200,0.9940618751388715,0.9937100324948206,M1D,150,TS
35,151,0.9708355022098698,0.971541313347194,M1D,150,TS
35,152,0.9706232971273814,0.9713273903556178,M1D,150,TS
35,153,0.9704123482237726,0.9711096734134034,M1D,150,TS
35,154,0.9702026554990436,0.970888162520551,M1D,150,TS
35,155,0.9699942189531942,0.9706628576770603,M1D,150,TS
35,156,0.9697870385862275,0.9704337588829343,M1D,150,TS
35,157,0.9696018384489045,0.9702086932276498,M1D,150,TS
35,158,0.9694066902960077,0.9699696734638583,M1D,150,TS
35,159,0.9691907774375861,0.9697311160045091,M1D,150,TS
35,160,0.9689591770683395,0.969487043092098,M1D,150,TS
35,161,0.9687235971385736,0.969241039850135,M1D,150,TS
35,162,0.9684909954576939,0.9689707644732637,M1D,150,TS
35,163,0.9682610436433141,0.9687060635817553,M1D,150,TS
35,164,0.9680052315499246,0.9684597256567654,M1D,150,TS
35,165,0.9677421144430958,0.9682233468893762,M1D,150,TS
35,166,0.9674688810330241,0.9680029524952858,M1D,150,TS
35,167,0.9672224793203906,0.9677906767672284,M1D,150,TS
35,168,0.9669587291419212,0.967597162863142,M1D,150,TS
35,169,0.9667118424950825,0.9673845822263545,M1D,150,TS
35,170,0.9664732953879875,0.9671735448206151,M1D,150,TS
35,171,0.9662483939751392,0.9669272329895638,M1D,150,TS
35,172,0.9660367604950058,0.9666536542864825,M1D,150,TS
35,173,0.9658361031352474,0.9663963281499751,M1D,150,TS
35,174,0.9657179820200885,0.9661430965571433,M1D,150,TS
35,175,0.965398903063109,0.9659107915150196,M1D,150,TS
35,176,0.9651107695513601,0.965670469993419,M1D,150,TS
35,177,0.9648586894584708,0.9654531871077977,M1D,150,TS
35,178,0.9646059517150842,0.9652580172296097,M1D,150,TS
35,179,0.9643882166997789,0.9650607597451362,M1D,150,TS
35,180,0.9641961006035364,0.964873379358446,M1D,150,TS
35,181,0.9640272715349796,0.9646730669981364,M1D,150,TS
35,182,0.9638750604309148,0.9644725768053463,M1D,150,TS
35,183,0.9637616535848109,0.964270451109568,M1D,150,TS
35,184,0.9636730702771008,0.9640485545986304,M1D,150,TS
35,185,0.9633928104139688,0.9638261739114912,M1D,150,TS
35,186,0.9632178864531746,0.9635707823897822,M1D,150,TS
35,187,0.9630336907275205,0.9633173477154968,M1D,150,TS
35,188,0.9628495860100664,0.9630710733114348,M1D,150,TS
35,189,0.9626592852063421,0.962830743883458,M1D,150,TS
35,190,0.9624863981906412,0.9625920738501352,M1D,150,TS
35,191,0.9622996622069035,0.9623671696519256,M1D,150,TS
35,192,0.962078092225616,0.9621166537523725,M1D,150,TS
35,193,0.9618665865112527,0.9618450419417379,M1D,150,TS
35,194,0.9616412548576915,0.9615912175432891,M1D,150,TS
35,195,0.9614358471356016,0.9613134481260122,M1D,150,TS
35,196,0.961201517627503,0.961059245810399,M1D,150,TS
35,197,0.9609579285332599,0.9608078833863971,M1D,150,TS
35,198,0.9607050798528697,0.9605593608540038,M1D,150,TS
35,199,0.9604429715863324,0.9603136782132191,M1D,150,TS
35,200,0.960171603733648,0.960070835464043,M1D,150,TS
36,151,0.997249712584255,0.9973674492042688,M1D,150,TS
36,152,0.9972154172762042,0.9973443709604065,M1D,150,TS
36,153,0.9971789995152929,0.9973176120423045,M1D,150,TS
36,154,0.997140459301521,0.9972871724499625,M1D,150,TS
36,155,0.9970997966348885,0.9972530521833805,M1D,150,TS
36,156,0.9970570115153978,0.9972152512425615,M1D,150,TS
36,157,0.9970046579680047,0.9971809641044922,M1D,150,TS
36,158,0.9969686482206144,0.9971351434962004,M1D,150,TS
36,159,0.9969200563535524,0.9970878484562011,M1D,150,TS
36,160,0.9968715066573071,0.9970352649365856,M1D,150,TS
36,161,0.9968318000074382,0.9969802709335049,M1D,150,TS
36,162,0.9967904456524606,0.9969009050743335,M1D,150,TS
36,163,0.9967450065973904,0.9968273676975833,M1D,150,TS
36,164,0.9967075419568214,0.9967718448678183,M1D,150,TS
36,165,0.9966555579475133,0.9967277136484932,M1D,150,TS
36,166,0.9966267509321522,0.9966990659893894,M1D,150,TS
36,167,0.9966098276094819,0.9966789730985952,M1D,150,TS
36,168,0.9966018768888933,0.9966770918429609,M1D,150,TS
36,169,0.9966004306907286,0.9966573174445452,M1D,150,TS
36,170,0.9966146833399203,0.9966400118439095,M1D,150,TS
36,171,0.9966077477621891,0.9965858463948181,M1D,150,TS
36,172,0.9965977539307403,0.9965029204889003,M1D,150,TS
36,173,0.9965661319046721,0.9964377926835664,M1D,150,TS
36,174,0.9965214777919699,0.9963783513818326,M1D,150,TS
36,175,0.9964777629581296,0.9963342199877726,M1D,150,TS
36,176,0.996440912402908,0.9962853219190845,M1D,150,TS
36,177,0.9964186146922284,0.9962597206660143,M1D,150,TS
36,178,0.9963857116732568,0.996255712090317,M1D,150,TS
36,179,0.9963546063483819,0.9962524681860768,M1D,150,TS
36,180,0.9963288634558722,0.9962590401321694,M1D,150,TS
36,181,0.9962965688704892,0.9962512357844658,M1D,150,TS
36,182,0.9962635886832707,0.9962434640707267,M1D,150,TS
36,183,0.9962031674673537,0.9962353933190977,M1D,150,TS
36,184,0.9961471767957017,0.9962082395886331,M1D,150,TS
36,185,0.9960972067689576,0.9961756745744575,M1D,150,TS
36,186,0.9960463413731708,0.9961145951704758,M1D,150,TS
36,187,0.9960026784920379,0.9960539788124948,M1D,150,TS
36,188,0.9959544592063156,0.9960001390851871,M1D,150,TS
36,189,0.9959250300627196,0.9959524847412791,M1D,150,TS
36,190,0.9958922274711572,0.9959059996297409,M1D,150,TS
36,191,0.9958293886066625,0.9958738998900477,M1D,150,TS
36,192,0.995765335483495,0.9958147274106811,M1D,150,TS
36,193,0.9957003148226707,0.9957341872778946,M1D,150,TS
36,194,0.995627391698584,0.9956732584458287,M1D,150,TS
36,195,0.9955403124399587,0.9955878714979516,M1D,150,TS
36,196,0.9954805586967708,0.995525368163442,M1D,150,TS
36,197,0.9954264714940575,0.9954654968155485,M1D,150,TS
36,198,0.9953780508318164,0.9954082574542685,M1D,150,TS
36,199,0.9953352967100472,0.995353650079602,M1D,150,TS
36,200,0.99529820912875,0.995301674691549,M1D,150,TS
37,151,0.9965019333152146,0.9964046234759694,M1D,150,TS
37,152,0.9964694571575795,0.9963750425671666,M1D,150,TS
37,153,0.9964398339062805,0.996341654584729,M1D,150,TS
37,154,0.9964130635613178,0.9963044595286568,M1D,150,TS
37,155,0.996389146122691,0.9962634573989498,M1D,150,TS
37,156,0.9963680815904032,0.9962186481956111,M1D,150,TS
37,157,0.9963490586328874,0.9961770659409788,M1D,150,TS
37,158,0.9963269375888311,0.9961244218752999,M1D,150,TS
37,159,0.9963303170404907,0.9960693513267174,M1D,150,TS
37,160,0.9963080238439647,0.9960096371588069,M1D,150,TS
37,161,0.9962673245878804,0.9959482222947773,M1D,150,TS
37,162,0.9962214526435222,0.9958625691136412,M1D,150,TS
37,163,0.9961879055001555,0.9957823123522164,M1D,150,TS
37,164,0.9961306701770047,0.99572085195067,M1D,150,TS
37,165,0.9960900900021823,0.9956699540794505,M1D,150,TS
37,166,0.9960432487407358,0.9956352713297569,M1D,150,TS
37,167,0.9959854509066499,0.995609706091225,M1D,150,TS
37,168,0.9959160561365994,0.9956028658707536,M1D,150,TS
37,169,0.9958569802074928,0.9955780380622417,M1D,150,TS
37,170,0.9957662455489219,0.9955568683136977,M1D,150,TS
37,171,0.9956880683713041,0.9954980687218598,M1D,150,TS
37,172,0.9956080782198464,0.9954105489551467,M1D,150,TS
37,173,0.9955606775176998,0.9953394071896979,M1D,150,TS
37,174,0.9955120785466457,0.995273662898352,M1D,150,TS
37,175,0.9954808803524499,0.9952227567751225,M1D,150,TS
37,176,0.9954506177027564,0.9951672136583513,M1D,150,TS
37,177,0.9954183536983681,0.99513537739874,M1D,150,TS
37,178,0.9953932966323247,0.9951246641109998,M1D,150,TS
37,179,0.9953923610878223,0.9951141122948985,M1D,150,TS
37,180,0.9953868675599784,0.995113632600084,M1D,150,TS
37,181,0.9953917461635877,0.9950984113450038,M1D,150,TS
37,182,0.9953901312199135,0.9950833715015259,M1D,150,TS
37,183,0.9953922860863642,0.9950672414618348,M1D,150,TS
37,184,0.9953880099067464,0.995032322922856,M1D,150,TS
37,185,0.9953666373421521,0.9949925549376388,M1D,150,TS
37,186,0.9953484354532294,0.9949242043684673,M1D,150,TS
37,187,0.9953073394789067,0.9948570890361432,M1D,150,TS
37,188,0.995273999357108,0.9947964300177385,M1D,150,TS
37,189,0.9952529182455478,0.9947421017522763,M1D,150,TS
37,190,0.9952391298196135,0.9946886904174685,M1D,150,TS
37,191,0.9952192158360047,0.9946490239045633,M1D,150,TS
37,192,0.9951923431644915,0.9945824670456804,M1D,150,TS
37,193,0.9951508934552221,0.9944949271212626,M1D,150,TS
37,194,0.9951104389407375,0.9944267202784939,M1D,150,TS
37,195,0.9950618088287271,0.9943339625452885,M1D,150,TS
37,196,0.9950154554714992,0.9942646849657952,M1D,150,TS
37,197,0.9949659312192999,0.9941982605160089,M1D,150,TS
37,198,0.9949132360721268,0.9941346891959267,M1D,150,TS
37,199,0.9948573700299796,0.9940739710055486,M1D,150,TS
37,200,0.9947983330928587,0.9940161059448749,M1D,150,TS
38,151,0.9957616051958313,0.9956123028284468,M1D,150,TS
38,152,0.9957314885866928,0.9955787402287555,M1D,150,TS
38,153,0.9956977925023123,0.9955415352722953,M1D,150,TS
38,154,0.9956605169426898,0.9955006879590659,M1D,150,TS
38,155,0.9956196619078251,0.9954561982890675,M1D,150,TS
38,156,0.9955752273977213,0.9954080662623028,M1D,150,TS
38,157,0.995517725820833,0.9953635540334119,M1D,150,TS
38,158,0.9954758179475978,0.9953074825252191,M1D,150,TS
38,159,0.9954175219782051,0.995250073283098,M1D,150,TS
38,160,0.9953551016070327,0.995187458124829,M1D,150,TS
38,161,0.9952977811612724,0.9951225535625353,M1D,150,TS
38,162,0.995246280565976,0.9950331689990517,M1D,150,TS
38,163,0.9951586356592749,0.9949504124601782,M1D,150,TS
38,164,0.9951154528594421,0.9948846829663438,M1D,150,TS
38,165,0.9950728276894184,0.9948299066459386,M1D,150,TS
38,166,0.995010355410051,0.9947916723917601,M1D,150,TS
38,167,0.9949492371241941,0.9947622202754371,M1D,150,TS
38,168,0.99489873483081,0.9947509166476807,M1D,150,TS
38,169,0.9948311133460985,0.9947223292882044,M1D,150,TS
38,170,0.9947797067112059,0.9946961555475093,M1D,150,TS
38,171,0.9947423196694258,0.9946323978882358,M1D,150,TS
38,172,0.9947108050433706,0.9945397834251026,M1D,150,TS
38,173,0.9946636353875244,0.9944647507368155,M1D,150,TS
38,174,0.994657435315007,0.9943940431937954,M1D,150,TS
38,175,0.9946163200821012,0.9943394790758875,M1D,150,TS
38,176,0.9945635421509662,0.9942805801030057,M1D,150,TS
38,177,0.9945123286934071,0.9942452817985148,M1D,150,TS
38,178,0.994482655603657,0.994230724926683,M1D,150,TS
38,179,0.9944475380670142,0.9942170578421036,M1D,150,TS
38,180,0.9944229988510738,0.9942130736948752,M1D,150,TS
38,181,0.9944114191621523,0.994194338034893,M1D,150,TS
38,182,0.9944013437157788,0.9941755796788633,M1D,150,TS
38,183,0.9943943144262715,0.9941557477268895,M1D,150,TS
38,184,0.9943870807893128,0.9941169834173511,M1D,150,TS
38,185,0.9943619197701409,0.9940733747989106,M1D,150,TS
38,186,0.9943227201029492,0.9940016529970414,M1D,150,TS
38,187,0.994280183636803,0.9939306700848644,M1D,150,TS
38,188,0.9942522730164449,0.9938659597336931,M1D,150,TS
38,189,0.9942057797002883,0.9938083509348175,M1D,150,TS
38,190,0.9941749225780376,0.9937514644471961,M1D,150,TS
38,191,0.994129637167771,0.9937085121419299,M1D,150,TS
38,192,0.9940975782722441,0.9936381885436115,M1D,150,TS
38,193,0.9940748424827945,0.9935462955413361,M1D,150,TS
38,194,0.9940430654684789,0.9934739551394521,M1D,150,TS
38,195,0.9940006965541017,0.9933771756248454,M1D,150,TS
38,196,0.9939635377769642,0.9933037624142776,M1D,150,TS
38,197,0.9939239104037666,0.9932331801317585,M1D,150,TS
38,198,0.9938818144345062,0.9931654287772855,M1D,150,TS
38,199,0.9938372498691831,0.9931005083508584,M1D,150,TS
38,200,0.9937902167077972,0.9930384188524772,M1D,150,TS
39,151,0.9963574403415492,0.9962622694023502,M1D,150,TS
39,152,0.996353290468323,0.9962320883038832,M1D,150,TS
39,153,0.9963444413085677,0.9961982928768067,M1D,150,TS
39,154,0.9963308928622834,0.9961608831211212,M1D,150,TS
39,155,0.9963126451294702,0.9961198590368262,M1D,150,TS
39,156,0.9962896981101308,0.9960752206239246,M1D,150,TS
39,157,0.9962768814564616,0.9960335979539592,M1D,150,TS
39,158,0.9962295965129782,0.9959817238471207,M1D,150,TS
39,159,0.9961887871727668,0.9959279047056728,M1D,150,TS
39,160,0.9961388330502872,0.9958690214414082,M1D,150,TS
39,161,0.9960731172070513,0.995808370731761,M1D,150,TS
39,162,0.9960101213009693,0.9957232777040965,M1D,150,TS
39,163,0.9959407775621505,0.9956440604597852,M1D,150,TS
39,164,0.995878287487367,0.9955828610626428,M1D,150,TS
39,165,0.9958217094252739,0.9955325053653326,M1D,150,TS
39,166,0.9957802971131517,0.9954978167937303,M1D,150,TS
39,167,0.9957491206649087,0.9954717042909829,M1D,150,TS
39,168,0.9956819899380198,0.9954649443126495,M1D,150,TS
39,169,0.9956358415834612,0.9954399230596096,M1D,150,TS
39,170,0.9955743813304425,0.9954181455481783,M1D,150,TS
39,171,0.9955257329178193,0.9953587240635206,M1D,150,TS
39,172,0.9954619622934731,0.995270915296274,M1D,150,TS
39,173,0.9953932725035084,0.9952004438300694,M1D,150,TS
39,174,0.9953317442083038,0.9951351506395649,M1D,150,TS
39,175,0.9952782396401894,0.9950849466967664,M1D,150,TS
39,176,0.9952585564141607,0.9950292654397227,M1D,150,TS
39,177,0.9952490913304128,0.9949969767784606,M1D,150,TS
39,178,0.9952389070998324,0.9949860126147537,M1D,150,TS
39,179,0.9952445850123981,0.9949754239590457,M1D,150,TS
39,180,0.995240531360887,0.9949750368805679,M1D,150,TS
39,181,0.9952654081091292,0.9949594246940036,M1D,150,TS
39,182,0.9952754394088805,0.9949442078661852,M1D,150,TS
39,183,0.9952528450274649,0.9949288246505237,M1D,150,TS
39,184,0.9952040294629767,0.994895160261533,M1D,150,TS
39,185,0.9951497904330678,0.994856358067096,M1D,150,TS
39,186,0.9951076198115687,0.9947887410868359,M1D,150,TS
39,187,0.9950651776776813,0.9947217819994676,M1D,150,TS
39,188,0.9950292632179354,0.9946613084620899,M1D,150,TS
39,189,0.9949990144187859,0.9946073368505044,M1D,150,TS
39,190,0.994984468705969,0.9945540651738156,M1D,150,TS
39,191,0.9949674942590508,0.994514446195159,M1D,150,TS
39,192,0.9949598776911504,0.9944475197750645,M1D,150,TS
39,193,0.9949086887452074,0.994360345954883,M1D,150,TS
39,194,0.9948566434741339,0.9942925618357349,M1D,150,TS
39,195,0.994799861941839,0.994200131148828,M1D,150,TS
39,196,0.9947478343048466,0.9941311217651172,M1D,150,TS
39,197,0.9946936752627935,0.9940649396720374,M1D,150,TS
39,198,0.9946373848156764,0.9940015848695853,M1D,150,TS
39,199,0.9945789629634956,0.9939410573577615,M1D,150,TS
39,200,0.9945184097062508,0.9938833571365656,M1D,150,TS
40,151,0.9953831006663316,0.995221551636279,M1D,150,TS
40,152,0.9953330774859964,0.9951892079105913,M1D,150,TS
40,153,0.9952835404600852,0.9951531170512747,M1D,150,TS
40,154,0.9952344895885978,0.9951132790583296,M1D,150,TS
40,155,0.9951859248715346,0.9950696939317556,M1D,150,TS
40,156,0.9951378463088982,0.9950223616715554,M1D,150,TS
40,157,0.9950805073396478,0.9949785521068865,M1D,150,TS
40,158,0.9950541152203669,0.9949227809482422,M1D,150,TS
40,159,0.9950151151740124,0.9948655844841229,M1D,150,TS
40,160,0.9949616579676177,0.9948034403025973,M1D,150,TS
40,161,0.9948982699801885,0.9947394052259312,M1D,150,TS
40,162,0.9948320701212855,0.9946511485656522,M1D,150,TS
40,163,0.9947711537851458,0.99456845042657,M1D,150,TS
40,164,0.9947117690991782,0.9945038597570921,M1D,150,TS
40,165,0.9946437156116984,0.9944504446002335,M1D,150,TS
40,166,0.9946040810590954,0.9944123137343457,M1D,150,TS
40,167,0.9945404469175276,0.9943835954688217,M1D,150,TS
40,168,0.994489273450111,0.9943729740725985,M1D,150,TS
40,169,0.9944087959918204,0.9943453831653177,M1D,150,TS
40,170,0.9943606159345549,0.9943197800681205,M1D,150,TS
40,171,0.9943027934482462,0.9942572726404552,M1D,150,TS
40,172,0.9942370243590861,0.9941663132146353,M1D,150,TS
40,173,0.9941864603429431,0.9940921118761116,M1D,150,TS
40,174,0.9941424189719154,0.9940231195539895,M1D,150,TS
40,175,0.994084045935502,0.9939697216178166,M1D,150,TS
40,176,0.9940442907234149,0.9939111960748195,M1D,150,TS
40,177,0.99398300185936,0.9938768463249679,M1D,150,TS
40,178,0.9939455653313475,0.9938631624446146,M1D,150,TS
40,179,0.993897883736213,0.9938504678379856,M1D,150,TS
40,180,0.9938809764633703,0.9938469327116081,M1D,150,TS
40,181,0.993867412710985,0.9938289393140846,M1D,150,TS
40,182,0.9938378210274617,0.9938113720945323,M1D,150,TS
40,183,0.9938169330905469,0.9937925742215192,M1D,150,TS
40,184,0.9937849614041945,0.9937551398495816,M1D,150,TS
40,185,0.9937531358718621,0.9937123938522593,M1D,150,TS
40,186,0.9937016437227479,0.9936417037882799,M1D,150,TS
40,187,0.9936343383680255,0.9935720777766794,M1D,150,TS
40,188,0.9935834721537211,0.9935086676121084,M1D,150,TS
40,189,0.9935213380139362,0.993452155727773,M1D,150,TS
40,190,0.9934801304924306,0.9933962466726084,M1D,150,TS
40,191,0.993460688711081,0.9933533242895329,M1D,150,TS
40,192,0.9934348858232696,0.9932835672970507,M1D,150,TS
40,193,0.9934229719629553,0.993192141283302,M1D,150,TS
40,194,0.9934009596290998,0.9931202702926776,M1D,150,TS
40,195,0.9933829130142435,0.993023627286118,M1D,150,TS
40,196,0.9933333345816867,0.9929512592980139,M1D,150,TS
40,197,0.9932680833832516,0.9928820575829166,M1D,150,TS
40,198,0.9931871594189354,0.9928160221408235,M1D,150,TS
40,199,0.9930905626887382,0.9927531529717347,M1D,150,TS
40,200,0.99297829319266,0.9926934500756499,M1D,150,TS
41,151,0.951598607292844,0.9527993226663123,M1D,150,TS
41,152,0.9515839731665083,0.9535319504365632,M1D,150,TS
41,153,0.9515642639722455,0.9541412318420691,M1D,150,TS
41,154,0.9515394797100556,0.95462716688283,M1D,150,TS
41,155,0.9515096203799385,0.9549897555588489,M1D,150,TS
41,156,0.951474685981897,0.9552289978701216,M1D,150,TS
41,157,0.9514467482045401,0.9553608507751863,M1D,150,TS
41,158,0.9513977172622143,0.954679347085319,M1D,150,TS
41,159,0.9513393239905696,0.9547682922059607,M1D,150,TS
41,160,0.9512718178510781,0.95416631877758,M1D,150,TS
41,161,0.9512134525564208,0.9551937811934406,M1D,150,TS
41,162,0.9511601214239438,0.9603699869759786,M1D,150,TS
41,163,0.9511114946643091,0.9646854518133964,M1D,150,TS
41,164,0.9510459066440382,0.9669548559535278,M1D,150,TS
41,165,0.950970647487851,0.9680104333215864,M1D,150,TS
41,166,0.9508948783874822,0.9667216857325733,M1D,150,TS
41,167,0.9508373543099728,0.963381718761786,M1D,150,TS
41,168,0.9507653222569077,0.9598393158006594,M1D,150,TS
41,169,0.9506997511923869,0.9563367736928,M1D,150,TS
41,170,0.9506518323353155,0.9515066575849664,M1D,150,TS
41,171,0.9506133336690601,0.9547816976464643,M1D,150,TS
41,172,0.9505766312525721,0.9633680529318278,M1D,150,TS
41,173,0.950528812222479,0.9680712238217636,M1D,150,TS
41,174,0.9504990071931514,0.9726459030593875,M1D,150,TS
41,175,0.9504861710545475,0.9757162080508999,M1D,150,TS
41,176,0.9504689781359765,0.976665103543018,M1D,150,TS
41,177,0.9504820488997714,0.9755913685073905,M1D,150,TS
41,178,0.9504747038808106,0.9726198916378195,M1D,150,TS
41,179,0.9504855617072812,0.9669046598515859,M1D,150,TS
41,180,0.9504894859036759,0.9603548734433656,M1D,150,TS
41,181,0.9504787474032959,0.958653063731534,M1D,150,TS
41,182,0.9504419826744268,0.957020894228356,M1D,150,TS
41,183,0.9503949639557345,0.9534108584200953,M1D,150,TS
41,184,0.9503490039116838,0.9517271889535294,M1D,150,TS
41,185,0.9503129665844903,0.9504288903093379,M1D,150,TS
41,186,0.9502840169727509,0.951341349893196,M1D,150,TS
41,187,0.9502640236001179,0.9532281830491492,M1D,150,TS
41,188,0.9502380497225067,0.9538232270630342,M1D,150,TS
41,189,0.9502292473568318,0.9527023302313756,M1D,150,TS
41,190,0.950223016966488,0.9535009861496834,M1D,150,TS
41,191,0.9501915820656899,0.9521461680049732,M1D,150,TS
41,192,0.950149381323365,0.9550901998657232,M1D,150,TS
41,193,0.9501026633572887,0.959494475464766,M1D,150,TS
41,194,0.9500487101607329,0.9614521112807974,M1D,150,TS
41,195,0.9499903168890882,0.9675130797746839,M1D,150,TS
41,196,0.9499352707248835,0.9700762032247074,M1D,150,TS
41,197,0.9498770387872002,0.972288616399685,M1D,150,TS
41,198,0.9498156210760353,0.9741503192996116,M1D,150,TS
41,199,0.9497510175913891,0.9756613119244868,M1D,150,TS
41,200,0.9496832283332616,0.976821594274313,M1D,150,TS
42,151,0.99757989857869,0.9973901923700973,M1D,150,TS
42,152,0.9975462598566585,0.9973726293570175,M1D,150,TS
42,153,0.9975156454538209,0.9973512518866969,M1D,150,TS
42,154,0.9974880553701774,0.9973260599591354,M1D,150,TS
42,155,0.9974634896057281,0.9972970535743331,M1D,150,TS
42,156,0.9974419481604756,0.9972642327322926,M1D,150,TS
42,157,0.9974312305921538,0.997234386258804,M1D,150,TS
42,158,0.9974194423318247,0.9971934755646391,M1D,150,TS
42,159,0.9974001624871094,0.9971509499678846,M1D,150,TS
42,160,0.9973858136495678,0.9971030139947841,M1D,150,TS
42,161,0.9973546936071599,0.9970533402647836,M1D,150,TS
42,162,0.9973143402315453,0.9969795302259705,M1D,150,TS
42,163,0.9972663005607596,0.9969116347905743,M1D,150,TS
42,164,0.9972202464618987,0.9968618939252557,M1D,150,TS
42,165,0.9971659158507991,0.9968233864062614,M1D,150,TS
42,166,0.9971147069142859,0.9968008523870765,M1D,150,TS
42,167,0.9970557866918204,0.9967873517075474,M1D,150,TS
42,168,0.9969984693563547,0.99679225451539,M1D,150,TS
42,169,0.9969491497229295,0.9967792326154796,M1D,150,TS
42,170,0.9969111539559186,0.9967687911781348,M1D,150,TS
42,171,0.9968719019131828,0.9967210414401192,M1D,150,TS
42,172,0.9968279965869158,0.9966446092451713,M1D,150,TS
42,173,0.9967884559549807,0.9965852653430263,M1D,150,TS
42,174,0.9967488281812765,0.9965312587474905,M1D,150,TS
42,175,0.9967198775560213,0.9964923156063147,M1D,150,TS
42,176,0.996718326606385,0.996448076124458,M1D,150,TS
42,177,0.996699766930802,0.9964279129822904,M1D,150,TS
42,178,0.9967114658762508,0.9964282683672117,M1D,150,TS
42,179,0.996727276783171,0.9964293161822078,M1D,150,TS
42,180,0.996748604350798,0.9964401572421884,M1D,150,TS
42,181,0.9967731807200313,0.9964364016750105,M1D,150,TS
42,182,0.9967871436129807,0.9964329281144074,M1D,150,TS
42,183,0.9967864336574725,0.9964287869843835,M1D,150,TS
42,184,0.9967584911386154,0.9964063996009604,M1D,150,TS
42,185,0.9967211147083654,0.9963790231517269,M1D,150,TS
42,186,0.9966927043186147,0.9963229069039699,M1D,150,TS
42,187,0.9966372730265697,0.9962681359885011,M1D,150,TS
42,188,0.9966047956587549,0.9962194172153861,M1D,150,TS
42,189,0.9965681548267282,0.9961774614636799,M1D,150,TS
42,190,0.9965445048549029,0.9961362666291695,M1D,150,TS
42,191,0.9965261181589904,0.9961085358776579,M1D,150,TS
42,192,0.9965048470922608,0.9960538158134107,M1D,150,TS
42,193,0.9964705106276074,0.9959780403745295,M1D,150,TS
42,194,0.9964201763684499,0.9959220867178264,M1D,150,TS
42,195,0.9963742570024985,0.995841224350133,M1D,150,TS
42,196,0.9963463869351741,0.9957834565724774,M1D,150,TS
42,197,0.9963246435209412,0.9957283082039963,M1D,150,TS
42,198,0.9963090267597973,0.995675779244687,M1D,150,TS
42,199,0.9962995366517422,0.9956258696945496,M1D,150,TS
42,200,0.9962961731967761,0.995578579553584,M1D,150,TS
43,151,0.9961857864162412,0.9962295830091136,M1D,150,TS
43,152,0.9961559166349873,0.9961995651102705,M1D,150,TS
43,153,0.9961297575769555,0.9961657181544242,M1D,150,TS
43,154,0.996107309242146,0.9961280421415745,M1D,150,TS
43,155,0.9960885716305586,0.9960865370717213,M1D,150,TS
43,156,0.9960735447421964,0.9960412029448675,M1D,150,TS
43,157,0.9960720122593936,0.9959988042098123,M1D,150,TS
43,158,0.9960836243690672,0.9959449221313454,M1D,150,TS
43,159,0.9960619811807265,0.995890122930187,M1D,150,TS
43,160,0.9960218597479154,0.9958304924399565,M1D,150,TS
43,161,0.9959999472167995,0.9957682284373759,M1D,150,TS
43,162,0.9959715343250259,0.9956817737643753,M1D,150,TS
43,163,0.9959399074978158,0.9956011100669431,M1D,150,TS
43,164,0.9959169960707778,0.9955384052455755,M1D,150,TS
43,165,0.9958850648751474,0.9954869131714464,M1D,150,TS
43,166,0.9958847806797252,0.9954506584219112,M1D,150,TS
43,167,0.9958628838879813,0.9954237871486861,M1D,150,TS
43,168,0.9958277374268263,0.9954156807017496,M1D,150,TS
43,169,0.9957771734748619,0.9953902460251977,M1D,150,TS
43,170,0.9957192871679925,0.9953678402797373,M1D,150,TS
43,171,0.9956503981533334,0.9953084359162089,M1D,150,TS
43,172,0.9955854614945099,0.9952201839695072,M1D,150,TS
43,173,0.9955199593266988,0.9951491480234925,M1D,150,TS
43,174,0.9954604177255886,0.9950833287662229,M1D,150,TS
43,175,0.9954052343787674,0.9950326694824846,M1D,150,TS
43,176,0.995368076381528,0.9949769290952358,M1D,150,TS
43,177,0.9953215035796257,0.9949450802586948,M1D,150,TS
43,178,0.9952932228099052,0.9949340655439032,M1D,150,TS
43,179,0.9952489286700497,0.9949242304041773,M1D,150,TS
43,180,0.9952053476789253,0.9949243318384349,M1D,150,TS
43,181,0.9951469953979706,0.9949103544002598,M1D,150,TS
43,182,0.9951061047310605,0.9948959453175253,M1D,150,TS
43,183,0.9950762172153027,0.9948802600387265,M1D,150,TS
43,184,0.9950533306165699,0.9948454477853957,M1D,150,TS
43,185,0.9950525647076903,0.9948047764262148,M1D,150,TS
43,186,0.9950560003244237,0.9947355062065062,M1D,150,TS
43,187,0.9950740932868009,0.9946665111677602,M1D,150,TS
43,188,0.9950981344017258,0.9946040159560391,M1D,150,TS
43,189,0.9951011268775474,0.9945486978327847,M1D,150,TS
43,190,0.9950947621858435,0.9944947293066195,M1D,150,TS
43,191,0.99505873542826,0.994455100246464,M1D,150,TS
43,192,0.9949972678600455,0.9943890663217054,M1D,150,TS
43,193,0.9949470827614169,0.994301395936218,M1D,150,TS
43,194,0.9948946471542659,0.99423312937761,M1D,150,TS
43,195,0.9948385642247435,0.9941402127213987,M1D,150,TS
43,196,0.9947986592858833,0.9940704072095301,M1D,150,TS
43,197,0.994763690081093,0.9940032458661979,M1D,150,TS
43,198,0.9947336566103695,0.9939387286913995,M1D,150,TS
43,199,0.9947085588737128,0.9938768556851352,M1D,150,TS
43,200,0.9946883968711228,0.9938176268474046,M1D,150,TS
44,151,0.9962427088751841,0.9963814606976453,M1D,150,TS
44,152,0.9961858589253386,0.9963567299261381,M1D,150,TS
44,153,0.9961293832212732,0.9963282533625313,M1D,150,TS
44,154,0.996073281762988,0.996296031006825,M1D,150,TS
44,155,0.9960175545504829,0.9962600628590191,M1D,150,TS
44,156,0.9959622015837608,0.9962203489191165,M1D,150,TS
44,157,0.9959125864095986,0.9961837585447687,M1D,150,TS
44,158,0.9958552354349282,0.9961362271512981,M1D,150,TS
44,159,0.995797343469139,0.9960869398732202,M1D,150,TS
44,160,0.9957376192766441,0.9960323926503758,M1D,150,TS
44,161,0.9956665686714639,0.9959759878096116,M1D,150,TS
44,162,0.9956093899199685,0.9958949165072517,M1D,150,TS
44,163,0.9955531906056148,0.9958195207647305,M1D,150,TS
44,164,0.9955034338841608,0.99576212321723,M1D,150,TS
44,165,0.9954518913880535,0.9957157484045468,M1D,150,TS
44,166,0.9954131102786443,0.9956850670762607,M1D,150,TS
44,167,0.995385857385412,0.9956628952601974,M1D,150,TS
44,168,0.9953763892739336,0.9956586947753605,M1D,150,TS
44,169,0.9953651399891841,0.995636819438342,M1D,150,TS
44,170,0.9953478596066022,0.9956179321393489,M1D,150,TS
44,171,0.9953309361598375,0.995561836612973,M1D,150,TS
44,172,0.9953092870932017,0.9954771664056806,M1D,150,TS
44,173,0.9952758056809142,0.9954099544830391,M1D,150,TS
44,174,0.9952331718996363,0.9953483361118166,M1D,150,TS
44,175,0.9951844395335816,0.995302140382684,M1D,150,TS
44,176,0.9951491576660394,0.9952509644271932,M1D,150,TS
44,177,0.9951101624827853,0.9952235071596649,M1D,150,TS
44,178,0.9950793058305683,0.9952171180534173,M1D,150,TS
44,179,0.9950360188720825,0.9952117934333405,M1D,150,TS
44,180,0.9949861812977638,0.9952165765054504,M1D,150,TS
44,181,0.9949342145980088,0.9952070020985774,M1D,150,TS
44,182,0.9948654920732817,0.9951978707922837,M1D,150,TS
44,183,0.9947901496928699,0.9951878794177471,M1D,150,TS
44,184,0.9947252875089825,0.9951586963168266,M1D,150,TS
44,185,0.9946775851952772,0.995123798072067,M1D,150,TS
44,186,0.9946480186830797,0.9950599693789159,M1D,150,TS
44,187,0.9945986721420124,0.9949973079914309,M1D,150,TS
44,188,0.9945455206958094,0.994941377641421,M1D,150,TS
44,189,0.99449147132267,0.9948920926381929,M1D,150,TS
44,190,0.9944392747729012,0.9948438878052507,M1D,150,TS
44,191,0.9943550433978711,0.9948100637137133,M1D,150,TS
44,192,0.994273154564782,0.9947491705404852,M1D,150,TS
44,193,0.9941879157060884,0.9946670239868557,M1D,150,TS
44,194,0.9941132026195177,0.994603942734245,M1D,150,TS
44,195,0.9940381672170556,0.994516163121254,M1D,150,TS
44,196,0.9939814603921158,0.9944514039919885,M1D,150,TS
44,197,0.993932681530186,0.9943892095726691,M1D,150,TS
44,198,0.9938918306312635,0.9943295798632934,M1D,150,TS
44,199,0.9938589076953485,0.994272514863861,M1D,150,TS
44,200,0.9938339127224406,0.9942180145743722,M1D,150,TS
45,151,0.9982382814186662,0.9980990650779804,M1D,150,TS
45,152,0.9982087870356328,0.9980765571089466,M1D,150,TS
45,153,0.9981780121173869,0.9980503478472813,M1D,150,TS
45,154,0.9981459566639287,0.9980204372929846,M1D,150,TS
45,155,0.9981126206752581,0.9979868254460564,M1D,150,TS
45,156,0.9980780041513775,0.9979495123064999,M1D,150,TS
45,157,0.9980459607188191,0.9979153956569304,M1D,150,TS
45,158,0.9980092430565204,0.997870316362965,M1D,150,TS
45,159,0.9979662588371747,0.997823569932604,M1D,150,TS
45,160,0.9979348871607934,0.9977712600327796,M1D,150,TS
45,161,0.9978928588681654,0.9977170048978509,M1D,150,TS
45,162,0.9978450154651581,0.9976383849463708,M1D,150,TS
45,163,0.9977974087236198,0.9975655053082839,M1D,150,TS
45,164,0.9977453922563355,0.9975110125772266,M1D,150,TS
45,165,0.9976848944253724,0.997467800346211,M1D,150,TS
45,166,0.9976342252269734,0.9974404691760925,M1D,150,TS
45,167,0.9975857794531312,0.9974219922139844,M1D,150,TS
45,168,0.9975400580483369,0.9974219014839635,M1D,150,TS
45,169,0.9974906497186042,0.9974041752921032,M1D,150,TS
45,170,0.9974480767289444,0.9973891850533526,M1D,150,TS
45,171,0.9974038188245318,0.9973366334759168,M1D,150,TS
45,172,0.9973639783798999,0.9972549883638464,M1D,150,TS
45,173,0.9973456902599269,0.9971901196517148,M1D,150,TS
45,174,0.9973326767517777,0.9971304582838917,M1D,150,TS
45,175,0.997333963474218,0.9970858332303666,M1D,150,TS
45,176,0.9973499324885735,0.9970362893094484,M1D,150,TS
45,177,0.9973652319564761,0.9970104752003671,M1D,150,TS
45,178,0.9973673941716706,0.9970063580504508,M1D,150,TS
45,179,0.9973529874323717,0.997003542730209,M1D,150,TS
45,180,0.9973291339008614,0.9970109333664108,M1D,150,TS
45,181,0.9973030123083646,0.9970037058790645,M1D,150,TS
45,182,0.9972704789799365,0.9969966580544463,M1D,150,TS
45,183,0.9972536826448157,0.9969882266268983,M1D,150,TS
45,184,0.9972287638052371,0.996960990662564,M1D,150,TS
45,185,0.9972072576638151,0.9969284324763087,M1D,150,TS
45,186,0.9971797850459017,0.9968674224297593,M1D,150,TS
45,187,0.9971632485743547,0.9968067669810725,M1D,150,TS
45,188,0.9971288915604897,0.9967532513820128,M1D,150,TS
45,189,0.9970806636654601,0.9967068031825639,M1D,150,TS
45,190,0.9970324435044655,0.9966613918364389,M1D,150,TS
45,191,0.9969866312800038,0.9966295890221287,M1D,150,TS
45,192,0.9969492442922248,0.9965703745890524,M1D,150,TS
45,193,0.9969187317566381,0.9964895381918667,M1D,150,TS
45,194,0.9968797055953983,0.9964284052961921,M1D,150,TS
45,195,0.9968365653695195,0.9963424427890902,M1D,150,TS
45,196,0.9967878673335521,0.9962802988317822,M1D,150,TS
45,197,0.9967351898051562,0.996221043507179,M1D,150,TS
45,198,0.9966785327843292,0.996164676815278,M1D,150,TS
45,199,0.9966178962710709,0.9961111987560792,M1D,150,TS
45,200,0.9965532802653814,0.9960606093295827,M1D,150,TS
46,151,0.9982154909180763,0.9982130141927815,M1D,150,TS
46,152,0.998177992443034,0.9982057723785006,M1D,150,TS
46,153,0.998139102322858,0.9981948268864955,M1D,150,TS
46,154,0.9980988205575484,0.9981801777167664,M1D,150,TS
46,155,0.998057147147105,0.9981618248693129,M1D,150,TS
46,156,0.9980140820915309,0.9981397683441382,M1D,150,TS
46,157,0.9979706509121575,0.9981209581904097,M1D,150,TS
46,158,0.9979147999317406,0.998091397709536,M1D,150,TS
46,159,0.9978691385909344,0.9980597527153331,M1D,150,TS
46,160,0.9978053845562732,0.9980232947288318,M1D,150,TS
46,161,0.9977618758212223,0.9979841569269156,M1D,150,TS
46,162,0.9977597221262018,0.9979195918171823,M1D,150,TS
46,163,0.9977639545748018,0.9978605824705569,M1D,150,TS
46,164,0.9977722417039316,0.9978196796652222,M1D,150,TS
46,165,0.9977971928467686,0.9977893872288806,M1D,150,TS
46,166,0.9978191844562401,0.9977752189020697,M1D,150,TS
46,167,0.9978356308347734,0.9977700251559859,M1D,150,TS
46,168,0.9978254361845431,0.9977839700252181,M1D,150,TS
46,169,0.997805858386606,0.9977804354907751,M1D,150,TS
46,170,0.9977545415812306,0.9977805952267375,M1D,150,TS
46,171,0.9977058180982832,0.9977433472898537,M1D,150,TS
46,172,0.9976660780027389,0.9976770577456977,M1D,150,TS
46,173,0.9976391587756597,0.997627623799778,M1D,150,TS
46,174,0.9976300015415418,0.9975830516929818,M1D,150,TS
46,175,0.9976205249348868,0.9975538549755208,M1D,150,TS
46,176,0.9976060364015031,0.997520193760352,M1D,150,TS
46,177,0.9975870698991584,0.9975102773127285,M1D,150,TS
46,178,0.9975584699359797,0.9975218905875141,M1D,150,TS
46,179,0.997546598688857,0.9975338749091859,M1D,150,TS
46,180,0.9975202247479035,0.9975561527285833,M1D,150,TS
46,181,0.9974961241032821,0.9975638478394239,M1D,150,TS
46,182,0.9974675868817752,0.9975716656980377,M1D,150,TS
46,183,0.9974390191608444,0.9975784075126096,M1D,150,TS
46,184,0.9974012547743978,0.997566450284748,M1D,150,TS
46,185,0.9973383357703873,0.9975499422610767,M1D,150,TS
46,186,0.9972765256382821,0.9975048902322863,M1D,150,TS
46,187,0.9972214935673918,0.9974603253251296,M1D,150,TS
46,188,0.9971505100800446,0.9974227984394722,M1D,150,TS
46,189,0.9970578016353304,0.9973924882676728,M1D,150,TS
46,190,0.9969691720528324,0.9973631668904555,M1D,150,TS
46,191,0.9969315109287205,0.9973461384261167,M1D,150,TS
46,192,0.9969262717812848,0.997301227837611,M1D,150,TS
46,193,0.9969433756402524,0.9972343356876172,M1D,150,TS
46,194,0.996982106640578,0.9971863254764735,M1D,150,TS
46,195,0.9970424055262379,0.9971129534370714,M1D,150,TS
46,196,0.9970562689957152,0.9970643337304927,M1D,150,TS
46,197,0.9970664198139166,0.9970185870984952,M1D,150,TS
46,198,0.9970728579808396,0.9969757135410758,M1D,150,TS
46,199,0.9970755834964841,0.996935713058235,M1D,150,TS
46,200,0.9970745963608499,0.9968985856499724,M1D,150,TS
47,151,0.9982191096063391,0.9982603877722221,M1D,150,TS
47,152,0.998192263382298,0.9982592568760965,M1D,150,TS
47,153,0.9981614059545632,0.9982544874223445,M1D,150,TS
47,154,0.9981265373231346,0.9982460794109659,M1D,150,TS
47,155,0.9980876574880123,0.9982340328419609,M1D,150,TS
47,156,0.9980447664491989,0.9982183477153322,M1D,150,TS
47,157,0.9979846355305468,0.9982063322736366,M1D,150,TS
47,158,0.9979411051749235,0.9981828264419862,M1D,150,TS
47,159,0.9978931542426253,0.9981576136316779,M1D,150,TS
47,160,0.9978349285914342,0.9981273823373769,M1D,150,TS
47,161,0.9978040401512528,0.9980943122698999,M1D,150,TS
47,162,0.9977454148999103,0.9980376630126732,M1D,150,TS
47,163,0.9977095924837291,0.9979861314495928,M1D,150,TS
47,164,0.9976543742580252,0.9979532823279195,M1D,150,TS
47,165,0.9976104180241971,0.9979311679268179,M1D,150,TS
47,166,0.9975891690689722,0.9979244756234774,M1D,150,TS
47,167,0.9975839149785035,0.9979261632046974,M1D,150,TS
47,168,0.9975983107911315,0.997945798658235,M1D,150,TS
47,169,0.9976130762338999,0.9979477079803117,M1D,150,TS
47,170,0.9976027778430415,0.997953129455165,M1D,150,TS
47,171,0.9976053509205383,0.9979210011605908,M1D,150,TS
47,172,0.9975929863362881,0.9978605283942947,M1D,150,TS
47,173,0.9975739710156055,0.9978173458052071,M1D,150,TS
47,174,0.9975472455837405,0.9977796695975906,M1D,150,TS
47,175,0.9975119348294923,0.997757560002172,M1D,150,TS
47,176,0.9974700463092736,0.9977310061074026,M1D,150,TS
47,177,0.9974787712745359,0.9977267371286429,M1D,150,TS
47,178,0.9974629512348463,0.9977443489827329,M1D,150,TS
47,179,0.997432795322551,0.9977630957235978,M1D,150,TS
47,180,0.9973960032244809,0.9977919164356176,M1D,150,TS
47,181,0.9973841468273799,0.9978056422475953,M1D,150,TS
47,182,0.9973821101696516,0.9978191194426598,M1D,150,TS
47,183,0.9973403728025338,0.9978325020345481,M1D,150,TS
47,184,0.997308577878096,0.9978267280500123,M1D,150,TS
47,185,0.9972483411957082,0.9978165053967475,M1D,150,TS
47,186,0.9971772414700741,0.9977780939171239,M1D,150,TS
47,187,0.9971376423981142,0.9977395389711317,M1D,150,TS
47,188,0.9970702845804196,0.9977083041918544,M1D,150,TS
47,189,0.9969861904659492,0.9976841361994515,M1D,150,TS
47,190,0.9969237383916348,0.9976605293415538,M1D,150,TS
47,191,0.996865455189335,0.9976503823608717,M1D,150,TS
47,192,0.9968068627312657,0.9976132592096613,M1D,150,TS
47,193,0.9967211031094251,0.9975554484284707,M1D,150,TS
47,194,0.9966516389211497,0.9975166312995087,M1D,150,TS
47,195,0.9965735375059064,0.997453289577074,M1D,150,TS
47,196,0.9965328979967667,0.997412485597471,M1D,150,TS
47,197,0.9965059122167161,0.9973741024828151,M1D,150,TS
47,198,0.9964925801657517,0.9973381402331037,M1D,150,TS
47,199,0.9964929018438735,0.9973045988483368,M1D,150,TS
47,200,0.9965068772510816,0.9972734783285142,M1D,150,TS
48,151,0.9981949873884434,0.9981407048629428,M1D,150,TS
48,152,0.9981747924786454,0.9981326771030132,M1D,150,TS
48,153,0.998147969469173,0.9981210797284218,M1D,150,TS
48,154,0.9981145183600262,0.9981059127391686,M1D,150,TS
48,155,0.998074439151205,0.9980871761352537,M1D,150,TS
48,156,0.9980277318427123,0.9980648699166796,M1D,150,TS
48,157,0.9979653765667807,0.9980462044981846,M1D,150,TS
48,158,0.9978912434772381,0.9980167642079084,M1D,150,TS
48,159,0.9978369165456431,0.9979849985887302,M1D,150,TS
48,160,0.9977710002072524,0.9979482492626373,M1D,150,TS
48,161,0.9977293308275439,0.9979087244697872,M1D,150,TS
48,162,0.9976987579146794,0.9978445711003128,M1D,150,TS
48,163,0.9976675264461949,0.9977861497692059,M1D,150,TS
48,164,0.997640254125538,0.9977458252694134,M1D,150,TS
48,165,0.997631254444221,0.9977160590606685,M1D,150,TS
48,166,0.9976326655418102,0.9977020595218679,M1D,150,TS
48,167,0.997640920712324,0.9976967036099388,M1D,150,TS
48,168,0.9976612187249303,0.9977094913213921,M1D,150,TS
48,169,0.9976854980253355,0.9977044553725002,M1D,150,TS
48,170,0.9976967635807847,0.9977026250246219,M1D,150,TS
48,171,0.9977190140349868,0.9976632190320789,M1D,150,TS
48,172,0.9977335584767892,0.9975952336484132,M1D,150,TS
48,173,0.997714729516403,0.9975452689093983,M1D,150,TS
48,174,0.9976900912011676,0.9975007729032417,M1D,150,TS
48,175,0.9976725413667765,0.9974714505909167,M1D,150,TS
48,176,0.9976542511456944,0.9974375398808883,M1D,150,TS
48,177,0.9976322422776509,0.9974273446410781,M1D,150,TS
48,178,0.9976113747034274,0.9974383942386986,M1D,150,TS
48,179,0.9975827867909401,0.9974504254524128,M1D,150,TS
48,180,0.9975555470290647,0.9974723403852318,M1D,150,TS
48,181,0.9975453936815908,0.9974793238749304,M1D,150,TS
48,182,0.9975278696771662,0.9974865050742924,M1D,150,TS
48,183,0.9975012318186309,0.9974928342184602,M1D,150,TS
48,184,0.99746567307103,0.9974804686426141,M1D,150,TS
48,185,0.9974376225954955,0.9974627119894414,M1D,150,TS
48,186,0.9974094625053971,0.9974164542181027,M1D,150,TS
48,187,0.9973759280457697,0.9973710008438558,M1D,150,TS
48,188,0.9973321944393155,0.9973324328105273,M1D,150,TS
48,189,0.9972710896376513,0.9973009596821676,M1D,150,TS
48,190,0.997206425075879,0.9972706833588701,M1D,150,TS
48,191,0.9971491652492486,0.9972538058337614,M1D,150,TS
48,192,0.9970898513976241,0.9972099519650455,M1D,150,TS
48,193,0.9970181632555117,0.9971450180081386,M1D,150,TS
48,194,0.996946796142985,0.9970994974205735,M1D,150,TS
48,195,0.9969123433086611,0.9970282444037666,M1D,150,TS
48,196,0.9968893841583129,0.9969802353839365,M1D,150,TS
48,197,0.9968813043711017,0.9969346193416659,M1D,150,TS
48,198,0.9968881039470249,0.9968913962769519,M1D,150,TS
48,199,0.9969097828860826,0.9968505661897943,M1D,150,TS
48,200,0.9969463411882747,0.9968121290801935,M1D,150,TS
49,151,0.9982494182706154,0.9981918634867195,M1D,150,TS
49,152,0.9982672540324139,0.9981880151033662,M1D,150,TS
49,153,0.9982635657190787,0.9981809829157575,M1D,150,TS
49,154,0.9982383533306097,0.9981707669238934,M1D,150,TS
49,155,0.9981916168670071,0.998157367127774,M1D,150,TS
49,156,0.9981233563282732,0.9981407835274023,M1D,150,TS
49,157,0.9979838303159803,0.9981292804767616,M1D,150,TS
49,158,0.9979795181088469,0.998103198344431,M1D,150,TS
49,159,0.9977682451794418,0.9980806611245231,M1D,150,TS
49,160,0.9976179730008696,0.9980512653109972,M1D,150,TS
49,161,0.9975411716221545,0.9980178140399374,M1D,150,TS
49,162,0.9974974797063673,0.9979591612698935,M1D,150,TS
49,163,0.9975246354796645,0.9979043868725579,M1D,150,TS
49,164,0.9976026178561183,0.9978664969933448,M1D,150,TS
49,165,0.9977518884042447,0.997837796248133,M1D,150,TS
49,166,0.9977395166267558,0.9978293203040761,M1D,150,TS
49,167,0.9978234926971821,0.9978271651764998,M1D,150,TS
49,168,0.9979727421560629,0.9978417791926346,M1D,150,TS
49,169,0.9979156285662332,0.9978440225613759,M1D,150,TS
49,170,0.9979514226683506,0.9978467327549011,M1D,150,TS
49,171,0.9979205056172775,0.997813881023207,M1D,150,TS
49,172,0.9978528254458763,0.9977531993229983,M1D,150,TS
49,173,0.9977757194688859,0.997709910784658,M1D,150,TS
49,174,0.9976966945879847,0.9976719814341815,M1D,150,TS
49,175,0.9976509028790901,0.997648574385428,M1D,150,TS
49,176,0.9976372268296139,0.9976197205772701,M1D,150,TS
49,177,0.99762649153408,0.9976144048089339,M1D,150,TS
49,178,0.9976400851833088,0.997629729665451,M1D,150,TS
49,179,0.9976784513036971,0.9976451930045892,M1D,150,TS
49,180,0.9977138227512483,0.9976706450084838,M1D,150,TS
49,181,0.9976765932759589,0.9976834838811451,M1D,150,TS
49,182,0.9977371739812044,0.997693790384396,M1D,150,TS
49,183,0.9975492416284254,0.9977094301045074,M1D,150,TS
49,184,0.9973972999208337,0.9977052173784835,M1D,150,TS
49,185,0.9973001052418815,0.9976944121666453,M1D,150,TS
49,186,0.9972469862160156,0.9976539454153807,M1D,150,TS
49,187,0.9971945194348506,0.9976141365928957,M1D,150,TS
49,188,0.9971292645266627,0.9975812769040806,M1D,150,TS
49,189,0.9970999143847763,0.9975541345584762,M1D,150,TS
49,190,0.9971237750178441,0.9975267193096843,M1D,150,TS
49,191,0.9971673893165116,0.9975123845650267,M1D,150,TS
49,192,0.9972273047321621,0.9974706028908921,M1D,150,TS
49,193,0.9970486162087009,0.9974135963742701,M1D,150,TS
49,194,0.9971124294386846,0.9973697390049582,M1D,150,TS
49,195,0.996932467298737,0.9973074125724896,M1D,150,TS
49,196,0.9968455042084748,0.9972662198728802,M1D,150,TS
49,197,0.9967474610026495,0.9972280923961512,M1D,150,TS
49,198,0.9966383376812582,0.9971930301422997,M1D,150,TS
49,199,0.9965181342443007,0.9971610331113256,M1D,150,TS
49,200,0.9963868506917772,0.9971321013032294,M1D,150,TS
1,151,1.0035040341011485,1.0034027727432502,M1D2,150,TS
1,152,1.003371233684344,1.003382584423438,M1D2,150,TS
1,153,1.003249998700051,1.0033527491407928,M1D2,150,TS
1,154,1.0031403291482688,1.0033132668953144,M1D2,150,TS
1,155,1.0030422250289976,1.0032641376870028,M1D2,150,TS
1,156,1.0029556863422409,1.003205361515861,M1D2,150,TS
1,157,1.0029072943153923,1.0031497589635554,M1D2,150,TS
1,158,1.0029532296974646,1.0030639124039662,M1D2,150,TS
1,159,1.002855579373866,1.0029697187222661,M1D2,150,TS
1,160,1.002860543825376,1.0028722622606485,M1D2,150,TS
1,161,1.0025763543941397,1.002789924824982,M1D2,150,TS
1,162,1.0014383798854618,1.0026936437378553,M1D2,150,TS
1,163,1.0004746427551507,1.0026064350964967,M1D2,150,TS
1,164,0.999940860696534,1.0025406126005507,M1D2,150,TS
1,165,0.9996885162089997,1.0025052911135865,M1D2,150,TS
1,166,0.9999216817116944,1.0024714480427246,M1D2,150,TS
1,167,1.0005932631675036,1.002452976900282,M1D2,150,TS
1,168,1.0013679303061351,1.002474983923367,M1D2,150,TS
1,169,1.0020708838385373,1.002458479269283,M1D2,150,TS
1,170,1.0030309268578446,1.0024469365758397,M1D2,150,TS
1,171,1.0023714359521643,1.0024343401058704,M1D2,150,TS
1,172,1.0006014508223022,1.0023938934700047,M1D2,150,TS
1,173,0.9996034070961728,1.0023287525249243,M1D2,150,TS
1,174,0.9986270177227583,1.0022510594512535,M1D2,150,TS
1,175,0.9980836122088909,1.0022750309772104,M1D2,150,TS
1,176,0.9978717048258827,1.0022382287598222,M1D2,150,TS
1,177,0.9980881334019138,1.0022124808850816,M1D2,150,TS
1,178,0.9987131474621992,1.0022003861765585,M1D2,150,TS
1,179,0.9998235511188321,1.00215641937811,M1D2,150,TS
1,180,1.0011065231854825,1.002104673886082,M1D2,150,TS
1,181,1.0013771727680894,1.0020401977801023,M1D2,150,TS
1,182,1.0016764928582509,1.001987388952701,M1D2,150,TS
1,183,1.0023240922011576,1.0018652373172714,M1D2,150,TS
1,184,1.0025496689705158,1.001735068963697,M1D2,150,TS
1,185,1.0027810566496334,1.0016771474154482,M1D2,150,TS
1,186,1.0024387748845074,1.001528663864158,M1D2,150,TS
1,187,1.0019669105501887,1.001432397624537,M1D2,150,TS
1,188,1.001749130863073,1.0013278186620738,M1D2,150,TS
1,189,1.0018799043084554,1.0012225000766386,M1D2,150,TS
1,190,1.001666978040517,1.0011408588181685,M1D2,150,TS
1,191,1.0018924152574733,1.0010744464665935,M1D2,150,TS
1,192,1.0013201509165075,1.001028623921074,M1D2,150,TS
1,193,1.0003872481179652,1.0009196230942703,M1D2,150,TS
1,194,0.999941113240662,1.0008429981119078,M1D2,150,TS
1,195,0.9986368612832792,1.00072706577796,M1D2,150,TS
1,196,0.9980639123735556,1.0006384447482746,M1D2,150,TS
1,197,0.9975588394878703,1.0005512184837764,M1D2,150,TS
1,198,0.9971216426262207,1.0004653869844626,M1D2,150,TS
1,199,0.9967523217886071,1.0003809502503331,M1D2,150,TS
1,200,0.9964508769750292,1.000297908281388,M1D2,150,TS
3,151,0.9960343643247106,0.9960891448893393,M1D2,150,TS
3,152,0.9959927167171484,0.9960796843325155,M1D2,150,TS
3,153,0.9959585669412259,0.996066293572862,M1D2,150,TS
3,154,0.9959319149969431,0.9960489726103788,M1D2,150,TS
3,155,0.9959127608842999,0.9960277214450659,M1D2,150,TS
3,156,0.9959011046032991,0.996002540076926,M1D2,150,TS
3,157,0.99591418178317,0.9959799878557155,M1D2,150,TS
3,158,0.9959199948628807,0.9959465052277058,M1D2,150,TS
3,159,0.9959320859144289,0.9959110621387831,M1D2,150,TS
3,160,0.99593203064154,0.9958706394558478,M1D2,150,TS
3,161,0.9959224770012136,0.9958282954450326,M1D2,150,TS
3,162,0.9959002339481822,0.9957618958903536,M1D2,150,TS
3,163,0.9958625601185487,0.9957016098946498,M1D2,150,TS
3,164,0.9957994798270604,0.9956601816049214,M1D2,150,TS
3,165,0.995739273297319,0.9956297027957827,M1D2,150,TS
3,166,0.9956808517819564,0.9956152358313852,M1D2,150,TS
3,167,0.9956127277322449,0.9956098648517108,M1D2,150,TS
3,168,0.995576158074972,0.9956221356997835,M1D2,150,TS
3,169,0.9955744051959938,0.9956157836327332,M1D2,150,TS
3,170,0.995600712306006,0.9956115788720007,M1D2,150,TS
3,171,0.9956379893705616,0.9955697538188325,M1D2,150,TS
3,172,0.9956641347323912,0.9954994056763514,M1D2,150,TS
3,173,0.9956711920948085,0.9954467496582471,M1D2,150,TS
3,174,0.9956380585687907,0.9954004631784154,M1D2,150,TS
3,175,0.9955853708658173,0.995370034235389,M1D2,150,TS
3,176,0.9955396173395594,0.9953348097008411,M1D2,150,TS
3,177,0.9955035324983614,0.9953229865649952,M1D2,150,TS
3,178,0.9955100283482142,0.9953313738020202,M1D2,150,TS
3,179,0.9955577798394379,0.9953394887701256,M1D2,150,TS
3,180,0.9956211379950224,0.995357142590334,M1D2,150,TS
3,181,0.9956797077616993,0.9953603999190067,M1D2,150,TS
3,182,0.9956850893700995,0.9953650401304377,M1D2,150,TS
3,183,0.9956531206452309,0.9953695939825746,M1D2,150,TS
3,184,0.9955877786642572,0.9953560501581731,M1D2,150,TS
3,185,0.9955121162923015,0.9953375490268936,M1D2,150,TS
3,186,0.9954418813752506,0.9952903695579618,M1D2,150,TS
3,187,0.9953844260642624,0.9952435330787114,M1D2,150,TS
3,188,0.9953396535246629,0.9952030144466849,M1D2,150,TS
3,189,0.9953058687211954,0.995168870289917,M1D2,150,TS
3,190,0.9952704270164792,0.9951358702938562,M1D2,150,TS
3,191,0.9952322818676387,0.9951165393204304,M1D2,150,TS
3,192,0.9951643814803146,0.9950709174305117,M1D2,150,TS
3,193,0.995099388061318,0.9950038218675022,M1D2,150,TS
3,194,0.9950507740559454,0.9949557077429564,M1D2,150,TS
3,195,0.9950369504778394,0.9948819011387215,M1D2,150,TS
3,196,0.9950429987886786,0.9948311490277283,M1D2,150,TS
3,197,0.9950691480067563,0.9947826569753869,M1D2,150,TS
3,198,0.9951153981320696,0.9947364249816946,M1D2,150,TS
3,199,0.9951817491646184,0.9946924530466515,M1D2,150,TS
3,200,0.9952682011044028,0.9946507411702575,M1D2,150,TS
4,151,0.9767030436512549,0.9771928323621628,M1D2,150,TS
4,152,0.976800964527353,0.9769769039123763,M1D2,150,TS
4,153,0.976863456319432,0.9767597036074089,M1D2,150,TS
4,154,0.9768905190274921,0.9765412314472608,M1D2,150,TS
4,155,0.9768821526515331,0.9763214874319316,M1D2,150,TS
4,156,0.9768383571915578,0.9761004715614244,M1D2,150,TS
4,157,0.9771008112729221,0.9758798737527374,M1D2,150,TS
4,158,0.9766433462641386,0.9756661797327227,M1D2,150,TS
4,159,0.9764710655576234,0.9754420358167148,M1D2,150,TS
4,160,0.9761497056640729,0.9752192056929775,M1D2,150,TS
4,161,0.9759204878059102,0.9749777400755156,M1D2,150,TS
4,162,0.9755304826807375,0.9746831862018158,M1D2,150,TS
4,163,0.9752868250272246,0.9743958778838133,M1D2,150,TS
4,164,0.9751039310436997,0.9741389493941562,M1D2,150,TS
4,165,0.9748326994872825,0.973900024433206,M1D2,150,TS
4,166,0.9745956570849166,0.9736956600361855,M1D2,150,TS
4,167,0.9745201302249025,0.9735127642568775,M1D2,150,TS
4,168,0.9746065450471004,0.973342763056653,M1D2,150,TS
4,169,0.9742718804716919,0.9731658812465035,M1D2,150,TS
4,170,0.9737456352786511,0.973004020370194,M1D2,150,TS
4,171,0.9733758712277756,0.9727403982470986,M1D2,150,TS
4,172,0.973068728226699,0.9724088835438321,M1D2,150,TS
4,173,0.9727661577049508,0.9721282634604657,M1D2,150,TS
4,174,0.9726141495290563,0.9718554175686719,M1D2,150,TS
4,175,0.9727118741969064,0.9715941641843046,M1D2,150,TS
4,176,0.9721794294905961,0.9713598218710776,M1D2,150,TS
4,177,0.9718954140115266,0.9711612628959767,M1D2,150,TS
4,178,0.9719018732784592,0.9709935681321411,M1D2,150,TS
4,179,0.9714335255198636,0.9708588410850724,M1D2,150,TS
4,180,0.9711578846154274,0.9707389866313544,M1D2,150,TS
4,181,0.9710944722638326,0.9705653190986783,M1D2,150,TS
4,182,0.9712193875545372,0.9703870540577547,M1D2,150,TS
4,183,0.9713507159747161,0.9702322875855635,M1D2,150,TS
4,184,0.9712892944760729,0.9700463551814837,M1D2,150,TS
4,185,0.9712462147908485,0.9698419173418015,M1D2,150,TS
4,186,0.9705731539231293,0.9696099833072739,M1D2,150,TS
4,187,0.970208754222414,0.9693617229391907,M1D2,150,TS
4,188,0.969988760236854,0.9691289589894243,M1D2,150,TS
4,189,0.9696206096996185,0.9689190453743947,M1D2,150,TS
4,190,0.9694751194696738,0.9686904043373687,M1D2,150,TS
4,191,0.9694240710464628,0.968487997830498,M1D2,150,TS
4,192,0.969427668334244,0.9682219721606643,M1D2,150,TS
4,193,0.9693133233696938,0.9679315786762438,M1D2,150,TS
4,194,0.9689956572497094,0.967676339975418,M1D2,150,TS
4,195,0.9687059737372188,0.9673682319099235,M1D2,150,TS
4,196,0.9684807897997224,0.9671072720915979,M1D2,150,TS
4,197,0.9682473872035253,0.9668513524439801,M1D2,150,TS
4,198,0.9680057659486249,0.9666004729670674,M1D2,150,TS
4,199,0.9677559260350211,0.9663546336608597,M1D2,150,TS
4,200,0.9674978674627139,0.966113834525357,M1D2,150,TS
6,151,0.996214505768315,0.9961745376634754,M1D2,150,TS
6,152,0.9961152328406796,0.9961514982400493,M1D2,150,TS
6,153,0.9960290888322142,0.996124383421908,M1D2,150,TS
6,154,0.995956073742919,0.9960931932090512,M1D2,150,TS
6,155,0.9958961875727937,0.996057927601479,M1D2,150,TS
6,156,0.9958494303218418,0.9960185865991944,M1D2,150,TS
6,157,0.9958599118207982,0.9959809788275011,M1D2,150,TS
6,158,0.9958456437304972,0.9959329640372059,M1D2,150,TS
6,159,0.9957704044573623,0.9958847347046568,M1D2,150,TS
6,160,0.9958367240092967,0.995827563707709,M1D2,150,TS
6,161,0.9957092218587607,0.9957732908349267,M1D2,150,TS
6,162,0.9956523449446865,0.9956931110529355,M1D2,150,TS
6,163,0.9955662274306651,0.995619345301614,M1D2,150,TS
6,164,0.9955560027793754,0.9955617008400622,M1D2,150,TS
6,165,0.9955269016238708,0.9955154724052507,M1D2,150,TS
6,166,0.995515275555934,0.9954846942544958,M1D2,150,TS
6,167,0.995481363117343,0.9954631515167423,M1D2,150,TS
6,168,0.9952872254157735,0.9954641297426604,M1D2,150,TS
6,169,0.9952152259768224,0.9954443010390615,M1D2,150,TS
6,170,0.9950931560869628,0.9954285623530773,M1D2,150,TS
6,171,0.994966603957919,0.9953760808241657,M1D2,150,TS
6,172,0.9949506503891471,0.9952923091960151,M1D2,150,TS
6,173,0.9949255045077805,0.9952257388536121,M1D2,150,TS
6,174,0.9949507524984647,0.9951631892410803,M1D2,150,TS
6,175,0.9949436995335101,0.9951165994000707,M1D2,150,TS
6,176,0.9948553452856492,0.9950674827248289,M1D2,150,TS
6,177,0.994861288992555,0.9950394347868394,M1D2,150,TS
6,178,0.9947635411372995,0.995035203710415,M1D2,150,TS
6,179,0.9947687327438571,0.995029017784429,M1D2,150,TS
6,180,0.9946547175698341,0.9950357722148809,M1D2,150,TS
6,181,0.9947522146500036,0.9950229007090629,M1D2,150,TS
6,182,0.9947288419621603,0.995013105489906,M1D2,150,TS
6,183,0.9946594190966497,0.9950033562656979,M1D2,150,TS
6,184,0.9946131352370858,0.9949742164224777,M1D2,150,TS
6,185,0.9945569067396691,0.9949400559343523,M1D2,150,TS
6,186,0.9944554226729967,0.9948788204067468,M1D2,150,TS
6,187,0.994525445824341,0.9948138058021773,M1D2,150,TS
6,188,0.9945312995670903,0.994756996741938,M1D2,150,TS
6,189,0.9945035238085205,0.994707606353514,M1D2,150,TS
6,190,0.9944937350335686,0.9946589260186343,M1D2,150,TS
6,191,0.994511069552142,0.9946230104215794,M1D2,150,TS
6,192,0.994354548788215,0.9945647047536046,M1D2,150,TS
6,193,0.9942082877615992,0.994484889040308,M1D2,150,TS
6,194,0.9940660638765035,0.9944242679717833,M1D2,150,TS
6,195,0.9939285246499441,0.9943390135285691,M1D2,150,TS
6,196,0.9937872031503167,0.9942771699927181,M1D2,150,TS
6,197,0.9936459653173575,0.9942180852049471,M1D2,150,TS
6,198,0.9935048111510638,0.9941617591652534,M1D2,150,TS
6,199,0.9933637406514356,0.9941081918736367,M1D2,150,TS
6,200,0.9932227538184729,0.9940573833300973,M1D2,150,TS
7,151,0.9944063753831374,0.9949322957588712,M1D2,150,TS
7,152,0.9943518838933064,0.994877986249882,M1D2,150,TS
7,153,0.9942924744859969,0.994820074984849,M1D2,150,TS
7,154,0.994228147161209,0.9947585619637722,M1D2,150,TS
7,155,0.9941589019189425,0.9946934471866516,M1D2,150,TS
7,156,0.9940847387592003,0.9946247306534901,M1D2,150,TS
7,157,0.9939822863795954,0.9945600544612782,M1D2,150,TS
7,158,0.9939045656069894,0.9944835573433819,M1D2,150,TS
7,159,0.9938651951227415,0.9944043300604309,M1D2,150,TS
7,160,0.9938035718599496,0.9943203622894786,M1D2,150,TS
7,161,0.9937610515371789,0.9942337014701315,M1D2,150,TS
7,162,0.9937122760542119,0.994122775009565,M1D2,150,TS
7,163,0.9936117741640667,0.9940188939652201,M1D2,150,TS
7,164,0.9935157799849212,0.9939330967042165,M1D2,150,TS
7,165,0.9934154307549953,0.9938583754320154,M1D2,150,TS
7,166,0.9932585301429073,0.9938011993554566,M1D2,150,TS
7,167,0.9930649007415475,0.9937538320783794,M1D2,150,TS
7,168,0.9929202850425868,0.9937236142938447,M1D2,150,TS
7,169,0.9927678083195293,0.9936758729558807,M1D2,150,TS
7,170,0.9926517468134011,0.9936300338185589,M1D2,150,TS
7,171,0.9925164540284324,0.993547302005772,M1D2,150,TS
7,172,0.9924355058928396,0.9934343755554987,M1D2,150,TS
7,173,0.9922633449048571,0.9933410809147574,M1D2,150,TS
7,174,0.9921366744906839,0.9932520266924201,M1D2,150,TS
7,175,0.9920620457932743,0.9931768586853245,M1D2,150,TS
7,176,0.991960224684306,0.9930977943223541,M1D2,150,TS
7,177,0.9917807998494718,0.9930444287732506,M1D2,150,TS
7,178,0.991696715556144,0.9930099648328384,M1D2,150,TS
7,179,0.9916208230145287,0.9929760896702935,M1D2,150,TS
7,180,0.9915485975755082,0.9929521156360176,M1D2,150,TS
7,181,0.9915041139511117,0.9929129312889323,M1D2,150,TS
7,182,0.991437678959813,0.9928743291728356,M1D2,150,TS
7,183,0.9913197670728469,0.9928361540028304,M1D2,150,TS
7,184,0.9912539511914851,0.9927776458740853,M1D2,150,TS
7,185,0.9912096475888834,0.992713209803648,M1D2,150,TS
7,186,0.9911403242141177,0.9926209078081796,M1D2,150,TS
7,187,0.9909881512914112,0.9925313560139132,M1D2,150,TS
7,188,0.9909081017447054,0.9924466431707061,M1D2,150,TS
7,189,0.9908380250579897,0.9923683292370897,M1D2,150,TS
7,190,0.9907348827758002,0.9922919512955245,M1D2,150,TS
7,191,0.990680910982181,0.9922279134420019,M1D2,150,TS
7,192,0.9905315571703812,0.992139184906583,M1D2,150,TS
7,193,0.9903770005332686,0.9920292606094231,M1D2,150,TS
7,194,0.9902430059030527,0.9919381343767202,M1D2,150,TS
7,195,0.9901456260555439,0.9918212956929883,M1D2,150,TS
7,196,0.9900206122761921,0.9917287315458057,M1D2,150,TS
7,197,0.9898951591915459,0.9916389507754506,M1D2,150,TS
7,198,0.9897692668016028,0.9915519533819207,M1D2,150,TS
7,199,0.9896429351063629,0.9914677393652157,M1D2,150,TS
7,200,0.9895161641058261,0.9913863087253358,M1D2,150,TS
8,151,0.9894562866939769,0.9899602617893067,M1D2,150,TS
8,152,0.9892869391809709,0.9898480155099193,M1D2,150,TS
8,153,0.9891264737722718,0.9897322802987384,M1D2,150,TS
8,154,0.9889748904678795,0.989613056155764,M1D2,150,TS
8,155,0.9888321892677938,0.989490343080996,M1D2,150,TS
8,156,0.9886983701720182,0.9893641410744375,M1D2,150,TS
8,157,0.988612998135234,0.9892466273885973,M1D2,150,TS
8,158,0.9884657605265808,0.9891092906816646,M1D2,150,TS
8,159,0.9883221445484542,0.9889734104779034,M1D2,150,TS
8,160,0.9881996969985829,0.9888305266420897,M1D2,150,TS
8,161,0.988043425315414,0.9886818261768557,M1D2,150,TS
8,162,0.9878153619489983,0.9884972847385058,M1D2,150,TS
8,163,0.987663659807816,0.9883192784901649,M1D2,150,TS
8,164,0.9875156075605755,0.988163386435684,M1D2,150,TS
8,165,0.9873270466649591,0.9880190652369709,M1D2,150,TS
8,166,0.9871873160367632,0.9878971960551307,M1D2,150,TS
8,167,0.9870762836454232,0.9877921336494431,M1D2,150,TS
8,168,0.9869386436403,0.9877058912835017,M1D2,150,TS
8,169,0.9867927268027747,0.9875987658823211,M1D2,150,TS
8,170,0.9866505942191186,0.9874944045845824,M1D2,150,TS
8,171,0.9865007607244951,0.9873359472868231,M1D2,150,TS
8,172,0.986302968780101,0.9871378449252722,M1D2,150,TS
8,173,0.9861435659453623,0.986968183515834,M1D2,150,TS
8,174,0.9859508344567336,0.9868091211884387,M1D2,150,TS
8,175,0.9857170247032094,0.9866697813406282,M1D2,150,TS
8,176,0.9854989411486601,0.9865229970561479,M1D2,150,TS
8,177,0.9853378399000858,0.9864076873018977,M1D2,150,TS
8,178,0.9851822150143007,0.98632180380199,M1D2,150,TS
8,179,0.98501998496841,0.9862383663185553,M1D2,150,TS
8,180,0.9849044471712944,0.986169493526323,M1D2,150,TS
8,181,0.9848004012787525,0.9860761247695399,M1D2,150,TS
8,182,0.9846632874079718,0.9859861171884309,M1D2,150,TS
8,183,0.9845620324189641,0.9859046014433671,M1D2,150,TS
8,184,0.9844446166266216,0.9857963912166655,M1D2,150,TS
8,185,0.9842672291286316,0.9856795954605249,M1D2,150,TS
8,186,0.9840657585920585,0.9855221302176894,M1D2,150,TS
8,187,0.983908876419124,0.9853663733025269,M1D2,150,TS
8,188,0.9837450136174848,0.9852229199708256,M1D2,150,TS
8,189,0.9835390637644426,0.9850895531254594,M1D2,150,TS
8,190,0.9833286628583462,0.9849555890765025,M1D2,150,TS
8,191,0.9831152377668357,0.9848399493792126,M1D2,150,TS
8,192,0.9828710927346475,0.9846888407777977,M1D2,150,TS
8,193,0.9826470558178269,0.9845134321633853,M1D2,150,TS
8,194,0.9824686223560679,0.9843546772761447,M1D2,150,TS
8,195,0.9822446928402246,0.9841634157517782,M1D2,150,TS
8,196,0.9820476556594568,0.9840040355502121,M1D2,150,TS
8,197,0.9818597827823277,0.9838473803380378,M1D2,150,TS
8,198,0.9816810742088343,0.9836934501152524,M1D2,150,TS
8,199,0.981511529938977,0.9835422448818563,M1D2,150,TS
8,200,0.9813511499727554,0.9833937646378491,M1D2,150,TS
12,151,0.9964391412129527,0.9962476624686751,M1D2,150,TS
12,152,0.996449271339672,0.9962225647539762,M1D2,150,TS
12,153,0.9964508346170283,0.9961939503614461,M1D2,150,TS
12,154,0.9964438310450218,0.9961618192910848,M1D2,150,TS
12,155,0.9964282606236524,0.9961261715428923,M1D2,150,TS
12,156,0.9964041233529233,0.9960870071168715,M1D2,150,TS
12,157,0.9963733833269217,0.9960512646795925,M1D2,150,TS
12,158,0.9963272920330408,0.9960048132566891,M1D2,150,TS
12,159,0.9962954253265817,0.9959562078683026,M1D2,150,TS
12,160,0.9962317083567527,0.9959031223303797,M1D2,150,TS
12,161,0.996195685495121,0.9958471808607205,M1D2,150,TS
12,162,0.9961588400405574,0.9957669615330361,M1D2,150,TS
12,163,0.9960993853386355,0.995693025165029,M1D2,150,TS
12,164,0.9960167875370655,0.9956378505618175,M1D2,150,TS
12,165,0.9959439058471578,0.9955934149152272,M1D2,150,TS
12,166,0.9958358179690385,0.9955659015653398,M1D2,150,TS
12,167,0.9957187800079623,0.9955474136977815,M1D2,150,TS
12,168,0.9956256062307962,0.9955467439422165,M1D2,150,TS
12,169,0.9955638034557666,0.9955275528456641,M1D2,150,TS
12,170,0.995517288368672,0.995510810447839,M1D2,150,TS
12,171,0.9955193786141443,0.9954556160254493,M1D2,150,TS
12,172,0.9954981882957448,0.9953723208732571,M1D2,150,TS
12,173,0.9954579803391037,0.9953066605029909,M1D2,150,TS
12,174,0.9954238374706464,0.9952461868179358,M1D2,150,TS
12,175,0.995400931370721,0.9952006924783044,M1D2,150,TS
12,176,0.9953770856030706,0.9951506075967466,M1D2,150,TS
12,177,0.9953392362431142,0.9951244947132323,M1D2,150,TS
12,178,0.9953084427222629,0.9951194629893367,M1D2,150,TS
12,179,0.9952961128171749,0.9951147126658123,M1D2,150,TS
12,180,0.99530106766799,0.9951194456950493,M1D2,150,TS
12,181,0.9952783788360806,0.9951104715982148,M1D2,150,TS
12,182,0.9952234549725187,0.9951023353443773,M1D2,150,TS
12,183,0.9951648897320904,0.9950932426231097,M1D2,150,TS
12,184,0.9951172409488205,0.9950649551358858,M1D2,150,TS
12,185,0.9950643536166401,0.9950315419950481,M1D2,150,TS
12,186,0.9950033249822401,0.9949698944335278,M1D2,150,TS
12,187,0.9949131124957803,0.99490964988511,M1D2,150,TS
12,188,0.9948103844069475,0.9948563500741745,M1D2,150,TS
12,189,0.9947515845784494,0.994808545169662,M1D2,150,TS
12,190,0.9947036933144273,0.9947615818909753,M1D2,150,TS
12,191,0.9946534388496556,0.9947282365065542,M1D2,150,TS
12,192,0.9946082764806821,0.9946677570241718,M1D2,150,TS
12,193,0.9945468720668882,0.9945863506901463,M1D2,150,TS
12,194,0.9945116759637709,0.9945236278118555,M1D2,150,TS
12,195,0.9944588077055738,0.9944366487190351,M1D2,150,TS
12,196,0.9944023791897465,0.9943732503996888,M1D2,150,TS
12,197,0.994339854015007,0.9943127790550897,M1D2,150,TS
12,198,0.994271232181353,0.9942552346852349,M1D2,150,TS
12,199,0.9941965136887845,0.9942006172901247,M1D2,150,TS
12,200,0.9941156985373015,0.9941489268697586,M1D2,150,TS
13,151,0.9971218402728154,0.9967794691065299,M1D2,150,TS
13,152,0.997125411021877,0.9967464467066369,M1D2,150,TS
13,153,0.9971229622682198,0.9967098456002966,M1D2,150,TS
13,154,0.9971144940118436,0.9966696657875089,M1D2,150,TS
13,155,0.9971000062527485,0.996625907268274,M1D2,150,TS
13,156,0.9970794989909375,0.9965785700425949,M1D2,150,TS
13,157,0.9970426935251744,0.996534933228465,M1D2,150,TS
13,158,0.9970120287572352,0.9964800100565874,M1D2,150,TS
13,159,0.9969747483554201,0.9964234634832101,M1D2,150,TS
13,160,0.9969483991395283,0.9963613483502843,M1D2,150,TS
13,161,0.9969110441392823,0.9962973137726602,M1D2,150,TS
13,162,0.9968554234616301,0.9962092858912299,M1D2,150,TS
13,163,0.9967727646811086,0.9961276841856375,M1D2,150,TS
13,164,0.9966715256409413,0.9960647976777266,M1D2,150,TS
13,165,0.9965957220405769,0.9960122813735138,M1D2,150,TS
13,166,0.9965182877753898,0.9959759134443829,M1D2,150,TS
13,167,0.9964408373216866,0.9959484323429294,M1D2,150,TS
13,168,0.996360574441506,0.9959394648291646,M1D2,150,TS
13,169,0.9963313767031219,0.995911453507749,M1D2,150,TS
13,170,0.9963210302726416,0.99588583540238,M1D2,150,TS
13,171,0.9962985218915089,0.995823045701785,M1D2,150,TS
13,172,0.9962485884144738,0.9957320704222465,M1D2,150,TS
13,173,0.9961874524844941,0.9956586758009093,M1D2,150,TS
13,174,0.9961345121000279,0.9955904363783425,M1D2,150,TS
13,175,0.9961303098675913,0.9955362839489844,M1D2,150,TS
13,176,0.9960950315914081,0.9954783502678056,M1D2,150,TS
13,177,0.9960719868016161,0.9954438033164494,M1D2,150,TS
13,178,0.9960434895446866,0.9954307456435669,M1D2,150,TS
13,179,0.9960460676752122,0.9954177209702062,M1D2,150,TS
13,180,0.9960497643446751,0.9954146387714081,M1D2,150,TS
13,181,0.9960063775909416,0.9953981770874967,M1D2,150,TS
13,182,0.9959622485718815,0.9953817540933652,M1D2,150,TS
13,183,0.9958959250976375,0.9953649371339787,M1D2,150,TS
13,184,0.9958618036440439,0.9953282951945295,M1D2,150,TS
13,185,0.995846187414138,0.9952859001743594,M1D2,150,TS
13,186,0.9957957726569031,0.9952158312209936,M1D2,150,TS
13,187,0.9957415155335627,0.995146501017709,M1D2,150,TS
13,188,0.9956964933022042,0.9950836135184729,M1D2,150,TS
13,189,0.9956549610085865,0.995027319111659,M1D2,150,TS
13,190,0.9956421171713961,0.9949713551969209,M1D2,150,TS
13,191,0.9956152225775323,0.9949293880134227,M1D2,150,TS
13,192,0.9955648706054869,0.994860872727781,M1D2,150,TS
13,193,0.9954959882519252,0.9947714321256185,M1D2,150,TS
13,194,0.995440178124885,0.9947010712228341,M1D2,150,TS
13,195,0.9953727857710697,0.9946061499865791,M1D2,150,TS
13,196,0.9953265384190831,0.9945343058137912,M1D2,150,TS
13,197,0.9952828626347129,0.9944651750278298,M1D2,150,TS
13,198,0.9952417584179565,0.9943987576286925,M1D2,150,TS
13,199,0.9952032257688137,0.9943350536163789,M1D2,150,TS
13,200,0.9951672646872847,0.9942740629908892,M1D2,150,TS
15,151,0.9962252605469409,0.9959730620861211,M1D2,150,TS
15,152,0.9962208125930392,0.9959279670230693,M1D2,150,TS
15,153,0.9962118183194908,0.9958792593101533,M1D2,150,TS
15,154,0.9961982777262959,0.9958269389473736,M1D2,150,TS
15,155,0.9961801908134543,0.9957710059347298,M1D2,150,TS
15,156,0.996157557580969,0.9957114602722249,M1D2,150,TS
15,157,0.9961330561512289,0.9956552698162994,M1D2,150,TS
15,158,0.9961030139082411,0.9955880609133692,M1D2,150,TS
15,159,0.9960483729312696,0.9955197056171246,M1D2,150,TS
15,160,0.9960004961472655,0.9954458857860292,M1D2,150,TS
15,161,0.9959293724948286,0.995370431815027,M1D2,150,TS
15,162,0.9958335335644611,0.9952710891498785,M1D2,150,TS
15,163,0.9957205996053304,0.995177923773727,M1D2,150,TS
15,164,0.9956044966238953,0.9951030945548162,M1D2,150,TS
15,165,0.9954812809233828,0.9950394623051045,M1D2,150,TS
15,166,0.9953984102161108,0.9949909378548161,M1D2,150,TS
15,167,0.9953439525691803,0.9949506041780147,M1D2,150,TS
15,168,0.995329457996333,0.994927677678787,M1D2,150,TS
15,169,0.9952733207454667,0.9948880817753324,M1D2,150,TS
15,170,0.9952518136326842,0.9948504766105529,M1D2,150,TS
15,171,0.9952051757086207,0.9947759408034149,M1D2,150,TS
15,172,0.995132271609668,0.9946731390536968,M1D2,150,TS
15,173,0.995060842996885,0.9945876575676756,M1D2,150,TS
15,174,0.9950070180486855,0.9945071185305631,M1D2,150,TS
15,175,0.9949476593639104,0.9944420439341713,M1D2,150,TS
15,176,0.994932851648315,0.9943712604805744,M1D2,150,TS
15,177,0.9949255098219727,0.9943240277314292,M1D2,150,TS
15,178,0.9949214325530107,0.9942981002299791,M1D2,150,TS
15,179,0.9949097971769096,0.9942732203074128,M1D2,150,TS
15,180,0.9948833397107228,0.9942587201568547,M1D2,150,TS
15,181,0.9948059503284219,0.9942308955516478,M1D2,150,TS
15,182,0.9947249757270282,0.994203186249645,M1D2,150,TS
15,183,0.9946328188777054,0.9941748667984758,M1D2,150,TS
15,184,0.994556640269802,0.9941271042944385,M1D2,150,TS
15,185,0.9944566820527307,0.9940746255030267,M1D2,150,TS
15,186,0.9944022573565555,0.9939923822389459,M1D2,150,TS
15,187,0.9943491582095565,0.9939107306716197,M1D2,150,TS
15,188,0.9942834853639416,0.9938361123535304,M1D2,150,TS
15,189,0.9942423860416657,0.9937675621483246,M1D2,150,TS
15,190,0.9941943633012958,0.993700237960226,M1D2,150,TS
15,191,0.9941214406260783,0.9936472105002198,M1D2,150,TS
15,192,0.9940644165797171,0.9935665603661069,M1D2,150,TS
15,193,0.9939849550593147,0.9934650884422132,M1D2,150,TS
15,194,0.9939132663788257,0.9933828234922677,M1D2,150,TS
15,195,0.9938551810527687,0.993275320659426,M1D2,150,TS
15,196,0.9937969359266035,0.993191478735232,M1D2,150,TS
15,197,0.9937438760109061,0.9931102847961464,M1D2,150,TS
15,198,0.9936960013056741,0.993031738842167,M1D2,150,TS
15,199,0.9936533118109079,0.9929558408732934,M1D2,150,TS
15,200,0.993615807526607,0.9928825908895258,M1D2,150,TS
17,151,0.9980876584157506,0.9981993822393923,M1D2,150,TS
17,152,0.9981352042733159,0.9982010775985731,M1D2,150,TS
17,153,0.9981566729266981,0.9981997035920842,M1D2,150,TS
17,154,0.998152064375897,0.9981952602199254,M1D2,150,TS
17,155,0.9981213786209127,0.9981877474820968,M1D2,150,TS
17,156,0.9980646156617479,0.9981771653786012,M1D2,150,TS
17,157,0.9979494545663445,0.998171373201579,M1D2,150,TS
17,158,0.9979097161329462,0.9981524921406663,M1D2,150,TS
17,159,0.9979176121027216,0.9981305581437091,M1D2,150,TS
17,160,0.9977559841524373,0.9981077182993929,M1D2,150,TS
17,161,0.9977519595499136,0.9980786090769994,M1D2,150,TS
17,162,0.9977688485147062,0.9980244119995074,M1D2,150,TS
17,163,0.9978168947376731,0.9979751650623102,M1D2,150,TS
17,164,0.9978755313898338,0.9979439394178236,M1D2,150,TS
17,165,0.9979888789109685,0.9979223993065174,M1D2,150,TS
17,166,0.9980966942905272,0.9979171492245124,M1D2,150,TS
17,167,0.9980050167181996,0.9979259978817719,M1D2,150,TS
17,168,0.9980279963497212,0.997950383038421,M1D2,150,TS
17,169,0.9980399116980906,0.9979572803722742,M1D2,150,TS
17,170,0.998046379793742,0.9979672307682895,M1D2,150,TS
17,171,0.9980724622218546,0.9979390499301446,M1D2,150,TS
17,172,0.9980755730720043,0.9978824274479112,M1D2,150,TS
17,173,0.9980659388396138,0.9978434603670459,M1D2,150,TS
17,174,0.9980451216973336,0.9978101187724401,M1D2,150,TS
17,175,0.9980200775252531,0.9977924203751473,M1D2,150,TS
17,176,0.9979768399295956,0.9977705660610158,M1D2,150,TS
17,177,0.9979523464467734,0.9977719612259449,M1D2,150,TS
17,178,0.9979192537226368,0.9977949604357754,M1D2,150,TS
17,179,0.9978812563814822,0.9978189238172553,M1D2,150,TS
17,180,0.9978276205537122,0.9978532528595809,M1D2,150,TS
17,181,0.99779056482589,0.9978724287407088,M1D2,150,TS
17,182,0.9977713897388524,0.997891192621366,M1D2,150,TS
17,183,0.9977523831235487,0.9979089259097499,M1D2,150,TS
17,184,0.9977298930177749,0.9979077105811225,M1D2,150,TS
17,185,0.9976923719248798,0.9979017347695343,M1D2,150,TS
17,186,0.9976702775317827,0.9978666257301126,M1D2,150,TS
17,187,0.9976507861793333,0.9978321564720762,M1D2,150,TS
17,188,0.99760405834563,0.9978050729665116,M1D2,150,TS
17,189,0.9975449789654255,0.9977850265160505,M1D2,150,TS
17,190,0.9974977354863259,0.9977657372461242,M1D2,150,TS
17,191,0.9974704408888537,0.9977596197816591,M1D2,150,TS
17,192,0.9974628881747938,0.9977258376803948,M1D2,150,TS
17,193,0.9974755488038036,0.9976700205718619,M1D2,150,TS
17,194,0.9974938234159549,0.9976335474960918,M1D2,150,TS
17,195,0.9975989351942185,0.9975698475092485,M1D2,150,TS
17,196,0.9975292329964532,0.9975343738464713,M1D2,150,TS
17,197,0.997419619540284,0.9975027144904091,M1D2,150,TS
17,198,0.997270094825708,0.9974748694410595,M1D2,150,TS
17,199,0.9970806588527253,0.9974508386984222,M1D2,150,TS
17,200,0.9968513116213358,0.9974306222624973,M1D2,150,TS
18,151,0.9967286752306215,0.9969445605528388,M1D2,150,TS
18,152,0.996734180439968,0.9969249977000846,M1D2,150,TS
18,153,0.9967286473994351,0.9969019798980956,M1D2,150,TS
18,154,0.9967120761090231,0.9968755071468719,M1D2,150,TS
18,155,0.9966844665687318,0.9968455794464135,M1D2,150,TS
18,156,0.9966458187785637,0.9968121967967233,M1D2,150,TS
18,157,0.9965932376844059,0.9967824047205972,M1D2,150,TS
18,158,0.996527560446605,0.9967418649341274,M1D2,150,TS
18,159,0.9964576808305154,0.9966996487543354,M1D2,150,TS
18,160,0.9963852885555852,0.9966521958772425,M1D2,150,TS
18,161,0.9963093425696747,0.9966027183051753,M1D2,150,TS
18,162,0.996241155290386,0.996528832146586,M1D2,150,TS
18,163,0.9961930232600331,0.9964601161462967,M1D2,150,TS
18,164,0.9961534929420675,0.9964093047290392,M1D2,150,TS
18,165,0.9961282542437089,0.996369092256076,M1D2,150,TS
18,166,0.9961340704382093,0.9963440469955581,M1D2,150,TS
18,167,0.9961332036581544,0.9963279133181465,M1D2,150,TS
18,168,0.9961445950325705,0.9963298868183803,M1D2,150,TS
18,169,0.9961564930828966,0.9963141508766125,M1D2,150,TS
18,170,0.9961554243304382,0.9963015728780714,M1D2,150,TS
18,171,0.9961540709408457,0.9962519541967934,M1D2,150,TS
18,172,0.9961171965817952,0.9961746557529638,M1D2,150,TS
18,173,0.9960709459919943,0.996114659799923,M1D2,150,TS
18,174,0.9960208668691528,0.9960600918279442,M1D2,150,TS
18,175,0.9959813926061627,0.9960204745001247,M1D2,150,TS
18,176,0.995958089004092,0.9959758168737289,M1D2,150,TS
18,177,0.9959376291560111,0.995954644679076,M1D2,150,TS
18,178,0.9959178524370527,0.9959546697433124,M1D2,150,TS
18,179,0.995896460375093,0.9959554594235761,M1D2,150,TS
18,180,0.9958710421699442,0.9959662563328043,M1D2,150,TS
18,181,0.9958367919253477,0.9959629596363644,M1D2,150,TS
18,182,0.9957831257202757,0.9959601543432315,M1D2,150,TS
18,183,0.9957326025198818,0.9959561724252554,M1D2,150,TS
18,184,0.9956971290990027,0.9959329430378179,M1D2,150,TS
18,185,0.9956599277889449,0.9959045021877748,M1D2,150,TS
18,186,0.9956296855841797,0.9958475158604526,M1D2,150,TS
18,187,0.9955981713458765,0.9957912126055037,M1D2,150,TS
18,188,0.9955528767442439,0.9957418557503125,M1D2,150,TS
18,189,0.9954912232503919,0.9956995123185847,M1D2,150,TS
18,190,0.9954337333107592,0.9956582092159172,M1D2,150,TS
18,191,0.9953760597201944,0.9956304275619657,M1D2,150,TS
18,192,0.9953032597925409,0.9955760997890492,M1D2,150,TS
18,193,0.9952215665357579,0.9955006923837842,M1D2,150,TS
18,194,0.9951472511607411,0.9954444277817701,M1D2,150,TS
18,195,0.9950705577024481,0.9953635965812225,M1D2,150,TS
18,196,0.9950302699225336,0.9953052456880097,M1D2,150,TS
18,197,0.9950046135818877,0.9952492851492792,M1D2,150,TS
18,198,0.9949935886805082,0.9951957149650286,M1D2,150,TS
18,199,0.9949971952183951,0.9951445351352575,M1D2,150,TS
18,200,0.9950154331955485,0.9950957456599662,M1D2,150,TS
19,151,0.9983541625402169,0.9983152020981328,M1D2,150,TS
19,152,0.998313949241844,0.9983145953097278,M1D2,150,TS
19,153,0.9982766524905043,0.9983101706948769,M1D2,150,TS
19,154,0.9982422722861977,0.99830192825358,M1D2,150,TS
19,155,0.9982108086289242,0.9982898679858371,M1D2,150,TS
19,156,0.9981822615186868,0.9982739898916512,M1D2,150,TS
19,157,0.9981634010364282,0.9982610847714559,M1D2,150,TS
19,158,0.9981526300088968,0.9982369147261709,M1D2,150,TS
19,159,0.998118417587482,0.9982115198605503,M1D2,150,TS
19,160,0.9980856048046101,0.9981808108034735,M1D2,150,TS
19,161,0.9980510460025163,0.9981480083586644,M1D2,150,TS
19,162,0.9980122018525,0.9980909992198572,M1D2,150,TS
19,163,0.9979886622993271,0.9980393076702332,M1D2,150,TS
19,164,0.9979748072893371,0.9980055603871312,M1D2,150,TS
19,165,0.9979576989069638,0.9979829355083382,M1D2,150,TS
19,166,0.9979557420190031,0.9979759389993397,M1D2,150,TS
19,167,0.9979701549299111,0.9979773266281211,M1D2,150,TS
19,168,0.9979696476288039,0.9979975601218534,M1D2,150,TS
19,169,0.9979757712917408,0.9979999035473517,M1D2,150,TS
19,170,0.9979679876075439,0.9980054799319152,M1D2,150,TS
19,171,0.9979505371878232,0.9979740473429765,M1D2,150,TS
19,172,0.9979374164180058,0.9979137404399236,M1D2,150,TS
19,173,0.9979284641604969,0.9978704572275502,M1D2,150,TS
19,174,0.9979243138901803,0.9978323523664121,M1D2,150,TS
19,175,0.9979137758823782,0.9978097859406968,M1D2,150,TS
19,176,0.9979146632249826,0.9977823137688813,M1D2,150,TS
19,177,0.9979219630620617,0.9977782759325724,M1D2,150,TS
19,178,0.9979164416020232,0.997795822736228,M1D2,150,TS
19,179,0.9978810831926193,0.9978149146320042,M1D2,150,TS
19,180,0.9978462976686268,0.9978438935309549,M1D2,150,TS
19,181,0.9978140490845031,0.997858325868589,M1D2,150,TS
19,182,0.9978019663708897,0.9978722448003887,M1D2,150,TS
19,183,0.9977817707485597,0.997885247544725,M1D2,150,TS
19,184,0.997760137049204,0.9978793802608424,M1D2,150,TS
19,185,0.9977178738287117,0.9978688785299445,M1D2,150,TS
19,186,0.9976769311981306,0.997829848814859,M1D2,150,TS
19,187,0.9976246500837709,0.9977917865360685,M1D2,150,TS
19,188,0.9975481718358651,0.9977609542795947,M1D2,150,TS
19,189,0.997464250420944,0.9977369576395106,M1D2,150,TS
19,190,0.9974058504213121,0.9977134155364076,M1D2,150,TS
19,191,0.9973498303501193,0.9977033926218826,M1D2,150,TS
19,192,0.9973111514638624,0.9976659243798456,M1D2,150,TS
19,193,0.9972846686521686,0.9976067341125792,M1D2,150,TS
19,194,0.9972725060212573,0.9975666086745928,M1D2,150,TS
19,195,0.9972586462336028,0.9975017510425257,M1D2,150,TS
19,196,0.9972579269779204,0.9974600817778647,M1D2,150,TS
19,197,0.997266220569223,0.9974209557203549,M1D2,150,TS
19,198,0.9972835270075077,0.9973843728699938,M1D2,150,TS
19,199,0.9973098462927743,0.9973503332267812,M1D2,150,TS
19,200,0.997345178425023,0.9973188367907172,M1D2,150,TS
20,151,0.9973616389364621,0.9975700781972529,M1D2,150,TS
20,152,0.9974075197253998,0.9975579737799314,M1D2,150,TS
20,153,0.9974215049847107,0.9975429465899146,M1D2,150,TS
20,154,0.997403594714395,0.9975249966272024,M1D2,150,TS
20,155,0.9973537889144526,0.9975041238917948,M1D2,150,TS
20,156,0.9972720875848866,0.9974803283836946,M1D2,150,TS
20,157,0.9971109528470454,0.9974617697469442,M1D2,150,TS
20,158,0.9969958467251645,0.9974309943404887,M1D2,150,TS
20,159,0.9968982250774934,0.9973979707956208,M1D2,150,TS
20,160,0.9968057423558895,0.9973595191699697,M1D2,150,TS
20,161,0.9967649835522265,0.9973176567813477,M1D2,150,TS
20,162,0.9967462230467132,0.9972511085014601,M1D2,150,TS
20,163,0.9967562441604744,0.997189493333882,M1D2,150,TS
20,164,0.9968197596582506,0.997144599828549,M1D2,150,TS
20,165,0.9969000064872323,0.9971102389015514,M1D2,150,TS
20,166,0.9969981041843179,0.9970913334103045,M1D2,150,TS
20,167,0.9968934864706803,0.9970863142037759,M1D2,150,TS
20,168,0.996978171831189,0.9970948609740886,M1D2,150,TS
20,169,0.9968581736723161,0.9970909783418594,M1D2,150,TS
20,170,0.9967202675194098,0.9970903749334616,M1D2,150,TS
20,171,0.9966286239580148,0.9970516693848551,M1D2,150,TS
20,172,0.9965689094138606,0.9969836401931068,M1D2,150,TS
20,173,0.9966561260440131,0.9969288189710861,M1D2,150,TS
20,174,0.9965639000607831,0.9968839010141008,M1D2,150,TS
20,175,0.9964988305626201,0.9968534887923978,M1D2,150,TS
20,176,0.9964825142151799,0.9968172012750882,M1D2,150,TS
20,177,0.9965271691823476,0.9968028500688066,M1D2,150,TS
20,178,0.9966247076581672,0.9968083018337776,M1D2,150,TS
20,179,0.9965231349097945,0.9968195603337902,M1D2,150,TS
20,180,0.9964948170830299,0.9968388095374668,M1D2,150,TS
20,181,0.9965423828461333,0.9968418662386939,M1D2,150,TS
20,182,0.9965689321766831,0.9968454417129455,M1D2,150,TS
20,183,0.99662696643056,0.996847044589528,M1D2,150,TS
20,184,0.9964687216956917,0.9968353872339487,M1D2,150,TS
20,185,0.9964055226886985,0.9968160679405283,M1D2,150,TS
20,186,0.9964305090450565,0.9967661934081528,M1D2,150,TS
20,187,0.9962479179393413,0.9967222939868969,M1D2,150,TS
20,188,0.9960964738165874,0.9966841504299678,M1D2,150,TS
20,189,0.9959848674786759,0.9966515545861324,M1D2,150,TS
20,190,0.9959041879371922,0.9966193325463474,M1D2,150,TS
20,191,0.9958612410572101,0.9965996233401478,M1D2,150,TS
20,192,0.9958008059821721,0.9965535031148632,M1D2,150,TS
20,193,0.9957761643512522,0.996485175229007,M1D2,150,TS
20,194,0.9958041770686448,0.9964348299870682,M1D2,150,TS
20,195,0.9958724204484426,0.9963588881291972,M1D2,150,TS
20,196,0.9959026605517954,0.9963072719313953,M1D2,150,TS
20,197,0.9959341167151717,0.9962583880926837,M1D2,150,TS
20,198,0.9959667889385689,0.9962122366130595,M1D2,150,TS
20,199,0.996000677221987,0.9961688174925226,M1D2,150,TS
20,200,0.9960357815654259,0.9961281307310734,M1D2,150,TS
21,151,0.9956912339585707,0.9956480982158683,M1D2,150,TS
21,152,0.9956361582846758,0.9956172479606011,M1D2,150,TS
21,153,0.9955777660134763,0.9955827480412092,M1D2,150,TS
21,154,0.9955160571449724,0.9955445984576929,M1D2,150,TS
21,155,0.995451031679164,0.9955027992100519,M1D2,150,TS
21,156,0.995382689616054,0.9954573502982892,M1D2,150,TS
21,157,0.9953032813292844,0.9954154838845952,M1D2,150,TS
21,158,0.9952288312847336,0.9953623160885787,M1D2,150,TS
21,159,0.9951657989556684,0.9953070861740494,M1D2,150,TS
21,160,0.9950827836652403,0.9952470644813999,M1D2,150,TS
21,161,0.9950040504535111,0.9951847485983556,M1D2,150,TS
21,162,0.9949378275730777,0.9950976875356539,M1D2,150,TS
21,163,0.994872731051322,0.9950163188068057,M1D2,150,TS
21,164,0.9948462154708643,0.9949521729300257,M1D2,150,TS
21,165,0.9948455456205259,0.9948983662114765,M1D2,150,TS
21,166,0.9948506100983525,0.9948604965048107,M1D2,150,TS
21,167,0.9948442953928711,0.9948317937210441,M1D2,150,TS
21,168,0.994858696630907,0.9948209981126153,M1D2,150,TS
21,169,0.9948599240004905,0.9947927982542816,M1D2,150,TS
21,170,0.9948275598015108,0.9947683135530957,M1D2,150,TS
21,171,0.9947749222348143,0.9947069635898002,M1D2,150,TS
21,172,0.9947228452351056,0.9946167715789181,M1D2,150,TS
21,173,0.994660418753779,0.9945441001388622,M1D2,150,TS
21,174,0.9946132830160076,0.9944764139015603,M1D2,150,TS
21,175,0.9945781416702075,0.994423749037055,M1D2,150,TS
21,176,0.9945183042464286,0.9943670877952918,M1D2,150,TS
21,177,0.994460904363839,0.9943340531698827,M1D2,150,TS
21,178,0.9944207553588466,0.9943219153600699,M1D2,150,TS
21,179,0.9943659110086336,0.9943109387844208,M1D2,150,TS
21,180,0.9943098604053411,0.9943099638333419,M1D2,150,TS
21,181,0.9942479000109743,0.9942946104322383,M1D2,150,TS
21,182,0.9941933460671152,0.9942790971137762,M1D2,150,TS
21,183,0.9941428593360844,0.9942625056381129,M1D2,150,TS
21,184,0.9941003087097292,0.9942267245037749,M1D2,150,TS
21,185,0.994049879015029,0.994185867213007,M1D2,150,TS
21,186,0.9939787237981907,0.9941169717603435,M1D2,150,TS
21,187,0.9939123404758661,0.9940486199955981,M1D2,150,TS
21,188,0.9938302001053307,0.9939873452412689,M1D2,150,TS
21,189,0.9937594602523034,0.9939324378768762,M1D2,150,TS
21,190,0.9936779827658371,0.9938789042725592,M1D2,150,TS
21,191,0.9935713169909226,0.9938396282327197,M1D2,150,TS
21,192,0.9934749826288649,0.9937729903416952,M1D2,150,TS
21,193,0.9933924321192207,0.9936846134948293,M1D2,150,TS
21,194,0.9933409069786632,0.9936148052298274,M1D2,150,TS
21,195,0.9933053047706054,0.9935197792946675,M1D2,150,TS
21,196,0.9932830596003424,0.9934479936511014,M1D2,150,TS
21,197,0.9932787843572951,0.9933785200090954,M1D2,150,TS
21,198,0.9932924790414607,0.9933113583686469,M1D2,150,TS
21,199,0.9933241436528392,0.9932465087297557,M1D2,150,TS
21,200,0.9933737781914306,0.993183971092422,M1D2,150,TS
22,151,0.9979528761834789,0.9978235764731451,M1D2,150,TS
22,152,0.9979072381966131,0.9978161554460666,M1D2,150,TS
22,153,0.9978617640595299,0.9978049899715588,M1D2,150,TS
22,154,0.997816453772229,0.9977900800496216,M1D2,150,TS
22,155,0.9977713073347109,0.997771425680255,M1D2,150,TS
22,156,0.9977263247469779,0.9977490268634619,M1D2,150,TS
22,157,0.9976623722504454,0.9977303792122987,M1D2,150,TS
22,158,0.9976220530829301,0.9977000117253327,M1D2,150,TS
22,159,0.9975850693515447,0.9976677396985097,M1D2,150,TS
22,160,0.9975521284025106,0.9976300838069848,M1D2,150,TS
22,161,0.9975274650059696,0.9975900340809682,M1D2,150,TS
22,162,0.99750044667464,0.9975255991137775,M1D2,150,TS
22,163,0.9974735928424314,0.9974668943008467,M1D2,150,TS
22,164,0.9974506677254206,0.997426333978288,M1D2,150,TS
22,165,0.9974375716473516,0.9973965786469657,M1D2,150,TS
22,166,0.9974409607621424,0.9973824896241533,M1D2,150,TS
22,167,0.9974532155137844,0.9973770582320485,M1D2,150,TS
22,168,0.9974715255646589,0.9973899404807711,M1D2,150,TS
22,169,0.9974882601035546,0.9973851177498531,M1D2,150,TS
22,170,0.9974927470335335,0.9973835009666007,M1D2,150,TS
22,171,0.9974823827231087,0.9973448066008005,M1D2,150,TS
22,172,0.9974560568032118,0.9972776211059492,M1D2,150,TS
22,173,0.9974282640273349,0.9972277207943702,M1D2,150,TS
22,174,0.9974235959318766,0.9971825568323172,M1D2,150,TS
22,175,0.9974112134769693,0.997153024455113,M1D2,150,TS
22,176,0.9974167092627432,0.9971184191481726,M1D2,150,TS
22,177,0.9974104067819365,0.9971077958269366,M1D2,150,TS
22,178,0.9973914928461298,0.9971188267924832,M1D2,150,TS
22,179,0.9973688547367965,0.9971307667101807,M1D2,150,TS
22,180,0.9973364659420498,0.9971529005497324,M1D2,150,TS
22,181,0.9972937885930526,0.9971606951108308,M1D2,150,TS
22,182,0.9972503787900733,0.9971685357152955,M1D2,150,TS
22,183,0.9972196642067779,0.9971750001910257,M1D2,150,TS
22,184,0.9971947514642006,0.9971623339968482,M1D2,150,TS
22,185,0.9971539974562448,0.9971448919234139,M1D2,150,TS
22,186,0.99711660853755,0.9970987503758272,M1D2,150,TS
22,187,0.9970594165220095,0.9970538011429,M1D2,150,TS
22,188,0.9969981574821415,0.9970156118320537,M1D2,150,TS
22,189,0.996932905442551,0.9969842079717172,M1D2,150,TS
22,190,0.9968700312810477,0.9969538252351524,M1D2,150,TS
22,191,0.9967969001664407,0.9969373440882282,M1D2,150,TS
22,192,0.9967343004587343,0.9968934929526064,M1D2,150,TS
22,193,0.9966924120561809,0.9968276574043912,M1D2,150,TS
22,194,0.9966737251724511,0.9967806767867103,M1D2,150,TS
22,195,0.9966714083321956,0.9967083920908348,M1D2,150,TS
22,196,0.9966745969745014,0.996659592604063,M1D2,150,TS
22,197,0.9966913347168012,0.9966132242485791,M1D2,150,TS
22,198,0.9967216215590917,0.9965692870243803,M1D2,150,TS
22,199,0.9967654575013734,0.9965277809314665,M1D2,150,TS
22,200,0.996822842543646,0.996488705969838,M1D2,150,TS
23,151,0.9957291000885199,0.9958756096854385,M1D2,150,TS
23,152,0.995655804722311,0.995849159372607,M1D2,150,TS
23,153,0.995583265767001,0.9958189527580139,M1D2,150,TS
23,154,0.9955114832225899,0.9957849898416593,M1D2,150,TS
23,155,0.9954404570890777,0.9957472706235433,M1D2,150,TS
23,156,0.9953701873664672,0.9957057951036687,M1D2,150,TS
23,157,0.9952964816511591,0.9956676548954767,M1D2,150,TS
23,158,0.9952337450924627,0.9956181168986704,M1D2,150,TS
23,159,0.9951646689343825,0.9955669845101388,M1D2,150,TS
23,160,0.9950886447357687,0.9955107138123287,M1D2,150,TS
23,161,0.9950125348933974,0.9954523404942273,M1D2,150,TS
23,162,0.9949454753952015,0.995369567413994,M1D2,150,TS
23,163,0.9948705612965933,0.9952926684909714,M1D2,150,TS
23,164,0.9948185960203811,0.9952332757212972,M1D2,150,TS
23,165,0.9947838854552487,0.9951843716754782,M1D2,150,TS
23,166,0.9947588975268944,0.9951511598814052,M1D2,150,TS
23,167,0.9947590577003345,0.9951260201804484,M1D2,150,TS
23,168,0.9947644068394659,0.9951191543784914,M1D2,150,TS
23,169,0.9947660037795605,0.9950946901726041,M1D2,150,TS
23,170,0.9947637944757017,0.9950731229130484,M1D2,150,TS
23,171,0.9947466162556119,0.9950149880499963,M1D2,150,TS
23,172,0.9947189951630708,0.9949286052843951,M1D2,150,TS
23,173,0.9946621370785891,0.9948600068363417,M1D2,150,TS
23,174,0.9946149970545015,0.9947965071455774,M1D2,150,TS
23,175,0.9945695964921818,0.9947481283111794,M1D2,150,TS
23,176,0.9945269742307985,0.99469502891469,M1D2,150,TS
23,177,0.9944802338775807,0.9946655824849762,M1D2,150,TS
23,178,0.99442978382032,0.9946574358102853,M1D2,150,TS
23,179,0.994383440304972,0.9946498733886942,M1D2,150,TS
23,180,0.9943415393688771,0.9946521061234533,M1D2,150,TS
23,181,0.9942902372324994,0.994640332208797,M1D2,150,TS
23,182,0.9942375416961541,0.9946285877255231,M1D2,150,TS
23,183,0.9941733265295782,0.994616058319953,M1D2,150,TS
23,184,0.9941300293605158,0.9945841442641744,M1D2,150,TS
23,185,0.9940893572924874,0.9945468687672226,M1D2,150,TS
23,186,0.9940361842867442,0.9944815839156393,M1D2,150,TS
23,187,0.9939514980828261,0.9944177587308095,M1D2,150,TS
23,188,0.9938687256791139,0.9943604746281947,M1D2,150,TS
23,189,0.9937819685524725,0.9943098630492164,M1D2,150,TS
23,190,0.9937040166065777,0.9942601942703105,M1D2,150,TS
23,191,0.9936094491179026,0.9942244413992459,M1D2,150,TS
23,192,0.9935086087142964,0.994161947783064,M1D2,150,TS
23,193,0.9934110201584094,0.9940781023194599,M1D2,150,TS
23,194,0.9933458424257315,0.9940127017690241,M1D2,150,TS
23,195,0.9932978906382908,0.9939222951622618,M1D2,150,TS
23,196,0.993268502233414,0.9938547791883106,M1D2,150,TS
23,197,0.9932555990533375,0.9937895999424676,M1D2,150,TS
23,198,0.9932591810980587,0.9937267574247302,M1D2,150,TS
23,199,0.9932792483675777,0.9936662516350983,M1D2,150,TS
23,200,0.9933158008618946,0.9936080825735722,M1D2,150,TS
26,151,0.9959505042486115,0.9958353533080112,M1D2,150,TS
26,152,0.9959391513915293,0.9958049167738067,M1D2,150,TS
26,153,0.9959235813440527,0.9957708547353749,M1D2,150,TS
26,154,0.9959037941061815,0.9957331671927159,M1D2,150,TS
26,155,0.9958797896779156,0.9956918541458298,M1D2,150,TS
26,156,0.9958515680592581,0.9956469155947196,M1D2,150,TS
26,157,0.9958072894134908,0.9956056612145675,M1D2,150,TS
26,158,0.9957666449082698,0.9955531910287652,M1D2,150,TS
26,159,0.9957290508396146,0.9954988574941258,M1D2,150,TS
26,160,0.9956855218293663,0.9954393832763105,M1D2,150,TS
26,161,0.9956471401855236,0.99537759497492,M1D2,150,TS
26,162,0.9956172217042869,0.995291193209174,M1D2,150,TS
26,163,0.9955702454172622,0.9952109462366957,M1D2,150,TS
26,164,0.9955319666902213,0.9951486822648002,M1D2,150,TS
26,165,0.9954958282837898,0.995097365017324,M1D2,150,TS
26,166,0.9954580497498497,0.9950621591694878,M1D2,150,TS
26,167,0.9954201972989694,0.9950358033726248,M1D2,150,TS
26,168,0.9954003162585383,0.9950274185309407,M1D2,150,TS
26,169,0.9953739741361689,0.9950014781983894,M1D2,150,TS
26,170,0.9953283702185327,0.9949788913991731,M1D2,150,TS
26,171,0.9952770786212812,0.9949190825159583,M1D2,150,TS
26,172,0.9952158335301919,0.9948307223150415,M1D2,150,TS
26,173,0.9951514651758169,0.9947596779427428,M1D2,150,TS
26,174,0.9950852331987592,0.9946940431502347,M1D2,150,TS
26,175,0.9950159682286617,0.9946437827187445,M1D2,150,TS
26,176,0.994937142898188,0.9945891759232441,M1D2,150,TS
26,177,0.9948684720981864,0.994557974521501,M1D2,150,TS
26,178,0.994824032753938,0.9945474695188405,M1D2,150,TS
26,179,0.9947916678182149,0.9945374586204611,M1D2,150,TS
26,180,0.9947660354292998,0.9945372326164648,M1D2,150,TS
26,181,0.9947581952186065,0.9945220384031995,M1D2,150,TS
26,182,0.9947504723156242,0.9945068532580915,M1D2,150,TS
26,183,0.9947581154144762,0.9944902875505908,M1D2,150,TS
26,184,0.99477481366559,0.9944545274715391,M1D2,150,TS
26,185,0.994767935465342,0.9944140870132678,M1D2,150,TS
26,186,0.9947573642526486,0.9943452301937439,M1D2,150,TS
26,187,0.9947425828269708,0.9942771206319315,M1D2,150,TS
26,188,0.9947137593630634,0.9942160309355573,M1D2,150,TS
26,189,0.9947103567853216,0.9941609488821535,M1D2,150,TS
26,190,0.9946953152330662,0.9941072520678359,M1D2,150,TS
26,191,0.994681869981461,0.9940671180130177,M1D2,150,TS
26,192,0.9946622189775258,0.9940000444565967,M1D2,150,TS
26,193,0.9946446633771215,0.9939115485317734,M1D2,150,TS
26,194,0.9946319178289431,0.9938423145391129,M1D2,150,TS
26,195,0.9945965515165704,0.9937488677097492,M1D2,150,TS
26,196,0.9945587055634009,0.9936790472908723,M1D2,150,TS
26,197,0.9945147672408209,0.993612157925857,M1D2,150,TS
26,198,0.994464736548828,0.9935481996147004,M1D2,150,TS
26,199,0.9944086134874224,0.9934871723574029,M1D2,150,TS
26,200,0.994346398056604,0.9934290761539641,M1D2,150,TS
27,151,0.9956270353333843,0.9955751741930379,M1D2,150,TS
27,152,0.9956308304875027,0.9955437708006163,M1D2,150,TS
27,153,0.9956235063981074,0.9955089168852146,M1D2,150,TS
27,154,0.9956050630651984,0.9954706124468327,M1D2,150,TS
27,155,0.9955755004887756,0.9954288574854704,M1D2,150,TS
27,156,0.9955348186688422,0.9953836520011308,M1D2,150,TS
27,157,0.9954834006625471,0.9953419953491294,M1D2,150,TS
27,158,0.995418425360461,0.9952895381652099,M1D2,150,TS
27,159,0.9953565849148365,0.9952352415268468,M1D2,150,TS
27,160,0.9952733097356826,0.9951761813466855,M1D2,150,TS
27,161,0.9952144854349595,0.9951143528216512,M1D2,150,TS
27,162,0.9951573562046216,0.9950281962143895,M1D2,150,TS
27,163,0.9950850316767843,0.9949481229279609,M1D2,150,TS
27,164,0.9949959437697586,0.9948866263547578,M1D2,150,TS
27,165,0.9949210350328426,0.9948357270848529,M1D2,150,TS
27,166,0.9948438679446346,0.9948008928569956,M1D2,150,TS
27,167,0.9947548564922097,0.9947751525529632,M1D2,150,TS
27,168,0.9946976510250903,0.9947670165700767,M1D2,150,TS
27,169,0.9946473330066448,0.99474098769589,M1D2,150,TS
27,170,0.9945945152930386,0.9947178444348516,M1D2,150,TS
27,171,0.9945447834265342,0.9946574751230571,M1D2,150,TS
27,172,0.9945075395805032,0.9945681306036736,M1D2,150,TS
27,173,0.9944889188554943,0.994495445340621,M1D2,150,TS
27,174,0.9944763021037695,0.9944279711534612,M1D2,150,TS
27,175,0.9944619689353607,0.9943757761213392,M1D2,150,TS
27,176,0.9944689801054403,0.9943183918164522,M1D2,150,TS
27,177,0.9944851237885035,0.9942843868138949,M1D2,150,TS
27,178,0.9944910894255776,0.9942719099271891,M1D2,150,TS
27,179,0.9944799854294203,0.9942606014771932,M1D2,150,TS
27,180,0.9944433259927755,0.9942598872431141,M1D2,150,TS
27,181,0.994388699724889,0.9942452592870068,M1D2,150,TS
27,182,0.9943523016714957,0.994230175566582,M1D2,150,TS
27,183,0.9943249681714408,0.9942138335636505,M1D2,150,TS
27,184,0.99428351692634,0.9941789414303147,M1D2,150,TS
27,185,0.9942383398808105,0.9941388525566155,M1D2,150,TS
27,186,0.9942158639706631,0.9940697428506218,M1D2,150,TS
27,187,0.9941856942445113,0.994001487694791,M1D2,150,TS
27,188,0.9941470624534154,0.9939400789177422,M1D2,150,TS
27,189,0.9941038359803992,0.9938853980435555,M1D2,150,TS
27,190,0.9940330063469403,0.9938325619482947,M1D2,150,TS
27,191,0.9939755654170752,0.9937929264360496,M1D2,150,TS
27,192,0.993924755344659,0.993726130448992,M1D2,150,TS
27,193,0.9938759374482569,0.9936379654434527,M1D2,150,TS
27,194,0.9938333304535465,0.9935689519837172,M1D2,150,TS
27,195,0.9937877818081611,0.9934753416815386,M1D2,150,TS
27,196,0.9937337446981204,0.9934054129973381,M1D2,150,TS
27,197,0.9936772647437789,0.993338312393322,M1D2,150,TS
27,198,0.9936183419451339,0.9932740398694878,M1D2,150,TS
27,199,0.9935569763021853,0.9932125954258354,M1D2,150,TS
27,200,0.9934931678149332,0.9931539790623647,M1D2,150,TS
28,151,0.9958768271134878,0.9955434365021598,M1D2,150,TS
28,152,0.9958069872774017,0.9955116743736621,M1D2,150,TS
28,153,0.9957385062343753,0.9954761418535969,M1D2,150,TS
28,154,0.9956713839844086,0.9954368389419643,M1D2,150,TS
28,155,0.9956056205275016,0.9953937656387644,M1D2,150,TS
28,156,0.9955412158636568,0.9953469219439997,M1D2,150,TS
28,157,0.9954703721703593,0.9953035019257059,M1D2,150,TS
28,158,0.9954017294613472,0.9952489016399522,M1D2,150,TS
28,159,0.9953492965457706,0.9951921223059486,M1D2,150,TS
28,160,0.9952887605784829,0.9951302403653183,M1D2,150,TS
28,161,0.9952268306544811,0.9950662635405658,M1D2,150,TS
28,162,0.9951706085295687,0.9949778966565683,M1D2,150,TS
28,163,0.9951025837892211,0.9948955195229284,M1D2,150,TS
28,164,0.9950259680471947,0.9948314933802024,M1D2,150,TS
28,165,0.9949711867638683,0.9947778605686486,M1D2,150,TS
28,166,0.9949195165957059,0.9947401324817711,M1D2,150,TS
28,167,0.9948801619547997,0.9947108510772054,M1D2,150,TS
28,168,0.9948288282290081,0.9947002907724036,M1D2,150,TS
28,169,0.994759286893276,0.9946724926212954,M1D2,150,TS
28,170,0.9946900390221152,0.9946475046562108,M1D2,150,TS
28,171,0.9946267177461146,0.9945852777568313,M1D2,150,TS
28,172,0.9945784560647598,0.9944940547471578,M1D2,150,TS
28,173,0.9945622098053123,0.9944191127257218,M1D2,150,TS
28,174,0.9945735190442897,0.9943488197884691,M1D2,150,TS
28,175,0.9946043690732354,0.994293233763105,M1D2,150,TS
28,176,0.9946231319216181,0.9942333240707939,M1D2,150,TS
28,177,0.9946438750046789,0.9941969512809232,M1D2,150,TS
28,178,0.9946295992122275,0.9941827187283687,M1D2,150,TS
28,179,0.9945936333057059,0.9941697666811637,M1D2,150,TS
28,180,0.9945449739711748,0.9941670665625769,M1D2,150,TS
28,181,0.9944893921720652,0.9941502098719126,M1D2,150,TS
28,182,0.9944399381823597,0.9941331972744188,M1D2,150,TS
28,183,0.9944161321713652,0.9941144807364555,M1D2,150,TS
28,184,0.9943877023568948,0.9940769958233115,M1D2,150,TS
28,185,0.9943462800062939,0.9940345509220994,M1D2,150,TS
28,186,0.9943019638171833,0.9939637878811848,M1D2,150,TS
28,187,0.9942709067133846,0.9938933333830857,M1D2,150,TS
28,188,0.994239933611649,0.9938294914501056,M1D2,150,TS
28,189,0.9942015542194994,0.9937724376772672,M1D2,150,TS
28,190,0.9941377686530268,0.9937171783012477,M1D2,150,TS
28,191,0.9940912929380132,0.9936750017287563,M1D2,150,TS
28,192,0.9940443114741453,0.9936058723411889,M1D2,150,TS
28,193,0.9940105493736837,0.993515104079528,M1D2,150,TS
28,194,0.9939496478780393,0.9934443393743279,M1D2,150,TS
28,195,0.993885339415004,0.9933490247772094,M1D2,150,TS
28,196,0.9938172778179344,0.993277237748779,M1D2,150,TS
28,197,0.9937457480426715,0.9932083042310754,M1D2,150,TS
28,198,0.9936707500892124,0.9931422242240961,M1D2,150,TS
28,199,0.9935922839575569,0.9930789977278414,M1D2,150,TS
28,200,0.9935103496477052,0.9930186247423108,M1D2,150,TS
29,151,0.9971053161646016,0.9971580532521779,M1D2,150,TS
29,152,0.9970546443879883,0.9971447500314841,M1D2,150,TS
29,153,0.9969999147314916,0.9971278108718037,M1D2,150,TS
29,154,0.9969411271951116,0.9971072357731368,M1D2,150,TS
29,155,0.9968782817788483,0.9970830247354834,M1D2,150,TS
29,156,0.9968113784827042,0.9970551777588463,M1D2,150,TS
29,157,0.9967248965817403,0.9970310452154055,M1D2,150,TS
29,158,0.9966387616759906,0.9969958447894974,M1D2,150,TS
29,159,0.9965665081064645,0.9969585019382773,M1D2,150,TS
29,160,0.9965136282181668,0.9969153571431997,M1D2,150,TS
29,161,0.9964645471636396,0.9968700306281841,M1D2,150,TS
29,162,0.9964205732676059,0.9968004557612878,M1D2,150,TS
29,163,0.9963652681228199,0.9967368407633813,M1D2,150,TS
29,164,0.9963280237515837,0.9966908476396721,M1D2,150,TS
29,165,0.9963083764024314,0.996655349825497,M1D2,150,TS
29,166,0.9962999252139577,0.9966354752428389,M1D2,150,TS
29,167,0.9962917071015146,0.9966242791628381,M1D2,150,TS
29,168,0.9962900129355721,0.9966313320030482,M1D2,150,TS
29,169,0.9963176372464052,0.9966199479690879,M1D2,150,TS
29,170,0.996330514478867,0.9966117526280251,M1D2,150,TS
29,171,0.99633957105396,0.9965667625264786,M1D2,150,TS
29,172,0.9963433788354059,0.9964934226447834,M1D2,150,TS
29,173,0.996316399630141,0.9964378504353728,M1D2,150,TS
29,174,0.9962795277877291,0.9963878454394808,M1D2,150,TS
29,175,0.996253321792555,0.9963527496199318,M1D2,150,TS
29,176,0.9962191139567975,0.9963132218615778,M1D2,150,TS
29,177,0.9961771816583925,0.9962973975392004,M1D2,150,TS
29,178,0.9961279864664458,0.9963029243051594,M1D2,150,TS
29,179,0.9960935972765861,0.9963087574208771,M1D2,150,TS
29,180,0.9960372576932366,0.996325032243052,M1D2,150,TS
29,181,0.9959856516483765,0.9963269610556724,M1D2,150,TS
29,182,0.9959354462420607,0.9963288350851391,M1D2,150,TS
29,183,0.9958692511216817,0.9963299697734743,M1D2,150,TS
29,184,0.9958310565509717,0.9963115743878898,M1D2,150,TS
29,185,0.9957945079160518,0.9962878931844819,M1D2,150,TS
29,186,0.9957594622723526,0.9962358816731055,M1D2,150,TS
29,187,0.995720506712767,0.9961846229812155,M1D2,150,TS
29,188,0.9956817104654498,0.9961399195488011,M1D2,150,TS
29,189,0.9956372887491772,0.9961019233585161,M1D2,150,TS
29,190,0.9955685636190378,0.9960657267797081,M1D2,150,TS
29,191,0.9954968102463866,0.9960430831350694,M1D2,150,TS
29,192,0.9954372577928832,0.995993267861661,M1D2,150,TS
29,193,0.99534720467828,0.9959229601130507,M1D2,150,TS
29,194,0.9952711797727173,0.9958716021375513,M1D2,150,TS
29,195,0.9952156734143542,0.9957951692213317,M1D2,150,TS
29,196,0.9951853650628,0.9957414286143543,M1D2,150,TS
29,197,0.9951711378661893,0.9956900358286896,M1D2,150,TS
29,198,0.9951729918245189,0.9956409908643348,M1D2,150,TS
29,199,0.9951909269377889,0.9955942937212898,M1D2,150,TS
29,200,0.9952249432059993,0.9955499443995547,M1D2,150,TS
30,151,0.9786156496830348,0.9789462367383416,M1D2,150,TS
30,152,0.97849959995813,0.978800877459487,M1D2,150,TS
30,153,0.9783824134107618,0.9786518312180091,M1D2,150,TS
30,154,0.9782640900409304,0.9784990980139081,M1D2,150,TS
30,155,0.9781446298486357,0.978342677847184,M1D2,150,TS
30,156,0.9780240328338803,0.9781825707178395,M1D2,150,TS
30,157,0.9778889014610461,0.9780263329784323,M1D2,150,TS
30,158,0.9777682447260291,0.9778581329428512,M1D2,150,TS
30,159,0.9776605185831237,0.9776881486601688,M1D2,150,TS
30,160,0.97753377880097,0.9775131595632877,M1D2,150,TS
30,161,0.9774259211339003,0.9773356021424714,M1D2,150,TS
30,162,0.9773195538559117,0.9771340788918476,M1D2,150,TS
30,163,0.9771920347440073,0.9769386893276596,M1D2,150,TS
30,164,0.9770537208353786,0.9767614428485446,M1D2,150,TS
30,165,0.976874119681151,0.9765958985581976,M1D2,150,TS
30,166,0.976676843904003,0.9764466862625238,M1D2,150,TS
30,167,0.9764800237719291,0.9763060777400453,M1D2,150,TS
30,168,0.9762819189345002,0.9761837632000693,M1D2,150,TS
30,169,0.9760779184118875,0.9760438912583603,M1D2,150,TS
30,170,0.9758535861728687,0.9759070937993087,M1D2,150,TS
30,171,0.975640084719773,0.9757337448970792,M1D2,150,TS
30,172,0.9754444258391946,0.9755319721694982,M1D2,150,TS
30,173,0.9752571500427585,0.9753469530298067,M1D2,150,TS
30,174,0.9750693311365886,0.9751675799851796,M1D2,150,TS
30,175,0.9748969062286892,0.9750023230906191,M1D2,150,TS
30,176,0.9747300921460091,0.974832049016354,M1D2,150,TS
30,177,0.9745758297873253,0.9746850275869651,M1D2,150,TS
30,178,0.9744064513106123,0.9745596416752705,M1D2,150,TS
30,179,0.9742581496357877,0.9744340814996297,M1D2,150,TS
30,180,0.9741236702127505,0.9743182125162286,M1D2,150,TS
30,181,0.9739996481604303,0.9741883833336105,M1D2,150,TS
30,182,0.9738789733217553,0.9740585075302834,M1D2,150,TS
30,183,0.9737841247686867,0.9739272397503271,M1D2,150,TS
30,184,0.9736866657990332,0.9737771807312424,M1D2,150,TS
30,185,0.9735904989506905,0.9736212427955399,M1D2,150,TS
30,186,0.9734797771977106,0.9734376325350833,M1D2,150,TS
30,187,0.9733510233290976,0.9732551247414034,M1D2,150,TS
30,188,0.9731987434300009,0.9730799064773227,M1D2,150,TS
30,189,0.9730811593001335,0.9729101387853959,M1D2,150,TS
30,190,0.9729794485882934,0.9727412948810413,M1D2,150,TS
30,191,0.9728458590800013,0.9725865748517167,M1D2,150,TS
30,192,0.9727194183353756,0.9724049332865397,M1D2,150,TS
30,193,0.9725771072263516,0.9722028495946485,M1D2,150,TS
30,194,0.9724210447533566,0.9720197961573747,M1D2,150,TS
30,195,0.9722410586237553,0.9718133673183117,M1D2,150,TS
30,196,0.9720844632924925,0.9716293321858903,M1D2,150,TS
30,197,0.971925259507695,0.9714480735900327,M1D2,150,TS
30,198,0.97176344726936,0.971269591530736,M1D2,150,TS
30,199,0.9715990265774874,0.9710938860080003,M1D2,150,TS
30,200,0.9714319974320774,0.9709209570218255,M1D2,150,TS
31,151,0.9975070046684483,0.9974394430259168,M1D2,150,TS
31,152,0.997474092201904,0.9974184802917816,M1D2,150,TS
31,153,0.9974387880343855,0.9973938438037923,M1D2,150,TS
31,154,0.9974010921658929,0.9973655335619488,M1D2,150,TS
31,155,0.9973610045964262,0.9973335495662511,M1D2,150,TS
31,156,0.9973185253259879,0.9972978918167019,M1D2,150,TS
31,157,0.9972511507658179,0.9972661455360823,M1D2,150,TS
31,158,0.9971848111679518,0.9972232617380777,M1D2,150,TS
31,159,0.9971480978372742,0.9971778064988565,M1D2,150,TS
31,160,0.9971319010209514,0.9971265453529886,M1D2,150,TS
31,161,0.9971251197669797,0.9970728387000136,M1D2,150,TS
31,162,0.9971208142617026,0.9969945874013246,M1D2,150,TS
31,163,0.9970887395225201,0.9969227873488589,M1D2,150,TS
31,164,0.9970490605713396,0.9968694366677223,M1D2,150,TS
31,165,0.9970042857558397,0.9968272632732214,M1D2,150,TS
31,166,0.9969578503880083,0.9968012475586956,M1D2,150,TS
31,167,0.9968884360628354,0.9967847201539971,M1D2,150,TS
31,168,0.9968279092851762,0.9967864183777787,M1D2,150,TS
31,169,0.9967573712929807,0.9967706376527447,M1D2,150,TS
31,170,0.9966948078549835,0.9967575445653863,M1D2,150,TS
31,171,0.9966349709782729,0.9967068540179261,M1D2,150,TS
31,172,0.996591494356329,0.9966268134770798,M1D2,150,TS
31,173,0.9965419818218111,0.9965642273816807,M1D2,150,TS
31,174,0.9965113307933615,0.9965065076674338,M1D2,150,TS
31,175,0.9964791181183416,0.9964642130688398,M1D2,150,TS
31,176,0.9964635240505813,0.9964169171466588,M1D2,150,TS
31,177,0.9964451825759255,0.9963933945838539,M1D2,150,TS
31,178,0.9964224586446496,0.9963913359517851,M1D2,150,TS
31,179,0.9963817573715876,0.996390582682629,M1D2,150,TS
31,180,0.9963609201896753,0.9963992832000125,M1D2,150,TS
31,181,0.9963277652487826,0.9963936720187159,M1D2,150,TS
31,182,0.9962946207306943,0.9963880820010101,M1D2,150,TS
31,183,0.9962528918134679,0.9963817261692949,M1D2,150,TS
31,184,0.9962236959859262,0.9963560458694795,M1D2,150,TS
31,185,0.9961806766368064,0.9963254788908142,M1D2,150,TS
31,186,0.9961562358257028,0.9962658393780307,M1D2,150,TS
31,187,0.9961461259271673,0.9962064800452141,M1D2,150,TS
31,188,0.9961059648658412,0.9961545695577092,M1D2,150,TS
31,189,0.9960572708541137,0.9961095727248012,M1D2,150,TS
31,190,0.9960122097441348,0.9960655421238361,M1D2,150,TS
31,191,0.9959512449869277,0.9960355697160417,M1D2,150,TS
31,192,0.9959146986428828,0.9959778135995297,M1D2,150,TS
31,193,0.9958371791458136,0.9958996797328256,M1D2,150,TS
31,194,0.9957720818575309,0.9958406752178786,M1D2,150,TS
31,195,0.9956880636310182,0.995757262487241,M1D2,150,TS
31,196,0.995610149220539,0.9956973381471499,M1D2,150,TS
31,197,0.9955296818882626,0.9956402616871439,M1D2,150,TS
31,198,0.9954466616341862,0.9955860331072205,M1D2,150,TS
31,199,0.9953610884583096,0.9955346524073795,M1D2,150,TS
31,200,0.9952729623606329,0.9954861195876207,M1D2,150,TS
32,151,0.9976372787513029,0.997376159785539,M1D2,150,TS
32,152,0.9975859283782122,0.9973532823534146,M1D2,150,TS
32,153,0.997537759894991,0.9973265897737267,M1D2,150,TS
32,154,0.9974927733016392,0.9972960820464755,M1D2,150,TS
32,155,0.9974509685981569,0.9972617591716606,M1D2,150,TS
32,156,0.9974123457845467,0.9972236211492852,M1D2,150,TS
32,157,0.9973910714903576,0.9971883764559755,M1D2,150,TS
32,158,0.9973645351764251,0.9971420701465664,M1D2,150,TS
32,159,0.9973236525734257,0.9970943183732006,M1D2,150,TS
32,160,0.9972787239121719,0.9970414005109065,M1D2,150,TS
32,161,0.9972344983995737,0.9969861691465345,M1D2,150,TS
32,162,0.9971726285375544,0.9969066108207019,M1D2,150,TS
32,163,0.9970815136859652,0.9968336009713241,M1D2,150,TS
32,164,0.9970228364338789,0.9967781440334251,M1D2,150,TS
32,165,0.9969708889751285,0.9967336362390383,M1D2,150,TS
32,166,0.9969182256786682,0.9967054282736336,M1D2,150,TS
32,167,0.9968728833104742,0.9966861145083211,M1D2,150,TS
32,168,0.9968603327414325,0.9966844471102867,M1D2,150,TS
32,169,0.9968612785135655,0.9966646334402681,M1D2,150,TS
32,170,0.9968686788578124,0.9966476024219728,M1D2,150,TS
32,171,0.9969081763848517,0.9965917208817874,M1D2,150,TS
32,172,0.9969420233445405,0.9965066989204558,M1D2,150,TS
32,173,0.9969555279992341,0.9964397599090207,M1D2,150,TS
32,174,0.9969494042176517,0.9963787189670659,M1D2,150,TS
32,175,0.9969421889585828,0.9963332794904981,M1D2,150,TS
32,176,0.9968777141211322,0.9962847507567733,M1D2,150,TS
32,177,0.9968280375656302,0.9962597144682712,M1D2,150,TS
32,178,0.9967976306524424,0.9962556968364006,M1D2,150,TS
32,179,0.9967544462986647,0.9962529517148146,M1D2,150,TS
32,180,0.99670640641245,0.9962603730061337,M1D2,150,TS
32,181,0.9966986004560046,0.9962518099588598,M1D2,150,TS
32,182,0.9966953899063733,0.9962431953957008,M1D2,150,TS
32,183,0.996685822577861,0.9962338893483309,M1D2,150,TS
32,184,0.9966502949747469,0.9962060838307434,M1D2,150,TS
32,185,0.9966254627133584,0.9961727720311074,M1D2,150,TS
32,186,0.9965679863271613,0.9961114181812356,M1D2,150,TS
32,187,0.9965344708143342,0.9960501173573265,M1D2,150,TS
32,188,0.9964988250717449,0.9959956485414783,M1D2,150,TS
32,189,0.996472074794096,0.9959477459525193,M1D2,150,TS
32,190,0.9964329443745374,0.9959011456434337,M1D2,150,TS
32,191,0.9964071385563611,0.9958679929173271,M1D2,150,TS
32,192,0.99638051035617,0.9958074787508037,M1D2,150,TS
32,193,0.9963321543374705,0.9957259608576283,M1D2,150,TS
32,194,0.9962579876875047,0.9956646469519567,M1D2,150,TS
32,195,0.9961316823678599,0.995579502834958,M1D2,150,TS
32,196,0.9960397422901545,0.9955173673357357,M1D2,150,TS
32,197,0.9959416583034034,0.9954581867381503,M1D2,150,TS
32,198,0.9958374304076035,0.9954019610421995,M1D2,150,TS
32,199,0.9957270586027549,0.995348690247883,M1D2,150,TS
32,200,0.9956105428888574,0.9952983743552005,M1D2,150,TS
33,151,0.9971866038348991,0.9972195163798834,M1D2,150,TS
33,152,0.9971771882546973,0.9972022242458626,M1D2,150,TS
33,153,0.9971627874329976,0.997181322229534,M1D2,150,TS
33,154,0.9971434013697998,0.9971568103308976,M1D2,150,TS
33,155,0.9971190300651044,0.9971286885499536,M1D2,150,TS
33,156,0.9970896735189142,0.9970969568867045,M1D2,150,TS
33,157,0.9970750525561606,0.997068097219815,M1D2,150,TS
33,158,0.9970425841341679,0.9970286006171853,M1D2,150,TS
33,159,0.9969901285945653,0.9969878139030743,M1D2,150,TS
33,160,0.9969343104870382,0.9969418269800464,M1D2,150,TS
33,161,0.9968498712257743,0.9968944152089066,M1D2,150,TS
33,162,0.9967605827944513,0.9968227619375024,M1D2,150,TS
33,163,0.9966678050407587,0.9967569152981007,M1D2,150,TS
33,164,0.996574105338067,0.9967092961691753,M1D2,150,TS
33,165,0.996518019421148,0.9966717293554932,M1D2,150,TS
33,166,0.9965124608595439,0.9966489103197317,M1D2,150,TS
33,167,0.9965141825532565,0.996634736475727,M1D2,150,TS
33,168,0.9965348749456002,0.9966385224614497,M1D2,150,TS
33,169,0.9965777630163406,0.9966240118071482,M1D2,150,TS
33,170,0.9966255238746355,0.9966122432088343,M1D2,150,TS
33,171,0.996656957677011,0.9965635698441899,M1D2,150,TS
33,172,0.9966550091253424,0.9964869627588623,M1D2,150,TS
33,173,0.9966137619288136,0.9964285607087108,M1D2,150,TS
33,174,0.9965502000997162,0.9963760683026335,M1D2,150,TS
33,175,0.9964746392831506,0.9963392266052804,M1D2,150,TS
33,176,0.9964297188078007,0.9962969913011328,M1D2,150,TS
33,177,0.9963524304473172,0.996279229644218,M1D2,150,TS
33,178,0.9963035782007477,0.9962820272021315,M1D2,150,TS
33,179,0.9962833687753415,0.9962848754277317,M1D2,150,TS
33,180,0.996263535279786,0.9962976473568853,M1D2,150,TS
33,181,0.9962624508250876,0.9962954311838793,M1D2,150,TS
33,182,0.9962451407180266,0.9962936446642395,M1D2,150,TS
33,183,0.9962085193003893,0.996291304505937,M1D2,150,TS
33,184,0.9961343369655,0.996270989980737,M1D2,150,TS
33,185,0.9960713222389226,0.9962451619853729,M1D2,150,TS
33,186,0.9959977556922955,0.9961910922344076,M1D2,150,TS
33,187,0.9959310026846178,0.9961375054239372,M1D2,150,TS
33,188,0.9958913374269002,0.9960898577216502,M1D2,150,TS
33,189,0.9958676527629517,0.9960484515480149,M1D2,150,TS
33,190,0.9958287970002899,0.9960085360460091,M1D2,150,TS
33,191,0.9958101939978872,0.9959816947476722,M1D2,150,TS
33,192,0.9957553463743947,0.9959287333483294,M1D2,150,TS
33,193,0.9956676125809258,0.9958552271887066,M1D2,150,TS
33,194,0.9955510426928489,0.9958018739838819,M1D2,150,TS
33,195,0.9954382903886538,0.9957236314597329,M1D2,150,TS
33,196,0.9953639686455392,0.9956679510900044,M1D2,150,TS
33,197,0.9952958060850953,0.9956148877058907,M1D2,150,TS
33,198,0.995233802707319,0.9955644413073892,M1D2,150,TS
33,199,0.9951779585122102,0.9955166118944998,M1D2,150,TS
33,200,0.9951282734997692,0.9954713994672223,M1D2,150,TS
34,151,0.9966019173591216,0.9963909365796745,M1D2,150,TS
34,152,0.9965375109004615,0.9963558160683809,M1D2,150,TS
34,153,0.9964763859472371,0.9963168802246775,M1D2,150,TS
34,154,0.9964185424994484,0.9962741290485643,M1D2,150,TS
34,155,0.9963639805570954,0.9962275625400412,M1D2,150,TS
34,156,0.9963127001201811,0.9961771806991112,M1D2,150,TS
34,157,0.9962666149512827,0.9961300096743902,M1D2,150,TS
34,158,0.9962313772546405,0.9960713503337432,M1D2,150,TS
34,159,0.9961944141671855,0.9960109424388377,M1D2,150,TS
34,160,0.9961536486065649,0.995945349925558,M1D2,150,TS
34,161,0.9961014414646291,0.9958777701465775,M1D2,150,TS
34,162,0.9960531997214542,0.995785369336981,M1D2,150,TS
34,163,0.9959737831291746,0.9956995487169336,M1D2,150,TS
34,164,0.9958895801595637,0.9956322018033995,M1D2,150,TS
34,165,0.9958105437270061,0.9955758064683322,M1D2,150,TS
34,166,0.9957351350167742,0.9955355666562846,M1D2,150,TS
34,167,0.9956700869728872,0.9955041060563514,M1D2,150,TS
34,168,0.9956347533603704,0.9954903521044047,M1D2,150,TS
34,169,0.9956246217533973,0.995458165272156,M1D2,150,TS
34,170,0.9956381439208416,0.9954282932705757,M1D2,150,TS
34,171,0.9956591928566096,0.9953603247238385,M1D2,150,TS
34,172,0.9956785063282084,0.9952632107190916,M1D2,150,TS
34,173,0.9956721182871628,0.995184273115059,M1D2,150,TS
34,174,0.9956474420670414,0.9951112109799668,M1D2,150,TS
34,175,0.9956137090233086,0.9950538758440747,M1D2,150,TS
34,176,0.9955610584346923,0.9949924524728198,M1D2,150,TS
34,177,0.9955001619276789,0.9949550894498513,M1D2,150,TS
34,178,0.9954384586761857,0.9949392375991006,M1D2,150,TS
34,179,0.9953924389841059,0.9949238964649584,M1D2,150,TS
34,180,0.9953774793924586,0.9949177962928596,M1D2,150,TS
34,181,0.995351102307958,0.9948971317294201,M1D2,150,TS
34,182,0.9953200941072107,0.994876645990874,M1D2,150,TS
34,183,0.9952827946572366,0.9948554764012166,M1D2,150,TS
34,184,0.9952469365732137,0.9948151292020176,M1D2,150,TS
34,185,0.9952154748524293,0.9947693946717026,M1D2,150,TS
34,186,0.9951500523424563,0.9946957194125557,M1D2,150,TS
34,187,0.9950793958477373,0.9946228388961501,M1D2,150,TS
34,188,0.9949994423017487,0.9945569644330643,M1D2,150,TS
34,189,0.9949363986368576,0.9944974228734822,M1D2,150,TS
34,190,0.9948937771697592,0.99443835968494,M1D2,150,TS
34,191,0.9948373823582575,0.9943934052676445,M1D2,150,TS
34,192,0.9947845605225776,0.9943210163111826,M1D2,150,TS
34,193,0.9947197686923281,0.9942274237362156,M1D2,150,TS
34,194,0.9946657853548242,0.9941530375101384,M1D2,150,TS
34,195,0.9946061635654042,0.9940537035761011,M1D2,150,TS
34,196,0.9945227695739276,0.9939788116473521,M1D2,150,TS
34,197,0.9944266437355376,0.9939070378387673,M1D2,150,TS
34,198,0.9943177860502315,0.9938383821503439,M1D2,150,TS
34,199,0.9941961965180095,0.993772844582082,M1D2,150,TS
34,200,0.9940618751388715,0.9937104251339816,M1D2,150,TS
35,151,0.9708355022098698,0.9715412820542066,M1D2,150,TS
35,152,0.9706232971273814,0.971327354435261,M1D2,150,TS
35,153,0.9704123482237726,0.9711096327207317,M1D2,150,TS
35,154,0.9702026554990436,0.9708881169106188,M1D2,150,TS
35,155,0.9699942189531942,0.9706628070049226,M1D2,150,TS
35,156,0.9697870385862275,0.9704337030036455,M1D2,150,TS
35,157,0.9696018384489045,0.9702086253876606,M1D2,150,TS
35,158,0.9694066902960077,0.9699696038380734,M1D2,150,TS
35,159,0.9691907774375861,0.9697310429235334,M1D2,150,TS
35,160,0.9689591770683395,0.969486966751244,M1D2,150,TS
35,161,0.9687235971385736,0.9692409667266404,M1D2,150,TS
35,162,0.9684909954576939,0.9689707161279825,M1D2,150,TS
35,163,0.9682610436433141,0.9687060360285082,M1D2,150,TS
35,164,0.9680052315499246,0.9684597099017607,M1D2,150,TS
35,165,0.9677421144430958,0.9682233388917076,M1D2,150,TS
35,166,0.9674688810330241,0.9680029406522178,M1D2,150,TS
35,167,0.9672224793203906,0.9677906474211351,M1D2,150,TS
35,168,0.9669587291419212,0.9675971135878543,M1D2,150,TS
35,169,0.9667118424950825,0.967384518511326,M1D2,150,TS
35,170,0.9664732953879875,0.9671734638671221,M1D2,150,TS
35,171,0.9662483939751392,0.9669271676947292,M1D2,150,TS
35,172,0.9660367604950058,0.9666536282441895,M1D2,150,TS
35,173,0.9658361031352474,0.9663963233739988,M1D2,150,TS
35,174,0.9657179820200885,0.9661431086898074,M1D2,150,TS
35,175,0.965398903063109,0.9659108068694973,M1D2,150,TS
35,176,0.9651107695513601,0.9656704911443501,M1D2,150,TS
35,177,0.9648586894584708,0.9654532012104058,M1D2,150,TS
35,178,0.9646059517150842,0.9652580115568142,M1D2,150,TS
35,179,0.9643882166997789,0.9650607293896553,M1D2,150,TS
35,180,0.9641961006035364,0.9648733179780734,M1D2,150,TS
35,181,0.9640272715349796,0.9646729952445598,M1D2,150,TS
35,182,0.9638750604309148,0.9644724908447478,M1D2,150,TS
35,183,0.9637616535848109,0.9642703408479355,M1D2,150,TS
35,184,0.9636730702771008,0.9640484321656053,M1D2,150,TS
35,185,0.9633928104139688,0.96382603915863,M1D2,150,TS
35,186,0.9632178864531746,0.9635706581970502,M1D2,150,TS
35,187,0.9630336907275205,0.9633172309056153,M1D2,150,TS
35,188,0.9628495860100664,0.9630709560575919,M1D2,150,TS
35,189,0.9626592852063421,0.9628306199256319,M1D2,150,TS
35,190,0.9624863981906412,0.9625919473957141,M1D2,150,TS
35,191,0.9622996622069035,0.9623670308115195,M1D2,150,TS
35,192,0.962078092225616,0.9621165179979473,M1D2,150,TS
35,193,0.9618665865112527,0.9618449183413172,M1D2,150,TS
35,194,0.9616412548576915,0.9615911022089729,M1D2,150,TS
35,195,0.9614358471356016,0.961313359702492,M1D2,150,TS
35,196,0.961201517627503,0.9610591672030863,M1D2,150,TS
35,197,0.9609579285332599,0.9608078138512097,M1D2,150,TS
35,198,0.9607050798528697,0.9605592996468598,M1D2,150,TS
35,199,0.9604429715863324,0.9603136245900363,M1D2,150,TS
35,200,0.960171603733648,0.9600707886807396,M1D2,150,TS
36,151,0.997249712584255,0.9973671843761299,M1D2,150,TS
36,152,0.9972154172762042,0.9973440866187543,M1D2,150,TS
36,153,0.9971789995152929,0.9973173073754869,M1D2,150,TS
36,154,0.997140459301521,0.9972868466463274,M1D2,150,TS
36,155,0.9970997966348885,0.9972527044312759,M1D2,150,TS
36,156,0.9970570115153978,0.9972148807303353,M1D2,150,TS
36,157,0.9970046579680047,0.9971805389243373,M1D2,150,TS
36,158,0.9969686482206144,0.997134705349467,M1D2,150,TS
36,159,0.9969200563535524,0.9970873987666617,M1D2,150,TS
36,160,0.9968715066573071,0.9970348010344913,M1D2,150,TS
36,161,0.9968318000074382,0.9969798323799909,M1D2,150,TS
36,162,0.9967904456524606,0.996900624913523,M1D2,150,TS
36,163,0.9967450065973904,0.9968272214068828,M1D2,150,TS
36,164,0.9967075419568214,0.9967717732690329,M1D2,150,TS
36,165,0.9966555579475133,0.9967276826036437,M1D2,150,TS
36,166,0.9966267509321522,0.9966990015442917,M1D2,150,TS
36,167,0.9966098276094819,0.9966787911465698,M1D2,150,TS
36,168,0.9966018768888933,0.996676775310178,M1D2,150,TS
36,169,0.9966004306907286,0.9966568948679608,M1D2,150,TS
36,170,0.9966146833399203,0.9966394588152059,M1D2,150,TS
36,171,0.9966077477621891,0.9965853804548602,M1D2,150,TS
36,172,0.9965977539307403,0.9965026998929931,M1D2,150,TS
36,173,0.9965661319046721,0.9964377032074805,M1D2,150,TS
36,174,0.9965214777919699,0.9963783743625734,M1D2,150,TS
36,175,0.9964777629581296,0.9963342684142213,M1D2,150,TS
36,176,0.996440912402908,0.9962853957617454,M1D2,150,TS
36,177,0.9964186146922284,0.9962597438481035,M1D2,150,TS
36,178,0.9963857116732568,0.996255612457701,M1D2,150,TS
36,179,0.9963546063483819,0.9962522040635488,M1D2,150,TS
36,180,0.9963288634558722,0.9962585774344327,M1D2,150,TS
36,181,0.9962965688704892,0.996250717352612,M1D2,150,TS
36,182,0.9962635886832707,0.996242867167339,M1D2,150,TS
36,183,0.9962031674673537,0.9962346605819544,M1D2,150,TS
36,184,0.9961471767957017,0.9962074452494959,M1D2,150,TS
36,185,0.9960972067689576,0.9961748108916906,M1D2,150,TS
36,186,0.9960463413731708,0.9961137938782672,M1D2,150,TS
36,187,0.9960026784920379,0.9960532260015134,M1D2,150,TS
36,188,0.9959544592063156,0.995999390915835,M1D2,150,TS
36,189,0.9959250300627196,0.9959516964947707,M1D2,150,TS
36,190,0.9958922274711572,0.9959052034660325,M1D2,150,TS
36,191,0.9958293886066625,0.9958730345225475,M1D2,150,TS
36,192,0.995765335483495,0.9958138881851929,M1D2,150,TS
36,193,0.9957003148226707,0.9957334347985848,M1D2,150,TS
36,194,0.995627391698584,0.9956725561326978,M1D2,150,TS
36,195,0.9955403124399587,0.9955873438082674,M1D2,150,TS
36,196,0.9954805586967708,0.9955249041568494,M1D2,150,TS
36,197,0.9954264714940575,0.9954650906500416,M1D2,150,TS
36,198,0.9953780508318164,0.9954079032878417,M1D2,150,TS
36,199,0.9953352967100472,0.9953533420702496,M1D2,150,TS
36,200,0.99529820912875,0.9953014069972652,M1D2,150,TS
37,151,0.9965019333152146,0.9964045033800671,M1D2,150,TS
37,152,0.9964694571575795,0.9963749127519059,M1D2,150,TS
37,153,0.9964398339062805,0.9963415147911332,M1D2,150,TS
37,154,0.9964130635613178,0.9963043094977488,M1D2,150,TS
37,155,0.996389146122691,0.9962632968717527,M1D2,150,TS
37,156,0.9963680815904032,0.996218476913148,M1D2,150,TS
37,157,0.9963490586328874,0.9961768686939975,M1D2,150,TS
37,158,0.9963269375888311,0.9961242191644161,M1D2,150,TS
37,159,0.9963303170404907,0.9960691435712506,M1D2,150,TS
37,160,0.9963080238439647,0.9960094232490527,M1D2,150,TS
37,161,0.9962673245878804,0.9959480199550095,M1D2,150,TS
37,162,0.9962214526435222,0.9958624393202897,M1D2,150,TS
37,163,0.9961879055001555,0.9957822440808605,M1D2,150,TS
37,164,0.9961306701770047,0.9957208178047896,M1D2,150,TS
37,165,0.9960900900021823,0.9956699388480781,M1D2,150,TS
37,166,0.9960432487407358,0.9956352410182823,M1D2,150,TS
37,167,0.9959854509066499,0.9956096218638781,M1D2,150,TS
37,168,0.9959160561365994,0.9956027195010501,M1D2,150,TS
37,169,0.9958569802074928,0.995577843417635,M1D2,150,TS
37,170,0.9957662455489219,0.9955566142449924,M1D2,150,TS
37,171,0.9956880683713041,0.995497854345218,M1D2,150,TS
37,172,0.9956080782198464,0.9954104464105548,M1D2,150,TS
37,173,0.9955606775176998,0.9953393645026878,M1D2,150,TS
37,174,0.9955120785466457,0.9952736709262262,M1D2,150,TS
37,175,0.9954808803524499,0.9952227758883428,M1D2,150,TS
37,176,0.9954506177027564,0.9951672449453601,M1D2,150,TS
37,177,0.9954183536983681,0.9951353855153765,M1D2,150,TS
37,178,0.9953932966323247,0.9951246155801148,M1D2,150,TS
37,179,0.9953923610878223,0.9951139892037697,M1D2,150,TS
37,180,0.9953868675599784,0.9951134189017186,M1D2,150,TS
37,181,0.9953917461635877,0.9950981720325378,M1D2,150,TS
37,182,0.9953901312199135,0.9950830957667726,M1D2,150,TS
37,183,0.9953922860863642,0.9950669027250835,M1D2,150,TS
37,184,0.9953880099067464,0.9950319555269576,M1D2,150,TS
37,185,0.9953666373421521,0.9949921555157328,M1D2,150,TS
37,186,0.9953484354532294,0.994923834155763,M1D2,150,TS
37,187,0.9953073394789067,0.9948567408819016,M1D2,150,TS
37,188,0.995273999357108,0.9947960837459691,M1D2,150,TS
37,189,0.9952529182455478,0.9947417373537473,M1D2,150,TS
37,190,0.9952391298196135,0.9946883221788324,M1D2,150,TS
37,191,0.9952192158360047,0.9946486236278056,M1D2,150,TS
37,192,0.9951923431644915,0.9945820781075692,M1D2,150,TS
37,193,0.9951508934552221,0.9944945771563909,M1D2,150,TS
37,194,0.9951104389407375,0.9944263932494398,M1D2,150,TS
37,195,0.9950618088287271,0.9943337150240308,M1D2,150,TS
37,196,0.9950154554714992,0.994264466294317,M1D2,150,TS
37,197,0.9949659312192999,0.99419806806158,M1D2,150,TS
37,198,0.9949132360721268,0.9941345203258168,M1D2,150,TS
37,199,0.9948573700299796,0.9940738230870276,M1D2,150,TS
37,200,0.9947983330928587,0.9940159763452127,M1D2,150,TS
38,151,0.9957616051958313,0.9956121697518281,M1D2,150,TS
38,152,0.9957314885866928,0.9955785964788827,M1D2,150,TS
38,153,0.9956977925023123,0.9955413804414842,M1D2,150,TS
38,154,0.9956605169426898,0.9955005216396324,M1D2,150,TS
38,155,0.9956196619078251,0.9954560200733273,M1D2,150,TS
38,156,0.9955752273977213,0.9954078757425718,M1D2,150,TS
38,157,0.995517725820833,0.9953633340688587,M1D2,150,TS
38,158,0.9954758179475978,0.9953072560921251,M1D2,150,TS
38,159,0.9954175219782051,0.9952498402719255,M1D2,150,TS
38,160,0.9953551016070327,0.995187217590682,M1D2,150,TS
38,161,0.9952977811612724,0.9951223257550852,M1D2,150,TS
38,162,0.995246280565976,0.9950330222550648,M1D2,150,TS
38,163,0.9951586356592749,0.9949503338069937,M1D2,150,TS
38,164,0.9951154528594421,0.9948846427185186,M1D2,150,TS
38,165,0.9950728276894184,0.9948298875571855,M1D2,150,TS
38,166,0.995010355410051,0.994791636326091,M1D2,150,TS
38,167,0.9949492371241941,0.994762124038644,M1D2,150,TS
38,168,0.99489873483081,0.9947507514695256,M1D2,150,TS
38,169,0.9948311133460985,0.9947221101655112,M1D2,150,TS
38,170,0.9947797067112059,0.9946958706847868,M1D2,150,TS
38,171,0.9947423196694258,0.9946321581905042,M1D2,150,TS
38,172,0.9947108050433706,0.9945396696642176,M1D2,150,TS
38,173,0.9946636353875244,0.9944647040273276,M1D2,150,TS
38,174,0.994657435315007,0.9943940538620565,M1D2,150,TS
38,175,0.9946163200821012,0.9943395022352948,M1D2,150,TS
38,176,0.9945635421509662,0.9942806166099644,M1D2,150,TS
38,177,0.9945123286934071,0.9942452922531022,M1D2,150,TS
38,178,0.994482655603657,0.9942306720938859,M1D2,150,TS
38,179,0.9944475380670142,0.9942169210718969,M1D2,150,TS
38,180,0.9944229988510738,0.9942128352743778,M1D2,150,TS
38,181,0.9944114191621523,0.9941940706722737,M1D2,150,TS
38,182,0.9944013437157788,0.9941752714770091,M1D2,150,TS
38,183,0.9943943144262715,0.9941553688574133,M1D2,150,TS
38,184,0.9943870807893128,0.9941165723215423,M1D2,150,TS
38,185,0.9943619197701409,0.9940729278361528,M1D2,150,TS
38,186,0.9943227201029492,0.9940012382193573,M1D2,150,TS
38,187,0.994280183636803,0.9939302799590339,M1D2,150,TS
38,188,0.9942522730164449,0.9938655717399377,M1D2,150,TS
38,189,0.9942057797002883,0.9938079422465556,M1D2,150,TS
38,190,0.9941749225780376,0.9937510512187634,M1D2,150,TS
38,191,0.994129637167771,0.9937080627579118,M1D2,150,TS
38,192,0.9940975782722441,0.99363775188346,M1D2,150,TS
38,193,0.9940748424827945,0.9935459027564906,M1D2,150,TS
38,194,0.9940430654684789,0.9934735881213723,M1D2,150,TS
38,195,0.9940006965541017,0.9933768976289868,M1D2,150,TS
38,196,0.9939635377769642,0.9933035168460058,M1D2,150,TS
38,197,0.9939239104037666,0.9932329640629336,M1D2,150,TS
38,198,0.9938818144345062,0.9931652392797677,M1D2,150,TS
38,199,0.9938372498691831,0.9931003424965079,M1D2,150,TS
38,200,0.9937902167077972,0.9930382737131542,M1D2,150,TS
39,151,0.9963574403415492,0.9962621493841082,M1D2,150,TS
39,152,0.996353290468323,0.9962319591995559,M1D2,150,TS
39,153,0.9963444413085677,0.9961981543194052,M1D2,150,TS
39,154,0.9963308928622834,0.9961607347436563,M1D2,150,TS
39,155,0.9963126451294702,0.9961197004723092,M1D2,150,TS
39,156,0.9962896981101308,0.9960750515053667,M1D2,150,TS
39,157,0.9962768814564616,0.9960334034323652,M1D2,150,TS
39,158,0.9962295965129782,0.9959815235239744,M1D2,150,TS
39,159,0.9961887871727668,0.9959276988957363,M1D2,150,TS
39,160,0.9961388330502872,0.9958688091647547,M1D2,150,TS
39,161,0.9960731172070513,0.9958081697363599,M1D2,150,TS
39,162,0.9960101213009693,0.995723148787022,M1D2,150,TS
39,163,0.9959407775621505,0.9956439923599588,M1D2,150,TS
39,164,0.995878287487367,0.9955828268893976,M1D2,150,TS
39,165,0.9958217094252739,0.9955324896923543,M1D2,150,TS
39,166,0.9957802971131517,0.9954977860827854,M1D2,150,TS
39,167,0.9957491206649087,0.9954716202410935,M1D2,150,TS
39,168,0.9956819899380198,0.995464798464976,M1D2,150,TS
39,169,0.9956358415834612,0.9954397291961163,M1D2,150,TS
39,170,0.9955743813304425,0.9954178927017774,M1D2,150,TS
39,171,0.9955257329178193,0.9953585111053098,M1D2,150,TS
39,172,0.9954619622934731,0.9952708140116079,M1D2,150,TS
39,173,0.9953932725035084,0.9952004019619797,M1D2,150,TS
39,174,0.9953317442083038,0.9951351593621078,M1D2,150,TS
39,175,0.9952782396401894,0.9950849663559383,M1D2,150,TS
39,176,0.9952585564141607,0.9950292972327374,M1D2,150,TS
39,177,0.9952490913304128,0.9949969858014757,M1D2,150,TS
39,178,0.9952389070998324,0.9949859655426531,M1D2,150,TS
39,179,0.9952445850123981,0.9949753025740438,M1D2,150,TS
39,180,0.995240531360887,0.994974825265466,M1D2,150,TS
39,181,0.9952654081091292,0.9949591879298623,M1D2,150,TS
39,182,0.9952754394088805,0.9949439352024759,M1D2,150,TS
39,183,0.9952528450274649,0.9949284893060731,M1D2,150,TS
39,184,0.9952040294629767,0.9948947960845612,M1D2,150,TS
39,185,0.9951497904330678,0.9948559617425649,M1D2,150,TS
39,186,0.9951076198115687,0.9947883734795756,M1D2,150,TS
39,187,0.9950651776776813,0.9947214364562543,M1D2,150,TS
39,188,0.9950292632179354,0.9946609649323036,M1D2,150,TS
39,189,0.9949990144187859,0.9946069752349759,M1D2,150,TS
39,190,0.994984468705969,0.994553699929117,M1D2,150,TS
39,191,0.9949674942590508,0.9945140492593533,M1D2,150,TS
39,192,0.9949598776911504,0.9944471346450036,M1D2,150,TS
39,193,0.9949086887452074,0.9943599998479413,M1D2,150,TS
39,194,0.9948566434741339,0.9942922384592395,M1D2,150,TS
39,195,0.994799861941839,0.9941998870058646,M1D2,150,TS
39,196,0.9947478343048466,0.9941309064098105,M1D2,150,TS
39,197,0.9946936752627935,0.9940647504744287,M1D2,150,TS
39,198,0.9946373848156764,0.9940014191997163,M1D2,150,TS
39,199,0.9945789629634956,0.9939409125856733,M1D2,150,TS
39,200,0.9945184097062508,0.9938832306322997,M1D2,150,TS
40,151,0.9953831006663316,0.9952216104155102,M1D2,150,TS
40,152,0.9953330774859964,0.9951892710374199,M1D2,150,TS
40,153,0.9952835404600852,0.9951531847010004,M1D2,150,TS
40,154,0.9952344895885978,0.9951133514062517,M1D2,150,TS
40,155,0.9951859248715346,0.9950697711531735,M1D2,150,TS
40,156,0.9951378463088982,0.9950224439417688,M1D2,150,TS
40,157,0.9950805073396478,0.9949786465518394,M1D2,150,TS
40,158,0.9950541152203669,0.9949228782326337,M1D2,150,TS
40,159,0.9950151151740124,0.9948656842985811,M1D2,150,TS
40,160,0.9949616579676177,0.9948035432692517,M1D2,150,TS
40,161,0.9948982699801885,0.994739502494706,M1D2,150,TS
40,162,0.9948320701212855,0.9946512103837182,M1D2,150,TS
40,163,0.9947711537851458,0.9945684822880749,M1D2,150,TS
40,164,0.9947117690991782,0.9945038749142137,M1D2,150,TS
40,165,0.9946437156116984,0.9944504507528766,M1D2,150,TS
40,166,0.9946040810590954,0.994412327348477,M1D2,150,TS
40,167,0.9945404469175276,0.9943836353243902,M1D2,150,TS
40,168,0.994489273450111,0.9943730439944461,M1D2,150,TS
40,169,0.9944087959918204,0.994345476786506,M1D2,150,TS
40,170,0.9943606159345549,0.9943199027901715,M1D2,150,TS
40,171,0.9943027934482462,0.9942573758178765,M1D2,150,TS
40,172,0.9942370243590861,0.9941663614510645,M1D2,150,TS
40,173,0.9941864603429431,0.9940921307391596,M1D2,150,TS
40,174,0.9941424189719154,0.9940231132217311,M1D2,150,TS
40,175,0.994084045935502,0.9939697095343746,M1D2,150,TS
40,176,0.9940442907234149,0.9939111782677247,M1D2,150,TS
40,177,0.99398300185936,0.993876839829607,M1D2,150,TS
40,178,0.9939455653313475,0.9938631834020406,M1D2,150,TS
40,179,0.993897883736213,0.9938505256100051,M1D2,150,TS
40,180,0.9938809764633703,0.9938470348713995,M1D2,150,TS
40,181,0.993867412710985,0.9938290539416632,M1D2,150,TS
40,182,0.9938378210274617,0.993811504256188,M1D2,150,TS
40,183,0.9938169330905469,0.9937927367517583,M1D2,150,TS
40,184,0.9937849614041945,0.993755316148745,M1D2,150,TS
40,185,0.9937531358718621,0.9937125856035619,M1D2,150,TS
40,186,0.9937016437227479,0.9936418816038776,M1D2,150,TS
40,187,0.9936343383680255,0.9935722447198826,M1D2,150,TS
40,188,0.9935834721537211,0.9935088334671817,M1D2,150,TS
40,189,0.9935213380139362,0.9934523304830482,M1D2,150,TS
40,190,0.9934801304924306,0.9933964231020426,M1D2,150,TS
40,191,0.993460688711081,0.9933535161494473,M1D2,150,TS
40,192,0.9934348858232696,0.9932837531923023,M1D2,150,TS
40,193,0.9934229719629553,0.9931923076183805,M1D2,150,TS
40,194,0.9934009596290998,0.9931204253738343,M1D2,150,TS
40,195,0.9933829130142435,0.9930237432792897,M1D2,150,TS
40,196,0.9933333345816867,0.992951361021643,M1D2,150,TS
40,197,0.9932680833832516,0.9928821463663217,M1D2,150,TS
40,198,0.9931871594189354,0.9928160993133228,M1D2,150,TS
40,199,0.9930905626887382,0.9927532198626466,M1D2,150,TS
40,200,0.99297829319266,0.9926935080142929,M1D2,150,TS
41,151,0.951598607292844,0.9512735074803297,M1D2,150,TS
41,152,0.9515839731665083,0.9517521947849205,M1D2,150,TS
41,153,0.9515642639722455,0.9521180690629707,M1D2,150,TS
41,154,0.9515394797100556,0.9523711303144813,M1D2,150,TS
41,155,0.9515096203799385,0.9525113785394542,M1D2,150,TS
41,156,0.951474685981897,0.9525388137378863,M1D2,150,TS
41,157,0.9514467482045401,0.9522549411757321,M1D2,150,TS
41,158,0.9513977172622143,0.9515787091540266,M1D2,150,TS
41,159,0.9513393239905696,0.9515354783347592,M1D2,150,TS
41,160,0.9512718178510781,0.9509026071617966,M1D2,150,TS
41,161,0.9512134525564208,0.9519023225531691,M1D2,150,TS
41,162,0.9511601214239438,0.9572442048332184,M1D2,150,TS
41,163,0.9511114946643091,0.9617090502799414,M1D2,150,TS
41,164,0.9510459066440382,0.9640827495556862,M1D2,150,TS
41,165,0.950970647487851,0.9652406239172574,M1D2,150,TS
41,166,0.9508948783874822,0.9639516702387213,M1D2,150,TS
41,167,0.9508373543099728,0.960404251362851,M1D2,150,TS
41,168,0.9507653222569077,0.9565913068157613,M1D2,150,TS
41,169,0.9506997511923869,0.9529933663564366,M1D2,150,TS
41,170,0.9506518323353155,0.9481402073125811,M1D2,150,TS
41,171,0.9506133336690601,0.9514832041910581,M1D2,150,TS
41,172,0.9505766312525721,0.9602825820313533,M1D2,150,TS
41,173,0.950528812222479,0.9650675798926042,M1D2,150,TS
41,174,0.9504990071931514,0.969603087801072,M1D2,150,TS
41,175,0.9504861710545475,0.9723711949377014,M1D2,150,TS
41,176,0.9504689781359765,0.9733539923293008,M1D2,150,TS
41,177,0.9504820488997714,0.9721417132858079,M1D2,150,TS
41,178,0.9504747038808106,0.9688574117693888,M1D2,150,TS
41,179,0.9504855617072812,0.9630055864180969,M1D2,150,TS
41,180,0.9504894859036759,0.9562162886594681,M1D2,150,TS
41,181,0.9504787474032959,0.9543902071998203,M1D2,150,TS
41,182,0.9504419826744268,0.9524753349317697,M1D2,150,TS
41,183,0.9503949639557345,0.9484831280129745,M1D2,150,TS
41,184,0.9503490039116838,0.9465934902744226,M1D2,150,TS
41,185,0.9503129665844903,0.9450324762322801,M1D2,150,TS
41,186,0.9502840169727509,0.9461553331719292,M1D2,150,TS
41,187,0.9502640236001179,0.9480245740809676,M1D2,150,TS
41,188,0.9502380497225067,0.9485128514483969,M1D2,150,TS
41,189,0.9502292473568318,0.9472816898844323,M1D2,150,TS
41,190,0.950223016966488,0.9478697483870713,M1D2,150,TS
41,191,0.9501915820656899,0.946255708043843,M1D2,150,TS
41,192,0.950149381323365,0.9488825990454403,M1D2,150,TS
41,193,0.9501026633572887,0.9530945922013905,M1D2,150,TS
41,194,0.9500487101607329,0.955047498241986,M1D2,150,TS
41,195,0.9499903168890882,0.9612207400262999,M1D2,150,TS
41,196,0.9499352707248835,0.9637569009361908,M1D2,150,TS
41,197,0.9498770387872002,0.9659627336821914,M1D2,150,TS
41,198,0.9498156210760353,0.967838238264296,M1D2,150,TS
41,199,0.9497510175913891,0.969383414682505,M1D2,150,TS
41,200,0.9496832283332616,0.97059826293682,M1D2,150,TS
42,151,0.99757989857869,0.9973901024610905,M1D2,150,TS
42,152,0.9975462598566585,0.9973725322639122,M1D2,150,TS
42,153,0.9975156454538209,0.9973511474068409,M1D2,150,TS
42,154,0.9974880553701774,0.9973259478898765,M1D2,150,TS
42,155,0.9974634896057281,0.9972969337130191,M1D2,150,TS
42,156,0.9974419481604756,0.9972641048762714,M1D2,150,TS
42,157,0.9974312305921538,0.9972342392696617,M1D2,150,TS
42,158,0.9974194423318247,0.9971933244354175,M1D2,150,TS
42,159,0.9974001624871094,0.9971507948580054,M1D2,150,TS
42,160,0.9973858136495678,0.9971028542662723,M1D2,150,TS
42,161,0.9973546936071599,0.9970531892878209,M1D2,150,TS
42,162,0.9973143402315453,0.9969794337054325,M1D2,150,TS
42,163,0.9972663005607596,0.9969115842205551,M1D2,150,TS
42,164,0.9972202464618987,0.9968618689745561,M1D2,150,TS
42,165,0.9971659158507991,0.9968233752766118,M1D2,150,TS
42,166,0.9971147069142859,0.9968008296939603,M1D2,150,TS
42,167,0.9970557866918204,0.9967872884298311,M1D2,150,TS
42,168,0.9969984693563547,0.9967921446241009,M1D2,150,TS
42,169,0.9969491497229295,0.9967790863509365,M1D2,150,TS
42,170,0.9969111539559186,0.9967686004878769,M1D2,150,TS
42,171,0.9968719019131828,0.9967208807558678,M1D2,150,TS
42,172,0.9968279965869158,0.9966445328102314,M1D2,150,TS
42,173,0.9967884559549807,0.9965852338769511,M1D2,150,TS
42,174,0.9967488281812765,0.9965312655771641,M1D2,150,TS
42,175,0.9967198775560213,0.9964923308241387,M1D2,150,TS
42,176,0.996718326606385,0.9964481005076872,M1D2,150,TS
42,177,0.996699766930802,0.9964279200021906,M1D2,150,TS
42,178,0.9967114658762508,0.996428233221749,M1D2,150,TS
42,179,0.996727276783171,0.9964292249830232,M1D2,150,TS
42,180,0.996748604350798,0.9964399981690323,M1D2,150,TS
42,181,0.9967731807200313,0.9964362235788128,M1D2,150,TS
42,182,0.9967871436129807,0.9964327229540794,M1D2,150,TS
42,183,0.9967864336574725,0.9964285348124914,M1D2,150,TS
42,184,0.9967584911386154,0.9964061259016063,M1D2,150,TS
42,185,0.9967211147083654,0.9963787253286027,M1D2,150,TS
42,186,0.9966927043186147,0.9963226307706818,M1D2,150,TS
42,187,0.9966372730265697,0.9962678763002183,M1D2,150,TS
42,188,0.9966047956587549,0.9962191590313884,M1D2,150,TS
42,189,0.9965681548267282,0.9961771895265296,M1D2,150,TS
42,190,0.9965445048549029,0.9961359918310274,M1D2,150,TS
42,191,0.9965261181589904,0.9961082371265777,M1D2,150,TS
42,192,0.9965048470922608,0.9960535257829816,M1D2,150,TS
42,193,0.9964705106276074,0.9959777799026676,M1D2,150,TS
42,194,0.9964201763684499,0.995921843302984,M1D2,150,TS
42,195,0.9963742570024985,0.9958410407041545,M1D2,150,TS
42,196,0.9963463869351741,0.9957832947810026,M1D2,150,TS
42,197,0.9963246435209412,0.9957281663548057,M1D2,150,TS
42,198,0.9963090267597973,0.9956756554255607,M1D2,150,TS
42,199,0.9962995366517422,0.9956257619932679,M1D2,150,TS
42,200,0.9962961731967761,0.9955784860579271,M1D2,150,TS
43,151,0.9961857864162412,0.9962294211395584,M1D2,150,TS
43,152,0.9961559166349873,0.9961993902472244,M1D2,150,TS
43,153,0.9961297575769555,0.996165529954193,M1D2,150,TS
43,154,0.996107309242146,0.9961278402604643,M1D2,150,TS
43,155,0.9960885716305586,0.9960863211660382,M1D2,150,TS
43,156,0.9960735447421964,0.9960409726709174,M1D2,150,TS
43,157,0.9960720122593936,0.9959985395163943,M1D2,150,TS
43,158,0.9960836243690672,0.9959446506708687,M1D2,150,TS
43,159,0.9960619811807265,0.9958898440725938,M1D2,150,TS
43,160,0.9960218597479154,0.995830205012346,M1D2,150,TS
43,161,0.9959999472167995,0.995767956430267,M1D2,150,TS
43,162,0.9959715343250259,0.9956815975608462,M1D2,150,TS
43,163,0.9959399074978158,0.9956010148727552,M1D2,150,TS
43,164,0.9959169960707778,0.9955383556231038,M1D2,150,TS
43,165,0.9958850648751474,0.9954868886895102,M1D2,150,TS
43,166,0.9958847806797252,0.9954506149034562,M1D2,150,TS
43,167,0.9958628838879813,0.9954236731666204,M1D2,150,TS
43,168,0.9958277374268263,0.9954154854649574,M1D2,150,TS
43,169,0.9957771734748619,0.9953899874442576,M1D2,150,TS
43,170,0.9957192871679925,0.9953675042619868,M1D2,150,TS
43,171,0.9956503981533334,0.9953081524827877,M1D2,150,TS
43,172,0.9955854614945099,0.9952200482119923,M1D2,150,TS
43,173,0.9955199593266988,0.9951490907944031,M1D2,150,TS
43,174,0.9954604177255886,0.9950833380271801,M1D2,150,TS
43,175,0.9954052343787674,0.9950326926147488,M1D2,150,TS
43,176,0.995368076381528,0.9949769681085177,M1D2,150,TS
43,177,0.9953215035796257,0.9949450884182091,M1D2,150,TS
43,178,0.9952932228099052,0.9949339988231022,M1D2,150,TS
43,179,0.9952489286700497,0.9949240646696536,M1D2,150,TS
43,180,0.9952053476789253,0.9949240459886747,M1D2,150,TS
43,181,0.9951469953979706,0.9949100336090799,M1D2,150,TS
43,182,0.9951061047310605,0.9948955756172327,M1D2,150,TS
43,183,0.9950762172153027,0.9948798064033583,M1D2,150,TS
43,184,0.9950533306165699,0.9948449557723232,M1D2,150,TS
43,185,0.9950525647076903,0.9948042422429704,M1D2,150,TS
43,186,0.9950560003244237,0.9947350108259136,M1D2,150,TS
43,187,0.9950740932868009,0.9946660456464029,M1D2,150,TS
43,188,0.9950981344017258,0.9946035535980499,M1D2,150,TS
43,189,0.9951011268775474,0.9945482117454972,M1D2,150,TS
43,190,0.9950947621858435,0.9944942379185847,M1D2,150,TS
43,191,0.99505873542826,0.9944545660861732,M1D2,150,TS
43,192,0.9949972678600455,0.9943885461017755,M1D2,150,TS
43,193,0.9949470827614169,0.9943009265211745,M1D2,150,TS
43,194,0.9948946471542659,0.9942326898754633,M1D2,150,TS
43,195,0.9948385642247435,0.9941398777207708,M1D2,150,TS
43,196,0.9947986592858833,0.9940701101857399,M1D2,150,TS
43,197,0.994763690081093,0.9940029835246853,M1D2,150,TS
43,198,0.9947336566103695,0.9939384977376045,M1D2,150,TS
43,199,0.9947085588737128,0.9938766528244974,M1D2,150,TS
43,200,0.9946883968711228,0.9938174487853642,M1D2,150,TS
44,151,0.9962427088751841,0.996381196244787,M1D2,150,TS
44,152,0.9961858589253386,0.9963564469834589,M1D2,150,TS
44,153,0.9961293832212732,0.996327950955217,M1D2,150,TS
44,154,0.996073281762988,0.996295708160061,M1D2,150,TS
44,155,0.9960175545504829,0.9962597185979912,M1D2,150,TS
44,156,0.9959622015837608,0.9962199822690103,M1D2,150,TS
44,157,0.9959125864095986,0.996183337069816,M1D2,150,TS
44,158,0.9958552354349282,0.9961357927991393,M1D2,150,TS
44,159,0.995797343469139,0.9960864942474876,M1D2,150,TS
44,160,0.9957376192766441,0.9960319327457692,M1D2,150,TS
44,161,0.9956665686714639,0.9959755545200016,M1D2,150,TS
44,162,0.9956093899199685,0.9958946445329717,M1D2,150,TS
44,163,0.9955531906056148,0.9958193851141299,M1D2,150,TS
44,164,0.9955034338841608,0.9957620637042696,M1D2,150,TS
44,165,0.9954518913880535,0.9957157302793621,M1D2,150,TS
44,166,0.9954131102786443,0.9956850150196029,M1D2,150,TS
44,167,0.995385857385412,0.9956627235480044,M1D2,150,TS
44,168,0.9953763892739336,0.9956583859818616,M1D2,150,TS
44,169,0.9953651399891841,0.995636402101216,M1D2,150,TS
44,170,0.9953478596066022,0.9956173815465424,M1D2,150,TS
44,171,0.9953309361598375,0.9955613741263952,M1D2,150,TS
44,172,0.9953092870932017,0.9954769531435412,M1D2,150,TS
44,173,0.9952758056809142,0.9954098744219547,M1D2,150,TS
44,174,0.9952331718996363,0.9953483707228533,M1D2,150,TS
44,175,0.9951844395335816,0.9953022017432025,M1D2,150,TS
44,176,0.9951491576660394,0.9952510513084641,M1D2,150,TS
44,177,0.9951101624827853,0.9952235428854094,M1D2,150,TS
44,178,0.9950793058305683,0.9952170292753735,M1D2,150,TS
44,179,0.9950360188720825,0.9952115375924866,M1D2,150,TS
44,180,0.9949861812977638,0.9952161194363625,M1D2,150,TS
44,181,0.9949342145980088,0.9952064894269638,M1D2,150,TS
44,182,0.9948654920732817,0.9951972801214456,M1D2,150,TS
44,183,0.9947901496928699,0.9951871521896004,M1D2,150,TS
44,184,0.9947252875089825,0.9951579073775147,M1D2,150,TS
44,185,0.9946775851952772,0.9951229389697139,M1D2,150,TS
44,186,0.9946480186830797,0.9950591726597724,M1D2,150,TS
44,187,0.9945986721420124,0.9949965606371147,M1D2,150,TS
44,188,0.9945455206958094,0.994940635215865,M1D2,150,TS
44,189,0.99449147132267,0.9948913097418942,M1D2,150,TS
44,190,0.9944392747729012,0.9948430974929641,M1D2,150,TS
44,191,0.9943550433978711,0.9948092044943689,M1D2,150,TS
44,192,0.994273154564782,0.9947483393650268,M1D2,150,TS
44,193,0.9941879157060884,0.994666282216579,M1D2,150,TS
44,194,0.9941132026195177,0.9946032525868139,M1D2,150,TS
44,195,0.9940381672170556,0.9945156510219513,M1D2,150,TS
44,196,0.9939814603921158,0.994450956874305,M1D2,150,TS
44,197,0.993932681530186,0.9943888212646723,M1D2,150,TS
44,198,0.9938918306312635,0.9943292441930511,M1D2,150,TS
44,199,0.9938589076953485,0.994272225659441,M1D2,150,TS
44,200,0.9938339127224406,0.994217765663842,M1D2,150,TS
45,151,0.9982382814186662,0.9980991174255106,M1D2,150,TS
45,152,0.9982087870356328,0.9980766134228346,M1D2,150,TS
45,153,0.9981780121173869,0.9980504082785526,M1D2,150,TS
45,154,0.9981459566639287,0.9980205019926645,M1D2,150,TS
45,155,0.9981126206752581,0.9979868945651703,M1D2,150,TS
45,156,0.9980780041513775,0.9979495859960731,M1D2,150,TS
45,157,0.9980459607188191,0.9979154803390866,M1D2,150,TS
45,158,0.9980092430565204,0.9978704035901764,M1D2,150,TS
45,159,0.9979662588371747,0.9978236594831873,M1D2,150,TS
45,160,0.9979348871607934,0.9977713523499031,M1D2,150,TS
45,161,0.9978928588681654,0.9977170920904311,M1D2,150,TS
45,162,0.9978450154651581,0.9976384403149324,M1D2,150,TS
45,163,0.9977974087236198,0.9975655337900605,M1D2,150,TS
45,164,0.9977453922563355,0.9975110260968326,M1D2,150,TS
45,165,0.9976848944253724,0.9974678058271597,M1D2,150,TS
45,166,0.9976342252269734,0.9974404814072197,M1D2,150,TS
45,167,0.9975857794531312,0.997422028024623,M1D2,150,TS
45,168,0.9975400580483369,0.9974219643568616,M1D2,150,TS
45,169,0.9974906497186042,0.9974042594185656,M1D2,150,TS
45,170,0.9974480767289444,0.9973892952548353,M1D2,150,TS
45,171,0.9974038188245318,0.9973367261361138,M1D2,150,TS
45,172,0.9973639783798999,0.9972550317049721,M1D2,150,TS
45,173,0.9973456902599269,0.9971901365524927,M1D2,150,TS
45,174,0.9973326767517777,0.9971304525269458,M1D2,150,TS
45,175,0.997333963474218,0.9970858222044012,M1D2,150,TS
45,176,0.9973499324885735,0.9970362728998676,M1D2,150,TS
45,177,0.9973652319564761,0.9970104687329354,M1D2,150,TS
45,178,0.9973673941716706,0.9970063761519126,M1D2,150,TS
45,179,0.9973529874323717,0.9970035937789138,M1D2,150,TS
45,180,0.9973291339008614,0.9970110242752803,M1D2,150,TS
45,181,0.9973030123083646,0.9970038080693483,M1D2,150,TS
45,182,0.9972704789799365,0.9969967761022573,M1D2,150,TS
45,183,0.9972536826448157,0.9969883720010112,M1D2,150,TS
45,184,0.9972287638052371,0.9969611484390208,M1D2,150,TS
45,185,0.9972072576638151,0.9969286041155284,M1D2,150,TS
45,186,0.9971797850459017,0.9968675814651259,M1D2,150,TS
45,187,0.9971632485743547,0.9968069161399445,M1D2,150,TS
45,188,0.9971288915604897,0.9967533995558105,M1D2,150,TS
45,189,0.9970806636654601,0.9967069593598855,M1D2,150,TS
45,190,0.9970324435044655,0.9966615496129673,M1D2,150,TS
45,191,0.9969866312800038,0.9966297607606391,M1D2,150,TS
45,192,0.9969492442922248,0.9965705410472032,M1D2,150,TS
45,193,0.9969187317566381,0.9964896871287766,M1D2,150,TS
45,194,0.9968797055953983,0.9964285441462701,M1D2,150,TS
45,195,0.9968365653695195,0.9963425466048822,M1D2,150,TS
45,196,0.9967878673335521,0.9962803898806945,M1D2,150,TS
45,197,0.9967351898051562,0.9962211229759876,M1D2,150,TS
45,198,0.9966785327843292,0.9961647458907589,M1D2,150,TS
45,199,0.9966178962710709,0.9961112586250084,M1D2,150,TS
45,200,0.9965532802653814,0.996060661178736,M1D2,150,TS
46,151,0.9982154909180763,0.9982128776187729,M1D2,150,TS
46,152,0.998177992443034,0.9982056260922563,M1D2,150,TS
46,153,0.998139102322858,0.9981946704483402,M1D2,150,TS
46,154,0.9980988205575484,0.9981800106870243,M1D2,150,TS
46,155,0.998057147147105,0.9981616468083089,M1D2,150,TS
46,156,0.9980140820915309,0.9981395788121965,M1D2,150,TS
46,157,0.9979706509121575,0.9981207407676229,M1D2,150,TS
46,158,0.9979147999317406,0.9980911739409395,M1D2,150,TS
46,159,0.9978691385909344,0.9980595231732394,M1D2,150,TS
46,160,0.9978053845562732,0.9980230581893259,M1D2,150,TS
46,161,0.9977618758212223,0.9979839335794404,M1D2,150,TS
46,162,0.9977597221262018,0.9979194495814352,M1D2,150,TS
46,163,0.9977639545748018,0.9978605086449541,M1D2,150,TS
46,164,0.9977722417039316,0.997819643852967,M1D2,150,TS
46,165,0.9977971928467686,0.9977893716463595,M1D2,150,TS
46,166,0.9978191844562401,0.9977751856812674,M1D2,150,TS
46,167,0.9978356308347734,0.9977699311592865,M1D2,150,TS
46,168,0.9978254361845431,0.9977838069298179,M1D2,150,TS
46,169,0.997805858386606,0.9977802180036291,M1D2,150,TS
46,170,0.9977545415812306,0.9977803112046191,M1D2,150,TS
46,171,0.9977058180982832,0.9977431085273937,M1D2,150,TS
46,172,0.9976660780027389,0.9976769455087604,M1D2,150,TS
46,173,0.9976391587756597,0.9976275790645752,M1D2,150,TS
46,174,0.9976300015415418,0.9975830646377122,M1D2,150,TS
46,175,0.9976205249348868,0.9975538809195484,M1D2,150,TS
46,176,0.9976060364015031,0.9975202326515642,M1D2,150,TS
46,177,0.9975870698991584,0.9975102902335324,M1D2,150,TS
46,178,0.9975584699359797,0.9975218405648824,M1D2,150,TS
46,179,0.997546598688857,0.9975337402373878,M1D2,150,TS
46,180,0.9975202247479035,0.9975559161007108,M1D2,150,TS
46,181,0.9974961241032821,0.9975635827373452,M1D2,150,TS
46,182,0.9974675868817752,0.9975713604807962,M1D2,150,TS
46,183,0.9974390191608444,0.9975780324707456,M1D2,150,TS
46,184,0.9974012547743978,0.997566043669128,M1D2,150,TS
46,185,0.9973383357703873,0.9975495003914594,M1D2,150,TS
46,186,0.9972765256382821,0.9975044807065315,M1D2,150,TS
46,187,0.9972214935673918,0.9974599410107695,M1D2,150,TS
46,188,0.9971505100800446,0.9974224169485802,M1D2,150,TS
46,189,0.9970578016353304,0.9973920869198055,M1D2,150,TS
46,190,0.9969691720528324,0.9973627622424117,M1D2,150,TS
46,191,0.9969315109287205,0.9973456982456892,M1D2,150,TS
46,192,0.9969262717812848,0.9973008007544256,M1D2,150,TS
46,193,0.9969433756402524,0.9972339525055602,M1D2,150,TS
46,194,0.996982106640578,0.997185967129559,M1D2,150,TS
46,195,0.9970424055262379,0.9971126835920795,M1D2,150,TS
46,196,0.9970562689957152,0.9970640960311875,M1D2,150,TS
46,197,0.9970664198139166,0.9970183786131477,M1D2,150,TS
46,198,0.9970728579808396,0.9969755313379572,M1D2,150,TS
46,199,0.9970755834964841,0.9969355542056164,M1D2,150,TS
46,200,0.9970745963608499,0.996898447216125,M1D2,150,TS
47,151,0.9982191096063391,0.9982598375592979,M1D2,150,TS
47,152,0.998192263382298,0.998258672591762,M1D2,150,TS
47,153,0.9981614059545632,0.9982538673811806,M1D2,150,TS
47,154,0.9981265373231346,0.9982454219275537,M1D2,150,TS
47,155,0.9980876574880123,0.9982333362308813,M1D2,150,TS
47,156,0.9980447664491989,0.9982176102911663,M1D2,150,TS
47,157,0.9979846355305468,0.998205492739915,M1D2,150,TS
47,158,0.9979411051749235,0.9981819619071742,M1D2,150,TS
47,159,0.9978931542426253,0.9981567309049049,M1D2,150,TS
47,160,0.9978349285914342,0.9981264738406623,M1D2,150,TS
47,161,0.9978040401512528,0.9980934590742778,M1D2,150,TS
47,162,0.9977454148999103,0.998037143991381,M1D2,150,TS
47,163,0.9977095924837291,0.9979858931353889,M1D2,150,TS
47,164,0.9976543742580252,0.997953202544974,M1D2,150,TS
47,165,0.9976104180241971,0.9979311724711439,M1D2,150,TS
47,166,0.9975891690689722,0.9979244094962557,M1D2,150,TS
47,167,0.9975839149785035,0.9979258515839833,M1D2,150,TS
47,168,0.9975983107911315,0.9979452053339218,M1D2,150,TS
47,169,0.9976130762338999,0.9979468892540158,M1D2,150,TS
47,170,0.9976027778430415,0.9979520341037849,M1D2,150,TS
47,171,0.9976053509205383,0.9979200851046303,M1D2,150,TS
47,172,0.9975929863362881,0.9978601247353619,M1D2,150,TS
47,173,0.9975739710156055,0.9978172171336682,M1D2,150,TS
47,174,0.9975472455837405,0.9977797807382984,M1D2,150,TS
47,175,0.9975119348294923,0.9977577305130193,M1D2,150,TS
47,176,0.9974700463092736,0.99773123001345,M1D2,150,TS
47,177,0.9974787712745359,0.9977268547428979,M1D2,150,TS
47,178,0.9974629512348463,0.9977442144901019,M1D2,150,TS
47,179,0.997432795322551,0.9977626186512073,M1D2,150,TS
47,180,0.9973960032244809,0.9977910286983673,M1D2,150,TS
47,181,0.9973841468273799,0.9978046424038192,M1D2,150,TS
47,182,0.9973821101696516,0.997817961385234,M1D2,150,TS
47,183,0.9973403728025338,0.9978310713143791,M1D2,150,TS
47,184,0.997308577878096,0.9978251762524326,M1D2,150,TS
47,185,0.9972483411957082,0.9978148165518264,M1D2,150,TS
47,186,0.9971772414700741,0.9977765382901436,M1D2,150,TS
47,187,0.9971376423981142,0.9977380882057181,M1D2,150,TS
47,188,0.9970702845804196,0.9977068704653759,M1D2,150,TS
47,189,0.9969861904659492,0.997682626727987,M1D2,150,TS
47,190,0.9969237383916348,0.9976590123782896,M1D2,150,TS
47,191,0.996865455189335,0.9976487285451943,M1D2,150,TS
47,192,0.9968068627312657,0.9976116690098008,M1D2,150,TS
47,193,0.9967211031094251,0.9975540504166956,M1D2,150,TS
47,194,0.9966516389211497,0.9975153422229118,M1D2,150,TS
47,195,0.9965735375059064,0.9974523711171399,M1D2,150,TS
47,196,0.9965328979967667,0.9974117035632158,M1D2,150,TS
47,197,0.9965059122167161,0.9973734431145121,M1D2,150,TS
47,198,0.9964925801657517,0.9973375897710262,M1D2,150,TS
47,199,0.9964929018438735,0.9973041435327578,M1D2,150,TS
47,200,0.9965068772510816,0.9972731043997071,M1D2,150,TS
48,151,0.9981949873884434,0.9981404479171805,M1D2,150,TS
48,152,0.9981747924786454,0.9981324017289337,M1D2,150,TS
48,153,0.998147969469173,0.998120785225747,M1D2,150,TS
48,154,0.9981145183600262,0.9981055984076201,M1D2,150,TS
48,155,0.998074439151205,0.9980868412745534,M1D2,150,TS
48,156,0.9980277318427123,0.9980645138265493,M1D2,150,TS
48,157,0.9979653765667807,0.998045797099662,M1D2,150,TS
48,158,0.9978912434772381,0.9980163450251996,M1D2,150,TS
48,159,0.9978369165456431,0.9979845689961427,M1D2,150,TS
48,160,0.9977710002072524,0.997947806694708,M1D2,150,TS
48,161,0.9977293308275439,0.9979083063253128,M1D2,150,TS
48,162,0.9976987579146794,0.9978443036631377,M1D2,150,TS
48,163,0.9976675264461949,0.9977860096659514,M1D2,150,TS
48,164,0.997640254125538,0.9977457561931189,M1D2,150,TS
48,165,0.997631254444221,0.9977160280385646,M1D2,150,TS
48,166,0.9976326655418102,0.9977019964656682,M1D2,150,TS
48,167,0.997640920712324,0.9976965286788795,M1D2,150,TS
48,168,0.9976612187249303,0.9977091880820466,M1D2,150,TS
48,169,0.9976854980253355,0.997704051017765,M1D2,150,TS
48,170,0.9976967635807847,0.9977020964202343,M1D2,150,TS
48,171,0.9977190140349868,0.9976627727153714,M1D2,150,TS
48,172,0.9977335584767892,0.9975950202389876,M1D2,150,TS
48,173,0.997714729516403,0.9975451801301388,M1D2,150,TS
48,174,0.9976900912011676,0.9975007912288113,M1D2,150,TS
48,175,0.9976725413667765,0.9974714927137428,M1D2,150,TS
48,176,0.9976542511456944,0.9974376058538958,M1D2,150,TS
48,177,0.9976322422776509,0.9974273624638682,M1D2,150,TS
48,178,0.9976113747034274,0.9974382953819075,M1D2,150,TS
48,179,0.9975827867909401,0.9974501703598865,M1D2,150,TS
48,180,0.9975555470290647,0.9974718969027561,M1D2,150,TS
48,181,0.9975453936815908,0.997478827790211,M1D2,150,TS
48,182,0.9975278696771662,0.9974859348328553,M1D2,150,TS
48,183,0.9975012318186309,0.9974921357042233,M1D2,150,TS
48,184,0.99746567307103,0.9974797123899933,M1D2,150,TS
48,185,0.9974376225954955,0.9974618900433447,M1D2,150,TS
48,186,0.9974094625053971,0.9974156919429196,M1D2,150,TS
48,187,0.9973759280457697,0.9973702849665814,M1D2,150,TS
48,188,0.9973321944393155,0.9973317218663201,M1D2,150,TS
48,189,0.9972710896376513,0.9973002113924052,M1D2,150,TS
48,190,0.997206425075879,0.9972699282691416,M1D2,150,TS
48,191,0.9971491652492486,0.9972529853433253,M1D2,150,TS
48,192,0.9970898513976241,0.9972091564860184,M1D2,150,TS
48,193,0.9970181632555117,0.9971443055531357,M1D2,150,TS
48,194,0.996946796142985,0.9970988327374756,M1D2,150,TS
48,195,0.9969123433086611,0.9970277456558536,M1D2,150,TS
48,196,0.9968893841583129,0.9969797971890944,M1D2,150,TS
48,197,0.9968813043711017,0.9969342360701913,M1D2,150,TS
48,198,0.9968881039470249,0.9968910622991416,M1D2,150,TS
48,199,0.9969097828860826,0.996850275875945,M1D2,150,TS
48,200,0.9969463411882747,0.9968118768006017,M1D2,150,TS
49,151,0.9982494182706154,0.9981915804754564,M1D2,150,TS
49,152,0.9982672540324139,0.9981877124186816,M1D2,150,TS
49,153,0.9982635657190787,0.9981806601077416,M1D2,150,TS
49,154,0.9982383533306097,0.9981704235426366,M1D2,150,TS
49,155,0.9981916168670071,0.9981570027233664,M1D2,150,TS
49,156,0.9981233563282732,0.998140397649934,M1D2,150,TS
49,157,0.9979838303159803,0.9981288422974287,M1D2,150,TS
49,158,0.9979795181088469,0.9981027467960251,M1D2,150,TS
49,159,0.9977682451794418,0.9980802023124736,M1D2,150,TS
49,160,0.9976179730008696,0.9980507946934982,M1D2,150,TS
49,161,0.9975411716221545,0.9980173713020303,M1D2,150,TS
49,162,0.9974974797063673,0.9979588833385041,M1D2,150,TS
49,163,0.9975246354796645,0.9979042469231311,M1D2,150,TS
49,164,0.9976026178561183,0.9978664326348824,M1D2,150,TS
49,165,0.9977518884042447,0.9978377699401834,M1D2,150,TS
49,166,0.9977395166267558,0.9978292588086245,M1D2,150,TS
49,167,0.9978234926971821,0.997826980108636,M1D2,150,TS
49,168,0.9979727421560629,0.997841451602181,M1D2,150,TS
49,169,0.9979156285662332,0.9978435852610417,M1D2,150,TS
49,170,0.9979514226683506,0.9978461582220047,M1D2,150,TS
49,171,0.9979205056172775,0.9978133962397852,M1D2,150,TS
49,172,0.9978528254458763,0.9977529694457703,M1D2,150,TS
49,173,0.9977757194688859,0.9977098180436854,M1D2,150,TS
49,174,0.9976966945879847,0.9976720074594186,M1D2,150,TS
49,175,0.9976509028790901,0.9976486274761319,M1D2,150,TS
49,176,0.9976372268296139,0.9976197991597016,M1D2,150,TS
49,177,0.99762649153408,0.9976144309500843,M1D2,150,TS
49,178,0.9976400851833088,0.9976296288074655,M1D2,150,TS
49,179,0.9976784513036971,0.9976449207337675,M1D2,150,TS
49,180,0.9977138227512483,0.9976701668769681,M1D2,150,TS
49,181,0.9976765932759589,0.9976829498773228,M1D2,150,TS
49,182,0.9977371739812044,0.9976931756037742,M1D2,150,TS
49,183,0.9975492416284254,0.9977086807363054,M1D2,150,TS
49,184,0.9973972999208337,0.9977044090691742,M1D2,150,TS
49,185,0.9973001052418815,0.9976935345145987,M1D2,150,TS
49,186,0.9972469862160156,0.9976531335161076,M1D2,150,TS
49,187,0.9971945194348506,0.9976133763342238,M1D2,150,TS
49,188,0.9971292645266627,0.9975805235811195,M1D2,150,TS
49,189,0.9970999143847763,0.9975533410969344,M1D2,150,TS
49,190,0.9971237750178441,0.997525918525014,M1D2,150,TS
49,191,0.9971673893165116,0.9975115121390563,M1D2,150,TS
49,192,0.9972273047321621,0.9974697572018484,M1D2,150,TS
49,193,0.9970486162087009,0.9974128450289377,M1D2,150,TS
49,194,0.9971124294386846,0.9973690380711897,M1D2,150,TS
49,195,0.996932467298737,0.9973068958772373,M1D2,150,TS
49,196,0.9968455042084748,0.9972657708961511,M1D2,150,TS
49,197,0.9967474610026495,0.9972277051989803,M1D2,150,TS
49,198,0.9966383376812582,0.9971926987857218,M1D2,150,TS
49,199,0.9965181342443007,0.9971607516563759,M1D2,150,TS
49,200,0.9963868506917772,0.9971318638109427,M1D2,150,TS
1,151,1.0035040341011485,1.002846960671335,M2,150,TS
1,152,1.003371233684344,1.0028136533184997,M2,150,TS
1,153,1.003249998700051,1.0027762039395614,M2,150,TS
1,154,1.0031403291482688,1.0027346125345198,M2,150,TS
1,155,1.0030422250289976,1.0026888791033755,M2,150,TS
1,156,1.0029556863422409,1.0026390036461306,M2,150,TS
1,157,1.0029072943153923,1.0025917597201477,M2,150,TS
1,158,1.0029532296974646,1.0025299732273654,M2,150,TS
1,159,1.002855579373866,1.0024701971090997,M2,150,TS
1,160,1.002860543825376,1.00240252971538,M2,150,TS
1,161,1.0025763543941397,1.0023402222602402,M2,150,TS
1,162,1.0014383798854618,1.0022750579385054,M2,150,TS
1,163,1.0004746427551507,1.0022113454311268,M2,150,TS
1,164,0.999940860696534,1.0021550609249938,M2,150,TS
1,165,0.9996885162089997,1.002102859374233,M2,150,TS
1,166,0.9999216817116944,1.0020542066506728,M2,150,TS
1,167,1.0005932631675036,1.002003610186481,M2,150,TS
1,168,1.0013679303061351,1.0019692448142226,M2,150,TS
1,169,1.0020708838385373,1.0019183669521383,M2,150,TS
1,170,1.0030309268578446,1.0018637689063143,M2,150,TS
1,171,1.0023714359521643,1.0018134703426516,M2,150,TS
1,172,1.0006014508223022,1.0017625377604507,M2,150,TS
1,173,0.9996034070961728,1.0017085262880452,M2,150,TS
1,174,0.9986270177227583,1.0016592129647184,M2,150,TS
1,175,0.9980836122088909,1.0016161403910413,M2,150,TS
1,176,0.9978717048258827,1.0015584940848326,M2,150,TS
1,177,0.9980881334019138,1.0015136492737262,M2,150,TS
1,178,0.9987131474621992,1.001479942162037,M2,150,TS
1,179,0.9998235511188321,1.001433892684809,M2,150,TS
1,180,1.0011065231854825,1.0013932554649816,M2,150,TS
1,181,1.0013771727680894,1.0013639510033638,M2,150,TS
1,182,1.0016764928582509,1.0013341872642376,M2,150,TS
1,183,1.0023240922011576,1.0012933870890122,M2,150,TS
1,184,1.0025496689705158,1.0012444153152598,M2,150,TS
1,185,1.0027810566496334,1.0011914564490996,M2,150,TS
1,186,1.0024387748845074,1.0011226845756191,M2,150,TS
1,187,1.0019669105501887,1.0010590990222492,M2,150,TS
1,188,1.001749130863073,1.0009956480347935,M2,150,TS
1,189,1.0018799043084554,1.0009297923375173,M2,150,TS
1,190,1.001666978040517,1.0008742720881696,M2,150,TS
1,191,1.0018924152574733,1.0008214443890668,M2,150,TS
1,192,1.0013201509165075,1.0007623947126267,M2,150,TS
1,193,1.0003872481179652,1.000690221086076,M2,150,TS
1,194,0.999941113240662,1.0006251869898164,M2,150,TS
1,195,0.9986368612832792,1.0005567535746551,M2,150,TS
1,196,0.9980639123735556,1.0004935442768974,M2,150,TS
1,197,0.9975588394878703,1.000431349369924,M2,150,TS
1,198,0.9971216426262207,1.0003701688537319,M2,150,TS
1,199,0.9967523217886071,1.0003100027283216,M2,150,TS
1,200,0.9964508769750292,1.0002508509936932,M2,150,TS
3,151,0.9960343643247106,0.996089827609016,M2,150,TS
3,152,0.9959927167171484,0.9960807954855744,M2,150,TS
3,153,0.9959585669412259,0.9960678435771096,M2,150,TS
3,154,0.9959319149969431,0.9960509718836217,M2,150,TS
3,155,0.9959127608842999,0.9960301804051104,M2,150,TS
3,156,0.9959011046032991,0.9960054691415787,M2,150,TS
3,157,0.99591418178317,0.9959838603482042,M2,150,TS
3,158,0.9959199948628807,0.9959505084747086,M2,150,TS
3,159,0.9959320859144289,0.9959154681130027,M2,150,TS
3,160,0.99593203064154,0.9958752979952401,M2,150,TS
3,161,0.9959224770012136,0.9958329638009591,M2,150,TS
3,162,0.9959002339481822,0.9957657129435936,M2,150,TS
3,163,0.9958625601185487,0.9957046940952761,M2,150,TS
3,164,0.9957994798270604,0.9956628118821729,M2,150,TS
3,165,0.995739273297319,0.9956318909434462,M2,150,TS
3,166,0.9956808517819564,0.9956174706742391,M2,150,TS
3,167,0.9956127277322449,0.9956127702925877,M2,150,TS
3,168,0.995576158074972,0.9956257578754506,M2,150,TS
3,169,0.9955744051959938,0.995619808337689,M2,150,TS
3,170,0.995600712306006,0.995615958414931,M2,150,TS
3,171,0.9956379893705616,0.995573399780129,M2,150,TS
3,172,0.9956641347323912,0.9955015338877247,M2,150,TS
3,173,0.9956711920948085,0.9954481544649489,M2,150,TS
3,174,0.9956380585687907,0.9954015199826547,M2,150,TS
3,175,0.9955853708658173,0.9953711327518809,M2,150,TS
3,176,0.9955396173395594,0.995335598911532,M2,150,TS
3,177,0.9955035324983614,0.9953240942588315,M2,150,TS
3,178,0.9955100283482142,0.9953333952963861,M2,150,TS
3,179,0.9955577798394379,0.9953424128417263,M2,150,TS
3,180,0.9956211379950224,0.9953613435153024,M2,150,TS
3,181,0.9956797077616993,0.99536521268516,M2,150,TS
3,182,0.9956850893700995,0.9953707407141351,M2,150,TS
3,183,0.9956531206452309,0.9953768461079866,M2,150,TS
3,184,0.9955877786642572,0.9953642681960542,M2,150,TS
3,185,0.9955121162923015,0.9953465121886333,M2,150,TS
3,186,0.9954418813752506,0.9952990495671191,M2,150,TS
3,187,0.9953844260642624,0.9952521492943641,M2,150,TS
3,188,0.9953396535246629,0.9952119530785108,M2,150,TS
3,189,0.9953058687211954,0.9951783134232348,M2,150,TS
3,190,0.9952704270164792,0.995145772353013,M2,150,TS
3,191,0.9952322818676387,0.995127214862281,M2,150,TS
3,192,0.9951643814803146,0.9950818591893235,M2,150,TS
3,193,0.995099388061318,0.995014784460038,M2,150,TS
3,194,0.9950507740559454,0.9949664601074757,M2,150,TS
3,195,0.9950369504778394,0.9948918587457861,M2,150,TS
3,196,0.9950429987886786,0.9948409212605497,M2,150,TS
3,197,0.9950691480067563,0.9947922332209549,M2,150,TS
3,198,0.9951153981320696,0.994745794626999,M2,150,TS
3,199,0.9951817491646184,0.9947016054786819,M2,150,TS
3,200,0.9952682011044028,0.9946596657760035,M2,150,TS
4,151,0.9767030436512549,0.9767165662628304,M2,150,TS
4,152,0.976800964527353,0.976478272964857,M2,150,TS
4,153,0.976863456319432,0.976239514091618,M2,150,TS
4,154,0.9768905190274921,0.9760002896431137,M2,150,TS
4,155,0.9768821526515331,0.9757605996193436,M2,150,TS
4,156,0.9768383571915578,0.9755204440203111,M2,150,TS
4,157,0.9771008112729221,0.9752846386989716,M2,150,TS
4,158,0.9766433462641386,0.975056358982973,M2,150,TS
4,159,0.9764710655576234,0.9748192961948904,M2,150,TS
4,160,0.9761497056640729,0.9745945525053227,M2,150,TS
4,161,0.9759204878059102,0.974334608205425,M2,150,TS
4,162,0.9755304826807375,0.9739718517996517,M2,150,TS
4,163,0.9752868250272246,0.9736446377711487,M2,150,TS
4,164,0.9751039310436997,0.9733773439347303,M2,150,TS
4,165,0.9748326994872825,0.9731302459809802,M2,150,TS
4,166,0.9745956570849166,0.9729403886324854,M2,150,TS
4,167,0.9745201302249025,0.9727843362481495,M2,150,TS
4,168,0.9746065450471004,0.9726479738103536,M2,150,TS
4,169,0.9742718804716919,0.9724870055876588,M2,150,TS
4,170,0.9737456352786511,0.9723491326873229,M2,150,TS
4,171,0.9733758712277756,0.97201786180951,M2,150,TS
4,172,0.973068728226699,0.9715743018035353,M2,150,TS
4,173,0.9727661577049508,0.971223572491307,M2,150,TS
4,174,0.9726141495290563,0.970882505481838,M2,150,TS
4,175,0.9727118741969064,0.9705440081120649,M2,150,TS
4,176,0.9721794294905961,0.9702548655954416,M2,150,TS
4,177,0.9718954140115266,0.9700327570164149,M2,150,TS
4,178,0.9719018732784592,0.9698768261285758,M2,150,TS
4,179,0.9714335255198636,0.9697725487039655,M2,150,TS
4,180,0.9711578846154274,0.9697044420170264,M2,150,TS
4,181,0.9710944722638326,0.9695586725343275,M2,150,TS
4,182,0.9712193875545372,0.9694003190695759,M2,150,TS
4,183,0.9713507159747161,0.9692902847488295,M2,150,TS
4,184,0.9712892944760729,0.9691270576230603,M2,150,TS
4,185,0.9712462147908485,0.9689180899752668,M2,150,TS
4,186,0.9705731539231293,0.9686648911275296,M2,150,TS
4,187,0.970208754222414,0.9683697217436218,M2,150,TS
4,188,0.969988760236854,0.9681148849647856,M2,150,TS
4,189,0.9696206096996185,0.9678895284785497,M2,150,TS
4,190,0.9694751194696738,0.9676219844364186,M2,150,TS
4,191,0.9694240710464628,0.9674170169068882,M2,150,TS
4,192,0.969427668334244,0.9670711865130976,M2,150,TS
4,193,0.9693133233696938,0.9666951736356679,M2,150,TS
4,194,0.9689956572497094,0.9663968652187159,M2,150,TS
4,195,0.9687059737372188,0.9660119821345183,M2,150,TS
4,196,0.9684807897997224,0.9657083954953368,M2,150,TS
4,197,0.9682473872035253,0.9654180398992519,M2,150,TS
4,198,0.9680057659486249,0.9651409153462609,M2,150,TS
4,199,0.9677559260350211,0.9648770218363637,M2,150,TS
4,200,0.9674978674627139,0.9646263593695604,M2,150,TS
6,151,0.996214505768315,0.9961753182232088,M2,150,TS
6,152,0.9961152328406796,0.996152227307018,M2,150,TS
6,153,0.9960290888322142,0.9961250844152024,M2,150,TS
6,154,0.995956073742919,0.9960938895477617,M2,150,TS
6,155,0.9958961875727937,0.996058642704696,M2,150,TS
6,156,0.9958494303218418,0.9960193438860081,M2,150,TS
6,157,0.9958599118207982,0.9959819209938102,M2,150,TS
6,158,0.9958456437304972,0.9959340609108682,M2,150,TS
6,159,0.9957704044573623,0.9958858543881592,M2,150,TS
6,160,0.9958367240092967,0.9958288327181055,M2,150,TS
6,161,0.9957092218587607,0.9957742841847634,M2,150,TS
6,162,0.9956523449446865,0.9956926406229528,M2,150,TS
6,163,0.9955662274306651,0.9956176450159963,M2,150,TS
6,164,0.9955560027793754,0.9955593353770593,M2,150,TS
6,165,0.9955269016238708,0.9955127705484719,M2,150,TS
6,166,0.995515275555934,0.9954823238783672,M2,150,TS
6,167,0.995481363117343,0.9954617691006916,M2,150,TS
6,168,0.9952872254157735,0.9954638299899665,M2,150,TS
6,169,0.9952152259768224,0.9954449701463922,M2,150,TS
6,170,0.9950931560869628,0.9954305085427216,M2,150,TS
6,171,0.994966603957919,0.9953771434878289,M2,150,TS
6,172,0.9949506503891471,0.9952910162434436,M2,150,TS
6,173,0.9949255045077805,0.995223164981779,M2,150,TS
6,174,0.9949507524984647,0.9951594310970672,M2,150,TS
6,175,0.9949436995335101,0.9951122333656379,M2,150,TS
6,176,0.9948553452856492,0.9950628529617023,M2,150,TS
6,177,0.994861288992555,0.9950351687351141,M2,150,TS
6,178,0.9947635411372995,0.9950318883147323,M2,150,TS
6,179,0.9947687327438571,0.9950272645233897,M2,150,TS
6,180,0.9946547175698341,0.995035846185607,M2,150,TS
6,181,0.9947522146500036,0.9950234699532212,M2,150,TS
6,182,0.9947288419621603,0.9950142410674828,M2,150,TS
6,183,0.9946594190966497,0.9950056023152221,M2,150,TS
6,184,0.9946131352370858,0.9949769724180524,M2,150,TS
6,185,0.9945569067396691,0.9949432838345392,M2,150,TS
6,186,0.9944554226729967,0.9948816514296963,M2,150,TS
6,187,0.994525445824341,0.9948161376489854,M2,150,TS
6,188,0.9945312995670903,0.9947592080865557,M2,150,TS
6,189,0.9945035238085205,0.9947101475453662,M2,150,TS
6,190,0.9944937350335686,0.9946613608878379,M2,150,TS
6,191,0.994511069552142,0.9946259289554956,M2,150,TS
6,192,0.994354548788215,0.9945670286532782,M2,150,TS
6,193,0.9942082877615992,0.994486146947158,M2,150,TS
6,194,0.9940660638765035,0.9944250014425369,M2,150,TS
6,195,0.9939285246499441,0.9943380745387024,M2,150,TS
6,196,0.9937872031503167,0.9942755558584938,M2,150,TS
6,197,0.9936459653173575,0.9942158756727966,M2,150,TS
6,198,0.9935048111510638,0.9941590339816079,M2,150,TS
6,199,0.9933637406514356,0.9941050307849275,M2,150,TS
6,200,0.9932227538184729,0.9940538660827557,M2,150,TS
7,151,0.9944063753831374,0.9949332695665893,M2,150,TS
7,152,0.9943518838933064,0.9948787739448319,M2,150,TS
7,153,0.9942924744859969,0.9948206754452561,M2,150,TS
7,154,0.994228147161209,0.994758974067862,M2,150,TS
7,155,0.9941589019189425,0.9946936698126495,M2,150,TS
7,156,0.9940847387592003,0.9946247626796215,M2,150,TS
7,157,0.9939822863795954,0.9945597674276113,M2,150,TS
7,158,0.9939045656069894,0.99448325760135,M2,150,TS
7,159,0.9938651951227415,0.9944038136057477,M2,150,TS
7,160,0.9938035718599496,0.9943197614570468,M2,150,TS
7,161,0.9937610515371789,0.9942329249629699,M2,150,TS
7,162,0.9937122760542119,0.9941215885149598,M2,150,TS
7,163,0.9936117741640667,0.9940173853684677,M2,150,TS
7,164,0.9935157799849212,0.9939314469904349,M2,150,TS
7,165,0.9934154307549953,0.9938567813634145,M2,150,TS
7,166,0.9932585301429073,0.993799795672511,M2,150,TS
7,167,0.9930649007415475,0.9937527086459511,M2,150,TS
7,168,0.9929202850425868,0.9937228248551588,M2,150,TS
7,169,0.9927678083195293,0.993675459032116,M2,150,TS
7,170,0.9926517468134011,0.9936301690314638,M2,150,TS
7,171,0.9925164540284324,0.9935473762655129,M2,150,TS
7,172,0.9924355058928396,0.9934339420358809,M2,150,TS
7,173,0.9922633449048571,0.9933403297803755,M2,150,TS
7,174,0.9921366744906839,0.9932508155807135,M2,150,TS
7,175,0.9920620457932743,0.993175422626982,M2,150,TS
7,176,0.991960224684306,0.9930963999102858,M2,150,TS
7,177,0.9917807998494718,0.9930431356984945,M2,150,TS
7,178,0.991696715556144,0.9930087913464899,M2,150,TS
7,179,0.9916208230145287,0.9929753085213676,M2,150,TS
7,180,0.9915485975755082,0.9929516824380614,M2,150,TS
7,181,0.9915041139511117,0.9929124273975083,M2,150,TS
7,182,0.991437678959813,0.9928737006421896,M2,150,TS
7,183,0.9913197670728469,0.9928353261306521,M2,150,TS
7,184,0.9912539511914851,0.992776557292669,M2,150,TS
7,185,0.9912096475888834,0.9927120301695784,M2,150,TS
7,186,0.9911403242141177,0.9926195526244986,M2,150,TS
7,187,0.9909881512914112,0.9925297563449879,M2,150,TS
7,188,0.9909081017447054,0.992444793100496,M2,150,TS
7,189,0.9908380250579897,0.9923663750468521,M2,150,TS
7,190,0.9907348827758002,0.9922897237649735,M2,150,TS
7,191,0.990680910982181,0.9922255747024504,M2,150,TS
7,192,0.9905315571703812,0.9921364809652973,M2,150,TS
7,193,0.9903770005332686,0.9920259950099088,M2,150,TS
7,194,0.9902430059030527,0.9919347022734061,M2,150,TS
7,195,0.9901456260555439,0.9918173184435827,M2,150,TS
7,196,0.9900206122761921,0.9917244782852798,M2,150,TS
7,197,0.9898951591915459,0.9916344646722445,M2,150,TS
7,198,0.9897692668016028,0.9915472776044744,M2,150,TS
7,199,0.9896429351063629,0.991462917081969,M2,150,TS
7,200,0.9895161641058261,0.9913813831047288,M2,150,TS
8,151,0.9894562866939769,0.9899704350180271,M2,150,TS
8,152,0.9892869391809709,0.9898560769558346,M2,150,TS
8,153,0.9891264737722718,0.9897379917792776,M2,150,TS
8,154,0.9889748904678795,0.9896161794883563,M2,150,TS
8,155,0.9888321892677938,0.9894906400830705,M2,150,TS
8,156,0.9886983701720182,0.9893613735634231,M2,150,TS
8,157,0.988612998135234,0.9892375140772807,M2,150,TS
8,158,0.9884657605265808,0.9890991543870615,M2,150,TS
8,159,0.9883221445484542,0.988960167066015,M2,150,TS
8,160,0.9881996969985829,0.9888150323927941,M2,150,TS
8,161,0.988043425315414,0.9886658265012612,M2,150,TS
8,162,0.9878153619489983,0.9884857292785507,M2,150,TS
8,163,0.987663659807816,0.988311182139141,M2,150,TS
8,164,0.9875156075605755,0.9881576491393482,M2,150,TS
8,165,0.9873270466649591,0.988016656443156,M2,150,TS
8,166,0.9871873160367632,0.9878952228725965,M2,150,TS
8,167,0.9870762836454232,0.987787225070652,M2,150,TS
8,168,0.9869386436403,0.9876985064671241,M2,150,TS
8,169,0.9867927268027747,0.9875903716195898,M2,150,TS
8,170,0.9866505942191186,0.9874855864962031,M2,150,TS
8,171,0.9865007607244951,0.987332015780967,M2,150,TS
8,172,0.986302968780101,0.9871424772883197,M2,150,TS
8,173,0.9861435659453623,0.9869766399344687,M2,150,TS
8,174,0.9859508344567336,0.9868190715219437,M2,150,TS
8,175,0.9857170247032094,0.9866809618615933,M2,150,TS
8,176,0.9854989411486601,0.9865370642700927,M2,150,TS
8,177,0.9853378399000858,0.986420786382996,M2,150,TS
8,178,0.9851822150143007,0.986330522898175,M2,150,TS
8,179,0.98501998496841,0.9862428317396591,M2,150,TS
8,180,0.9849044471712944,0.9861670155387381,M2,150,TS
8,181,0.9848004012787525,0.9860693774157787,M2,150,TS
8,182,0.9846632874079718,0.9859739825721746,M2,150,TS
8,183,0.9845620324189641,0.9858821611343407,M2,150,TS
8,184,0.9844446166266216,0.9857669311187719,M2,150,TS
8,185,0.9842672291286316,0.9856460716453322,M2,150,TS
8,186,0.9840657585920585,0.9854894334206894,M2,150,TS
8,187,0.983908876419124,0.9853334661153823,M2,150,TS
8,188,0.9837450136174848,0.9851874557446236,M2,150,TS
8,189,0.9835390637644426,0.985051043046104,M2,150,TS
8,190,0.9833286628583462,0.9849143282376573,M2,150,TS
8,191,0.9831152377668357,0.9847945032968902,M2,150,TS
8,192,0.9828710927346475,0.9846424994164358,M2,150,TS
8,193,0.9826470558178269,0.9844663939757078,M2,150,TS
8,194,0.9824686223560679,0.9843088552802259,M2,150,TS
8,195,0.9822446928402246,0.9841213278538921,M2,150,TS
8,196,0.9820476556594568,0.9839627366209518,M2,150,TS
8,197,0.9818597827823277,0.9838069133440159,M2,150,TS
8,198,0.9816810742088343,0.9836538580230815,M2,150,TS
8,199,0.981511529938977,0.9835035706581485,M2,150,TS
8,200,0.9813511499727554,0.9833560512492171,M2,150,TS
12,151,0.9964391412129527,0.9962494718503132,M2,150,TS
12,152,0.996449271339672,0.9962161230905143,M2,150,TS
12,153,0.9964508346170283,0.9961791830711075,M2,150,TS
12,154,0.9964438310450218,0.9961386517920927,M2,150,TS
12,155,0.9964282606236524,0.9960945292534699,M2,150,TS
12,156,0.9964041233529233,0.9960468154552418,M2,150,TS
12,157,0.9963733833269217,0.9959948394778133,M2,150,TS
12,158,0.9963272920330408,0.9959470472735806,M2,150,TS
12,159,0.9962954253265817,0.9958905265477376,M2,150,TS
12,160,0.9962317083567527,0.9958334016665971,M2,150,TS
12,161,0.996195685495121,0.9957745567979426,M2,150,TS
12,162,0.9961588400405574,0.9956973245441704,M2,150,TS
12,163,0.9960993853386355,0.995626438035258,M2,150,TS
12,164,0.9960167875370655,0.9955744300681183,M2,150,TS
12,165,0.9959439058471578,0.9955362054152657,M2,150,TS
12,166,0.9958358179690385,0.9955119305792646,M2,150,TS
12,167,0.9957187800079623,0.9954910566694528,M2,150,TS
12,168,0.9956256062307962,0.99548824274203,M2,150,TS
12,169,0.9955638034557666,0.995470887048797,M2,150,TS
12,170,0.995517288368672,0.995459298349243,M2,150,TS
12,171,0.9955193786141443,0.995410558716295,M2,150,TS
12,172,0.9954981882957448,0.9953353712433596,M2,150,TS
12,173,0.9954579803391037,0.9952724780284631,M2,150,TS
12,174,0.9954238374706464,0.9952085186555174,M2,150,TS
12,175,0.995400931370721,0.9951580509463889,M2,150,TS
12,176,0.9953770856030706,0.9951120204510672,M2,150,TS
12,177,0.9953392362431142,0.9950838932475833,M2,150,TS
12,178,0.9953084427222629,0.9950705875048448,M2,150,TS
12,179,0.9952961128171749,0.9950623208976566,M2,150,TS
12,180,0.99530106766799,0.9950586020591059,M2,150,TS
12,181,0.9952783788360806,0.9950418118666333,M2,150,TS
12,182,0.9952234549725187,0.9950222734020664,M2,150,TS
12,183,0.9951648897320904,0.9949937567761413,M2,150,TS
12,184,0.9951172409488205,0.9949515048989661,M2,150,TS
12,185,0.9950643536166401,0.9949086599368527,M2,150,TS
12,186,0.9950033249822401,0.9948486687754187,M2,150,TS
12,187,0.9949131124957803,0.9947857764912771,M2,150,TS
12,188,0.9948103844069475,0.9947257305684535,M2,150,TS
12,189,0.9947515845784494,0.994671378131176,M2,150,TS
12,190,0.9947036933144273,0.9946152100467912,M2,150,TS
12,191,0.9946534388496556,0.9945717919733472,M2,150,TS
12,192,0.9946082764806821,0.994502301735681,M2,150,TS
12,193,0.9945468720668882,0.9944118522778955,M2,150,TS
12,194,0.9945116759637709,0.9943488566989437,M2,150,TS
12,195,0.9944588077055738,0.9942622199082956,M2,150,TS
12,196,0.9944023791897465,0.9941966391986784,M2,150,TS
12,197,0.994339854015007,0.9941348247818114,M2,150,TS
12,198,0.994271232181353,0.9940767766576917,M2,150,TS
12,199,0.9941965136887845,0.9940224948263192,M2,150,TS
12,200,0.9941156985373015,0.9939719792876942,M2,150,TS
13,151,0.9971218402728154,0.9967799048618001,M2,150,TS
13,152,0.997125411021877,0.9967471967138908,M2,150,TS
13,153,0.9971229622682198,0.9967109258768057,M2,150,TS
13,154,0.9971144940118436,0.9966710923505447,M2,150,TS
13,155,0.9971000062527485,0.9966276961351082,M2,150,TS
13,156,0.9970794989909375,0.9965807372304988,M2,150,TS
13,157,0.9970426935251744,0.9965378830463512,M2,150,TS
13,158,0.9970120287572352,0.9964830963348261,M2,150,TS
13,159,0.9969747483554201,0.9964268854608842,M2,150,TS
13,160,0.9969483991395283,0.996365008343805,M2,150,TS
13,161,0.9969110441392823,0.9963009410478965,M2,150,TS
13,162,0.9968554234616301,0.9962119980317083,M2,150,TS
13,163,0.9967727646811086,0.9961296140236556,M2,150,TS
13,164,0.9966715256409413,0.99606625613427,M2,150,TS
13,165,0.9965957220405769,0.9960133211938588,M2,150,TS
13,166,0.9965182877753898,0.9959770341802221,M2,150,TS
13,167,0.9964408373216866,0.995950231897474,M2,150,TS
13,168,0.996360574441506,0.9959419924232705,M2,150,TS
13,169,0.9963313767031219,0.995914448955594,M2,150,TS
13,170,0.9963210302726416,0.9958893149646856,M2,150,TS
13,171,0.9962985218915089,0.9958257850149607,M2,150,TS
13,172,0.9962485884144738,0.9957332103841993,M2,150,TS
13,173,0.9961874524844941,0.9956590267150868,M2,150,TS
13,174,0.9961345121000279,0.9955903088038032,M2,150,TS
13,175,0.9961303098675913,0.9955360544355417,M2,150,TS
13,176,0.9960950315914081,0.9954778164111591,M2,150,TS
13,177,0.9960719868016161,0.9954435657653362,M2,150,TS
13,178,0.9960434895446866,0.9954313836558811,M2,150,TS
13,179,0.9960460676752122,0.9954193392174413,M2,150,TS
13,180,0.9960497643446751,0.9954175834599575,M2,150,TS
13,181,0.9960063775909416,0.9954017107741482,M2,150,TS
13,182,0.9959622485718815,0.9953860901149648,M2,150,TS
13,183,0.9958959250976375,0.9953707015560146,M2,150,TS
13,184,0.9958618036440439,0.9953349183038415,M2,150,TS
13,185,0.995846187414138,0.9952931795295071,M2,150,TS
13,186,0.9957957726569031,0.995222827548446,M2,150,TS
13,187,0.9957415155335627,0.9951533596756651,M2,150,TS
13,188,0.9956964933022042,0.9950907092919987,M2,150,TS
13,189,0.9956549610085865,0.9950348723285108,M2,150,TS
13,190,0.9956421171713961,0.9949792460998721,M2,150,TS
13,191,0.9956152225775323,0.9949379671375318,M2,150,TS
13,192,0.9955648706054869,0.9948695392809666,M2,150,TS
13,193,0.9954959882519252,0.9947799281177534,M2,150,TS
13,194,0.995440178124885,0.9947093047087411,M2,150,TS
13,195,0.9953727857710697,0.9946134798008555,M2,150,TS
13,196,0.9953265384190831,0.9945413782438228,M2,150,TS
13,197,0.9952828626347129,0.9944719986878258,M2,150,TS
13,198,0.9952417584179565,0.9944053411328618,M2,150,TS
13,199,0.9952032257688137,0.9943414055789308,M2,150,TS
13,200,0.9951672646872847,0.9942801920260326,M2,150,TS
15,151,0.9962252605469409,0.9959735096785476,M2,150,TS
15,152,0.9962208125930392,0.9959285207243841,M2,150,TS
15,153,0.9962118183194908,0.9958799267410705,M2,150,TS
15,154,0.9961982777262959,0.9958277277286073,M2,150,TS
15,155,0.9961801908134543,0.9957719236869942,M2,150,TS
15,156,0.996157557580969,0.995712514616234,M2,150,TS
15,157,0.9961330561512289,0.9956566219346522,M2,150,TS
15,158,0.9961030139082411,0.9955894801036075,M2,150,TS
15,159,0.9960483729312696,0.9955212368461285,M2,150,TS
15,160,0.9960004961472655,0.9954475153961692,M2,150,TS
15,161,0.9959293724948286,0.9953720027811536,M2,150,TS
15,162,0.9958335335644611,0.9952721045171049,M2,150,TS
15,163,0.9957205996053304,0.9951784671424685,M2,150,TS
15,164,0.9956044966238953,0.9951033649970412,M2,150,TS
15,165,0.9954812809233828,0.995039539091599,M2,150,TS
15,166,0.9953984102161108,0.9949910994547706,M2,150,TS
15,167,0.9953439525691803,0.9949511664548585,M2,150,TS
15,168,0.995329457996333,0.9949286794725475,M2,150,TS
15,169,0.9952733207454667,0.9948894116110699,M2,150,TS
15,170,0.9952518136326842,0.9948521919533069,M2,150,TS
15,171,0.9952051757086207,0.9947772733800508,M2,150,TS
15,172,0.995132271609668,0.9946735482690521,M2,150,TS
15,173,0.995060842996885,0.9945875897525416,M2,150,TS
15,174,0.9950070180486855,0.9945066913991788,M2,150,TS
15,175,0.9949476593639104,0.9944415050714359,M2,150,TS
15,176,0.994932851648315,0.9943705829168691,M2,150,TS
15,177,0.9949255098219727,0.9943235180526169,M2,150,TS
15,178,0.9949214325530107,0.9942980518206451,M2,150,TS
15,179,0.9949097971769096,0.994273762347591,M2,150,TS
15,180,0.9948833397107228,0.9942600118083612,M2,150,TS
15,181,0.9948059503284219,0.9942324588348226,M2,150,TS
15,182,0.9947249757270282,0.9942051114064593,M2,150,TS
15,183,0.9946328188777054,0.9941774428364748,M2,150,TS
15,184,0.994556640269802,0.9941300390270511,M2,150,TS
15,185,0.9944566820527307,0.9940778634003167,M2,150,TS
15,186,0.9944022573565555,0.9939954415719037,M2,150,TS
15,187,0.9943491582095565,0.9939136557073073,M2,150,TS
15,188,0.9942834853639416,0.9938390909725368,M2,150,TS
15,189,0.9942423860416657,0.993770743348851,M2,150,TS
15,190,0.9941943633012958,0.9937035156002052,M2,150,TS
15,191,0.9941214406260783,0.9936508008531421,M2,150,TS
15,192,0.9940644165797171,0.9935700940284161,M2,150,TS
15,193,0.9939849550593147,0.9934683885663849,M2,150,TS
15,194,0.9939132663788257,0.9933859496915103,M2,150,TS
15,195,0.9938551810527687,0.9932778594536861,M2,150,TS
15,196,0.9937969359266035,0.9931938186147115,M2,150,TS
15,197,0.9937438760109061,0.9931124415269107,M2,150,TS
15,198,0.9936960013056741,0.9930337281902811,M2,150,TS
15,199,0.9936533118109079,0.9929576786048228,M2,150,TS
15,200,0.993615807526607,0.9928842927705356,M2,150,TS
17,151,0.9980876584157506,0.99820209857459,M2,150,TS
17,152,0.9981352042733159,0.9982030859363202,M2,150,TS
17,153,0.9981566729266981,0.9982009949017578,M2,150,TS
17,154,0.998152064375897,0.9981958254709027,M2,150,TS
17,155,0.9981213786209127,0.9981875776437549,M2,150,TS
17,156,0.9980646156617479,0.9981762514203171,M2,150,TS
17,157,0.9979494545663445,0.9981690766780426,M2,150,TS
17,158,0.9979097161329462,0.9981499890472022,M2,150,TS
17,159,0.9979176121027216,0.9981271951474233,M2,150,TS
17,160,0.9977559841524373,0.9981040138791091,M2,150,TS
17,161,0.9977519595499136,0.9980745712056749,M2,150,TS
17,162,0.9977688485147062,0.9980205540271079,M2,150,TS
17,163,0.9978168947376731,0.9979714520249294,M2,150,TS
17,164,0.9978755313898338,0.9979403778402334,M2,150,TS
17,165,0.9979888789109685,0.9979193001394312,M2,150,TS
17,166,0.9980966942905272,0.99791418968994,M2,150,TS
17,167,0.9980050167181996,0.9979229109599428,M2,150,TS
17,168,0.9980279963497212,0.9979471822878214,M2,150,TS
17,169,0.9980399116980906,0.9979542843811743,M2,150,TS
17,170,0.998046379793742,0.9979647763641801,M2,150,TS
17,171,0.9980724622218546,0.9979373570943788,M2,150,TS
17,172,0.9980755730720043,0.9978816157515108,M2,150,TS
17,173,0.9980659388396138,0.9978429031338079,M2,150,TS
17,174,0.9980451216973336,0.9978091958084004,M2,150,TS
17,175,0.9980200775252531,0.9977913910407057,M2,150,TS
17,176,0.9979768399295956,0.9977700533395055,M2,150,TS
17,177,0.9979523464467734,0.9977713454384485,M2,150,TS
17,178,0.9979192537226368,0.9977936802450054,M2,150,TS
17,179,0.9978812563814822,0.9978173131592325,M2,150,TS
17,180,0.9978276205537122,0.9978508298408496,M2,150,TS
17,181,0.99779056482589,0.9978691791961806,M2,150,TS
17,182,0.9977713897388524,0.997886783133205,M2,150,TS
17,183,0.9977523831235487,0.9979023694979443,M2,150,TS
17,184,0.9977298930177749,0.997899540648685,M2,150,TS
17,185,0.9976923719248798,0.9978926922565954,M2,150,TS
17,186,0.9976702775317827,0.9978574118917076,M2,150,TS
17,187,0.9976507861793333,0.9978225494158278,M2,150,TS
17,188,0.99760405834563,0.9977946753906616,M2,150,TS
17,189,0.9975449789654255,0.9977738877048871,M2,150,TS
17,190,0.9974977354863259,0.9977536872229258,M2,150,TS
17,191,0.9974704408888537,0.9977465832599238,M2,150,TS
17,192,0.9974628881747938,0.9977120492499342,M2,150,TS
17,193,0.9974755488038036,0.9976552702319176,M2,150,TS
17,194,0.9974938234159549,0.9976187100542357,M2,150,TS
17,195,0.9975989351942185,0.9975547946072244,M2,150,TS
17,196,0.9975292329964532,0.9975191022944214,M2,150,TS
17,197,0.997419619540284,0.9974873382343571,M2,150,TS
17,198,0.997270094825708,0.9974595024270284,M2,150,TS
17,199,0.9970806588527253,0.9974355948724356,M2,150,TS
17,200,0.9968513116213358,0.9974156155705785,M2,150,TS
18,151,0.9967286752306215,0.996946765568889,M2,150,TS
18,152,0.996734180439968,0.9969266443012137,M2,150,TS
18,153,0.9967286473994351,0.9969030413826143,M2,150,TS
18,154,0.9967120761090231,0.9968759568130909,M2,150,TS
18,155,0.9966844665687318,0.9968453905926433,M2,150,TS
18,156,0.9966458187785637,0.9968113427212744,M2,150,TS
18,157,0.9965932376844059,0.9967802955882681,M2,150,TS
18,158,0.996527560446605,0.9967395767445678,M2,150,TS
18,159,0.9964576808305154,0.9966966639716018,M2,150,TS
18,160,0.9963852885555852,0.9966488015261576,M2,150,TS
18,161,0.9963093425696747,0.9965990610433192,M2,150,TS
18,162,0.996241155290386,0.9965253570180508,M2,150,TS
18,163,0.9961930232600331,0.9964568236637591,M2,150,TS
18,164,0.9961534929420675,0.9964062111364834,M2,150,TS
18,165,0.9961282542437089,0.9963665101417752,M2,150,TS
18,166,0.9961340704382093,0.9963417003123721,M2,150,TS
18,167,0.9961332036581544,0.9963254102198855,M2,150,TS
18,168,0.9961445950325705,0.9963273298061067,M2,150,TS
18,169,0.9961564930828966,0.9963118029105555,M2,150,TS
18,170,0.9961554243304382,0.9962997179766638,M2,150,TS
18,171,0.9961540709408457,0.9962507669548885,M2,150,TS
18,172,0.9961171965817952,0.9961742016442781,M2,150,TS
18,173,0.9960709459919943,0.9961144231175514,M2,150,TS
18,174,0.9960208668691528,0.9960595397931309,M2,150,TS
18,175,0.9959813926061627,0.9960198043153057,M2,150,TS
18,176,0.995958089004092,0.9959755550144579,M2,150,TS
18,177,0.9959376291560111,0.995954287885187,M2,150,TS
18,178,0.9959178524370527,0.9959537321709475,M2,150,TS
18,179,0.995896460375093,0.9959542349696232,M2,150,TS
18,180,0.9958710421699442,0.9959643268505595,M2,150,TS
18,181,0.9958367919253477,0.9959603024901825,M2,150,TS
18,182,0.9957831257202757,0.9959565191837706,M2,150,TS
18,183,0.9957326025198818,0.9959507489292462,M2,150,TS
18,184,0.9956971290990027,0.995926170552201,M2,150,TS
18,185,0.9956599277889449,0.9958969828382864,M2,150,TS
18,186,0.9956296855841797,0.995839868155416,M2,150,TS
18,187,0.9955981713458765,0.9957832467494537,M2,150,TS
18,188,0.9955528767442439,0.9957332151904862,M2,150,TS
18,189,0.9954912232503919,0.9956902371469167,M2,150,TS
18,190,0.9954337333107592,0.9956481563115118,M2,150,TS
18,191,0.9953760597201944,0.9956195500479289,M2,150,TS
18,192,0.9953032597925409,0.9955646156312846,M2,150,TS
18,193,0.9952215665357579,0.9954884471835092,M2,150,TS
18,194,0.9951472511607411,0.9954321589207797,M2,150,TS
18,195,0.9950705577024481,0.9953512598002467,M2,150,TS
18,196,0.9950302699225336,0.995292684222448,M2,150,TS
18,197,0.9950046135818877,0.9952365555607958,M2,150,TS
18,198,0.9949935886805082,0.9951828738152875,M2,150,TS
18,199,0.9949971952183951,0.995131638985923,M2,150,TS
18,200,0.9950154331955485,0.9950828510727024,M2,150,TS
19,151,0.9983541625402169,0.9983180154608776,M2,150,TS
19,152,0.998313949241844,0.9983169702008416,M2,150,TS
19,153,0.9982766524905043,0.9983120809730874,M2,150,TS
19,154,0.9982422722861977,0.9983033477776149,M2,150,TS
19,155,0.9982108086289242,0.9982907706144236,M2,150,TS
19,156,0.9981822615186868,0.998274349483517,M2,150,TS
19,157,0.9981634010364282,0.9982604483595908,M2,150,TS
19,158,0.9981526300088968,0.9982361453402689,M2,150,TS
19,159,0.998118417587482,0.998210139606309,M2,150,TS
19,160,0.9980856048046101,0.9981790990191335,M2,150,TS
19,161,0.9980510460025163,0.9981459628777237,M2,150,TS
19,162,0.9980122018525,0.9980885784917513,M2,150,TS
19,163,0.9979886622993271,0.9980365903290841,M2,150,TS
19,164,0.9979748072893371,0.9980027659523217,M2,150,TS
19,165,0.9979576989069638,0.9979804782011283,M2,150,TS
19,166,0.9979557420190031,0.9979738078647323,M2,150,TS
19,167,0.9979701549299111,0.9979754271834786,M2,150,TS
19,168,0.9979696476288039,0.9979960602683563,M2,150,TS
19,169,0.9979757712917408,0.9979989466082333,M2,150,TS
19,170,0.9979679876075439,0.9980054261182355,M2,150,TS
19,171,0.9979505371878232,0.9979743087895238,M2,150,TS
19,172,0.9979374164180058,0.9979138279660825,M2,150,TS
19,173,0.9979284641604969,0.9978702762657738,M2,150,TS
19,174,0.9979243138901803,0.9978314683444205,M2,150,TS
19,175,0.9979137758823782,0.9978086829107755,M2,150,TS
19,176,0.9979146632249826,0.997781484124908,M2,150,TS
19,177,0.9979219630620617,0.9977775109096014,M2,150,TS
19,178,0.9979164416020232,0.9977949296956409,M2,150,TS
19,179,0.9978810831926193,0.9978143380634902,M2,150,TS
19,180,0.9978462976686268,0.9978433591292334,M2,150,TS
19,181,0.9978140490845031,0.9978573270933003,M2,150,TS
19,182,0.9978019663708897,0.9978706012798975,M2,150,TS
19,183,0.9977817707485597,0.9978823977661869,M2,150,TS
19,184,0.997760137049204,0.9978754845875009,M2,150,TS
19,185,0.9977178738287117,0.997864531248434,M2,150,TS
19,186,0.9976769311981306,0.9978251772207094,M2,150,TS
19,187,0.9976246500837709,0.99778666207615,M2,150,TS
19,188,0.9975481718358651,0.997755209183634,M2,150,TS
19,189,0.997464250420944,0.9977307860710287,M2,150,TS
19,190,0.9974058504213121,0.9977065552085879,M2,150,TS
19,191,0.9973498303501193,0.9976960163073876,M2,150,TS
19,192,0.9973111514638624,0.9976578733370297,M2,150,TS
19,193,0.9972846686521686,0.9975976420139031,M2,150,TS
19,194,0.9972725060212573,0.9975572993333133,M2,150,TS
19,195,0.9972586462336028,0.9974917508737875,M2,150,TS
19,196,0.9972579269779204,0.9974496224594347,M2,150,TS
19,197,0.997266220569223,0.9974101069843566,M2,150,TS
19,198,0.9972835270075077,0.9973732044485507,M2,150,TS
19,199,0.9973098462927743,0.997338914852017,M2,150,TS
19,200,0.997345178425023,0.9973072381947552,M2,150,TS
20,151,0.9973616389364621,0.9975729075659956,M2,150,TS
20,152,0.9974075197253998,0.9975603990956495,M2,150,TS
20,153,0.9974215049847107,0.997544937592752,M2,150,TS
20,154,0.997403594714395,0.997526523057303,M2,150,TS
20,155,0.9973537889144526,0.9975051554893026,M2,150,TS
20,156,0.9972720875848866,0.9974808348887537,M2,150,TS
20,157,0.9971109528470454,0.9974613003265258,M2,150,TS
20,158,0.9969958467251645,0.9974303639477039,M2,150,TS
20,159,0.9968982250774934,0.9973967440255309,M2,150,TS
20,160,0.9968057423558895,0.9973579306436432,M2,150,TS
20,161,0.9967649835522265,0.9973158016334323,M2,150,TS
20,162,0.9967462230467132,0.9972491859510111,M2,150,TS
20,163,0.9967562441604744,0.9971875420685634,M2,150,TS
20,164,0.9968197596582506,0.9971427199967947,M2,150,TS
20,165,0.9969000064872323,0.9971087626814162,M2,150,TS
20,166,0.9969981041843179,0.9970901273358063,M2,150,TS
20,167,0.9968934864706803,0.9970851665296994,M2,150,TS
20,168,0.996978171831189,0.9970939200622817,M2,150,TS
20,169,0.9968581736723161,0.9970903825159196,M2,150,TS
20,170,0.9967202675194098,0.9970903895006044,M2,150,TS
20,171,0.9966286239580148,0.9970521784658785,M2,150,TS
20,172,0.9965689094138606,0.9969844722294042,M2,150,TS
20,173,0.9966561260440131,0.9969296845072243,M2,150,TS
20,174,0.9965639000607831,0.9968843539844463,M2,150,TS
20,175,0.9964988305626201,0.9968538991847667,M2,150,TS
20,176,0.9964825142151799,0.996817956094442,M2,150,TS
20,177,0.9965271691823476,0.996803631110763,M2,150,TS
20,178,0.9966247076581672,0.9968088008017016,M2,150,TS
20,179,0.9965231349097945,0.9968200256751852,M2,150,TS
20,180,0.9964948170830299,0.9968389321229536,M2,150,TS
20,181,0.9965423828461333,0.9968414213036091,M2,150,TS
20,182,0.9965689321766831,0.9968442743594644,M2,150,TS
20,183,0.99662696643056,0.9968445099347508,M2,150,TS
20,184,0.9964687216956917,0.9968317332042038,M2,150,TS
20,185,0.9964055226886985,0.9968118861417963,M2,150,TS
20,186,0.9964305090450565,0.9967617627506211,M2,150,TS
20,187,0.9962479179393413,0.9967175103226296,M2,150,TS
20,188,0.9960964738165874,0.9966787642788685,M2,150,TS
20,189,0.9959848674786759,0.9966456586166852,M2,150,TS
20,190,0.9959041879371922,0.9966127915232759,M2,150,TS
20,191,0.9958612410572101,0.9965924810655846,M2,150,TS
20,192,0.9958008059821721,0.9965458734137174,M2,150,TS
20,193,0.9957761643512522,0.9964768093649155,M2,150,TS
20,194,0.9958041770686448,0.996426393880241,M2,150,TS
20,195,0.9958724204484426,0.9963501632403977,M2,150,TS
20,196,0.9959026605517954,0.9962982858817045,M2,150,TS
20,197,0.9959341167151717,0.9962491946020164,M2,150,TS
20,198,0.9959667889385689,0.9962028894013306,M2,150,TS
20,199,0.996000677221987,0.996159370279647,M2,150,TS
20,200,0.9960357815654259,0.9961186372369658,M2,150,TS
21,151,0.9956912339585707,0.9956488610501778,M2,150,TS
21,152,0.9956361582846758,0.9956175412731915,M2,150,TS
21,153,0.9955777660134763,0.9955825594342101,M2,150,TS
21,154,0.9955160571449724,0.9955439155332343,M2,150,TS
21,155,0.995451031679164,0.9955016095702637,M2,150,TS
21,156,0.995382689616054,0.9954556415453011,M2,150,TS
21,157,0.9953032813292844,0.9954127922652702,M2,150,TS
21,158,0.9952288312847336,0.9953595205842386,M2,150,TS
21,159,0.9951657989556684,0.9953037779415388,M2,150,TS
21,160,0.9950827836652403,0.9952434907992607,M2,150,TS
21,161,0.9950040504535111,0.9951809826873655,M2,150,TS
21,162,0.9949378275730777,0.9950940387865608,M2,150,TS
21,163,0.994872731051322,0.9950127936794848,M2,150,TS
21,164,0.9948462154708643,0.9949487797238309,M2,150,TS
21,165,0.9948455456205259,0.994895316429409,M2,150,TS
21,166,0.9948506100983525,0.9948575961705135,M2,150,TS
21,167,0.9948442953928711,0.9948287296454918,M2,150,TS
21,168,0.994858696630907,0.99481781276075,M2,150,TS
21,169,0.9948599240004905,0.9947897350688778,M2,150,TS
21,170,0.9948275598015108,0.9947656180378887,M2,150,TS
21,171,0.9947749222348143,0.9947046918668021,M2,150,TS
21,172,0.9947228452351056,0.9946149563778808,M2,150,TS
21,173,0.994660418753779,0.9945423970936141,M2,150,TS
21,174,0.9946132830160076,0.994474420838746,M2,150,TS
21,175,0.9945781416702075,0.9944215125529114,M2,150,TS
21,176,0.9945183042464286,0.994365118535034,M2,150,TS
21,177,0.994460904363839,0.9943319783432111,M2,150,TS
21,178,0.9944207553588466,0.9943193692498474,M2,150,TS
21,179,0.9943659110086336,0.994308223177705,M2,150,TS
21,180,0.9943098604053411,0.9943067738822828,M2,150,TS
21,181,0.9942479000109743,0.9942909268888904,M2,150,TS
21,182,0.9941933460671152,0.9942746829303535,M2,150,TS
21,183,0.9941428593360844,0.9942568015011158,M2,150,TS
21,184,0.9941003087097292,0.9942200645451015,M2,150,TS
21,185,0.994049879015029,0.9941786244372335,M2,150,TS
21,186,0.9939787237981907,0.994109711271327,M2,150,TS
21,187,0.9939123404758661,0.9940411157742852,M2,150,TS
21,188,0.9938302001053307,0.9939793500469748,M2,150,TS
21,189,0.9937594602523034,0.9939239900252327,M2,150,TS
21,190,0.9936779827658371,0.9938698525042972,M2,150,TS
21,191,0.9935713169909226,0.9938299662422132,M2,150,TS
21,192,0.9934749826288649,0.9937627685695004,M2,150,TS
21,193,0.9933924321192207,0.9936737479481877,M2,150,TS
21,194,0.9933409069786632,0.9936038836267669,M2,150,TS
21,195,0.9933053047706054,0.9935087569187796,M2,150,TS
21,196,0.9932830596003424,0.9934367548691292,M2,150,TS
21,197,0.9932787843572951,0.9933671087361686,M2,150,TS
21,198,0.9932924790414607,0.9932998185198955,M2,150,TS
21,199,0.9933241436528392,0.9932348842203093,M2,150,TS
21,200,0.9933737781914306,0.9931723058374103,M2,150,TS
22,151,0.9979528761834789,0.997833994362578,M2,150,TS
22,152,0.9979072381966131,0.9978249304617555,M2,150,TS
22,153,0.9978617640595299,0.9978120244945027,M2,150,TS
22,154,0.997816453772229,0.9977952764608198,M2,150,TS
22,155,0.9977713073347109,0.9977746863607067,M2,150,TS
22,156,0.9977263247469779,0.9977502541941661,M2,150,TS
22,157,0.9976623722504454,0.9977279260623699,M2,150,TS
22,158,0.9976220530829301,0.997697059706932,M2,150,TS
22,159,0.9975850693515447,0.9976624589224783,M2,150,TS
22,160,0.9975521284025106,0.9976235110387393,M2,150,TS
22,161,0.9975274650059696,0.9975821963183023,M2,150,TS
22,162,0.99750044667464,0.9975164876701741,M2,150,TS
22,163,0.9974735928424314,0.9974568191697694,M2,150,TS
22,164,0.9974506677254206,0.9974160633248825,M2,150,TS
22,165,0.9974375716473516,0.9973875954949633,M2,150,TS
22,166,0.9974409607621424,0.9973746508661016,M2,150,TS
22,167,0.9974532155137844,0.9973699439249174,M2,150,TS
22,168,0.9974715255646589,0.9973841289892236,M2,150,TS
22,169,0.9974882601035546,0.997381165648553,M2,150,TS
22,170,0.9974927470335335,0.9973827140251724,M2,150,TS
22,171,0.9974823827231087,0.997345293673525,M2,150,TS
22,172,0.9974560568032118,0.9972777962377024,M2,150,TS
22,173,0.9974282640273349,0.9972270624406256,M2,150,TS
22,174,0.9974235959318766,0.9971793770431111,M2,150,TS
22,175,0.9974112134769693,0.9971491318590926,M2,150,TS
22,176,0.9974167092627432,0.9971155524658702,M2,150,TS
22,177,0.9974104067819365,0.9971051218036939,M2,150,TS
22,178,0.9973914928461298,0.997115549319142,M2,150,TS
22,179,0.9973688547367965,0.9971283877644699,M2,150,TS
22,180,0.9973364659420498,0.9971503691076642,M2,150,TS
22,181,0.9972937885930526,0.9971563356901444,M2,150,TS
22,182,0.9972503787900733,0.9971617052639528,M2,150,TS
22,183,0.9972196642067779,0.9971634220975064,M2,150,TS
22,184,0.9971947514642006,0.997146689728826,M2,150,TS
22,185,0.9971539974562448,0.9971274540433366,M2,150,TS
22,186,0.99711660853755,0.9970800452820643,M2,150,TS
22,187,0.9970594165220095,0.9970334148650214,M2,150,TS
22,188,0.9969981574821415,0.9969928168113544,M2,150,TS
22,189,0.996932905442551,0.9969596516413851,M2,150,TS
22,190,0.9968700312810477,0.9969266481129776,M2,150,TS
22,191,0.9967969001664407,0.996908160179754,M2,150,TS
22,192,0.9967343004587343,0.9968618692556387,M2,150,TS
22,193,0.9966924120561809,0.9967922397422644,M2,150,TS
22,194,0.9966737251724511,0.9967444874173079,M2,150,TS
22,195,0.9966714083321956,0.9966697583200754,M2,150,TS
22,196,0.9966745969745014,0.9966192720139215,M2,150,TS
22,197,0.9966913347168012,0.9965714603861697,M2,150,TS
22,198,0.9967216215590917,0.996526323436817,M2,150,TS
22,199,0.9967654575013734,0.9964838611658635,M2,150,TS
22,200,0.996822842543646,0.9964440735733091,M2,150,TS
23,151,0.9957291000885199,0.9958774792073041,M2,150,TS
23,152,0.995655804722311,0.9958504835450732,M2,150,TS
23,153,0.995583265767001,0.9958196956373613,M2,150,TS
23,154,0.9955114832225899,0.9957851154841683,M2,150,TS
23,155,0.9954404570890777,0.995746743085494,M2,150,TS
23,156,0.9953701873664672,0.9957045784413417,M2,150,TS
23,157,0.9952964816511591,0.9956650943354357,M2,150,TS
23,158,0.9952337450924627,0.9956153290708533,M2,150,TS
23,159,0.9951646689343825,0.9955634826211868,M2,150,TS
23,160,0.9950886447357687,0.9955067560804147,M2,150,TS
23,161,0.9950125348933974,0.9954482105088889,M2,150,TS
23,162,0.9949454753952015,0.9953661078312107,M2,150,TS
23,163,0.9948705612965933,0.995289808325199,M2,150,TS
23,164,0.9948185960203811,0.9952308404255477,M2,150,TS
23,165,0.9947838854552487,0.9951825647501463,M2,150,TS
23,166,0.9947588975268944,0.9951494802841131,M2,150,TS
23,167,0.9947590577003345,0.9951238329662838,M2,150,TS
23,168,0.9947644068394659,0.995116529379622,M2,150,TS
23,169,0.9947660037795605,0.995091940877489,M2,150,TS
23,170,0.9947637944757017,0.995070440396457,M2,150,TS
23,171,0.9947466162556119,0.99501325809844,M2,150,TS
23,172,0.9947189951630708,0.9949283817841229,M2,150,TS
23,173,0.9946621370785891,0.994860424177749,M2,150,TS
23,174,0.9946149970545015,0.9947969859110914,M2,150,TS
23,175,0.9945695964921818,0.9947486613851036,M2,150,TS
23,176,0.9945269742307985,0.9946960581474134,M2,150,TS
23,177,0.9944802338775807,0.9946663917465284,M2,150,TS
23,178,0.99442978382032,0.9946573376185399,M2,150,TS
23,179,0.994383440304972,0.9946489765258142,M2,150,TS
23,180,0.9943415393688771,0.9946498946082586,M2,150,TS
23,181,0.9942902372324994,0.9946372307874347,M2,150,TS
23,182,0.9942375416961541,0.9946243056049013,M2,150,TS
23,183,0.9941733265295782,0.9946095983116675,M2,150,TS
23,184,0.9941300293605158,0.9945761470901506,M2,150,TS
23,185,0.9940893572924874,0.9945379447923157,M2,150,TS
23,186,0.9940361842867442,0.9944726743671246,M2,150,TS
23,187,0.9939514980828261,0.9944087022504812,M2,150,TS
23,188,0.9938687256791139,0.9943507809777804,M2,150,TS
23,189,0.9937819685524725,0.9942994260629404,M2,150,TS
23,190,0.9937040166065777,0.9942490019998228,M2,150,TS
23,191,0.9936094491179026,0.9942122612697217,M2,150,TS
23,192,0.9935086087142964,0.9941493379324079,M2,150,TS
23,193,0.9934110201584094,0.994065063718035,M2,150,TS
23,194,0.9933458424257315,0.9939998074328735,M2,150,TS
23,195,0.9932978906382908,0.9939098717695739,M2,150,TS
23,196,0.993268502233414,0.9938423336867643,M2,150,TS
23,197,0.9932555990533375,0.9937771602604681,M2,150,TS
23,198,0.9932591810980587,0.9937143514906824,M2,150,TS
23,199,0.9932792483675777,0.9936539073774074,M2,150,TS
23,200,0.9933158008618946,0.9935958279206432,M2,150,TS
26,151,0.9959505042486115,0.9958362652921389,M2,150,TS
26,152,0.9959391513915293,0.9958061854554292,M2,150,TS
26,153,0.9959235813440527,0.9957724823947682,M2,150,TS
26,154,0.9959037941061815,0.9957351561101561,M2,150,TS
26,155,0.9958797896779156,0.9956942066015927,M2,150,TS
26,156,0.9958515680592581,0.995649633869081,M2,150,TS
26,157,0.9958072894134908,0.995609123323901,M2,150,TS
26,158,0.9957666449082698,0.9955567192279696,M2,150,TS
26,159,0.9957290508396146,0.9955026829208655,M2,150,TS
26,160,0.9956855218293663,0.9954433624018495,M2,150,TS
26,161,0.9956471401855236,0.9953816028754591,M2,150,TS
26,162,0.9956172217042869,0.9952946932263419,M2,150,TS
26,163,0.9955702454172622,0.9952140102865105,M2,150,TS
26,164,0.9955319666902213,0.9951514566094639,M2,150,TS
26,165,0.9954958282837898,0.995099835991258,M2,150,TS
26,166,0.9954580497498497,0.9950646290098981,M2,150,TS
26,167,0.9954201972989694,0.9950386959905657,M2,150,TS
26,168,0.9954003162585383,0.9950307801351476,M2,150,TS
26,169,0.9953739741361689,0.9950050552964049,M2,150,TS
26,170,0.9953283702185327,0.9949826180852789,M2,150,TS
26,171,0.9952770786212812,0.9949224009065579,M2,150,TS
26,172,0.9952158335301919,0.9948331919942877,M2,150,TS
26,173,0.9951514651758169,0.9947617698594429,M2,150,TS
26,174,0.9950852331987592,0.9946960299126717,M2,150,TS
26,175,0.9950159682286617,0.994645971015016,M2,150,TS
26,176,0.994937142898188,0.9945911937483636,M2,150,TS
26,177,0.9948684720981864,0.9945602394770275,M2,150,TS
26,178,0.994824032753938,0.994550373712544,M2,150,TS
26,179,0.9947916678182149,0.9945408785150883,M2,150,TS
26,180,0.9947660354292998,0.9945414229664793,M2,150,TS
26,181,0.9947581952186065,0.9945266237137912,M2,150,TS
26,182,0.9947504723156242,0.9945120547569005,M2,150,TS
26,183,0.9947581154144762,0.9944965036929423,M2,150,TS
26,184,0.99477481366559,0.9944613525101608,M2,150,TS
26,185,0.994767935465342,0.9944214183323726,M2,150,TS
26,186,0.9947573642526486,0.994352301089173,M2,150,TS
26,187,0.9947425828269708,0.9942841697565394,M2,150,TS
26,188,0.9947137593630634,0.994223316043627,M2,150,TS
26,189,0.9947103567853216,0.9941685412105711,M2,150,TS
26,190,0.9946953152330662,0.9941152027713102,M2,150,TS
26,191,0.994681869981461,0.9940755989261395,M2,150,TS
26,192,0.9946622189775258,0.9940088350427555,M2,150,TS
26,193,0.9946446633771215,0.9939204745162452,M2,150,TS
26,194,0.9946319178289431,0.9938511218072383,M2,150,TS
26,195,0.9945965515165704,0.9937572416515519,M2,150,TS
26,196,0.9945587055634009,0.9936873596056212,M2,150,TS
26,197,0.9945147672408209,0.9936203949028379,M2,150,TS
26,198,0.994464736548828,0.9935563475431997,M2,150,TS
26,199,0.9944086134874224,0.9934952175267062,M2,150,TS
26,200,0.994346398056604,0.9934370048533575,M2,150,TS
27,151,0.9956270353333843,0.9955755389455067,M2,150,TS
27,152,0.9956308304875027,0.9955447086940791,M2,150,TS
27,153,0.9956235063981074,0.9955104254454935,M2,150,TS
27,154,0.9956050630651984,0.99547268919975,M2,150,TS
27,155,0.9955755004887756,0.9954314999568484,M2,150,TS
27,156,0.9955348186688422,0.9953868577167918,M2,150,TS
27,157,0.9954834006625471,0.9953462586137583,M2,150,TS
27,158,0.995418425360461,0.9952938466079315,M2,150,TS
27,159,0.9953565849148365,0.9952400477042821,M2,150,TS
27,160,0.9952733097356826,0.9951811940288596,M2,150,TS
27,161,0.9952144854349595,0.9951196091991454,M2,150,TS
27,162,0.9951573562046216,0.9950335902710427,M2,150,TS
27,163,0.9950850316767843,0.9949536120780208,M2,150,TS
27,164,0.9949959437697586,0.9948920979446685,M2,150,TS
27,165,0.9949210350328426,0.9948409254610907,M2,150,TS
27,166,0.9948438679446346,0.9948058838038748,M2,150,TS
27,167,0.9947548564922097,0.9947801871314139,M2,150,TS
27,168,0.9946976510250903,0.9947720770675461,M2,150,TS
27,169,0.9946473330066448,0.9947457705241434,M2,150,TS
27,170,0.9945945152930386,0.994722038552802,M2,150,TS
27,171,0.9945447834265342,0.994661504463997,M2,150,TS
27,172,0.9945075395805032,0.9945722155871997,M2,150,TS
27,173,0.9944889188554943,0.9944996824259991,M2,150,TS
27,174,0.9944763021037695,0.9944327412963878,M2,150,TS
27,175,0.9944619689353607,0.9943811134581294,M2,150,TS
27,176,0.9944689801054403,0.9943235412495678,M2,150,TS
27,177,0.9944851237885035,0.9942896248057691,M2,150,TS
27,178,0.9944910894255776,0.9942775148972319,M2,150,TS
27,179,0.9944799854294203,0.99426605782044,M2,150,TS
27,180,0.9944433259927755,0.9942654560096185,M2,150,TS
27,181,0.994388699724889,0.9942512095926304,M2,150,TS
27,182,0.9943523016714957,0.9942367836862023,M2,150,TS
27,183,0.9943249681714408,0.9942214610333855,M2,150,TS
27,184,0.99428351692634,0.9941873395475198,M2,150,TS
27,185,0.9942383398808105,0.9941477910728471,M2,150,TS
27,186,0.9942158639706631,0.9940786126019693,M2,150,TS
27,187,0.9941856942445113,0.9940106764608896,M2,150,TS
27,188,0.9941470624534154,0.9939497625048302,M2,150,TS
27,189,0.9941038359803992,0.9938954355841543,M2,150,TS
27,190,0.9940330063469403,0.9938432745669054,M2,150,TS
27,191,0.9939755654170752,0.9938042179034204,M2,150,TS
27,192,0.993924755344659,0.9937382560434153,M2,150,TS
27,193,0.9938759374482569,0.9936509934812409,M2,150,TS
27,194,0.9938333304535465,0.9935821421552435,M2,150,TS
27,195,0.9937877818081611,0.9934889109891449,M2,150,TS
27,196,0.9937337446981204,0.993419316611885,M2,150,TS
27,197,0.9936772647437789,0.99335247597067,M2,150,TS
27,198,0.9936183419451339,0.9932883890654971,M2,150,TS
27,199,0.9935569763021853,0.9932270558963667,M2,150,TS
27,200,0.9934931678149332,0.9931684764632784,M2,150,TS
28,151,0.9958768271134878,0.9955438696299814,M2,150,TS
28,152,0.9958069872774017,0.995512569787796,M2,150,TS
28,153,0.9957385062343753,0.9954774968609378,M2,150,TS
28,154,0.9956713839844086,0.9954386508494069,M2,150,TS
28,155,0.9956056205275016,0.9953960317532032,M2,150,TS
28,156,0.9955412158636568,0.9953496395723298,M2,150,TS
28,157,0.9954703721703593,0.9953070763499328,M2,150,TS
28,158,0.9954017294613472,0.9952525325510113,M2,150,TS
28,159,0.9953492965457706,0.9951961377348929,M2,150,TS
28,160,0.9952887605784829,0.9951344277414195,M2,150,TS
28,161,0.9952268306544811,0.9950705988985441,M2,150,TS
28,162,0.9951706085295687,0.9949821208665686,M2,150,TS
28,163,0.9951025837892211,0.9948996328642543,M2,150,TS
28,164,0.9950259680471947,0.9948354901927702,M2,150,TS
28,165,0.9949711867638683,0.9947815918997639,M2,150,TS
28,166,0.9949195165957059,0.9947437463567214,M2,150,TS
28,167,0.9948801619547997,0.9947146363675253,M2,150,TS
28,168,0.9948288282290081,0.9947042637992696,M2,150,TS
28,169,0.994759286893276,0.9946764035963244,M2,150,TS
28,170,0.9946900390221152,0.9946511568734225,M2,150,TS
28,171,0.9946267177461146,0.994588684659147,M2,150,TS
28,172,0.9945784560647598,0.9944971660354436,M2,150,TS
28,173,0.9945622098053123,0.9944221541499224,M2,150,TS
28,174,0.9945735190442897,0.9943520936626944,M2,150,TS
28,175,0.9946043690732354,0.9942968595995055,M2,150,TS
28,176,0.9946231319216181,0.9942367658651156,M2,150,TS
28,177,0.9946438750046789,0.9942005177693208,M2,150,TS
28,178,0.9946295992122275,0.9941867204279786,M2,150,TS
28,179,0.9945936333057059,0.9941738893638906,M2,150,TS
28,180,0.9945449739711748,0.9941715481399668,M2,150,TS
28,181,0.9944893921720652,0.9941550562549285,M2,150,TS
28,182,0.9944399381823597,0.9941386404694753,M2,150,TS
28,183,0.9944161321713652,0.9941208696247429,M2,150,TS
28,184,0.9943877023568948,0.9940840450534598,M2,150,TS
28,185,0.9943462800062939,0.9940420897529847,M2,150,TS
28,186,0.9943019638171833,0.9939712100346522,M2,150,TS
28,187,0.9942709067133846,0.9939009270537055,M2,150,TS
28,188,0.994239933611649,0.993837445318874,M2,150,TS
28,189,0.9942015542194994,0.9937807100579963,M2,150,TS
28,190,0.9941377686530268,0.9937259587581816,M2,150,TS
28,191,0.9940912929380132,0.9936843002952935,M2,150,TS
28,192,0.9940443114741453,0.9936157397178108,M2,150,TS
28,193,0.9940105493736837,0.9935255134244433,M2,150,TS
28,194,0.9939496478780393,0.9934548036655502,M2,150,TS
28,195,0.993885339415004,0.993359540094412,M2,150,TS
28,196,0.9938172778179344,0.9932879177527686,M2,150,TS
28,197,0.9937457480426715,0.9932191028600532,M2,150,TS
28,198,0.9936707500892124,0.9931530954162634,M2,150,TS
28,199,0.9935922839575569,0.993089895421399,M2,150,TS
28,200,0.9935103496477052,0.99302950287546,M2,150,TS
29,151,0.9971053161646016,0.9971599386549872,M2,150,TS
29,152,0.9970546443879883,0.997146456630319,M2,150,TS
29,153,0.9969999147314916,0.9971293242739028,M2,150,TS
29,154,0.9969411271951116,0.9971085415857387,M2,150,TS
29,155,0.9968782817788483,0.9970841085658269,M2,150,TS
29,156,0.9968113784827042,0.99705602521417,M2,150,TS
29,157,0.9967248965817403,0.9970314706046568,M2,150,TS
29,158,0.9966387616759906,0.9969962085979386,M2,150,TS
29,159,0.9965665081064645,0.9969585741462862,M2,150,TS
29,160,0.9965136282181668,0.9969152600280151,M2,150,TS
29,161,0.9964645471636396,0.9968697620347233,M2,150,TS
29,162,0.9964205732676059,0.9967999476774589,M2,150,TS
29,163,0.9963652681228199,0.9967361459887639,M2,150,TS
29,164,0.9963280237515837,0.9966900911265365,M2,150,TS
29,165,0.9963083764024314,0.9966547466064059,M2,150,TS
29,166,0.9962999252139577,0.9966350456998255,M2,150,TS
29,167,0.9962917071015146,0.9966240277625349,M2,150,TS
29,168,0.9962900129355721,0.9966313547447964,M2,150,TS
29,169,0.9963176372464052,0.9966202783602023,M2,150,TS
29,170,0.996330514478867,0.9966125622061663,M2,150,TS
29,171,0.99633957105396,0.9965677191447163,M2,150,TS
29,172,0.9963433788354059,0.9964942368528468,M2,150,TS
29,173,0.996316399630141,0.9964385077614336,M2,150,TS
29,174,0.9962795277877291,0.9963881454735725,M2,150,TS
29,175,0.996253321792555,0.9963530088680217,M2,150,TS
29,176,0.9962191139567975,0.9963136268067476,M2,150,TS
29,177,0.9961771816583925,0.9962978793554091,M2,150,TS
29,178,0.9961279864664458,0.9963034163095879,M2,150,TS
29,179,0.9960935972765861,0.9963094404605316,M2,150,TS
29,180,0.9960372576932366,0.9963257878268215,M2,150,TS
29,181,0.9959856516483765,0.9963274927196257,M2,150,TS
29,182,0.9959354462420607,0.996329091179262,M2,150,TS
29,183,0.9958692511216817,0.9963296760749893,M2,150,TS
29,184,0.9958310565509717,0.9963107707008897,M2,150,TS
29,185,0.9957945079160518,0.9962869043294574,M2,150,TS
29,186,0.9957594622723526,0.9962346652698068,M2,150,TS
29,187,0.995720506712767,0.9961831616871751,M2,150,TS
29,188,0.9956817104654498,0.9961381370643415,M2,150,TS
29,189,0.9956372887491772,0.9960999216688001,M2,150,TS
29,190,0.9955685636190378,0.9960634023727779,M2,150,TS
29,191,0.9954968102463866,0.9960405385858381,M2,150,TS
29,192,0.9954372577928832,0.9959904409603741,M2,150,TS
29,193,0.99534720467828,0.9959196383911632,M2,150,TS
29,194,0.9952711797727173,0.9958681782123782,M2,150,TS
29,195,0.9952156734143542,0.9957913633307541,M2,150,TS
29,196,0.9951853650628,0.9957373951205082,M2,150,TS
29,197,0.9951711378661893,0.9956858073484827,M2,150,TS
29,198,0.9951729918245189,0.9956366000146751,M2,150,TS
29,199,0.9951909269377889,0.9955897731190854,M2,150,TS
29,200,0.9952249432059993,0.9955453266617132,M2,150,TS
30,151,0.9786156496830348,0.9789356314952523,M2,150,TS
30,152,0.97849959995813,0.978791530931057,M2,150,TS
30,153,0.9783824134107618,0.9786438364468897,M2,150,TS
30,154,0.9782640900409304,0.9784925480427502,M2,150,TS
30,155,0.9781446298486357,0.9783376657186387,M2,150,TS
30,156,0.9780240328338803,0.978179189474558,M2,150,TS
30,157,0.9778889014610461,0.9780261460776687,M2,150,TS
30,158,0.9777682447260291,0.9778582234602697,M2,150,TS
30,159,0.9776605185831237,0.9776901157894924,M2,150,TS
30,160,0.97753377880097,0.9775160621603376,M2,150,TS
30,161,0.9774259211339003,0.9773393549458457,M2,150,TS
30,162,0.9773195538559117,0.9771390672948402,M2,150,TS
30,163,0.9771920347440073,0.9769446520686114,M2,150,TS
30,164,0.9770537208353786,0.9767675778758061,M2,150,TS
30,165,0.976874119681151,0.976600983310077,M2,150,TS
30,166,0.976676843904003,0.976450860863236,M2,150,TS
30,167,0.9764800237719291,0.976309422405056,M2,150,TS
30,168,0.9762819189345002,0.976185710496113,M2,150,TS
30,169,0.9760779184118875,0.9760440764919536,M2,150,TS
30,170,0.9758535861728687,0.9759043681594617,M2,150,TS
30,171,0.975640084719773,0.9757303421232224,M2,150,TS
30,172,0.9754444258391946,0.975529704404187,M2,150,TS
30,173,0.9752571500427585,0.975346150310466,M2,150,TS
30,174,0.9750693311365886,0.9751698321593593,M2,150,TS
30,175,0.9748969062286892,0.9750050600753005,M2,150,TS
30,176,0.9747300921460091,0.9748338607104622,M2,150,TS
30,177,0.9745758297873253,0.9746865609556238,M2,150,TS
30,178,0.9744064513106123,0.9745616075316884,M2,150,TS
30,179,0.9742581496357877,0.9744349105198442,M2,150,TS
30,180,0.9741236702127505,0.9743188179264363,M2,150,TS
30,181,0.9739996481604303,0.9741907097811769,M2,150,TS
30,182,0.9738789733217553,0.9740630308674082,M2,150,TS
30,183,0.9737841247686867,0.9739360208536519,M2,150,TS
30,184,0.9736866657990332,0.9737896529059009,M2,150,TS
30,185,0.9735904989506905,0.973634789478692,M2,150,TS
30,186,0.9734797771977106,0.9734526154584313,M2,150,TS
30,187,0.9733510233290976,0.9732717772066577,M2,150,TS
30,188,0.9731987434300009,0.9730989899263499,M2,150,TS
30,189,0.9730811593001335,0.9729307233593079,M2,150,TS
30,190,0.9729794485882934,0.9727641160823995,M2,150,TS
30,191,0.9728458590800013,0.9726110739915582,M2,150,TS
30,192,0.9727194183353756,0.9724315326590582,M2,150,TS
30,193,0.9725771072263516,0.9722332082383498,M2,150,TS
30,194,0.9724210447533566,0.9720509783888654,M2,150,TS
30,195,0.9722410586237553,0.9718475163148909,M2,150,TS
30,196,0.9720844632924925,0.9716652490458342,M2,150,TS
30,197,0.971925259507695,0.9714855206136911,M2,150,TS
30,198,0.97176344726936,0.9713083310184586,M2,150,TS
30,199,0.9715990265774874,0.9711336802601369,M2,150,TS
30,200,0.9714319974320774,0.9709615683387259,M2,150,TS
31,151,0.9975070046684483,0.9974485730361197,M2,150,TS
31,152,0.997474092201904,0.9974280944783531,M2,150,TS
31,153,0.9974387880343855,0.997403907644193,M2,150,TS
31,154,0.9974010921658929,0.9973760125336395,M2,150,TS
31,155,0.9973610045964262,0.9973444091466925,M2,150,TS
31,156,0.9973185253259879,0.9973090974833548,M2,150,TS
31,157,0.9972511507658179,0.9972782146329204,M2,150,TS
31,158,0.9971848111679518,0.9972353741365486,M2,150,TS
31,159,0.9971480978372742,0.9971898810386262,M2,150,TS
31,160,0.9971319010209514,0.9971385849138287,M2,150,TS
31,161,0.9971251197669797,0.9970843727612646,M2,150,TS
31,162,0.9971208142617026,0.997003560635831,M2,150,TS
31,163,0.9970887395225201,0.9969296009712239,M2,150,TS
31,164,0.9970490605713396,0.9968750612631697,M2,150,TS
31,165,0.9970042857558397,0.9968324298879206,M2,150,TS
31,166,0.9969578503880083,0.9968070669169795,M2,150,TS
31,167,0.9968884360628354,0.9967926215901309,M2,150,TS
31,168,0.9968279092851762,0.9967968692160274,M2,150,TS
31,169,0.9967573712929807,0.9967830042104415,M2,150,TS
31,170,0.9966948078549835,0.996772218550838,M2,150,TS
31,171,0.9966349709782729,0.9967206037280859,M2,150,TS
31,172,0.996591494356329,0.9966370456711365,M2,150,TS
31,173,0.9965419818218111,0.9965725290290518,M2,150,TS
31,174,0.9965113307933615,0.9965130466928533,M2,150,TS
31,175,0.9964791181183416,0.9964710252637611,M2,150,TS
31,176,0.9964635240505813,0.996423590013369,M2,150,TS
31,177,0.9964451825759255,0.996401075444761,M2,150,TS
31,178,0.9964224586446496,0.9964011203706906,M2,150,TS
31,179,0.9963817573715876,0.9964028780559705,M2,150,TS
31,180,0.9963609201896753,0.9964145139972944,M2,150,TS
31,181,0.9963277652487826,0.9964094733906631,M2,150,TS
31,182,0.9962946207306943,0.9964049688987366,M2,150,TS
31,183,0.9962528918134679,0.9964001721795049,M2,150,TS
31,184,0.9962236959859262,0.9963748787878408,M2,150,TS
31,185,0.9961806766368064,0.9963453944188824,M2,150,TS
31,186,0.9961562358257028,0.9962842634667286,M2,150,TS
31,187,0.9961461259271673,0.9962240150498447,M2,150,TS
31,188,0.9961059648658412,0.9961718009519769,M2,150,TS
31,189,0.9960572708541137,0.996127189214394,M2,150,TS
31,190,0.9960122097441348,0.996083212089823,M2,150,TS
31,191,0.9959512449869277,0.996054258508802,M2,150,TS
31,192,0.9959146986428828,0.9959964369260732,M2,150,TS
31,193,0.9958371791458136,0.9959169542607966,M2,150,TS
31,194,0.9957720818575309,0.9958572235938489,M2,150,TS
31,195,0.9956880636310182,0.9957709755383608,M2,150,TS
31,196,0.995610149220539,0.9957100368084016,M2,150,TS
31,197,0.9955296818882626,0.9956520234570538,M2,150,TS
31,198,0.9954466616341862,0.9955969354843148,M2,150,TS
31,199,0.9953610884583096,0.9955447728901845,M2,150,TS
31,200,0.9952729623606329,0.9954955356746626,M2,150,TS
32,151,0.9976372787513029,0.9973836023871668,M2,150,TS
32,152,0.9975859283782122,0.9973596193947334,M2,150,TS
32,153,0.997537759894991,0.9973318176401481,M2,150,TS
32,154,0.9974927733016392,0.997300197123411,M2,150,TS
32,155,0.9974509685981569,0.997264757844522,M2,150,TS
32,156,0.9974123457845467,0.9972254998034839,M2,150,TS
32,157,0.9973910714903576,0.9971884520092138,M2,150,TS
32,158,0.9973645351764251,0.997142180234614,M2,150,TS
32,159,0.9973236525734257,0.9970931240317048,M2,150,TS
32,160,0.9972787239121719,0.9970397930604011,M2,150,TS
32,161,0.9972344983995737,0.9969832172041011,M2,150,TS
32,162,0.9971726285375544,0.9968996042349709,M2,150,TS
32,163,0.9970815136859652,0.9968232827196756,M2,150,TS
32,164,0.9970228364338789,0.9967662206258586,M2,150,TS
32,165,0.9969708889751285,0.9967217167091922,M2,150,TS
32,166,0.9969182256786682,0.9966949771801452,M2,150,TS
32,167,0.9968728833104742,0.9966783766975146,M2,150,TS
32,168,0.9968603327414325,0.9966799654567844,M2,150,TS
32,169,0.9968612785135655,0.9966634501175881,M2,150,TS
32,170,0.9968686788578124,0.9966511596875692,M2,150,TS
32,171,0.9969081763848517,0.9965939356784527,M2,150,TS
32,172,0.9969420233445405,0.9965032713746894,M2,150,TS
32,173,0.9969555279992341,0.996432879158078,M2,150,TS
32,174,0.9969494042176517,0.9963676544746276,M2,150,TS
32,175,0.9969421889585828,0.996320346863211,M2,150,TS
32,176,0.9968777141211322,0.9962718605188403,M2,150,TS
32,177,0.9968280375656302,0.9962477778447688,M2,150,TS
32,178,0.9967976306524424,0.9962455726210871,M2,150,TS
32,179,0.9967544462986647,0.996246908248566,M2,150,TS
32,180,0.99670640641245,0.9962584177874053,M2,150,TS
32,181,0.9966986004560046,0.9962498704460778,M2,150,TS
32,182,0.9966953899063733,0.9962410574899557,M2,150,TS
32,183,0.996685822577861,0.9962315326048058,M2,150,TS
32,184,0.9966502949747469,0.9962025474248491,M2,150,TS
32,185,0.9966254627133584,0.996169232991674,M2,150,TS
32,186,0.9965679863271613,0.9961062832794906,M2,150,TS
32,187,0.9965344708143342,0.9960428052875863,M2,150,TS
32,188,0.9964988250717449,0.9959866119889427,M2,150,TS
32,189,0.996472074794096,0.9959383829343883,M2,150,TS
32,190,0.9964329443745374,0.9958899574647507,M2,150,TS
32,191,0.9964071385563611,0.9958566579270542,M2,150,TS
32,192,0.99638051035617,0.9957932971276977,M2,150,TS
32,193,0.9963321543374705,0.9957071460521738,M2,150,TS
32,194,0.9962579876875047,0.9956442407504746,M2,150,TS
32,195,0.9961316823678599,0.9955539924275583,M2,150,TS
32,196,0.9960397422901545,0.9954894433700422,M2,150,TS
32,197,0.9959416583034034,0.9954281991421461,M2,150,TS
32,198,0.9958374304076035,0.9953702597438674,M2,150,TS
32,199,0.9957270586027549,0.9953156251752062,M2,150,TS
32,200,0.9956105428888574,0.9952642954361621,M2,150,TS
33,151,0.9971866038348991,0.997221429822567,M2,150,TS
33,152,0.9971771882546973,0.9972038795374203,M2,150,TS
33,153,0.9971627874329976,0.9971827071863586,M2,150,TS
33,154,0.9971434013697998,0.9971579127693816,M2,150,TS
33,155,0.9971190300651044,0.9971294962864897,M2,150,TS
33,156,0.9970896735189142,0.9970974577376854,M2,150,TS
33,157,0.9970750525561606,0.9970680445076282,M2,150,TS
33,158,0.9970425841341679,0.9970284785934181,M2,150,TS
33,159,0.9969901285945653,0.9969873448392678,M2,150,TS
33,160,0.9969343104870382,0.9969411770784838,M2,150,TS
33,161,0.9968498712257743,0.996893570119636,M2,150,TS
33,162,0.9967605827944513,0.9968215990034787,M2,150,TS
33,163,0.9966678050407587,0.996755506117282,M2,150,TS
33,164,0.996574105338067,0.9967078185244728,M2,150,TS
33,165,0.996518019421148,0.9966704325501332,M2,150,TS
33,166,0.9965124608595439,0.9966478232714255,M2,150,TS
33,167,0.9965141825532565,0.9966338667239544,M2,150,TS
33,168,0.9965348749456002,0.996637971088997,M2,150,TS
33,169,0.9965777630163406,0.9966238266067657,M2,150,TS
33,170,0.9966255238746355,0.9966126445575613,M2,150,TS
33,171,0.996656957677011,0.9965640579928747,M2,150,TS
33,172,0.9966550091253424,0.9964871512983382,M2,150,TS
33,173,0.9966137619288136,0.9964285034375204,M2,150,TS
33,174,0.9965502000997162,0.996375535957801,M2,150,TS
33,175,0.9964746392831506,0.9963385774427015,M2,150,TS
33,176,0.9964297188078007,0.9962965000218122,M2,150,TS
33,177,0.9963524304473172,0.996278851172477,M2,150,TS
33,178,0.9963035782007477,0.9962816852418555,M2,150,TS
33,179,0.9962833687753415,0.9962848296905648,M2,150,TS
33,180,0.996263535279786,0.9962977639370793,M2,150,TS
33,181,0.9962624508250876,0.9962952976781738,M2,150,TS
33,182,0.9962451407180266,0.996293188642435,M2,150,TS
33,183,0.9962085193003893,0.9962902454920142,M2,150,TS
33,184,0.9961343369655,0.9962693806931348,M2,150,TS
33,185,0.9960713222389226,0.9962433467570978,M2,150,TS
33,186,0.9959977556922955,0.9961890501771423,M2,150,TS
33,187,0.9959310026846178,0.996135161854687,M2,150,TS
33,188,0.9958913374269002,0.9960871243706985,M2,150,TS
33,189,0.9958676527629517,0.9960454649102681,M2,150,TS
33,190,0.9958287970002899,0.9960051381614482,M2,150,TS
33,191,0.9958101939978872,0.9959780237544813,M2,150,TS
33,192,0.9957553463743947,0.9959246530948557,M2,150,TS
33,193,0.9956676125809258,0.9958504977437117,M2,150,TS
33,194,0.9955510426928489,0.9957970266185586,M2,150,TS
33,195,0.9954382903886538,0.9957182937700535,M2,150,TS
33,196,0.9953639686455392,0.9956623270538576,M2,150,TS
33,197,0.9952958060850953,0.9956090230738813,M2,150,TS
33,198,0.995233802707319,0.9955583818301222,M2,150,TS
33,199,0.9951779585122102,0.99551040332258,M2,150,TS
33,200,0.9951282734997692,0.9954650875512547,M2,150,TS
34,151,0.9966019173591216,0.9963914878275013,M2,150,TS
34,152,0.9965375109004615,0.9963563590472708,M2,150,TS
34,153,0.9964763859472371,0.9963174164194097,M2,150,TS
34,154,0.9964185424994484,0.9962746599439182,M2,150,TS
34,155,0.9963639805570954,0.9962280896207961,M2,150,TS
34,156,0.9963127001201811,0.9961777054500464,M2,150,TS
34,157,0.9962666149512827,0.9961305565762351,M2,150,TS
34,158,0.9962313772546405,0.9960719184809342,M2,150,TS
34,159,0.9961944141671855,0.9960114879694286,M2,150,TS
34,160,0.9961536486065649,0.9959459050768178,M2,150,TS
34,161,0.9961014414646291,0.9958782471973725,M2,150,TS
34,162,0.9960531997214542,0.9957854902337828,M2,150,TS
34,163,0.9959737831291746,0.9956993727999552,M2,150,TS
34,164,0.9958895801595637,0.9956318687285558,M2,150,TS
34,165,0.9958105437270061,0.9955754140822987,M2,150,TS
34,166,0.9957351350167742,0.9955352679625676,M2,150,TS
34,167,0.9956700869728872,0.9955040595642245,M2,150,TS
34,168,0.9956347533603704,0.9954905966903926,M2,150,TS
34,169,0.9956246217533973,0.9954586623274851,M2,150,TS
34,170,0.9956381439208416,0.9954291221188369,M2,150,TS
34,171,0.9956591928566096,0.9953609785375327,M2,150,TS
34,172,0.9956785063282084,0.9952633271592163,M2,150,TS
34,173,0.9956721182871628,0.9951840893535535,M2,150,TS
34,174,0.9956474420670414,0.9951107331883617,M2,150,TS
34,175,0.9956137090233086,0.9950532940480219,M2,150,TS
34,176,0.9955610584346923,0.9949918315450598,M2,150,TS
34,177,0.9955001619276789,0.9949545692381435,M2,150,TS
34,178,0.9954384586761857,0.9949389503662694,M2,150,TS
34,179,0.9953924389841059,0.9949239758674975,M2,150,TS
34,180,0.9953774793924586,0.9949182914663846,M2,150,TS
34,181,0.995351102307958,0.994897711845388,M2,150,TS
34,182,0.9953200941072107,0.9948773353322063,M2,150,TS
34,183,0.9952827946572366,0.994856362616443,M2,150,TS
34,184,0.9952469365732137,0.9948160742109748,M2,150,TS
34,185,0.9952154748524293,0.9947704390495827,M2,150,TS
34,186,0.9951500523424563,0.9946966303191775,M2,150,TS
34,187,0.9950793958477373,0.9946236139132103,M2,150,TS
34,188,0.9949994423017487,0.9945576826331272,M2,150,TS
34,189,0.9949363986368576,0.9944981921156838,M2,150,TS
34,190,0.9948937771697592,0.9944390832419554,M2,150,TS
34,191,0.9948373823582575,0.9943942256581877,M2,150,TS
34,192,0.9947845605225776,0.9943217053760995,M2,150,TS
34,193,0.9947197686923281,0.994227841747897,M2,150,TS
34,194,0.9946657853548242,0.9941533317589588,M2,150,TS
34,195,0.9946061635654042,0.9940535850871469,M2,150,TS
34,196,0.9945227695739276,0.9939785257306183,M2,150,TS
34,197,0.9944266437355376,0.9939066045124741,M2,150,TS
34,198,0.9943177860502315,0.9938378214327118,M2,150,TS
34,199,0.9941961965180095,0.9937721764913312,M2,150,TS
34,200,0.9940618751388715,0.9937096696883324,M2,150,TS
35,151,0.9708355022098698,0.9714990629684166,M2,150,TS
35,152,0.9706232971273814,0.9713167040928342,M2,150,TS
35,153,0.9704123482237726,0.9711299922385463,M2,150,TS
35,154,0.9702026554990436,0.9709389274055531,M2,150,TS
35,155,0.9699942189531942,0.9707435095938546,M2,150,TS
35,156,0.9697870385862275,0.9705437388034536,M2,150,TS
35,157,0.9696018384489045,0.9703781546103458,M2,150,TS
35,158,0.9694066902960077,0.9701326236393885,M2,150,TS
35,159,0.9691907774375861,0.9699202271565932,M2,150,TS
35,160,0.9689591770683395,0.9696899728480813,M2,150,TS
35,161,0.9687235971385736,0.9694562507708019,M2,150,TS
35,162,0.9684909954576939,0.9691853660151465,M2,150,TS
35,163,0.9682610436433141,0.9689215641131508,M2,150,TS
35,164,0.9680052315499246,0.968673613489937,M2,150,TS
35,165,0.9677421144430958,0.9684168783190555,M2,150,TS
35,166,0.9674688810330241,0.9681788262747666,M2,150,TS
35,167,0.9672224793203906,0.967959842729779,M2,150,TS
35,168,0.9669587291419212,0.9677600205454873,M2,150,TS
35,169,0.9667118424950825,0.9675193659624188,M2,150,TS
35,170,0.9664732953879875,0.9672619640562866,M2,150,TS
35,171,0.9662483939751392,0.9669896412472981,M2,150,TS
35,172,0.9660367604950058,0.9667057084747466,M2,150,TS
35,173,0.9658361031352474,0.9664388990892578,M2,150,TS
35,174,0.9657179820200885,0.9661954914699301,M2,150,TS
35,175,0.965398903063109,0.9659936441711191,M2,150,TS
35,176,0.9651107695513601,0.9657316370544743,M2,150,TS
35,177,0.9648586894584708,0.9655084197417398,M2,150,TS
35,178,0.9646059517150842,0.9653313069608652,M2,150,TS
35,179,0.9643882166997789,0.9651182140493956,M2,150,TS
35,180,0.9641961006035364,0.9649304282991716,M2,150,TS
35,181,0.9640272715349796,0.9647528253547928,M2,150,TS
35,182,0.9638750604309148,0.9645837652157989,M2,150,TS
35,183,0.9637616535848109,0.9644266549472702,M2,150,TS
35,184,0.9636730702771008,0.9642368201504035,M2,150,TS
35,185,0.9633928104139688,0.9640453494099972,M2,150,TS
35,186,0.9632178864531746,0.9637684860070042,M2,150,TS
35,187,0.9630336907275205,0.9635176982152958,M2,150,TS
35,188,0.9628495860100664,0.963288962767125,M2,150,TS
35,189,0.9626592852063421,0.9630550413777472,M2,150,TS
35,190,0.9624863981906412,0.9628392501404099,M2,150,TS
35,191,0.9622996622069035,0.9626408400945066,M2,150,TS
35,192,0.962078092225616,0.9624180810213107,M2,150,TS
35,193,0.9618665865112527,0.9621758149166159,M2,150,TS
35,194,0.9616412548576915,0.9619174003755646,M2,150,TS
35,195,0.9614358471356016,0.9616450873320589,M2,150,TS
35,196,0.961201517627503,0.9613962862074126,M2,150,TS
35,197,0.9609579285332599,0.9611474897746949,M2,150,TS
35,198,0.9607050798528697,0.9608986980339033,M2,150,TS
35,199,0.9604429715863324,0.9606499109850378,M2,150,TS
35,200,0.960171603733648,0.9604011286280983,M2,150,TS
36,151,0.997249712584255,0.997369008361873,M2,150,TS
36,152,0.9972154172762042,0.9973456900587099,M2,150,TS
36,153,0.9971789995152929,0.9973186833666465,M2,150,TS
36,154,0.997140459301521,0.9972879882856829,M2,150,TS
36,155,0.9970997966348885,0.9972536048158188,M2,150,TS
36,156,0.9970570115153978,0.9972155329570574,M2,150,TS
36,157,0.9970046579680047,0.9971807706627296,M2,150,TS
36,158,0.9969686482206144,0.9971349101687209,M2,150,TS
36,159,0.9969200563535524,0.9970873082079997,M2,150,TS
36,160,0.9968715066573071,0.9970345784330777,M2,150,TS
36,161,0.9968318000074382,0.996979373023439,M2,150,TS
36,162,0.9967904456524606,0.9968995958912964,M2,150,TS
36,163,0.9967450065973904,0.996825726866608,M2,150,TS
36,164,0.9967075419568214,0.9967700678655639,M2,150,TS
36,165,0.9966555579475133,0.9967260570909466,M2,150,TS
36,166,0.9966267509321522,0.9966976284663753,M2,150,TS
36,167,0.9966098276094819,0.9966778111864188,M2,150,TS
36,168,0.9966018768888933,0.9966762969023207,M2,150,TS
36,169,0.9966004306907286,0.9966569489173218,M2,150,TS
36,170,0.9966146833399203,0.9966402929481522,M2,150,TS
36,171,0.9966077477621891,0.9965861541448662,M2,150,TS
36,172,0.9965977539307403,0.9965027881746479,M2,150,TS
36,173,0.9965661319046721,0.9964373380640639,M2,150,TS
36,174,0.9965214777919699,0.9963773695424968,M2,150,TS
36,175,0.9964777629581296,0.9963330374473585,M2,150,TS
36,176,0.996440912402908,0.996284246070227,M2,150,TS
36,177,0.9964186146922284,0.9962587385356177,M2,150,TS
36,178,0.9963857116732568,0.9962548086834656,M2,150,TS
36,179,0.9963546063483819,0.9962519503915424,M2,150,TS
36,180,0.9963288634558722,0.9962588095777729,M2,150,TS
36,181,0.9962965688704892,0.9962508334382423,M2,150,TS
36,182,0.9962635886832707,0.9962428179921895,M2,150,TS
36,183,0.9962031674673537,0.9962343052087429,M2,150,TS
36,184,0.9961471767957017,0.9962066997219562,M2,150,TS
36,185,0.9960972067689576,0.996173971120559,M2,150,TS
36,186,0.9960463413731708,0.9961126672015526,M2,150,TS
36,187,0.9960026784920379,0.9960517392842272,M2,150,TS
36,188,0.9959544592063156,0.9959975532348729,M2,150,TS
36,189,0.9959250300627196,0.9959497158940533,M2,150,TS
36,190,0.9958922274711572,0.9959028560230765,M2,150,TS
36,191,0.9958293886066625,0.9958705571130714,M2,150,TS
36,192,0.995765335483495,0.9958109542674048,M2,150,TS
36,193,0.9957003148226707,0.9957297367749752,M2,150,TS
36,194,0.995627391698584,0.9956686282563206,M2,150,TS
36,195,0.9955403124399587,0.9955826527657428,M2,150,TS
36,196,0.9954805586967708,0.9955198293873411,M2,150,TS
36,197,0.9954264714940575,0.9954596877781652,M2,150,TS
36,198,0.9953780508318164,0.9954022279382123,M2,150,TS
36,199,0.9953352967100472,0.9953474498674826,M2,150,TS
36,200,0.99529820912875,0.9952953535659759,M2,150,TS
37,151,0.9965019333152146,0.9964053496055688,M2,150,TS
37,152,0.9964694571575795,0.9963761295446036,M2,150,TS
37,153,0.9964398339062805,0.9963430937668935,M2,150,TS
37,154,0.9964130635613178,0.9963062422724382,M2,150,TS
37,155,0.996389146122691,0.996265575061238,M2,150,TS
37,156,0.9963680815904032,0.9962210921332958,M2,150,TS
37,157,0.9963490586328874,0.996180138330449,M2,150,TS
37,158,0.9963269375888311,0.9961275015519693,M2,150,TS
37,159,0.9963303170404907,0.9960726794169231,M2,150,TS
37,160,0.9963080238439647,0.9960130528182483,M2,150,TS
37,161,0.9962673245878804,0.9959517440468901,M2,150,TS
37,162,0.9962214526435222,0.9958660469958635,M2,150,TS
37,163,0.9961879055001555,0.9957857314796682,M2,150,TS
37,164,0.9961306701770047,0.995724202691326,M2,150,TS
37,165,0.9960900900021823,0.9956731256278409,M2,150,TS
37,166,0.9960432487407358,0.9956383542267347,M2,150,TS
37,167,0.9959854509066499,0.9956129134452533,M2,150,TS
37,168,0.9959160561365994,0.9956062295541706,M2,150,TS
37,169,0.9958569802074928,0.9955813447488113,M2,150,TS
37,170,0.9957662455489219,0.9955599725957365,M2,150,TS
37,171,0.9956880683713041,0.9955010660389436,M2,150,TS
37,172,0.9956080782198464,0.9954134467885877,M2,150,TS
37,173,0.9955606775176998,0.9953423151978091,M2,150,TS
37,174,0.9955120785466457,0.9952768051194305,M2,150,TS
37,175,0.9954808803524499,0.9952262538806972,M2,150,TS
37,176,0.9954506177027564,0.995170608006078,M2,150,TS
37,177,0.9954183536983681,0.9951388829650339,M2,150,TS
37,178,0.9953932966323247,0.9951284845362889,M2,150,TS
37,179,0.9953923610878223,0.9951179490165892,M2,150,TS
37,180,0.9953868675599784,0.9951176493817664,M2,150,TS
37,181,0.9953917461635877,0.9951026441845386,M2,150,TS
37,182,0.9953901312199135,0.9950880117945942,M2,150,TS
37,183,0.9953922860863642,0.9950725033726882,M2,150,TS
37,184,0.9953880099067464,0.9950380094434944,M2,150,TS
37,185,0.9953666373421521,0.9949985867726607,M2,150,TS
37,186,0.9953484354532294,0.9949301059341978,M2,150,TS
37,187,0.9953073394789067,0.9948631282150293,M2,150,TS
37,188,0.995273999357108,0.9948027247639154,M2,150,TS
37,189,0.9952529182455478,0.9947485961916334,M2,150,TS
37,190,0.9952391298196135,0.9946955508249201,M2,150,TS
37,191,0.9952192158360047,0.9946562440775031,M2,150,TS
37,192,0.9951923431644915,0.9945901584674777,M2,150,TS
37,193,0.9951508934552221,0.9945030657545245,M2,150,TS
37,194,0.9951104389407375,0.9944349158437709,M2,150,TS
37,195,0.9950618088287271,0.9943422413905885,M2,150,TS
37,196,0.9950154554714992,0.9942731051568154,M2,150,TS
37,197,0.9949659312192999,0.994206784169057,M2,150,TS
37,198,0.9949132360721268,0.99414327842731,M2,150,TS
37,199,0.9948573700299796,0.994082587931575,M2,150,TS
37,200,0.9947983330928587,0.9940247126818518,M2,150,TS
38,151,0.9957616051958313,0.9956123032540513,M2,150,TS
38,152,0.9957314885866928,0.9955793257757991,M2,150,TS
38,153,0.9956977925023123,0.9955427066942062,M2,150,TS
38,154,0.9956605169426898,0.9955024460092726,M2,150,TS
38,155,0.9956196619078251,0.9954585437209982,M2,150,TS
38,156,0.9955752273977213,0.995410999829386,M2,150,TS
38,157,0.995517725820833,0.9953676105867857,M2,150,TS
38,158,0.9954758179475978,0.99531159915368,M2,150,TS
38,159,0.9954175219782051,0.9952547220805995,M2,150,TS
38,160,0.9953551016070327,0.9951923469242812,M2,150,TS
38,161,0.9952977811612724,0.9951276680477045,M2,150,TS
38,162,0.995246280565976,0.9950382549122262,M2,150,TS
38,163,0.9951586356592749,0.9949554738378869,M2,150,TS
38,164,0.9951154528594421,0.9948896307938055,M2,150,TS
38,165,0.9950728276894184,0.9948345053221905,M2,150,TS
38,166,0.995010355410051,0.994796085028378,M2,150,TS
38,167,0.9949492371241941,0.994766768861003,M2,150,TS
38,168,0.99489873483081,0.994755589318009,M2,150,TS
38,169,0.9948311133460985,0.9947268189595561,M2,150,TS
38,170,0.9947797067112059,0.9947001606684763,M2,150,TS
38,171,0.9947423196694258,0.9946360891318323,M2,150,TS
38,172,0.9947108050433706,0.9945432275921626,M2,150,TS
38,173,0.9946636353875244,0.9944682020346378,M2,150,TS
38,174,0.994657435315007,0.994397891021464,M2,150,TS
38,175,0.9946163200821012,0.9943438029031803,M2,150,TS
38,176,0.9945635421509662,0.9942846759331204,M2,150,TS
38,177,0.9945123286934071,0.9942495187023481,M2,150,TS
38,178,0.994482655603657,0.9942354484121829,M2,150,TS
38,179,0.9944475380670142,0.9942218144410239,M2,150,TS
38,180,0.9944229988510738,0.9942181590750693,M2,150,TS
38,181,0.9944114191621523,0.9941998770330533,M2,150,TS
38,182,0.9944013437157788,0.9941818598923929,M2,150,TS
38,183,0.9943943144262715,0.9941632338202925,M2,150,TS
38,184,0.9943870807893128,0.9941253412741069,M2,150,TS
38,185,0.9943619197701409,0.9940823293382568,M2,150,TS
38,186,0.9943227201029492,0.9940105204379643,M2,150,TS
38,187,0.994280183636803,0.9939398139904466,M2,150,TS
38,188,0.9942522730164449,0.9938756009836494,M2,150,TS
38,189,0.9942057797002883,0.9938184063699125,M2,150,TS
38,190,0.9941749225780376,0.9937621879438951,M2,150,TS
38,191,0.994129637167771,0.9937198882588586,M2,150,TS
38,192,0.9940975782722441,0.9936503172088683,M2,150,TS
38,193,0.9940748424827945,0.993559206762673,M2,150,TS
38,194,0.9940430654684789,0.9934869525125132,M2,150,TS
38,195,0.9940006965541017,0.9933903692487238,M2,150,TS
38,196,0.9939635377769642,0.993317209980588,M2,150,TS
38,197,0.9939239104037666,0.9932468163630682,M2,150,TS
38,198,0.9938818144345062,0.9931791883961619,M2,150,TS
38,199,0.9938372498691831,0.9931143260798688,M2,150,TS
38,200,0.9937902167077972,0.993052229414189,M2,150,TS
39,151,0.9963574403415492,0.9962631744104598,M2,150,TS
39,152,0.996353290468323,0.9962333613302006,M2,150,TS
39,153,0.9963444413085677,0.9961999285931603,M2,150,TS
39,154,0.9963308928622834,0.9961628761993393,M2,150,TS
39,155,0.9963126451294702,0.9961222041487373,M2,150,TS
39,156,0.9962896981101308,0.9960779124413572,M2,150,TS
39,157,0.9962768814564616,0.9960369567102988,M2,150,TS
39,158,0.9962295965129782,0.9959851067890292,M2,150,TS
39,159,0.9961887871727668,0.9959315675824398,M2,150,TS
39,160,0.9961388330502872,0.9958727928034253,M2,150,TS
39,161,0.9960731172070513,0.995812250096461,M2,150,TS
39,162,0.9960101213009693,0.9957270519850655,M2,150,TS
39,163,0.9959407775621505,0.9956477331154222,M2,150,TS
39,164,0.995878287487367,0.9955864331559844,M2,150,TS
39,165,0.9958217094252739,0.9955358844366651,M2,150,TS
39,166,0.9957802971131517,0.9955011170561544,M2,150,TS
39,167,0.9957491206649087,0.9954751713189672,M2,150,TS
39,168,0.9956819899380198,0.9954686254537828,M2,150,TS
39,169,0.9956358415834612,0.9954435851321135,M2,150,TS
39,170,0.9955743813304425,0.9954216410527059,M2,150,TS
39,171,0.9955257329178193,0.9953620610017239,M2,150,TS
39,172,0.9954619622934731,0.9952740388335122,M2,150,TS
39,173,0.9953932725035084,0.9952035299103276,M2,150,TS
39,174,0.9953317442083038,0.9951384320640468,M2,150,TS
39,175,0.9952782396401894,0.9950885952132509,M2,150,TS
39,176,0.9952585564141607,0.9950327974786074,M2,150,TS
39,177,0.9952490913304128,0.9950006370430401,M2,150,TS
39,178,0.9952389070998324,0.9949900427856251,M2,150,TS
39,179,0.9952445850123981,0.9949795408422573,M2,150,TS
39,180,0.995240531360887,0.9949794224184066,M2,150,TS
39,181,0.9952654081091292,0.994964048176371,M2,150,TS
39,182,0.9952754394088805,0.9949492780619495,M2,150,TS
39,183,0.9952528450274649,0.9949345959648219,M2,150,TS
39,184,0.9952040294629767,0.9949014076487946,M2,150,TS
39,185,0.9951497904330678,0.9948630032513975,M2,150,TS
39,186,0.9951076198115687,0.9947952345238917,M2,150,TS
39,187,0.9950651776776813,0.9947283963879618,M2,150,TS
39,188,0.9950292632179354,0.9946681836689867,M2,150,TS
39,189,0.9949990144187859,0.9946144381235055,M2,150,TS
39,190,0.994984468705969,0.9945615472016798,M2,150,TS
39,191,0.9949674942590508,0.9945223268859866,M2,150,TS
39,192,0.9949598776911504,0.9944558691394045,M2,150,TS
39,193,0.9949086887452074,0.9943691212794691,M2,150,TS
39,194,0.9948566434741339,0.9943013799875603,M2,150,TS
39,195,0.994799861941839,0.9942089631635257,M2,150,TS
39,196,0.9947478343048466,0.9941400733447006,M2,150,TS
39,197,0.9946936752627935,0.9940739735113552,M2,150,TS
39,198,0.9946373848156764,0.9940106636634866,M2,150,TS
39,199,0.9945789629634956,0.9939501438010948,M2,150,TS
39,200,0.9945184097062508,0.9938924139241799,M2,150,TS
40,151,0.9953831006663316,0.995221519150639,M2,150,TS
40,152,0.9953330774859964,0.995189772552004,M2,150,TS
40,153,0.9952835404600852,0.9951542751535918,M2,150,TS
40,154,0.9952344895885978,0.9951150269554023,M2,150,TS
40,155,0.9951859248715346,0.9950720279574354,M2,150,TS
40,156,0.9951378463088982,0.995025278159694,M2,150,TS
40,157,0.9950805073396478,0.9949825513157124,M2,150,TS
40,158,0.9950541152203669,0.9949268209448273,M2,150,TS
40,159,0.9950151151740124,0.9948701469436327,M2,150,TS
40,160,0.9949616579676177,0.9948082175094767,M2,150,TS
40,161,0.9948982699801885,0.9947444567386767,M2,150,TS
40,162,0.9948320701212855,0.9946564283395404,M2,150,TS
40,163,0.9947711537851458,0.9945738931679019,M2,150,TS
40,164,0.9947117690991782,0.9945093088565135,M2,150,TS
40,165,0.9946437156116984,0.9944556116648667,M2,150,TS
40,166,0.9946040810590954,0.9944172271515599,M2,150,TS
40,167,0.9945404469175276,0.9943884745292286,M2,150,TS
40,168,0.994489273450111,0.9943777861544797,M2,150,TS
40,169,0.9944087959918204,0.9943498472809187,M2,150,TS
40,170,0.9943606159345549,0.9943235490799426,M2,150,TS
40,171,0.9943027934482462,0.9942608898377713,M2,150,TS
40,172,0.9942370243590861,0.9941700983062993,M2,150,TS
40,173,0.9941864603429431,0.9940961261880382,M2,150,TS
40,174,0.9941424189719154,0.9940277605122435,M2,150,TS
40,175,0.994084045935502,0.9939749452584876,M2,150,TS
40,176,0.9940442907234149,0.9939162395847759,M2,150,TS
40,177,0.99398300185936,0.9938819726580472,M2,150,TS
40,178,0.9939455653313475,0.9938686186174807,M2,150,TS
40,179,0.993897883736213,0.9938557059594332,M2,150,TS
40,180,0.9938809764633703,0.993852198708085,M2,150,TS
40,181,0.993867412710985,0.9938345822397933,M2,150,TS
40,182,0.9938378210274617,0.993817672218709,M2,150,TS
40,183,0.9938169330905469,0.9937999106702977,M2,150,TS
40,184,0.9937849614041945,0.9937632862458701,M2,150,TS
40,185,0.9937531358718621,0.9937210704477926,M2,150,TS
40,186,0.9937016437227479,0.9936503810281513,M2,150,TS
40,187,0.9936343383680255,0.9935811338498449,M2,150,TS
40,188,0.9935834721537211,0.9935182638568079,M2,150,TS
40,189,0.9935213380139362,0.9934621257944729,M2,150,TS
40,190,0.9934801304924306,0.9934069173088191,M2,150,TS
40,191,0.993460688711081,0.9933645621176735,M2,150,TS
40,192,0.9934348858232696,0.9932956689540179,M2,150,TS
40,193,0.9934229719629553,0.9932052260708851,M2,150,TS
40,194,0.9934009596290998,0.9931335435440101,M2,150,TS
40,195,0.9933829130142435,0.9930373847825307,M2,150,TS
40,196,0.9933333345816867,0.992965400429172,M2,150,TS
40,197,0.9932680833832516,0.992896505412564,M2,150,TS
40,198,0.9931871594189354,0.9928306997327038,M2,150,TS
40,199,0.9930905626887382,0.9927679833895915,M2,150,TS
40,200,0.99297829319266,0.992708356383227,M2,150,TS
41,151,0.951598607292844,0.9514633773628703,M2,150,TS
41,152,0.9515839731665083,0.9514408930261521,M2,150,TS
41,153,0.9515642639722455,0.9514147709375148,M2,150,TS
41,154,0.9515394797100556,0.9513850110969583,M2,150,TS
41,155,0.9515096203799385,0.9513516135044828,M2,150,TS
41,156,0.951474685981897,0.9513145781600911,M2,150,TS
41,157,0.9514467482045401,0.9512827725465617,M2,150,TS
41,158,0.9513977172622143,0.9512332248867593,M2,150,TS
41,159,0.9513393239905696,0.9511883286734615,M2,150,TS
41,160,0.9512718178510781,0.951134321581026,M2,150,TS
41,161,0.9512134525564208,0.9510831349543183,M2,150,TS
41,162,0.9511601214239438,0.9510230363522929,M2,150,TS
41,163,0.9511114946643091,0.950964734751432,M2,150,TS
41,164,0.9510459066440382,0.9509159411621692,M2,150,TS
41,165,0.950970647487851,0.9508703038591864,M2,150,TS
41,166,0.9508948783874822,0.9508322563399856,M2,150,TS
41,167,0.9508373543099728,0.9507946016680576,M2,150,TS
41,168,0.9507653222569077,0.9507730205862974,M2,150,TS
41,169,0.9506997511923869,0.9507337934761816,M2,150,TS
41,170,0.9506518323353155,0.9506897234825317,M2,150,TS
41,171,0.9506133336690601,0.9506408850798898,M2,150,TS
41,172,0.9505766312525721,0.9505866651182019,M2,150,TS
41,173,0.950528812222479,0.9505372222256848,M2,150,TS
41,174,0.9504990071931514,0.9504954272054422,M2,150,TS
41,175,0.9504861710545475,0.9504558463701364,M2,150,TS
41,176,0.9504689781359765,0.950403300501107,M2,150,TS
41,177,0.9504820488997714,0.9503674761874479,M2,150,TS
41,178,0.9504747038808106,0.950347960929642,M2,150,TS
41,179,0.9504855617072812,0.9503172963430747,M2,150,TS
41,180,0.9504894859036759,0.9502959837187125,M2,150,TS
41,181,0.9504787474032959,0.9502826565777613,M2,150,TS
41,182,0.9504419826744268,0.9502704291474036,M2,150,TS
41,183,0.9503949639557345,0.9502559878872326,M2,150,TS
41,184,0.9503490039116838,0.9502288234778212,M2,150,TS
41,185,0.9503129665844903,0.9501905525579719,M2,150,TS
41,186,0.9502840169727509,0.9501341024146575,M2,150,TS
41,187,0.9502640236001179,0.9500801394819784,M2,150,TS
41,188,0.9502380497225067,0.9500298983758411,M2,150,TS
41,189,0.9502292473568318,0.9499782720825407,M2,150,TS
41,190,0.950223016966488,0.9499353354248575,M2,150,TS
41,191,0.9501915820656899,0.9498976844439536,M2,150,TS
41,192,0.950149381323365,0.9498477096420531,M2,150,TS
41,193,0.9501026633572887,0.9497860842658343,M2,150,TS
41,194,0.9500487101607329,0.9497297371252997,M2,150,TS
41,195,0.9499903168890882,0.9496679159355111,M2,150,TS
41,196,0.9499352707248835,0.9496145066355126,M2,150,TS
41,197,0.9498770387872002,0.9495623014509209,M2,150,TS
41,198,0.9498156210760353,0.949511300381733,M2,150,TS
41,199,0.9497510175913891,0.9494615034279491,M2,150,TS
41,200,0.9496832283332616,0.9494129105895693,M2,150,TS
42,151,0.99757989857869,0.9973920069917707,M2,150,TS
42,152,0.9975462598566585,0.9973749472489977,M2,150,TS
42,153,0.9975156454538209,0.9973540549824526,M2,150,TS
42,154,0.9974880553701774,0.997329330192135,M2,150,TS
42,155,0.9974634896057281,0.9973007728780453,M2,150,TS
42,156,0.9974419481604756,0.9972683830401861,M2,150,TS
42,157,0.9974312305921538,0.9972393609637605,M2,150,TS
42,158,0.9974194423318247,0.9971984390372729,M2,150,TS
42,159,0.9974001624871094,0.9971562217155991,M2,150,TS
42,160,0.9973858136495678,0.9971083660413681,M2,150,TS
42,161,0.9973546936071599,0.9970588104380452,M2,150,TS
42,162,0.9973143402315453,0.99698490915188,M2,150,TS
42,163,0.9972663005607596,0.9969169202960688,M2,150,TS
42,164,0.9972202464618987,0.9968670746864451,M2,150,TS
42,165,0.9971659158507991,0.9968283708720398,M2,150,TS
42,166,0.9971147069142859,0.9968057548276678,M2,150,TS
42,167,0.9970557866918204,0.9967924766212147,M2,150,TS
42,168,0.9969984693563547,0.9967976692413596,M2,150,TS
42,169,0.9969491497229295,0.9967846311552381,M2,150,TS
42,170,0.9969111539559186,0.9967739693822912,M2,150,TS
42,171,0.9968719019131828,0.9967261238753167,M2,150,TS
42,172,0.9968279965869158,0.9966495622083534,M2,150,TS
42,173,0.9967884559549807,0.9965902296743159,M2,150,TS
42,174,0.9967488281812765,0.996536503656044,M2,150,TS
42,175,0.9967198775560213,0.9964981352265939,M2,150,TS
42,176,0.996718326606385,0.9964537987731146,M2,150,TS
42,177,0.996699766930802,0.9964338228829122,M2,150,TS
42,178,0.9967114658762508,0.9964346230270562,M2,150,TS
42,179,0.996727276783171,0.9964357100372687,M2,150,TS
42,180,0.996748604350798,0.9964467817961895,M2,150,TS
42,181,0.9967731807200313,0.9964432616575806,M2,150,TS
42,182,0.9967871436129807,0.9964403009740318,M2,150,TS
42,183,0.9967864336574725,0.9964368923225538,M2,150,TS
42,184,0.9967584911386154,0.9964149813530333,M2,150,TS
42,185,0.9967211147083654,0.9963880764330278,M2,150,TS
42,186,0.9966927043186147,0.996331706930422,M2,150,TS
42,187,0.9966372730265697,0.9962770963233593,M2,150,TS
42,188,0.9966047956587549,0.9962286736323845,M2,150,TS
42,189,0.9965681548267282,0.9961869565746004,M2,150,TS
42,190,0.9965445048549029,0.9961462359842346,M2,150,TS
42,191,0.9965261181589904,0.9961189762653855,M2,150,TS
42,192,0.9965048470922608,0.996064922798168,M2,150,TS
42,193,0.9964705106276074,0.9959897126716911,M2,150,TS
42,194,0.9964201763684499,0.995933843624137,M2,150,TS
42,195,0.9963742570024985,0.9958530439414846,M2,150,TS
42,196,0.9963463869351741,0.9957954393968846,M2,150,TS
42,197,0.9963246435209412,0.9957403991157975,M2,150,TS
42,198,0.9963090267597973,0.9956879230982202,M2,150,TS
42,199,0.9962995366517422,0.9956380113441531,M2,150,TS
42,200,0.9962961731967761,0.9955906638535958,M2,150,TS
43,151,0.9961857864162412,0.9962300253533468,M2,150,TS
43,152,0.9961559166349873,0.9962001581958532,M2,150,TS
43,153,0.9961297575769555,0.9961664604274905,M2,150,TS
43,154,0.996107309242146,0.9961289320482587,M2,150,TS
43,155,0.9960885716305586,0.9960875730581578,M2,150,TS
43,156,0.9960735447421964,0.9960423834571904,M2,150,TS
43,157,0.9960720122593936,0.996000272951329,M2,150,TS
43,158,0.9960836243690672,0.9959464032660925,M2,150,TS
43,159,0.9960619811807265,0.9958917185366505,M2,150,TS
43,160,0.9960218597479154,0.9958321447786682,M2,150,TS
43,161,0.9959999472167995,0.9957698933088516,M2,150,TS
43,162,0.9959715343250259,0.9956832586190071,M2,150,TS
43,163,0.9959399074978158,0.995602436660957,M2,150,TS
43,164,0.9959169960707778,0.9955396233736287,M2,150,TS
43,165,0.9958850648751474,0.9954880158216435,M2,150,TS
43,166,0.9958847806797252,0.9954517487183194,M2,150,TS
43,167,0.9958628838879813,0.9954250300892461,M2,150,TS
43,168,0.9958277374268263,0.995417101532653,M2,150,TS
43,169,0.9957771734748619,0.9953917445460825,M2,150,TS
43,170,0.9957192871679925,0.9953693821089942,M2,150,TS
43,171,0.9956503981533334,0.9953098356923984,M2,150,TS
43,172,0.9955854614945099,0.9952212852736482,M2,150,TS
43,173,0.9955199593266988,0.9951501196019694,M2,150,TS
43,174,0.9954604177255886,0.9950842759049191,M2,150,TS
43,175,0.9954052343787674,0.9950337118803905,M2,150,TS
43,176,0.995368076381528,0.994977901177612,M2,150,TS
43,177,0.9953215035796257,0.9949461427783592,M2,150,TS
43,178,0.9952932228099052,0.9949353678141453,M2,150,TS
43,179,0.9952489286700497,0.9949257157057033,M2,150,TS
43,180,0.9952053476789253,0.9949260983790847,M2,150,TS
43,181,0.9951469953979706,0.9949122788190122,M2,150,TS
43,182,0.9951061047310605,0.9948981137089374,M2,150,TS
43,183,0.9950762172153027,0.9948828206675936,M2,150,TS
43,184,0.9950533306165699,0.9948482482595432,M2,150,TS
43,185,0.9950525647076903,0.994807772937036,M2,150,TS
43,186,0.9950560003244237,0.9947383976614818,M2,150,TS
43,187,0.9950740932868009,0.9946693955646934,M2,150,TS
43,188,0.9950981344017258,0.9946069854417389,M2,150,TS
43,189,0.9951011268775474,0.994551783240477,M2,150,TS
43,190,0.9950947621858435,0.9944979594162539,M2,150,TS
43,191,0.99505873542826,0.9944585405621554,M2,150,TS
43,192,0.9949972678600455,0.9943926542986181,M2,150,TS
43,193,0.9949470827614169,0.9943050643964729,M2,150,TS
43,194,0.9948946471542659,0.994236768542562,M2,150,TS
43,195,0.9948385642247435,0.9941437093181605,M2,150,TS
43,196,0.9947986592858833,0.9940738909943745,M2,150,TS
43,197,0.994763690081093,0.9940067073870111,M2,150,TS
43,198,0.9947336566103695,0.9939421584960679,M2,150,TS
43,199,0.9947085588737128,0.9938802443215451,M2,150,TS
43,200,0.9946883968711228,0.9938209648634423,M2,150,TS
44,151,0.9962427088751841,0.9963839989468268,M2,150,TS
44,152,0.9961858589253386,0.9963586072555568,M2,150,TS
44,153,0.9961293832212732,0.996329417868165,M2,150,TS
44,154,0.996073281762988,0.9962964307846515,M2,150,TS
44,155,0.9960175545504829,0.9962596460050162,M2,150,TS
44,156,0.9959622015837608,0.9962190635292618,M2,150,TS
44,157,0.9959125864095986,0.9961807661755948,M2,150,TS
44,158,0.9958552354349282,0.9961329128090991,M2,150,TS
44,159,0.995797343469139,0.9960827155656717,M2,150,TS
44,160,0.9957376192766441,0.9960275544390557,M2,150,TS
44,161,0.9956665686714639,0.995970972742591,M2,150,TS
44,162,0.9956093899199685,0.995890962337708,M2,150,TS
44,163,0.9955531906056148,0.9958164983371316,M2,150,TS
44,164,0.9955034338841608,0.9957597358090483,M2,150,TS
44,165,0.9954518913880535,0.9957142171476248,M2,150,TS
44,166,0.9954131102786443,0.9956836544496738,M2,150,TS
44,167,0.995385857385412,0.9956607193613503,M2,150,TS
44,168,0.9953763892739336,0.9956558335936188,M2,150,TS
44,169,0.9953651399891841,0.9956336650845808,M2,150,TS
44,170,0.9953478596066022,0.995614673261362,M2,150,TS
44,171,0.9953309361598375,0.9955599313267743,M2,150,TS
44,172,0.9953092870932017,0.9954775344887279,M2,150,TS
44,173,0.9952758056809142,0.9954113206317683,M2,150,TS
44,174,0.9952331718996363,0.995349967792917,M2,150,TS
44,175,0.9951844395335816,0.9953039911040352,M2,150,TS
44,176,0.9951491576660394,0.9952534857888751,M2,150,TS
44,177,0.9951101624827853,0.9952257057792988,M2,150,TS
44,178,0.9950793058305683,0.9952180375217441,M2,150,TS
44,179,0.9950360188720825,0.9952114588254131,M2,150,TS
44,180,0.9949861812977638,0.995214302293354,M2,150,TS
44,181,0.9949342145980088,0.9952035250092781,M2,150,TS
44,182,0.9948654920732817,0.9951928363951915,M2,150,TS
44,183,0.9947901496928699,0.9951799249916669,M2,150,TS
44,184,0.9947252875089825,0.9951487204601056,M2,150,TS
44,185,0.9946775851952772,0.9951125989974852,M2,150,TS
44,186,0.9946480186830797,0.9950487985129306,M2,150,TS
44,187,0.9945986721420124,0.9949860078229066,M2,150,TS
44,188,0.9945455206958094,0.9949292741669858,M2,150,TS
44,189,0.99449147132267,0.9948789767715223,M2,150,TS
44,190,0.9944392747729012,0.9948298328582654,M2,150,TS
44,191,0.9943550433978711,0.9947946966293488,M2,150,TS
44,192,0.994273154564782,0.9947333812933811,M2,150,TS
44,193,0.9941879157060884,0.994650868457077,M2,150,TS
44,194,0.9941132026195177,0.9945880593087426,M2,150,TS
44,195,0.9940381672170556,0.9945011416423919,M2,150,TS
44,196,0.9939814603921158,0.994436474689952,M2,150,TS
44,197,0.993932681530186,0.994374396926545,M2,150,TS
44,198,0.9938918306312635,0.9943149083521683,M2,150,TS
44,199,0.9938589076953485,0.9942580089668219,M2,150,TS
44,200,0.9938339127224406,0.9942036987705059,M2,150,TS
45,151,0.9982382814186662,0.9981013094578691,M2,150,TS
45,152,0.9982087870356328,0.9980789902101089,M2,150,TS
45,153,0.9981780121173869,0.998052963638778,M2,150,TS
45,154,0.9981459566639287,0.9980232297438763,M2,150,TS
45,155,0.9981126206752581,0.9979897885254038,M2,150,TS
45,156,0.9980780041513775,0.9979526399833635,M2,150,TS
45,157,0.9980459607188191,0.9979188940678568,M2,150,TS
45,158,0.9980092430565204,0.9978738482375819,M2,150,TS
45,159,0.9979662588371747,0.9978271658282277,M2,150,TS
45,160,0.9979348871607934,0.9977748929556647,M2,150,TS
45,161,0.9978928588681654,0.9977205200566187,M2,150,TS
45,162,0.9978450154651581,0.9976411389468954,M2,150,TS
45,163,0.9977974087236198,0.9975676135681524,M2,150,TS
45,164,0.9977453922563355,0.9975127567237444,M2,150,TS
45,165,0.9976848944253724,0.9974693579242035,M2,150,TS
45,166,0.9976342252269734,0.9974421909167349,M2,150,TS
45,167,0.9975857794531312,0.9974243270578627,M2,150,TS
45,168,0.9975400580483369,0.9974249700530232,M2,150,TS
45,169,0.9974906497186042,0.9974077728491909,M2,150,TS
45,170,0.9974480767289444,0.9973933973024883,M2,150,TS
45,171,0.9974038188245318,0.9973404943697074,M2,150,TS
45,172,0.9973639783798999,0.9972577392655703,M2,150,TS
45,173,0.9973456902599269,0.9971922765144821,M2,150,TS
45,174,0.9973326767517777,0.9971321266143613,M2,150,TS
45,175,0.997333963474218,0.9970875619310456,M2,150,TS
45,176,0.9973499324885735,0.997037918949927,M2,150,TS
45,177,0.9973652319564761,0.9970123921724849,M2,150,TS
45,178,0.9973673941716706,0.9970089336980476,M2,150,TS
45,179,0.9973529874323717,0.9970068780256925,M2,150,TS
45,180,0.9973291339008614,0.9970151991354466,M2,150,TS
45,181,0.9973030123083646,0.9970082208343833,M2,150,TS
45,182,0.9972704789799365,0.9970015910030292,M2,150,TS
45,183,0.9972536826448157,0.9969938047582747,M2,150,TS
45,184,0.9972287638052371,0.9969668310755393,M2,150,TS
45,185,0.9972072576638151,0.9969346575199648,M2,150,TS
45,186,0.9971797850459017,0.9968732395704044,M2,150,TS
45,187,0.9971632485743547,0.9968123553749264,M2,150,TS
45,188,0.9971288915604897,0.9967588220244332,M2,150,TS
45,189,0.9970806636654601,0.9967125553497946,M2,150,TS
45,190,0.9970324435044655,0.99666723724487,M2,150,TS
45,191,0.9969866312800038,0.9966358137852489,M2,150,TS
45,192,0.9969492442922248,0.9965766234573644,M2,150,TS
45,193,0.9969187317566381,0.9964954595119672,M2,150,TS
45,194,0.9968797055953983,0.9964341116356282,M2,150,TS
45,195,0.9968365653695195,0.9963473280659925,M2,150,TS
45,196,0.9967878673335521,0.9962849078335773,M2,150,TS
45,197,0.9967351898051562,0.9962253944790445,M2,150,TS
45,198,0.9966785327843292,0.9961687880023913,M2,150,TS
45,199,0.9966178962710709,0.9961150884036178,M2,150,TS
45,200,0.9965532802653814,0.9960642956827243,M2,150,TS
46,151,0.9982154909180763,0.9982202854733129,M2,150,TS
46,152,0.998177992443034,0.9982122640396744,M2,150,TS
46,153,0.998139102322858,0.9982004207735602,M2,150,TS
46,154,0.9980988205575484,0.99818475567497,M2,150,TS
46,155,0.998057147147105,0.9981652687439039,M2,150,TS
46,156,0.9980140820915309,0.9981419599803646,M2,150,TS
46,157,0.9979706509121575,0.99812067530448,M2,150,TS
46,158,0.9979147999317406,0.9980904768510254,M2,150,TS
46,159,0.9978691385909344,0.9980573606143603,M2,150,TS
46,160,0.9978053845562732,0.9980197878596623,M2,150,TS
46,161,0.9977618758212223,0.9979804130317996,M2,150,TS
46,162,0.9977597221262018,0.997917834241657,M2,150,TS
46,163,0.9977639545748018,0.9978605425631,M2,150,TS
46,164,0.9977722417039316,0.9978207538233022,M2,150,TS
46,165,0.9977971928467686,0.9977919035074337,M2,150,TS
46,166,0.9978191844562401,0.9977778472731029,M2,150,TS
46,167,0.9978356308347734,0.9977713695512098,M2,150,TS
46,168,0.9978254361845431,0.997784286730189,M2,150,TS
46,169,0.997805858386606,0.9977801869782884,M2,150,TS
46,170,0.9977545415812306,0.997779954173064,M2,150,TS
46,171,0.9977058180982832,0.9977453573538433,M2,150,TS
46,172,0.9976660780027389,0.9976834954403936,M2,150,TS
46,173,0.9976391587756597,0.9976360768154224,M2,150,TS
46,174,0.9976300015415418,0.9975923295818302,M2,150,TS
46,175,0.9976205249348868,0.9975642170827653,M2,150,TS
46,176,0.9976060364015031,0.9975318201040476,M2,150,TS
46,177,0.9975870698991584,0.9975214790476417,M2,150,TS
46,178,0.9975584699359797,0.9975310628124797,M2,150,TS
46,179,0.997546598688857,0.9975406008598954,M2,150,TS
46,180,0.9975202247479035,0.9975592701083411,M2,150,TS
46,181,0.9974961241032821,0.9975648090423191,M2,150,TS
46,182,0.9974675868817752,0.9975700575469123,M2,150,TS
46,183,0.9974390191608444,0.9975717335976361,M2,150,TS
46,184,0.9974012547743978,0.9975562317582315,M2,150,TS
46,185,0.9973383357703873,0.9975378258038007,M2,150,TS
46,186,0.9972765256382821,0.9974925781008371,M2,150,TS
46,187,0.9972214935673918,0.9974479412033423,M2,150,TS
46,188,0.9971505100800446,0.9974091605391688,M2,150,TS
46,189,0.9970578016353304,0.9973771283759854,M2,150,TS
46,190,0.9969691720528324,0.9973464949926418,M2,150,TS
46,191,0.9969315109287205,0.9973273408201575,M2,150,TS
46,192,0.9969262717812848,0.9972823003255612,M2,150,TS
46,193,0.9969433756402524,0.9972152492809511,M2,150,TS
46,194,0.996982106640578,0.9971678040312126,M2,150,TS
46,195,0.9970424055262379,0.9970961299554856,M2,150,TS
46,196,0.9970562689957152,0.9970478440806413,M2,150,TS
46,197,0.9970664198139166,0.9970024311423483,M2,150,TS
46,198,0.9970728579808396,0.9969598911406039,M2,150,TS
46,199,0.9970755834964841,0.9969202240754083,M2,150,TS
46,200,0.9970745963608499,0.9968834299467609,M2,150,TS
47,151,0.9982191096063391,0.9982659747263481,M2,150,TS
47,152,0.998192263382298,0.9982639503132718,M2,150,TS
47,153,0.9981614059545632,0.998258190062304,M2,150,TS
47,154,0.9981265373231346,0.9982486939734451,M2,150,TS
47,155,0.9980876574880123,0.9982354620466947,M2,150,TS
47,156,0.9980447664491989,0.9982184942820559,M2,150,TS
47,157,0.9979846355305468,0.998203937779783,M2,150,TS
47,158,0.9979411051749235,0.9981799036101385,M2,150,TS
47,159,0.9978931542426253,0.9981532673137526,M2,150,TS
47,160,0.9978349285914342,0.9981220413797421,M2,150,TS
47,161,0.9978040401512528,0.9980887081304428,M2,150,TS
47,162,0.9977454148999103,0.9980340279888991,M2,150,TS
47,163,0.9977095924837291,0.9979841616761564,M2,150,TS
47,164,0.9976543742580252,0.9979525085870882,M2,150,TS
47,165,0.9976104180241971,0.9979319174382192,M2,150,TS
47,166,0.9975891690689722,0.9979254230196983,M2,150,TS
47,167,0.9975839149785035,0.9979258249826096,M2,150,TS
47,168,0.9975983107911315,0.9979443371924447,M2,150,TS
47,169,0.9976130762338999,0.9979456504287134,M2,150,TS
47,170,0.9976027778430415,0.9979507757705408,M2,150,TS
47,171,0.9976053509205383,0.997921027938475,M2,150,TS
47,172,0.9975929863362881,0.9978646201141912,M2,150,TS
47,173,0.9975739710156055,0.9978232736363731,M2,150,TS
47,174,0.9975472455837405,0.9977862672068594,M2,150,TS
47,175,0.9975119348294923,0.9977649106444203,M2,150,TS
47,176,0.9974700463092736,0.9977396079502712,M2,150,TS
47,177,0.9974787712745359,0.997734801874323,M2,150,TS
47,178,0.9974629512348463,0.9977503732786072,M2,150,TS
47,179,0.997432795322551,0.9977669329685434,M2,150,TS
47,180,0.9973960032244809,0.9977924437013131,M2,150,TS
47,181,0.9973841468273799,0.9978041346887356,M2,150,TS
47,182,0.9973821101696516,0.9978150363251911,M2,150,TS
47,183,0.9973403728025338,0.9978235814944025,M2,150,TS
47,184,0.997308577878096,0.9978144275114765,M2,150,TS
47,185,0.9972483411957082,0.9978023524955009,M2,150,TS
47,186,0.9971772414700741,0.9977640271022891,M2,150,TS
47,187,0.9971376423981142,0.9977253734968444,M2,150,TS
47,188,0.9970702845804196,0.9976929655104323,M2,150,TS
47,189,0.9969861904659492,0.9976672627664751,M2,150,TS
47,190,0.9969237383916348,0.9976423345926466,M2,150,TS
47,191,0.996865455189335,0.9976301402962271,M2,150,TS
47,192,0.9968068627312657,0.9975926865878657,M2,150,TS
47,193,0.9967211031094251,0.9975346471678853,M2,150,TS
47,194,0.9966516389211497,0.9974964758536528,M2,150,TS
47,195,0.9965735375059064,0.997434857078769,M2,150,TS
47,196,0.9965328979967667,0.9973943499811155,M2,150,TS
47,197,0.9965059122167161,0.9973562480068973,M2,150,TS
47,198,0.9964925801657517,0.9973205511561114,M2,150,TS
47,199,0.9964929018438735,0.9972872594287582,M2,150,TS
47,200,0.9965068772510816,0.9972563728248374,M2,150,TS
48,151,0.9981949873884434,0.9981433274630662,M2,150,TS
48,152,0.9981747924786454,0.9981350156616172,M2,150,TS
48,153,0.998147969469173,0.9981231097921874,M2,150,TS
48,154,0.9981145183600262,0.9981076098547768,M2,150,TS
48,155,0.998074439151205,0.9980885158493853,M2,150,TS
48,156,0.9980277318427123,0.9980658277760157,M2,150,TS
48,157,0.9979653765667807,0.998046464279115,M2,150,TS
48,158,0.9978912434772381,0.9980169052260778,M2,150,TS
48,159,0.9978369165456431,0.9979846804285072,M2,150,TS
48,160,0.9977710002072524,0.997947654800924,M2,150,TS
48,161,0.9977293308275439,0.9979079101160933,M2,150,TS
48,162,0.9976987579146794,0.997843632384506,M2,150,TS
48,163,0.9976675264461949,0.9977851275473318,M2,150,TS
48,164,0.997640254125538,0.9977448213895082,M2,150,TS
48,165,0.997631254444221,0.997715345568084,M2,150,TS
48,166,0.9976326655418102,0.9977015503420956,M2,150,TS
48,167,0.997640920712324,0.9976962834684783,M2,150,TS
48,168,0.9976612187249303,0.9977092866765646,M2,150,TS
48,169,0.9976854980253355,0.9977045485115585,M2,150,TS
48,170,0.9976967635807847,0.9977032334371714,M2,150,TS
48,171,0.9977190140349868,0.9976641876129625,M2,150,TS
48,172,0.9977335584767892,0.9975963716150374,M2,150,TS
48,173,0.997714729516403,0.9975463714090177,M2,150,TS
48,174,0.9976900912011676,0.9975015116178184,M2,150,TS
48,175,0.9976725413667765,0.9974722089895878,M2,150,TS
48,176,0.9976542511456944,0.997438557003667,M2,150,TS
48,177,0.9976322422776509,0.9974284039038275,M2,150,TS
48,178,0.9976113747034274,0.9974392896852885,M2,150,TS
48,179,0.9975827867909401,0.9974513480488698,M2,150,TS
48,180,0.9975555470290647,0.997473053865801,M2,150,TS
48,181,0.9975453936815908,0.9974795998791436,M2,150,TS
48,182,0.9975278696771662,0.9974862436442291,M2,150,TS
48,183,0.9975012318186309,0.9974915134994846,M2,150,TS
48,184,0.99746567307103,0.9974782691194052,M2,150,TS
48,185,0.9974376225954955,0.997460135335267,M2,150,TS
48,186,0.9974094625053971,0.9974135943182924,M2,150,TS
48,187,0.9973759280457697,0.9973678406679936,M2,150,TS
48,188,0.9973321944393155,0.9973287935769101,M2,150,TS
48,189,0.9972710896376513,0.9972969265454646,M2,150,TS
48,190,0.997206425075879,0.9972661607782406,M2,150,TS
48,191,0.9971491652492486,0.9972488528668465,M2,150,TS
48,192,0.9970898513976241,0.9972046428468284,M2,150,TS
48,193,0.9970181632555117,0.9971391044672916,M2,150,TS
48,194,0.996946796142985,0.9970935107523932,M2,150,TS
48,195,0.9969123433086611,0.9970219398921655,M2,150,TS
48,196,0.9968893841583129,0.9969736813417736,M2,150,TS
48,197,0.9968813043711017,0.9969278524878673,M2,150,TS
48,198,0.9968881039470249,0.9968844533304436,M2,150,TS
48,199,0.9969097828860826,0.9968434838695026,M2,150,TS
48,200,0.9969463411882747,0.9968049441050443,M2,150,TS
49,151,0.9982494182706154,0.9981950294112091,M2,150,TS
49,152,0.9982672540324139,0.9981906705862634,M2,150,TS
49,153,0.9982635657190787,0.9981831256966447,M2,150,TS
49,154,0.9982383533306097,0.9981723947423528,M2,150,TS
49,155,0.9981916168670071,0.9981584777233875,M2,150,TS
49,156,0.9981233563282732,0.9981413746397522,M2,150,TS
49,157,0.9979838303159803,0.9981289732299085,M2,150,TS
49,158,0.9979795181088469,0.9981026625317289,M2,150,TS
49,159,0.9977682451794418,0.9980797343336325,M2,150,TS
49,160,0.9976179730008696,0.9980501347653707,M2,150,TS
49,161,0.9975411716221545,0.9980164364076528,M2,150,TS
49,162,0.9974974797063673,0.997957643510896,M2,150,TS
49,163,0.9975246354796645,0.997902669753414,M2,150,TS
49,164,0.9976026178561183,0.9978646445609629,M2,150,TS
49,165,0.9977518884042447,0.9978360843030232,M2,150,TS
49,166,0.9977395166267558,0.9978278779474797,M2,150,TS
49,167,0.9978234926971821,0.9978256400893568,M2,150,TS
49,168,0.9979727421560629,0.9978402451774915,M2,150,TS
49,169,0.9979156285662332,0.9978429646202189,M2,150,TS
49,170,0.9979514226683506,0.9978463228390633,M2,150,TS
49,171,0.9979205056172775,0.9978140144127384,M2,150,TS
49,172,0.9978528254458763,0.9977536870105881,M2,150,TS
49,173,0.9977757194688859,0.997710427330589,M2,150,TS
49,174,0.9976966945879847,0.9976720428152079,M2,150,TS
49,175,0.9976509028790901,0.9976486305815374,M2,150,TS
49,176,0.9976372268296139,0.9976201245350171,M2,150,TS
49,177,0.99762649153408,0.9976148164045082,M2,150,TS
49,178,0.9976400851833088,0.9976298043156228,M2,150,TS
49,179,0.9976784513036971,0.997645196916027,M2,150,TS
49,180,0.9977138227512483,0.9976702349784011,M2,150,TS
49,181,0.9976765932759589,0.9976824967392381,M2,150,TS
49,182,0.9977371739812044,0.997691868536437,M2,150,TS
49,183,0.9975492416284254,0.9977061960967276,M2,150,TS
49,184,0.9973972999208337,0.9977009016888185,M2,150,TS
49,185,0.9973001052418815,0.9976896215941767,M2,150,TS
49,186,0.9972469862160156,0.9976488182386803,M2,150,TS
49,187,0.9971945194348506,0.9976085915666851,M2,150,TS
49,188,0.9971292645266627,0.9975750673510744,M2,150,TS
49,189,0.9970999143847763,0.9975473123710531,M2,150,TS
49,190,0.9971237750178441,0.9975190390647403,M2,150,TS
49,191,0.9971673893165116,0.9975039068873995,M2,150,TS
49,192,0.9972273047321621,0.997461351090423,M2,150,TS
49,193,0.9970486162087009,0.9974036116019727,M2,150,TS
49,194,0.9971124294386846,0.997359448785021,M2,150,TS
49,195,0.996932467298737,0.997296895987988,M2,150,TS
49,196,0.9968455042084748,0.9972554214103992,M2,150,TS
49,197,0.9967474610026495,0.9972171014917554,M2,150,TS
49,198,0.9966383376812582,0.9971819362320535,M2,150,TS
49,199,0.9965181342443007,0.9971499256312939,M2,150,TS
49,200,0.9963868506917772,0.9971210696894767,M2,150,TS
1,151,1.0035040341011485,1.0036309098039884,M2D,150,TS
1,152,1.003371233684344,1.0036569947009446,M2D,150,TS
1,153,1.003249998700051,1.0036716007770414,M2D,150,TS
1,154,1.0031403291482688,1.0036747280322786,M2D,150,TS
1,155,1.0030422250289976,1.003666376466657,M2D,150,TS
1,156,1.0029556863422409,1.0036465460801784,M2D,150,TS
1,157,1.0029072943153923,1.003662871070039,M2D,150,TS
1,158,1.0029532296974646,1.0035774151629058,M2D,150,TS
1,159,1.002855579373866,1.0035112035861584,M2D,150,TS
1,160,1.002860543825376,1.003418676509913,M2D,150,TS
1,161,1.0025763543941397,1.003349176091819,M2D,150,TS
1,162,1.0014383798854618,1.0032538983579784,M2D,150,TS
1,163,1.0004746427551507,1.0031647250137519,M2D,150,TS
1,164,0.999940860696534,1.0030927234774392,M2D,150,TS
1,165,0.9996885162089997,1.0030440273480123,M2D,150,TS
1,166,0.9999216817116944,1.0030047427220508,M2D,150,TS
1,167,1.0005932631675036,1.0030047066941892,M2D,150,TS
1,168,1.0013679303061351,1.0030527758556007,M2D,150,TS
1,169,1.0020708838385373,1.00303572269884,M2D,150,TS
1,170,1.0030309268578446,1.0030045283878009,M2D,150,TS
1,171,1.0023714359521643,1.0029938698247793,M2D,150,TS
1,172,1.0006014508223022,1.0029561181180089,M2D,150,TS
1,173,0.9996034070961728,1.002902643748196,M2D,150,TS
1,174,0.9986270177227583,1.00285814461715,M2D,150,TS
1,175,0.9980836122088909,1.0029419158625872,M2D,150,TS
1,176,0.9978717048258827,1.002905740441536,M2D,150,TS
1,177,0.9980881334019138,1.0029007519901625,M2D,150,TS
1,178,0.9987131474621992,1.0029287145209125,M2D,150,TS
1,179,0.9998235511188321,1.002885090533526,M2D,150,TS
1,180,1.0011065231854825,1.0028488550815955,M2D,150,TS
1,181,1.0013771727680894,1.002800774199254,M2D,150,TS
1,182,1.0016764928582509,1.0027915415840165,M2D,150,TS
1,183,1.0023240922011576,1.002730020781629,M2D,150,TS
1,184,1.0025496689705158,1.0026379530962897,M2D,150,TS
1,185,1.0027810566496334,1.0026211373301417,M2D,150,TS
1,186,1.0024387748845074,1.0024545810528802,M2D,150,TS
1,187,1.0019669105501887,1.002376188331548,M2D,150,TS
1,188,1.001749130863073,1.0022989938633486,M2D,150,TS
1,189,1.0018799043084554,1.0022153456989518,M2D,150,TS
1,190,1.001666978040517,1.002179342087153,M2D,150,TS
1,191,1.0018924152574733,1.0021535312734835,M2D,150,TS
1,192,1.0013201509165075,1.0021783038449432,M2D,150,TS
1,193,1.0003872481179652,1.0021323305977519,M2D,150,TS
1,194,0.999941113240662,1.0020709180868268,M2D,150,TS
1,195,0.9986368612832792,1.0019738817560495,M2D,150,TS
1,196,0.9980639123735556,1.0019088136812953,M2D,150,TS
1,197,0.9975588394878703,1.0018398129945458,M2D,150,TS
1,198,0.9971216426262207,1.0017668796957977,M2D,150,TS
1,199,0.9967523217886071,1.0016900137850515,M2D,150,TS
1,200,0.9964508769750292,1.001609215262307,M2D,150,TS
3,151,0.9960343643247106,0.9960968883306419,M2D,150,TS
3,152,0.9959927167171484,0.9960904804605475,M2D,150,TS
3,153,0.9959585669412259,0.9960801800717617,M2D,150,TS
3,154,0.9959319149969431,0.9960659871642841,M2D,150,TS
3,155,0.9959127608842999,0.9960479017381149,M2D,150,TS
3,156,0.9959011046032991,0.9960259237932568,M2D,150,TS
3,157,0.99591418178317,0.9960097992964843,M2D,150,TS
3,158,0.9959199948628807,0.9959770824680453,M2D,150,TS
3,159,0.9959320859144289,0.995944253639469,M2D,150,TS
3,160,0.99593203064154,0.9959053744616995,M2D,150,TS
3,161,0.9959224770012136,0.9958630813906293,M2D,150,TS
3,162,0.9959002339481822,0.9957910666690442,M2D,150,TS
3,163,0.9958625601185487,0.9957259419136995,M2D,150,TS
3,164,0.9957994798270604,0.995681510497786,M2D,150,TS
3,165,0.995739273297319,0.9956481745288569,M2D,150,TS
3,166,0.9956808517819564,0.9956340491457402,M2D,150,TS
3,167,0.9956127277322449,0.9956332460238595,M2D,150,TS
3,168,0.995576158074972,0.9956505099814151,M2D,150,TS
3,169,0.9955744051959938,0.9956469061235254,M2D,150,TS
3,170,0.995600712306006,0.995645078340128,M2D,150,TS
3,171,0.9956379893705616,0.9955986726401898,M2D,150,TS
3,172,0.9956641347323912,0.9955185643934864,M2D,150,TS
3,173,0.9956711920948085,0.9954612622573343,M2D,150,TS
3,174,0.9956380585687907,0.9954128010016123,M2D,150,TS
3,175,0.9955853708658173,0.9953831959682106,M2D,150,TS
3,176,0.9955396173395594,0.9953460695076101,M2D,150,TS
3,177,0.9955035324983614,0.9953365014204677,M2D,150,TS
3,178,0.9955100283482142,0.9953510899190093,M2D,150,TS
3,179,0.9955577798394379,0.9953650667219857,M2D,150,TS
3,180,0.9956211379950224,0.9953910275475665,M2D,150,TS
3,181,0.9956797077616993,0.9953981905363052,M2D,150,TS
3,182,0.9956850893700995,0.9954087120490654,M2D,150,TS
3,183,0.9956531206452309,0.9954233177651552,M2D,150,TS
3,184,0.9955877786642572,0.995415920073118,M2D,150,TS
3,185,0.9955121162923015,0.9954024311362802,M2D,150,TS
3,186,0.9954418813752506,0.9953530526732943,M2D,150,TS
3,187,0.9953844260642624,0.9953057879062597,M2D,150,TS
3,188,0.9953396535246629,0.9952673496462816,M2D,150,TS
3,189,0.9953058687211954,0.9952364465650734,M2D,150,TS
3,190,0.9952704270164792,0.9952065614373697,M2D,150,TS
3,191,0.9952322818676387,0.9951923935217973,M2D,150,TS
3,192,0.9951643814803146,0.9951489168732708,M2D,150,TS
3,193,0.995099388061318,0.9950821539606416,M2D,150,TS
3,194,0.9950507740559454,0.9950327263992959,M2D,150,TS
3,195,0.9950369504778394,0.9949537037804842,M2D,150,TS
3,196,0.9950429987886786,0.994901787173503,M2D,150,TS
3,197,0.9950691480067563,0.9948520355800566,M2D,150,TS
3,198,0.9951153981320696,0.9948044490001425,M2D,150,TS
3,199,0.9951817491646184,0.9947590274337607,M2D,150,TS
3,200,0.9952682011044028,0.9947157708809109,M2D,150,TS
4,151,0.9767030436512549,0.9767398510025941,M2D,150,TS
4,152,0.976800964527353,0.9765020496502133,M2D,150,TS
4,153,0.976863456319432,0.9762641699174128,M2D,150,TS
4,154,0.9768905190274921,0.9760262118041929,M2D,150,TS
4,155,0.9768821526515331,0.9757881753105531,M2D,150,TS
4,156,0.9768383571915578,0.9755500604364967,M2D,150,TS
4,157,0.9771008112729221,0.9753174329959441,M2D,150,TS
4,158,0.9766433462641386,0.9750926554359859,M2D,150,TS
4,159,0.9764710655576234,0.9748578696221175,M2D,150,TS
4,160,0.9761497056640729,0.9746359190447385,M2D,150,TS
4,161,0.9759204878059102,0.9743750353476075,M2D,150,TS
4,162,0.9755304826807375,0.9740026638584424,M2D,150,TS
4,163,0.9752868250272246,0.9736660058063894,M2D,150,TS
4,164,0.9751039310436997,0.9733926424853921,M2D,150,TS
4,165,0.9748326994872825,0.9731418948318449,M2D,150,TS
4,166,0.9745956570849166,0.9729538380618036,M2D,150,TS
4,167,0.9745201302249025,0.9728050397160586,M2D,150,TS
4,168,0.9746065450471004,0.9726755636420211,M2D,150,TS
4,169,0.9742718804716919,0.9725224314656935,M2D,150,TS
4,170,0.9737456352786511,0.9723949046136006,M2D,150,TS
4,171,0.9733758712277756,0.9720577884071101,M2D,150,TS
4,172,0.973068728226699,0.9715969066379471,M2D,150,TS
4,173,0.9727661577049508,0.9712378263687886,M2D,150,TS
4,174,0.9726141495290563,0.9708898484164971,M2D,150,TS
4,175,0.9727118741969064,0.9705480617580285,M2D,150,TS
4,176,0.9721794294905961,0.9702593328031127,M2D,150,TS
4,177,0.9718954140115266,0.97004198309172,M2D,150,TS
4,178,0.9719018732784592,0.9698943893858356,M2D,150,TS
4,179,0.9714335255198636,0.969804409671954,M2D,150,TS
4,180,0.9711578846154274,0.9697522591534359,M2D,150,TS
4,181,0.9710944722638326,0.969610867268497,M2D,150,TS
4,182,0.9712193875545372,0.9694576583189068,M2D,150,TS
4,183,0.9713507159747161,0.9693585632170963,M2D,150,TS
4,184,0.9712892944760729,0.9692016555540612,M2D,150,TS
4,185,0.9712462147908485,0.9689980707253486,M2D,150,TS
4,186,0.9705731539231293,0.9687448081453051,M2D,150,TS
4,187,0.970208754222414,0.9684487070619314,M2D,150,TS
4,188,0.969988760236854,0.9681954526216758,M2D,150,TS
4,189,0.9696206096996185,0.9679759326047288,M2D,150,TS
4,190,0.9694751194696738,0.9677107508902922,M2D,150,TS
4,191,0.9694240710464628,0.9675114234095056,M2D,150,TS
4,192,0.969427668334244,0.9671642774467827,M2D,150,TS
4,193,0.9693133233696938,0.9667840143015463,M2D,150,TS
4,194,0.9689956572497094,0.966483466339603,M2D,150,TS
4,195,0.9687059737372188,0.9660877337541908,M2D,150,TS
4,196,0.9684807897997224,0.9657806801521415,M2D,150,TS
4,197,0.9682473872035253,0.9654871094864503,M2D,150,TS
4,198,0.9680057659486249,0.9652070217571146,M2D,150,TS
4,199,0.9677559260350211,0.9649404169641341,M2D,150,TS
4,200,0.9674978674627139,0.9646872951075091,M2D,150,TS
6,151,0.996214505768315,0.99617551824524,M2D,150,TS
6,152,0.9961152328406796,0.9961505902944017,M2D,150,TS
6,153,0.9960290888322142,0.9961216282105144,M2D,150,TS
6,154,0.995956073742919,0.9960886319935782,M2D,150,TS
6,155,0.9958961875727937,0.996051601643593,M2D,150,TS
6,156,0.9958494303218418,0.9960105371605615,M2D,150,TS
6,157,0.9958599118207982,0.9959698754144013,M2D,150,TS
6,158,0.9958456437304972,0.9959220193550211,M2D,150,TS
6,159,0.9957704044573623,0.9958722506259559,M2D,150,TS
6,160,0.9958367240092967,0.9958145827424523,M2D,150,TS
6,161,0.9957092218587607,0.9957589708647602,M2D,150,TS
6,162,0.9956523449446865,0.9956749160393703,M2D,150,TS
6,163,0.9955662274306651,0.995598024893347,M2D,150,TS
6,164,0.9955560027793754,0.9955388799372238,M2D,150,TS
6,165,0.9955269016238708,0.9954927916111929,M2D,150,TS
6,166,0.995515275555934,0.9954634888750692,M2D,150,TS
6,167,0.995481363117343,0.9954441898148451,M2D,150,TS
6,168,0.9952872254157735,0.9954479400998026,M2D,150,TS
6,169,0.9952152259768224,0.9954313624707228,M2D,150,TS
6,170,0.9950931560869628,0.9954206639832202,M2D,150,TS
6,171,0.994966603957919,0.9953668200956505,M2D,150,TS
6,172,0.9949506503891471,0.9952773466882237,M2D,150,TS
6,173,0.9949255045077805,0.9952072501376074,M2D,150,TS
6,174,0.9949507524984647,0.9951400852024621,M2D,150,TS
6,175,0.9949436995335101,0.995090235902593,M2D,150,TS
6,176,0.9948553452856492,0.995041132784694,M2D,150,TS
6,177,0.994861288992555,0.9950135617622765,M2D,150,TS
6,178,0.9947635411372995,0.9950104539458509,M2D,150,TS
6,179,0.9947687327438571,0.9950083130695158,M2D,150,TS
6,180,0.9946547175698341,0.9950190817496191,M2D,150,TS
6,181,0.9947522146500036,0.9950059765009972,M2D,150,TS
6,182,0.9947288419621603,0.9949953840460392,M2D,150,TS
6,183,0.9946594190966497,0.9949849300756642,M2D,150,TS
6,184,0.9946131352370858,0.9949544417420139,M2D,150,TS
6,185,0.9945569067396691,0.9949196495792052,M2D,150,TS
6,186,0.9944554226729967,0.9948576834862168,M2D,150,TS
6,187,0.994525445824341,0.9947902589136403,M2D,150,TS
6,188,0.9945312995670903,0.9947314416986996,M2D,150,TS
6,189,0.9945035238085205,0.9946815983127414,M2D,150,TS
6,190,0.9944937350335686,0.994630449966546,M2D,150,TS
6,191,0.994511069552142,0.9945937120675711,M2D,150,TS
6,192,0.994354548788215,0.9945314948299774,M2D,150,TS
6,193,0.9942082877615992,0.9944463661119957,M2D,150,TS
6,194,0.9940660638765035,0.9943841098054924,M2D,150,TS
6,195,0.9939285246499441,0.9942938058937,M2D,150,TS
6,196,0.9937872031503167,0.9942294265177388,M2D,150,TS
6,197,0.9936459653173575,0.9941682381124138,M2D,150,TS
6,198,0.9935048111510638,0.9941102406777224,M2D,150,TS
6,199,0.9933637406514356,0.994055434213664,M2D,150,TS
6,200,0.9932227538184729,0.9940038187202392,M2D,150,TS
7,151,0.9944063753831374,0.9949378922070198,M2D,150,TS
7,152,0.9943518838933064,0.9948818845053072,M2D,150,TS
7,153,0.9942924744859969,0.994822252580025,M2D,150,TS
7,154,0.994228147161209,0.9947589964311728,M2D,150,TS
7,155,0.9941589019189425,0.9946921160587509,M2D,150,TS
7,156,0.9940847387592003,0.9946216114627618,M2D,150,TS
7,157,0.9939822863795954,0.994553770882916,M2D,150,TS
7,158,0.9939045656069894,0.9944769991081508,M2D,150,TS
7,159,0.9938651951227415,0.9943958429092785,M2D,150,TS
7,160,0.9938035718599496,0.9943109793049724,M2D,150,TS
7,161,0.9937610515371789,0.9942231771497084,M2D,150,TS
7,162,0.9937122760542119,0.9941108644984277,M2D,150,TS
7,163,0.9936117741640667,0.994006057858776,M2D,150,TS
7,164,0.9935157799849212,0.9939200656364373,M2D,150,TS
7,165,0.9934154307549953,0.9938463293708943,M2D,150,TS
7,166,0.9932585301429073,0.993790377948286,M2D,150,TS
7,167,0.9930649007415475,0.9937439817123161,M2D,150,TS
7,168,0.9929202850425868,0.9937149398593162,M2D,150,TS
7,169,0.9927678083195293,0.993669025438063,M2D,150,TS
7,170,0.9926517468134011,0.9936260589279443,M2D,150,TS
7,171,0.9925164540284324,0.9935440205210492,M2D,150,TS
7,172,0.9924355058928396,0.9934300764748875,M2D,150,TS
7,173,0.9922633449048571,0.9933359679066067,M2D,150,TS
7,174,0.9921366744906839,0.9932446808403327,M2D,150,TS
7,175,0.9920620457932743,0.9931681121757886,M2D,150,TS
7,176,0.991960224684306,0.9930897452943026,M2D,150,TS
7,177,0.9917807998494718,0.993036724285539,M2D,150,TS
7,178,0.991696715556144,0.9930017765601017,M2D,150,TS
7,179,0.9916208230145287,0.9929690380521176,M2D,150,TS
7,180,0.9915485975755082,0.992945425217351,M2D,150,TS
7,181,0.9915041139511117,0.9929049660901009,M2D,150,TS
7,182,0.991437678959813,0.9928644248425988,M2D,150,TS
7,183,0.9913197670728469,0.9928230209699888,M2D,150,TS
7,184,0.9912539511914851,0.9927616296874682,M2D,150,TS
7,185,0.9912096475888834,0.9926955979728865,M2D,150,TS
7,186,0.9911403242141177,0.9926025871190335,M2D,150,TS
7,187,0.9909881512914112,0.9925117435805324,M2D,150,TS
7,188,0.9909081017447054,0.9924250701806785,M2D,150,TS
7,189,0.9908380250579897,0.9923454064147106,M2D,150,TS
7,190,0.9907348827758002,0.992266784452014,M2D,150,TS
7,191,0.990680910982181,0.9922009948426407,M2D,150,TS
7,192,0.9905315571703812,0.9921097902695356,M2D,150,TS
7,193,0.9903770005332686,0.9919965198670306,M2D,150,TS
7,194,0.9902430059030527,0.9919047373554086,M2D,150,TS
7,195,0.9901456260555439,0.991785675985009,M2D,150,TS
7,196,0.9900206122761921,0.9916917334710623,M2D,150,TS
7,197,0.9898951591915459,0.9916008477561193,M2D,150,TS
7,198,0.9897692668016028,0.9915130188401778,M2D,150,TS
7,199,0.9896429351063629,0.9914282467232374,M2D,150,TS
7,200,0.9895161641058261,0.9913465314052983,M2D,150,TS
8,151,0.9894562866939769,0.9899706747023439,M2D,150,TS
8,152,0.9892869391809709,0.9898565993587403,M2D,150,TS
8,153,0.9891264737722718,0.9897388075767243,M2D,150,TS
8,154,0.9889748904678795,0.9896172993562962,M2D,150,TS
8,155,0.9888321892677938,0.9894920746974557,M2D,150,TS
8,156,0.9886983701720182,0.9893631336002059,M2D,150,TS
8,157,0.988612998135234,0.9892399515726538,M2D,150,TS
8,158,0.9884657605265808,0.9891016269742364,M2D,150,TS
8,159,0.9883221445484542,0.9889629068440109,M2D,150,TS
8,160,0.9881996969985829,0.9888179213490002,M2D,150,TS
8,161,0.988043425315414,0.9886687811709856,M2D,150,TS
8,162,0.9878153619489983,0.9884883979954279,M2D,150,TS
8,163,0.987663659807816,0.9883136557401488,M2D,150,TS
8,164,0.9875156075605755,0.9881599663586642,M2D,150,TS
8,165,0.9873270466649591,0.9880187064965054,M2D,150,TS
8,166,0.9871873160367632,0.9878972083543889,M2D,150,TS
8,167,0.9870762836454232,0.9877894498580743,M2D,150,TS
8,168,0.9869386436403,0.9877009554911709,M2D,150,TS
8,169,0.9867927268027747,0.9875928479481966,M2D,150,TS
8,170,0.9866505942191186,0.9874879805016845,M2D,150,TS
8,171,0.9865007607244951,0.9873341583592773,M2D,150,TS
8,172,0.986302968780101,0.987144163549059,M2D,150,TS
8,173,0.9861435659453623,0.9869781552384229,M2D,150,TS
8,174,0.9859508344567336,0.9868206064778886,M2D,150,TS
8,175,0.9857170247032094,0.9866826522117397,M2D,150,TS
8,176,0.9854989411486601,0.9865385478394734,M2D,150,TS
8,177,0.9853378399000858,0.9864223779760043,M2D,150,TS
8,178,0.9851822150143007,0.9863324832580773,M2D,150,TS
8,179,0.98501998496841,0.9862449690861088,M2D,150,TS
8,180,0.9849044471712944,0.9861695555179512,M2D,150,TS
8,181,0.9848004012787525,0.9860722070013519,M2D,150,TS
8,182,0.9846632874079718,0.9859772550190028,M2D,150,TS
8,183,0.9845620324189641,0.9858862002634623,M2D,150,TS
8,184,0.9844446166266216,0.985771473352612,M2D,150,TS
8,185,0.9842672291286316,0.9856509691684046,M2D,150,TS
8,186,0.9840657585920585,0.9854941310973138,M2D,150,TS
8,187,0.983908876419124,0.9853382301804391,M2D,150,TS
8,188,0.9837450136174848,0.9851924438901616,M2D,150,TS
8,189,0.9835390637644426,0.9850562207241466,M2D,150,TS
8,190,0.9833286628583462,0.984919786725644,M2D,150,TS
8,191,0.9831152377668357,0.9848002989003563,M2D,150,TS
8,192,0.9828710927346475,0.9846485780595217,M2D,150,TS
8,193,0.9826470558178269,0.984472713163845,M2D,150,TS
8,194,0.9824686223560679,0.9843151386071143,M2D,150,TS
8,195,0.9822446928402246,0.9841274276157993,M2D,150,TS
8,196,0.9820476556594568,0.9839688423685207,M2D,150,TS
8,197,0.9818597827823277,0.9838130043315854,M2D,150,TS
8,198,0.9816810742088343,0.9836599135049907,M2D,150,TS
8,199,0.981511529938977,0.9835095698887367,M2D,150,TS
8,200,0.9813511499727554,0.9833619734828234,M2D,150,TS
12,151,0.9964391412129527,0.9962456201262961,M2D,150,TS
12,152,0.996449271339672,0.9962103524938675,M2D,150,TS
12,153,0.9964508346170283,0.9961714955381406,M2D,150,TS
12,154,0.9964438310450218,0.9961290492591155,M2D,150,TS
12,155,0.9964282606236524,0.9960830136567923,M2D,150,TS
12,156,0.9964041233529233,0.9960333887311739,M2D,150,TS
12,157,0.9963733833269217,0.9959776955329647,M2D,150,TS
12,158,0.9963272920330408,0.995929622563748,M2D,150,TS
12,159,0.9962954253265817,0.9958715015190539,M2D,150,TS
12,160,0.9962317083567527,0.9958135807971563,M2D,150,TS
12,161,0.996195685495121,0.9957543458245729,M2D,150,TS
12,162,0.9961588400405574,0.9956787484757001,M2D,150,TS
12,163,0.9960993853386355,0.9956093430355362,M2D,150,TS
12,164,0.9960167875370655,0.995558440567234,M2D,150,TS
12,165,0.9959439058471578,0.9955216410511034,M2D,150,TS
12,166,0.9958358179690385,0.995497719305119,M2D,150,TS
12,167,0.9957187800079623,0.9954754460699419,M2D,150,TS
12,168,0.9956256062307962,0.9954710761691925,M2D,150,TS
12,169,0.9955638034557666,0.9954532903468908,M2D,150,TS
12,170,0.995517288368672,0.9954418179703176,M2D,150,TS
12,171,0.9955193786141443,0.9953947345277765,M2D,150,TS
12,172,0.9954981882957448,0.9953225747772299,M2D,150,TS
12,173,0.9954579803391037,0.9952609828828793,M2D,150,TS
12,174,0.9954238374706464,0.9951969733584431,M2D,150,TS
12,175,0.995400931370721,0.9951452740325314,M2D,150,TS
12,176,0.9953770856030706,0.995100104311154,M2D,150,TS
12,177,0.9953392362431142,0.99507111446412,M2D,150,TS
12,178,0.9953084427222629,0.9950552225940409,M2D,150,TS
12,179,0.9952961128171749,0.9950452475990694,M2D,150,TS
12,180,0.99530106766799,0.9950386445972316,M2D,150,TS
12,181,0.9952783788360806,0.995020041960395,M2D,150,TS
12,182,0.9952234549725187,0.9949976944213846,M2D,150,TS
12,183,0.9951648897320904,0.9949645611678702,M2D,150,TS
12,184,0.9951172409488205,0.9949193063980261,M2D,150,TS
12,185,0.9950643536166401,0.9948740608500384,M2D,150,TS
12,186,0.9950033249822401,0.9948150440516298,M2D,150,TS
12,187,0.9949131124957803,0.994751927305986,M2D,150,TS
12,188,0.9948103844069475,0.9946905870641825,M2D,150,TS
12,189,0.9947515845784494,0.9946347321051183,M2D,150,TS
12,190,0.9947036933144273,0.9945766153292736,M2D,150,TS
12,191,0.9946534388496556,0.9945306965558964,M2D,150,TS
12,192,0.9946082764806821,0.9944592861100322,M2D,150,TS
12,193,0.9945468720668882,0.9943674557074089,M2D,150,TS
12,194,0.9945116759637709,0.9943046738320104,M2D,150,TS
12,195,0.9944588077055738,0.9942192220288021,M2D,150,TS
12,196,0.9944023791897465,0.9941535697354223,M2D,150,TS
12,197,0.994339854015007,0.9940918278424524,M2D,150,TS
12,198,0.994271232181353,0.9940339963498894,M2D,150,TS
12,199,0.9941965136887845,0.9939800752577335,M2D,150,TS
12,200,0.9941156985373015,0.9939300645659845,M2D,150,TS
13,151,0.9971218402728154,0.9967834941538387,M2D,150,TS
13,152,0.997125411021877,0.9967519873120175,M2D,150,TS
13,153,0.9971229622682198,0.9967169725373585,M2D,150,TS
13,154,0.9971144940118436,0.9966784498298619,M2D,150,TS
13,155,0.9971000062527485,0.9966364191895274,M2D,150,TS
13,156,0.9970794989909375,0.996590880616358,M2D,150,TS
13,157,0.9970426935251744,0.9965510338979625,M2D,150,TS
13,158,0.9970120287572352,0.9964967628270349,M2D,150,TS
13,159,0.9969747483554201,0.9964417354459278,M2D,150,TS
13,160,0.9969483991395283,0.9963807121387398,M2D,150,TS
13,161,0.9969110441392823,0.996316354480678,M2D,150,TS
13,162,0.9968554234616301,0.996223294122748,M2D,150,TS
13,163,0.9967727646811086,0.996137412089722,M2D,150,TS
13,164,0.9966715256409413,0.9960720005774718,M2D,150,TS
13,165,0.9965957220405769,0.9960174197234059,M2D,150,TS
13,166,0.9965182877753898,0.995981646641757,M2D,150,TS
13,167,0.9964408373216866,0.9959579322375652,M2D,150,TS
13,168,0.996360574441506,0.9959530869715736,M2D,150,TS
13,169,0.9963313767031219,0.9959278212581691,M2D,150,TS
13,170,0.9963210302726416,0.9959051632268486,M2D,150,TS
13,171,0.9962985218915089,0.9958386084212755,M2D,150,TS
13,172,0.9962485884144738,0.9957390916884947,M2D,150,TS
13,173,0.9961874524844941,0.9956614214319655,M2D,150,TS
13,174,0.9961345121000279,0.9955903767967761,M2D,150,TS
13,175,0.9961303098675913,0.9955356818870804,M2D,150,TS
13,176,0.9960950315914081,0.9954762716256383,M2D,150,TS
13,177,0.9960719868016161,0.995443365732243,M2D,150,TS
13,178,0.9960434895446866,0.995434955906491,M2D,150,TS
13,179,0.9960460676752122,0.9954272521222723,M2D,150,TS
13,180,0.9960497643446751,0.9954312191735776,M2D,150,TS
13,181,0.9960063775909416,0.9954176741727717,M2D,150,TS
13,182,0.9959622485718815,0.9954052702566363,M2D,150,TS
13,183,0.9958959250976375,0.9953955466316949,M2D,150,TS
13,184,0.9958618036440439,0.9953630044598886,M2D,150,TS
13,185,0.995846187414138,0.9953239217151929,M2D,150,TS
13,186,0.9957957726569031,0.9952521514795786,M2D,150,TS
13,187,0.9957415155335627,0.9951818964512853,M2D,150,TS
13,188,0.9956964933022042,0.9951199935234144,M2D,150,TS
13,189,0.9956549610085865,0.995065929195978,M2D,150,TS
13,190,0.9956421171713961,0.9950114803860194,M2D,150,TS
13,191,0.9956152225775323,0.9949729636241205,M2D,150,TS
13,192,0.9955648706054869,0.9949047128354244,M2D,150,TS
13,193,0.9954959882519252,0.9948139838491808,M2D,150,TS
13,194,0.995440178124885,0.9947421601225208,M2D,150,TS
13,195,0.9953727857710697,0.9946421585845548,M2D,150,TS
13,196,0.9953265384190831,0.9945687770241468,M2D,150,TS
13,197,0.9952828626347129,0.9944981805250441,M2D,150,TS
13,198,0.9952417584179565,0.9944303690872441,M2D,150,TS
13,199,0.9952032257688137,0.9943653427107468,M2D,150,TS
13,200,0.9951672646872847,0.994303101395552,M2D,150,TS
15,151,0.9962252605469409,0.9959758781373002,M2D,150,TS
15,152,0.9962208125930392,0.9959313533003867,M2D,150,TS
15,153,0.9962118183194908,0.9958832624422713,M2D,150,TS
15,154,0.9961982777262959,0.9958316055629542,M2D,150,TS
15,155,0.9961801908134543,0.9957763826624352,M2D,150,TS
15,156,0.996157557580969,0.995717593740717,M2D,150,TS
15,157,0.9961330561512289,0.9956630804480576,M2D,150,TS
15,158,0.9961030139082411,0.9955962754455471,M2D,150,TS
15,159,0.9960483729312696,0.9955285314567035,M2D,150,TS
15,160,0.9960004961472655,0.9954552815875768,M2D,150,TS
15,161,0.9959293724948286,0.9953794268605738,M2D,150,TS
15,162,0.9958335335644611,0.9952766345449083,M2D,150,TS
15,163,0.9957205996053304,0.9951805431759597,M2D,150,TS
15,164,0.9956044966238953,0.9951040356573789,M2D,150,TS
15,165,0.9954812809233828,0.9950392574332806,M2D,150,TS
15,166,0.9953984102161108,0.9949912942457929,M2D,150,TS
15,167,0.9953439525691803,0.9949534352962169,M2D,150,TS
15,168,0.995329457996333,0.9949332296654496,M2D,150,TS
15,169,0.9952733207454667,0.9948957073146181,M2D,150,TS
15,170,0.9952518136326842,0.9948605767908145,M2D,150,TS
15,171,0.9952051757086207,0.9947837153824163,M2D,150,TS
15,172,0.995132271609668,0.9946752157708272,M2D,150,TS
15,173,0.995060842996885,0.9945867710897478,M2D,150,TS
15,174,0.9950070180486855,0.9945039343504466,M2D,150,TS
15,175,0.9949476593639104,0.9944380986172109,M2D,150,TS
15,176,0.994932851648315,0.9943664909254668,M2D,150,TS
15,177,0.9949255098219727,0.9943202834375438,M2D,150,TS
15,178,0.9949214325530107,0.994297149043192,M2D,150,TS
15,179,0.9949097971769096,0.9942759318693194,M2D,150,TS
15,180,0.9948833397107228,0.994266036552697,M2D,150,TS
15,181,0.9948059503284219,0.9942398253451847,M2D,150,TS
15,182,0.9947249757270282,0.994214248315856,M2D,150,TS
15,183,0.9946328188777054,0.9941897800066852,M2D,150,TS
15,184,0.994556640269802,0.9941441024622225,M2D,150,TS
15,185,0.9944566820527307,0.9940934131528956,M2D,150,TS
15,186,0.9944022573565555,0.9940100665688094,M2D,150,TS
15,187,0.9943491582095565,0.9939275351894373,M2D,150,TS
15,188,0.9942834853639416,0.9938531674960197,M2D,150,TS
15,189,0.9942423860416657,0.9937858083675886,M2D,150,TS
15,190,0.9941943633012958,0.9937189778510159,M2D,150,TS
15,191,0.9941214406260783,0.9936677921495953,M2D,150,TS
15,192,0.9940644165797171,0.9935866756582872,M2D,150,TS
15,193,0.9939849550593147,0.9934836278274012,M2D,150,TS
15,194,0.9939132663788257,0.993400267288053,M2D,150,TS
15,195,0.9938551810527687,0.9932890808685817,M2D,150,TS
15,196,0.9937969359266035,0.9932039616462004,M2D,150,TS
15,197,0.9937438760109061,0.9931215985652697,M2D,150,TS
15,198,0.9936960013056741,0.9930419916257871,M2D,150,TS
15,199,0.9936533118109079,0.9929651408277523,M2D,150,TS
15,200,0.993615807526607,0.9928910461711655,M2D,150,TS
17,151,0.9980876584157506,0.9982120554906952,M2D,150,TS
17,152,0.9981352042733159,0.9982106874341075,M2D,150,TS
17,153,0.9981566729266981,0.998206211449247,M2D,150,TS
17,154,0.998152064375897,0.998198627536114,M2D,150,TS
17,155,0.9981213786209127,0.9981879356947083,M2D,150,TS
17,156,0.9980646156617479,0.9981741359250328,M2D,150,TS
17,157,0.9979494545663445,0.9981623985015026,M2D,150,TS
17,158,0.9979097161329462,0.9981426427115018,M2D,150,TS
17,159,0.9979176121027216,0.9981169547408284,M2D,150,TS
17,160,0.9977559841524373,0.9980926437951629,M2D,150,TS
17,161,0.9977519595499136,0.9980619967157083,M2D,150,TS
17,162,0.9977688485147062,0.9980081568931037,M2D,150,TS
17,163,0.9978168947376731,0.9979591826521608,M2D,150,TS
17,164,0.9978755313898338,0.9979284219742615,M2D,150,TS
17,165,0.9979888789109685,0.9979088133896831,M2D,150,TS
17,166,0.9980966942905272,0.9979042763674378,M2D,150,TS
17,167,0.9980050167181996,0.9979128827134742,M2D,150,TS
17,168,0.9980279963497212,0.9979371370458899,M2D,150,TS
17,169,0.9980399116980906,0.997945228724271,M2D,150,TS
17,170,0.998046379793742,0.9979579241933283,M2D,150,TS
17,171,0.9980724622218546,0.9979328571181343,M2D,150,TS
17,172,0.9980755730720043,0.9978794372556966,M2D,150,TS
17,173,0.9980659388396138,0.9978412284369783,M2D,150,TS
17,174,0.9980451216973336,0.9978059645131797,M2D,150,TS
17,175,0.9980200775252531,0.997787723327203,M2D,150,TS
17,176,0.9979768399295956,0.9977680720050112,M2D,150,TS
17,177,0.9979523464467734,0.9977691508578999,M2D,150,TS
17,178,0.9979192537226368,0.9977895597744983,M2D,150,TS
17,179,0.9978812563814822,0.9978125203369824,M2D,150,TS
17,180,0.9978276205537122,0.9978438171040761,M2D,150,TS
17,181,0.99779056482589,0.9978595049446957,M2D,150,TS
17,182,0.9977713897388524,0.9978733750540764,M2D,150,TS
17,183,0.9977523831235487,0.9978820277556322,M2D,150,TS
17,184,0.9977298930177749,0.9978738766159668,M2D,150,TS
17,185,0.9976923719248798,0.9978642471938237,M2D,150,TS
17,186,0.9976702775317827,0.9978282135720391,M2D,150,TS
17,187,0.9976507861793333,0.9977918786975134,M2D,150,TS
17,188,0.99760405834563,0.997761299485006,M2D,150,TS
17,189,0.9975449789654255,0.9977380970087276,M2D,150,TS
17,190,0.9974977354863259,0.9977148136845486,M2D,150,TS
17,191,0.9974704408888537,0.9977045415605849,M2D,150,TS
17,192,0.9974628881747938,0.9976673742609206,M2D,150,TS
17,193,0.9974755488038036,0.9976070822640812,M2D,150,TS
17,194,0.9974938234159549,0.9975700895123312,M2D,150,TS
17,195,0.9975989351942185,0.9975049662178324,M2D,150,TS
17,196,0.9975292329964532,0.9974683511830106,M2D,150,TS
17,197,0.997419619540284,0.9974360663373931,M2D,150,TS
17,198,0.997270094825708,0.9974081116809773,M2D,150,TS
17,199,0.9970806588527253,0.9973844872137633,M2D,150,TS
17,200,0.9968513116213358,0.9973651929357508,M2D,150,TS
18,151,0.9967286752306215,0.9969518300894358,M2D,150,TS
18,152,0.996734180439968,0.9969296884433585,M2D,150,TS
18,153,0.9967286473994351,0.9969039785683109,M2D,150,TS
18,154,0.9967120761090231,0.996874700464293,M2D,150,TS
18,155,0.9966844665687318,0.9968418541313048,M2D,150,TS
18,156,0.9966458187785637,0.9968054395693491,M2D,150,TS
18,157,0.9965932376844059,0.9967698526744294,M2D,150,TS
18,158,0.996527560446605,0.9967284809623289,M2D,150,TS
18,159,0.9964576808305154,0.9966831989273008,M2D,150,TS
18,160,0.9963852885555852,0.9966339163036072,M2D,150,TS
18,161,0.9963093425696747,0.9965834722405044,M2D,150,TS
18,162,0.996241155290386,0.9965113732018794,M2D,150,TS
18,163,0.9961930232600331,0.996444289611645,M2D,150,TS
18,164,0.9961534929420675,0.9963948087469536,M2D,150,TS
18,165,0.9961282542437089,0.9963570450994643,M2D,150,TS
18,166,0.9961340704382093,0.9963327933886091,M2D,150,TS
18,167,0.9961332036581544,0.99631521388081,M2D,150,TS
18,168,0.9961445950325705,0.9963160538832668,M2D,150,TS
18,169,0.9961564930828966,0.996300529317844,M2D,150,TS
18,170,0.9961554243304382,0.9962892475306242,M2D,150,TS
18,171,0.9961540709408457,0.996243005972243,M2D,150,TS
18,172,0.9961171965817952,0.996170370528998,M2D,150,TS
18,173,0.9960709459919943,0.9961121169298116,M2D,150,TS
18,174,0.9960208668691528,0.9960568765325699,M2D,150,TS
18,175,0.9959813926061627,0.9960168087784014,M2D,150,TS
18,176,0.995958089004092,0.9959740449168135,M2D,150,TS
18,177,0.9959376291560111,0.9959521148497904,M2D,150,TS
18,178,0.9959178524370527,0.9959488282742466,M2D,150,TS
18,179,0.995896460375093,0.9959473604297076,M2D,150,TS
18,180,0.9958710421699442,0.9959538870240772,M2D,150,TS
18,181,0.9958367919253477,0.9959471267852771,M2D,150,TS
18,182,0.9957831257202757,0.9959396088997201,M2D,150,TS
18,183,0.9957326025198818,0.9959270927481276,M2D,150,TS
18,184,0.9956971290990027,0.9958976969956783,M2D,150,TS
18,185,0.9956599277889449,0.9958655788720543,M2D,150,TS
18,186,0.9956296855841797,0.9958084905009841,M2D,150,TS
18,187,0.9955981713458765,0.995751119281485,M2D,150,TS
18,188,0.9955528767442439,0.9956988893073234,M2D,150,TS
18,189,0.9954912232503919,0.995653575220125,M2D,150,TS
18,190,0.9954337333107592,0.9956088541222148,M2D,150,TS
18,191,0.9953760597201944,0.9955770699200328,M2D,150,TS
18,192,0.9953032597925409,0.9955202209594238,M2D,150,TS
18,193,0.9952215665357579,0.9954420440893298,M2D,150,TS
18,194,0.9951472511607411,0.9953859829688977,M2D,150,TS
18,195,0.9950705577024481,0.9953059558979046,M2D,150,TS
18,196,0.9950302699225336,0.9952470242645468,M2D,150,TS
18,197,0.9950046135818877,0.9951906928720115,M2D,150,TS
18,198,0.9949935886805082,0.9951369617202956,M2D,150,TS
18,199,0.9949971952183951,0.9950858308093996,M2D,150,TS
18,200,0.9950154331955485,0.9950373001393231,M2D,150,TS
19,151,0.9983541625402169,0.9983271567468937,M2D,150,TS
19,152,0.998313949241844,0.9983244191761563,M2D,150,TS
19,153,0.9982766524905043,0.9983177407529338,M2D,150,TS
19,154,0.9982422722861977,0.9983071214772257,M2D,150,TS
19,155,0.9982108086289242,0.9982925613490321,M2D,150,TS
19,156,0.9981822615186868,0.998274060368356,M2D,150,TS
19,157,0.9981634010364282,0.9982562960625044,M2D,150,TS
19,158,0.9981526300088968,0.9982314656256722,M2D,150,TS
19,159,0.998118417587482,0.9982031813765967,M2D,150,TS
19,160,0.9980856048046101,0.9981708829269688,M2D,150,TS
19,161,0.9980510460025163,0.9981366144583634,M2D,150,TS
19,162,0.9980122018525,0.9980784176286517,M2D,150,TS
19,163,0.9979886622993271,0.9980258176832321,M2D,150,TS
19,164,0.9979748072893371,0.9979919765665183,M2D,150,TS
19,165,0.9979576989069638,0.9979710652132175,M2D,150,TS
19,166,0.9979557420190031,0.9979654700417475,M2D,150,TS
19,167,0.9979701549299111,0.9979675103352822,M2D,150,TS
19,168,0.9979696476288039,0.9979891124314779,M2D,150,TS
19,169,0.9979757712917408,0.9979936068377318,M2D,150,TS
19,170,0.9979679876075439,0.998002934186456,M2D,150,TS
19,171,0.9979505371878232,0.9979732657639955,M2D,150,TS
19,172,0.9979374164180058,0.9979130021334903,M2D,150,TS
19,173,0.9979284641604969,0.9978689227657022,M2D,150,TS
19,174,0.9979243138901803,0.9978279263725026,M2D,150,TS
19,175,0.9979137758823782,0.9978043883310593,M2D,150,TS
19,176,0.9979146632249826,0.9977782720865556,M2D,150,TS
19,177,0.9979219630620617,0.9977743443057799,M2D,150,TS
19,178,0.9979164416020232,0.9977908443600091,M2D,150,TS
19,179,0.9978810831926193,0.9978108367593578,M2D,150,TS
19,180,0.9978462976686268,0.997839316360645,M2D,150,TS
19,181,0.9978140490845031,0.9978513933942628,M2D,150,TS
19,182,0.9978019663708897,0.9978620220101442,M2D,150,TS
19,183,0.9977817707485597,0.9978689235525559,M2D,150,TS
19,184,0.997760137049204,0.9978579706680067,M2D,150,TS
19,185,0.9977178738287117,0.9978451081408101,M2D,150,TS
19,186,0.9976769311981306,0.9978048109324579,M2D,150,TS
19,187,0.9976246500837709,0.9977648090891952,M2D,150,TS
19,188,0.9975481718358651,0.9977311020492069,M2D,150,TS
19,189,0.997464250420944,0.9977049819315034,M2D,150,TS
19,190,0.9974058504213121,0.9976781924621849,M2D,150,TS
19,191,0.9973498303501193,0.9976655115807301,M2D,150,TS
19,192,0.9973111514638624,0.9976249589389778,M2D,150,TS
19,193,0.9972846686521686,0.9975612026498902,M2D,150,TS
19,194,0.9972725060212573,0.9975202347716334,M2D,150,TS
19,195,0.9972586462336028,0.9974527693645003,M2D,150,TS
19,196,0.9972579269779204,0.9974091773555598,M2D,150,TS
19,197,0.997266220569223,0.9973684348259796,M2D,150,TS
19,198,0.9972835270075077,0.9973305417757572,M2D,150,TS
19,199,0.9973098462927743,0.9972954982048926,M2D,150,TS
19,200,0.997345178425023,0.9972633041133857,M2D,150,TS
20,151,0.9973616389364621,0.9975802283049853,M2D,150,TS
20,152,0.9974075197253998,0.9975662271219059,M2D,150,TS
20,153,0.9974215049847107,0.9975491769198337,M2D,150,TS
20,154,0.997403594714395,0.9975290776987685,M2D,150,TS
20,155,0.9973537889144526,0.9975059294587105,M2D,150,TS
20,156,0.9972720875848866,0.9974797321996626,M2D,150,TS
20,157,0.9971109528470454,0.9974566270408042,M2D,150,TS
20,158,0.9969958467251645,0.9974250930308207,M2D,150,TS
20,159,0.9968982250774934,0.9973894504623935,M2D,150,TS
20,160,0.9968057423558895,0.9973493620791806,M2D,150,TS
20,161,0.9967649835522265,0.9973065494357167,M2D,150,TS
20,162,0.9967462230467132,0.9972408889951487,M2D,150,TS
20,163,0.9967562441604744,0.9971801351439948,M2D,150,TS
20,164,0.9968197596582506,0.9971360755731322,M2D,150,TS
20,165,0.9969000064872323,0.9971037099365995,M2D,150,TS
20,166,0.9969981041843179,0.9970856734554843,M2D,150,TS
20,167,0.9968934864706803,0.997080051720504,M2D,150,TS
20,168,0.996978171831189,0.9970884466977843,M2D,150,TS
20,169,0.9968581736723161,0.9970852814248302,M2D,150,TS
20,170,0.9967202675194098,0.9970863558350203,M2D,150,TS
20,171,0.9966286239580148,0.9970504376015534,M2D,150,TS
20,172,0.9965689094138606,0.9969856319795644,M2D,150,TS
20,173,0.9966561260440131,0.9969318952118456,M2D,150,TS
20,174,0.9965639000607831,0.9968860696258295,M2D,150,TS
20,175,0.9964988305626201,0.996855671722684,M2D,150,TS
20,176,0.9964825142151799,0.9968210424103733,M2D,150,TS
20,177,0.9965271691823476,0.996806403649299,M2D,150,TS
20,178,0.9966247076581672,0.9968096941472164,M2D,150,TS
20,179,0.9965231349097945,0.9968196081425945,M2D,150,TS
20,180,0.9964948170830299,0.9968359134641775,M2D,150,TS
20,181,0.9965423828461333,0.996836108653865,M2D,150,TS
20,182,0.9965689321766831,0.9968359938791551,M2D,150,TS
20,183,0.99662696643056,0.9968307053656904,M2D,150,TS
20,184,0.9964687216956917,0.9968138397467712,M2D,150,TS
20,185,0.9964055226886985,0.9967917525425497,M2D,150,TS
20,186,0.9964305090450565,0.9967412615300907,M2D,150,TS
20,187,0.9962479179393413,0.9966962591134172,M2D,150,TS
20,188,0.9960964738165874,0.9966556074125179,M2D,150,TS
20,189,0.9959848674786759,0.9966205550886348,M2D,150,TS
20,190,0.9959041879371922,0.9965855276452833,M2D,150,TS
20,191,0.9958612410572101,0.9965627301800871,M2D,150,TS
20,192,0.9958008059821721,0.996514719972882,M2D,150,TS
20,193,0.9957761643512522,0.9964438773748735,M2D,150,TS
20,194,0.9958041770686448,0.9963935819135203,M2D,150,TS
20,195,0.9958724204484426,0.9963176690951291,M2D,150,TS
20,196,0.9959026605517954,0.9962653868254977,M2D,150,TS
20,197,0.9959341167151717,0.9962160238664769,M2D,150,TS
20,198,0.9959667889385689,0.996169580218064,M2D,150,TS
20,199,0.996000677221987,0.996126055880259,M2D,150,TS
20,200,0.9960357815654259,0.9960854508530621,M2D,150,TS
21,151,0.9956912339585707,0.9956506365612766,M2D,150,TS
21,152,0.9956361582846758,0.9956174637597116,M2D,150,TS
21,153,0.9955777660134763,0.9955805885926281,M2D,150,TS
21,154,0.9955160571449724,0.9955400110600263,M2D,150,TS
21,155,0.995451031679164,0.995495731161906,M2D,150,TS
21,156,0.995382689616054,0.9954477488982703,M2D,150,TS
21,157,0.9953032813292844,0.9954010688779742,M2D,150,TS
21,158,0.9952288312847336,0.9953474126118984,M2D,150,TS
21,159,0.9951657989556684,0.9952897287836012,M2D,150,TS
21,160,0.9950827836652403,0.99522845058553,M2D,150,TS
21,161,0.9950040504535111,0.9951652503675026,M2D,150,TS
21,162,0.9949378275730777,0.9950789424184664,M2D,150,TS
21,163,0.994872731051322,0.9949983288673908,M2D,150,TS
21,164,0.9948462154708643,0.9949349070276882,M2D,150,TS
21,165,0.9948455456205259,0.9948827771350995,M2D,150,TS
21,166,0.9948506100983525,0.994845574230428,M2D,150,TS
21,167,0.9948442953928711,0.9948159125593856,M2D,150,TS
21,168,0.994858696630907,0.9948043109463275,M2D,150,TS
21,169,0.9948599240004905,0.9947765449755333,M2D,150,TS
21,170,0.9948275598015108,0.9947536509986296,M2D,150,TS
21,171,0.9947749222348143,0.994694370349986,M2D,150,TS
21,172,0.9947228452351056,0.9946065979248981,M2D,150,TS
21,173,0.994660418753779,0.9945345926825386,M2D,150,TS
21,174,0.9946132830160076,0.9944656291335591,M2D,150,TS
21,175,0.9945781416702075,0.9944116987132392,M2D,150,TS
21,176,0.9945183042464286,0.9943563127366791,M2D,150,TS
21,177,0.994460904363839,0.9943226755554774,M2D,150,TS
21,178,0.9944207553588466,0.9943080944517569,M2D,150,TS
21,179,0.9943659110086336,0.9942961302028441,M2D,150,TS
21,180,0.9943098604053411,0.9942926752553324,M2D,150,TS
21,181,0.9942479000109743,0.9942749262330647,M2D,150,TS
21,182,0.9941933460671152,0.994255820023999,M2D,150,TS
21,183,0.9941428593360844,0.9942329446554828,M2D,150,TS
21,184,0.9941003087097292,0.9941925766848866,M2D,150,TS
21,185,0.994049879015029,0.9941488266879976,M2D,150,TS
21,186,0.9939787237981907,0.9940800046230734,M2D,150,TS
21,187,0.9939123404758661,0.9940105498324532,M2D,150,TS
21,188,0.9938302001053307,0.9939469463078363,M2D,150,TS
21,189,0.9937594602523034,0.993889849190838,M2D,150,TS
21,190,0.9936779827658371,0.993833399542513,M2D,150,TS
21,191,0.9935713169909226,0.9937911080307272,M2D,150,TS
21,192,0.9934749826288649,0.9937217333881871,M2D,150,TS
21,193,0.9933924321192207,0.9936303401250046,M2D,150,TS
21,194,0.9933409069786632,0.9935603082946457,M2D,150,TS
21,195,0.9933053047706054,0.9934650082509451,M2D,150,TS
21,196,0.9932830596003424,0.9933922534560258,M2D,150,TS
21,197,0.9932787843572951,0.9933220196505332,M2D,150,TS
21,198,0.9932924790414607,0.9932543068344648,M2D,150,TS
21,199,0.9933241436528392,0.9931891150078203,M2D,150,TS
21,200,0.9933737781914306,0.9931264441705998,M2D,150,TS
22,151,0.9979528761834789,0.9978336075977752,M2D,150,TS
22,152,0.9979072381966131,0.9978242989850973,M2D,150,TS
22,153,0.9978617640595299,0.9978111451283925,M2D,150,TS
22,154,0.997816453772229,0.997794146027661,M2D,150,TS
22,155,0.9977713073347109,0.9977733016829026,M2D,150,TS
22,156,0.9977263247469779,0.9977486120941201,M2D,150,TS
22,157,0.9976623722504454,0.9977257830103373,M2D,150,TS
22,158,0.9976220530829301,0.9976948659439906,M2D,150,TS
22,159,0.9975850693515447,0.99766004028901,M2D,150,TS
22,160,0.9975521284025106,0.9976209733338121,M2D,150,TS
22,161,0.9975274650059696,0.997579605119851,M2D,150,TS
22,162,0.99750044667464,0.9975141336993655,M2D,150,TS
22,163,0.9974735928424314,0.997454676702553,M2D,150,TS
22,164,0.9974506677254206,0.9974140711133005,M2D,150,TS
22,165,0.9974375716473516,0.9973857957116976,M2D,150,TS
22,166,0.9974409607621424,0.9973728746057237,M2D,150,TS
22,167,0.9974532155137844,0.9973679429341025,M2D,150,TS
22,168,0.9974715255646589,0.9973818890581576,M2D,150,TS
22,169,0.9974882601035546,0.9973788406323204,M2D,150,TS
22,170,0.9974927470335335,0.9973803798456246,M2D,150,TS
22,171,0.9974823827231087,0.9973432091446801,M2D,150,TS
22,172,0.9974560568032118,0.9972761692560724,M2D,150,TS
22,173,0.9974282640273349,0.9972256234434722,M2D,150,TS
22,174,0.9974235959318766,0.9971779347840879,M2D,150,TS
22,175,0.9974112134769693,0.9971475555877843,M2D,150,TS
22,176,0.9974167092627432,0.9971140958384325,M2D,150,TS
22,177,0.9974104067819365,0.9971035371092174,M2D,150,TS
22,178,0.9973914928461298,0.9971135989106825,M2D,150,TS
22,179,0.9973688547367965,0.9971261758924828,M2D,150,TS
22,180,0.9973364659420498,0.9971477309683091,M2D,150,TS
22,181,0.9972937885930526,0.9971534377203279,M2D,150,TS
22,182,0.9972503787900733,0.9971584045885833,M2D,150,TS
22,183,0.9972196642067779,0.9971594376004123,M2D,150,TS
22,184,0.9971947514642006,0.9971422567138575,M2D,150,TS
22,185,0.9971539974562448,0.9971226839574882,M2D,150,TS
22,186,0.99711660853755,0.9970753781526588,M2D,150,TS
22,187,0.9970594165220095,0.9970287061302937,M2D,150,TS
22,188,0.9969981574821415,0.9969879125751501,M2D,150,TS
22,189,0.996932905442551,0.9969545211230207,M2D,150,TS
22,190,0.9968700312810477,0.9969212444647567,M2D,150,TS
22,191,0.9967969001664407,0.9969024070306329,M2D,150,TS
22,192,0.9967343004587343,0.9968558653765338,M2D,150,TS
22,193,0.9966924120561809,0.9967860447301349,M2D,150,TS
22,194,0.9966737251724511,0.9967383191956364,M2D,150,TS
22,195,0.9966714083321956,0.9966637537896641,M2D,150,TS
22,196,0.9966745969745014,0.996613246956008,M2D,150,TS
22,197,0.9966913347168012,0.9965654301638104,M2D,150,TS
22,198,0.9967216215590917,0.9965203034130685,M2D,150,TS
22,199,0.9967654575013734,0.9964778667037825,M2D,150,TS
22,200,0.996822842543646,0.9964381200359521,M2D,150,TS
23,151,0.9957291000885199,0.9958805799708662,M2D,150,TS
23,152,0.995655804722311,0.9958517623885292,M2D,150,TS
23,153,0.995583265767001,0.995819037946395,M2D,150,TS
23,154,0.9955114832225899,0.9957824066444635,M2D,150,TS
23,155,0.9954404570890777,0.9957418684827346,M2D,150,TS
23,156,0.9953701873664672,0.9956974234612115,M2D,150,TS
23,157,0.9952964816511591,0.9956533937065487,M2D,150,TS
23,158,0.9952337450924627,0.9956028424670043,M2D,150,TS
23,159,0.9951646689343825,0.9955487470115724,M2D,150,TS
23,160,0.9950886447357687,0.9954905371091052,M2D,150,TS
23,161,0.9950125348933974,0.9954317010622338,M2D,150,TS
23,162,0.9949454753952015,0.9953530039551283,M2D,150,TS
23,163,0.9948705612965933,0.9952796864039014,M2D,150,TS
23,164,0.9948185960203811,0.9952226540229686,M2D,150,TS
23,165,0.9947838854552487,0.9951766205449787,M2D,150,TS
23,166,0.9947588975268944,0.9951436232505109,M2D,150,TS
23,167,0.9947590577003345,0.995115393604394,M2D,150,TS
23,168,0.9947644068394659,0.9951055632849453,M2D,150,TS
23,169,0.9947660037795605,0.9950796565674663,M2D,150,TS
23,170,0.9947637944757017,0.9950572110955804,M2D,150,TS
23,171,0.9947466162556119,0.995003633225492,M2D,150,TS
23,172,0.9947189951630708,0.994925412636986,M2D,150,TS
23,173,0.9946621370785891,0.9948605230678019,M2D,150,TS
23,174,0.9946149970545015,0.9947982357577555,M2D,150,TS
23,175,0.9945695964921818,0.9947502478943979,M2D,150,TS
23,176,0.9945269742307985,0.9946993508522118,M2D,150,TS
23,177,0.9944802338775807,0.9946685703669906,M2D,150,TS
23,178,0.99442978382032,0.994655699606688,M2D,150,TS
23,179,0.994383440304972,0.9946435093035096,M2D,150,TS
23,180,0.9943415393688771,0.9946387445781902,M2D,150,TS
23,181,0.9942902372324994,0.9946229288297344,M2D,150,TS
23,182,0.9942375416961541,0.9946057608924982,M2D,150,TS
23,183,0.9941733265295782,0.9945833158560358,M2D,150,TS
23,184,0.9941300293605158,0.9945447020428144,M2D,150,TS
23,185,0.9940893572924874,0.9945030842655774,M2D,150,TS
23,186,0.9940361842867442,0.9944384270007492,M2D,150,TS
23,187,0.9939514980828261,0.9943744435601238,M2D,150,TS
23,188,0.9938687256791139,0.9943146507214212,M2D,150,TS
23,189,0.9937819685524725,0.9942607215717358,M2D,150,TS
23,190,0.9937040166065777,0.9942079490488329,M2D,150,TS
23,191,0.9936094491179026,0.9941676327789023,M2D,150,TS
23,192,0.9935086087142964,0.9941036180614622,M2D,150,TS
23,193,0.9934110201584094,0.9940187933676345,M2D,150,TS
23,194,0.9933458424257315,0.9939544032160224,M2D,150,TS
23,195,0.9932978906382908,0.9938673959340962,M2D,150,TS
23,196,0.993268502233414,0.9938003267309312,M2D,150,TS
23,197,0.9932555990533375,0.9937356526262369,M2D,150,TS
23,198,0.9932591810980587,0.9936733736200103,M2D,150,TS
23,199,0.9932792483675777,0.9936134897122515,M2D,150,TS
23,200,0.9933158008618946,0.9935560009029607,M2D,150,TS
26,151,0.9959505042486115,0.9958417993960655,M2D,150,TS
26,152,0.9959391513915293,0.9958138715836733,M2D,150,TS
26,153,0.9959235813440527,0.9957823415253468,M2D,150,TS
26,154,0.9959037941061815,0.9957472092210863,M2D,150,TS
26,155,0.9958797896779156,0.9957084746708915,M2D,150,TS
26,156,0.9958515680592581,0.9956661378747655,M2D,150,TS
26,157,0.9958072894134908,0.9956301959918198,M2D,150,TS
26,158,0.9957666449082698,0.9955782354390358,M2D,150,TS
26,159,0.9957290508396146,0.9955260213330305,M2D,150,TS
26,160,0.9956855218293663,0.9954676789167903,M2D,150,TS
26,161,0.9956471401855236,0.9954060349781327,M2D,150,TS
26,162,0.9956172217042869,0.9953156995873532,M2D,150,TS
26,163,0.9955702454172622,0.9952320825679062,M2D,150,TS
26,164,0.9955319666902213,0.9951676128260741,M2D,150,TS
26,165,0.9954958282837898,0.9951140616254167,M2D,150,TS
26,166,0.9954580497498497,0.9950789192051634,M2D,150,TS
26,167,0.9954201972989694,0.9950557774898333,M2D,150,TS
26,168,0.9954003162585383,0.9950509495453166,M2D,150,TS
26,169,0.9953739741361689,0.9950267497810457,M2D,150,TS
26,170,0.9953283702185327,0.995005507729686,M2D,150,TS
26,171,0.9952770786212812,0.9949425864620755,M2D,150,TS
26,172,0.9952158335301919,0.9948476577607306,M2D,150,TS
26,173,0.9951514651758169,0.9947736377449019,M2D,150,TS
26,174,0.9950852331987592,0.9947069856012909,M2D,150,TS
26,175,0.9950159682286617,0.9946579875118435,M2D,150,TS
26,176,0.994937142898188,0.9946021031646813,M2D,150,TS
26,177,0.9948684720981864,0.9945727290255437,M2D,150,TS
26,178,0.994824032753938,0.9945669665810256,M2D,150,TS
26,179,0.9947916678182149,0.9945609719688417,M2D,150,TS
26,180,0.9947660354292998,0.9945666334056946,M2D,150,TS
26,181,0.9947581952186065,0.9945543625148239,M2D,150,TS
26,182,0.9947504723156242,0.9945436793076027,M2D,150,TS
26,183,0.9947581154144762,0.9945345807080009,M2D,150,TS
26,184,0.99477481366559,0.9945032737500238,M2D,150,TS
26,185,0.994767935465342,0.9944665284882097,M2D,150,TS
26,186,0.9947573642526486,0.9943957544083923,M2D,150,TS
26,187,0.9947425828269708,0.9943273786938511,M2D,150,TS
26,188,0.9947137593630634,0.9942679411734234,M2D,150,TS
26,189,0.9947103567853216,0.9942151198652079,M2D,150,TS
26,190,0.9946953152330662,0.9941639395518687,M2D,150,TS
26,191,0.994681869981461,0.9941276751822927,M2D,150,TS
26,192,0.9946622189775258,0.9940626456476079,M2D,150,TS
26,193,0.9946446633771215,0.9939748631088892,M2D,150,TS
26,194,0.9946319178289431,0.9939046648488856,M2D,150,TS
26,195,0.9945965515165704,0.9938077669838522,M2D,150,TS
26,196,0.9945587055634009,0.9937373559150796,M2D,150,TS
26,197,0.9945147672408209,0.9936697979052606,M2D,150,TS
26,198,0.994464736548828,0.9936050929543921,M2D,150,TS
26,199,0.9944086134874224,0.9935432410624746,M2D,150,TS
26,200,0.994346398056604,0.9934842422295077,M2D,150,TS
27,151,0.9956270353333843,0.9955779485329984,M2D,150,TS
27,152,0.9956308304875027,0.9955494255966583,M2D,150,TS
27,153,0.9956235063981074,0.9955174423459702,M2D,150,TS
27,154,0.9956050630651984,0.9954819987809341,M2D,150,TS
27,155,0.9955755004887756,0.9954430949015503,M2D,150,TS
27,156,0.9955348186688422,0.9954007307078211,M2D,150,TS
27,157,0.9954834006625471,0.9953644512084353,M2D,150,TS
27,158,0.995418425360461,0.9953122581925735,M2D,150,TS
27,159,0.9953565849148365,0.9952604401966503,M2D,150,TS
27,160,0.9952733097356826,0.9952024392037093,M2D,150,TS
27,161,0.9952144854349595,0.9951417167090021,M2D,150,TS
27,162,0.9951573562046216,0.9950556861094183,M2D,150,TS
27,163,0.9950850316767843,0.9949756156487544,M2D,150,TS
27,164,0.9949959437697586,0.9949137754066996,M2D,150,TS
27,165,0.9949210350328426,0.9948613994387798,M2D,150,TS
27,166,0.9948438679446346,0.9948256659586167,M2D,150,TS
27,167,0.9947548564922097,0.9948005501607845,M2D,150,TS
27,168,0.9946976510250903,0.9947930132470744,M2D,150,TS
27,169,0.9946473330066448,0.9947659917183528,M2D,150,TS
27,170,0.9945945152930386,0.9947404141759872,M2D,150,TS
27,171,0.9945447834265342,0.9946789405723366,M2D,150,TS
27,172,0.9945075395805032,0.9945890235896705,M2D,150,TS
27,173,0.9944889188554943,0.9945166311403995,M2D,150,TS
27,174,0.9944763021037695,0.9944513816818983,M2D,150,TS
27,175,0.9944619689353607,0.9944018894287072,M2D,150,TS
27,176,0.9944689801054403,0.9943434969461635,M2D,150,TS
27,177,0.9944851237885035,0.9943101023616885,M2D,150,TS
27,178,0.9944910894255776,0.9942998519507017,M2D,150,TS
27,179,0.9944799854294203,0.9942883815679783,M2D,150,TS
27,180,0.9944433259927755,0.994288903289702,M2D,150,TS
27,181,0.994388699724889,0.9942763368811287,M2D,150,TS
27,182,0.9943523016714957,0.9942647499642217,M2D,150,TS
27,183,0.9943249681714408,0.994253870498956,M2D,150,TS
27,184,0.99428351692634,0.9942229640359922,M2D,150,TS
27,185,0.9942383398808105,0.9941857658106187,M2D,150,TS
27,186,0.9942158639706631,0.9941160945413688,M2D,150,TS
27,187,0.9941856942445113,0.9940492335646982,M2D,150,TS
27,188,0.9941470624534154,0.9939902319269467,M2D,150,TS
27,189,0.9941038359803992,0.9939374212418189,M2D,150,TS
27,190,0.9940330063469403,0.9938879231446496,M2D,150,TS
27,191,0.9939755654170752,0.9938513662839261,M2D,150,TS
27,192,0.993924755344659,0.993788576253502,M2D,150,TS
27,193,0.9938759374482569,0.9937045372083458,M2D,150,TS
27,194,0.9938333304535465,0.9936361462651724,M2D,150,TS
27,195,0.9937877818081611,0.9935437904299521,M2D,150,TS
27,196,0.9937337446981204,0.9934752810327226,M2D,150,TS
27,197,0.9936772647437789,0.9934092550551736,M2D,150,TS
27,198,0.9936183419451339,0.9933457124973022,M2D,150,TS
27,199,0.9935569763021853,0.9932846533591086,M2D,150,TS
27,200,0.9934931678149332,0.9932260776405926,M2D,150,TS
28,151,0.9958768271134878,0.995545233350568,M2D,150,TS
28,152,0.9958069872774017,0.9955151886628288,M2D,150,TS
28,153,0.9957385062343753,0.9954813556342701,M2D,150,TS
28,154,0.9956713839844086,0.9954437342648919,M2D,150,TS
28,155,0.9956056205275016,0.9954023245546941,M2D,150,TS
28,156,0.9955412158636568,0.9953571265036798,M2D,150,TS
28,157,0.9954703721703593,0.9953168107662149,M2D,150,TS
28,158,0.9954017294613472,0.99526237533911,M2D,150,TS
28,159,0.9953492965457706,0.9952069841153837,M2D,150,TS
28,160,0.9952887605784829,0.995145684971521,M2D,150,TS
28,161,0.9952268306544811,0.9950822966243057,M2D,150,TS
28,162,0.9951706085295687,0.9949938044926312,M2D,150,TS
28,163,0.9951025837892211,0.9949112582149198,M2D,150,TS
28,164,0.9950259680471947,0.9948469350451771,M2D,150,TS
28,165,0.9949711867638683,0.9947924084533868,M2D,150,TS
28,166,0.9949195165957059,0.9947541942684243,M2D,150,TS
28,167,0.9948801619547997,0.9947253641414162,M2D,150,TS
28,168,0.9948288282290081,0.99471531042771,M2D,150,TS
28,169,0.994759286893276,0.9946871131480018,M2D,150,TS
28,170,0.9946900390221152,0.9946609453553132,M2D,150,TS
28,171,0.9946267177461146,0.9945980253677628,M2D,150,TS
28,172,0.9945784560647598,0.994506206520611,M2D,150,TS
28,173,0.9945622098053123,0.9944312683334704,M2D,150,TS
28,174,0.9945735190442897,0.9943620587164937,M2D,150,TS
28,175,0.9946043690732354,0.9943079306562166,M2D,150,TS
28,176,0.9946231319216181,0.9942474159817127,M2D,150,TS
28,177,0.9946438750046789,0.9942114434440095,M2D,150,TS
28,178,0.9946295992122275,0.9941986310488934,M2D,150,TS
28,179,0.9945936333057059,0.9941858101417452,M2D,150,TS
28,180,0.9945449739711748,0.9941840524201465,M2D,150,TS
28,181,0.9944893921720652,0.9941684135937576,M2D,150,TS
28,182,0.9944399381823597,0.9941534658410605,M2D,150,TS
28,183,0.9944161321713652,0.9941379525908313,M2D,150,TS
28,184,0.9943877023568948,0.994102743382182,M2D,150,TS
28,185,0.9943462800062939,0.9940619991557015,M2D,150,TS
28,186,0.9943019638171833,0.993990847326535,M2D,150,TS
28,187,0.9942709067133846,0.9939211101512297,M2D,150,TS
28,188,0.994239933611649,0.9938585943477415,M2D,150,TS
28,189,0.9942015542194994,0.9938026244731776,M2D,150,TS
28,190,0.9941377686530268,0.9937492427285124,M2D,150,TS
28,191,0.9940912929380132,0.9937088645784408,M2D,150,TS
28,192,0.9940443114741453,0.9936419606589977,M2D,150,TS
28,193,0.9940105493736837,0.9935533865865778,M2D,150,TS
28,194,0.9939496478780393,0.9934829293590212,M2D,150,TS
28,195,0.993885339415004,0.9933881213089959,M2D,150,TS
28,196,0.9938172778179344,0.9933170678269481,M2D,150,TS
28,197,0.9937457480426715,0.993248682415304,M2D,150,TS
28,198,0.9936707500892124,0.9931829650740609,M2D,150,TS
28,199,0.9935922839575569,0.9931199158032189,M2D,150,TS
28,200,0.9935103496477052,0.993059534602778,M2D,150,TS
29,151,0.9971053161646016,0.9971644799767357,M2D,150,TS
29,152,0.9970546443879883,0.9971500537345452,M2D,150,TS
29,153,0.9969999147314916,0.99713191772068,M2D,150,TS
29,154,0.9969411271951116,0.99711007193514,M2D,150,TS
29,155,0.9968782817788483,0.9970845163779254,M2D,150,TS
29,156,0.9968113784827042,0.997055251049039,M2D,150,TS
29,157,0.9967248965817403,0.9970284465481388,M2D,150,TS
29,158,0.9966387616759906,0.9969928539788416,M2D,150,TS
29,159,0.9965665081064645,0.9969539462551724,M2D,150,TS
29,160,0.9965136282181668,0.9969098392454315,M2D,150,TS
29,161,0.9964645471636396,0.9968638849516512,M2D,150,TS
29,162,0.9964205732676059,0.9967945672284183,M2D,150,TS
29,163,0.9963652681228199,0.9967312553547418,M2D,150,TS
29,164,0.9963280237515837,0.9966856465805086,M2D,150,TS
29,165,0.9963083764024314,0.9966512862458978,M2D,150,TS
29,166,0.9962999252139577,0.9966319696950428,M2D,150,TS
29,167,0.9962917071015146,0.9966205491336729,M2D,150,TS
29,168,0.9962900129355721,0.996627683665668,M2D,150,TS
29,169,0.9963176372464052,0.996616836900996,M2D,150,TS
29,170,0.996330514478867,0.9966098412514417,M2D,150,TS
29,171,0.99633957105396,0.9965663389570832,M2D,150,TS
29,172,0.9963433788354059,0.9964944905371932,M2D,150,TS
29,173,0.996316399630141,0.9964393122608636,M2D,150,TS
29,174,0.9962795277877291,0.9963885156894983,M2D,150,TS
29,175,0.996253321792555,0.9963533320663547,M2D,150,TS
29,176,0.9962191139567975,0.9963147512052943,M2D,150,TS
29,177,0.9961771816583925,0.996298822450314,M2D,150,TS
29,178,0.9961279864664458,0.9963032369312909,M2D,150,TS
29,179,0.9960935972765861,0.9963085360127966,M2D,150,TS
29,180,0.9960372576932366,0.9963233746707953,M2D,150,TS
29,181,0.9959856516483765,0.9963236931314325,M2D,150,TS
29,182,0.9959354462420607,0.9963234494278892,M2D,150,TS
29,183,0.9958692511216817,0.996320586886435,M2D,150,TS
29,184,0.9958310565509717,0.9962990814455952,M2D,150,TS
29,185,0.9957945079160518,0.996273796460113,M2D,150,TS
29,186,0.9957594622723526,0.9962212771353824,M2D,150,TS
29,187,0.995720506712767,0.9961692270094198,M2D,150,TS
29,188,0.9956817104654498,0.9961229451304261,M2D,150,TS
29,189,0.9956372887491772,0.9960834847453381,M2D,150,TS
29,190,0.9955685636190378,0.9960455726090625,M2D,150,TS
29,191,0.9954968102463866,0.9960211698905009,M2D,150,TS
29,192,0.9954372577928832,0.9959700883515274,M2D,150,TS
29,193,0.99534720467828,0.99589804872329,M2D,150,TS
29,194,0.9952711797727173,0.9958466345558087,M2D,150,TS
29,195,0.9952156734143542,0.9957698807948181,M2D,150,TS
29,196,0.9951853650628,0.9957155589854517,M2D,150,TS
29,197,0.9951711378661893,0.9956636958973448,M2D,150,TS
29,198,0.9951729918245189,0.9956142915304947,M2D,150,TS
29,199,0.9951909269377889,0.9955673458849015,M2D,150,TS
29,200,0.9952249432059993,0.9955228589605649,M2D,150,TS
30,151,0.9786156496830348,0.9788998469504997,M2D,150,TS
30,152,0.97849959995813,0.9787605428316596,M2D,150,TS
30,153,0.9783824134107618,0.9786179261021736,M2D,150,TS
30,154,0.9782640900409304,0.9784719967620416,M2D,150,TS
30,155,0.9781446298486357,0.9783227548112635,M2D,150,TS
30,156,0.9780240328338803,0.9781702002498425,M2D,150,TS
30,157,0.9778889014610461,0.9780286311525013,M2D,150,TS
30,158,0.9777682447260291,0.9778614824187027,M2D,150,TS
30,159,0.9776605185831237,0.9777000634298983,M2D,150,TS
30,160,0.97753377880097,0.9775291359340935,M2D,150,TS
30,161,0.9774259211339003,0.977355762872712,M2D,150,TS
30,162,0.9773195538559117,0.9771613250290888,M2D,150,TS
30,163,0.9771920347440073,0.9769715886840001,M2D,150,TS
30,164,0.9770537208353786,0.9767957777428619,M2D,150,TS
30,165,0.976874119681151,0.9766257854319793,M2D,150,TS
30,166,0.976676843904003,0.9764720794759956,M2D,150,TS
30,167,0.9764800237719291,0.9763268299614383,M2D,150,TS
30,168,0.9762819189345002,0.976197291417157,M2D,150,TS
30,169,0.9760779184118875,0.9760484647306757,M2D,150,TS
30,170,0.9758535861728687,0.9758970923042827,M2D,150,TS
30,171,0.975640084719773,0.9757216712385695,M2D,150,TS
30,172,0.9754444258391946,0.9755275380959268,M2D,150,TS
30,173,0.9752571500427585,0.9753505091369467,M2D,150,TS
30,174,0.9750693311365886,0.9751863027820731,M2D,150,TS
30,175,0.9748969062286892,0.9750243760924174,M2D,150,TS
30,176,0.9747300921460091,0.9748502256512284,M2D,150,TS
30,177,0.9745758297873253,0.9747017097828263,M2D,150,TS
30,178,0.9744064513106123,0.9745775344523393,M2D,150,TS
30,179,0.9742581496357877,0.974445180315485,M2D,150,TS
30,180,0.9741236702127505,0.9743264236720346,M2D,150,TS
30,181,0.9739996481604303,0.9742038827505015,M2D,150,TS
30,182,0.9738789733217553,0.9740835489920963,M2D,150,TS
30,183,0.9737841247686867,0.9739705289741845,M2D,150,TS
30,184,0.9736866657990332,0.9738366703841872,M2D,150,TS
30,185,0.9735904989506905,0.9736853447521314,M2D,150,TS
30,186,0.9734797771977106,0.9735083572378421,M2D,150,TS
30,187,0.9733510233290976,0.9733339665091502,M2D,150,TS
30,188,0.9731987434300009,0.9731699360663583,M2D,150,TS
30,189,0.9730811593001335,0.9730066536015377,M2D,150,TS
30,190,0.9729794485882934,0.9728482585489914,M2D,150,TS
30,191,0.9728458590800013,0.9727008327243332,M2D,150,TS
30,192,0.9727194183353756,0.9725297536968373,M2D,150,TS
30,193,0.9725771072263516,0.9723460612641711,M2D,150,TS
30,194,0.9724210447533566,0.9721673311528644,M2D,150,TS
30,195,0.9722410586237553,0.9719760522230896,M2D,150,TS
30,196,0.9720844632924925,0.9718007814732772,M2D,150,TS
30,197,0.971925259507695,0.9716270963350816,M2D,150,TS
30,198,0.97176344726936,0.9714549968085,M2D,150,TS
30,199,0.9715990265774874,0.9712844828935324,M2D,150,TS
30,200,0.9714319974320774,0.9711155545901788,M2D,150,TS
31,151,0.9975070046684483,0.9974485430699954,M2D,150,TS
31,152,0.997474092201904,0.9974280446092078,M2D,150,TS
31,153,0.9974387880343855,0.9974038376726249,M2D,150,TS
31,154,0.9974010921658929,0.9973759222602467,M2D,150,TS
31,155,0.9973610045964262,0.9973442983720733,M2D,150,TS
31,156,0.9973185253259879,0.9973089660081073,M2D,150,TS
31,157,0.9972511507658179,0.9972780429660488,M2D,150,TS
31,158,0.9971848111679518,0.9972351987373318,M2D,150,TS
31,159,0.9971480978372742,0.9971896876777601,M2D,150,TS
31,160,0.9971319010209514,0.9971383818268755,M2D,150,TS
31,161,0.9971251197669797,0.9970841651536096,M2D,150,TS
31,162,0.9971208142617026,0.9970033714220206,M2D,150,TS
31,163,0.9970887395225201,0.9969294283524885,M2D,150,TS
31,164,0.9970490605713396,0.9968749005463987,M2D,150,TS
31,165,0.9970042857558397,0.9968322847271087,M2D,150,TS
31,166,0.9969578503880083,0.9968069243497394,M2D,150,TS
31,167,0.9968884360628354,0.9967924622938671,M2D,150,TS
31,168,0.9968279092851762,0.9967966920515758,M2D,150,TS
31,169,0.9967573712929807,0.9967828215748875,M2D,150,TS
31,170,0.9966948078549835,0.9967720363451964,M2D,150,TS
31,171,0.9966349709782729,0.9967204417168326,M2D,150,TS
31,172,0.996591494356329,0.9966369195779861,M2D,150,TS
31,173,0.9965419818218111,0.9965724180085078,M2D,150,TS
31,174,0.9965113307933615,0.9965129355494396,M2D,150,TS
31,175,0.9964791181183416,0.9964709031267746,M2D,150,TS
31,176,0.9964635240505813,0.9964234777396008,M2D,150,TS
31,177,0.9964451825759255,0.9964009533292392,M2D,150,TS
31,178,0.9964224586446496,0.9964009693853335,M2D,150,TS
31,179,0.9963817573715876,0.9964027068962541,M2D,150,TS
31,180,0.9963609201896753,0.9964143093698643,M2D,150,TS
31,181,0.9963277652487826,0.9964092479163226,M2D,150,TS
31,182,0.9962946207306943,0.9964047113206517,M2D,150,TS
31,183,0.9962528918134679,0.9963998608810003,M2D,150,TS
31,184,0.9962236959859262,0.9963745321517085,M2D,150,TS
31,185,0.9961806766368064,0.9963450209440562,M2D,150,TS
31,186,0.9961562358257028,0.996283898474995,M2D,150,TS
31,187,0.9961461259271673,0.9962236462640242,M2D,150,TS
31,188,0.9961059648658412,0.9961714163895272,M2D,150,TS
31,189,0.9960572708541137,0.9961267866805393,M2D,150,TS
31,190,0.9960122097441348,0.9960827876286836,M2D,150,TS
31,191,0.9959512449869277,0.9960538060247371,M2D,150,TS
31,192,0.9959146986428828,0.9959959641296229,M2D,150,TS
31,193,0.9958371791458136,0.9959164666407687,M2D,150,TS
31,194,0.9957720818575309,0.9958567386494201,M2D,150,TS
31,195,0.9956880636310182,0.9957705043640962,M2D,150,TS
31,196,0.995610149220539,0.995709564971749,M2D,150,TS
31,197,0.9955296818882626,0.9956515523992179,M2D,150,TS
31,198,0.9954466616341862,0.9955964666465,M2D,150,TS
31,199,0.9953610884583096,0.9955443077135955,M2D,150,TS
31,200,0.9952729623606329,0.9954950756005041,M2D,150,TS
32,151,0.9976372787513029,0.997383216601553,M2D,150,TS
32,152,0.9975859283782122,0.997358985491848,M2D,150,TS
32,153,0.997537759894991,0.997330933853773,M2D,150,TS
32,154,0.9974927733016392,0.9972990616873282,M2D,150,TS
32,155,0.9974509685981569,0.9972633689925132,M2D,150,TS
32,156,0.9974123457845467,0.9972238557693313,M2D,150,TS
32,157,0.9973910714903576,0.9971863124343814,M2D,150,TS
32,158,0.9973645351764251,0.9971399918765621,M2D,150,TS
32,159,0.9973236525734257,0.9970907170697771,M2D,150,TS
32,160,0.9972787239121719,0.9970372725851181,M2D,150,TS
32,161,0.9972344983995737,0.9969806472715261,M2D,150,TS
32,162,0.9971726285375544,0.996897267513233,M2D,150,TS
32,163,0.9970815136859652,0.9968211521596633,M2D,150,TS
32,164,0.9970228364338789,0.9967642375912518,M2D,150,TS
32,165,0.9969708889751285,0.9967199217193283,M2D,150,TS
32,166,0.9969182256786682,0.9966932072807345,M2D,150,TS
32,167,0.9968728833104742,0.9966763898319075,M2D,150,TS
32,168,0.9968603327414325,0.9966777476358207,M2D,150,TS
32,169,0.9968612785135655,0.996661155117214,M2D,150,TS
32,170,0.9968686788578124,0.9966488604387187,M2D,150,TS
32,171,0.9969081763848517,0.9965918837219399,M2D,150,TS
32,172,0.9969420233445405,0.9965016682668444,M2D,150,TS
32,173,0.9969555279992341,0.9964314631574439,M2D,150,TS
32,174,0.9969494042176517,0.9963662391850728,M2D,150,TS
32,175,0.9969421889585828,0.9963187969143584,M2D,150,TS
32,176,0.9968777141211322,0.996270428641421,M2D,150,TS
32,177,0.9968280375656302,0.9962462191401892,M2D,150,TS
32,178,0.9967976306524424,0.9962436536795087,M2D,150,TS
32,179,0.9967544462986647,0.9962447315418771,M2D,150,TS
32,180,0.99670640641245,0.9962558214655265,M2D,150,TS
32,181,0.9966986004560046,0.9962470173708835,M2D,150,TS
32,182,0.9966953899063733,0.996237807585746,M2D,150,TS
32,183,0.996685822577861,0.9962276190699764,M2D,150,TS
32,184,0.9966502949747469,0.9961981991022502,M2D,150,TS
32,185,0.9966254627133584,0.9961645539599374,M2D,150,TS
32,186,0.9965679863271613,0.996101709453743,M2D,150,TS
32,187,0.9965344708143342,0.9960381879074518,M2D,150,TS
32,188,0.9964988250717449,0.9959818014534342,M2D,150,TS
32,189,0.996472074794096,0.9959333498135352,M2D,150,TS
32,190,0.9964329443745374,0.9958846520793451,M2D,150,TS
32,191,0.9964071385563611,0.9958510048344208,M2D,150,TS
32,192,0.99638051035617,0.9957873932931175,M2D,150,TS
32,193,0.9963321543374705,0.9957010573775813,M2D,150,TS
32,194,0.9962579876875047,0.9956381797934553,M2D,150,TS
32,195,0.9961316823678599,0.9955480943634802,M2D,150,TS
32,196,0.9960397422901545,0.9954835298429723,M2D,150,TS
32,197,0.9959416583034034,0.9954222869224397,M2D,150,TS
32,198,0.9958374304076035,0.9953643656018802,M2D,150,TS
32,199,0.9957270586027549,0.9953097658812936,M2D,150,TS
32,200,0.9956105428888574,0.9952584877606797,M2D,150,TS
33,151,0.9971866038348991,0.997227371506803,M2D,150,TS
33,152,0.9971771882546973,0.9972084771055143,M2D,150,TS
33,153,0.9971627874329976,0.9971859151749386,M2D,150,TS
33,154,0.9971434013697998,0.997159685715076,M2D,150,TS
33,155,0.9971190300651044,0.9971297887259264,M2D,150,TS
33,156,0.9970896735189142,0.9970962242074927,M2D,150,TS
33,157,0.9970750525561606,0.9970639853126253,M2D,150,TS
33,158,0.9970425841341679,0.9970240885650316,M2D,150,TS
33,159,0.9969901285945653,0.9969813622909158,M2D,150,TS
33,160,0.9969343104870382,0.9969343669491345,M2D,150,TS
33,161,0.9968498712257743,0.9968860111272169,M2D,150,TS
33,162,0.9967605827944513,0.9968133741825775,M2D,150,TS
33,163,0.9966678050407587,0.9967468201168316,M2D,150,TS
33,164,0.996574105338067,0.9966991850069069,M2D,150,TS
33,165,0.996518019421148,0.9966627770265521,M2D,150,TS
33,166,0.9965124608595439,0.9966409353782758,M2D,150,TS
33,167,0.9965141825532565,0.9966273327351696,M2D,150,TS
33,168,0.9965348749456002,0.9966321109572073,M2D,150,TS
33,169,0.9965777630163406,0.9966190663151303,M2D,150,TS
33,170,0.9966255238746355,0.996609878349902,M2D,150,TS
33,171,0.996656957677011,0.9965619965438699,M2D,150,TS
33,172,0.9966550091253424,0.996484823652899,M2D,150,TS
33,173,0.9966137619288136,0.9964256525134293,M2D,150,TS
33,174,0.9965502000997162,0.9963710459975559,M2D,150,TS
33,175,0.9964746392831506,0.9963334541893542,M2D,150,TS
33,176,0.9964297188078007,0.9962921480420486,M2D,150,TS
33,177,0.9963524304473172,0.9962746950247925,M2D,150,TS
33,178,0.9963035782007477,0.9962770287287629,M2D,150,TS
33,179,0.9962833687753415,0.9962807494109442,M2D,150,TS
33,180,0.996263535279786,0.996293506495228,M2D,150,TS
33,181,0.9962624508250876,0.9962897068012413,M2D,150,TS
33,182,0.9962451407180266,0.9962857664670375,M2D,150,TS
33,183,0.9962085193003893,0.9962795473549213,M2D,150,TS
33,184,0.9961343369655,0.9962560153665814,M2D,150,TS
33,185,0.9960713222389226,0.9962286846535219,M2D,150,TS
33,186,0.9959977556922955,0.9961738095167904,M2D,150,TS
33,187,0.9959310026846178,0.9961188071691794,M2D,150,TS
33,188,0.9958913374269002,0.9960690673830938,M2D,150,TS
33,189,0.9958676527629517,0.9960261210424911,M2D,150,TS
33,190,0.9958287970002899,0.9959838797265093,M2D,150,TS
33,191,0.9958101939978872,0.995955185385007,M2D,150,TS
33,192,0.9957553463743947,0.9958999450539796,M2D,150,TS
33,193,0.9956676125809258,0.9958232165956019,M2D,150,TS
33,194,0.9955510426928489,0.995769422970499,M2D,150,TS
33,195,0.9954382903886538,0.9956893163043996,M2D,150,TS
33,196,0.9953639686455392,0.9956323468959543,M2D,150,TS
33,197,0.9952958060850953,0.9955782279087035,M2D,150,TS
33,198,0.995233802707319,0.9955269593426451,M2D,150,TS
33,199,0.9951779585122102,0.9954785411977789,M2D,150,TS
33,200,0.9951282734997692,0.9954329734741046,M2D,150,TS
34,151,0.9966019173591216,0.9963948684368957,M2D,150,TS
34,152,0.9965375109004615,0.9963592652251723,M2D,150,TS
34,153,0.9964763859472371,0.9963198597504097,M2D,150,TS
34,154,0.9964185424994484,0.9962766520126082,M2D,150,TS
34,155,0.9963639805570954,0.9962296420117674,M2D,150,TS
34,156,0.9963127001201811,0.9961788297478905,M2D,150,TS
34,157,0.9962666149512827,0.9961310523513984,M2D,150,TS
34,158,0.9962313772546405,0.9960725111891073,M2D,150,TS
34,159,0.9961944141671855,0.9960115690834059,M2D,150,TS
34,160,0.9961536486065649,0.9959458945245114,M2D,150,TS
34,161,0.9961014414646291,0.9958775608181009,M2D,150,TS
34,162,0.9960531997214542,0.9957824401951904,M2D,150,TS
34,163,0.9959737831291746,0.9956943702227924,M2D,150,TS
34,164,0.9958895801595637,0.9956258889051008,M2D,150,TS
34,165,0.9958105437270061,0.9955692672913643,M2D,150,TS
34,166,0.9957351350167742,0.9955298753927673,M2D,150,TS
34,167,0.9956700869728872,0.9955002500214459,M2D,150,TS
34,168,0.9956347533603704,0.9954886363793383,M2D,150,TS
34,169,0.9956246217533973,0.9954585156837761,M2D,150,TS
34,170,0.9956381439208416,0.9954315215750309,M2D,150,TS
34,171,0.9956591928566096,0.995362406582994,M2D,150,TS
34,172,0.9956785063282084,0.9952613188816333,M2D,150,TS
34,173,0.9956721182871628,0.9951800623842278,M2D,150,TS
34,174,0.9956474420670414,0.9951044412293346,M2D,150,TS
34,175,0.9956137090233086,0.9950459462923859,M2D,150,TS
34,176,0.9955610584346923,0.9949843626871732,M2D,150,TS
34,177,0.9955001619276789,0.9949476623303474,M2D,150,TS
34,178,0.9954384586761857,0.9949332475922517,M2D,150,TS
34,179,0.9953924389841059,0.9949206929007058,M2D,150,TS
34,180,0.9953774793924586,0.9949175574414391,M2D,150,TS
34,181,0.995351102307958,0.9948972352376443,M2D,150,TS
34,182,0.9953200941072107,0.9948770685168818,M2D,150,TS
34,183,0.9952827946572366,0.9948565755388221,M2D,150,TS
34,184,0.9952469365732137,0.9948160747470322,M2D,150,TS
34,185,0.9952154748524293,0.9947706760904387,M2D,150,TS
34,186,0.9951500523424563,0.9946960366402459,M2D,150,TS
34,187,0.9950793958477373,0.9946219072987492,M2D,150,TS
34,188,0.9949994423017487,0.9945552357259269,M2D,150,TS
34,189,0.9949363986368576,0.994495792453621,M2D,150,TS
34,190,0.9948937771697592,0.9944358999382491,M2D,150,TS
34,191,0.9948373823582575,0.9943912317286945,M2D,150,TS
34,192,0.9947845605225776,0.99431727645549,M2D,150,TS
34,193,0.9947197686923281,0.9942210250160186,M2D,150,TS
34,194,0.9946657853548242,0.9941456072731486,M2D,150,TS
34,195,0.9946061635654042,0.994042955139788,M2D,150,TS
34,196,0.9945227695739276,0.9939665824213225,M2D,150,TS
34,197,0.9944266437355376,0.9938935283247352,M2D,150,TS
34,198,0.9943177860502315,0.9938237928500231,M2D,150,TS
34,199,0.9941961965180095,0.9937573759971863,M2D,150,TS
34,200,0.9940618751388715,0.9936942777662247,M2D,150,TS
35,151,0.9708355022098698,0.9715043431499016,M2D,150,TS
35,152,0.9706232971273814,0.9713231773338731,M2D,150,TS
35,153,0.9704123482237726,0.9711376299522577,M2D,150,TS
35,154,0.9702026554990436,0.9709477010050558,M2D,150,TS
35,155,0.9699942189531942,0.970753390492267,M2D,150,TS
35,156,0.9697870385862275,0.9705546984138944,M2D,150,TS
35,157,0.9696018384489045,0.9703912933404552,M2D,150,TS
35,158,0.9694066902960077,0.9701458102686488,M2D,150,TS
35,159,0.9691907774375861,0.969934150933884,M2D,150,TS
35,160,0.9689591770683395,0.9697042038427706,M2D,150,TS
35,161,0.9687235971385736,0.9694705525623363,M2D,150,TS
35,162,0.9684909954576939,0.9691983282375307,M2D,150,TS
35,163,0.9682610436433141,0.9689333775975982,M2D,150,TS
35,164,0.9680052315499246,0.9686846641758645,M2D,150,TS
35,165,0.9677421144430958,0.9684271711139741,M2D,150,TS
35,166,0.9674688810330241,0.9681890859460494,M2D,150,TS
35,167,0.9672224793203906,0.9679713006276053,M2D,150,TS
35,168,0.9669587291419212,0.967772923092312,M2D,150,TS
35,169,0.9667118424950825,0.9675328604285994,M2D,150,TS
35,170,0.9664732953879875,0.9672758040225109,M2D,150,TS
35,171,0.9662483939751392,0.9670025919961035,M2D,150,TS
35,172,0.9660367604950058,0.9667166317527617,M2D,150,TS
35,173,0.9658361031352474,0.966448837978676,M2D,150,TS
35,174,0.9657179820200885,0.9662051800951083,M2D,150,TS
35,175,0.965398903063109,0.9660043444944564,M2D,150,TS
35,176,0.9651107695513601,0.9657418793485323,M2D,150,TS
35,177,0.9648586894584708,0.9655193191355756,M2D,150,TS
35,178,0.9646059517150842,0.9653439773395517,M2D,150,TS
35,179,0.9643882166997789,0.9651320752023993,M2D,150,TS
35,180,0.9641961006035364,0.9649461366986177,M2D,150,TS
35,181,0.9640272715349796,0.9647694664698231,M2D,150,TS
35,182,0.9638750604309148,0.9646020497247424,M2D,150,TS
35,183,0.9637616535848109,0.9644473826121833,M2D,150,TS
35,184,0.9636730702771008,0.9642589572794014,M2D,150,TS
35,185,0.9633928104139688,0.9640689211936766,M2D,150,TS
35,186,0.9632178864531746,0.963790979031317,M2D,150,TS
35,187,0.9630336907275205,0.9635401035573953,M2D,150,TS
35,188,0.9628495860100664,0.9633119198400942,M2D,150,TS
35,189,0.9626592852063421,0.9630787036451144,M2D,150,TS
35,190,0.9624863981906412,0.9628639164108893,M2D,150,TS
35,191,0.9622996622069035,0.9626669832278397,M2D,150,TS
35,192,0.962078092225616,0.9624453776272722,M2D,150,TS
35,193,0.9618665865112527,0.9622035977861576,M2D,150,TS
35,194,0.9616412548576915,0.9619449280950325,M2D,150,TS
35,195,0.9614358471356016,0.9616714519945693,M2D,150,TS
35,196,0.961201517627503,0.9614224744829792,M2D,150,TS
35,197,0.9609579285332599,0.9611734298342711,M2D,150,TS
35,198,0.9607050798528697,0.9609243180484424,M2D,150,TS
35,199,0.9604429715863324,0.9606751391254928,M2D,150,TS
35,200,0.960171603733648,0.9604258930654226,M2D,150,TS
36,151,0.997249712584255,0.9973739347776757,M2D,150,TS
36,152,0.9972154172762042,0.9973494774674125,M2D,150,TS
36,153,0.9971789995152929,0.9973213062083756,M2D,150,TS
36,154,0.997140459301521,0.9972894210005644,M2D,150,TS
36,155,0.9970997966348885,0.9972538218439793,M2D,150,TS
36,156,0.9970570115153978,0.997214508738623,M2D,150,TS
36,157,0.9970046579680047,0.9971775221595399,M2D,150,TS
36,158,0.9969686482206144,0.9971314869163712,M2D,150,TS
36,159,0.9969200563535524,0.9970825647393743,M2D,150,TS
36,160,0.9968715066573071,0.9970292131814306,M2D,150,TS
36,161,0.9968318000074382,0.996973183130419,M2D,150,TS
36,162,0.9967904456524606,0.9968920866523678,M2D,150,TS
36,163,0.9967450065973904,0.996817171649416,M2D,150,TS
36,164,0.9967075419568214,0.9967611383170614,M2D,150,TS
36,165,0.9966555579475133,0.996717729730447,M2D,150,TS
36,166,0.9966267509321522,0.9966901309050117,M2D,150,TS
36,167,0.9966098276094819,0.9966711241929301,M2D,150,TS
36,168,0.9966018768888933,0.9966707255936794,M2D,150,TS
36,169,0.9966004306907286,0.9966528739840589,M2D,150,TS
36,170,0.9966146833399203,0.9966386125597033,M2D,150,TS
36,171,0.9966077477621891,0.9965847426444079,M2D,150,TS
36,172,0.9965977539307403,0.9965000925542252,M2D,150,TS
36,173,0.9965661319046721,0.9964335897551787,M2D,150,TS
36,174,0.9965214777919699,0.9963716508916588,M2D,150,TS
36,175,0.9964777629581296,0.9963263701013179,M2D,150,TS
36,176,0.996440912402908,0.9962780582892207,M2D,150,TS
36,177,0.9964186146922284,0.9962527662592691,M2D,150,TS
36,178,0.9963857116732568,0.9962487884460172,M2D,150,TS
36,179,0.9963546063483819,0.9962471521035701,M2D,150,TS
36,180,0.9963288634558722,0.9962547315878026,M2D,150,TS
36,181,0.9962965688704892,0.9962459161965928,M2D,150,TS
36,182,0.9962635886832707,0.996236648839363,M2D,150,TS
36,183,0.9962031674673537,0.9962259524596793,M2D,150,TS
36,184,0.9961471767957017,0.9961963341238587,M2D,150,TS
36,185,0.9960972067689576,0.9961626964553602,M2D,150,TS
36,186,0.9960463413731708,0.9961007086747955,M2D,150,TS
36,187,0.9960026784920379,0.9960385920783658,M2D,150,TS
36,188,0.9959544592063156,0.9959829637834531,M2D,150,TS
36,189,0.9959250300627196,0.9959342691603335,M2D,150,TS
36,190,0.9958922274711572,0.9958857722419716,M2D,150,TS
36,191,0.9958293886066625,0.9958524244902225,M2D,150,TS
36,192,0.995765335483495,0.9957909494222287,M2D,150,TS
36,193,0.9957003148226707,0.9957070334608462,M2D,150,TS
36,194,0.995627391698584,0.9956452758835493,M2D,150,TS
36,195,0.9955403124399587,0.9955572653221048,M2D,150,TS
36,196,0.9954805586967708,0.9954932382404131,M2D,150,TS
36,197,0.9954264714940575,0.9954320959062415,M2D,150,TS
36,198,0.9953780508318164,0.995373838319587,M2D,150,TS
36,199,0.9953352967100472,0.9953184654804499,M2D,150,TS
36,200,0.99529820912875,0.99526597738883,M2D,150,TS
37,151,0.9965019333152146,0.9964096691547558,M2D,150,TS
37,152,0.9964694571575795,0.9963826192287626,M2D,150,TS
37,153,0.9964398339062805,0.9963517266849865,M2D,150,TS
37,154,0.9964130635613178,0.9963169915234275,M2D,150,TS
37,155,0.996389146122691,0.9962784137440855,M2D,150,TS
37,156,0.9963680815904032,0.9962359933469636,M2D,150,TS
37,157,0.9963490586328874,0.9961990970153958,M2D,150,TS
37,158,0.9963269375888311,0.9961466614838794,M2D,150,TS
37,159,0.9963303170404907,0.9960934336567752,M2D,150,TS
37,160,0.9963080238439647,0.9960345132360233,M2D,150,TS
37,161,0.9962673245878804,0.9959736454674688,M2D,150,TS
37,162,0.9962214526435222,0.9958864361231141,M2D,150,TS
37,163,0.9961879055001555,0.995804713282391,M2D,150,TS
37,164,0.9961306701770047,0.9957421944476451,M2D,150,TS
37,165,0.9960900900021823,0.9956896874484175,M2D,150,TS
37,166,0.9960432487407358,0.9956546290633268,M2D,150,TS
37,167,0.9959854509066499,0.9956307691359245,M2D,150,TS
37,168,0.9959160561365994,0.995625919479629,M2D,150,TS
37,169,0.9958569802074928,0.9956014710284669,M2D,150,TS
37,170,0.9957662455489219,0.9955798970958939,M2D,150,TS
37,171,0.9956880683713041,0.9955195037336165,M2D,150,TS
37,172,0.9956080782198464,0.9954292006125561,M2D,150,TS
37,173,0.9955606775176998,0.995357018649668,M2D,150,TS
37,174,0.9955120785466457,0.9952919526597978,M2D,150,TS
37,175,0.9954808803524499,0.9952429698377535,M2D,150,TS
37,176,0.9954506177027564,0.9951864157977406,M2D,150,TS
37,177,0.9954183536983681,0.9951556560189095,M2D,150,TS
37,178,0.9953932966323247,0.9951479989807058,M2D,150,TS
37,179,0.9953923610878223,0.9951389079328372,M2D,150,TS
37,180,0.9953868675599784,0.9951413197825894,M2D,150,TS
37,181,0.9953917461635877,0.9951281265071772,M2D,150,TS
37,182,0.9953901312199135,0.9951165337220235,M2D,150,TS
37,183,0.9953922860863642,0.9951059349801307,M2D,150,TS
37,184,0.9953880099067464,0.9950746117311268,M2D,150,TS
37,185,0.9953666373421521,0.9950377362168761,M2D,150,TS
37,186,0.9953484354532294,0.994968193715485,M2D,150,TS
37,187,0.9953073394789067,0.994901661809868,M2D,150,TS
37,188,0.995273999357108,0.9948427791371991,M2D,150,TS
37,189,0.9952529182455478,0.9947902108577565,M2D,150,TS
37,190,0.9952391298196135,0.9947393567232128,M2D,150,TS
37,191,0.9952192158360047,0.9947027064474833,M2D,150,TS
37,192,0.9951923431644915,0.994638983708174,M2D,150,TS
37,193,0.9951508934552221,0.9945537595363381,M2D,150,TS
37,194,0.9951104389407375,0.9944855083563394,M2D,150,TS
37,195,0.9950618088287271,0.9943919435366391,M2D,150,TS
37,196,0.9950154554714992,0.9943231162898898,M2D,150,TS
37,197,0.9949659312192999,0.9942569401300834,M2D,150,TS
37,198,0.9949132360721268,0.9941934150572168,M2D,150,TS
37,199,0.9948573700299796,0.9941325410712903,M2D,150,TS
37,200,0.9947983330928587,0.994074318172304,M2D,150,TS
38,151,0.9957616051958313,0.9956140331142986,M2D,150,TS
38,152,0.9957314885866928,0.9955836264616471,M2D,150,TS
38,153,0.9956977925023123,0.9955495830799947,M2D,150,TS
38,154,0.9956605169426898,0.9955119029693416,M2D,150,TS
38,155,0.9956196619078251,0.9954705861296874,M2D,150,TS
38,156,0.9955752273977213,0.9954256325610353,M2D,150,TS
38,157,0.995517725820833,0.995387254596442,M2D,150,TS
38,158,0.9954758179475978,0.9953315551050607,M2D,150,TS
38,159,0.9954175219782051,0.9952769607141949,M2D,150,TS
38,160,0.9953551016070327,0.9952156555388715,M2D,150,TS
38,161,0.9952977811612724,0.9951517766837524,M2D,150,TS
38,162,0.995246280565976,0.9950613648935215,M2D,150,TS
38,163,0.9951586356592749,0.9949777422334418,M2D,150,TS
38,164,0.9951154528594421,0.9949110088532723,M2D,150,TS
38,165,0.9950728276894184,0.994854205643682,M2D,150,TS
38,166,0.995010355410051,0.9948151981269067,M2D,150,TS
38,167,0.9949492371241941,0.9947871133048006,M2D,150,TS
38,168,0.99489873483081,0.9947772214249534,M2D,150,TS
38,169,0.9948311133460985,0.9947482830405725,M2D,150,TS
38,170,0.9947797067112059,0.9947203248567678,M2D,150,TS
38,171,0.9947423196694258,0.9946544793630995,M2D,150,TS
38,172,0.9947108050433706,0.9945592445962451,M2D,150,TS
38,173,0.9946636353875244,0.9944835319680325,M2D,150,TS
38,174,0.994657435315007,0.9944142590604962,M2D,150,TS
38,175,0.9946163200821012,0.9943620643606028,M2D,150,TS
38,176,0.9945635421509662,0.994301855820936,M2D,150,TS
38,177,0.9945123286934071,0.9942675820344589,M2D,150,TS
38,178,0.994482655603657,0.994256238974309,M2D,150,TS
38,179,0.9944475380670142,0.9942436460860061,M2D,150,TS
38,180,0.9944229988510738,0.9942424524859319,M2D,150,TS
38,181,0.9944114191621523,0.9942263612323741,M2D,150,TS
38,182,0.9944013437157788,0.9942118744044595,M2D,150,TS
38,183,0.9943943144262715,0.9941990181552595,M2D,150,TS
38,184,0.9943870807893128,0.994165083904785,M2D,150,TS
38,185,0.9943619197701409,0.9941249530788949,M2D,150,TS
38,186,0.9943227201029492,0.9940524035287324,M2D,150,TS
38,187,0.994280183636803,0.9939825795539166,M2D,150,TS
38,188,0.9942522730164449,0.993920409330965,M2D,150,TS
38,189,0.9942057797002883,0.9938651557146341,M2D,150,TS
38,190,0.9941749225780376,0.9938117747259614,M2D,150,TS
38,191,0.994129637167771,0.9937725890248911,M2D,150,TS
38,192,0.9940975782722441,0.9937060459230439,M2D,150,TS
38,193,0.9940748424827945,0.9936177332848117,M2D,150,TS
38,194,0.9940430654684789,0.993545564355562,M2D,150,TS
38,195,0.9940006965541017,0.9934488340066565,M2D,150,TS
38,196,0.9939635377769642,0.9933763848029389,M2D,150,TS
38,197,0.9939239104037666,0.9933064591671951,M2D,150,TS
38,198,0.9938818144345062,0.9932390570994226,M2D,150,TS
38,199,0.9938372498691831,0.9931741785996212,M2D,150,TS
38,200,0.9937902167077972,0.9931118236677909,M2D,150,TS
39,151,0.9963574403415492,0.9962680144663516,M2D,150,TS
39,152,0.996353290468323,0.9962401658982503,M2D,150,TS
39,153,0.9963444413085677,0.9962086893087341,M2D,150,TS
39,154,0.9963308928622834,0.9961735846978034,M2D,150,TS
39,155,0.9963126451294702,0.9961348520654579,M2D,150,TS
39,156,0.9962896981101308,0.9960924914117004,M2D,150,TS
39,157,0.9962768814564616,0.99605531401831,M2D,150,TS
39,158,0.9962295965129782,0.996003717403296,M2D,150,TS
39,159,0.9961887871727668,0.9959517570584269,M2D,150,TS
39,160,0.9961388330502872,0.9958937035628841,M2D,150,TS
39,161,0.9960731172070513,0.9958335887466999,M2D,150,TS
39,162,0.9960101213009693,0.9957468695053684,M2D,150,TS
39,163,0.9959407775621505,0.9956662003430484,M2D,150,TS
39,164,0.995878287487367,0.9956039174068422,M2D,150,TS
39,165,0.9958217094252739,0.9955520689571794,M2D,150,TS
39,166,0.9957802971131517,0.9955170696061869,M2D,150,TS
39,167,0.9957491206649087,0.9954926534307714,M2D,150,TS
39,168,0.9956819899380198,0.9954879396127132,M2D,150,TS
39,169,0.9956358415834612,0.9954633961212983,M2D,150,TS
39,170,0.9955743813304425,0.9954413397274855,M2D,150,TS
39,171,0.9955257329178193,0.995380260520968,M2D,150,TS
39,172,0.9954619622934731,0.9952894906933133,M2D,150,TS
39,173,0.9953932725035084,0.9952179275963631,M2D,150,TS
39,174,0.9953317442083038,0.995153130765045,M2D,150,TS
39,175,0.9952782396401894,0.9951048271753486,M2D,150,TS
39,176,0.9952585564141607,0.9950481850623393,M2D,150,TS
39,177,0.9952490913304128,0.9950169368770944,M2D,150,TS
39,178,0.9952389070998324,0.9950089713023034,M2D,150,TS
39,179,0.9952445850123981,0.9949999699334632,M2D,150,TS
39,180,0.995240531360887,0.9950025404167483,M2D,150,TS
39,181,0.9952654081091292,0.9949888295745043,M2D,150,TS
39,182,0.9952754394088805,0.9949768984552554,M2D,150,TS
39,183,0.9952528450274649,0.994966863250693,M2D,150,TS
39,184,0.9952040294629767,0.9949366952019061,M2D,150,TS
39,185,0.9951497904330678,0.9949007830200187,M2D,150,TS
39,186,0.9951076198115687,0.9948319890963978,M2D,150,TS
39,187,0.9950651776776813,0.9947655028017659,M2D,150,TS
39,188,0.9950292632179354,0.994706670600653,M2D,150,TS
39,189,0.9949990144187859,0.9946544102012136,M2D,150,TS
39,190,0.994984468705969,0.9946035471195942,M2D,150,TS
39,191,0.9949674942590508,0.9945668368514559,M2D,150,TS
39,192,0.9949598776911504,0.9945025215599965,M2D,150,TS
39,193,0.9949086887452074,0.9944174185328762,M2D,150,TS
39,194,0.9948566434741339,0.9943495661674399,M2D,150,TS
39,195,0.994799861941839,0.9942561519029754,M2D,150,TS
39,196,0.9947478343048466,0.9941874841700483,M2D,150,TS
39,197,0.9946936752627935,0.9941214556574471,M2D,150,TS
39,198,0.9946373848156764,0.9940580663651691,M2D,150,TS
39,199,0.9945789629634956,0.9939973162932142,M2D,150,TS
39,200,0.9945184097062508,0.9939392054415824,M2D,150,TS
40,151,0.9953831006663316,0.99522363551641,M2D,150,TS
40,152,0.9953330774859964,0.9951950466788397,M2D,150,TS
40,153,0.9952835404600852,0.995162701514009,M2D,150,TS
40,154,0.9952344895885978,0.9951266000219177,M2D,150,TS
40,155,0.9951859248715346,0.9950867422025658,M2D,150,TS
40,156,0.9951378463088982,0.9950431280559561,M2D,150,TS
40,157,0.9950805073396478,0.9950063585610249,M2D,150,TS
40,158,0.9950541152203669,0.9949509798688831,M2D,150,TS
40,159,0.9950151151740124,0.9948970446618632,M2D,150,TS
40,160,0.9949616579676177,0.994836355431619,M2D,150,TS
40,161,0.9948982699801885,0.994773701826594,M2D,150,TS
40,162,0.9948320701212855,0.9946851531166438,M2D,150,TS
40,163,0.9947711537851458,0.9946020293176303,M2D,150,TS
40,164,0.9947117690991782,0.994536694898751,M2D,150,TS
40,165,0.9946437156116984,0.9944811557796787,M2D,150,TS
40,166,0.9946040810590954,0.9944418475337852,M2D,150,TS
40,167,0.9945404469175276,0.9944141325162563,M2D,150,TS
40,168,0.994489273450111,0.9944044799787396,M2D,150,TS
40,169,0.9944087959918204,0.9943758979985011,M2D,150,TS
40,170,0.9943606159345549,0.9943474816382583,M2D,150,TS
40,171,0.9943027934482462,0.994283108370681,M2D,150,TS
40,172,0.9942370243590861,0.9941905433987472,M2D,150,TS
40,173,0.9941864603429431,0.994116322482434,M2D,150,TS
40,174,0.9941424189719154,0.9940498930169408,M2D,150,TS
40,175,0.994084045935502,0.9939996420900922,M2D,150,TS
40,176,0.9940442907234149,0.9939397467444432,M2D,150,TS
40,177,0.99398300185936,0.993906402072641,M2D,150,TS
40,178,0.9939455653313475,0.9938959599568995,M2D,150,TS
40,179,0.993897883736213,0.9938836962622069,M2D,150,TS
40,180,0.9938809764633703,0.9938824270719767,M2D,150,TS
40,181,0.993867412710985,0.9938673001492938,M2D,150,TS
40,182,0.9938378210274617,0.9938544966846375,M2D,150,TS
40,183,0.9938169330905469,0.9938433714331689,M2D,150,TS
40,184,0.9937849614041945,0.9938114785514531,M2D,150,TS
40,185,0.9937531358718621,0.9937726257756015,M2D,150,TS
40,186,0.9937016437227479,0.993701335654183,M2D,150,TS
40,187,0.9936343383680255,0.9936334753512831,M2D,150,TS
40,188,0.9935834721537211,0.9935732639119655,M2D,150,TS
40,189,0.9935213380139362,0.9935194265073526,M2D,150,TS
40,190,0.9934801304924306,0.993467788816173,M2D,150,TS
40,191,0.993460688711081,0.993428986005117,M2D,150,TS
40,192,0.9934348858232696,0.99336407786941,M2D,150,TS
40,193,0.9934229719629553,0.9932776082817207,M2D,150,TS
40,194,0.9934009596290998,0.9932063305467934,M2D,150,TS
40,195,0.9933829130142435,0.99311075817015,M2D,150,TS
40,196,0.9933333345816867,0.9930400157692287,M2D,150,TS
40,197,0.9932680833832516,0.9929720437429528,M2D,150,TS
40,198,0.9931871594189354,0.9929068420913194,M2D,150,TS
40,199,0.9930905626887382,0.9928444108143288,M2D,150,TS
40,200,0.99297829319266,0.9927847499119807,M2D,150,TS
41,151,0.951598607292844,0.9513470664697539,M2D,150,TS
41,152,0.9515839731665083,0.9513370480861179,M2D,150,TS
41,153,0.9515642639722455,0.9513230433302977,M2D,150,TS
41,154,0.9515394797100556,0.9513050522022933,M2D,150,TS
41,155,0.9515096203799385,0.9512830747021047,M2D,150,TS
41,156,0.951474685981897,0.951257110829735,M2D,150,TS
41,157,0.9514467482045401,0.9512407654471161,M2D,150,TS
41,158,0.9513977172622143,0.9511877966943465,M2D,150,TS
41,159,0.9513393239905696,0.9511570313476102,M2D,150,TS
41,160,0.9512718178510781,0.9511052675780515,M2D,150,TS
41,161,0.9512134525564208,0.9510741915933876,M2D,150,TS
41,162,0.9511601214239438,0.951086524762269,M2D,150,TS
41,163,0.9511114946643091,0.9510884382250671,M2D,150,TS
41,164,0.9510459066440382,0.9510705236984581,M2D,150,TS
41,165,0.950970647487851,0.9510314812878387,M2D,150,TS
41,166,0.9508948783874822,0.950971350395235,M2D,150,TS
41,167,0.9508373543099728,0.9508845548669929,M2D,150,TS
41,168,0.9507653222569077,0.9508058572171966,M2D,150,TS
41,169,0.9506997511923869,0.9507110683305849,M2D,150,TS
41,170,0.9506518323353155,0.950589413288922,M2D,150,TS
41,171,0.9506133336690601,0.9505700068371128,M2D,150,TS
41,172,0.9505766312525721,0.9506208336120773,M2D,150,TS
41,173,0.950528812222479,0.9506325892645057,M2D,150,TS
41,174,0.9504990071931514,0.9506582903174389,M2D,150,TS
41,175,0.9504861710545475,0.9506481060517945,M2D,150,TS
41,176,0.9504689781359765,0.9505988729929812,M2D,150,TS
41,177,0.9504820488997714,0.9505442482151452,M2D,150,TS
41,178,0.9504747038808106,0.9504858025676924,M2D,150,TS
41,179,0.9504855617072812,0.9503799694013142,M2D,150,TS
41,180,0.9504894859036759,0.950278826276979,M2D,150,TS
41,181,0.9504787474032959,0.9502564086277036,M2D,150,TS
41,182,0.9504419826744268,0.950235662372828,M2D,150,TS
41,183,0.9503949639557345,0.9502033163804714,M2D,150,TS
41,184,0.9503490039116838,0.9501803770953796,M2D,150,TS
41,185,0.9503129665844903,0.9501325281788024,M2D,150,TS
41,186,0.9502840169727509,0.95010179776189,M2D,150,TS
41,187,0.9502640236001179,0.9500804547614706,M2D,150,TS
41,188,0.9502380497225067,0.9500510396265445,M2D,150,TS
41,189,0.9502292473568318,0.9499959566398005,M2D,150,TS
41,190,0.950223016966488,0.9499740534694296,M2D,150,TS
41,191,0.9501915820656899,0.9499282614086278,M2D,150,TS
41,192,0.950149381323365,0.94991882355358,M2D,150,TS
41,193,0.9501026633572887,0.9499271661874321,M2D,150,TS
41,194,0.9500487101607329,0.9498979791555054,M2D,150,TS
41,195,0.9499903168890882,0.9499245626311917,M2D,150,TS
41,196,0.9499352707248835,0.9499105769006891,M2D,150,TS
41,197,0.9498770387872002,0.9498926645110267,M2D,150,TS
41,198,0.9498156210760353,0.9498708254622016,M2D,150,TS
41,199,0.9497510175913891,0.9498450597542138,M2D,150,TS
41,200,0.9496832283332616,0.9498153673870637,M2D,150,TS
42,151,0.99757989857869,0.9974005922732638,M2D,150,TS
42,152,0.9975462598566585,0.9973863743455713,M2D,150,TS
42,153,0.9975156454538209,0.997368269572265,M2D,150,TS
42,154,0.9974880553701774,0.9973462779533445,M2D,150,TS
42,155,0.9974634896057281,0.9973203994888102,M2D,150,TS
42,156,0.9974419481604756,0.9972906341786647,M2D,150,TS
42,157,0.9974312305921538,0.9972667262689052,M2D,150,TS
42,158,0.9974194423318247,0.997226002610843,M2D,150,TS
42,159,0.9974001624871094,0.9971857850525757,M2D,150,TS
42,160,0.9973858136495678,0.9971387187817486,M2D,150,TS
42,161,0.9973546936071599,0.9970896392939852,M2D,150,TS
42,162,0.9973143402315453,0.9970136762339141,M2D,150,TS
42,163,0.9972663005607596,0.9969438558105989,M2D,150,TS
42,164,0.9972202464618987,0.9968926859799694,M2D,150,TS
42,165,0.9971659158507991,0.9968523453753894,M2D,150,TS
42,166,0.9971147069142859,0.9968295167654936,M2D,150,TS
42,167,0.9970557866918204,0.9968184759606389,M2D,150,TS
42,168,0.9969984693563547,0.9968262929941124,M2D,150,TS
42,169,0.9969491497229295,0.9968140402013049,M2D,150,TS
42,170,0.9969111539559186,0.9968032676531958,M2D,150,TS
42,171,0.9968719019131828,0.9967536399835952,M2D,150,TS
42,172,0.9968279965869158,0.9966735868369048,M2D,150,TS
42,173,0.9967884559549807,0.9966128813794914,M2D,150,TS
42,174,0.9967488281812765,0.9965595668170706,M2D,150,TS
42,175,0.9967198775560213,0.9965235616406573,M2D,150,TS
42,176,0.996718326606385,0.9964782061141892,M2D,150,TS
42,177,0.996699766930802,0.9964596030762157,M2D,150,TS
42,178,0.9967114658762508,0.9964639673251653,M2D,150,TS
42,179,0.996727276783171,0.9964669991941312,M2D,150,TS
42,180,0.996748604350798,0.9964815130495746,M2D,150,TS
42,181,0.9967731807200313,0.9964801137254552,M2D,150,TS
42,182,0.9967871436129807,0.996480912877502,M2D,150,TS
42,183,0.9967864336574725,0.996483423937222,M2D,150,TS
42,184,0.9967584911386154,0.9964652625449507,M2D,150,TS
42,185,0.9967211147083654,0.9964416790388471,M2D,150,TS
42,186,0.9966927043186147,0.9963836967693696,M2D,150,TS
42,187,0.9966372730265697,0.9963295839662988,M2D,150,TS
42,188,0.9966047956587549,0.9962829413370471,M2D,150,TS
42,189,0.9965681548267282,0.9962431506294165,M2D,150,TS
42,190,0.9965445048549029,0.9962051909537517,M2D,150,TS
42,191,0.9965261181589904,0.9961813016301176,M2D,150,TS
42,192,0.9965048470922608,0.9961303861771751,M2D,150,TS
42,193,0.9964705106276074,0.9960574149411988,M2D,150,TS
42,194,0.9964201763684499,0.9960014632609322,M2D,150,TS
42,195,0.9963742570024985,0.9959193258495985,M2D,150,TS
42,196,0.9963463869351741,0.9958619959314499,M2D,150,TS
42,197,0.9963246435209412,0.9958069953019884,M2D,150,TS
42,198,0.9963090267597973,0.9957543239612112,M2D,150,TS
42,199,0.9962995366517422,0.9957039819091186,M2D,150,TS
42,200,0.9962961731967761,0.9956559691457102,M2D,150,TS
43,151,0.9961857864162412,0.9962333472164163,M2D,150,TS
43,152,0.9961559166349873,0.9962048514739484,M2D,150,TS
43,153,0.9961297575769555,0.9961725186578293,M2D,150,TS
43,154,0.996107309242146,0.9961363487680587,M2D,150,TS
43,155,0.9960885716305586,0.9960963418046366,M2D,150,TS
43,156,0.9960735447421964,0.9960524977675658,M2D,150,TS
43,157,0.9960720122593936,0.9960130696907427,M2D,150,TS
43,158,0.9960836243690672,0.9959593434240595,M2D,150,TS
43,159,0.9960619811807265,0.9959057580276022,M2D,150,TS
43,160,0.9960218597479154,0.995846755759973,M2D,150,TS
43,161,0.9959999472167995,0.9957846291572233,M2D,150,TS
43,162,0.9959715343250259,0.9956962937640572,M2D,150,TS
43,163,0.9959399074978158,0.9956139773659202,M2D,150,TS
43,164,0.9959169960707778,0.9955501401356767,M2D,150,TS
43,165,0.9958850648751474,0.9954974212746638,M2D,150,TS
43,166,0.9958847806797252,0.9954610258848693,M2D,150,TS
43,167,0.9958628838879813,0.9954357124189046,M2D,150,TS
43,168,0.9958277374268263,0.9954293952190932,M2D,150,TS
43,169,0.9957771734748619,0.9954047449813209,M2D,150,TS
43,170,0.9957192871679925,0.9953827757227254,M2D,150,TS
43,171,0.9956503981533334,0.995321815215992,M2D,150,TS
43,172,0.9955854614945099,0.9952303759385193,M2D,150,TS
43,173,0.9955199593266988,0.9951579525190357,M2D,150,TS
43,174,0.9954604177255886,0.9950918523414513,M2D,150,TS
43,175,0.9954052343787674,0.9950420488871343,M2D,150,TS
43,176,0.995368076381528,0.9949855351311705,M2D,150,TS
43,177,0.9953215035796257,0.9949545926338142,M2D,150,TS
43,178,0.9952932228099052,0.9949460430040742,M2D,150,TS
43,179,0.9952489286700497,0.9949381447979053,M2D,150,TS
43,180,0.9952053476789253,0.994941219280238,M2D,150,TS
43,181,0.9951469953979706,0.9949289316189551,M2D,150,TS
43,182,0.9951061047310605,0.9949170743046797,M2D,150,TS
43,183,0.9950762172153027,0.994905551662003,M2D,150,TS
43,184,0.9950533306165699,0.994873316864666,M2D,150,TS
43,185,0.9950525647076903,0.9948346755242439,M2D,150,TS
43,186,0.9950560003244237,0.9947643958076043,M2D,150,TS
43,187,0.9950740932868009,0.9946953328033337,M2D,150,TS
43,188,0.9950981344017258,0.9946337454630592,M2D,150,TS
43,189,0.9951011268775474,0.9945796669634077,M2D,150,TS
43,190,0.9950947621858435,0.9945271956999762,M2D,150,TS
43,191,0.99505873542826,0.9944897547573897,M2D,150,TS
43,192,0.9949972678600455,0.9944251705071989,M2D,150,TS
43,193,0.9949470827614169,0.9943383006365394,M2D,150,TS
43,194,0.9948946471542659,0.9942697104606666,M2D,150,TS
43,195,0.9948385642247435,0.9941753010888112,M2D,150,TS
43,196,0.9947986592858833,0.9941053504326497,M2D,150,TS
43,197,0.994763690081093,0.9940379509487755,M2D,150,TS
43,198,0.9947336566103695,0.9939731026371859,M2D,150,TS
43,199,0.9947085588737128,0.993910805497881,M2D,150,TS
43,200,0.9946883968711228,0.9938510595308608,M2D,150,TS
44,151,0.9962427088751841,0.9963887852792684,M2D,150,TS
44,152,0.9961858589253386,0.9963606906494761,M2D,150,TS
44,153,0.9961293832212732,0.9963286330822656,M2D,150,TS
44,154,0.996073281762988,0.9962926125776369,M2D,150,TS
44,155,0.9960175545504829,0.99625262913559,M2D,150,TS
44,156,0.9959622015837608,0.9962086827561276,M2D,150,TS
44,157,0.9959125864095986,0.9961637091023671,M2D,150,TS
44,158,0.9958552354349282,0.9961147123626818,M2D,150,TS
44,159,0.995797343469139,0.9960611946457223,M2D,150,TS
44,160,0.9957376192766441,0.996003845877034,M2D,150,TS
44,161,0.9956665686714639,0.9959467800041323,M2D,150,TS
44,162,0.9956093899199685,0.9958714723437424,M2D,150,TS
44,163,0.9955531906056148,0.9958011149030246,M2D,150,TS
44,164,0.9955034338841608,0.9957470686947506,M2D,150,TS
44,165,0.9954518913880535,0.9957048227766683,M2D,150,TS
44,166,0.9954131102786443,0.9956744816275008,M2D,150,TS
44,167,0.995385857385412,0.9956480072794863,M2D,150,TS
44,168,0.9953763892739336,0.9956396583572913,M2D,150,TS
44,169,0.9953651399891841,0.9956157602033067,M2D,150,TS
44,170,0.9953478596066022,0.9955956465227188,M2D,150,TS
44,171,0.9953309361598375,0.9955460337954816,M2D,150,TS
44,172,0.9953092870932017,0.99547296154156,M2D,150,TS
44,173,0.9952758056809142,0.9954109536506976,M2D,150,TS
44,174,0.9952331718996363,0.995351058265668,M2D,150,TS
44,175,0.9951844395335816,0.9953055024508177,M2D,150,TS
44,176,0.9951491576660394,0.9952574344159963,M2D,150,TS
44,177,0.9951101624827853,0.9952280701289056,M2D,150,TS
44,178,0.9950793058305683,0.9952149402853837,M2D,150,TS
44,179,0.9950360188720825,0.9952030171397883,M2D,150,TS
44,180,0.9949861812977638,0.995197872730057,M2D,150,TS
44,181,0.9949342145980088,0.9951825656683401,M2D,150,TS
44,182,0.9948654920732817,0.9951658007720006,M2D,150,TS
44,183,0.9947901496928699,0.995141755651107,M2D,150,TS
44,184,0.9947252875089825,0.9951031097479857,M2D,150,TS
44,185,0.9946775851952772,0.9950620886404287,M2D,150,TS
44,186,0.9946480186830797,0.9949990299564502,M2D,150,TS
44,187,0.9945986721420124,0.9949360384235145,M2D,150,TS
44,188,0.9945455206958094,0.9948764602117764,M2D,150,TS
44,189,0.99449147132267,0.9948223580359765,M2D,150,TS
44,190,0.9944392747729012,0.9947696865905025,M2D,150,TS
44,191,0.9943550433978711,0.9947293762272059,M2D,150,TS
44,192,0.994273154564782,0.9946663179319452,M2D,150,TS
44,193,0.9941879157060884,0.994582770952,M2D,150,TS
44,194,0.9941132026195177,0.9945211587203421,M2D,150,TS
44,195,0.9940381672170556,0.9944382897015277,M2D,150,TS
44,196,0.9939814603921158,0.9943742476752393,M2D,150,TS
44,197,0.993932681530186,0.9943128731141471,M2D,150,TS
44,198,0.9938918306312635,0.9942541660182483,M2D,150,TS
44,199,0.9938589076953485,0.9941981263875431,M2D,150,TS
44,200,0.9938339127224406,0.9941447542220316,M2D,150,TS
45,151,0.9982382814186662,0.9981106150392552,M2D,150,TS
45,152,0.9982087870356328,0.9980891482781653,M2D,150,TS
45,153,0.9981780121173869,0.9980639636584739,M2D,150,TS
45,154,0.9981459566639287,0.998035061180181,M2D,150,TS
45,155,0.9981126206752581,0.9980024408432868,M2D,150,TS
45,156,0.9980780041513775,0.9979661026477941,M2D,150,TS
45,157,0.9980459607188191,0.9979341826452521,M2D,150,TS
45,158,0.9980092430565204,0.9978893735295806,M2D,150,TS
45,159,0.9979662588371747,0.9978430805296754,M2D,150,TS
45,160,0.9979348871607934,0.9977910917093531,M2D,150,TS
45,161,0.9978928588681654,0.9977361486283473,M2D,150,TS
45,162,0.9978450154651581,0.9976529152669772,M2D,150,TS
45,163,0.9977974087236198,0.9975761230864485,M2D,150,TS
45,164,0.9977453922563355,0.9975194218067908,M2D,150,TS
45,165,0.9976848944253724,0.9974750152233639,M2D,150,TS
45,166,0.9976342252269734,0.9974486426965634,M2D,150,TS
45,167,0.9975857794531312,0.997433797959598,M2D,150,TS
45,168,0.9975400580483369,0.9974379911008749,M2D,150,TS
45,169,0.9974906497186042,0.9974233961152534,M2D,150,TS
45,170,0.9974480767289444,0.997412071784606,M2D,150,TS
45,171,0.9974038188245318,0.9973572036107226,M2D,150,TS
45,172,0.9973639783798999,0.9972686549471046,M2D,150,TS
45,173,0.9973456902599269,0.997200109270109,M2D,150,TS
45,174,0.9973326767517777,0.9971374438787666,M2D,150,TS
45,175,0.997333963474218,0.9970928712948773,M2D,150,TS
45,176,0.9973499324885735,0.9970426268866751,M2D,150,TS
45,177,0.9973652319564761,0.997018468839288,M2D,150,TS
45,178,0.9973673941716706,0.9970182691171273,M2D,150,TS
45,179,0.9973529874323717,0.9970201187065854,M2D,150,TS
45,180,0.9973291339008614,0.9970332453629869,M2D,150,TS
45,181,0.9973030123083646,0.9970276432736591,M2D,150,TS
45,182,0.9972704789799365,0.9970231661044818,M2D,150,TS
45,183,0.9972536826448157,0.9970188516497613,M2D,150,TS
45,184,0.9972287638052371,0.9969934157709354,M2D,150,TS
45,185,0.9972072576638151,0.996963172592401,M2D,150,TS
45,186,0.9971797850459017,0.9968999002898127,M2D,150,TS
45,187,0.9971632485743547,0.996837887305975,M2D,150,TS
45,188,0.9971288915604897,0.9967843329354715,M2D,150,TS
45,189,0.9970806636654601,0.9967390715200731,M2D,150,TS
45,190,0.9970324435044655,0.9966942189292781,M2D,150,TS
45,191,0.9969866312800038,0.9966647231537814,M2D,150,TS
45,192,0.9969492442922248,0.99660546389471,M2D,150,TS
45,193,0.9969187317566381,0.9965225806444558,M2D,150,TS
45,194,0.9968797055953983,0.9964601076689428,M2D,150,TS
45,195,0.9968365653695195,0.9963691701970395,M2D,150,TS
45,196,0.9967878673335521,0.9963053353656434,M2D,150,TS
45,197,0.9967351898051562,0.9962445103485308,M2D,150,TS
45,198,0.9966785327843292,0.996186695145699,M2D,150,TS
45,199,0.9966178962710709,0.9961318897571481,M2D,150,TS
45,200,0.9965532802653814,0.9960800941828782,M2D,150,TS
46,151,0.9982154909180763,0.9982394100612378,M2D,150,TS
46,152,0.998177992443034,0.9982291219352324,M2D,150,TS
46,153,0.998139102322858,0.9982146596606877,M2D,150,TS
46,154,0.9980988205575484,0.9981960232376037,M2D,150,TS
46,155,0.998057147147105,0.9981732126659804,M2D,150,TS
46,156,0.9980140820915309,0.9981462279458205,M2D,150,TS
46,157,0.9979706509121575,0.9981175804172331,M2D,150,TS
46,158,0.9979147999317406,0.9980854331242827,M2D,150,TS
46,159,0.9978691385909344,0.998048074788154,M2D,150,TS
46,160,0.9978053845562732,0.9980071970173877,M2D,150,TS
46,161,0.9977618758212223,0.997967407616214,M2D,150,TS
46,162,0.9977597221262018,0.997911944114991,M2D,150,TS
46,163,0.9977639545748018,0.9978607701339196,M2D,150,TS
46,164,0.9977722417039316,0.9978248243297336,M2D,150,TS
46,165,0.9977971928467686,0.9978004215063339,M2D,150,TS
46,166,0.9978191844562401,0.9977863539012684,M2D,150,TS
46,167,0.9978356308347734,0.9977751807496521,M2D,150,TS
46,168,0.9978254361845431,0.9977840107698668,M2D,150,TS
46,169,0.997805858386606,0.9977773238533469,M2D,150,TS
46,170,0.9977545415812306,0.9977747269028696,M2D,150,TS
46,171,0.9977058180982832,0.9977485251388427,M2D,150,TS
46,172,0.9976660780027389,0.997701586820061,M2D,150,TS
46,173,0.9976391587756597,0.9976611563430146,M2D,150,TS
46,174,0.9976300015415418,0.9976208790244208,M2D,150,TS
46,175,0.9976205249348868,0.9975962905817316,M2D,150,TS
46,176,0.9976060364015031,0.9975677373090716,M2D,150,TS
46,177,0.9975870698991584,0.9975557765284458,M2D,150,TS
46,178,0.9975584699359797,0.9975585511856433,M2D,150,TS
46,179,0.997546598688857,0.9975595806128975,M2D,150,TS
46,180,0.9975202247479035,0.9975661481872602,M2D,150,TS
46,181,0.9974961241032821,0.997565054398343,M2D,150,TS
46,182,0.9974675868817752,0.9975623591166177,M2D,150,TS
46,183,0.9974390191608444,0.9975484491106954,M2D,150,TS
46,184,0.9974012547743978,0.9975223310058424,M2D,150,TS
46,185,0.9973383357703873,0.9974979828781461,M2D,150,TS
46,186,0.9972765256382821,0.9974526626826433,M2D,150,TS
46,187,0.9972214935673918,0.9974083059170228,M2D,150,TS
46,188,0.9971505100800446,0.9973660536021679,M2D,150,TS
46,189,0.9970578016353304,0.9973287855581098,M2D,150,TS
46,190,0.9969691720528324,0.9972944583388584,M2D,150,TS
46,191,0.9969315109287205,0.9972687050351419,M2D,150,TS
46,192,0.9969262717812848,0.9972237261389993,M2D,150,TS
46,193,0.9969433756402524,0.9971571638823122,M2D,150,TS
46,194,0.996982106640578,0.9971118099251108,M2D,150,TS
46,195,0.9970424055262379,0.9970466004132358,M2D,150,TS
46,196,0.9970562689957152,0.9969998933395114,M2D,150,TS
46,197,0.9970664198139166,0.9969559911506021,M2D,150,TS
46,198,0.9970728579808396,0.9969148938465048,M2D,150,TS
46,199,0.9970755834964841,0.9968766014272198,M2D,150,TS
46,200,0.9970745963608499,0.9968411138927468,M2D,150,TS
47,151,0.9982191096063391,0.9982796316073915,M2D,150,TS
47,152,0.998192263382298,0.998274381095038,M2D,150,TS
47,153,0.9981614059545632,0.9982650939305093,M2D,150,TS
47,154,0.9981265373231346,0.9982517701138056,M2D,150,TS
47,155,0.9980876574880123,0.9982344096449269,M2D,150,TS
47,156,0.9980447664491989,0.998213012523876,M2D,150,TS
47,157,0.9979846355305468,0.9981895977381695,M2D,150,TS
47,158,0.9979411051749235,0.9981638133105868,M2D,150,TS
47,159,0.9978931542426253,0.9981324851646897,M2D,150,TS
47,160,0.9978349285914342,0.9980980023876843,M2D,150,TS
47,161,0.9978040401512528,0.9980640321359998,M2D,150,TS
47,162,0.9977454148999103,0.9980170794077095,M2D,150,TS
47,163,0.9977095924837291,0.9979737438729113,M2D,150,TS
47,164,0.9976543742580252,0.9979466204437675,M2D,150,TS
47,165,0.9976104180241971,0.9979312898552031,M2D,150,TS
47,166,0.9975891690689722,0.9979251444032959,M2D,150,TS
47,167,0.9975839149785035,0.9979202850440744,M2D,150,TS
47,168,0.9975983107911315,0.9979338341168996,M2D,150,TS
47,169,0.9976130762338999,0.9979322565573916,M2D,150,TS
47,170,0.9976027778430415,0.9979353179839362,M2D,150,TS
47,171,0.9976053509205383,0.9979138458267535,M2D,150,TS
47,172,0.9975929863362881,0.9978725119908317,M2D,150,TS
47,173,0.9975739710156055,0.9978381331965667,M2D,150,TS
47,174,0.9975472455837405,0.997804149517421,M2D,150,TS
47,175,0.9975119348294923,0.9977850638390648,M2D,150,TS
47,176,0.9974700463092736,0.9977639529852905,M2D,150,TS
47,177,0.9974787712745359,0.997756861978807,M2D,150,TS
47,178,0.9974629512348463,0.9977646566795632,M2D,150,TS
47,179,0.997432795322551,0.9977728140465363,M2D,150,TS
47,180,0.9973960032244809,0.997786007011573,M2D,150,TS
47,181,0.9973841468273799,0.9977907120330279,M2D,150,TS
47,182,0.9973821101696516,0.9977925624199141,M2D,150,TS
47,183,0.9973403728025338,0.9977843807696701,M2D,150,TS
47,184,0.997308577878096,0.997763882059821,M2D,150,TS
47,185,0.9972483411957082,0.9977451487349476,M2D,150,TS
47,186,0.9971772414700741,0.9977078744707837,M2D,150,TS
47,187,0.9971376423981142,0.9976693079824073,M2D,150,TS
47,188,0.9970702845804196,0.997633165900228,M2D,150,TS
47,189,0.9969861904659492,0.9976022203306981,M2D,150,TS
47,190,0.9969237383916348,0.9975728759850521,M2D,150,TS
47,191,0.996865455189335,0.9975534132335994,M2D,150,TS
47,192,0.9968068627312657,0.9975148256566421,M2D,150,TS
47,193,0.9967211031094251,0.9974566317055518,M2D,150,TS
47,194,0.9966516389211497,0.997420936809644,M2D,150,TS
47,195,0.9965735375059064,0.9973663623193384,M2D,150,TS
47,196,0.9965328979967667,0.9973273080802414,M2D,150,TS
47,197,0.9965059122167161,0.9972905734239923,M2D,150,TS
47,198,0.9964925801657517,0.9972561583505881,M2D,150,TS
47,199,0.9964929018438735,0.9972240628600292,M2D,150,TS
47,200,0.9965068772510816,0.9971942869523153,M2D,150,TS
48,151,0.9981949873884434,0.998151636640999,M2D,150,TS
48,152,0.9981747924786454,0.9981422104574363,M2D,150,TS
48,153,0.998147969469173,0.998129107555429,M2D,150,TS
48,154,0.9981145183600262,0.9981123279349768,M2D,150,TS
48,155,0.998074439151205,0.9980918715960799,M2D,150,TS
48,156,0.9980277318427123,0.9980677385387411,M2D,150,TS
48,157,0.9979653765667807,0.9980457073098811,M2D,150,TS
48,158,0.9978912434772381,0.9980157192845773,M2D,150,TS
48,159,0.9978369165456431,0.9979818219579932,M2D,150,TS
48,160,0.9977710002072524,0.997943800107695,M2D,150,TS
48,161,0.9977293308275439,0.9979033040819062,M2D,150,TS
48,162,0.9976987579146794,0.9978388376539467,M2D,150,TS
48,163,0.9976675264461949,0.9977802523866719,M2D,150,TS
48,164,0.997640254125538,0.9977401379958022,M2D,150,TS
48,165,0.997631254444221,0.9977117674942655,M2D,150,TS
48,166,0.9976326655418102,0.9976986510656624,M2D,150,TS
48,167,0.997640920712324,0.9976934816852453,M2D,150,TS
48,168,0.9976612187249303,0.9977069836805841,M2D,150,TS
48,169,0.9976854980253355,0.9977031307297818,M2D,150,TS
48,170,0.9976967635807847,0.9977034614667832,M2D,150,TS
48,171,0.9977190140349868,0.9976658056319484,M2D,150,TS
48,172,0.9977335584767892,0.9975989501169886,M2D,150,TS
48,173,0.997714729516403,0.9975490098890089,M2D,150,TS
48,174,0.9976900912011676,0.9975029908932229,M2D,150,TS
48,175,0.9976725413667765,0.9974736728094902,M2D,150,TS
48,176,0.9976542511456944,0.9974409691107602,M2D,150,TS
48,177,0.9976322422776509,0.9974308505798322,M2D,150,TS
48,178,0.9976113747034274,0.9974409003064891,M2D,150,TS
48,179,0.9975827867909401,0.9974528082049524,M2D,150,TS
48,180,0.9975555470290647,0.9974734571949364,M2D,150,TS
48,181,0.9975453936815908,0.9974783567935869,M2D,150,TS
48,182,0.9975278696771662,0.9974829189808302,M2D,150,TS
48,183,0.9975012318186309,0.9974841725987286,M2D,150,TS
48,184,0.99746567307103,0.9974676975063994,M2D,150,TS
48,185,0.9974376225954955,0.9974480612143295,M2D,150,TS
48,186,0.9974094625053971,0.9974006772855172,M2D,150,TS
48,187,0.9973759280457697,0.9973539192810302,M2D,150,TS
48,188,0.9973321944393155,0.9973131565404462,M2D,150,TS
48,189,0.9972710896376513,0.997279818411462,M2D,150,TS
48,190,0.997206425075879,0.9972472470021115,M2D,150,TS
48,191,0.9971491652492486,0.9972282514448183,M2D,150,TS
48,192,0.9970898513976241,0.9971827042849204,M2D,150,TS
48,193,0.9970181632555117,0.9971150755717265,M2D,150,TS
48,194,0.996946796142985,0.9970692827420082,M2D,150,TS
48,195,0.9969123433086611,0.9969968433750671,M2D,150,TS
48,196,0.9968893841583129,0.9969477740545253,M2D,150,TS
48,197,0.9968813043711017,0.9969012640035132,M2D,150,TS
48,198,0.9968881039470249,0.9968573132220281,M2D,150,TS
48,199,0.9969097828860826,0.9968159217100696,M2D,150,TS
48,200,0.9969463411882747,0.9967770894676382,M2D,150,TS
49,151,0.9982494182706154,0.9982047062671342,M2D,150,TS
49,152,0.9982672540324139,0.998198329639128,M2D,150,TS
49,153,0.9982635657190787,0.9981887659391626,M2D,150,TS
49,154,0.9982383533306097,0.9981760151672381,M2D,150,TS
49,155,0.9981916168670071,0.9981600773233543,M2D,150,TS
49,156,0.9981233563282732,0.9981409524075144,M2D,150,TS
49,157,0.9979838303159803,0.9981249930945079,M2D,150,TS
49,158,0.9979795181088469,0.9980978400087909,M2D,150,TS
49,159,0.9977682451794418,0.998073440882452,M2D,150,TS
49,160,0.9976179730008696,0.9980430818189041,M2D,150,TS
49,161,0.9975411716221545,0.9980085553949178,M2D,150,TS
49,162,0.9974974797063673,0.9979497394430136,M2D,150,TS
49,163,0.9975246354796645,0.997894454738742,M2D,150,TS
49,164,0.9976026178561183,0.9978561755980012,M2D,150,TS
49,165,0.9977518884042447,0.9978282514496883,M2D,150,TS
49,166,0.9977395166267558,0.997820927076523,M2D,150,TS
49,167,0.9978234926971821,0.9978179807798851,M2D,150,TS
49,168,0.9979727421560629,0.9978320565469802,M2D,150,TS
49,169,0.9979156285662332,0.9978361684570453,M2D,150,TS
49,170,0.9979514226683506,0.9978415024845692,M2D,150,TS
49,171,0.9979205056172775,0.9978113727366954,M2D,150,TS
49,172,0.9978528254458763,0.997753017145966,M2D,150,TS
49,173,0.9977757194688859,0.9977102261487881,M2D,150,TS
49,174,0.9976966945879847,0.9976704724905259,M2D,150,TS
49,175,0.9976509028790901,0.9976469199983571,M2D,150,TS
49,176,0.9976372268296139,0.9976197263984642,M2D,150,TS
49,177,0.99762649153408,0.9976142384902688,M2D,150,TS
49,178,0.9976400851833088,0.997627546653112,M2D,150,TS
49,179,0.9976784513036971,0.9976422080489179,M2D,150,TS
49,180,0.9977138227512483,0.9976651548422558,M2D,150,TS
49,181,0.9976765932759589,0.9976751641156772,M2D,150,TS
49,182,0.9977371739812044,0.9976808514951853,M2D,150,TS
49,183,0.9975492416284254,0.997689990605305,M2D,150,TS
49,184,0.9973972999208337,0.9976806018269648,M2D,150,TS
49,185,0.9973001052418815,0.9976673212812909,M2D,150,TS
49,186,0.9972469862160156,0.997625597631715,M2D,150,TS
49,187,0.9971945194348506,0.9975839902964124,M2D,150,TS
49,188,0.9971292645266627,0.9975480537484936,M2D,150,TS
49,189,0.9970999143847763,0.9975179575070823,M2D,150,TS
49,190,0.9971237750178441,0.9974864796234799,M2D,150,TS
49,191,0.9971673893165116,0.9974681836677941,M2D,150,TS
49,192,0.9972273047321621,0.9974227329342147,M2D,150,TS
49,193,0.9970486162087009,0.9973624937849568,M2D,150,TS
49,194,0.9971124294386846,0.9973173473289482,M2D,150,TS
49,195,0.996932467298737,0.9972544882424192,M2D,150,TS
49,196,0.9968455042084748,0.9972121532636391,M2D,150,TS
49,197,0.9967474610026495,0.9971732914820064,M2D,150,TS
49,198,0.9966383376812582,0.9971379028975184,M2D,150,TS
49,199,0.9965181342443007,0.997105987510175,M2D,150,TS
49,200,0.9963868506917772,0.9970775453199764,M2D,150,TS
1,151,1.0035040341011485,1.0028802214529995,M3,150,TS
1,152,1.003371233684344,1.0028575689401407,M3,150,TS
1,153,1.003249998700051,1.0028299943236405,M3,150,TS
1,154,1.0031403291482688,1.002797497603499,M3,150,TS
1,155,1.0030422250289976,1.0027600787797162,M3,150,TS
1,156,1.0029556863422409,1.002717737852295,M3,150,TS
1,157,1.0029072943153923,1.002688656729349,M3,150,TS
1,158,1.0029532296974646,1.0026210597064005,M3,150,TS
1,159,1.002855579373866,1.0025640512514187,M3,150,TS
1,160,1.002860543825376,1.002497504616279,M3,150,TS
1,161,1.0025763543941397,1.002435263027438,M3,150,TS
1,162,1.0014383798854618,1.002362882794551,M3,150,TS
1,163,1.0004746427551507,1.002294594289203,M3,150,TS
1,164,0.999940860696534,1.0022352906871914,M3,150,TS
1,165,0.9996885162089997,1.0021770718803817,M3,150,TS
1,166,0.9999216817116944,1.002122472690372,M3,150,TS
1,167,1.0005932631675036,1.0020727834562286,M3,150,TS
1,168,1.0013679303061351,1.0020416085712165,M3,150,TS
1,169,1.0020708838385373,1.0019846503778975,M3,150,TS
1,170,1.0030309268578446,1.0019202895244692,M3,150,TS
1,171,1.0023714359521643,1.0018641315560213,M3,150,TS
1,172,1.0006014508223022,1.0018086809401723,M3,150,TS
1,173,0.9996034070961728,1.0017466523959482,M3,150,TS
1,174,0.9986270177227583,1.0016946956780646,M3,150,TS
1,175,0.9980836122088909,1.0016668579712509,M3,150,TS
1,176,0.9978717048258827,1.0016011687091555,M3,150,TS
1,177,0.9980881334019138,1.0015539889808207,M3,150,TS
1,178,0.9987131474621992,1.001526857020393,M3,150,TS
1,179,0.9998235511188321,1.0014756902332553,M3,150,TS
1,180,1.0011065231854825,1.0014332347565613,M3,150,TS
1,181,1.0013771727680894,1.0014077341228929,M3,150,TS
1,182,1.0016764928582509,1.0013848574788318,M3,150,TS
1,183,1.0023240922011576,1.0013461528714598,M3,150,TS
1,184,1.0025496689705158,1.0012968069589319,M3,150,TS
1,185,1.0027810566496334,1.0012510303732727,M3,150,TS
1,186,1.0024387748845074,1.0011619180279419,M3,150,TS
1,187,1.0019669105501887,1.001093086968389,M3,150,TS
1,188,1.001749130863073,1.001028711457945,M3,150,TS
1,189,1.0018799043084554,1.0009580649720562,M3,150,TS
1,190,1.001666978040517,1.000904371091203,M3,150,TS
1,191,1.0018924152574733,1.0008579638332102,M3,150,TS
1,192,1.0013201509165075,1.0008048065986863,M3,150,TS
1,193,1.0003872481179652,1.0007311758186197,M3,150,TS
1,194,0.999941113240662,1.0006595473947821,M3,150,TS
1,195,0.9986368612832792,1.000581445604421,M3,150,TS
1,196,0.9980639123735556,1.0005121424153194,M3,150,TS
1,197,0.9975588394878703,1.0004430531410655,M3,150,TS
1,198,0.9971216426262207,1.000374177781657,M3,150,TS
1,199,0.9967523217886071,1.0003055163370937,M3,150,TS
1,200,0.9964508769750292,1.0002370688073756,M3,150,TS
3,151,0.9960343643247106,0.9961610870082303,M3,150,TS
3,152,0.9959927167171484,0.9961416700243912,M3,150,TS
3,153,0.9959585669412259,0.99612012392599,M3,150,TS
3,154,0.9959319149969431,0.9960964487130263,M3,150,TS
3,155,0.9959127608842999,0.9960706443855001,M3,150,TS
3,156,0.9959011046032991,0.9960427109434145,M3,150,TS
3,157,0.99591418178317,0.9960234765748104,M3,150,TS
3,158,0.9959199948628807,0.996001550432064,M3,150,TS
3,159,0.9959320859144289,0.9959621669985788,M3,150,TS
3,160,0.99593203064154,0.9959306726678294,M3,150,TS
3,161,0.9959224770012136,0.9958636176824476,M3,150,TS
3,162,0.9959002339481822,0.995678411960662,M3,150,TS
3,163,0.9958625601185487,0.9955186180738042,M3,150,TS
3,164,0.9957994798270604,0.9954240201214626,M3,150,TS
3,165,0.995739273297319,0.9953700465594986,M3,150,TS
3,166,0.9956808517819564,0.9953846933599013,M3,150,TS
3,167,0.9956127277322449,0.9954586025886852,M3,150,TS
3,168,0.995576158074972,0.9955589379952423,M3,150,TS
3,169,0.9955744051959938,0.995634119037549,M3,150,TS
3,170,0.995600712306006,0.9957397822590106,M3,150,TS
3,171,0.9956379893705616,0.9956307747222002,M3,150,TS
3,172,0.9956641347323912,0.9953723117582101,M3,150,TS
3,173,0.9956711920948085,0.9952158361398754,M3,150,TS
3,174,0.9956380585687907,0.9950686332714499,M3,150,TS
3,175,0.9955853708658173,0.9949849292904446,M3,150,TS
3,176,0.9955396173395594,0.9949312166827173,M3,150,TS
3,177,0.9955035324983614,0.9949478042353022,M3,150,TS
3,178,0.9955100283482142,0.9950289251669839,M3,150,TS
3,179,0.9955577798394379,0.9951636147020748,M3,150,TS
3,180,0.9956211379950224,0.9953263750203944,M3,150,TS
3,181,0.9956797077616993,0.995364351000562,M3,150,TS
3,182,0.9956850893700995,0.9954068431718506,M3,150,TS
3,183,0.9956531206452309,0.9954875774619998,M3,150,TS
3,184,0.9955877786642572,0.995504648806323,M3,150,TS
3,185,0.9955121162923015,0.9955178224995078,M3,150,TS
3,186,0.9954418813752506,0.9954380485856016,M3,150,TS
3,187,0.9953844260642624,0.9953469452894533,M3,150,TS
3,188,0.9953396535246629,0.9952904920729169,M3,150,TS
3,189,0.9953058687211954,0.9952781152657776,M3,150,TS
3,190,0.9952704270164792,0.9952290091574338,M3,150,TS
3,191,0.9952322818676387,0.995241720371345,M3,150,TS
3,192,0.9951643814803146,0.9951404769101367,M3,150,TS
3,193,0.995099388061318,0.9949783059609236,M3,150,TS
3,194,0.9950507740559454,0.994886734816519,M3,150,TS
3,195,0.9950369504778394,0.9946748987468083,M3,150,TS
3,196,0.9950429987886786,0.9945668194835691,M3,150,TS
3,197,0.9950691480067563,0.9944682579365328,M3,150,TS
3,198,0.9951153981320696,0.9943792141056967,M3,150,TS
3,199,0.9951817491646184,0.9942996879910612,M3,150,TS
3,200,0.9952682011044028,0.9942296795926255,M3,150,TS
4,151,0.9767030436512549,0.9770649551138926,M3,150,TS
4,152,0.976800964527353,0.9768147156228504,M3,150,TS
4,153,0.976863456319432,0.9765665038619057,M3,150,TS
4,154,0.9768905190274921,0.9763203198310585,M3,150,TS
4,155,0.9768821526515331,0.9760761635303085,M3,150,TS
4,156,0.9768383571915578,0.975834034959659,M3,150,TS
4,157,0.9771008112729221,0.9756034590996209,M3,150,TS
4,158,0.9766433462641386,0.9753992544897617,M3,150,TS
4,159,0.9764710655576234,0.9751537487865739,M3,150,TS
4,160,0.9761497056640729,0.974942095440278,M3,150,TS
4,161,0.9759204878059102,0.9746398160788088,M3,150,TS
4,162,0.9755304826807375,0.9740776483760362,M3,150,TS
4,163,0.9752868250272246,0.9735778249285565,M3,150,TS
4,164,0.9751039310436997,0.9732154218328395,M3,150,TS
4,165,0.9748326994872825,0.9729311212602071,M3,150,TS
4,166,0.9745956570849166,0.9727932612679914,M3,150,TS
4,167,0.9745201302249025,0.9727781488852492,M3,150,TS
4,168,0.9746065450471004,0.9727988418864412,M3,150,TS
4,169,0.9742718804716919,0.9727880533022867,M3,150,TS
4,170,0.9737456352786511,0.9728519296542393,M3,150,TS
4,171,0.9733758712277756,0.9724239218127128,M3,150,TS
4,172,0.973068728226699,0.9716715588032732,M3,150,TS
4,173,0.9727661577049508,0.9711516660508831,M3,150,TS
4,174,0.9726141495290563,0.970643074485263,M3,150,TS
4,175,0.9727118741969064,0.9702362642459542,M3,150,TS
4,176,0.9721794294905961,0.9699352392703058,M3,150,TS
4,177,0.9718954140115266,0.9697757652720052,M3,150,TS
4,178,0.9719018732784592,0.9697507068047347,M3,150,TS
4,179,0.9714335255198636,0.9698708080377518,M3,150,TS
4,180,0.9711578846154274,0.9700516080719753,M3,150,TS
4,181,0.9710944722638326,0.9699549555880388,M3,150,TS
4,182,0.9712193875545372,0.969854781544752,M3,150,TS
4,183,0.9713507159747161,0.9698590963430487,M3,150,TS
4,184,0.9712892944760729,0.9697346269312089,M3,150,TS
4,185,0.9712462147908485,0.9695833945392468,M3,150,TS
4,186,0.9705731539231293,0.9692715878050725,M3,150,TS
4,187,0.970208754222414,0.968906957930015,M3,150,TS
4,188,0.969988760236854,0.9686246795907532,M3,150,TS
4,189,0.9696206096996185,0.9684402633619786,M3,150,TS
4,190,0.9694751194696738,0.9681514741518545,M3,150,TS
4,191,0.9694240710464628,0.9680030212456625,M3,150,TS
4,192,0.969427668334244,0.9675801842357227,M3,150,TS
4,193,0.9693133233696938,0.9670515168995045,M3,150,TS
4,194,0.9689956572497094,0.966686689883366,M3,150,TS
4,195,0.9687059737372188,0.9660675967581551,M3,150,TS
4,196,0.9684807897997224,0.9656693101146259,M3,150,TS
4,197,0.9682473872035253,0.9652950699472352,M3,150,TS
4,198,0.9680057659486249,0.9649448762559806,M3,150,TS
4,199,0.9677559260350211,0.9646187290408619,M3,150,TS
4,200,0.9674978674627139,0.9643166283018791,M3,150,TS
6,151,0.996214505768315,0.9962719421629098,M3,150,TS
6,152,0.9961152328406796,0.9962459426244936,M3,150,TS
6,153,0.9960290888322142,0.996217210712223,M3,150,TS
6,154,0.995956073742919,0.9961857464260977,M3,150,TS
6,155,0.9958961875727937,0.996151549766118,M3,150,TS
6,156,0.9958494303218418,0.9961146207322865,M3,150,TS
6,157,0.9958599118207982,0.9960894916558444,M3,150,TS
6,158,0.9958456437304972,0.9960514780719288,M3,150,TS
6,159,0.9957704044573623,0.9960026357961135,M3,150,TS
6,160,0.9958367240092967,0.9959541693966957,M3,150,TS
6,161,0.9957092218587607,0.9958785812593024,M3,150,TS
6,162,0.9956523449446865,0.9956902202609643,M3,150,TS
6,163,0.9955662274306651,0.9955255976207381,M3,150,TS
6,164,0.9955560027793754,0.9954190145778502,M3,150,TS
6,165,0.9955269016238708,0.9953498100104373,M3,150,TS
6,166,0.995515275555934,0.9953446447362726,M3,150,TS
6,167,0.995481363117343,0.9953975471715233,M3,150,TS
6,168,0.9952872254157735,0.9954815480323794,M3,150,TS
6,169,0.9952152259768224,0.9955352013719184,M3,150,TS
6,170,0.9950931560869628,0.9956159987035901,M3,150,TS
6,171,0.994966603957919,0.9955024132528728,M3,150,TS
6,172,0.9949506503891471,0.995248331747935,M3,150,TS
6,173,0.9949255045077805,0.9950885677532403,M3,150,TS
6,174,0.9949507524984647,0.9949385047042985,M3,150,TS
6,175,0.9949436995335101,0.9948521461479877,M3,150,TS
6,176,0.9948553452856492,0.9947859871945429,M3,150,TS
6,177,0.994861288992555,0.994786297640209,M3,150,TS
6,178,0.9947635411372995,0.9948529079528726,M3,150,TS
6,179,0.9947687327438571,0.9949609915461355,M3,150,TS
6,180,0.9946547175698341,0.9951003411667106,M3,150,TS
6,181,0.9947522146500036,0.9951209437237869,M3,150,TS
6,182,0.9947288419621603,0.9951508385093416,M3,150,TS
6,183,0.9946594190966497,0.9952168669885109,M3,150,TS
6,184,0.9946131352370858,0.9952196365867642,M3,150,TS
6,185,0.9945569067396691,0.9952195113581325,M3,150,TS
6,186,0.9944554226729967,0.9951250489966567,M3,150,TS
6,187,0.994525445824341,0.995022041985834,M3,150,TS
6,188,0.9945312995670903,0.9949539968049097,M3,150,TS
6,189,0.9945035238085205,0.9949264959324905,M3,150,TS
6,190,0.9944937350335686,0.9948687486611494,M3,150,TS
6,191,0.994511069552142,0.9948671599267817,M3,150,TS
6,192,0.994354548788215,0.9947671268388627,M3,150,TS
6,193,0.9942082877615992,0.994608172737619,M3,150,TS
6,194,0.9940660638765035,0.9945093287386462,M3,150,TS
6,195,0.9939285246499441,0.9943000274536734,M3,150,TS
6,196,0.9937872031503167,0.9941880996378407,M3,150,TS
6,197,0.9936459653173575,0.9940847505753401,M3,150,TS
6,198,0.9935048111510638,0.9939899802661687,M3,150,TS
6,199,0.9933637406514356,0.9939037887103266,M3,150,TS
6,200,0.9932227538184729,0.9938261759078139,M3,150,TS
7,151,0.9944063753831374,0.9949227845592851,M3,150,TS
7,152,0.9943518838933064,0.9948458967310072,M3,150,TS
7,153,0.9942924744859969,0.9947663384780153,M3,150,TS
7,154,0.994228147161209,0.9946841098003091,M3,150,TS
7,155,0.9941589019189425,0.9945992106978886,M3,150,TS
7,156,0.9940847387592003,0.9945116411707569,M3,150,TS
7,157,0.9939822863795954,0.9944148268170332,M3,150,TS
7,158,0.9939045656069894,0.9943404551530771,M3,150,TS
7,159,0.9938651951227415,0.994243592181105,M3,150,TS
7,160,0.9938035718599496,0.9941556019724263,M3,150,TS
7,161,0.9937610515371789,0.994054219847035,M3,150,TS
7,162,0.9937122760542119,0.9939111276936012,M3,150,TS
7,163,0.9936117741640667,0.9937837253950084,M3,150,TS
7,164,0.9935157799849212,0.9936885241178071,M3,150,TS
7,165,0.9934154307549953,0.9936182083482403,M3,150,TS
7,166,0.9932585301429073,0.9935784355606296,M3,150,TS
7,167,0.9930649007415475,0.9935523151507001,M3,150,TS
7,168,0.9929202850425868,0.9935425046456207,M3,150,TS
7,169,0.9927678083195293,0.9935242822791943,M3,150,TS
7,170,0.9926517468134011,0.9935222051387772,M3,150,TS
7,171,0.9925164540284324,0.993430043630195,M3,150,TS
7,172,0.9924355058928396,0.993271577275739,M3,150,TS
7,173,0.9922633449048571,0.9931541049117925,M3,150,TS
7,174,0.9921366744906839,0.9930277836106965,M3,150,TS
7,175,0.9920620457932743,0.9929174261729556,M3,150,TS
7,176,0.991960224684306,0.9928390176145722,M3,150,TS
7,177,0.9917807998494718,0.9927927065780807,M3,150,TS
7,178,0.991696715556144,0.9927620992370835,M3,150,TS
7,179,0.9916208230145287,0.9927616919076208,M3,150,TS
7,180,0.9915485975755082,0.9927679482808843,M3,150,TS
7,181,0.9915041139511117,0.9927263171276156,M3,150,TS
7,182,0.991437678959813,0.992676577769533,M3,150,TS
7,183,0.9913197670728469,0.9926289341746022,M3,150,TS
7,184,0.9912539511914851,0.9925560763360287,M3,150,TS
7,185,0.9912096475888834,0.9924794327536847,M3,150,TS
7,186,0.9911403242141177,0.992384570935649,M3,150,TS
7,187,0.9909881512914112,0.9922789014295805,M3,150,TS
7,188,0.9909081017447054,0.992175696098426,M3,150,TS
7,189,0.9908380250579897,0.992091249042431,M3,150,TS
7,190,0.9907348827758002,0.9919911888212131,M3,150,TS
7,191,0.990680910982181,0.9919148359544778,M3,150,TS
7,192,0.9905315571703812,0.9917872815340038,M3,150,TS
7,193,0.9903770005332686,0.9916295194561996,M3,150,TS
7,194,0.9902430059030527,0.9915254102879405,M3,150,TS
7,195,0.9901456260555439,0.9913666501115375,M3,150,TS
7,196,0.9900206122761921,0.9912526596056161,M3,150,TS
7,197,0.9898951591915459,0.9911457219046784,M3,150,TS
7,198,0.9897692668016028,0.9910458370087216,M3,150,TS
7,199,0.9896429351063629,0.9909530049177457,M3,150,TS
7,200,0.9895161641058261,0.9908672256317509,M3,150,TS
8,151,0.9894562866939769,0.9899238191639205,M3,150,TS
8,152,0.9892869391809709,0.9898029182531001,M3,150,TS
8,153,0.9891264737722718,0.9896788879458187,M3,150,TS
8,154,0.9889748904678795,0.9895517282420766,M3,150,TS
8,155,0.9888321892677938,0.9894214391418736,M3,150,TS
8,156,0.9886983701720182,0.9892880206452126,M3,150,TS
8,157,0.988612998135234,0.989156233156119,M3,150,TS
8,158,0.9884657605265808,0.9890213483554383,M3,150,TS
8,159,0.9883221445484542,0.9888811829931594,M3,150,TS
8,160,0.9881996969985829,0.9887385378131793,M3,150,TS
8,161,0.988043425315414,0.9885857326777585,M3,150,TS
8,162,0.9878153619489983,0.9883906562901669,M3,150,TS
8,163,0.987663659807816,0.988202406612873,M3,150,TS
8,164,0.9875156075605755,0.9880421080117554,M3,150,TS
8,165,0.9873270466649591,0.9878987873637012,M3,150,TS
8,166,0.9871873160367632,0.9877815995394063,M3,150,TS
8,167,0.9870762836454232,0.9876810481086502,M3,150,TS
8,168,0.9869386436403,0.9875994941536739,M3,150,TS
8,169,0.9867927268027747,0.9875018108247334,M3,150,TS
8,170,0.9866505942191186,0.9874132760537212,M3,150,TS
8,171,0.9865007607244951,0.9872460597268913,M3,150,TS
8,172,0.986302968780101,0.9870267549413186,M3,150,TS
8,173,0.9861435659453623,0.9868440886967338,M3,150,TS
8,174,0.9859508344567336,0.9866698900994751,M3,150,TS
8,175,0.9857170247032094,0.9865139332115904,M3,150,TS
8,176,0.9854989411486601,0.9863669336715661,M3,150,TS
8,177,0.9853378399000858,0.9862518627664226,M3,150,TS
8,178,0.9851822150143007,0.9861677770274208,M3,150,TS
8,179,0.98501998496841,0.9861004686214073,M3,150,TS
8,180,0.9849044471712944,0.9860463901961037,M3,150,TS
8,181,0.9848004012787525,0.9859548357757855,M3,150,TS
8,182,0.9846632874079718,0.9858626898961477,M3,150,TS
8,183,0.9845620324189641,0.9857814955282705,M3,150,TS
8,184,0.9844446166266216,0.9856724617420148,M3,150,TS
8,185,0.9842672291286316,0.9855533058294353,M3,150,TS
8,186,0.9840657585920585,0.9854002652706899,M3,150,TS
8,187,0.983908876419124,0.9852376253372154,M3,150,TS
8,188,0.9837450136174848,0.9850892485768852,M3,150,TS
8,189,0.9835390637644426,0.9849577642604805,M3,150,TS
8,190,0.9833286628583462,0.9848166052304574,M3,150,TS
8,191,0.9831152377668357,0.984699912946078,M3,150,TS
8,192,0.9828710927346475,0.9845320680808222,M3,150,TS
8,193,0.9826470558178269,0.9843377006653405,M3,150,TS
8,194,0.9824686223560679,0.9841728967890336,M3,150,TS
8,195,0.9822446928402246,0.9839663041603766,M3,150,TS
8,196,0.9820476556594568,0.9837987480849277,M3,150,TS
8,197,0.9818597827823277,0.9836355077957482,M3,150,TS
8,198,0.9816810742088343,0.983476583292835,M3,150,TS
8,199,0.981511529938977,0.9833219745761885,M3,150,TS
8,200,0.9813511499727554,0.9831716816458085,M3,150,TS
12,151,0.9964391412129527,0.996241784698825,M3,150,TS
12,152,0.996449271339672,0.9962060634036666,M3,150,TS
12,153,0.9964508346170283,0.9961656592355024,M3,150,TS
12,154,0.9964438310450218,0.9961205721943324,M3,150,TS
12,155,0.9964282606236524,0.9960708022801564,M3,150,TS
12,156,0.9964041233529233,0.9960163494929773,M3,150,TS
12,157,0.9963733833269217,0.9959478002252311,M3,150,TS
12,158,0.9963272920330408,0.9958927308565021,M3,150,TS
12,159,0.9962954253265817,0.9958296497778715,M3,150,TS
12,160,0.9962317083567527,0.995763453584767,M3,150,TS
12,161,0.996195685495121,0.9957129230388057,M3,150,TS
12,162,0.9961588400405574,0.9956935014281274,M3,150,TS
12,163,0.9960993853386355,0.995671623608409,M3,150,TS
12,164,0.9960167875370655,0.9956474333891978,M3,150,TS
12,165,0.9959439058471578,0.9956269925547508,M3,150,TS
12,166,0.9958358179690385,0.9955932439113759,M3,150,TS
12,167,0.9957187800079623,0.9955348875441826,M3,150,TS
12,168,0.9956256062307962,0.9954917024810889,M3,150,TS
12,169,0.9955638034557666,0.9954396509518341,M3,150,TS
12,170,0.995517288368672,0.9953832504050227,M3,150,TS
12,171,0.9955193786141443,0.9953740358129973,M3,150,TS
12,172,0.9954981882957448,0.9953957564839728,M3,150,TS
12,173,0.9954579803391037,0.9953846667801094,M3,150,TS
12,174,0.9954238374706464,0.9953646295163283,M3,150,TS
12,175,0.995400931370721,0.995337597405244,M3,150,TS
12,176,0.9953770856030706,0.9953052282161935,M3,150,TS
12,177,0.9953392362431142,0.9952632048680815,M3,150,TS
12,178,0.9953084427222629,0.9952093573300793,M3,150,TS
12,179,0.9952961128171749,0.9951386213888189,M3,150,TS
12,180,0.99530106766799,0.9950586402500858,M3,150,TS
12,181,0.9952783788360806,0.9950170402842041,M3,150,TS
12,182,0.9952234549725187,0.994968856162436,M3,150,TS
12,183,0.9951648897320904,0.9948842828646948,M3,150,TS
12,184,0.9951172409488205,0.994812030740732,M3,150,TS
12,185,0.9950643536166401,0.9947456587247491,M3,150,TS
12,186,0.9950033249822401,0.9947000445304348,M3,150,TS
12,187,0.9949131124957803,0.9946550527844529,M3,150,TS
12,188,0.9948103844069475,0.9945954251514342,M3,150,TS
12,189,0.9947515845784494,0.9945238656020452,M3,150,TS
12,190,0.9947036933144273,0.9944664922600017,M3,150,TS
12,191,0.9946534388496556,0.994398542562001,M3,150,TS
12,192,0.9946082764806821,0.9943484497057717,M3,150,TS
12,193,0.9945468720668882,0.9942941679069949,M3,150,TS
12,194,0.9945116759637709,0.9942514902279466,M3,150,TS
12,195,0.9944588077055738,0.9942291711576015,M3,150,TS
12,196,0.9944023791897465,0.9941884550467874,M3,150,TS
12,197,0.994339854015007,0.9941489002199178,M3,150,TS
12,198,0.994271232181353,0.9941105066769896,M3,150,TS
12,199,0.9941965136887845,0.9940732744180032,M3,150,TS
12,200,0.9941156985373015,0.9940372034429583,M3,150,TS
13,151,0.9971218402728154,0.996831827496956,M3,150,TS
13,152,0.997125411021877,0.996810609175398,M3,150,TS
13,153,0.9971229622682198,0.9967853977617619,M3,150,TS
13,154,0.9971144940118436,0.9967561932560479,M3,150,TS
13,155,0.9971000062527485,0.996722995658256,M3,150,TS
13,156,0.9970794989909375,0.9966858049683891,M3,150,TS
13,157,0.9970426935251744,0.996662420364134,M3,150,TS
13,158,0.9970120287572352,0.9966068798516854,M3,150,TS
13,159,0.9969747483554201,0.9965572662774809,M3,150,TS
13,160,0.9969483991395283,0.996496427530051,M3,150,TS
13,161,0.9969110441392823,0.9964345612704685,M3,150,TS
13,162,0.9968554234616301,0.9963427661153836,M3,150,TS
13,163,0.9967727646811086,0.9962579683531173,M3,150,TS
13,164,0.9966715256409413,0.9961926071897164,M3,150,TS
13,165,0.9965957220405769,0.9961356416090057,M3,150,TS
13,166,0.9965182877753898,0.9960981875982324,M3,150,TS
13,167,0.9964408373216866,0.9960777687148544,M3,150,TS
13,168,0.996360574441506,0.9960781951481791,M3,150,TS
13,169,0.9963313767031219,0.996050769740872,M3,150,TS
13,170,0.9963210302726416,0.9960208931276797,M3,150,TS
13,171,0.9962985218915089,0.995955465787743,M3,150,TS
13,172,0.9962485884144738,0.9958598258026796,M3,150,TS
13,173,0.9961874524844941,0.9957859112230895,M3,150,TS
13,174,0.9961345121000279,0.9957233766934186,M3,150,TS
13,175,0.9961303098675913,0.9956834948768266,M3,150,TS
13,176,0.9960950315914081,0.9956236516864814,M3,150,TS
13,177,0.9960719868016161,0.9955942464130122,M3,150,TS
13,178,0.9960434895446866,0.9955935230790273,M3,150,TS
13,179,0.9960460676752122,0.9955824586573138,M3,150,TS
13,180,0.9960497643446751,0.9955860533856998,M3,150,TS
13,181,0.9960063775909416,0.9955757446700125,M3,150,TS
13,182,0.9959622485718815,0.9955725082631525,M3,150,TS
13,183,0.9958959250976375,0.9955738680465204,M3,150,TS
13,184,0.9958618036440439,0.9955477586032027,M3,150,TS
13,185,0.995846187414138,0.995516635494721,M3,150,TS
13,186,0.9957957726569031,0.9954388640371801,M3,150,TS
13,187,0.9957415155335627,0.9953724538401593,M3,150,TS
13,188,0.9956964933022042,0.9953159879216056,M3,150,TS
13,189,0.9956549610085865,0.995265000015331,M3,150,TS
13,190,0.9956421171713961,0.9952197514077051,M3,150,TS
13,191,0.9956152225775323,0.9951892881929706,M3,150,TS
13,192,0.9955648706054869,0.9951372624263195,M3,150,TS
13,193,0.9954959882519252,0.9950607391602101,M3,150,TS
13,194,0.995440178124885,0.9949919194501738,M3,150,TS
13,195,0.9953727857710697,0.9948967875042241,M3,150,TS
13,196,0.9953265384190831,0.9948281642722817,M3,150,TS
13,197,0.9952828626347129,0.9947609893563735,M3,150,TS
13,198,0.9952417584179565,0.9946952627564968,M3,150,TS
13,199,0.9952032257688137,0.9946309844726512,M3,150,TS
13,200,0.9951672646872847,0.994568154504837,M3,150,TS
15,151,0.9962252605469409,0.9960182710039286,M3,150,TS
15,152,0.9962208125930392,0.9959881407306617,M3,150,TS
15,153,0.9962118183194908,0.9959539697410759,M3,150,TS
15,154,0.9961982777262959,0.9959157580351714,M3,150,TS
15,155,0.9961801908134543,0.9958735056129481,M3,150,TS
15,156,0.996157557580969,0.9958272124744086,M3,150,TS
15,157,0.9961330561512289,0.995796496993437,M3,150,TS
15,158,0.9961030139082411,0.9957288263744849,M3,150,TS
15,159,0.9960483729312696,0.9956707166976203,M3,150,TS
15,160,0.9960004961472655,0.9955997887067695,M3,150,TS
15,161,0.9959293724948286,0.9955291015925878,M3,150,TS
15,162,0.9958335335644611,0.9954308649275257,M3,150,TS
15,163,0.9957205996053304,0.9953382282416878,M3,150,TS
15,164,0.9956044966238953,0.9952621667574266,M3,150,TS
15,165,0.9954812809233828,0.9951931602115741,M3,150,TS
15,166,0.9953984102161108,0.9951409032909047,M3,150,TS
15,167,0.9953439525691803,0.9951042102781652,M3,150,TS
15,168,0.995329457996333,0.9950859344726889,M3,150,TS
15,169,0.9952733207454667,0.9950426190278863,M3,150,TS
15,170,0.9952518136326842,0.9949938753175966,M3,150,TS
15,171,0.9952051757086207,0.994917286738161,M3,150,TS
15,172,0.995132271609668,0.9948154293867802,M3,150,TS
15,173,0.995060842996885,0.9947331096843602,M3,150,TS
15,174,0.9950070180486855,0.9946640278626842,M3,150,TS
15,175,0.9949476593639104,0.9946172811026223,M3,150,TS
15,176,0.994932851648315,0.9945434633360394,M3,150,TS
15,177,0.9949255098219727,0.9945003540767837,M3,150,TS
15,178,0.9949214325530107,0.9944857094374441,M3,150,TS
15,179,0.9949097971769096,0.9944584949275082,M3,150,TS
15,180,0.9948833397107228,0.9944474765760261,M3,150,TS
15,181,0.9948059503284219,0.9944274213603305,M3,150,TS
15,182,0.9947249757270282,0.9944155632847576,M3,150,TS
15,183,0.9946328188777054,0.9944094136446529,M3,150,TS
15,184,0.994556640269802,0.9943767308561118,M3,150,TS
15,185,0.9944566820527307,0.9943383584697765,M3,150,TS
15,186,0.9944022573565555,0.994250011078892,M3,150,TS
15,187,0.9943491582095565,0.9941744238118297,M3,150,TS
15,188,0.9942834853639416,0.9941099213999325,M3,150,TS
15,189,0.9942423860416657,0.9940482571418071,M3,150,TS
15,190,0.9941943633012958,0.9939961948424736,M3,150,TS
15,191,0.9941214406260783,0.9939572961664044,M3,150,TS
15,192,0.9940644165797171,0.9938984491148263,M3,150,TS
15,193,0.9939849550593147,0.9938174767059609,M3,150,TS
15,194,0.9939132663788257,0.9937388668275304,M3,150,TS
15,195,0.9938551810527687,0.9936373481008597,M3,150,TS
15,196,0.9937969359266035,0.9935603251868202,M3,150,TS
15,197,0.9937438760109061,0.9934840809170163,M3,150,TS
15,198,0.9936960013056741,0.9934086152914455,M3,150,TS
15,199,0.9936533118109079,0.9933339283101076,M3,150,TS
15,200,0.993615807526607,0.9932600199730026,M3,150,TS
17,151,0.9980876584157506,0.9982008526680093,M3,150,TS
17,152,0.9981352042733159,0.9981867852132834,M3,150,TS
17,153,0.9981566729266981,0.9981701523147257,M3,150,TS
17,154,0.998152064375897,0.998150953972336,M3,150,TS
17,155,0.9981213786209127,0.9981291901861143,M3,150,TS
17,156,0.9980646156617479,0.9981048609560637,M3,150,TS
17,157,0.9979494545663445,0.9980743940037048,M3,150,TS
17,158,0.9979097161329462,0.9980553946088039,M3,150,TS
17,159,0.9979176121027216,0.9980202514784412,M3,150,TS
17,160,0.9977559841524373,0.9979946921554886,M3,150,TS
17,161,0.9977519595499136,0.9979571563713764,M3,150,TS
17,162,0.9977688485147062,0.9978890610120452,M3,150,TS
17,163,0.9978168947376731,0.9978283323390166,M3,150,TS
17,164,0.9978755313898338,0.9977924280588485,M3,150,TS
17,165,0.9979888789109685,0.9977744166616916,M3,150,TS
17,166,0.9980966942905272,0.9977755215653007,M3,150,TS
17,167,0.9980050167181996,0.9977912271876366,M3,150,TS
17,168,0.9980279963497212,0.9978224172992868,M3,150,TS
17,169,0.9980399116980906,0.9978427782749834,M3,150,TS
17,170,0.998046379793742,0.9978762956099748,M3,150,TS
17,171,0.9980724622218546,0.9978465181088302,M3,150,TS
17,172,0.9980755730720043,0.9977729790091834,M3,150,TS
17,173,0.9980659388396138,0.9977213264067508,M3,150,TS
17,174,0.9980451216973336,0.997666123621922,M3,150,TS
17,175,0.9980200775252531,0.997630549741447,M3,150,TS
17,176,0.9979768399295956,0.9976118744838427,M3,150,TS
17,177,0.9979523464467734,0.9976132827981951,M3,150,TS
17,178,0.9979192537226368,0.9976334328427385,M3,150,TS
17,179,0.9978812563814822,0.9976715268682034,M3,150,TS
17,180,0.9978276205537122,0.9977154198618763,M3,150,TS
17,181,0.99779056482589,0.9977284851755266,M3,150,TS
17,182,0.9977713897388524,0.9977341600819385,M3,150,TS
17,183,0.9977523831235487,0.9977322551106886,M3,150,TS
17,184,0.9977298930177749,0.9977138928849884,M3,150,TS
17,185,0.9976923719248798,0.9976973011924917,M3,150,TS
17,186,0.9976702775317827,0.9976602303612983,M3,150,TS
17,187,0.9976507861793333,0.9976136037587305,M3,150,TS
17,188,0.99760405834563,0.9975726788664017,M3,150,TS
17,189,0.9975449789654255,0.9975455092167232,M3,150,TS
17,190,0.9974977354863259,0.9975083759089856,M3,150,TS
17,191,0.9974704408888537,0.997490533670921,M3,150,TS
17,192,0.9974628881747938,0.9974312702441022,M3,150,TS
17,193,0.9974755488038036,0.9973442390360217,M3,150,TS
17,194,0.9974938234159549,0.9972993588655068,M3,150,TS
17,195,0.9975989351942185,0.9972128402377962,M3,150,TS
17,196,0.9975292329964532,0.9971647585782378,M3,150,TS
17,197,0.997419619540284,0.9971234993028748,M3,150,TS
17,198,0.997270094825708,0.9970890624117041,M3,150,TS
17,199,0.9970806588527253,0.997061447904726,M3,150,TS
17,200,0.9968513116213358,0.9970406557819403,M3,150,TS
18,151,0.9967286752306215,0.9969413467533378,M3,150,TS
18,152,0.996734180439968,0.9969121349469855,M3,150,TS
18,153,0.9967286473994351,0.996879191817002,M3,150,TS
18,154,0.9967120761090231,0.9968425173633875,M3,150,TS
18,155,0.9966844665687318,0.9968021115861417,M3,150,TS
18,156,0.9966458187785637,0.9967579744852678,M3,150,TS
18,157,0.9965932376844059,0.9967069749272286,M3,150,TS
18,158,0.996527560446605,0.9966635362144313,M3,150,TS
18,159,0.9964576808305154,0.99661160418893,M3,150,TS
18,160,0.9963852885555852,0.9965582548021428,M3,150,TS
18,161,0.9963093425696747,0.9965074216549652,M3,150,TS
18,162,0.996241155290386,0.9964480351459055,M3,150,TS
18,163,0.9961930232600331,0.9963919267980568,M3,150,TS
18,164,0.9961534929420675,0.9963494357680277,M3,150,TS
18,165,0.9961282542437089,0.9963187131310575,M3,150,TS
18,166,0.9961340704382093,0.9962939776705575,M3,150,TS
18,167,0.9961332036581544,0.9962662536470696,M3,150,TS
18,168,0.9961445950325705,0.9962562187596175,M3,150,TS
18,169,0.9961564930828966,0.9962346872199214,M3,150,TS
18,170,0.9961554243304382,0.9962183875541324,M3,150,TS
18,171,0.9961540709408457,0.9961830709176989,M3,150,TS
18,172,0.9961171965817952,0.9961330976505278,M3,150,TS
18,173,0.9960709459919943,0.996085486766723,M3,150,TS
18,174,0.9960208668691528,0.9960349835249339,M3,150,TS
18,175,0.9959813926061627,0.9959937481370648,M3,150,TS
18,176,0.995958089004092,0.9959557902770292,M3,150,TS
18,177,0.9959376291560111,0.995928939022775,M3,150,TS
18,178,0.9959178524370527,0.9959114019389039,M3,150,TS
18,179,0.995896460375093,0.9958962441029303,M3,150,TS
18,180,0.9958710421699442,0.995883168601792,M3,150,TS
18,181,0.9958367919253477,0.995866685997189,M3,150,TS
18,182,0.9957831257202757,0.9958451738629585,M3,150,TS
18,183,0.9957326025198818,0.995808313725385,M3,150,TS
18,184,0.9956971290990027,0.9957636927940551,M3,150,TS
18,185,0.9956599277889449,0.9957198943355644,M3,150,TS
18,186,0.9956296855841797,0.9956671933602943,M3,150,TS
18,187,0.9955981713458765,0.9956104529875993,M3,150,TS
18,188,0.9955528767442439,0.9955528541812413,M3,150,TS
18,189,0.9954912232503919,0.9954995769005401,M3,150,TS
18,190,0.9954337333107592,0.9954472862870506,M3,150,TS
18,191,0.9953760597201944,0.9954033172683997,M3,150,TS
18,192,0.9953032597925409,0.9953417084259462,M3,150,TS
18,193,0.9952215665357579,0.9952623584403337,M3,150,TS
18,194,0.9951472511607411,0.9952093879387972,M3,150,TS
18,195,0.9950705577024481,0.9951409312421039,M3,150,TS
18,196,0.9950302699225336,0.995084280599978,M3,150,TS
18,197,0.9950046135818877,0.9950303744932728,M3,150,TS
18,198,0.9949935886805082,0.9949792129219855,M3,150,TS
18,199,0.9949971952183951,0.9949307958861164,M3,150,TS
18,200,0.9950154331955485,0.9948851233856653,M3,150,TS
19,151,0.9983541625402169,0.998312063375094,M3,150,TS
19,152,0.998313949241844,0.9983010143094323,M3,150,TS
19,153,0.9982766524905043,0.9982859970406744,M3,150,TS
19,154,0.9982422722861977,0.9982670115688203,M3,150,TS
19,155,0.9982108086289242,0.9982440578938698,M3,150,TS
19,156,0.9981822615186868,0.998217136015826,M3,150,TS
19,157,0.9981634010364282,0.9981830455711143,M3,150,TS
19,158,0.9981526300088968,0.9981569798718584,M3,150,TS
19,159,0.998118417587482,0.9981215733830013,M3,150,TS
19,160,0.9980856048046101,0.9980859619414085,M3,150,TS
19,161,0.9980510460025163,0.9980494529685742,M3,150,TS
19,162,0.9980122018525,0.9979957171504446,M3,150,TS
19,163,0.9979886622993271,0.9979471720315342,M3,150,TS
19,164,0.9979748072893371,0.9979166617627493,M3,150,TS
19,165,0.9979576989069638,0.9979012024840537,M3,150,TS
19,166,0.9979557420190031,0.9978971631585865,M3,150,TS
19,167,0.9979701549299111,0.9978939829785505,M3,150,TS
19,168,0.9979696476288039,0.9979101064613255,M3,150,TS
19,169,0.9979757712917408,0.9979140423727247,M3,150,TS
19,170,0.9979679876075439,0.9979261028581808,M3,150,TS
19,171,0.9979505371878232,0.99790222752393,M3,150,TS
19,172,0.9979374164180058,0.9978509723420363,M3,150,TS
19,173,0.9979284641604969,0.9978098415449095,M3,150,TS
19,174,0.9979243138901803,0.9977658935654512,M3,150,TS
19,175,0.9979137758823782,0.9977357841882047,M3,150,TS
19,176,0.9979146632249826,0.9977128107634468,M3,150,TS
19,177,0.9979219630620617,0.9977053322462592,M3,150,TS
19,178,0.9979164416020232,0.9977119174182857,M3,150,TS
19,179,0.9978810831926193,0.9977273692233366,M3,150,TS
19,180,0.9978462976686268,0.9977465783871663,M3,150,TS
19,181,0.9978140490845031,0.9977516145669282,M3,150,TS
19,182,0.9978019663708897,0.9977503928155537,M3,150,TS
19,183,0.9977817707485597,0.9977380536811457,M3,150,TS
19,184,0.997760137049204,0.9977141646037446,M3,150,TS
19,185,0.9977178738287117,0.9976914155574772,M3,150,TS
19,186,0.9976769311981306,0.9976542330407244,M3,150,TS
19,187,0.9976246500837709,0.9976118584670006,M3,150,TS
19,188,0.9975481718358651,0.9975718477300147,M3,150,TS
19,189,0.997464250420944,0.9975395809166336,M3,150,TS
19,190,0.9974058504213121,0.9975037009744553,M3,150,TS
19,191,0.9973498303501193,0.9974807526985742,M3,150,TS
19,192,0.9973111514638624,0.9974301357141595,M3,150,TS
19,193,0.9972846686521686,0.9973574735846973,M3,150,TS
19,194,0.9972725060212573,0.9973160988034613,M3,150,TS
19,195,0.9972586462336028,0.9972501787739632,M3,150,TS
19,196,0.9972579269779204,0.997204356721557,M3,150,TS
19,197,0.997266220569223,0.9971621084605211,M3,150,TS
19,198,0.9972835270075077,0.9971234339908528,M3,150,TS
19,199,0.9973098462927743,0.997088333312552,M3,150,TS
19,200,0.997345178425023,0.9970568064256187,M3,150,TS
20,151,0.9973616389364621,0.9975859324781685,M3,150,TS
20,152,0.9974075197253998,0.9975632490349073,M3,150,TS
20,153,0.9974215049847107,0.9975378202199029,M3,150,TS
20,154,0.997403594714395,0.9975096460331554,M3,150,TS
20,155,0.9973537889144526,0.9974787264746645,M3,150,TS
20,156,0.9972720875848866,0.9974450615444335,M3,150,TS
20,157,0.9971109528470454,0.9974089755154211,M3,150,TS
20,158,0.9969958467251645,0.9973782107457677,M3,150,TS
20,159,0.9968982250774934,0.9973357708795194,M3,150,TS
20,160,0.9968057423558895,0.9972939532940684,M3,150,TS
20,161,0.9967649835522265,0.9972454177012476,M3,150,TS
20,162,0.9967462230467132,0.9971658286159573,M3,150,TS
20,163,0.9967562441604744,0.9970936620151954,M3,150,TS
20,164,0.9968197596582506,0.9970443299019542,M3,150,TS
20,165,0.9969000064872323,0.9970130647762296,M3,150,TS
20,166,0.9969981041843179,0.9970005423323899,M3,150,TS
20,167,0.9968934864706803,0.997003025543669,M3,150,TS
20,168,0.996978171831189,0.9970201160984438,M3,150,TS
20,169,0.9968581736723161,0.997029330604691,M3,150,TS
20,170,0.9967202675194098,0.9970497335518657,M3,150,TS
20,171,0.9966286239580148,0.9970096598138556,M3,150,TS
20,172,0.9965689094138606,0.9969253515516208,M3,150,TS
20,173,0.9966561260440131,0.9968586856361674,M3,150,TS
20,174,0.9965639000607831,0.9967958198284221,M3,150,TS
20,175,0.9964988305626201,0.9967530819068525,M3,150,TS
20,176,0.9964825142151799,0.9967188943145544,M3,150,TS
20,177,0.9965271691823476,0.9967056623182251,M3,150,TS
20,178,0.9966247076581672,0.996711124175489,M3,150,TS
20,179,0.9965231349097945,0.9967358586761527,M3,150,TS
20,180,0.9964948170830299,0.9967652998657186,M3,150,TS
20,181,0.9965423828461333,0.9967637659466716,M3,150,TS
20,182,0.9965689321766831,0.9967587718827065,M3,150,TS
20,183,0.99662696643056,0.9967473175923728,M3,150,TS
20,184,0.9964687216956917,0.9967236497383615,M3,150,TS
20,185,0.9964055226886985,0.996697841568013,M3,150,TS
20,186,0.9964305090450565,0.996644293869511,M3,150,TS
20,187,0.9962479179393413,0.9965909674131349,M3,150,TS
20,188,0.9960964738165874,0.996542425301961,M3,150,TS
20,189,0.9959848674786759,0.9965049856011448,M3,150,TS
20,190,0.9959041879371922,0.9964597472269648,M3,150,TS
20,191,0.9958612410572101,0.9964326909319966,M3,150,TS
20,192,0.9958008059821721,0.9963684952616833,M3,150,TS
20,193,0.9957761643512522,0.9962761636519845,M3,150,TS
20,194,0.9958041770686448,0.9962191353564595,M3,150,TS
20,195,0.9958724204484426,0.99612384261554,M3,150,TS
20,196,0.9959026605517954,0.9960611708352552,M3,150,TS
20,197,0.9959341167151717,0.99600312310652,M3,150,TS
20,198,0.9959667889385689,0.9959496994293312,M3,150,TS
20,199,0.996000677221987,0.9959008998036892,M3,150,TS
20,200,0.9960357815654259,0.995856724229594,M3,150,TS
21,151,0.9956912339585707,0.9956514829341132,M3,150,TS
21,152,0.9956361582846758,0.9956141555916866,M3,150,TS
21,153,0.9955777660134763,0.9955727724728537,M3,150,TS
21,154,0.9955160571449724,0.9955273335776146,M3,150,TS
21,155,0.995451031679164,0.9954778389059691,M3,150,TS
21,156,0.995382689616054,0.99542428845792,M3,150,TS
21,157,0.9953032813292844,0.9953660692339608,M3,150,TS
21,158,0.9952288312847336,0.9953098847856887,M3,150,TS
21,159,0.9951657989556684,0.9952468241022466,M3,150,TS
21,160,0.9950827836652403,0.9951814773875655,M3,150,TS
21,161,0.9950040504535111,0.9951190031711031,M3,150,TS
21,162,0.9949378275730777,0.9950479777771394,M3,150,TS
21,163,0.994872731051322,0.9949804481816341,M3,150,TS
21,164,0.9948462154708643,0.9949247327344175,M3,150,TS
21,165,0.9948455456205259,0.9948792439194817,M3,150,TS
21,166,0.9948506100983525,0.9948402883192922,M3,150,TS
21,167,0.9948442953928711,0.9947994358261124,M3,150,TS
21,168,0.994858696630907,0.9947761260318545,M3,150,TS
21,169,0.9948599240004905,0.9947401915451743,M3,150,TS
21,170,0.9948275598015108,0.994708638134946,M3,150,TS
21,171,0.9947749222348143,0.9946621637943622,M3,150,TS
21,172,0.9947228452351056,0.9946017458539533,M3,150,TS
21,173,0.994660418753779,0.9945432459431602,M3,150,TS
21,174,0.9946132830160076,0.9944828205433133,M3,150,TS
21,175,0.9945781416702075,0.9944324410141181,M3,150,TS
21,176,0.9945183042464286,0.9943823000495706,M3,150,TS
21,177,0.994460904363839,0.9943441562651729,M3,150,TS
21,178,0.9944207553588466,0.9943157073990314,M3,150,TS
21,179,0.9943659110086336,0.9942869892921137,M3,150,TS
21,180,0.9943098604053411,0.9942611280621267,M3,150,TS
21,181,0.9942479000109743,0.9942336989799883,M3,150,TS
21,182,0.9941933460671152,0.9942018327298422,M3,150,TS
21,183,0.9941428593360844,0.994155245666956,M3,150,TS
21,184,0.9941003087097292,0.9941002969154537,M3,150,TS
21,185,0.994049879015029,0.9940461670095287,M3,150,TS
21,186,0.9939787237981907,0.993980889594649,M3,150,TS
21,187,0.9939123404758661,0.9939138330369439,M3,150,TS
21,188,0.9938302001053307,0.9938464896711499,M3,150,TS
21,189,0.9937594602523034,0.9937816589614934,M3,150,TS
21,190,0.9936779827658371,0.9937202298713361,M3,150,TS
21,191,0.9935713169909226,0.993667252601484,M3,150,TS
21,192,0.9934749826288649,0.9935980866821128,M3,150,TS
21,193,0.9933924321192207,0.9935105206782829,M3,150,TS
21,194,0.9933409069786632,0.9934449455582736,M3,150,TS
21,195,0.9933053047706054,0.9933646779895253,M3,150,TS
21,196,0.9932830596003424,0.9932961787981823,M3,150,TS
21,197,0.9932787843572951,0.9932298447591552,M3,150,TS
21,198,0.9932924790414607,0.9931656758724414,M3,150,TS
21,199,0.9933241436528392,0.9931036721380407,M3,150,TS
21,200,0.9933737781914306,0.9930438335559533,M3,150,TS
22,151,0.9979528761834789,0.9978123441437159,M3,150,TS
22,152,0.9979072381966131,0.9977946784578194,M3,150,TS
22,153,0.9978617640595299,0.9977731886480639,M3,150,TS
22,154,0.997816453772229,0.9977478747144494,M3,150,TS
22,155,0.9977713073347109,0.997718736656976,M3,150,TS
22,156,0.9977263247469779,0.9976857744756464,M3,150,TS
22,157,0.9976623722504454,0.9976469042757098,M3,150,TS
22,158,0.9976220530829301,0.9976148458065605,M3,150,TS
22,159,0.9975850693515447,0.9975732094628103,M3,150,TS
22,160,0.9975521284025106,0.9975309595012845,M3,150,TS
22,161,0.9975274650059696,0.9974877689187136,M3,150,TS
22,162,0.99750044667464,0.9974284733608709,M3,150,TS
22,163,0.9974735928424314,0.9973745962646671,M3,150,TS
22,164,0.9974506677254206,0.9973381381178056,M3,150,TS
22,165,0.9974375716473516,0.9973153796001001,M3,150,TS
22,166,0.9974409607621424,0.9973033885676278,M3,150,TS
22,167,0.9974532155137844,0.9972919007924499,M3,150,TS
22,168,0.9974715255646589,0.9972985460842159,M3,150,TS
22,169,0.9974882601035546,0.9972934155378084,M3,150,TS
22,170,0.9974927470335335,0.9972956377257584,M3,150,TS
22,171,0.9974823827231087,0.9972646996790416,M3,150,TS
22,172,0.9974560568032118,0.9972091320449301,M3,150,TS
22,173,0.9974282640273349,0.9971629971150614,M3,150,TS
22,174,0.9974235959318766,0.9971139073600201,M3,150,TS
22,175,0.9974112134769693,0.9970771767146078,M3,150,TS
22,176,0.9974167092627432,0.997046828563611,M3,150,TS
22,177,0.9974104067819365,0.9970321488770479,M3,150,TS
22,178,0.9973914928461298,0.9970311202686779,M3,150,TS
22,179,0.9973688547367965,0.9970371609091762,M3,150,TS
22,180,0.9973364659420498,0.9970473586568881,M3,150,TS
22,181,0.9972937885930526,0.9970457863738695,M3,150,TS
22,182,0.9972503787900733,0.9970386393818969,M3,150,TS
22,183,0.9972196642067779,0.9970199914517549,M3,150,TS
22,184,0.9971947514642006,0.9969900611378825,M3,150,TS
22,185,0.9971539974562448,0.9969601271145649,M3,150,TS
22,186,0.99711660853755,0.9969167585023232,M3,150,TS
22,187,0.9970594165220095,0.996868412191673,M3,150,TS
22,188,0.9969981574821415,0.996821602282202,M3,150,TS
22,189,0.996932905442551,0.9967817372394694,M3,150,TS
22,190,0.9968700312810477,0.9967396304996661,M3,150,TS
22,191,0.9967969001664407,0.9967101352789198,M3,150,TS
22,192,0.9967343004587343,0.9966541349821205,M3,150,TS
22,193,0.9966924120561809,0.9965769656621682,M3,150,TS
22,194,0.9966737251724511,0.9965294574858856,M3,150,TS
22,195,0.9966714083321956,0.9964585868114246,M3,150,TS
22,196,0.9966745969745014,0.9964067811919776,M3,150,TS
22,197,0.9966913347168012,0.9963582955549632,M3,150,TS
22,198,0.9967216215590917,0.9963131299003789,M3,150,TS
22,199,0.9967654575013734,0.9962712842282246,M3,150,TS
22,200,0.996822842543646,0.9962327585385004,M3,150,TS
23,151,0.9957291000885199,0.995869490252273,M3,150,TS
23,152,0.995655804722311,0.9958355828158552,M3,150,TS
23,153,0.995583265767001,0.9957973483564219,M3,150,TS
23,154,0.9955114832225899,0.9957547868739729,M3,150,TS
23,155,0.9954404570890777,0.9957078983685084,M3,150,TS
23,156,0.9953701873664672,0.9956566828400313,M3,150,TS
23,157,0.9952964816511591,0.9955981483316803,M3,150,TS
23,158,0.9952337450924627,0.9955444163656963,M3,150,TS
23,159,0.9951646689343825,0.9954843297605633,M3,150,TS
23,160,0.9950886447357687,0.9954212823886385,M3,150,TS
23,161,0.9950125348933974,0.9953644135104329,M3,150,TS
23,162,0.9949454753952015,0.9953088681147574,M3,150,TS
23,163,0.9948705612965933,0.9952553568889296,M3,150,TS
23,164,0.9948185960203811,0.9952099169385629,M3,150,TS
23,165,0.9947838854552487,0.9951728281178739,M3,150,TS
23,166,0.9947588975268944,0.9951367132489194,M3,150,TS
23,167,0.9947590577003345,0.9950914803305866,M3,150,TS
23,168,0.9947644068394659,0.9950634017702779,M3,150,TS
23,169,0.9947660037795605,0.9950242029231466,M3,150,TS
23,170,0.9947637944757017,0.9949866843471283,M3,150,TS
23,171,0.9947466162556119,0.9949501201085662,M3,150,TS
23,172,0.9947189951630708,0.9949112657822076,M3,150,TS
23,173,0.9946621370785891,0.9948664060683242,M3,150,TS
23,174,0.9946149970545015,0.9948181579143424,M3,150,TS
23,175,0.9945695964921818,0.9947748993519463,M3,150,TS
23,176,0.9945269742307985,0.9947305223767519,M3,150,TS
23,177,0.9944802338775807,0.9946927420215107,M3,150,TS
23,178,0.99442978382032,0.9946599793024078,M3,150,TS
23,179,0.994383440304972,0.9946229607249285,M3,150,TS
23,180,0.9943415393688771,0.9945859528398718,M3,150,TS
23,181,0.9942902372324994,0.9945575973511707,M3,150,TS
23,182,0.9942375416961541,0.9945237003343433,M3,150,TS
23,183,0.9941733265295782,0.9944707861201104,M3,150,TS
23,184,0.9941300293605158,0.9944144212088496,M3,150,TS
23,185,0.9940893572924874,0.9943588285495994,M3,150,TS
23,186,0.9940361842867442,0.9943008310809112,M3,150,TS
23,187,0.9939514980828261,0.9942417598695114,M3,150,TS
23,188,0.9938687256791139,0.9941784214687602,M3,150,TS
23,189,0.9937819685524725,0.9941148907441634,M3,150,TS
23,190,0.9937040166065777,0.994056669298441,M3,150,TS
23,191,0.9936094491179026,0.9940021205207439,M3,150,TS
23,192,0.9935086087142964,0.9939395691816867,M3,150,TS
23,193,0.9934110201584094,0.993862875649691,M3,150,TS
23,194,0.9933458424257315,0.9938055520587261,M3,150,TS
23,195,0.9932978906382908,0.9937422643558576,M3,150,TS
23,196,0.993268502233414,0.9936826322461142,M3,150,TS
23,197,0.9932555990533375,0.9936247635140757,M3,150,TS
23,198,0.9932591810980587,0.9935686581597393,M3,150,TS
23,199,0.9932792483675777,0.9935143161831049,M3,150,TS
23,200,0.9933158008618946,0.993461737584173,M3,150,TS
26,151,0.9959505042486115,0.9958829028039456,M3,150,TS
26,152,0.9959391513915293,0.9958640634207382,M3,150,TS
26,153,0.9959235813440527,0.9958411697332022,M3,150,TS
26,154,0.9959037941061815,0.9958142217413378,M3,150,TS
26,155,0.9958797896779156,0.995783219445145,M3,150,TS
26,156,0.9958515680592581,0.9957481628446269,M3,150,TS
26,157,0.9958072894134908,0.9957261639115139,M3,150,TS
26,158,0.9957666449082698,0.9956731685826952,M3,150,TS
26,159,0.9957290508396146,0.9956257548176047,M3,150,TS
26,160,0.9956855218293663,0.9955677975406169,M3,150,TS
26,161,0.9956471401855236,0.9955088700211574,M3,150,TS
26,162,0.9956172217042869,0.9954217240467583,M3,150,TS
26,163,0.9955702454172622,0.9953405671614939,M3,150,TS
26,164,0.9955319666902213,0.995276402482467,M3,150,TS
26,165,0.9954958282837898,0.9952207623838856,M3,150,TS
26,166,0.9954580497498497,0.9951830942012015,M3,150,TS
26,167,0.9954201972989694,0.9951606160067249,M3,150,TS
26,168,0.9954003162585383,0.9951576095951259,M3,150,TS
26,169,0.9953739741361689,0.9951299583913904,M3,150,TS
26,170,0.9953283702185327,0.9951009021616203,M3,150,TS
26,171,0.9952770786212812,0.9950404969487775,M3,150,TS
26,172,0.9952158335301919,0.9949525428294843,M3,150,TS
26,173,0.9951514651758169,0.9948836987603381,M3,150,TS
26,174,0.9950852331987592,0.9948263255103922,M3,150,TS
26,175,0.9950159682286617,0.9947914398442383,M3,150,TS
26,176,0.994937142898188,0.9947359869155002,M3,150,TS
26,177,0.9948684720981864,0.9947094771299293,M3,150,TS
26,178,0.994824032753938,0.994708904454393,M3,150,TS
26,179,0.9947916678182149,0.9946981446499387,M3,150,TS
26,180,0.9947660354292998,0.9947011616235775,M3,150,TS
26,181,0.9947581952186065,0.99469064911979,M3,150,TS
26,182,0.9947504723156242,0.9946865943890281,M3,150,TS
26,183,0.9947581154144762,0.9946847053832186,M3,150,TS
26,184,0.99477481366559,0.9946579425852248,M3,150,TS
26,185,0.994767935465342,0.9946273258615861,M3,150,TS
26,186,0.9947573642526486,0.9945519439635386,M3,150,TS
26,187,0.9947425828269708,0.9944873483320332,M3,150,TS
26,188,0.9947137593630634,0.9944327805073271,M3,150,TS
26,189,0.9947103567853216,0.9943819005886332,M3,150,TS
26,190,0.9946953152330662,0.9943389779284363,M3,150,TS
26,191,0.994681869981461,0.9943088527421824,M3,150,TS
26,192,0.9946622189775258,0.9942581989573118,M3,150,TS
26,193,0.9946446633771215,0.9941837430764041,M3,150,TS
26,194,0.9946319178289431,0.9941165027465568,M3,150,TS
26,195,0.9945965515165704,0.9940261271907576,M3,150,TS
26,196,0.9945587055634009,0.9939608326613582,M3,150,TS
26,197,0.9945147672408209,0.9938972217256187,M3,150,TS
26,198,0.994464736548828,0.9938352943835365,M3,150,TS
26,199,0.9944086134874224,0.9937750506351117,M3,150,TS
26,200,0.994346398056604,0.9937164904803442,M3,150,TS
27,151,0.9956270353333843,0.9956140331373824,M3,150,TS
27,152,0.9956308304875027,0.9955968201407512,M3,150,TS
27,153,0.9956235063981074,0.9955756358975221,M3,150,TS
27,154,0.9956050630651984,0.9955504804076947,M3,150,TS
27,155,0.9955755004887756,0.9955213536712694,M3,150,TS
27,156,0.9955348186688422,0.9954882556882487,M3,150,TS
27,157,0.9954834006625471,0.9954688787501621,M3,150,TS
27,158,0.995418425360461,0.9954153933938287,M3,150,TS
27,159,0.9953565849148365,0.9953704062937454,M3,150,TS
27,160,0.9952733097356826,0.9953132929054229,M3,150,TS
27,161,0.9952144854349595,0.9952577006846947,M3,150,TS
27,162,0.9951573562046216,0.9951825180076842,M3,150,TS
27,163,0.9950850316767843,0.9951111802632118,M3,150,TS
27,164,0.9949959437697586,0.995052952669096,M3,150,TS
27,165,0.9949210350328426,0.9949991392227885,M3,150,TS
27,166,0.9948438679446346,0.9949586531728353,M3,150,TS
27,167,0.9947548564922097,0.9949297861613144,M3,150,TS
27,168,0.9946976510250903,0.9949189450299304,M3,150,TS
27,169,0.9946473330066448,0.9948829547007902,M3,150,TS
27,170,0.9945945152930386,0.994841308035867,M3,150,TS
27,171,0.9945447834265342,0.994785476294707,M3,150,TS
27,172,0.9945075395805032,0.9947132823724798,M3,150,TS
27,173,0.9944889188554943,0.9946522225124085,M3,150,TS
27,174,0.9944763021037695,0.9946033614865725,M3,150,TS
27,175,0.9944619689353607,0.9945719627912771,M3,150,TS
27,176,0.9944689801054403,0.9945138675676187,M3,150,TS
27,177,0.9944851237885035,0.9944813056056631,M3,150,TS
27,178,0.9944910894255776,0.9944727017539471,M3,150,TS
27,179,0.9944799854294203,0.9944486694978807,M3,150,TS
27,180,0.9944433259927755,0.994438635711024,M3,150,TS
27,181,0.994388699724889,0.9944273951731817,M3,150,TS
27,182,0.9943523016714957,0.9944224783108377,M3,150,TS
27,183,0.9943249681714408,0.994418119867752,M3,150,TS
27,184,0.99428351692634,0.9943931786009665,M3,150,TS
27,185,0.9942383398808105,0.9943622545921665,M3,150,TS
27,186,0.9942158639706631,0.994290329052541,M3,150,TS
27,187,0.9941856942445113,0.9942311688969453,M3,150,TS
27,188,0.9941470624534154,0.9941797819645853,M3,150,TS
27,189,0.9941038359803992,0.9941293387119619,M3,150,TS
27,190,0.9940330063469403,0.9940914995082635,M3,150,TS
27,191,0.9939755654170752,0.9940613448902027,M3,150,TS
27,192,0.993924755344659,0.9940187666746362,M3,150,TS
27,193,0.9938759374482569,0.9939566848701313,M3,150,TS
27,194,0.9938333304535465,0.9938946341598761,M3,150,TS
27,195,0.9937877818081611,0.9938182414916292,M3,150,TS
27,196,0.9937337446981204,0.9937593801910675,M3,150,TS
27,197,0.9936772647437789,0.993701142024448,M3,150,TS
27,198,0.9936183419451339,0.9936435269917684,M3,150,TS
27,199,0.9935569763021853,0.9935865350930285,M3,150,TS
27,200,0.9934931678149332,0.9935301663282283,M3,150,TS
28,151,0.9958768271134878,0.9955771355729891,M3,150,TS
28,152,0.9958069872774017,0.9955570611143532,M3,150,TS
28,153,0.9957385062343753,0.9955326827322993,M3,150,TS
28,154,0.9956713839844086,0.995504000426828,M3,150,TS
28,155,0.9956056205275016,0.9954710141979388,M3,150,TS
28,156,0.9955412158636568,0.9954337240456348,M3,150,TS
28,157,0.9954703721703593,0.9954077861562253,M3,150,TS
28,158,0.9954017294613472,0.9953522601098472,M3,150,TS
28,159,0.9953492965457706,0.9953023933103109,M3,150,TS
28,160,0.9952887605784829,0.9952416188100396,M3,150,TS
28,161,0.9952268306544811,0.9951823620155007,M3,150,TS
28,162,0.9951706085295687,0.9951022941682662,M3,150,TS
28,163,0.9951025837892211,0.9950265287364339,M3,150,TS
28,164,0.9950259680471947,0.9949649703675782,M3,150,TS
28,165,0.9949711867638683,0.9949091582985461,M3,150,TS
28,166,0.9949195165957059,0.9948670979167108,M3,150,TS
28,167,0.9948801619547997,0.9948354604701646,M3,150,TS
28,168,0.9948288282290081,0.9948234047838359,M3,150,TS
28,169,0.994759286893276,0.9947883955043193,M3,150,TS
28,170,0.9946900390221152,0.9947495814176711,M3,150,TS
28,171,0.9946267177461146,0.9946914389277397,M3,150,TS
28,172,0.9945784560647598,0.9946137889496248,M3,150,TS
28,173,0.9945622098053123,0.9945477898093258,M3,150,TS
28,174,0.9945735190442897,0.9944915489725044,M3,150,TS
28,175,0.9946043690732354,0.9944523897345073,M3,150,TS
28,176,0.9946231319216181,0.9943919212868856,M3,150,TS
28,177,0.9946438750046789,0.9943567187230057,M3,150,TS
28,178,0.9946295992122275,0.9943458049574029,M3,150,TS
28,179,0.9945936333057059,0.9943231093294184,M3,150,TS
28,180,0.9945449739711748,0.9943131966379909,M3,150,TS
28,181,0.9944893921720652,0.9942987415390718,M3,150,TS
28,182,0.9944399381823597,0.9942896137916776,M3,150,TS
28,183,0.9944161321713652,0.9942795370643289,M3,150,TS
28,184,0.9943877023568948,0.9942490108609914,M3,150,TS
28,185,0.9943462800062939,0.9942136567113453,M3,150,TS
28,186,0.9943019638171833,0.9941401179184095,M3,150,TS
28,187,0.9942709067133846,0.9940764468138895,M3,150,TS
28,188,0.994239933611649,0.9940199699783562,M3,150,TS
28,189,0.9942015542194994,0.9939658466585423,M3,150,TS
28,190,0.9941377686530268,0.9939221401214071,M3,150,TS
28,191,0.9940912929380132,0.993887205934402,M3,150,TS
28,192,0.9940443114741453,0.9938371781656334,M3,150,TS
28,193,0.9940105493736837,0.9937663958432672,M3,150,TS
28,194,0.9939496478780393,0.993701137623152,M3,150,TS
28,195,0.993885339415004,0.9936190194493882,M3,150,TS
28,196,0.9938172778179344,0.9935558348641582,M3,150,TS
28,197,0.9937457480426715,0.9934938010521392,M3,150,TS
28,198,0.9936707500892124,0.9934329180133288,M3,150,TS
28,199,0.9935922839575569,0.9933731857477267,M3,150,TS
28,200,0.9935103496477052,0.993314604255333,M3,150,TS
29,151,0.9971053161646016,0.997155478513425,M3,150,TS
29,152,0.9970546443879883,0.9971369405721431,M3,150,TS
29,153,0.9969999147314916,0.9971146009115293,M3,150,TS
29,154,0.9969411271951116,0.9970884595315835,M3,150,TS
29,155,0.9968782817788483,0.9970585164323061,M3,150,TS
29,156,0.9968113784827042,0.9970247716136997,M3,150,TS
29,157,0.9967248965817403,0.9969889125480603,M3,150,TS
29,158,0.9966387616759906,0.9969523224535153,M3,150,TS
29,159,0.9965665081064645,0.9969096196812857,M3,150,TS
29,160,0.9965136282181668,0.9968631621647898,M3,150,TS
29,161,0.9964645471636396,0.996817028055674,M3,150,TS
29,162,0.9964205732676059,0.9967554939051548,M3,150,TS
29,163,0.9963652681228199,0.9966990001462791,M3,150,TS
29,164,0.9963280237515837,0.996657690397798,M3,150,TS
29,165,0.9963083764024314,0.9966274855135024,M3,150,TS
29,166,0.9962999252139577,0.9966077485490208,M3,150,TS
29,167,0.9962917071015146,0.9965899393343131,M3,150,TS
29,168,0.9962900129355721,0.9965901883059625,M3,150,TS
29,169,0.9963176372464052,0.9965752779194941,M3,150,TS
29,170,0.996330514478867,0.9965648296265764,M3,150,TS
29,171,0.99633957105396,0.9965276270607132,M3,150,TS
29,172,0.9963433788354059,0.9964693084105456,M3,150,TS
29,173,0.996316399630141,0.9964205268660996,M3,150,TS
29,174,0.9962795277877291,0.9963726692367366,M3,150,TS
29,175,0.996253321792555,0.9963365075437183,M3,150,TS
29,176,0.9962191139567975,0.9963007250636016,M3,150,TS
29,177,0.9961771816583925,0.9962817772672025,M3,150,TS
29,178,0.9961279864664458,0.9962775975267615,M3,150,TS
29,179,0.9960935972765861,0.9962745824525463,M3,150,TS
29,180,0.9960372576932366,0.9962776893973359,M3,150,TS
29,181,0.9959856516483765,0.9962724295675722,M3,150,TS
29,182,0.9959354462420607,0.9962638881988298,M3,150,TS
29,183,0.9958692511216817,0.9962466611887932,M3,150,TS
29,184,0.9958310565509717,0.9962162141574052,M3,150,TS
29,185,0.9957945079160518,0.9961838531764867,M3,150,TS
29,186,0.9957594622723526,0.9961341947379883,M3,150,TS
29,187,0.995720506712767,0.9960826055585406,M3,150,TS
29,188,0.9956817104654498,0.996033160783394,M3,150,TS
29,189,0.9956372887491772,0.9959889245788318,M3,150,TS
29,190,0.9955685636190378,0.9959465980457249,M3,150,TS
29,191,0.9954968102463866,0.9959149888146234,M3,150,TS
29,192,0.9954372577928832,0.9958609387881404,M3,150,TS
29,193,0.99534720467828,0.9957883824246994,M3,150,TS
29,194,0.9952711797727173,0.9957389489448901,M3,150,TS
29,195,0.9952156734143542,0.9956693388639883,M3,150,TS
29,196,0.9951853650628,0.9956163799559729,M3,150,TS
29,197,0.9951711378661893,0.9955659142347921,M3,150,TS
29,198,0.9951729918245189,0.9955179417004436,M3,150,TS
29,199,0.9951909269377889,0.995472462352927,M3,150,TS
29,200,0.9952249432059993,0.9954294761922425,M3,150,TS
30,151,0.9786156496830348,0.978696862823165,M3,150,TS
30,152,0.97849959995813,0.9785590951891571,M3,150,TS
30,153,0.9783824134107618,0.9784191276694288,M3,150,TS
30,154,0.9782640900409304,0.9782769602639807,M3,150,TS
30,155,0.9781446298486357,0.9781325929728124,M3,150,TS
30,156,0.9780240328338803,0.9779860257959269,M3,150,TS
30,157,0.9778889014610461,0.9778541967530169,M3,150,TS
30,158,0.9777682447260291,0.9776876552237905,M3,150,TS
30,159,0.9776605185831237,0.977539255599333,M3,150,TS
30,160,0.97753377880097,0.9773743135460637,M3,150,TS
30,161,0.9774259211339003,0.9772135840873493,M3,150,TS
30,162,0.9773195538559117,0.977066356214304,M3,150,TS
30,163,0.9771920347440073,0.9769160506258416,M3,150,TS
30,164,0.9770537208353786,0.976759183107241,M3,150,TS
30,165,0.976874119681151,0.9765892754662103,M3,150,TS
30,166,0.976676843904003,0.976420205244007,M3,150,TS
30,167,0.9764800237719291,0.9762384488469168,M3,150,TS
30,168,0.9762819189345002,0.976061670474356,M3,150,TS
30,169,0.9760779184118875,0.9758724215521307,M3,150,TS
30,170,0.9758535861728687,0.9756664945561467,M3,150,TS
30,171,0.975640084719773,0.975502573607963,M3,150,TS
30,172,0.9754444258391946,0.9753722606130092,M3,150,TS
30,173,0.9752571500427585,0.9752371182486896,M3,150,TS
30,174,0.9750693311365886,0.9751237314492183,M3,150,TS
30,175,0.9748969062286892,0.9749624191511208,M3,150,TS
30,176,0.9747300921460091,0.9747845932392314,M3,150,TS
30,177,0.9745758297873253,0.9746195198626686,M3,150,TS
30,178,0.9744064513106123,0.9744673358429967,M3,150,TS
30,179,0.9742581496357877,0.9742884337421652,M3,150,TS
30,180,0.9741236702127505,0.97412299196333,M3,150,TS
30,181,0.9739996481604303,0.9740037040535858,M3,150,TS
30,182,0.9738789733217553,0.9738825953263761,M3,150,TS
30,183,0.9737841247686867,0.9737759994444827,M3,150,TS
30,184,0.9736866657990332,0.9736619446032063,M3,150,TS
30,185,0.9735904989506905,0.9735007432062408,M3,150,TS
30,186,0.9734797771977106,0.9733562334360062,M3,150,TS
30,187,0.9733510233290976,0.9732072752891505,M3,150,TS
30,188,0.9731987434300009,0.9730655130721532,M3,150,TS
30,189,0.9730811593001335,0.9729065990665687,M3,150,TS
30,190,0.9729794485882934,0.9727630887315923,M3,150,TS
30,191,0.9728458590800013,0.9726119572435287,M3,150,TS
30,192,0.9727194183353756,0.9724576734927247,M3,150,TS
30,193,0.9725771072263516,0.9723226378035678,M3,150,TS
30,194,0.9724210447533566,0.9721615185890948,M3,150,TS
30,195,0.9722410586237553,0.9720363311423269,M3,150,TS
30,196,0.9720844632924925,0.971890143453119,M3,150,TS
30,197,0.971925259507695,0.9717426613597907,M3,150,TS
30,198,0.97176344726936,0.9715938848623394,M3,150,TS
30,199,0.9715990265774874,0.971443813960765,M3,150,TS
30,200,0.9714319974320774,0.9712924486550675,M3,150,TS
31,151,0.9975070046684483,0.997492813069357,M3,150,TS
31,152,0.997474092201904,0.9974801935549884,M3,150,TS
31,153,0.9974387880343855,0.9974634682971424,M3,150,TS
31,154,0.9974010921658929,0.9974426372958192,M3,150,TS
31,155,0.9973610045964262,0.9974177005510185,M3,150,TS
31,156,0.9973185253259879,0.9973886580627433,M3,150,TS
31,157,0.9972511507658179,0.9973697397092498,M3,150,TS
31,158,0.9971848111679518,0.9973262271320804,M3,150,TS
31,159,0.9971480978372742,0.9972846072829145,M3,150,TS
31,160,0.9971319010209514,0.9972337459910303,M3,150,TS
31,161,0.9971251197669797,0.9971812608726509,M3,150,TS
31,162,0.9971208142617026,0.997100240048154,M3,150,TS
31,163,0.9970887395225201,0.9970257929017299,M3,150,TS
31,164,0.9970490605713396,0.9969701979118044,M3,150,TS
31,165,0.9970042857558397,0.9969254535171883,M3,150,TS
31,166,0.9969578503880083,0.9968988801801882,M3,150,TS
31,167,0.9968884360628354,0.9968874142425002,M3,150,TS
31,168,0.9968279092851762,0.9968961110904294,M3,150,TS
31,169,0.9967573712929807,0.9968818712431816,M3,150,TS
31,170,0.9966948078549835,0.9968676107813897,M3,150,TS
31,171,0.9966349709782729,0.9968168239634643,M3,150,TS
31,172,0.996591494356329,0.9967345249755848,M3,150,TS
31,173,0.9965419818218111,0.99667168844711,M3,150,TS
31,174,0.9965113307933615,0.9966172827121452,M3,150,TS
31,175,0.9964791181183416,0.9965864765866639,M3,150,TS
31,176,0.9964635240505813,0.9965390210055507,M3,150,TS
31,177,0.9964451825759255,0.9965197129918214,M3,150,TS
31,178,0.9964224586446496,0.996526174330711,M3,150,TS
31,179,0.9963817573715876,0.9965271483694831,M3,150,TS
31,180,0.9963609201896753,0.9965401915385882,M3,150,TS
31,181,0.9963277652487826,0.9965373055140256,M3,150,TS
31,182,0.9962946207306943,0.9965394089887468,M3,150,TS
31,183,0.9962528918134679,0.9965424280195783,M3,150,TS
31,184,0.9962236959859262,0.9965216363690547,M3,150,TS
31,185,0.9961806766368064,0.9964985697958997,M3,150,TS
31,186,0.9961562358257028,0.996432474825569,M3,150,TS
31,187,0.9961461259271673,0.9963745399648525,M3,150,TS
31,188,0.9961059648658412,0.996326042900887,M3,150,TS
31,189,0.9960572708541137,0.9962838550637126,M3,150,TS
31,190,0.9960122097441348,0.9962467252895205,M3,150,TS
31,191,0.9959512449869277,0.996224053363679,M3,150,TS
31,192,0.9959146986428828,0.9961777792971065,M3,150,TS
31,193,0.9958371791458136,0.9961075988075235,M3,150,TS
31,194,0.9957720818575309,0.9960497017039763,M3,150,TS
31,195,0.9956880636310182,0.9959654601045407,M3,150,TS
31,196,0.995610149220539,0.9959074890253352,M3,150,TS
31,197,0.9955296818882626,0.9958515495371798,M3,150,TS
31,198,0.9954466616341862,0.9957976416400718,M3,150,TS
31,199,0.9953610884583096,0.9957457653340109,M3,150,TS
31,200,0.9952729623606329,0.9956959206189973,M3,150,TS
32,151,0.9976372787513029,0.9974116547550227,M3,150,TS
32,152,0.9975859283782122,0.9973900950082104,M3,150,TS
32,153,0.997537759894991,0.9973642144272292,M3,150,TS
32,154,0.9974927733016392,0.9973340130120791,M3,150,TS
32,155,0.9974509685981569,0.9972994907627599,M3,150,TS
32,156,0.9974123457845467,0.9972606476792747,M3,150,TS
32,157,0.9973910714903576,0.9972238845493878,M3,150,TS
32,158,0.9973645351764251,0.9971755128750168,M3,150,TS
32,159,0.9973236525734257,0.9971254311002826,M3,150,TS
32,160,0.9972787239121719,0.997069779767695,M3,150,TS
32,161,0.9972344983995737,0.9970143048249867,M3,150,TS
32,162,0.9971726285375544,0.996938504733029,M3,150,TS
32,163,0.9970815136859652,0.9968689367906872,M3,150,TS
32,164,0.9970228364338789,0.9968155021845357,M3,150,TS
32,165,0.9969708889751285,0.9967737343695516,M3,150,TS
32,166,0.9969182256786682,0.9967458045144334,M3,150,TS
32,167,0.9968728833104742,0.9967253726189717,M3,150,TS
32,168,0.9968603327414325,0.9967238308979509,M3,150,TS
32,169,0.9968612785135655,0.9967029621587797,M3,150,TS
32,170,0.9968686788578124,0.9966842214200358,M3,150,TS
32,171,0.9969081763848517,0.996634089916206,M3,150,TS
32,172,0.9969420233445405,0.9965582906529162,M3,150,TS
32,173,0.9969555279992341,0.9964956057445841,M3,150,TS
32,174,0.9969494042176517,0.9964373493943905,M3,150,TS
32,175,0.9969421889585828,0.9963985837651302,M3,150,TS
32,176,0.9968777141211322,0.9963531579480505,M3,150,TS
32,177,0.9968280375656302,0.9963287039693628,M3,150,TS
32,178,0.9967976306524424,0.9963229568895873,M3,150,TS
32,179,0.9967544462986647,0.9963149806201714,M3,150,TS
32,180,0.99670640641245,0.9963153647090054,M3,150,TS
32,181,0.9966986004560046,0.9963024336981097,M3,150,TS
32,182,0.9966953899063733,0.9962902077750657,M3,150,TS
32,183,0.996685822577861,0.9962717280930176,M3,150,TS
32,184,0.9966502949747469,0.9962368801486681,M3,150,TS
32,185,0.9966254627133584,0.9962015030044882,M3,150,TS
32,186,0.9965679863271613,0.996137072895234,M3,150,TS
32,187,0.9965344708143342,0.9960757380997065,M3,150,TS
32,188,0.9964988250717449,0.996019133713921,M3,150,TS
32,189,0.996472074794096,0.9959676459924732,M3,150,TS
32,190,0.9964329443745374,0.9959200893911265,M3,150,TS
32,191,0.9964071385563611,0.9958842565136969,M3,150,TS
32,192,0.99638051035617,0.9958273695498325,M3,150,TS
32,193,0.9963321543374705,0.9957481436234461,M3,150,TS
32,194,0.9962579876875047,0.9956887789162602,M3,150,TS
32,195,0.9961316823678599,0.995607900020773,M3,150,TS
32,196,0.9960397422901545,0.9955475401000772,M3,150,TS
32,197,0.9959416583034034,0.9954899003610813,M3,150,TS
32,198,0.9958374304076035,0.9954349808037828,M3,150,TS
32,199,0.9957270586027549,0.9953827814281817,M3,150,TS
32,200,0.9956105428888574,0.9953333022342777,M3,150,TS
33,151,0.9971866038348991,0.9972495059922817,M3,150,TS
33,152,0.9971771882546973,0.9972328614736514,M3,150,TS
33,153,0.9971627874329976,0.9972120056172116,M3,150,TS
33,154,0.9971434013697998,0.9971869384229619,M3,150,TS
33,155,0.9971190300651044,0.9971576598909028,M3,150,TS
33,156,0.9970896735189142,0.9971241700210366,M3,150,TS
33,157,0.9970750525561606,0.9970909921735358,M3,150,TS
33,158,0.9970425841341679,0.9970483869578911,M3,150,TS
33,159,0.9969901285945653,0.9970046759559623,M3,150,TS
33,160,0.9969343104870382,0.9969547949711799,M3,150,TS
33,161,0.9968498712257743,0.9969093323942293,M3,150,TS
33,162,0.9967605827944513,0.996852990508203,M3,150,TS
33,163,0.9966678050407587,0.9968001356095051,M3,150,TS
33,164,0.996574105338067,0.9967600494596108,M3,150,TS
33,165,0.996518019421148,0.9967282352640594,M3,150,TS
33,166,0.9965124608595439,0.9967030879645071,M3,150,TS
33,167,0.9965141825532565,0.9966797072375956,M3,150,TS
33,168,0.9965348749456002,0.9966747591186866,M3,150,TS
33,169,0.9965777630163406,0.9966517053040024,M3,150,TS
33,170,0.9966255238746355,0.9966287458622456,M3,150,TS
33,171,0.996656957677011,0.99659291431588,M3,150,TS
33,172,0.9966550091253424,0.996544054506981,M3,150,TS
33,173,0.9966137619288136,0.996500154243093,M3,150,TS
33,174,0.9965502000997162,0.9964595277667051,M3,150,TS
33,175,0.9964746392831506,0.9964337061730745,M3,150,TS
33,176,0.9964297188078007,0.9963967806750426,M3,150,TS
33,177,0.9963524304473172,0.9963769058800516,M3,150,TS
33,178,0.9963035782007477,0.9963702023509381,M3,150,TS
33,179,0.9962833687753415,0.9963558309454554,M3,150,TS
33,180,0.996263535279786,0.9963471219169682,M3,150,TS
33,181,0.9962624508250876,0.9963363247490135,M3,150,TS
33,182,0.9962451407180266,0.9963258654326709,M3,150,TS
33,183,0.9962085193003893,0.9963048367310391,M3,150,TS
33,184,0.9961343369655,0.9962730593866562,M3,150,TS
33,185,0.9960713222389226,0.9962411288580054,M3,150,TS
33,186,0.9959977556922955,0.9961875844150445,M3,150,TS
33,187,0.9959310026846178,0.9961378863096239,M3,150,TS
33,188,0.9958913374269002,0.99608863151324,M3,150,TS
33,189,0.9958676527629517,0.9960408175777319,M3,150,TS
33,190,0.9958287970002899,0.996000079729972,M3,150,TS
33,191,0.9958101939978872,0.9959661253399977,M3,150,TS
33,192,0.9957553463743947,0.9959205518584383,M3,150,TS
33,193,0.9956676125809258,0.9958568922903146,M3,150,TS
33,194,0.9955510426928489,0.9958097349592919,M3,150,TS
33,195,0.9954382903886538,0.9957483465915926,M3,150,TS
33,196,0.9953639686455392,0.9956992398538613,M3,150,TS
33,197,0.9952958060850953,0.995651897275102,M3,150,TS
33,198,0.995233802707319,0.9956063188553118,M3,150,TS
33,199,0.9951779585122102,0.9955625045944908,M3,150,TS
33,200,0.9951282734997692,0.995520454492639,M3,150,TS
34,151,0.9966019173591216,0.99643025081895,M3,150,TS
34,152,0.9965375109004615,0.9964006796019574,M3,150,TS
34,153,0.9964763859472371,0.9963668175475023,M3,150,TS
34,154,0.9964185424994484,0.9963286646555849,M3,150,TS
34,155,0.9963639805570954,0.996286220926205,M3,150,TS
34,156,0.9963127001201811,0.9962394863593653,M3,150,TS
34,157,0.9962666149512827,0.9961991891102294,M3,150,TS
34,158,0.9962313772546405,0.9961391799308661,M3,150,TS
34,159,0.9961944141671855,0.9960801854389111,M3,150,TS
34,160,0.9961536486065649,0.9960136343824412,M3,150,TS
34,161,0.9961014414646291,0.9959470847078793,M3,150,TS
34,162,0.9960531997214542,0.9958563771195026,M3,150,TS
34,163,0.9959737831291746,0.9957720249276786,M3,150,TS
34,164,0.9958895801595637,0.9957051936715833,M3,150,TS
34,165,0.9958105437270061,0.9956487806350033,M3,150,TS
34,166,0.9957351350167742,0.9956078993882391,M3,150,TS
34,167,0.9956700869728872,0.9955775734414211,M3,150,TS
34,168,0.9956347533603704,0.9955662284045299,M3,150,TS
34,169,0.9956246217533973,0.9955328475841762,M3,150,TS
34,170,0.9956381439208416,0.995499311841477,M3,150,TS
34,171,0.9956591928566096,0.9954340283937342,M3,150,TS
34,172,0.9956785063282084,0.995341739738489,M3,150,TS
34,173,0.9956721182871628,0.995265743222718,M3,150,TS
34,174,0.9956474420670414,0.9951972611706497,M3,150,TS
34,175,0.9956137090233086,0.9951496008197701,M3,150,TS
34,176,0.9955610584346923,0.9950893113591751,M3,150,TS
34,177,0.9955001619276789,0.995054071275968,M3,150,TS
34,178,0.9954384586761857,0.9950413632188302,M3,150,TS
34,179,0.9953924389841059,0.9950229592269768,M3,150,TS
34,180,0.9953774793924586,0.9950141792006576,M3,150,TS
34,181,0.995351102307958,0.9949930743087806,M3,150,TS
34,182,0.9953200941072107,0.9949752087238103,M3,150,TS
34,183,0.9952827946572366,0.9949551336274159,M3,150,TS
34,184,0.9952469365732137,0.9949147278402009,M3,150,TS
34,185,0.9952154748524293,0.9948719406522878,M3,150,TS
34,186,0.9951500523424563,0.9947941786968947,M3,150,TS
34,187,0.9950793958477373,0.9947230193520943,M3,150,TS
34,188,0.9949994423017487,0.9946588894690689,M3,150,TS
34,189,0.9949363986368576,0.9945994660750251,M3,150,TS
34,190,0.9948937771697592,0.9945442950135438,M3,150,TS
34,191,0.9948373823582575,0.9945021551966945,M3,150,TS
34,192,0.9947845605225776,0.9944385373413325,M3,150,TS
34,193,0.9947197686923281,0.9943520093085291,M3,150,TS
34,194,0.9946657853548242,0.9942795715617045,M3,150,TS
34,195,0.9946061635654042,0.9941835183830904,M3,150,TS
34,196,0.9945227695739276,0.9941114538661765,M3,150,TS
34,197,0.9944266437355376,0.9940419097270036,M3,150,TS
34,198,0.9943177860502315,0.9939748859655687,M3,150,TS
34,199,0.9941961965180095,0.9939103825818719,M3,150,TS
34,200,0.9940618751388715,0.9938483995759133,M3,150,TS
35,151,0.9708355022098698,0.9711961702611158,M3,150,TS
35,152,0.9706232971273814,0.9710558301198421,M3,150,TS
35,153,0.9704123482237726,0.9709104534884281,M3,150,TS
35,154,0.9702026554990436,0.9707600403668738,M3,150,TS
35,155,0.9699942189531942,0.9706045907551794,M3,150,TS
35,156,0.9697870385862275,0.9704441046533473,M3,150,TS
35,157,0.9696018384489045,0.9703573880222102,M3,150,TS
35,158,0.9694066902960077,0.9700917653801903,M3,150,TS
35,159,0.9691907774375861,0.9699224549784644,M3,150,TS
35,160,0.9689591770683395,0.9697164509501622,M3,150,TS
35,161,0.9687235971385736,0.9695154077612583,M3,150,TS
35,162,0.9684909954576939,0.9693044626986236,M3,150,TS
35,163,0.9682610436433141,0.969095463193776,M3,150,TS
35,164,0.9680052315499246,0.9688765155833168,M3,150,TS
35,165,0.9677421144430958,0.9685960049086918,M3,150,TS
35,166,0.9674688810330241,0.9683093973820017,M3,150,TS
35,167,0.9672224793203906,0.9680212461561262,M3,150,TS
35,168,0.9669587291419212,0.9677436366440735,M3,150,TS
35,169,0.9667118424950825,0.9673989467606275,M3,150,TS
35,170,0.9664732953879875,0.9669948428119438,M3,150,TS
35,171,0.9662483939751392,0.9666940741766612,M3,150,TS
35,172,0.9660367604950058,0.9664773056664455,M3,150,TS
35,173,0.9658361031352474,0.9662330446189222,M3,150,TS
35,174,0.9657179820200885,0.9660365695583913,M3,150,TS
35,175,0.965398903063109,0.9658856254860586,M3,150,TS
35,176,0.9651107695513601,0.9655853258969651,M3,150,TS
35,177,0.9648586894584708,0.965320190635509,M3,150,TS
35,178,0.9646059517150842,0.9651194267799933,M3,150,TS
35,179,0.9643882166997789,0.9648077484964764,M3,150,TS
35,180,0.9641961006035364,0.9645364466217905,M3,150,TS
35,181,0.9640272715349796,0.9643812781287012,M3,150,TS
35,182,0.9638750604309148,0.9642322254264823,M3,150,TS
35,183,0.9637616535848109,0.9640978853459852,M3,150,TS
35,184,0.9636730702771008,0.9639387037007415,M3,150,TS
35,185,0.9633928104139688,0.96377393234203,M3,150,TS
35,186,0.9632178864531746,0.9634826697910431,M3,150,TS
35,187,0.9630336907275205,0.9632473529436764,M3,150,TS
35,188,0.9628495860100664,0.9630471295705413,M3,150,TS
35,189,0.9626592852063421,0.9628026293391511,M3,150,TS
35,190,0.9624863981906412,0.9626135504442858,M3,150,TS
35,191,0.9622996622069035,0.9624287909660467,M3,150,TS
35,192,0.962078092225616,0.9622452097764256,M3,150,TS
35,193,0.9618665865112527,0.9620744441088063,M3,150,TS
35,194,0.9616412548576915,0.9618183715271941,M3,150,TS
35,195,0.9614358471356016,0.961618078283911,M3,150,TS
35,196,0.961201517627503,0.9613967101771379,M3,150,TS
35,197,0.9609579285332599,0.9611695578003187,M3,150,TS
35,198,0.9607050798528697,0.9609366211534509,M3,150,TS
35,199,0.9604429715863324,0.9606979002365346,M3,150,TS
35,200,0.960171603733648,0.9604533950495695,M3,150,TS
36,151,0.997249712584255,0.9973637240412864,M3,150,TS
36,152,0.9972154172762042,0.9973331315123968,M3,150,TS
36,153,0.9971789995152929,0.9972989476348884,M3,150,TS
36,154,0.997140459301521,0.9972611724087608,M3,150,TS
36,155,0.9970997966348885,0.9972198058340142,M3,150,TS
36,156,0.9970570115153978,0.9971748479106515,M3,150,TS
36,157,0.9970046579680047,0.9971273634096444,M3,150,TS
36,158,0.9969686482206144,0.9970811994209816,M3,150,TS
36,159,0.9969200563535524,0.9970275931903376,M3,150,TS
36,160,0.9968715066573071,0.9969726484408167,M3,150,TS
36,161,0.9968318000074382,0.9969141210962853,M3,150,TS
36,162,0.9967904456524606,0.9968307626275328,M3,150,TS
36,163,0.9967450065973904,0.9967542228732845,M3,150,TS
36,164,0.9967075419568214,0.9966980935004011,M3,150,TS
36,165,0.9966555579475133,0.9966570992388725,M3,150,TS
36,166,0.9966267509321522,0.9966317504722997,M3,150,TS
36,167,0.9966098276094819,0.9966127544525589,M3,150,TS
36,168,0.9966018768888933,0.9966123080848536,M3,150,TS
36,169,0.9966004306907286,0.996597525319736,M3,150,TS
36,170,0.9966146833399203,0.9965896246735281,M3,150,TS
36,171,0.9966077477621891,0.9965362250639515,M3,150,TS
36,172,0.9965977539307403,0.9964489755261842,M3,150,TS
36,173,0.9965661319046721,0.9963798256244327,M3,150,TS
36,174,0.9965214777919699,0.9963116379347259,M3,150,TS
36,175,0.9964777629581296,0.9962592543645389,M3,150,TS
36,176,0.996440912402908,0.9962120881691757,M3,150,TS
36,177,0.9964186146922284,0.9961856404879067,M3,150,TS
36,178,0.9963857116732568,0.9961782376375928,M3,150,TS
36,179,0.9963546063483819,0.9961790916600546,M3,150,TS
36,180,0.9963288634558722,0.996186961294533,M3,150,TS
36,181,0.9962965688704892,0.9961751504450108,M3,150,TS
36,182,0.9962635886832707,0.9961598818488964,M3,150,TS
36,183,0.9962031674673537,0.9961404227508339,M3,150,TS
36,184,0.9961471767957017,0.996104167306061,M3,150,TS
36,185,0.9960972067689576,0.9960653945006973,M3,150,TS
36,186,0.9960463413731708,0.996004390509717,M3,150,TS
36,187,0.9960026784920379,0.9959387901246456,M3,150,TS
36,188,0.9959544592063156,0.9958783337782243,M3,150,TS
36,189,0.9959250300627196,0.9958265226803908,M3,150,TS
36,190,0.9958922274711572,0.9957712958710037,M3,150,TS
36,191,0.9958293886066625,0.9957325701810613,M3,150,TS
36,192,0.995765335483495,0.9956618343086191,M3,150,TS
36,193,0.9957003148226707,0.9955680598773988,M3,150,TS
36,194,0.995627391698584,0.9955042166566211,M3,150,TS
36,195,0.9955403124399587,0.9954114177901237,M3,150,TS
36,196,0.9954805586967708,0.9953436105373121,M3,150,TS
36,197,0.9954264714940575,0.9952795169839881,M3,150,TS
36,198,0.9953780508318164,0.9952191371301491,M3,150,TS
36,199,0.9953352967100472,0.9951624709757951,M3,150,TS
36,200,0.99529820912875,0.995109518520926,M3,150,TS
37,151,0.9965019333152146,0.9964336867132653,M3,150,TS
37,152,0.9964694571575795,0.9964118428167746,M3,150,TS
37,153,0.9964398339062805,0.9963859563156058,M3,150,TS
37,154,0.9964130635613178,0.9963560272097588,M3,150,TS
37,155,0.996389146122691,0.9963220554992338,M3,150,TS
37,156,0.9963680815904032,0.9962840411840335,M3,150,TS
37,157,0.9963490586328874,0.9962558507552592,M3,150,TS
37,158,0.9963269375888311,0.9962033357135003,M3,150,TS
37,159,0.9963303170404907,0.9961529132476599,M3,150,TS
37,160,0.9963080238439647,0.9960947535129032,M3,150,TS
37,161,0.9962673245878804,0.9960346129096607,M3,150,TS
37,162,0.9962214526435222,0.9959443276064016,M3,150,TS
37,163,0.9961879055001555,0.9958597353202999,M3,150,TS
37,164,0.9961306701770047,0.9957952029715932,M3,150,TS
37,165,0.9960900900021823,0.9957402201633614,M3,150,TS
37,166,0.9960432487407358,0.9957048130279694,M3,150,TS
37,167,0.9959854509066499,0.9956847714701061,M3,150,TS
37,168,0.9959160561365994,0.995684827983086,M3,150,TS
37,169,0.9958569802074928,0.9956617782108211,M3,150,TS
37,170,0.9957662455489219,0.9956401730501464,M3,150,TS
37,171,0.9956880683713041,0.9955780921350836,M3,150,TS
37,172,0.9956080782198464,0.9954836015768348,M3,150,TS
37,173,0.9955606775176998,0.9954098412693699,M3,150,TS
37,174,0.9955120785466457,0.9953460171209879,M3,150,TS
37,175,0.9954808803524499,0.9953025922457945,M3,150,TS
37,176,0.9954506177027564,0.995244936195795,M3,150,TS
37,177,0.9954183536983681,0.9952167878085857,M3,150,TS
37,178,0.9953932966323247,0.9952152931459008,M3,150,TS
37,179,0.9953923610878223,0.9952086962410771,M3,150,TS
37,180,0.9953868675599784,0.9952159238346864,M3,150,TS
37,181,0.9953917461635877,0.9952055956000115,M3,150,TS
37,182,0.9953901312199135,0.9951999471665103,M3,150,TS
37,183,0.9953922860863642,0.9951978758887113,M3,150,TS
37,184,0.9953880099067464,0.9951715023227161,M3,150,TS
37,185,0.9953666373421521,0.9951399791205892,M3,150,TS
37,186,0.9953484354532294,0.9950667190768844,M3,150,TS
37,187,0.9953073394789067,0.9950009050063551,M3,150,TS
37,188,0.995273999357108,0.9949446424328183,M3,150,TS
37,189,0.9952529182455478,0.994894629282969,M3,150,TS
37,190,0.9952391298196135,0.994848314667093,M3,150,TS
37,191,0.9952192158360047,0.9948170501010933,M3,150,TS
37,192,0.9951923431644915,0.9947595875752544,M3,150,TS
37,193,0.9951508934552221,0.9946786688426982,M3,150,TS
37,194,0.9951104389407375,0.9946104885536632,M3,150,TS
37,195,0.9950618088287271,0.9945151088777802,M3,150,TS
37,196,0.9950154554714992,0.9944470338301524,M3,150,TS
37,197,0.9949659312192999,0.9943811896841916,M3,150,TS
37,198,0.9949132360721268,0.9943175764398947,M3,150,TS
37,199,0.9948573700299796,0.994256194097262,M3,150,TS
37,200,0.9947983330928587,0.9941970426562934,M3,150,TS
38,151,0.9957616051958313,0.9956575852794325,M3,150,TS
38,152,0.9957314885866928,0.9956390293730654,M3,150,TS
38,153,0.9956977925023123,0.9956161960236194,M3,150,TS
38,154,0.9956605169426898,0.9955890852310945,M3,150,TS
38,155,0.9956196619078251,0.9955576969954907,M3,150,TS
38,156,0.9955752273977213,0.9955220313168107,M3,150,TS
38,157,0.995517725820833,0.9955006888981772,M3,150,TS
38,158,0.9954758179475978,0.9954431517810728,M3,150,TS
38,159,0.9954175219782051,0.9953950292782286,M3,150,TS
38,160,0.9953551016070327,0.9953340124644007,M3,150,TS
38,161,0.9952977811612724,0.9952751948532911,M3,150,TS
38,162,0.995246280565976,0.995196032060254,M3,150,TS
38,163,0.9951586356592749,0.9951217358326414,M3,150,TS
38,164,0.9951154528594421,0.9950585786978441,M3,150,TS
38,165,0.9950728276894184,0.9950005548832546,M3,150,TS
38,166,0.995010355410051,0.9949568534058905,M3,150,TS
38,167,0.9949492371241941,0.9949249570160575,M3,150,TS
38,168,0.99489873483081,0.9949121301136199,M3,150,TS
38,169,0.9948311133460985,0.9948743964577356,M3,150,TS
38,170,0.9947797067112059,0.9948302219807418,M3,150,TS
38,171,0.9947423196694258,0.9947710284610455,M3,150,TS
38,172,0.9947108050433706,0.9946949653003587,M3,150,TS
38,173,0.9946636353875244,0.9946314462398049,M3,150,TS
38,174,0.994657435315007,0.9945788754312587,M3,150,TS
38,175,0.9946163200821012,0.9945464082691399,M3,150,TS
38,176,0.9945635421509662,0.9944873031564554,M3,150,TS
38,177,0.9945123286934071,0.9944544474421517,M3,150,TS
38,178,0.994482655603657,0.9944448596979278,M3,150,TS
38,179,0.9944475380670142,0.9944189800401252,M3,150,TS
38,180,0.9944229988510738,0.9944060419297314,M3,150,TS
38,181,0.9944114191621523,0.9943902901032317,M3,150,TS
38,182,0.9944013437157788,0.9943818346454479,M3,150,TS
38,183,0.9943943144262715,0.9943738731845677,M3,150,TS
38,184,0.9943870807893128,0.9943443906858253,M3,150,TS
38,185,0.9943619197701409,0.9943101704324014,M3,150,TS
38,186,0.9943227201029492,0.9942345400533981,M3,150,TS
38,187,0.994280183636803,0.9941723972424813,M3,150,TS
38,188,0.9942522730164449,0.9941173220638194,M3,150,TS
38,189,0.9942057797002883,0.9940638361431613,M3,150,TS
38,190,0.9941749225780376,0.9940218128909241,M3,150,TS
38,191,0.994129637167771,0.9939886809562701,M3,150,TS
38,192,0.9940975782722441,0.9939430870599855,M3,150,TS
38,193,0.9940748424827945,0.993876930457224,M3,150,TS
38,194,0.9940430654684789,0.9938112193978588,M3,150,TS
38,195,0.9940006965541017,0.9937308488326597,M3,150,TS
38,196,0.9939635377769642,0.9936681174691961,M3,150,TS
38,197,0.9939239104037666,0.9936059989973534,M3,150,TS
38,198,0.9938818144345062,0.9935444934171288,M3,150,TS
38,199,0.9938372498691831,0.9934836007285223,M3,150,TS
38,200,0.9937902167077972,0.9934233209315337,M3,150,TS
39,151,0.9963574403415492,0.9963103600945954,M3,150,TS
39,152,0.996353290468323,0.99629280219855,M3,150,TS
39,153,0.9963444413085677,0.9962710402773067,M3,150,TS
39,154,0.9963308928622834,0.996245074330866,M3,150,TS
39,155,0.9963126451294702,0.9962149043592275,M3,150,TS
39,156,0.9962896981101308,0.996180530362394,M3,150,TS
39,157,0.9962768814564616,0.9961579846559226,M3,150,TS
39,158,0.9962295965129782,0.9961047977280036,M3,150,TS
39,159,0.9961887871727668,0.9960582437649725,M3,150,TS
39,160,0.9961388330502872,0.9960002454583344,M3,150,TS
39,161,0.9960731172070513,0.9959444981672368,M3,150,TS
39,162,0.9960101213009693,0.9958671911837841,M3,150,TS
39,163,0.9959407775621505,0.9957940973458631,M3,150,TS
39,164,0.995878287487367,0.995734890492314,M3,150,TS
39,165,0.9958217094252739,0.9956821275752439,M3,150,TS
39,166,0.9957802971131517,0.9956430854169424,M3,150,TS
39,167,0.9957491206649087,0.9956156310171177,M3,150,TS
39,168,0.9956819899380198,0.9956092157027449,M3,150,TS
39,169,0.9956358415834612,0.995577352811482,M3,150,TS
39,170,0.9955743813304425,0.9955418628901869,M3,150,TS
39,171,0.9955257329178193,0.9954867367077767,M3,150,TS
39,172,0.9954619622934731,0.9954124569797885,M3,150,TS
39,173,0.9953932725035084,0.9953514220605194,M3,150,TS
39,174,0.9953317442083038,0.9953013213819508,M3,150,TS
39,175,0.9952782396401894,0.9952706846342426,M3,150,TS
39,176,0.9952585564141607,0.995214860412312,M3,150,TS
39,177,0.9952490913304128,0.995184819931401,M3,150,TS
39,178,0.9952389070998324,0.9951787187657696,M3,150,TS
39,179,0.9952445850123981,0.9951582778759498,M3,150,TS
39,180,0.995240531360887,0.9951509458677772,M3,150,TS
39,181,0.9952654081091292,0.9951372068438543,M3,150,TS
39,182,0.9952754394088805,0.9951305052342122,M3,150,TS
39,183,0.9952528450274649,0.9951248953246045,M3,150,TS
39,184,0.9952040294629767,0.9950987700381835,M3,150,TS
39,185,0.9951497904330678,0.9950684675929241,M3,150,TS
39,186,0.9951076198115687,0.9949965356226114,M3,150,TS
39,187,0.9950651776776813,0.9949365406412572,M3,150,TS
39,188,0.9950292632179354,0.9948838084135486,M3,150,TS
39,189,0.9949990144187859,0.994832937377099,M3,150,TS
39,190,0.994984468705969,0.9947918201783066,M3,150,TS
39,191,0.9949674942590508,0.9947603204193672,M3,150,TS
39,192,0.9949598776911504,0.9947141975702167,M3,150,TS
39,193,0.9949086887452074,0.994648384355505,M3,150,TS
39,194,0.9948566434741339,0.9945862392628246,M3,150,TS
39,195,0.994799861941839,0.9945066335107187,M3,150,TS
39,196,0.9947478343048466,0.994446374926436,M3,150,TS
39,197,0.9946936752627935,0.9943870991371553,M3,150,TS
39,198,0.9946373848156764,0.9943288061428739,M3,150,TS
39,199,0.9945789629634956,0.9942714959435917,M3,150,TS
39,200,0.9945184097062508,0.9942151685393088,M3,150,TS
40,151,0.9953831006663316,0.9952595806220457,M3,150,TS
40,152,0.9953330774859964,0.9952419617263254,M3,150,TS
40,153,0.9952835404600852,0.9952199427978858,M3,150,TS
40,154,0.9952344895885978,0.9951935238367275,M3,150,TS
40,155,0.9951859248715346,0.9951627048428499,M3,150,TS
40,156,0.9951378463088982,0.995127485816256,M3,150,TS
40,157,0.9950805073396478,0.9951056724411934,M3,150,TS
40,158,0.9950541152203669,0.9950482650247051,M3,150,TS
40,159,0.9950151151740124,0.9950001992532188,M3,150,TS
40,160,0.9949616579676177,0.994939439218956,M3,150,TS
40,161,0.9948982699801885,0.9948823055843273,M3,150,TS
40,162,0.9948320701212855,0.9948085365093781,M3,150,TS
40,163,0.9947711537851458,0.9947373924357766,M3,150,TS
40,164,0.9947117690991782,0.9946774261622788,M3,150,TS
40,165,0.9946437156116984,0.9946218205335364,M3,150,TS
40,166,0.9946040810590954,0.9945770164586096,M3,150,TS
40,167,0.9945404469175276,0.9945427150150162,M3,150,TS
40,168,0.994489273450111,0.9945268517367908,M3,150,TS
40,169,0.9944087959918204,0.994487184946258,M3,150,TS
40,170,0.9943606159345549,0.9944400170078239,M3,150,TS
40,171,0.9943027934482462,0.9943842731965022,M3,150,TS
40,172,0.9942370243590861,0.9943163017962243,M3,150,TS
40,173,0.9941864603429431,0.9942570204093706,M3,150,TS
40,174,0.9941424189719154,0.9942097273260193,M3,150,TS
40,175,0.994084045935502,0.9941790695085798,M3,150,TS
40,176,0.9940442907234149,0.9941208154227651,M3,150,TS
40,177,0.99398300185936,0.9940875868607756,M3,150,TS
40,178,0.9939455653313475,0.9940758686731683,M3,150,TS
40,179,0.993897883736213,0.9940469418193714,M3,150,TS
40,180,0.9938809764633703,0.9940296181046299,M3,150,TS
40,181,0.993867412710985,0.99401356124246,M3,150,TS
40,182,0.9938378210274617,0.9940048066597739,M3,150,TS
40,183,0.9938169330905469,0.9939953150366526,M3,150,TS
40,184,0.9937849614041945,0.9939665227545988,M3,150,TS
40,185,0.9937531358718621,0.9939318176668567,M3,150,TS
40,186,0.9937016437227479,0.9938593091387922,M3,150,TS
40,187,0.9936343383680255,0.9938002082780182,M3,150,TS
40,188,0.9935834721537211,0.9937471996370599,M3,150,TS
40,189,0.9935213380139362,0.9936942538293979,M3,150,TS
40,190,0.9934801304924306,0.9936534975193237,M3,150,TS
40,191,0.993460688711081,0.9936187584641776,M3,150,TS
40,192,0.9934348858232696,0.9935746991032033,M3,150,TS
40,193,0.9934229719629553,0.993511834915351,M3,150,TS
40,194,0.9934009596290998,0.9934481060726391,M3,150,TS
40,195,0.9933829130142435,0.9933725340078218,M3,150,TS
40,196,0.9933333345816867,0.9933128476724314,M3,150,TS
40,197,0.9932680833832516,0.9932539851085181,M3,150,TS
40,198,0.9931871594189354,0.9931959463160792,M3,150,TS
40,199,0.9930905626887382,0.9931387312951147,M3,150,TS
40,200,0.99297829319266,0.9930823400456245,M3,150,TS
41,151,0.951598607292844,0.9507386645727043,M3,150,TS
41,152,0.9515839731665083,0.9513541082233765,M3,150,TS
41,153,0.9515642639722455,0.9518582575670121,M3,150,TS
41,154,0.9515394797100556,0.952251112603612,M3,150,TS
41,155,0.9515096203799385,0.952532673333178,M3,150,TS
41,156,0.951474685981897,0.9527029397557071,M3,150,TS
41,157,0.9514467482045401,0.9526729144191945,M3,150,TS
41,158,0.9513977172622143,0.9520084437891068,M3,150,TS
41,159,0.9513393239905696,0.952116064087385,M3,150,TS
41,160,0.9512718178510781,0.9515478513754306,M3,150,TS
41,161,0.9512134525564208,0.9526506663962777,M3,150,TS
41,162,0.9511601214239438,0.9581869248305283,M3,150,TS
41,163,0.9511114946643091,0.9628081408353425,M3,150,TS
41,164,0.9510459066440382,0.9652478943797268,M3,150,TS
41,165,0.950970647487851,0.9663534828471597,M3,150,TS
41,166,0.9508948783874822,0.9649658468242122,M3,150,TS
41,167,0.9508373543099728,0.9613016353948068,M3,150,TS
41,168,0.9507653222569077,0.9573418309660578,M3,150,TS
41,169,0.9506997511923869,0.9535478911820945,M3,150,TS
41,170,0.9506518323353155,0.9483812076007787,M3,150,TS
41,171,0.9506133336690601,0.9517243383746491,M3,150,TS
41,172,0.9505766312525721,0.9607458633110655,M3,150,TS
41,173,0.950528812222479,0.96569279475861,M3,150,TS
41,174,0.9504990071931514,0.9704909338766222,M3,150,TS
41,175,0.9504861710545475,0.9733957450597568,M3,150,TS
41,176,0.9504689781359765,0.9743286077847971,M3,150,TS
41,177,0.9504820488997714,0.9730764517405956,M3,150,TS
41,178,0.9504747038808106,0.9697709556050614,M3,150,TS
41,179,0.9504855617072812,0.9637221478976973,M3,150,TS
41,180,0.9504894859036759,0.9567872844168238,M3,150,TS
41,181,0.9504787474032959,0.9550389351634868,M3,150,TS
41,182,0.9504419826744268,0.9532545305383532,M3,150,TS
41,183,0.9503949639557345,0.9494787538034796,M3,150,TS
41,184,0.9503490039116838,0.9478009696759189,M3,150,TS
41,185,0.9503129665844903,0.9463314512784535,M3,150,TS
41,186,0.9502840169727509,0.9475315893013948,M3,150,TS
41,187,0.9502640236001179,0.9495463960659782,M3,150,TS
41,188,0.9502380497225067,0.950198338811433,M3,150,TS
41,189,0.9502292473568318,0.9490457239374014,M3,150,TS
41,190,0.950223016966488,0.9498206865981492,M3,150,TS
41,191,0.9501915820656899,0.9483125151953744,M3,150,TS
41,192,0.950149381323365,0.9511799815285483,M3,150,TS
41,193,0.9501026633572887,0.95573555428403,M3,150,TS
41,194,0.9500487101607329,0.9577802042426482,M3,150,TS
41,195,0.9499903168890882,0.9642381569497822,M3,150,TS
41,196,0.9499352707248835,0.9669343238814213,M3,150,TS
41,197,0.9498770387872002,0.9692744899190173,M3,150,TS
41,198,0.9498156210760353,0.9712586550625655,M3,150,TS
41,199,0.9497510175913891,0.9728868193120652,M3,150,TS
41,200,0.9496832283332616,0.9741589826675189,M3,150,TS
42,151,0.99757989857869,0.997438214735976,M3,150,TS
42,152,0.9975462598566585,0.9974326385289622,M3,150,TS
42,153,0.9975156454538209,0.9974226831544594,M3,150,TS
42,154,0.9974880553701774,0.9974083486124673,M3,150,TS
42,155,0.9974634896057281,0.9973896349029862,M3,150,TS
42,156,0.9974419481604756,0.9973665420260187,M3,150,TS
42,157,0.9974312305921538,0.9973550416977536,M3,150,TS
42,158,0.9974194423318247,0.9973131286753142,M3,150,TS
42,159,0.9974001624871094,0.9972772111822444,M3,150,TS
42,160,0.9973858136495678,0.9972302412916512,M3,150,TS
42,161,0.9973546936071599,0.9971839061586032,M3,150,TS
42,162,0.9973143402315453,0.997112223542729,M3,150,TS
42,163,0.9972663005607596,0.9970457297737394,M3,150,TS
42,164,0.9972202464618987,0.9969955334564339,M3,150,TS
42,165,0.9971659158507991,0.9969538306806217,M3,150,TS
42,166,0.9971147069142859,0.9969286522834723,M3,150,TS
42,167,0.9970557866918204,0.9969177274536806,M3,150,TS
42,168,0.9969984693563547,0.9969267984322159,M3,150,TS
42,169,0.9969491497229295,0.9969109627479037,M3,150,TS
42,170,0.9969111539559186,0.9968921344924777,M3,150,TS
42,171,0.9968719019131828,0.9968455769906927,M3,150,TS
42,172,0.9968279965869158,0.9967737561645735,M3,150,TS
42,173,0.9967884559549807,0.9967186859045171,M3,150,TS
42,174,0.9967488281812765,0.9966746207182124,M3,150,TS
42,175,0.9967198775560213,0.9966518392529982,M3,150,TS
42,176,0.996718326606385,0.9966066139819508,M3,150,TS
42,177,0.996699766930802,0.9965900391908875,M3,150,TS
42,178,0.9967114658762508,0.9965980598200114,M3,150,TS
42,179,0.996727276783171,0.9965952425774929,M3,150,TS
42,180,0.996748604350798,0.9966056154535282,M3,150,TS
42,181,0.9967731807200313,0.9966052490821847,M3,150,TS
42,182,0.9967871436129807,0.9966115741254878,M3,150,TS
42,183,0.9967864336574725,0.9966198817675588,M3,150,TS
42,184,0.9967584911386154,0.9966058628214394,M3,150,TS
42,185,0.9967211147083654,0.9965878771405035,M3,150,TS
42,186,0.9966927043186147,0.9965262192934538,M3,150,TS
42,187,0.9966372730265697,0.9964763924296572,M3,150,TS
42,188,0.9966047956587549,0.9964344106649464,M3,150,TS
42,189,0.9965681548267282,0.9963965169509155,M3,150,TS
42,190,0.9965445048549029,0.9963663766016979,M3,150,TS
42,191,0.9965261181589904,0.9963478778608337,M3,150,TS
42,192,0.9965048470922608,0.9963107806239607,M3,150,TS
42,193,0.9964705106276074,0.996251113300229,M3,150,TS
42,194,0.9964201763684499,0.9961987347479919,M3,150,TS
42,195,0.9963742570024985,0.9961240660381129,M3,150,TS
42,196,0.9963463869351741,0.9960719827188843,M3,150,TS
42,197,0.9963246435209412,0.9960209929633732,M3,150,TS
42,198,0.9963090267597973,0.9959710967715767,M3,150,TS
42,199,0.9962995366517422,0.9959222941434951,M3,150,TS
42,200,0.9962961731967761,0.9958745850791281,M3,150,TS
43,151,0.9961857864162412,0.9962485130373827,M3,150,TS
43,152,0.9961559166349873,0.9962227991360125,M3,150,TS
43,153,0.9961297575769555,0.9961930004996263,M3,150,TS
43,154,0.996107309242146,0.9961591171282241,M3,150,TS
43,155,0.9960885716305586,0.9961211490218059,M3,150,TS
43,156,0.9960735447421964,0.9960790961803744,M3,150,TS
43,157,0.9960720122593936,0.9960428159273798,M3,150,TS
43,158,0.9960836243690672,0.9959881480328471,M3,150,TS
43,159,0.9960619811807265,0.9959354961823917,M3,150,TS
43,160,0.9960218597479154,0.9958759430710046,M3,150,TS
43,161,0.9959999472167995,0.9958150760786727,M3,150,TS
43,162,0.9959715343250259,0.9957311632313239,M3,150,TS
43,163,0.9959399074978158,0.9956524673059832,M3,150,TS
43,164,0.9959169960707778,0.9955903295809901,M3,150,TS
43,165,0.9958850648751474,0.9955381007556483,M3,150,TS
43,166,0.9958847806797252,0.9955002881761978,M3,150,TS
43,167,0.9958628838879813,0.9954729386964596,M3,150,TS
43,168,0.9958277374268263,0.9954649368237356,M3,150,TS
43,169,0.9957771734748619,0.995437309399951,M3,150,TS
43,170,0.9957192871679925,0.9954104182548966,M3,150,TS
43,171,0.9956503981533334,0.9953528616444659,M3,150,TS
43,172,0.9955854614945099,0.9952695208722153,M3,150,TS
43,173,0.9955199593266988,0.9952017856324389,M3,150,TS
43,174,0.9954604177255886,0.9951410578326879,M3,150,TS
43,175,0.9954052343787674,0.9950972451661214,M3,150,TS
43,176,0.995368076381528,0.9950416989896993,M3,150,TS
43,177,0.9953215035796257,0.9950107923727105,M3,150,TS
43,178,0.9952932228099052,0.9950013990079785,M3,150,TS
43,179,0.9952489286700497,0.9949882935413749,M3,150,TS
43,180,0.9952053476789253,0.9949859363898234,M3,150,TS
43,181,0.9951469953979706,0.9949726371277762,M3,150,TS
43,182,0.9951061047310605,0.9949610218013447,M3,150,TS
43,183,0.9950762172153027,0.9949480507363637,M3,150,TS
43,184,0.9950533306165699,0.9949151785932245,M3,150,TS
43,185,0.9950525647076903,0.9948769907524553,M3,150,TS
43,186,0.9950560003244237,0.9948058732564989,M3,150,TS
43,187,0.9950740932868009,0.9947388800759447,M3,150,TS
43,188,0.9950981344017258,0.9946785279670549,M3,150,TS
43,189,0.9951011268775474,0.9946238826905758,M3,150,TS
43,190,0.9950947621858435,0.9945737855275665,M3,150,TS
43,191,0.99505873542826,0.9945367520313301,M3,150,TS
43,192,0.9949972678600455,0.994477950196629,M3,150,TS
43,193,0.9949470827614169,0.9943973519492406,M3,150,TS
43,194,0.9948946471542659,0.9943310129045728,M3,150,TS
43,195,0.9948385642247435,0.9942424126319703,M3,150,TS
43,196,0.9947986592858833,0.9941754711753851,M3,150,TS
43,197,0.994763690081093,0.994110528361113,M3,150,TS
43,198,0.9947336566103695,0.9940475841891514,M3,150,TS
43,199,0.9947085588737128,0.9939866386595003,M3,150,TS
43,200,0.9946883968711228,0.9939276917721597,M3,150,TS
44,151,0.9962427088751841,0.9963820172126793,M3,150,TS
44,152,0.9961858589253386,0.9963523861693612,M3,150,TS
44,153,0.9961293832212732,0.9963182404796465,M3,150,TS
44,154,0.996073281762988,0.9962795801435348,M3,150,TS
44,155,0.9960175545504829,0.9962364051610264,M3,150,TS
44,156,0.9959622015837608,0.996188715532124,M3,150,TS
44,157,0.9959125864095986,0.9961346495588581,M3,150,TS
44,158,0.9958552354349282,0.9960820235315454,M3,150,TS
44,159,0.995797343469139,0.9960250358923033,M3,150,TS
44,160,0.9957376192766441,0.9959632116059846,M3,150,TS
44,161,0.9956665686714639,0.9959102281486844,M3,150,TS
44,162,0.9956093899199685,0.9958634053279967,M3,150,TS
44,163,0.9955531906056148,0.9958171087627332,M3,150,TS
44,164,0.9955034338841608,0.9957765605631156,M3,150,TS
44,165,0.9954518913880535,0.9957429333492684,M3,150,TS
44,166,0.9954131102786443,0.9957073511296995,M3,150,TS
44,167,0.995385857385412,0.995661349181505,M3,150,TS
44,168,0.9953763892739336,0.9956319464227038,M3,150,TS
44,169,0.9953651399891841,0.9955904436282791,M3,150,TS
44,170,0.9953478596066022,0.9955481647421729,M3,150,TS
44,171,0.9953309361598375,0.9955178980864239,M3,150,TS
44,172,0.9953092870932017,0.9954923873993575,M3,150,TS
44,173,0.9952758056809142,0.9954554274686049,M3,150,TS
44,174,0.9952331718996363,0.9954164853541592,M3,150,TS
44,175,0.9951844395335816,0.9953816290530707,M3,150,TS
44,176,0.9951491576660394,0.9953401812566519,M3,150,TS
44,177,0.9951101624827853,0.9953034397990594,M3,150,TS
44,178,0.9950793058305683,0.9952696275668782,M3,150,TS
44,179,0.9950360188720825,0.9952269868481894,M3,150,TS
44,180,0.9949861812977638,0.9951842517880826,M3,150,TS
44,181,0.9949342145980088,0.99515663406034,M3,150,TS
44,182,0.9948654920732817,0.9951249858168019,M3,150,TS
44,183,0.9947901496928699,0.9950722741516244,M3,150,TS
44,184,0.9947252875089825,0.9950182557528532,M3,150,TS
44,185,0.9946775851952772,0.9949649615900265,M3,150,TS
44,186,0.9946480186830797,0.9949089004541778,M3,150,TS
44,187,0.9945986721420124,0.9948539950897061,M3,150,TS
44,188,0.9945455206958094,0.9947937712672011,M3,150,TS
44,189,0.99449147132267,0.9947306713464049,M3,150,TS
44,190,0.9944392747729012,0.9946765456191377,M3,150,TS
44,191,0.9943550433978711,0.9946235896031546,M3,150,TS
44,192,0.994273154564782,0.9945688833319507,M3,150,TS
44,193,0.9941879157060884,0.9945020180422224,M3,150,TS
44,194,0.9941132026195177,0.9944501695557418,M3,150,TS
44,195,0.9940381672170556,0.9943986053145047,M3,150,TS
44,196,0.9939814603921158,0.9943462454340124,M3,150,TS
44,197,0.993932681530186,0.9942952876670453,M3,150,TS
44,198,0.9938918306312635,0.9942457320136009,M3,150,TS
44,199,0.9938589076953485,0.994197578473679,M3,150,TS
44,200,0.9938339127224406,0.9941508270472795,M3,150,TS
45,151,0.9982382814186662,0.9981460967011164,M3,150,TS
45,152,0.9982087870356328,0.9981300735378974,M3,150,TS
45,153,0.9981780121173869,0.9981101841871971,M3,150,TS
45,154,0.9981459566639287,0.9980864286490154,M3,150,TS
45,155,0.9981126206752581,0.9980588069233524,M3,150,TS
45,156,0.9980780041513775,0.9980273190102109,M3,150,TS
45,157,0.9980459607188191,0.9980053151361338,M3,150,TS
45,158,0.9980092430565204,0.9979609856428014,M3,150,TS
45,159,0.9979662588371747,0.9979177055208501,M3,150,TS
45,160,0.9979348871607934,0.9978668954168646,M3,150,TS
45,161,0.9978928588681654,0.9978114594161902,M3,150,TS
45,162,0.9978450154651581,0.997718792294959,M3,150,TS
45,163,0.9977974087236198,0.9976338668650444,M3,150,TS
45,164,0.9977453922563355,0.9975722255548181,M3,150,TS
45,165,0.9976848944253724,0.9975242053374271,M3,150,TS
45,166,0.9976342252269734,0.9974990895247696,M3,150,TS
45,167,0.9975857794531312,0.9974926869966001,M3,150,TS
45,168,0.9975400580483369,0.9975070478540579,M3,150,TS
45,169,0.9974906497186042,0.9974983296595409,M3,150,TS
45,170,0.9974480767289444,0.9974925192808548,M3,150,TS
45,171,0.9974038188245318,0.9974326297539274,M3,150,TS
45,172,0.9973639783798999,0.9973300346497488,M3,150,TS
45,173,0.9973456902599269,0.9972544978127603,M3,150,TS
45,174,0.9973326767517777,0.997187943219514,M3,150,TS
45,175,0.997333963474218,0.9971474360486495,M3,150,TS
45,176,0.9973499324885735,0.997095189645368,M3,150,TS
45,177,0.9973652319564761,0.997075418143085,M3,150,TS
45,178,0.9973673941716706,0.9970858064230179,M3,150,TS
45,179,0.9973529874323717,0.9970969023345932,M3,150,TS
45,180,0.9973291339008614,0.9971226584088432,M3,150,TS
45,181,0.9973030123083646,0.997121866027378,M3,150,TS
45,182,0.9972704789799365,0.9971259169424419,M3,150,TS
45,183,0.9972536826448157,0.9971344489871472,M3,150,TS
45,184,0.9972287638052371,0.9971156189004725,M3,150,TS
45,185,0.9972072576638151,0.9970929839182521,M3,150,TS
45,186,0.9971797850459017,0.9970235688935216,M3,150,TS
45,187,0.9971632485743547,0.9969599319617326,M3,150,TS
45,188,0.9971288915604897,0.9969083034953455,M3,150,TS
45,189,0.9970806636654601,0.9968669325016691,M3,150,TS
45,190,0.9970324435044655,0.996826451683815,M3,150,TS
45,191,0.9969866312800038,0.9968046522803902,M3,150,TS
45,192,0.9969492442922248,0.9967499792796293,M3,150,TS
45,193,0.9969187317566381,0.9966670647709022,M3,150,TS
45,194,0.9968797055953983,0.9966025796384502,M3,150,TS
45,195,0.9968365653695195,0.99650254366399,M3,150,TS
45,196,0.9967878673335521,0.9964366479267786,M3,150,TS
45,197,0.9967351898051562,0.9963736399366127,M3,150,TS
45,198,0.9966785327843292,0.9963135196934892,M3,150,TS
45,199,0.9966178962710709,0.9962562871974086,M3,150,TS
45,200,0.9965532802653814,0.9962019424483708,M3,150,TS
46,151,0.9982154909180763,0.9982574195096762,M3,150,TS
46,152,0.998177992443034,0.9982422638600965,M3,150,TS
46,153,0.998139102322858,0.9982225347579575,M3,150,TS
46,154,0.9980988205575484,0.9981982322032589,M3,150,TS
46,155,0.998057147147105,0.9981693561960008,M3,150,TS
46,156,0.9980140820915309,0.9981359067361859,M3,150,TS
46,157,0.9979706509121575,0.998094480379153,M3,150,TS
46,158,0.9979147999317406,0.9980598324652454,M3,150,TS
46,159,0.9978691385909344,0.9980157078416325,M3,150,TS
46,160,0.9978053845562732,0.9979701911303994,M3,150,TS
46,161,0.9977618758212223,0.9979293040754275,M3,150,TS
46,162,0.9977597221262018,0.9978830287373665,M3,150,TS
46,163,0.9977639545748018,0.997839828371111,M3,150,TS
46,164,0.9977722417039316,0.9978091044527355,M3,150,TS
46,165,0.9977971928467686,0.9977911835014461,M3,150,TS
46,166,0.9978191844562401,0.9977775267453076,M3,150,TS
46,167,0.9978356308347734,0.9977596700741899,M3,150,TS
46,168,0.9978254361845431,0.9977624412389334,M3,150,TS
46,169,0.997805858386606,0.9977527559133906,M3,150,TS
46,170,0.9977545415812306,0.9977483284582838,M3,150,TS
46,171,0.9977058180982832,0.9977332591377007,M3,150,TS
46,172,0.9976660780027389,0.997705680923836,M3,150,TS
46,173,0.9976391587756597,0.9976739774043141,M3,150,TS
46,174,0.9976300015415418,0.9976368084687003,M3,150,TS
46,175,0.9976205249348868,0.9976144439226804,M3,150,TS
46,176,0.9976060364015031,0.997591147175929,M3,150,TS
46,177,0.9975870698991584,0.9975764449874382,M3,150,TS
46,178,0.9975584699359797,0.9975688505024319,M3,150,TS
46,179,0.997546598688857,0.9975589842271406,M3,150,TS
46,180,0.9975202247479035,0.9975493067726076,M3,150,TS
46,181,0.9974961241032821,0.9975387211799254,M3,150,TS
46,182,0.9974675868817752,0.9975237928803249,M3,150,TS
46,183,0.9974390191608444,0.9974869560321367,M3,150,TS
46,184,0.9974012547743978,0.9974452564697877,M3,150,TS
46,185,0.9973383357703873,0.9974114845426082,M3,150,TS
46,186,0.9972765256382821,0.9973668992948157,M3,150,TS
46,187,0.9972214935673918,0.9973221696779712,M3,150,TS
46,188,0.9971505100800446,0.9972741946631055,M3,150,TS
46,189,0.9970578016353304,0.9972292691982464,M3,150,TS
46,190,0.9969691720528324,0.9971882641985076,M3,150,TS
46,191,0.9969315109287205,0.9971521811996777,M3,150,TS
46,192,0.9969262717812848,0.9971044867861227,M3,150,TS
46,193,0.9969433756402524,0.9970359866588958,M3,150,TS
46,194,0.996982106640578,0.9969928408772528,M3,150,TS
46,195,0.9970424055262379,0.9969352686975469,M3,150,TS
46,196,0.9970562689957152,0.9968897323197283,M3,150,TS
46,197,0.9970664198139166,0.9968471429920989,M3,150,TS
46,198,0.9970728579808396,0.9968075007146555,M3,150,TS
46,199,0.9970755834964841,0.9967708054873986,M3,150,TS
46,200,0.9970745963608499,0.9967370573103278,M3,150,TS
47,151,0.9982191096063391,0.998260675846582,M3,150,TS
47,152,0.998192263382298,0.9982544675579198,M3,150,TS
47,153,0.9981614059545632,0.998243248912105,M3,150,TS
47,154,0.9981265373231346,0.9982270199091378,M3,150,TS
47,155,0.9980876574880123,0.998205780549018,M3,150,TS
47,156,0.9980447664491989,0.9981795308317485,M3,150,TS
47,157,0.9979846355305468,0.9981430351109504,M3,150,TS
47,158,0.9979411051749235,0.9981109147650694,M3,150,TS
47,159,0.9978931542426253,0.9980752972521363,M3,150,TS
47,160,0.9978349285914342,0.9980336367825628,M3,150,TS
47,161,0.9978040401512528,0.9980084208134503,M3,150,TS
47,162,0.9977454148999103,0.9980170342771028,M3,150,TS
47,163,0.9977095924837291,0.9980202884401319,M3,150,TS
47,164,0.9976543742580252,0.9980193817929389,M3,150,TS
47,165,0.9976104180241971,0.9980196177804938,M3,150,TS
47,166,0.9975891690689722,0.9980025991790445,M3,150,TS
47,167,0.9975839149785035,0.9979600888452176,M3,150,TS
47,168,0.9975983107911315,0.9979326902530344,M3,150,TS
47,169,0.9976130762338999,0.9978958650080879,M3,150,TS
47,170,0.9976027778430415,0.9978540839086137,M3,150,TS
47,171,0.9976053509205383,0.9978683943529503,M3,150,TS
47,172,0.9975929863362881,0.9979179974593474,M3,150,TS
47,173,0.9975739710156055,0.9979321244992109,M3,150,TS
47,174,0.9975472455837405,0.9979404273471448,M3,150,TS
47,175,0.9975119348294923,0.9979431824888572,M3,150,TS
47,176,0.9974700463092736,0.997934161784273,M3,150,TS
47,177,0.9974787712745359,0.9979127728942423,M3,150,TS
47,178,0.9974629512348463,0.9978822465156627,M3,150,TS
47,179,0.997432795322551,0.997831417771762,M3,150,TS
47,180,0.9973960032244809,0.9977735851040466,M3,150,TS
47,181,0.9973841468273799,0.9977564776583975,M3,150,TS
47,182,0.9973821101696516,0.9977321493703827,M3,150,TS
47,183,0.9973403728025338,0.9976737877754641,M3,150,TS
47,184,0.997308577878096,0.9976275563512067,M3,150,TS
47,185,0.9972483411957082,0.9975878247041274,M3,150,TS
47,186,0.9971772414700741,0.9975653000651068,M3,150,TS
47,187,0.9971376423981142,0.9975438363998029,M3,150,TS
47,188,0.9970702845804196,0.9975091747676113,M3,150,TS
47,189,0.9969861904659492,0.9974634460836702,M3,150,TS
47,190,0.9969237383916348,0.9974344148716479,M3,150,TS
47,191,0.996865455189335,0.9973931861820282,M3,150,TS
47,192,0.9968068627312657,0.9973734172586503,M3,150,TS
47,193,0.9967211031094251,0.9973510121538396,M3,150,TS
47,194,0.9966516389211497,0.997334995486274,M3,150,TS
47,195,0.9965735375059064,0.9973424578517387,M3,150,TS
47,196,0.9965328979967667,0.9973272011664971,M3,150,TS
47,197,0.9965059122167161,0.9973114566332102,M3,150,TS
47,198,0.9964925801657517,0.9972952242518753,M3,150,TS
47,199,0.9964929018438735,0.9972785040224925,M3,150,TS
47,200,0.9965068772510816,0.9972612959450617,M3,150,TS
48,151,0.9981949873884434,0.9981456472263125,M3,150,TS
48,152,0.9981747924786454,0.9981309811160481,M3,150,TS
48,153,0.998147969469173,0.9981125348989486,M3,150,TS
48,154,0.9981145183600262,0.9980903085750136,M3,150,TS
48,155,0.998074439151205,0.9980643021442434,M3,150,TS
48,156,0.9980277318427123,0.9980345156066407,M3,150,TS
48,157,0.9979653765667807,0.9980013724764637,M3,150,TS
48,158,0.9978912434772381,0.9979701043919338,M3,150,TS
48,159,0.9978369165456431,0.9979312045487291,M3,150,TS
48,160,0.9977710002072524,0.9978903751930286,M3,150,TS
48,161,0.9977293308275439,0.9978490074765234,M3,150,TS
48,162,0.9976987579146794,0.9977912784091344,M3,150,TS
48,163,0.9976675264461949,0.9977386275767866,M3,150,TS
48,164,0.997640254125538,0.9977025220025957,M3,150,TS
48,165,0.997631254444221,0.9976788057078498,M3,150,TS
48,166,0.9976326655418102,0.9976659241486386,M3,150,TS
48,167,0.997640920712324,0.9976549342839356,M3,150,TS
48,168,0.9976612187249303,0.9976623082846767,M3,150,TS
48,169,0.9976854980253355,0.9976556618456434,M3,150,TS
48,170,0.9976967635807847,0.9976545170678367,M3,150,TS
48,171,0.9977190140349868,0.9976234252489581,M3,150,TS
48,172,0.9977335584767892,0.997569188491818,M3,150,TS
48,173,0.997714729516403,0.9975247884924898,M3,150,TS
48,174,0.9976900912011676,0.9974800492081326,M3,150,TS
48,175,0.9976725413667765,0.9974489172293599,M3,150,TS
48,176,0.9976542511456944,0.9974193388505339,M3,150,TS
48,177,0.9976322422776509,0.9974062109629751,M3,150,TS
48,178,0.9976113747034274,0.9974073725591388,M3,150,TS
48,179,0.9975827867909401,0.9974118372866172,M3,150,TS
48,180,0.9975555470290647,0.9974210656365117,M3,150,TS
48,181,0.9975453936815908,0.9974194750659809,M3,150,TS
48,182,0.9975278696771662,0.9974144722817936,M3,150,TS
48,183,0.9975012318186309,0.9973992437052797,M3,150,TS
48,184,0.99746567307103,0.997372106578874,M3,150,TS
48,185,0.9974376225954955,0.9973445700491637,M3,150,TS
48,186,0.9974094625053971,0.9972995038583999,M3,150,TS
48,187,0.9973759280457697,0.9972522224307141,M3,150,TS
48,188,0.9973321944393155,0.9972071268387539,M3,150,TS
48,189,0.9972710896376513,0.9971683216693233,M3,150,TS
48,190,0.997206425075879,0.9971298698364972,M3,150,TS
48,191,0.9971491652492486,0.9971026330988341,M3,150,TS
48,192,0.9970898513976241,0.9970524715577956,M3,150,TS
48,193,0.9970181632555117,0.9969819418728655,M3,150,TS
48,194,0.996946796142985,0.996937501116182,M3,150,TS
48,195,0.9969123433086611,0.9968704990695191,M3,150,TS
48,196,0.9968893841583129,0.9968217955639603,M3,150,TS
48,197,0.9968813043711017,0.9967758886320505,M3,150,TS
48,198,0.9968881039470249,0.9967327782737866,M3,150,TS
48,199,0.9969097828860826,0.9966924644891685,M3,150,TS
48,200,0.9969463411882747,0.9966549472781966,M3,150,TS
49,151,0.9982494182706154,0.9982041617908258,M3,150,TS
49,152,0.9982672540324139,0.9981899455767022,M3,150,TS
49,153,0.9982635657190787,0.998173028758885,M3,150,TS
49,154,0.9982383533306097,0.9981534113373746,M3,150,TS
49,155,0.9981916168670071,0.9981310933121705,M3,150,TS
49,156,0.9981233563282732,0.9981060746832762,M3,150,TS
49,157,0.9979838303159803,0.9980805005145811,M3,150,TS
49,158,0.9979795181088469,0.998054309136713,M3,150,TS
49,159,0.9977682451794418,0.9980259288135501,M3,150,TS
49,160,0.9976179730008696,0.9979959366390813,M3,150,TS
49,161,0.9975411716221545,0.9979560333383377,M3,150,TS
49,162,0.9974974797063673,0.9978799996480674,M3,150,TS
49,163,0.9975246354796645,0.9978099908624865,M3,150,TS
49,164,0.9976026178561183,0.9977640422350659,M3,150,TS
49,165,0.9977518884042447,0.9977342515303789,M3,150,TS
49,166,0.9977395166267558,0.9977328584209504,M3,150,TS
49,167,0.9978234926971821,0.9977389772151426,M3,150,TS
49,168,0.9979727421560629,0.9977627703102926,M3,150,TS
49,169,0.9979156285662332,0.9977806668598538,M3,150,TS
49,170,0.9979514226683506,0.9978059955633646,M3,150,TS
49,171,0.9979205056172775,0.9977682055340017,M3,150,TS
49,172,0.9978528254458763,0.9976841555618166,M3,150,TS
49,173,0.9977757194688859,0.9976260078378766,M3,150,TS
49,174,0.9976966945879847,0.997567468444417,M3,150,TS
49,175,0.9976509028790901,0.9975303671853776,M3,150,TS
49,176,0.9976372268296139,0.9975020476466004,M3,150,TS
49,177,0.99762649153408,0.9974988892340947,M3,150,TS
49,178,0.9976400851833088,0.9975175361211169,M3,150,TS
49,179,0.9976784513036971,0.9975500669884135,M3,150,TS
49,180,0.9977138227512483,0.9975908816512348,M3,150,TS
49,181,0.9976765932759589,0.9976022245346431,M3,150,TS
49,182,0.9977371739812044,0.9976056204315585,M3,150,TS
49,183,0.9975492416284254,0.9976161125944817,M3,150,TS
49,184,0.9973972999208337,0.9976043443660674,M3,150,TS
49,185,0.9973001052418815,0.9975902302831665,M3,150,TS
49,186,0.9972469862160156,0.997545263623721,M3,150,TS
49,187,0.9971945194348506,0.99749447175575,M3,150,TS
49,188,0.9971292645266627,0.9974515515735356,M3,150,TS
49,189,0.9970999143847763,0.9974206380581665,M3,150,TS
49,190,0.9971237750178441,0.9973794822274843,M3,150,TS
49,191,0.9971673893165116,0.9973588273034143,M3,150,TS
49,192,0.9972273047321621,0.9972958731194046,M3,150,TS
49,193,0.9970486162087009,0.9972143594136674,M3,150,TS
49,194,0.9971124294386846,0.9971606296053519,M3,150,TS
49,195,0.996932467298737,0.9970764958006388,M3,150,TS
49,196,0.9968455042084748,0.9970233499627864,M3,150,TS
49,197,0.9967474610026495,0.9969755722457605,M3,150,TS
49,198,0.9966383376812582,0.9969331626495581,M3,150,TS
49,199,0.9965181342443007,0.9968961211741794,M3,150,TS
49,200,0.9963868506917772,0.9968644478196244,M3,150,TS
1,151,1.0035040341011485,1.0035024502023946,M4,150,TS
1,152,1.003371233684344,1.0035214776096522,M4,150,TS
1,153,1.003249998700051,1.003530156056748,M4,150,TS
1,154,1.0031403291482688,1.0035284855436826,M4,150,TS
1,155,1.0030422250289976,1.0035164660704559,M4,150,TS
1,156,1.0029556863422409,1.00349409763707,M4,150,TS
1,157,1.0029072943153923,1.003505021181298,M4,150,TS
1,158,1.0029532296974646,1.0034228746587646,M4,150,TS
1,159,1.002855579373866,1.0033595052678737,M4,150,TS
1,160,1.002860543825376,1.0032719497698839,M4,150,TS
1,161,1.0025763543941397,1.0032043137502582,M4,150,TS
1,162,1.0014383798854618,1.0031132993377945,M4,150,TS
1,163,1.0004746427551507,1.0030278903525527,M4,150,TS
1,164,0.999940860696534,1.0029579716209804,M4,150,TS
1,165,0.9996885162089997,1.0029069877537586,M4,150,TS
1,166,0.9999216817116944,1.0028646804543733,M4,150,TS
1,167,1.0005932631675036,1.0028562894074582,M4,150,TS
1,168,1.0013679303061351,1.0028908809314696,M4,150,TS
1,169,1.0020708838385373,1.0028664932309213,M4,150,TS
1,170,1.0030309268578446,1.0028284192130126,M4,150,TS
1,171,1.0023714359521643,1.0028095014233975,M4,150,TS
1,172,1.0006014508223022,1.002768622844783,M4,150,TS
1,173,0.9996034070961728,1.002714080863402,M4,150,TS
1,174,0.9986270177227583,1.0026695941227044,M4,150,TS
1,175,0.9980836122088909,1.0027353135669643,M4,150,TS
1,176,0.9978717048258827,1.0026937649662027,M4,150,TS
1,177,0.9980881334019138,1.0026818957717778,M4,150,TS
1,178,0.9987131474621992,1.0027013861108751,M4,150,TS
1,179,0.9998235511188321,1.0026564039785029,M4,150,TS
1,180,1.0011065231854825,1.0026196735095405,M4,150,TS
1,181,1.0013771727680894,1.002576408346869,M4,150,TS
1,182,1.0016764928582509,1.0025664590265246,M4,150,TS
1,183,1.0023240922011576,1.002511634038135,M4,150,TS
1,184,1.0025496689705158,1.0024289895844403,M4,150,TS
1,185,1.0027810566496334,1.0024085418222868,M4,150,TS
1,186,1.0024387748845074,1.0022555056871953,M4,150,TS
1,187,1.0019669105501887,1.00217962184121,M4,150,TS
1,188,1.001749130863073,1.002105917731019,M4,150,TS
1,189,1.0018799043084554,1.002025566225795,M4,150,TS
1,190,1.001666978040517,1.0019882008061958,M4,150,TS
1,191,1.0018924152574733,1.0019602747058365,M4,150,TS
1,192,1.0013201509165075,1.0019736492247686,M4,150,TS
1,193,1.0003872481179652,1.0019252126157663,M4,150,TS
1,194,0.999941113240662,1.0018625708038766,M4,150,TS
1,195,0.9986368612832792,1.001769817443964,M4,150,TS
1,196,0.9980639123735556,1.0017049624684378,M4,150,TS
1,197,0.9975588394878703,1.0016367174592662,M4,150,TS
1,198,0.9971216426262207,1.0015650824164464,M4,150,TS
1,199,0.9967523217886071,1.0014900573399785,M4,150,TS
1,200,0.9964508769750292,1.0014116422298627,M4,150,TS
3,151,0.9960343643247106,0.9964508514405167,M4,150,TS
3,152,0.9959927167171484,0.9963786251958247,M4,150,TS
3,153,0.9959585669412259,0.9963137599509725,M4,150,TS
3,154,0.9959319149969431,0.9962562557059598,M4,150,TS
3,155,0.9959127608842999,0.9962061124607865,M4,150,TS
3,156,0.9959011046032991,0.9961633302154561,M4,150,TS
3,157,0.99591418178317,0.9961577705168257,M4,150,TS
3,158,0.9959199948628807,0.9961947842974116,M4,150,TS
3,159,0.9959320859144289,0.9961375055894711,M4,150,TS
3,160,0.99593203064154,0.996152739649148,M4,150,TS
3,161,0.9959224770012136,0.995964521911633,M4,150,TS
3,162,0.9959002339481822,0.9951940553095898,M4,150,TS
3,163,0.9958625601185487,0.9945441343037412,M4,150,TS
3,164,0.9957994798270604,0.9941876806194239,M4,150,TS
3,165,0.995739273297319,0.9940163567237557,M4,150,TS
3,166,0.9956808517819564,0.9941734981688761,M4,150,TS
3,167,0.9956127277322449,0.9946352197060777,M4,150,TS
3,168,0.995576158074972,0.9951641924091724,M4,150,TS
3,169,0.9955744051959938,0.9956388717040278,M4,150,TS
3,170,0.995600712306006,0.996284359769733,M4,150,TS
3,171,0.9956379893705616,0.995838837771714,M4,150,TS
3,172,0.9956641347323912,0.9946483963535557,M4,150,TS
3,173,0.9956711920948085,0.9939780061184665,M4,150,TS
3,174,0.9956380585687907,0.993331839493945,M4,150,TS
3,175,0.9955853708658173,0.9929753622692739,M4,150,TS
3,176,0.9955396173395594,0.9928275294584539,M4,150,TS
3,177,0.9955035324983614,0.9929811612171068,M4,150,TS
3,178,0.9955100283482142,0.9934177117798896,M4,150,TS
3,179,0.9955577798394379,0.9941777572396304,M4,150,TS
3,180,0.9956211379950224,0.9950580132855374,M4,150,TS
3,181,0.9956797077616993,0.9952701900628432,M4,150,TS
3,182,0.9956850893700995,0.9954996030667117,M4,150,TS
3,183,0.9956531206452309,0.9959608307288055,M4,150,TS
3,184,0.9955877786642572,0.9961343884852801,M4,150,TS
3,185,0.9955121162923015,0.9963024558502185,M4,150,TS
3,186,0.9954418813752506,0.9960686743200102,M4,150,TS
3,187,0.9953844260642624,0.9957600501314386,M4,150,TS
3,188,0.9953396535246629,0.9956267079075272,M4,150,TS
3,189,0.9953058687211954,0.9957238390243527,M4,150,TS
3,190,0.9952704270164792,0.9955945282901132,M4,150,TS
3,191,0.9952322818676387,0.9957647078260959,M4,150,TS
3,192,0.9951643814803146,0.9953827023915262,M4,150,TS
3,193,0.995099388061318,0.9947493574635594,M4,150,TS
3,194,0.9950507740559454,0.9944424003749073,M4,150,TS
3,195,0.9950369504778394,0.9935503845595351,M4,150,TS
3,196,0.9950429987886786,0.9931590865956668,M4,150,TS
3,197,0.9950691480067563,0.9928134627926607,M4,150,TS
3,198,0.9951153981320696,0.9925135131505143,M4,150,TS
3,199,0.9951817491646184,0.9922592376692279,M4,150,TS
3,200,0.9952682011044028,0.992050636348801,M4,150,TS
4,151,0.9767030436512549,0.9770529504980575,M4,150,TS
4,152,0.976800964527353,0.9768235815429136,M4,150,TS
4,153,0.976863456319432,0.9765929623960674,M4,150,TS
4,154,0.9768905190274921,0.9763610930575188,M4,150,TS
4,155,0.9768821526515331,0.9761279735272677,M4,150,TS
4,156,0.9768383571915578,0.9758936038053172,M4,150,TS
4,157,0.9771008112729221,0.9756602777948999,M4,150,TS
4,158,0.9766433462641386,0.9754388717084718,M4,150,TS
4,159,0.9764710655576234,0.9752011841699842,M4,150,TS
4,160,0.9761497056640729,0.974974089066502,M4,150,TS
4,161,0.9759204878059102,0.9747153876284941,M4,150,TS
4,162,0.9755304826807375,0.9743606999428035,M4,150,TS
4,163,0.9752868250272246,0.9740316457299039,M4,150,TS
4,164,0.9751039310436997,0.9737584687292168,M4,150,TS
4,165,0.9748326994872825,0.973515017513527,M4,150,TS
4,166,0.9745956570849166,0.973326966042528,M4,150,TS
4,167,0.9745201302249025,0.9731771823901749,M4,150,TS
4,168,0.9746065450471004,0.9730486985146718,M4,150,TS
4,169,0.9742718804716919,0.9729019642266034,M4,150,TS
4,170,0.9737456352786511,0.972782083327514,M4,150,TS
4,171,0.9733758712277756,0.9724792274457492,M4,150,TS
4,172,0.973068728226699,0.9720586236661967,M4,150,TS
4,173,0.9727661577049508,0.9717228258428157,M4,150,TS
4,174,0.9726141495290563,0.9713921720601549,M4,150,TS
4,175,0.9727118741969064,0.9710897079057748,M4,150,TS
4,176,0.9721794294905961,0.9708297532141297,M4,150,TS
4,177,0.9718954140115266,0.9706282491454988,M4,150,TS
4,178,0.9719018732784592,0.970481996145648,M4,150,TS
4,179,0.9714335255198636,0.9703879509815442,M4,150,TS
4,180,0.9711578846154274,0.9703198405360998,M4,150,TS
4,181,0.9710944722638326,0.970159865794429,M4,150,TS
4,182,0.9712193875545372,0.9699929076690759,M4,150,TS
4,183,0.9713507159747161,0.9698602948186159,M4,150,TS
4,184,0.9712892944760729,0.9696777856564728,M4,150,TS
4,185,0.9712462147908485,0.9694745417712282,M4,150,TS
4,186,0.9705731539231293,0.96921709671938,M4,150,TS
4,187,0.970208754222414,0.9689325876488963,M4,150,TS
4,188,0.969988760236854,0.9686789445929689,M4,150,TS
4,189,0.9696206096996185,0.9684598125854328,M4,150,TS
4,190,0.9694751194696738,0.9682036324110953,M4,150,TS
4,191,0.9694240710464628,0.9680021205482944,M4,150,TS
4,192,0.969427668334244,0.9676860345706649,M4,150,TS
4,193,0.9693133233696938,0.9673285347720232,M4,150,TS
4,194,0.9689956572497094,0.9670428862438881,M4,150,TS
4,195,0.9687059737372188,0.9666642399230687,M4,150,TS
4,196,0.9684807897997224,0.9663678754770899,M4,150,TS
4,197,0.9682473872035253,0.9660822493332356,M4,150,TS
4,198,0.9680057659486249,0.9658073614915029,M4,150,TS
4,199,0.9677559260350211,0.9655432119518919,M4,150,TS
4,200,0.9674978674627139,0.9652898007144025,M4,150,TS
6,151,0.996214505768315,0.9963166735508291,M4,150,TS
6,152,0.9961152328406796,0.9963067761003365,M4,150,TS
6,153,0.9960290888322142,0.9962930601630542,M4,150,TS
6,154,0.995956073742919,0.996275525738982,M4,150,TS
6,155,0.9958961875727937,0.9962541728281202,M4,150,TS
6,156,0.9958494303218418,0.9962290014304716,M4,150,TS
6,157,0.9958599118207982,0.9962238764686867,M4,150,TS
6,158,0.9958456437304972,0.9961812284433763,M4,150,TS
6,159,0.9957704044573623,0.9961405435324775,M4,150,TS
6,160,0.9958367240092967,0.9960911623966191,M4,150,TS
6,161,0.9957092218587607,0.9960267218280358,M4,150,TS
6,162,0.9956523449446865,0.9958802653140797,M4,150,TS
6,163,0.9955662274306651,0.9957499084967867,M4,150,TS
6,164,0.9955560027793754,0.9956607078345989,M4,150,TS
6,165,0.9955269016238708,0.9955960558233554,M4,150,TS
6,166,0.995515275555934,0.9955784866199766,M4,150,TS
6,167,0.995481363117343,0.9956080600533088,M4,150,TS
6,168,0.9952872254157735,0.9956662372704874,M4,150,TS
6,169,0.9952152259768224,0.9956896956535162,M4,150,TS
6,170,0.9950931560869628,0.9957244516840039,M4,150,TS
6,171,0.994966603957919,0.9956349110841711,M4,150,TS
6,172,0.9949506503891471,0.9954497862744329,M4,150,TS
6,173,0.9949255045077805,0.9953299049770911,M4,150,TS
6,174,0.9949507524984647,0.9952250606450171,M4,150,TS
6,175,0.9949436995335101,0.99517633651527,M4,150,TS
6,176,0.9948553452856492,0.9951159186249366,M4,150,TS
6,177,0.994861288992555,0.9951117144586644,M4,150,TS
6,178,0.9947635411372995,0.9951626097173178,M4,150,TS
6,179,0.9947687327438571,0.9952249154685268,M4,150,TS
6,180,0.9946547175698341,0.9953146162449062,M4,150,TS
6,181,0.9947522146500036,0.9953282020737078,M4,150,TS
6,182,0.9947288419621603,0.9953562109205215,M4,150,TS
6,183,0.9946594190966497,0.9954089580461221,M4,150,TS
6,184,0.9946131352370858,0.9954091764813534,M4,150,TS
6,185,0.9945569067396691,0.9954086561372768,M4,150,TS
6,186,0.9944554226729967,0.995317345911077,M4,150,TS
6,187,0.994525445824341,0.9952353097714122,M4,150,TS
6,188,0.9945312995670903,0.995180160051147,M4,150,TS
6,189,0.9945035238085205,0.9951496581117069,M4,150,TS
6,190,0.9944937350335686,0.9951098571495208,M4,150,TS
6,191,0.994511069552142,0.9951083747191544,M4,150,TS
6,192,0.994354548788215,0.9950464933769932,M4,150,TS
6,193,0.9942082877615992,0.9949365460919277,M4,150,TS
6,194,0.9940660638765035,0.9948553932948322,M4,150,TS
6,195,0.9939285246499441,0.9946980631215783,M4,150,TS
6,196,0.9937872031503167,0.9946108999798929,M4,150,TS
6,197,0.9936459653173575,0.9945282355972982,M4,150,TS
6,198,0.9935048111510638,0.9944500699737914,M4,150,TS
6,199,0.9933637406514356,0.9943764031093724,M4,150,TS
6,200,0.9932227538184729,0.9943072350040413,M4,150,TS
7,151,0.9944063753831374,0.9949087060227183,M4,150,TS
7,152,0.9943518838933064,0.9948389353265521,M4,150,TS
7,153,0.9942924744859969,0.9947662446386524,M4,150,TS
7,154,0.994228147161209,0.9946906339590187,M4,150,TS
7,155,0.9941589019189425,0.9946121032876515,M4,150,TS
7,156,0.9940847387592003,0.9945306526245533,M4,150,TS
7,157,0.9939822863795954,0.9944437975127374,M4,150,TS
7,158,0.9939045656069894,0.9943686169740822,M4,150,TS
7,159,0.9938651951227415,0.9942780370603929,M4,150,TS
7,160,0.9938035718599496,0.994191434943795,M4,150,TS
7,161,0.9937610515371789,0.9940963004125013,M4,150,TS
7,162,0.9937122760542119,0.9939704269575865,M4,150,TS
7,163,0.9936117741640667,0.993856529234343,M4,150,TS
7,164,0.9935157799849212,0.9937675467747762,M4,150,TS
7,165,0.9934154307549953,0.9936968653920857,M4,150,TS
7,166,0.9932585301429073,0.9936499355777969,M4,150,TS
7,167,0.9930649007415475,0.9936122853355914,M4,150,TS
7,168,0.9929202850425868,0.99358998678516,M4,150,TS
7,169,0.9927678083195293,0.9935573648045911,M4,150,TS
7,170,0.9926517468134011,0.9935345840684531,M4,150,TS
7,171,0.9925164540284324,0.9934483597790379,M4,150,TS
7,172,0.9924355058928396,0.9933143574614944,M4,150,TS
7,173,0.9922633449048571,0.9932106887136029,M4,150,TS
7,174,0.9921366744906839,0.993102290414207,M4,150,TS
7,175,0.9920620457932743,0.993004095301317,M4,150,TS
7,176,0.991960224684306,0.9929259628173859,M4,150,TS
7,177,0.9917807998494718,0.9928756205164755,M4,150,TS
7,178,0.991696715556144,0.9928391392391427,M4,150,TS
7,179,0.9916208230145287,0.992821122815154,M4,150,TS
7,180,0.9915485975755082,0.9928100192942945,M4,150,TS
7,181,0.9915041139511117,0.9927680211084147,M4,150,TS
7,182,0.991437678959813,0.9927200765761538,M4,150,TS
7,183,0.9913197670728469,0.992672938453545,M4,150,TS
7,184,0.9912539511914851,0.9926045547330778,M4,150,TS
7,185,0.9912096475888834,0.9925297767146307,M4,150,TS
7,186,0.9911403242141177,0.9924392481409443,M4,150,TS
7,187,0.9909881512914112,0.9923419380783669,M4,150,TS
7,188,0.9909081017447054,0.9922461966548675,M4,150,TS
7,189,0.9908380250579897,0.9921631419780864,M4,150,TS
7,190,0.9907348827758002,0.9920718294171396,M4,150,TS
7,191,0.990680910982181,0.9919976081140421,M4,150,TS
7,192,0.9905315571703812,0.9918848031565577,M4,150,TS
7,193,0.9903770005332686,0.9917479580938238,M4,150,TS
7,194,0.9902430059030527,0.991650590076965,M4,150,TS
7,195,0.9901456260555439,0.9915135732429619,M4,150,TS
7,196,0.9900206122761921,0.991410011919232,M4,150,TS
7,197,0.9898951591915459,0.9913117906259945,M4,150,TS
7,198,0.9897692668016028,0.991218909363247,M4,150,TS
7,199,0.9896429351063629,0.9911313681309893,M4,150,TS
7,200,0.9895161641058261,0.9910491669292215,M4,150,TS
8,151,0.9894562866939769,0.9898954549406015,M4,150,TS
8,152,0.9892869391809709,0.9897695834351127,M4,150,TS
8,153,0.9891264737722718,0.98964062147608,M4,150,TS
8,154,0.9889748904678795,0.9895085690635035,M4,150,TS
8,155,0.9888321892677938,0.9893734261973831,M4,150,TS
8,156,0.9886983701720182,0.9892351928777218,M4,150,TS
8,157,0.988612998135234,0.9890930560624163,M4,150,TS
8,158,0.9884657605265808,0.9889585714291088,M4,150,TS
8,159,0.9883221445484542,0.9888155831399839,M4,150,TS
8,160,0.9881996969985829,0.9886719775803267,M4,150,TS
8,161,0.988043425315414,0.9885187057368126,M4,150,TS
8,162,0.9878153619489983,0.988328231793713,M4,150,TS
8,163,0.987663659807816,0.9881428859435885,M4,150,TS
8,164,0.9875156075605755,0.9879848826500215,M4,150,TS
8,165,0.9873270466649591,0.9878447872976917,M4,150,TS
8,166,0.9871873160367632,0.987728026563389,M4,150,TS
8,167,0.9870762836454232,0.9876227840040798,M4,150,TS
8,168,0.9869386436403,0.9875359309547388,M4,150,TS
8,169,0.9867927268027747,0.9874368173617415,M4,150,TS
8,170,0.9866505942191186,0.9873484883845438,M4,150,TS
8,171,0.9865007607244951,0.9871824489570962,M4,150,TS
8,172,0.986302968780101,0.9869677683429873,M4,150,TS
8,173,0.9861435659453623,0.9867866954294545,M4,150,TS
8,174,0.9859508344567336,0.9866121045700663,M4,150,TS
8,175,0.9857170247032094,0.9864504608870436,M4,150,TS
8,176,0.9854989411486601,0.9863054034118977,M4,150,TS
8,177,0.9853378399000858,0.9861877821661768,M4,150,TS
8,178,0.9851822150143007,0.9860976659694302,M4,150,TS
8,179,0.98501998496841,0.9860286995572155,M4,150,TS
8,180,0.9849044471712944,0.9859700539240949,M4,150,TS
8,181,0.9848004012787525,0.985875938653872,M4,150,TS
8,182,0.9846632874079718,0.9857782342345479,M4,150,TS
8,183,0.9845620324189641,0.9856888855016093,M4,150,TS
8,184,0.9844446166266216,0.9855755337903601,M4,150,TS
8,185,0.9842672291286316,0.9854514022295072,M4,150,TS
8,186,0.9840657585920585,0.9853042451243793,M4,150,TS
8,187,0.983908876419124,0.9851411488394756,M4,150,TS
8,188,0.9837450136174848,0.9849906812715415,M4,150,TS
8,189,0.9835390637644426,0.9848580036618791,M4,150,TS
8,190,0.9833286628583462,0.984713284462785,M4,150,TS
8,191,0.9831152377668357,0.9845924165878597,M4,150,TS
8,192,0.9828710927346475,0.9844187164345717,M4,150,TS
8,193,0.9826470558178269,0.9842206618362442,M4,150,TS
8,194,0.9824686223560679,0.9840560729883493,M4,150,TS
8,195,0.9822446928402246,0.9838526457968144,M4,150,TS
8,196,0.9820476556594568,0.9836851487980288,M4,150,TS
8,197,0.9818597827823277,0.9835223467905351,M4,150,TS
8,198,0.9816810742088343,0.9833642397743306,M4,150,TS
8,199,0.981511529938977,0.9832108277494154,M4,150,TS
8,200,0.9813511499727554,0.9830621107157893,M4,150,TS
12,151,0.9964391412129527,0.9962415757210304,M4,150,TS
12,152,0.996449271339672,0.9962038103748769,M4,150,TS
12,153,0.9964508346170283,0.9961616685557002,M4,150,TS
12,154,0.9964438310450218,0.9961151502635003,M4,150,TS
12,155,0.9964282606236524,0.9960642554982772,M4,150,TS
12,156,0.9964041233529233,0.9960089842600336,M4,150,TS
12,157,0.9963733833269217,0.9959399161838131,M4,150,TS
12,158,0.9963272920330408,0.9958865404571159,M4,150,TS
12,159,0.9962954253265817,0.9958229154316922,M4,150,TS
12,160,0.9962317083567527,0.9957581205310297,M4,150,TS
12,161,0.996195685495121,0.995704413774374,M4,150,TS
12,162,0.9961588400405574,0.995669843710159,M4,150,TS
12,163,0.9960993853386355,0.9956352773450949,M4,150,TS
12,164,0.9960167875370655,0.9956043114721433,M4,150,TS
12,165,0.9959439058471578,0.9955807443124823,M4,150,TS
12,166,0.9958358179690385,0.9955505381424699,M4,150,TS
12,167,0.9957187800079623,0.9955016873766009,M4,150,TS
12,168,0.9956256062307962,0.995468776257679,M4,150,TS
12,169,0.9955638034557666,0.9954268099109003,M4,150,TS
12,170,0.995517288368672,0.995384374690673,M4,150,TS
12,171,0.9955193786141443,0.9953659176855455,M4,150,TS
12,172,0.9954981882957448,0.9953629631470365,M4,150,TS
12,173,0.9954579803391037,0.9953381974517124,M4,150,TS
12,174,0.9954238374706464,0.9953047770234941,M4,150,TS
12,175,0.995400931370721,0.9952692299527152,M4,150,TS
12,176,0.9953770856030706,0.9952341737178705,M4,150,TS
12,177,0.9953392362431142,0.9951952423427722,M4,150,TS
12,178,0.9953084427222629,0.9951499690094878,M4,150,TS
12,179,0.9952961128171749,0.9950955959747909,M4,150,TS
12,180,0.99530106766799,0.9950343326913597,M4,150,TS
12,181,0.9952783788360806,0.9949973599713992,M4,150,TS
12,182,0.9952234549725187,0.9949536142925037,M4,150,TS
12,183,0.9951648897320904,0.9948788323933854,M4,150,TS
12,184,0.9951172409488205,0.9948108500024917,M4,150,TS
12,185,0.9950643536166401,0.9947480456598542,M4,150,TS
12,186,0.9950033249822401,0.9946992199819223,M4,150,TS
12,187,0.9949131124957803,0.9946484252680421,M4,150,TS
12,188,0.9948103844069475,0.9945866363924313,M4,150,TS
12,189,0.9947515845784494,0.9945179246170125,M4,150,TS
12,190,0.9947036933144273,0.9944579885960838,M4,150,TS
12,191,0.9946534388496556,0.9943937211529013,M4,150,TS
12,192,0.9946082764806821,0.9943351280237129,M4,150,TS
12,193,0.9945468720668882,0.9942678489171072,M4,150,TS
12,194,0.9945116759637709,0.9942193710403788,M4,150,TS
12,195,0.9944588077055738,0.9941792529863185,M4,150,TS
12,196,0.9944023791897465,0.9941308951641311,M4,150,TS
12,197,0.994339854015007,0.9940846977130166,M4,150,TS
12,198,0.994271232181353,0.9940406606329719,M4,150,TS
12,199,0.9941965136887845,0.9939987839239972,M4,150,TS
12,200,0.9941156985373015,0.9939590675860924,M4,150,TS
13,151,0.9971218402728154,0.9968507765445866,M4,150,TS
13,152,0.997125411021877,0.9968311069866185,M4,150,TS
13,153,0.9971229622682198,0.9968071211266216,M4,150,TS
13,154,0.9971144940118436,0.9967788189645965,M4,150,TS
13,155,0.9971000062527485,0.996746200500543,M4,150,TS
13,156,0.9970794989909375,0.9967092657344638,M4,150,TS
13,157,0.9970426935251744,0.996686230077295,M4,150,TS
13,158,0.9970120287572352,0.9966291350891563,M4,150,TS
13,159,0.9969747483554201,0.9965788331092303,M4,150,TS
13,160,0.9969483991395283,0.996516123020644,M4,150,TS
13,161,0.9969110441392823,0.9964551581102106,M4,150,TS
13,162,0.9968554234616301,0.9963697390442371,M4,150,TS
13,163,0.9967727646811086,0.996290434015959,M4,150,TS
13,164,0.9966715256409413,0.9962282522589531,M4,150,TS
13,165,0.9965957220405769,0.996173509270466,M4,150,TS
13,166,0.9965182877753898,0.9961351695706161,M4,150,TS
13,167,0.9964408373216866,0.9961117202123294,M4,150,TS
13,168,0.996360574441506,0.9961097235386656,M4,150,TS
13,169,0.9963313767031219,0.996078781639305,M4,150,TS
13,170,0.9963210302726416,0.9960435672034473,M4,150,TS
13,171,0.9962985218915089,0.9959839168661128,M4,150,TS
13,172,0.9962485884144738,0.9959005440718921,M4,150,TS
13,173,0.9961874524844941,0.9958332764787361,M4,150,TS
13,174,0.9961345121000279,0.9957767771988201,M4,150,TS
13,175,0.9961303098675913,0.9957433061617583,M4,150,TS
13,176,0.9960950315914081,0.9956856271896566,M4,150,TS
13,177,0.9960719868016161,0.9956556895803909,M4,150,TS
13,178,0.9960434895446866,0.9956519852719621,M4,150,TS
13,179,0.9960460676752122,0.9956331848398994,M4,150,TS
13,180,0.9960497643446751,0.9956276377512622,M4,150,TS
13,181,0.9960063775909416,0.9956141787485902,M4,150,TS
13,182,0.9959622485718815,0.9956085760049894,M4,150,TS
13,183,0.9958959250976375,0.9956035830954155,M4,150,TS
13,184,0.9958618036440439,0.9955732542764713,M4,150,TS
13,185,0.995846187414138,0.9955404212210245,M4,150,TS
13,186,0.9957957726569031,0.9954618784673237,M4,150,TS
13,187,0.9957415155335627,0.9953975208801187,M4,150,TS
13,188,0.9956964933022042,0.9953410239797643,M4,150,TS
13,189,0.9956549610085865,0.9952877402111349,M4,150,TS
13,190,0.9956421171713961,0.9952432242331497,M4,150,TS
13,191,0.9956152225775323,0.9952108101986475,M4,150,TS
13,192,0.9955648706054869,0.9951640780076564,M4,150,TS
13,193,0.9954959882519252,0.9950934740256092,M4,150,TS
13,194,0.995440178124885,0.9950274667608777,M4,150,TS
13,195,0.9953727857710697,0.9949398190398037,M4,150,TS
13,196,0.9953265384190831,0.9948744581155514,M4,150,TS
13,197,0.9952828626347129,0.9948100199082918,M4,150,TS
13,198,0.9952417584179565,0.9947465044180221,M4,150,TS
13,199,0.9952032257688137,0.9946839116447421,M4,150,TS
13,200,0.9951672646872847,0.9946222415884519,M4,150,TS
15,151,0.9962252605469409,0.9960426149946373,M4,150,TS
15,152,0.9962208125930392,0.9960143766525842,M4,150,TS
15,153,0.9962118183194908,0.9959818086465284,M4,150,TS
15,154,0.9961982777262959,0.9959449109764704,M4,150,TS
15,155,0.9961801908134543,0.9959036836424099,M4,150,TS
15,156,0.996157557580969,0.9958581266443498,M4,150,TS
15,157,0.9961330561512289,0.9958289588568667,M4,150,TS
15,158,0.9961030139082411,0.9957600539883128,M4,150,TS
15,159,0.9960483729312696,0.9957016366523189,M4,150,TS
15,160,0.9960004961472655,0.9956293448968545,M4,150,TS
15,161,0.9959293724948286,0.9955590257837515,M4,150,TS
15,162,0.9958335335644611,0.9954631141498739,M4,150,TS
15,163,0.9957205996053304,0.995372526424612,M4,150,TS
15,164,0.9956044966238953,0.9952977026100687,M4,150,TS
15,165,0.9954812809233828,0.9952300433446101,M4,150,TS
15,166,0.9953984102161108,0.9951777488736061,M4,150,TS
15,167,0.9953439525691803,0.9951408667602535,M4,150,TS
15,168,0.995329457996333,0.995123114744246,M4,150,TS
15,169,0.9952733207454667,0.9950791335846375,M4,150,TS
15,170,0.9952518136326842,0.9950284625648642,M4,150,TS
15,171,0.9952051757086207,0.994955198681697,M4,150,TS
15,172,0.995132271609668,0.9948589396126897,M4,150,TS
15,173,0.995060842996885,0.9947796779365745,M4,150,TS
15,174,0.9950070180486855,0.9947135007992045,M4,150,TS
15,175,0.9949476593639104,0.9946723997932871,M4,150,TS
15,176,0.994932851648315,0.9945997532265431,M4,150,TS
15,177,0.9949255098219727,0.9945571838238065,M4,150,TS
15,178,0.9949214325530107,0.9945425096004136,M4,150,TS
15,179,0.9949097971769096,0.994512017877311,M4,150,TS
15,180,0.9948833397107228,0.9944973551327049,M4,150,TS
15,181,0.9948059503284219,0.9944759044113644,M4,150,TS
15,182,0.9947249757270282,0.9944639696089294,M4,150,TS
15,183,0.9946328188777054,0.9944553898828271,M4,150,TS
15,184,0.994556640269802,0.9944205178751271,M4,150,TS
15,185,0.9944566820527307,0.9943827061680345,M4,150,TS
15,186,0.9944022573565555,0.9942920914607982,M4,150,TS
15,187,0.9943491582095565,0.9942172004873117,M4,150,TS
15,188,0.9942834853639416,0.9941526486292956,M4,150,TS
15,189,0.9942423860416657,0.9940897484141803,M4,150,TS
15,190,0.9941943633012958,0.9940387308037228,M4,150,TS
15,191,0.9941214406260783,0.9939999365894978,M4,150,TS
15,192,0.9940644165797171,0.9939454304908109,M4,150,TS
15,193,0.9939849550593147,0.9938679607439418,M4,150,TS
15,194,0.9939132663788257,0.9937908132890604,M4,150,TS
15,195,0.9938551810527687,0.9936919723116198,M4,150,TS
15,196,0.9937969359266035,0.9936164729176116,M4,150,TS
15,197,0.9937438760109061,0.9935413743835342,M4,150,TS
15,198,0.9936960013056741,0.993466676709385,M4,150,TS
15,199,0.9936533118109079,0.9933923798951639,M4,150,TS
15,200,0.993615807526607,0.993318483940871,M4,150,TS
17,151,0.9980876584157506,0.9981826117595064,M4,150,TS
17,152,0.9981352042733159,0.9981677137389062,M4,150,TS
17,153,0.9981566729266981,0.9981501647264763,M4,150,TS
17,154,0.998152064375897,0.9981299647222167,M4,150,TS
17,155,0.9981213786209127,0.9981071137261273,M4,150,TS
17,156,0.9980646156617479,0.998081611738211,M4,150,TS
17,157,0.9979494545663445,0.9980479384109664,M4,150,TS
17,158,0.9979097161329462,0.9980277651407646,M4,150,TS
17,159,0.9979176121027216,0.9979920636587795,M4,150,TS
17,160,0.9977559841524373,0.9979655084138661,M4,150,TS
17,161,0.9977519595499136,0.997930401884966,M4,150,TS
17,162,0.9977688485147062,0.9978761635168724,M4,150,TS
17,163,0.9978168947376731,0.9978270581515984,M4,150,TS
17,164,0.9978755313898338,0.9977974966293824,M4,150,TS
17,165,0.9979888789109685,0.9977825985472163,M4,150,TS
17,166,0.9980966942905272,0.9977804572211382,M4,150,TS
17,167,0.9980050167181996,0.9977862988621076,M4,150,TS
17,168,0.9980279963497212,0.9978061514680986,M4,150,TS
17,169,0.9980399116980906,0.9978171198783835,M4,150,TS
17,170,0.998046379793742,0.9978387325256907,M4,150,TS
17,171,0.9980724622218546,0.9978166536962655,M4,150,TS
17,172,0.9980755730720043,0.997764818140459,M4,150,TS
17,173,0.9980659388396138,0.9977248933086362,M4,150,TS
17,174,0.9980451216973336,0.9976802112533113,M4,150,TS
17,175,0.9980200775252531,0.9976482120636855,M4,150,TS
17,176,0.9979768399295956,0.9976317839708158,M4,150,TS
17,177,0.9979523464467734,0.9976291444216117,M4,150,TS
17,178,0.9979192537226368,0.997639309724729,M4,150,TS
17,179,0.9978812563814822,0.9976628933769819,M4,150,TS
17,180,0.9978276205537122,0.9976895835608808,M4,150,TS
17,181,0.99779056482589,0.9976980907066333,M4,150,TS
17,182,0.9977713897388524,0.9976977159384494,M4,150,TS
17,183,0.9977523831235487,0.9976848769175624,M4,150,TS
17,184,0.9977298930177749,0.9976617031720436,M4,150,TS
17,185,0.9976923719248798,0.9976398269658507,M4,150,TS
17,186,0.9976702775317827,0.9976076697981638,M4,150,TS
17,187,0.9976507861793333,0.99756559701313,M4,150,TS
17,188,0.99760405834563,0.9975255879347823,M4,150,TS
17,189,0.9975449789654255,0.9974952741745509,M4,150,TS
17,190,0.9974977354863259,0.9974583406456629,M4,150,TS
17,191,0.9974704408888537,0.9974351924921352,M4,150,TS
17,192,0.9974628881747938,0.9973795851981413,M4,150,TS
17,193,0.9974755488038036,0.9973012627096581,M4,150,TS
17,194,0.9974938234159549,0.9972609412145673,M4,150,TS
17,195,0.9975989351942185,0.9971898367025431,M4,150,TS
17,196,0.9975292329964532,0.9971477786200942,M4,150,TS
17,197,0.997419619540284,0.9971119788741132,M4,150,TS
17,198,0.997270094825708,0.9970824374645973,M4,150,TS
17,199,0.9970806588527253,0.9970591543915468,M4,150,TS
17,200,0.9968513116213358,0.9970421296549614,M4,150,TS
18,151,0.9967286752306215,0.9969338410578473,M4,150,TS
18,152,0.996734180439968,0.9969040959504953,M4,150,TS
18,153,0.9967286473994351,0.9968706712618197,M4,150,TS
18,154,0.9967120761090231,0.9968335669918205,M4,150,TS
18,155,0.9966844665687318,0.9967927831404976,M4,150,TS
18,156,0.9966458187785637,0.9967483197078539,M4,150,TS
18,157,0.9965932376844059,0.9966966033293643,M4,150,TS
18,158,0.996527560446605,0.9966532519849806,M4,150,TS
18,159,0.9964576808305154,0.9966013374244388,M4,150,TS
18,160,0.9963852885555852,0.99654811625218,M4,150,TS
18,161,0.9963093425696747,0.9964975139418019,M4,150,TS
18,162,0.996241155290386,0.9964392926359632,M4,150,TS
18,163,0.9961930232600331,0.9963841690058759,M4,150,TS
18,164,0.9961534929420675,0.9963422365029733,M4,150,TS
18,165,0.9961282542437089,0.9963116910986165,M4,150,TS
18,166,0.9961340704382093,0.996286631250638,M4,150,TS
18,167,0.9961332036581544,0.9962577876876463,M4,150,TS
18,168,0.9961445950325705,0.9962462972805228,M4,150,TS
18,169,0.9961564930828966,0.9962238043424948,M4,150,TS
18,170,0.9961554243304382,0.9962064610188762,M4,150,TS
18,171,0.9961540709408457,0.9961713046519943,M4,150,TS
18,172,0.9961171965817952,0.9961226768912691,M4,150,TS
18,173,0.9960709459919943,0.9960758084197354,M4,150,TS
18,174,0.9960208668691528,0.996025935643651,M4,150,TS
18,175,0.9959813926061627,0.9959839449918159,M4,150,TS
18,176,0.995958089004092,0.9959459180403211,M4,150,TS
18,177,0.9959376291560111,0.9959184296989066,M4,150,TS
18,178,0.9959178524370527,0.9958997074800776,M4,150,TS
18,179,0.995896460375093,0.9958835070542722,M4,150,TS
18,180,0.9958710421699442,0.9958691945852995,M4,150,TS
18,181,0.9958367919253477,0.9958525545167681,M4,150,TS
18,182,0.9957831257202757,0.995830465868864,M4,150,TS
18,183,0.9957326025198818,0.9957929820050259,M4,150,TS
18,184,0.9956971290990027,0.9957483342558027,M4,150,TS
18,185,0.9956599277889449,0.9957038788621616,M4,150,TS
18,186,0.9956296855841797,0.9956522039026932,M4,150,TS
18,187,0.9955981713458765,0.9955958328973791,M4,150,TS
18,188,0.9955528767442439,0.9955383641945839,M4,150,TS
18,189,0.9954912232503919,0.9954849669954091,M4,150,TS
18,190,0.9954337333107592,0.9954324950050103,M4,150,TS
18,191,0.9953760597201944,0.9953879421820954,M4,150,TS
18,192,0.9953032597925409,0.9953258796418029,M4,150,TS
18,193,0.9952215665357579,0.9952468586259717,M4,150,TS
18,194,0.9951472511607411,0.9951941414641743,M4,150,TS
18,195,0.9950705577024481,0.9951269297557799,M4,150,TS
18,196,0.9950302699225336,0.9950706465470801,M4,150,TS
18,197,0.9950046135818877,0.9950171005666683,M4,150,TS
18,198,0.9949935886805082,0.9949662918145413,M4,150,TS
18,199,0.9949971952183951,0.9949182202906995,M4,150,TS
18,200,0.9950154331955485,0.9948728859951428,M4,150,TS
19,151,0.9983541625402169,0.9983159316558318,M4,150,TS
19,152,0.998313949241844,0.9983102219691227,M4,150,TS
19,153,0.9982766524905043,0.9983003138185258,M4,150,TS
19,154,0.9982422722861977,0.998286207204041,M4,150,TS
19,155,0.9982108086289242,0.9982679021256684,M4,150,TS
19,156,0.9981822615186868,0.9982453985834108,M4,150,TS
19,157,0.9981634010364282,0.9982189237124665,M4,150,TS
19,158,0.9981526300088968,0.9981920343035262,M4,150,TS
19,159,0.998118417587482,0.998160367997952,M4,150,TS
19,160,0.9980856048046101,0.9981251727175661,M4,150,TS
19,161,0.9980510460025163,0.9980924243322281,M4,150,TS
19,162,0.9980122018525,0.9980496478709036,M4,150,TS
19,163,0.9979886622993271,0.9980101082987237,M4,150,TS
19,164,0.9979748072893371,0.9979838344351738,M4,150,TS
19,165,0.9979576989069638,0.9979684647257117,M4,150,TS
19,166,0.9979557420190031,0.9979605187105874,M4,150,TS
19,167,0.9979701549299111,0.9979512484171303,M4,150,TS
19,168,0.9979696476288039,0.9979606474571472,M4,150,TS
19,169,0.9979757712917408,0.9979560232122784,M4,150,TS
19,170,0.9979679876075439,0.9979548127007317,M4,150,TS
19,171,0.9979505371878232,0.9979360001164543,M4,150,TS
19,172,0.9979374164180058,0.9979015531633825,M4,150,TS
19,173,0.9979284641604969,0.9978706199336796,M4,150,TS
19,174,0.9979243138901803,0.9978392901606451,M4,150,TS
19,175,0.9979137758823782,0.9978188983505114,M4,150,TS
19,176,0.9979146632249826,0.997796652877351,M4,150,TS
19,177,0.9979219630620617,0.997787921330295,M4,150,TS
19,178,0.9979164416020232,0.9977914385077812,M4,150,TS
19,179,0.9978810831926193,0.997795046908376,M4,150,TS
19,180,0.9978462976686268,0.9978025699150577,M4,150,TS
19,181,0.9978140490845031,0.9978069687895177,M4,150,TS
19,182,0.9978019663708897,0.9978072040690876,M4,150,TS
19,183,0.9977817707485597,0.9977952568471185,M4,150,TS
19,184,0.997760137049204,0.9977737263419146,M4,150,TS
19,185,0.9977178738287117,0.9977522752716877,M4,150,TS
19,186,0.9976769311981306,0.9977167091621008,M4,150,TS
19,187,0.9976246500837709,0.9976803016857316,M4,150,TS
19,188,0.9975481718358651,0.9976449616757931,M4,150,TS
19,189,0.997464250420944,0.997613105244429,M4,150,TS
19,190,0.9974058504213121,0.9975834100604355,M4,150,TS
19,191,0.9973498303501193,0.9975618757483959,M4,150,TS
19,192,0.9973111514638624,0.9975226434673783,M4,150,TS
19,193,0.9972846686521686,0.9974648522074285,M4,150,TS
19,194,0.9972725060212573,0.997428520678944,M4,150,TS
19,195,0.9972586462336028,0.9973770528061323,M4,150,TS
19,196,0.9972579269779204,0.9973386446739553,M4,150,TS
19,197,0.997266220569223,0.9973026398454992,M4,150,TS
19,198,0.9972835270075077,0.9972690383207612,M4,150,TS
19,199,0.9973098462927743,0.9972378400997415,M4,150,TS
19,200,0.997345178425023,0.9972090451824399,M4,150,TS
20,151,0.9973616389364621,0.9975847268721387,M4,150,TS
20,152,0.9974075197253998,0.997561814976595,M4,150,TS
20,153,0.9974215049847107,0.9975359423917903,M4,150,TS
20,154,0.997403594714395,0.9975071091177249,M4,150,TS
20,155,0.9973537889144526,0.9974753151543987,M4,150,TS
20,156,0.9972720875848866,0.9974405605018145,M4,150,TS
20,157,0.9971109528470454,0.9974016358094443,M4,150,TS
20,158,0.9969958467251645,0.9973694325713504,M4,150,TS
20,159,0.9968982250774934,0.9973259245585449,M4,150,TS
20,160,0.9968057423558895,0.9972823979850731,M4,150,TS
20,161,0.9967649835522265,0.9972356453134728,M4,150,TS
20,162,0.9967462230467132,0.9971676744038731,M4,150,TS
20,163,0.9967562441604744,0.9971052816920858,M4,150,TS
20,164,0.9968197596582506,0.9970613314447778,M4,150,TS
20,165,0.9969000064872323,0.9970333199436873,M4,150,TS
20,166,0.9969981041843179,0.9970184779220548,M4,150,TS
20,167,0.9968934864706803,0.9970132109240878,M4,150,TS
20,168,0.996978171831189,0.9970218729852968,M4,150,TS
20,169,0.9968581736723161,0.997023925360643,M4,150,TS
20,170,0.9967202675194098,0.9970350936478258,M4,150,TS
20,171,0.9966286239580148,0.9970029364681579,M4,150,TS
20,172,0.9965689094138606,0.9969380864822706,M4,150,TS
20,173,0.9966561260440131,0.9968816834941295,M4,150,TS
20,174,0.9965639000607831,0.9968277629527657,M4,150,TS
20,175,0.9964988305626201,0.9967899666181906,M4,150,TS
20,176,0.9964825142151799,0.996758426013884,M4,150,TS
20,177,0.9965271691823476,0.9967423062722849,M4,150,TS
20,178,0.9966247076581672,0.996739645154693,M4,150,TS
20,179,0.9965231349097945,0.996751855046576,M4,150,TS
20,180,0.9964948170830299,0.9967660870262375,M4,150,TS
20,181,0.9965423828461333,0.9967596760654376,M4,150,TS
20,182,0.9965689321766831,0.9967490088454726,M4,150,TS
20,183,0.99662696643056,0.9967264503796156,M4,150,TS
20,184,0.9964687216956917,0.9966970277153396,M4,150,TS
20,185,0.9964055226886985,0.9966666618583113,M4,150,TS
20,186,0.9964305090450565,0.9966157975228552,M4,150,TS
20,187,0.9962479179393413,0.9965660627866755,M4,150,TS
20,188,0.9960964738165874,0.996517647677732,M4,150,TS
20,189,0.9959848674786759,0.9964768216703418,M4,150,TS
20,190,0.9959041879371922,0.9964315021382263,M4,150,TS
20,191,0.9958612410572101,0.9963996775083344,M4,150,TS
20,192,0.9958008059821721,0.9963395583341375,M4,150,TS
20,193,0.9957761643512522,0.9962546367883066,M4,150,TS
20,194,0.9958041770686448,0.9962016477138746,M4,150,TS
20,195,0.9958724204484426,0.996119225042022,M4,150,TS
20,196,0.9959026605517954,0.9960615030701883,M4,150,TS
20,197,0.9959341167151717,0.996007843618829,M4,150,TS
20,198,0.9959667889385689,0.9959582466879413,M4,150,TS
20,199,0.996000677221987,0.9959127122775252,M4,150,TS
20,200,0.9960357815654259,0.9958712403875809,M4,150,TS
21,151,0.9956912339585707,0.9956485464790269,M4,150,TS
21,152,0.9956361582846758,0.9956101513048737,M4,150,TS
21,153,0.9955777660134763,0.9955677780464925,M4,150,TS
21,154,0.9955160571449724,0.9955214267038835,M4,150,TS
21,155,0.995451031679164,0.9954710972770465,M4,150,TS
21,156,0.995382689616054,0.9954167897659842,M4,150,TS
21,157,0.9953032813292844,0.9953573078749444,M4,150,TS
21,158,0.9952288312847336,0.9953014281846888,M4,150,TS
21,159,0.9951657989556684,0.9952378300930261,M4,150,TS
21,160,0.9950827836652403,0.9951726053277467,M4,150,TS
21,161,0.9950040504535111,0.995109403401751,M4,150,TS
21,162,0.9949378275730777,0.995035851330878,M4,150,TS
21,163,0.994872731051322,0.9949662399607231,M4,150,TS
21,164,0.9948462154708643,0.9949095013863419,M4,150,TS
21,165,0.9948455456205259,0.9948637573436707,M4,150,TS
21,166,0.9948506100983525,0.9948255691846346,M4,150,TS
21,167,0.9948442953928711,0.9947861028629044,M4,150,TS
21,168,0.994858696630907,0.9947642189392585,M4,150,TS
21,169,0.9948599240004905,0.9947300864901346,M4,150,TS
21,170,0.9948275598015108,0.9947012897059607,M4,150,TS
21,171,0.9947749222348143,0.9946533152095715,M4,150,TS
21,172,0.9947228452351056,0.9945887493647652,M4,150,TS
21,173,0.994660418753779,0.9945278455033296,M4,150,TS
21,174,0.9946132830160076,0.9944646936197552,M4,150,TS
21,175,0.9945781416702075,0.9944119857801378,M4,150,TS
21,176,0.9945183042464286,0.9943614784674565,M4,150,TS
21,177,0.994460904363839,0.9943236104600216,M4,150,TS
21,178,0.9944207553588466,0.9942960217778483,M4,150,TS
21,179,0.9943659110086336,0.9942700924247246,M4,150,TS
21,180,0.9943098604053411,0.9942471648071981,M4,150,TS
21,181,0.9942479000109743,0.9942202095714037,M4,150,TS
21,182,0.9941933460671152,0.994188406969008,M4,150,TS
21,183,0.9941428593360844,0.9941425342725313,M4,150,TS
21,184,0.9941003087097292,0.9940876939202656,M4,150,TS
21,185,0.994049879015029,0.9940335326484205,M4,150,TS
21,186,0.9939787237981907,0.9939680700899064,M4,150,TS
21,187,0.9939123404758661,0.9938998023405059,M4,150,TS
21,188,0.9938302001053307,0.9938316874732398,M4,150,TS
21,189,0.9937594602523034,0.9937670333002252,M4,150,TS
21,190,0.9936779827658371,0.9937044943679012,M4,150,TS
21,191,0.9935713169909226,0.9936515038221506,M4,150,TS
21,192,0.9934749826288649,0.993579899314309,M4,150,TS
21,193,0.9933924321192207,0.9934892628053316,M4,150,TS
21,194,0.9933409069786632,0.9934225559847739,M4,150,TS
21,195,0.9933053047706054,0.9933390892263886,M4,150,TS
21,196,0.9932830596003424,0.9932690190944867,M4,150,TS
21,197,0.9932787843572951,0.9932013640838565,M4,150,TS
21,198,0.9932924790414607,0.9931361241944953,M4,150,TS
21,199,0.9933241436528392,0.993073299426403,M4,150,TS
21,200,0.9933737781914306,0.9930128897795797,M4,150,TS
22,151,0.9979528761834789,0.9978485382630292,M4,150,TS
22,152,0.9979072381966131,0.997835073069042,M4,150,TS
22,153,0.9978617640595299,0.9978172854250315,M4,150,TS
22,154,0.997816453772229,0.997795175330998,M4,150,TS
22,155,0.9977713073347109,0.9977687427869414,M4,150,TS
22,156,0.9977263247469779,0.9977379877928644,M4,150,TS
22,157,0.9976623722504454,0.9977029871493375,M4,150,TS
22,158,0.9976220530829301,0.9976691715916114,M4,150,TS
22,159,0.9975850693515447,0.9976278685021174,M4,150,TS
22,160,0.9975521284025106,0.9975838793050348,M4,150,TS
22,161,0.9975274650059696,0.9975421116317866,M4,150,TS
22,162,0.99750044667464,0.9974892754890411,M4,150,TS
22,163,0.9974735928424314,0.9974407181317043,M4,150,TS
22,164,0.9974506677254206,0.9974069109169676,M4,150,TS
22,165,0.9974375716473516,0.9973857096800448,M4,150,TS
22,166,0.9974409607621424,0.997372159038158,M4,150,TS
22,167,0.9974532155137844,0.997358081619769,M4,150,TS
22,168,0.9974715255646589,0.997363185525816,M4,150,TS
22,169,0.9974882601035546,0.9973543125792207,M4,150,TS
22,170,0.9974927470335335,0.9973502338784537,M4,150,TS
22,171,0.9974823827231087,0.9973258055685377,M4,150,TS
22,172,0.9974560568032118,0.9972834761488081,M4,150,TS
22,173,0.9974282640273349,0.9972445825837343,M4,150,TS
22,174,0.9974235959318766,0.9972029385515446,M4,150,TS
22,175,0.9974112134769693,0.9971765747344941,M4,150,TS
22,176,0.9974167092627432,0.9971485314546473,M4,150,TS
22,177,0.9974104067819365,0.9971342762197857,M4,150,TS
22,178,0.9973914928461298,0.9971320077200668,M4,150,TS
22,179,0.9973688547367965,0.9971299762670818,M4,150,TS
22,180,0.9973364659420498,0.99713118084577,M4,150,TS
22,181,0.9972937885930526,0.9971267735167187,M4,150,TS
22,182,0.9972503787900733,0.9971188558606316,M4,150,TS
22,183,0.9972196642067779,0.9970951234296934,M4,150,TS
22,184,0.9971947514642006,0.9970616767116373,M4,150,TS
22,185,0.9971539974562448,0.9970319598445209,M4,150,TS
22,186,0.99711660853755,0.9969860197432194,M4,150,TS
22,187,0.9970594165220095,0.9969403678216286,M4,150,TS
22,188,0.9969981574821415,0.996894508740797,M4,150,TS
22,189,0.996932905442551,0.9968528919305985,M4,150,TS
22,190,0.9968700312810477,0.9968136385083176,M4,150,TS
22,191,0.9967969001664407,0.9967840595851689,M4,150,TS
22,192,0.9967343004587343,0.9967369289268353,M4,150,TS
22,193,0.9966924120561809,0.9966682794784015,M4,150,TS
22,194,0.9966737251724511,0.9966240761409514,M4,150,TS
22,195,0.9966714083321956,0.9965611806949959,M4,150,TS
22,196,0.9966745969745014,0.9965133789106778,M4,150,TS
22,197,0.9966913347168012,0.9964680670555336,M4,150,TS
22,198,0.9967216215590917,0.9964252451295604,M4,150,TS
22,199,0.9967654575013734,0.9963849131327582,M4,150,TS
22,200,0.996822842543646,0.9963470710651271,M4,150,TS
23,151,0.9957291000885199,0.9958763318393059,M4,150,TS
23,152,0.995655804722311,0.9958422159517141,M4,150,TS
23,153,0.995583265767001,0.9958037901108503,M4,150,TS
23,154,0.9955114832225899,0.9957610543167146,M4,150,TS
23,155,0.9954404570890777,0.9957140085693068,M4,150,TS
23,156,0.9953701873664672,0.9956626528686301,M4,150,TS
23,157,0.9952964816511591,0.9956041626132399,M4,150,TS
23,158,0.9952337450924627,0.9955506480861543,M4,150,TS
23,159,0.9951646689343825,0.9954901971698491,M4,150,TS
23,160,0.9950886447357687,0.9954271892514396,M4,150,TS
23,161,0.9950125348933974,0.9953693940896924,M4,150,TS
23,162,0.9949454753952015,0.9953098840859061,M4,150,TS
23,163,0.9948705612965933,0.9952530502558921,M4,150,TS
23,164,0.9948185960203811,0.9952058584963803,M4,150,TS
23,165,0.9947838854552487,0.9951681809964555,M4,150,TS
23,166,0.9947588975268944,0.9951331555368699,M4,150,TS
23,167,0.9947590577003345,0.9950907587811204,M4,150,TS
23,168,0.9947644068394659,0.9950659770083282,M4,150,TS
23,169,0.9947660037795605,0.9950297055481133,M4,150,TS
23,170,0.9947637944757017,0.9949960615355863,M4,150,TS
23,171,0.9947466162556119,0.9949577138297453,M4,150,TS
23,172,0.9947189951630708,0.994913007712286,M4,150,TS
23,173,0.9946621370785891,0.9948648469533143,M4,150,TS
23,174,0.9946149970545015,0.9948132721287939,M4,150,TS
23,175,0.9945695964921818,0.9947688632799414,M4,150,TS
23,176,0.9945269742307985,0.9947241341918109,M4,150,TS
23,177,0.9944802338775807,0.9946874733722785,M4,150,TS
23,178,0.99442978382032,0.9946572202976867,M4,150,TS
23,179,0.994383440304972,0.9946242694577386,M4,150,TS
23,180,0.9943415393688771,0.9945918237171655,M4,150,TS
23,181,0.9942902372324994,0.9945642825194452,M4,150,TS
23,182,0.9942375416961541,0.9945314422716567,M4,150,TS
23,183,0.9941733265295782,0.9944804326582387,M4,150,TS
23,184,0.9941300293605158,0.9944245079444535,M4,150,TS
23,185,0.9940893572924874,0.9943699325279939,M4,150,TS
23,186,0.9940361842867442,0.9943104081963833,M4,150,TS
23,187,0.9939514980828261,0.9942497501605396,M4,150,TS
23,188,0.9938687256791139,0.994185646264241,M4,150,TS
23,189,0.9937819685524725,0.9941225762261726,M4,150,TS
23,190,0.9937040166065777,0.9940637211993778,M4,150,TS
23,191,0.9936094491179026,0.994010107405904,M4,150,TS
23,192,0.9935086087142964,0.9939459956308461,M4,150,TS
23,193,0.9934110201584094,0.9938661451300762,M4,150,TS
23,194,0.9933458424257315,0.9938074385985405,M4,150,TS
23,195,0.9932978906382908,0.9937395214434257,M4,150,TS
23,196,0.993268502233414,0.993677984335628,M4,150,TS
23,197,0.9932555990533375,0.9936184431349051,M4,150,TS
23,198,0.9932591810980587,0.9935608978412539,M4,150,TS
23,199,0.9932792483675777,0.9935053484546746,M4,150,TS
23,200,0.9933158008618946,0.9934517949751674,M4,150,TS
26,151,0.9959505042486115,0.9958808358731319,M4,150,TS
26,152,0.9959391513915293,0.9958646245409238,M4,150,TS
26,153,0.9959235813440527,0.995844214824983,M4,150,TS
26,154,0.9959037941061815,0.9958196067253096,M4,150,TS
26,155,0.9958797896779156,0.9957908002419036,M4,150,TS
26,156,0.9958515680592581,0.9957577953747678,M4,150,TS
26,157,0.9958072894134908,0.9957391877027831,M4,150,TS
26,158,0.9957666449082698,0.9956855014386532,M4,150,TS
26,159,0.9957290508396146,0.9956399234217675,M4,150,TS
26,160,0.9956855218293663,0.9955819429521235,M4,150,TS
26,161,0.9956471401855236,0.9955253691314362,M4,150,TS
26,162,0.9956172217042869,0.9954463162655057,M4,150,TS
26,163,0.9955702454172622,0.9953718848303681,M4,150,TS
26,164,0.9955319666902213,0.9953110184200069,M4,150,TS
26,165,0.9954958282837898,0.9952559574355783,M4,150,TS
26,166,0.9954580497498497,0.9952156677361723,M4,150,TS
26,167,0.9954201972989694,0.995188178473924,M4,150,TS
26,168,0.9954003162585383,0.9951796069157391,M4,150,TS
26,169,0.9953739741361689,0.9951457415838406,M4,150,TS
26,170,0.9953283702185327,0.9951076343444246,M4,150,TS
26,171,0.9952770786212812,0.9950512270479607,M4,150,TS
26,172,0.9952158335301919,0.9949758898374169,M4,150,TS
26,173,0.9951514651758169,0.9949144629211621,M4,150,TS
26,174,0.9950852331987592,0.9948655809389934,M4,150,TS
26,175,0.9950159682286617,0.9948364298382425,M4,150,TS
26,176,0.994937142898188,0.9947817842779302,M4,150,TS
26,177,0.9948684720981864,0.9947539589359884,M4,150,TS
26,178,0.994824032753938,0.9947500596923435,M4,150,TS
26,179,0.9947916678182149,0.9947305752035887,M4,150,TS
26,180,0.9947660354292998,0.9947244770823449,M4,150,TS
26,181,0.9947581952186065,0.9947128407741579,M4,150,TS
26,182,0.9947504723156242,0.994708451539288,M4,150,TS
26,183,0.9947581154144762,0.9947047637892604,M4,150,TS
26,184,0.99477481366559,0.9946782496022327,M4,150,TS
26,185,0.994767935465342,0.9946472737651569,M4,150,TS
26,186,0.9947573642526486,0.9945734961569572,M4,150,TS
26,187,0.9947425828269708,0.994512723807512,M4,150,TS
26,188,0.9947137593630634,0.9944607351301862,M4,150,TS
26,189,0.9947103567853216,0.9944094173465864,M4,150,TS
26,190,0.9946953152330662,0.9943696891375395,M4,150,TS
26,191,0.994681869981461,0.9943393080997593,M4,150,TS
26,192,0.9946622189775258,0.9942951164691359,M4,150,TS
26,193,0.9946446633771215,0.9942297905786878,M4,150,TS
26,194,0.9946319178289431,0.9941658221622964,M4,150,TS
26,195,0.9945965515165704,0.9940856295435219,M4,150,TS
26,196,0.9945587055634009,0.9940251577983189,M4,150,TS
26,197,0.9945147672408209,0.9939656643216935,M4,150,TS
26,198,0.994464736548828,0.993907149113643,M4,150,TS
26,199,0.9944086134874224,0.9938496121741675,M4,150,TS
26,200,0.994346398056604,0.9937930535032665,M4,150,TS
27,151,0.9956270353333843,0.9956022050140236,M4,150,TS
27,152,0.9956308304875027,0.9955821660927595,M4,150,TS
27,153,0.9956235063981074,0.9955582388565312,M4,150,TS
27,154,0.9956050630651984,0.9955304233053385,M4,150,TS
27,155,0.9955755004887756,0.9954987194391814,M4,150,TS
27,156,0.9955348186688422,0.9954631272580629,M4,150,TS
27,157,0.9954834006625471,0.9954389428544617,M4,150,TS
27,158,0.995418425360461,0.9953854442041727,M4,150,TS
27,159,0.9953565849148365,0.9953386632923827,M4,150,TS
27,160,0.9952733097356826,0.9952810037927511,M4,150,TS
27,161,0.9952144854349595,0.9952247532515589,M4,150,TS
27,162,0.9951573562046216,0.995150279965107,M4,150,TS
27,163,0.9950850316767843,0.9950796332227192,M4,150,TS
27,164,0.9949959437697586,0.995022066048857,M4,150,TS
27,165,0.9949210350328426,0.9949694049777796,M4,150,TS
27,166,0.9948438679446346,0.9949293357014968,M4,150,TS
27,167,0.9947548564922097,0.9948990392720118,M4,150,TS
27,168,0.9946976510250903,0.9948863887663684,M4,150,TS
27,169,0.9946473330066448,0.9948503609235257,M4,150,TS
27,170,0.9945945152930386,0.994809769310752,M4,150,TS
27,171,0.9945447834265342,0.9947545307100777,M4,150,TS
27,172,0.9945075395805032,0.9946833548265325,M4,150,TS
27,173,0.9944889188554943,0.9946224187336169,M4,150,TS
27,174,0.9944763021037695,0.994572163449876,M4,150,TS
27,175,0.9944619689353607,0.9945374608800944,M4,150,TS
27,176,0.9944689801054403,0.9944798864578045,M4,150,TS
27,177,0.9944851237885035,0.9944462163309972,M4,150,TS
27,178,0.9944910894255776,0.9944348847305967,M4,150,TS
27,179,0.9944799854294203,0.9944103729821172,M4,150,TS
27,180,0.9944433259927755,0.9943987096394424,M4,150,TS
27,181,0.994388699724889,0.9943859871543111,M4,150,TS
27,182,0.9943523016714957,0.994378008669736,M4,150,TS
27,183,0.9943249681714408,0.9943693780315228,M4,150,TS
27,184,0.99428351692634,0.9943417488907205,M4,150,TS
27,185,0.9942383398808105,0.9943080738232087,M4,150,TS
27,186,0.9942158639706631,0.9942377453835156,M4,150,TS
27,187,0.9941856942445113,0.9941778162882434,M4,150,TS
27,188,0.9941470624534154,0.994124784949669,M4,150,TS
27,189,0.9941038359803992,0.9940729742612019,M4,150,TS
27,190,0.9940330063469403,0.9940323868068804,M4,150,TS
27,191,0.9939755654170752,0.9939994329108115,M4,150,TS
27,192,0.993924755344659,0.993953002444505,M4,150,TS
27,193,0.9938759374482569,0.9938877912415655,M4,150,TS
27,194,0.9938333304535465,0.9938253441514456,M4,150,TS
27,195,0.9937877818081611,0.9937488375774546,M4,150,TS
27,196,0.9937337446981204,0.9936890946504117,M4,150,TS
27,197,0.9936772647437789,0.9936302661498274,M4,150,TS
27,198,0.9936183419451339,0.9935723520756988,M4,150,TS
27,199,0.9935569763021853,0.9935153524280264,M4,150,TS
27,200,0.9934931678149332,0.9934592672068097,M4,150,TS
28,151,0.9958768271134878,0.9956037263551084,M4,150,TS
28,152,0.9958069872774017,0.9955859023109082,M4,150,TS
28,153,0.9957385062343753,0.9955633584418802,M4,150,TS
28,154,0.9956713839844086,0.9955360947480244,M4,150,TS
28,155,0.9956056205275016,0.9955041112293409,M4,150,TS
28,156,0.9955412158636568,0.9954674078858324,M4,150,TS
28,157,0.9954703721703593,0.9954422023936538,M4,150,TS
28,158,0.9954017294613472,0.9953850295764156,M4,150,TS
28,159,0.9953492965457706,0.9953344236708499,M4,150,TS
28,160,0.9952887605784829,0.9952716994755705,M4,150,TS
28,161,0.9952268306544811,0.9952134837495998,M4,150,TS
28,162,0.9951706085295687,0.995140143162663,M4,150,TS
28,163,0.9951025837892211,0.9950700230282212,M4,150,TS
28,164,0.9950259680471947,0.9950115425397839,M4,150,TS
28,165,0.9949711867638683,0.9949579984471303,M4,150,TS
28,166,0.9949195165957059,0.99491482021909,M4,150,TS
28,167,0.9948801619547997,0.9948799347041013,M4,150,TS
28,168,0.9948288282290081,0.9948654082544953,M4,150,TS
28,169,0.994759286893276,0.9948269431371622,M4,150,TS
28,170,0.9946900390221152,0.9947828184484837,M4,150,TS
28,171,0.9946267177461146,0.9947313621377141,M4,150,TS
28,172,0.9945784560647598,0.9946670627398694,M4,150,TS
28,173,0.9945622098053123,0.9946080634700477,M4,150,TS
28,174,0.9945735190442897,0.9945581106664093,M4,150,TS
28,175,0.9946043690732354,0.9945266560869658,M4,150,TS
28,176,0.9946231319216181,0.9944686226516681,M4,150,TS
28,177,0.9946438750046789,0.9944330091064031,M4,150,TS
28,178,0.9946295992122275,0.9944191314318049,M4,150,TS
28,179,0.9945936333057059,0.9943883329213743,M4,150,TS
28,180,0.9945449739711748,0.9943687749045035,M4,150,TS
28,181,0.9944893921720652,0.9943506945390241,M4,150,TS
28,182,0.9944399381823597,0.9943389413809013,M4,150,TS
28,183,0.9944161321713652,0.9943214366343404,M4,150,TS
28,184,0.9943877023568948,0.9942859708947266,M4,150,TS
28,185,0.9943462800062939,0.9942490939195594,M4,150,TS
28,186,0.9943019638171833,0.9941741403480563,M4,150,TS
28,187,0.9942709067133846,0.9941125045963584,M4,150,TS
28,188,0.994239933611649,0.9940558512383253,M4,150,TS
28,189,0.9942015542194994,0.9939991321869147,M4,150,TS
28,190,0.9941377686530268,0.9939564901911652,M4,150,TS
28,191,0.9940912929380132,0.9939196424073218,M4,150,TS
28,192,0.9940443114741453,0.9938757106362114,M4,150,TS
28,193,0.9940105493736837,0.9938112473683268,M4,150,TS
28,194,0.9939496478780393,0.993749028757374,M4,150,TS
28,195,0.993885339415004,0.993674741898564,M4,150,TS
28,196,0.9938172778179344,0.9936151011815137,M4,150,TS
28,197,0.9937457480426715,0.9935560439599372,M4,150,TS
28,198,0.9936707500892124,0.9934975702338321,M4,150,TS
28,199,0.9935922839575569,0.9934396800031982,M4,150,TS
28,200,0.9935103496477052,0.9933823732680354,M4,150,TS
29,151,0.9971053161646016,0.99714569303072,M4,150,TS
29,152,0.9970546443879883,0.9971270706005164,M4,150,TS
29,153,0.9969999147314916,0.9971046821223298,M4,150,TS
29,154,0.9969411271951116,0.9970785275961604,M4,150,TS
29,155,0.9968782817788483,0.9970486070220081,M4,150,TS
29,156,0.9968113784827042,0.9970149203998758,M4,150,TS
29,157,0.9967248965817403,0.996978926726202,M4,150,TS
29,158,0.9966387616759906,0.9969423554908345,M4,150,TS
29,159,0.9965665081064645,0.9969000819664905,M4,150,TS
29,160,0.9965136282181668,0.9968538142831597,M4,150,TS
29,161,0.9964645471636396,0.9968084126704921,M4,150,TS
29,162,0.9964205732676059,0.9967497727172862,M4,150,TS
29,163,0.9963652681228199,0.9966957073785967,M4,150,TS
29,164,0.9963280237515837,0.9966556734141956,M4,150,TS
29,165,0.9963083764024314,0.9966257536391229,M4,150,TS
29,166,0.9962999252139577,0.9966051400319814,M4,150,TS
29,167,0.9962917071015146,0.9965850779497692,M4,150,TS
29,168,0.9962900129355721,0.9965825548227936,M4,150,TS
29,169,0.9963176372464052,0.9965653318119058,M4,150,TS
29,170,0.996330514478867,0.9965519182441779,M4,150,TS
29,171,0.99633957105396,0.996515581951309,M4,150,TS
29,172,0.9963433788354059,0.9964611205795785,M4,150,TS
29,173,0.996316399630141,0.9964145697186634,M4,150,TS
29,174,0.9962795277877291,0.9963690475326084,M4,150,TS
29,175,0.996253321792555,0.9963329909478439,M4,150,TS
29,176,0.9962191139567975,0.9962972330688907,M4,150,TS
29,177,0.9961771816583925,0.9962772746816195,M4,150,TS
29,178,0.9961279864664458,0.9962710972484161,M4,150,TS
29,179,0.9960935972765861,0.9962652588000794,M4,150,TS
29,180,0.9960372576932366,0.9962652788197024,M4,150,TS
29,181,0.9959856516483765,0.996259703041784,M4,150,TS
29,182,0.9959354462420607,0.996250490112358,M4,150,TS
29,183,0.9958692511216817,0.9962323709368582,M4,150,TS
29,184,0.9958310565509717,0.996202101096332,M4,150,TS
29,185,0.9957945079160518,0.99616896323475,M4,150,TS
29,186,0.9957594622723526,0.9961209124263014,M4,150,TS
29,187,0.995720506712767,0.9960705394195909,M4,150,TS
29,188,0.9956817104654498,0.9960218056292818,M4,150,TS
29,189,0.9956372887491772,0.9959774316312712,M4,150,TS
29,190,0.9955685636190378,0.9959355660030133,M4,150,TS
29,191,0.9954968102463866,0.9959032966701928,M4,150,TS
29,192,0.9954372577928832,0.9958499414814976,M4,150,TS
29,193,0.99534720467828,0.995779560295893,M4,150,TS
29,194,0.9952711797727173,0.9957310675480777,M4,150,TS
29,195,0.9952156734143542,0.9956648559006902,M4,150,TS
29,196,0.9951853650628,0.9956132622188362,M4,150,TS
29,197,0.9951711378661893,0.9955640158887469,M4,150,TS
29,198,0.9951729918245189,0.9955171169104197,M4,150,TS
29,199,0.9951909269377889,0.9954725652838543,M4,150,TS
29,200,0.9952249432059993,0.995430361009051,M4,150,TS
30,151,0.9786156496830348,0.97864612404566,M4,150,TS
30,152,0.97849959995813,0.9785061276389073,M4,150,TS
30,153,0.9783824134107618,0.9783646329368239,M4,150,TS
30,154,0.9782640900409304,0.9782216399394099,M4,150,TS
30,155,0.9781446298486357,0.9780771486466652,M4,150,TS
30,156,0.9780240328338803,0.9779311590585926,M4,150,TS
30,157,0.9778889014610461,0.9778015022106133,M4,150,TS
30,158,0.9777682447260291,0.9776374013279007,M4,150,TS
30,159,0.9776605185831237,0.9774916624165783,M4,150,TS
30,160,0.97753377880097,0.9773301189408242,M4,150,TS
30,161,0.9774259211339003,0.9771682689731959,M4,150,TS
30,162,0.9773195538559117,0.9770124853111314,M4,150,TS
30,163,0.9771920347440073,0.9768550137722545,M4,150,TS
30,164,0.9770537208353786,0.9766938089396077,M4,150,TS
30,165,0.976874119681151,0.9765197304379727,M4,150,TS
30,166,0.976676843904003,0.9763517929579362,M4,150,TS
30,167,0.9764800237719291,0.9761740146432742,M4,150,TS
30,168,0.9762819189345002,0.9759995480117684,M4,150,TS
30,169,0.9760779184118875,0.9758138600129534,M4,150,TS
30,170,0.9758535861728687,0.9756130061241253,M4,150,TS
30,171,0.975640084719773,0.9754395816610915,M4,150,TS
30,172,0.9754444258391946,0.9752922086464023,M4,150,TS
30,173,0.9752571500427585,0.9751494896662171,M4,150,TS
30,174,0.9750693311365886,0.9750313547200443,M4,150,TS
30,175,0.9748969062286892,0.974858966650779,M4,150,TS
30,176,0.9747300921460091,0.9746765960966072,M4,150,TS
30,177,0.9745758297873253,0.9745117199862413,M4,150,TS
30,178,0.9744064513106123,0.9743643563204383,M4,150,TS
30,179,0.9742581496357877,0.9741957790156734,M4,150,TS
30,180,0.9741236702127505,0.9740438849559074,M4,150,TS
30,181,0.9739996481604303,0.9739318317040258,M4,150,TS
30,182,0.9738789733217553,0.9738169404007603,M4,150,TS
30,183,0.9737841247686867,0.97372583203303,M4,150,TS
30,184,0.9736866657990332,0.9736229551195411,M4,150,TS
30,185,0.9735904989506905,0.9734642496700749,M4,150,TS
30,186,0.9734797771977106,0.9733237072197622,M4,150,TS
30,187,0.9733510233290976,0.9731736403268959,M4,150,TS
30,188,0.9731987434300009,0.9730350092407908,M4,150,TS
30,189,0.9730811593001335,0.9728812703351322,M4,150,TS
30,190,0.9729794485882934,0.9727383960570657,M4,150,TS
30,191,0.9728458590800013,0.9725915873798626,M4,150,TS
30,192,0.9727194183353756,0.972430539529075,M4,150,TS
30,193,0.9725771072263516,0.9722908350050938,M4,150,TS
30,194,0.9724210447533566,0.9721264901236717,M4,150,TS
30,195,0.9722410586237553,0.9719943315795835,M4,150,TS
30,196,0.9720844632924925,0.9718454868241588,M4,150,TS
30,197,0.971925259507695,0.9716959529209549,M4,150,TS
30,198,0.97176344726936,0.9715457298699692,M4,150,TS
30,199,0.9715990265774874,0.9713948176712018,M4,150,TS
30,200,0.9714319974320774,0.9712432163246525,M4,150,TS
31,151,0.9975070046684483,0.9974696674576762,M4,150,TS
31,152,0.997474092201904,0.9974555724605215,M4,150,TS
31,153,0.9974387880343855,0.9974375369605872,M4,150,TS
31,154,0.9974010921658929,0.9974155609578733,M4,150,TS
31,155,0.9973610045964262,0.9973896444523797,M4,150,TS
31,156,0.9973185253259879,0.9973597874441091,M4,150,TS
31,157,0.9972511507658179,0.997339049833587,M4,150,TS
31,158,0.9971848111679518,0.997295874829089,M4,150,TS
31,159,0.9971480978372742,0.9972544566615918,M4,150,TS
31,160,0.9971319010209514,0.9972041466494665,M4,150,TS
31,161,0.9971251197669797,0.9971522740189214,M4,150,TS
31,162,0.9971208142617026,0.9970740376136392,M4,150,TS
31,163,0.9970887395225201,0.9970019496329205,M4,150,TS
31,164,0.9970490605713396,0.996947679494031,M4,150,TS
31,165,0.9970042857558397,0.9969031906286145,M4,150,TS
31,166,0.9969578503880083,0.9968757715386792,M4,150,TS
31,167,0.9968884360628354,0.9968614426203476,M4,150,TS
31,168,0.9968279092851762,0.9968662678943306,M4,150,TS
31,169,0.9967573712929807,0.9968495609487955,M4,150,TS
31,170,0.9966948078549835,0.9968326540294185,M4,150,TS
31,171,0.9966349709782729,0.9967817963255238,M4,150,TS
31,172,0.996591494356329,0.9967022652883565,M4,150,TS
31,173,0.9965419818218111,0.9966409881314849,M4,150,TS
31,174,0.9965113307933615,0.996587979036132,M4,150,TS
31,175,0.9964791181183416,0.9965546120525219,M4,150,TS
31,176,0.9964635240505813,0.9965067560909497,M4,150,TS
31,177,0.9964451825759255,0.9964857251840248,M4,150,TS
31,178,0.9964224586446496,0.9964891815535556,M4,150,TS
31,179,0.9963817573715876,0.996487808872912,M4,150,TS
31,180,0.9963609201896753,0.9964981394428053,M4,150,TS
31,181,0.9963277652487826,0.9964951475390412,M4,150,TS
31,182,0.9962946207306943,0.9964959430127068,M4,150,TS
31,183,0.9962528918134679,0.9964979825735593,M4,150,TS
31,184,0.9962236959859262,0.99647767637111,M4,150,TS
31,185,0.9961806766368064,0.9964530250670443,M4,150,TS
31,186,0.9961562358257028,0.9963899148870305,M4,150,TS
31,187,0.9961461259271673,0.9963329803143263,M4,150,TS
31,188,0.9961059648658412,0.996284990621451,M4,150,TS
31,189,0.9960572708541137,0.9962427302062803,M4,150,TS
31,190,0.9960122097441348,0.996205160051014,M4,150,TS
31,191,0.9959512449869277,0.9961811085285447,M4,150,TS
31,192,0.9959146986428828,0.9961332856442738,M4,150,TS
31,193,0.9958371791458136,0.9960637258691678,M4,150,TS
31,194,0.9957720818575309,0.9960062988429362,M4,150,TS
31,195,0.9956880636310182,0.9959249870783923,M4,150,TS
31,196,0.995610149220539,0.9958678451210757,M4,150,TS
31,197,0.9955296818882626,0.9958127530310832,M4,150,TS
31,198,0.9954466616341862,0.9957597108084122,M4,150,TS
31,199,0.9953610884583096,0.9957087184530625,M4,150,TS
31,200,0.9952729623606329,0.9956597759650341,M4,150,TS
32,151,0.9976372787513029,0.9974045978405796,M4,150,TS
32,152,0.9975859283782122,0.9973864656495731,M4,150,TS
32,153,0.997537759894991,0.99736391651669,M4,150,TS
32,154,0.9974927733016392,0.99733695044193,M4,150,TS
32,155,0.9974509685981569,0.9973055674252934,M4,150,TS
32,156,0.9974123457845467,0.9972697674667829,M4,150,TS
32,157,0.9973910714903576,0.9972380851530371,M4,150,TS
32,158,0.9973645351764251,0.9971893452197516,M4,150,TS
32,159,0.9973236525734257,0.9971422358082962,M4,150,TS
32,160,0.9972787239121719,0.9970872325486856,M4,150,TS
32,161,0.9972344983995737,0.9970347386605728,M4,150,TS
32,162,0.9971726285375544,0.9969677060087969,M4,150,TS
32,163,0.9970815136859652,0.9969053304847904,M4,150,TS
32,164,0.9970228364338789,0.996855309917288,M4,150,TS
32,165,0.9969708889751285,0.9968135390112506,M4,150,TS
32,166,0.9969182256786682,0.9967824462514138,M4,150,TS
32,167,0.9968728833104742,0.9967566396985569,M4,150,TS
32,168,0.9968603327414325,0.9967488734399148,M4,150,TS
32,169,0.9968612785135655,0.9967209541622722,M4,150,TS
32,170,0.9968686788578124,0.9966917048823495,M4,150,TS
32,171,0.9969081763848517,0.996644919436766,M4,150,TS
32,172,0.9969420233445405,0.9965817959495177,M4,150,TS
32,173,0.9969555279992341,0.9965268417399594,M4,150,TS
32,174,0.9969494042176517,0.9964781449467607,M4,150,TS
32,175,0.9969421889585828,0.9964452439309027,M4,150,TS
32,176,0.9968777141211322,0.9964000296063122,M4,150,TS
32,177,0.9968280375656302,0.9963740555321791,M4,150,TS
32,178,0.9967976306524424,0.9963651783339973,M4,150,TS
32,179,0.9967544462986647,0.9963481368663076,M4,150,TS
32,180,0.99670640641245,0.9963395546463553,M4,150,TS
32,181,0.9966986004560046,0.9963264473159551,M4,150,TS
32,182,0.9966953899063733,0.9963151047325153,M4,150,TS
32,183,0.996685822577861,0.9962971825795658,M4,150,TS
32,184,0.9966502949747469,0.9962646959054976,M4,150,TS
32,185,0.9966254627133584,0.9962299107090645,M4,150,TS
32,186,0.9965679863271613,0.9961679042457907,M4,150,TS
32,187,0.9965344708143342,0.9961113605884179,M4,150,TS
32,188,0.9964988250717449,0.9960585906774979,M4,150,TS
32,189,0.996472074794096,0.9960077219812631,M4,150,TS
32,190,0.9964329443745374,0.9959647176015444,M4,150,TS
32,191,0.9964071385563611,0.9959297055609355,M4,150,TS
32,192,0.99638051035617,0.9958804823681705,M4,150,TS
32,193,0.9963321543374705,0.9958122515188712,M4,150,TS
32,194,0.9962579876875047,0.9957566297907242,M4,150,TS
32,195,0.9961316823678599,0.9956870952783358,M4,150,TS
32,196,0.9960397422901545,0.9956323363379735,M4,150,TS
32,197,0.9959416583034034,0.9955794450568305,M4,150,TS
32,198,0.9958374304076035,0.9955284214349042,M4,150,TS
32,199,0.9957270586027549,0.9954792654721945,M4,150,TS
32,200,0.9956105428888574,0.9954319771687014,M4,150,TS
33,151,0.9971866038348991,0.9972384907673402,M4,150,TS
33,152,0.9971771882546973,0.9972203702053494,M4,150,TS
33,153,0.9971627874329976,0.997198148937154,M4,150,TS
33,154,0.9971434013697998,0.9971718269627537,M4,150,TS
33,155,0.9971190300651044,0.9971414042821488,M4,150,TS
33,156,0.9970896735189142,0.997106880895342,M4,150,TS
33,157,0.9970750525561606,0.997071746363564,M4,150,TS
33,158,0.9970425841341679,0.9970294300425678,M4,150,TS
33,159,0.9969901285945653,0.9969852399479836,M4,150,TS
33,160,0.9969343104870382,0.9969355269403556,M4,150,TS
33,161,0.9968498712257743,0.9968897579577268,M4,150,TS
33,162,0.9967605827944513,0.9968330215775364,M4,150,TS
33,163,0.9966678050407587,0.9967798832602868,M4,150,TS
33,164,0.996574105338067,0.996739759434251,M4,150,TS
33,165,0.996518019421148,0.9967080537184108,M4,150,TS
33,166,0.9965124608595439,0.9966831286159769,M4,150,TS
33,167,0.9965141825532565,0.9966593982175006,M4,150,TS
33,168,0.9965348749456002,0.9966537342319707,M4,150,TS
33,169,0.9965777630163406,0.9966308872126504,M4,150,TS
33,170,0.9966255238746355,0.9966087509928945,M4,150,TS
33,171,0.996656957677011,0.9965721674333755,M4,150,TS
33,172,0.9966550091253424,0.9965220745649019,M4,150,TS
33,173,0.9966137619288136,0.9964773773836967,M4,150,TS
33,174,0.9965502000997162,0.9964355060704018,M4,150,TS
33,175,0.9964746392831506,0.9964070676284219,M4,150,TS
33,176,0.9964297188078007,0.9963698595924767,M4,150,TS
33,177,0.9963524304473172,0.9963493915682979,M4,150,TS
33,178,0.9963035782007477,0.9963417789608808,M4,150,TS
33,179,0.9962833687753415,0.9963281079852674,M4,150,TS
33,180,0.996263535279786,0.9963199033832876,M4,150,TS
33,181,0.9962624508250876,0.9963091396578196,M4,150,TS
33,182,0.9962451407180266,0.9962978676379156,M4,150,TS
33,183,0.9962085193003893,0.9962763329624071,M4,150,TS
33,184,0.9961343369655,0.996244409084207,M4,150,TS
33,185,0.9960713222389226,0.9962115513066896,M4,150,TS
33,186,0.9959977556922955,0.996159108390068,M4,150,TS
33,187,0.9959310026846178,0.9961089553536984,M4,150,TS
33,188,0.9958913374269002,0.9960592159609114,M4,150,TS
33,189,0.9958676527629517,0.9960112947536693,M4,150,TS
33,190,0.9958287970002899,0.9959694247138826,M4,150,TS
33,191,0.9958101939978872,0.9959346264790992,M4,150,TS
33,192,0.9957553463743947,0.9958866528798727,M4,150,TS
33,193,0.9956676125809258,0.9958210672815963,M4,150,TS
33,194,0.9955510426928489,0.9957733752045052,M4,150,TS
33,195,0.9954382903886538,0.9957111690195,M4,150,TS
33,196,0.9953639686455392,0.995661353054106,M4,150,TS
33,197,0.9952958060850953,0.9956134895781122,M4,150,TS
33,198,0.995233802707319,0.9955675785915162,M4,150,TS
33,199,0.9951779585122102,0.9955236200943177,M4,150,TS
33,200,0.9951282734997692,0.9954816140865168,M4,150,TS
34,151,0.9966019173591216,0.9964571901528186,M4,150,TS
34,152,0.9965375109004615,0.9964304623135943,M4,150,TS
34,153,0.9964763859472371,0.9963990324017101,M4,150,TS
34,154,0.9964185424994484,0.996362900417166,M4,150,TS
34,155,0.9963639805570954,0.9963220663599618,M4,150,TS
34,156,0.9963127001201811,0.9962765302301005,M4,150,TS
34,157,0.9962666149512827,0.9962382483327162,M4,150,TS
34,158,0.9962313772546405,0.9961766800098043,M4,150,TS
34,159,0.9961944141671855,0.9961174134231471,M4,150,TS
34,160,0.9961536486065649,0.9960492258320723,M4,150,TS
34,161,0.9961014414646291,0.9959835617293344,M4,150,TS
34,162,0.9960531997214542,0.9958976948570036,M4,150,TS
34,163,0.9959737831291746,0.9958175066870326,M4,150,TS
34,164,0.9958895801595637,0.9957529219952532,M4,150,TS
34,165,0.9958105437270061,0.9956981207619258,M4,150,TS
34,166,0.9957351350167742,0.9956564189493577,M4,150,TS
34,167,0.9956700869728872,0.9956242288886288,M4,150,TS
34,168,0.9956347533603704,0.9956117729759862,M4,150,TS
34,169,0.9956246217533973,0.9955756126255577,M4,150,TS
34,170,0.9956381439208416,0.9955374003874461,M4,150,TS
34,171,0.9956591928566096,0.9954769652999435,M4,150,TS
34,172,0.9956785063282084,0.9953945238077027,M4,150,TS
34,173,0.9956721182871628,0.9953237740465471,M4,150,TS
34,174,0.9956474420670414,0.9952605317485481,M4,150,TS
34,175,0.9956137090233086,0.9952203961854906,M4,150,TS
34,176,0.9955610584346923,0.995162095061532,M4,150,TS
34,177,0.9955001619276789,0.9951272046327483,M4,150,TS
34,178,0.9954384586761857,0.9951133513594339,M4,150,TS
34,179,0.9953924389841059,0.9950887768167658,M4,150,TS
34,180,0.9953774793924586,0.9950727618095946,M4,150,TS
34,181,0.995351102307958,0.9950490374180142,M4,150,TS
34,182,0.9953200941072107,0.9950299511171163,M4,150,TS
34,183,0.9952827946572366,0.9950050597676517,M4,150,TS
34,184,0.9952469365732137,0.9949612223795611,M4,150,TS
34,185,0.9952154748524293,0.9949180185588498,M4,150,TS
34,186,0.9951500523424563,0.9948383056236887,M4,150,TS
34,187,0.9950793958477373,0.994768921210903,M4,150,TS
34,188,0.9949994423017487,0.9947051196513111,M4,150,TS
34,189,0.9949363986368576,0.9946439454079418,M4,150,TS
34,190,0.9948937771697592,0.9945902776056346,M4,150,TS
34,191,0.9948373823582575,0.9945474903802493,M4,150,TS
34,192,0.9947845605225776,0.9944899616839865,M4,150,TS
34,193,0.9947197686923281,0.9944092823980857,M4,150,TS
34,194,0.9946657853548242,0.9943392813150882,M4,150,TS
34,195,0.9946061635654042,0.9942491830493984,M4,150,TS
34,196,0.9945227695739276,0.9941801785435899,M4,150,TS
34,197,0.9944266437355376,0.9941132170636896,M4,150,TS
34,198,0.9943177860502315,0.9940482986096947,M4,150,TS
34,199,0.9941961965180095,0.9939854231816052,M4,150,TS
34,200,0.9940618751388715,0.9939245907794212,M4,150,TS
35,151,0.9708355022098698,0.9712219812159051,M4,150,TS
35,152,0.9706232971273814,0.9710815756054049,M4,150,TS
35,153,0.9704123482237726,0.970936143584963,M4,150,TS
35,154,0.9702026554990436,0.9707856851545797,M4,150,TS
35,155,0.9699942189531942,0.9706302003142548,M4,150,TS
35,156,0.9697870385862275,0.9704696890639911,M4,150,TS
35,157,0.9696018384489045,0.9703830881201821,M4,150,TS
35,158,0.9694066902960077,0.9701187352368937,M4,150,TS
35,159,0.9691907774375861,0.9699485656440959,M4,150,TS
35,160,0.9689591770683395,0.969742059517845,M4,150,TS
35,161,0.9687235971385736,0.9695391240101365,M4,150,TS
35,162,0.9684909954576939,0.9693208462817975,M4,150,TS
35,163,0.9682610436433141,0.9691054291877271,M4,150,TS
35,164,0.9680052315499246,0.9688827953356337,M4,150,TS
35,165,0.9677421144430958,0.968601704665592,M4,150,TS
35,166,0.9674688810330241,0.9683179158393204,M4,150,TS
35,167,0.9672224793203906,0.9680366634529937,M4,150,TS
35,168,0.9669587291419212,0.9677669694526924,M4,150,TS
35,169,0.9667118424950825,0.9674298341596508,M4,150,TS
35,170,0.9664732953879875,0.9670354072664894,M4,150,TS
35,171,0.9662483939751392,0.966733343698512,M4,150,TS
35,172,0.9660367604950058,0.9665065121139018,M4,150,TS
35,173,0.9658361031352474,0.9662576641615306,M4,150,TS
35,174,0.9657179820200885,0.966056785287354,M4,150,TS
35,175,0.965398903063109,0.9659043030937648,M4,150,TS
35,176,0.9651107695513601,0.965604769823156,M4,150,TS
35,177,0.9648586894584708,0.9653433721242298,M4,150,TS
35,178,0.9646059517150842,0.9651481824363083,M4,150,TS
35,179,0.9643882166997789,0.9648456033115135,M4,150,TS
35,180,0.9641961006035364,0.964584149016336,M4,150,TS
35,181,0.9640272715349796,0.9644301249263969,M4,150,TS
35,182,0.9638750604309148,0.9642836896416873,M4,150,TS
35,183,0.9637616535848109,0.9641539096503582,M4,150,TS
35,184,0.9636730702771008,0.9639962803464874,M4,150,TS
35,185,0.9633928104139688,0.9638333128904177,M4,150,TS
35,186,0.9632178864531746,0.9635402760786714,M4,150,TS
35,187,0.9630336907275205,0.9633033231539766,M4,150,TS
35,188,0.9628495860100664,0.9631024381562671,M4,150,TS
35,189,0.9626592852063421,0.9628601022882066,M4,150,TS
35,190,0.9624863981906412,0.9626712743130493,M4,150,TS
35,191,0.9622996622069035,0.962489051410647,M4,150,TS
35,192,0.962078092225616,0.9623047401215354,M4,150,TS
35,193,0.9618665865112527,0.9621297865186915,M4,150,TS
35,194,0.9616412548576915,0.9618724345344335,M4,150,TS
35,195,0.9614358471356016,0.9616642224911448,M4,150,TS
35,196,0.961201517627503,0.9614402456443077,M4,150,TS
35,197,0.9609579285332599,0.9612107556440502,M4,150,TS
35,198,0.9607050798528697,0.9609757524903696,M4,150,TS
35,199,0.9604429715863324,0.960735236183266,M4,150,TS
35,200,0.960171603733648,0.9604892067227392,M4,150,TS
36,151,0.997249712584255,0.9973712219563288,M4,150,TS
36,152,0.9972154172762042,0.9973460285108189,M4,150,TS
36,153,0.9971789995152929,0.9973169750940035,M4,150,TS
36,154,0.997140459301521,0.9972840617058825,M4,150,TS
36,155,0.9970997966348885,0.9972472883464558,M4,150,TS
36,156,0.9970570115153978,0.9972066550157263,M4,150,TS
36,157,0.9970046579680047,0.9971666248849144,M4,150,TS
36,158,0.9969686482206144,0.9971195427329315,M4,150,TS
36,159,0.9969200563535524,0.9970694354494888,M4,150,TS
36,160,0.9968715066573071,0.9970147458471426,M4,150,TS
36,161,0.9968318000074382,0.9969597577813986,M4,150,TS
36,162,0.9967904456524606,0.996886703634593,M4,150,TS
36,163,0.9967450065973904,0.9968185943169646,M4,150,TS
36,164,0.9967075419568214,0.9967664079982801,M4,150,TS
36,165,0.9966555579475133,0.9967255484045694,M4,150,TS
36,166,0.9966267509321522,0.9966965343800427,M4,150,TS
36,167,0.9966098276094819,0.9966719389689483,M4,150,TS
36,168,0.9966018768888933,0.9966655072535671,M4,150,TS
36,169,0.9966004306907286,0.9966427544473532,M4,150,TS
36,170,0.9966146833399203,0.9966224142579142,M4,150,TS
36,171,0.9966077477621891,0.9965740816450965,M4,150,TS
36,172,0.9965977539307403,0.996502907318209,M4,150,TS
36,173,0.9965661319046721,0.9964434528611915,M4,150,TS
36,174,0.9965214777919699,0.9963872408476271,M4,150,TS
36,175,0.9964777629581296,0.9963446744839278,M4,150,TS
36,176,0.996440912402908,0.9962982983144848,M4,150,TS
36,177,0.9964186146922284,0.9962708286988669,M4,150,TS
36,178,0.9963857116732568,0.9962607840011758,M4,150,TS
36,179,0.9963546063483819,0.9962504663778153,M4,150,TS
36,180,0.9963288634558722,0.9962473006863609,M4,150,TS
36,181,0.9962965688704892,0.9962348281838237,M4,150,TS
36,182,0.9962635886832707,0.9962210165476789,M4,150,TS
36,183,0.9962031674673537,0.9962017554290351,M4,150,TS
36,184,0.9961471767957017,0.9961674760110661,M4,150,TS
36,185,0.9960972067689576,0.9961301146011171,M4,150,TS
36,186,0.9960463413731708,0.996070223263476,M4,150,TS
36,187,0.9960026784920379,0.9960102793182964,M4,150,TS
36,188,0.9959544592063156,0.9959542752450657,M4,150,TS
36,189,0.9959250300627196,0.9959028820417779,M4,150,TS
36,190,0.9958922274711572,0.9958536793184055,M4,150,TS
36,191,0.9958293886066625,0.9958164601997803,M4,150,TS
36,192,0.995765335483495,0.995756938168019,M4,150,TS
36,193,0.9957003148226707,0.9956773538476746,M4,150,TS
36,194,0.995627391698584,0.9956182832132427,M4,150,TS
36,195,0.9955403124399587,0.9955390198392049,M4,150,TS
36,196,0.9954805586967708,0.9954781741764537,M4,150,TS
36,197,0.9954264714940575,0.9954198925832661,M4,150,TS
36,198,0.9953780508318164,0.9953641750596397,M4,150,TS
36,199,0.9953352967100472,0.9953110216055744,M4,150,TS
36,200,0.99529820912875,0.9952604322210701,M4,150,TS
37,151,0.9965019333152146,0.996412074164902,M4,150,TS
37,152,0.9964694571575795,0.9963870846453411,M4,150,TS
37,153,0.9964398339062805,0.9963581975751101,M4,150,TS
37,154,0.9964130635613178,0.996325412954209,M4,150,TS
37,155,0.996389146122691,0.9962887307826375,M4,150,TS
37,156,0.9963680815904032,0.9962481510603989,M4,150,TS
37,157,0.9963490586328874,0.9962147193475799,M4,150,TS
37,158,0.9963269375888311,0.9961622527432947,M4,150,TS
37,159,0.9963303170404907,0.99611048339288,M4,150,TS
37,160,0.9963080238439647,0.9960520182783215,M4,150,TS
37,161,0.9962673245878804,0.9959919825086677,M4,150,TS
37,162,0.9962214526435222,0.995905609895522,M4,150,TS
37,163,0.9961879055001555,0.9958244641076932,M4,150,TS
37,164,0.9961306701770047,0.995762044998123,M4,150,TS
37,165,0.9960900900021823,0.9957087171842364,M4,150,TS
37,166,0.9960432487407358,0.9956728795984874,M4,150,TS
37,167,0.9959854509066499,0.9956489539323139,M4,150,TS
37,168,0.9959160561365994,0.9956441004832739,M4,150,TS
37,169,0.9958569802074928,0.9956185570441729,M4,150,TS
37,170,0.9957662455489219,0.9955948251815948,M4,150,TS
37,171,0.9956880683713041,0.9955343587255213,M4,150,TS
37,172,0.9956080782198464,0.9954451300560014,M4,150,TS
37,173,0.9955606775176998,0.9953739153661005,M4,150,TS
37,174,0.9955120785466457,0.9953110592847593,M4,150,TS
37,175,0.9954808803524499,0.9952643935878802,M4,150,TS
37,176,0.9954506177027564,0.995207381540215,M4,150,TS
37,177,0.9954183536983681,0.9951769428950855,M4,150,TS
37,178,0.9953932966323247,0.9951703504645434,M4,150,TS
37,179,0.9953923610878223,0.9951602290216837,M4,150,TS
37,180,0.9953868675599784,0.9951623773907161,M4,150,TS
37,181,0.9953917461635877,0.9951501354993383,M4,150,TS
37,182,0.9953901312199135,0.995140498245756,M4,150,TS
37,183,0.9953922860863642,0.9951327861212446,M4,150,TS
37,184,0.9953880099067464,0.995103661595221,M4,150,TS
37,185,0.9953666373421521,0.9950684200349446,M4,150,TS
37,186,0.9953484354532294,0.9949985451216048,M4,150,TS
37,187,0.9953073394789067,0.9949331994927016,M4,150,TS
37,188,0.995273999357108,0.9948759255391945,M4,150,TS
37,189,0.9952529182455478,0.9948243190837959,M4,150,TS
37,190,0.9952391298196135,0.9947756573442734,M4,150,TS
37,191,0.9952192158360047,0.9947407326456867,M4,150,TS
37,192,0.9951923431644915,0.9946800609163018,M4,150,TS
37,193,0.9951508934552221,0.994598175833106,M4,150,TS
37,194,0.9951104389407375,0.9945306207044428,M4,150,TS
37,195,0.9950618088287271,0.9944387813759246,M4,150,TS
37,196,0.9950154554714992,0.9943712622253912,M4,150,TS
37,197,0.9949659312192999,0.9943061221680027,M4,150,TS
37,198,0.9949132360721268,0.9942433612037564,M4,150,TS
37,199,0.9948573700299796,0.9941829793326525,M4,150,TS
37,200,0.9947983330928587,0.994124976554691,M4,150,TS
38,151,0.9957616051958313,0.9956545168984412,M4,150,TS
38,152,0.9957314885866928,0.995638585671945,M4,150,TS
38,153,0.9956977925023123,0.9956182290383596,M4,150,TS
38,154,0.9956605169426898,0.9955934469976849,M4,150,TS
38,155,0.9956196619078251,0.9955642395499211,M4,150,TS
38,156,0.9955752273977213,0.995530606695071,M4,150,TS
38,157,0.995517725820833,0.9955125288154895,M4,150,TS
38,158,0.9954758179475978,0.9954542649911919,M4,150,TS
38,159,0.9954175219782051,0.9954080069265253,M4,150,TS
38,160,0.9953551016070327,0.9953469788607288,M4,150,TS
38,161,0.9952977811612724,0.9952906500449604,M4,150,TS
38,162,0.995246280565976,0.9952201378715502,M4,150,TS
38,163,0.9951586356592749,0.9951530844749233,M4,150,TS
38,164,0.9951154528594421,0.9950934761916375,M4,150,TS
38,165,0.9950728276894184,0.9950361650477473,M4,150,TS
38,166,0.995010355410051,0.9949897830921065,M4,150,TS
38,167,0.9949492371241941,0.9949525540405666,M4,150,TS
38,168,0.99489873483081,0.9949338033525701,M4,150,TS
38,169,0.9948311133460985,0.9948896075261104,M4,150,TS
38,170,0.9947797067112059,0.9948359552761541,M4,150,TS
38,171,0.9947423196694258,0.994780960644145,M4,150,TS
38,172,0.9947108050433706,0.9947181742983631,M4,150,TS
38,173,0.9946636353875244,0.9946624054804823,M4,150,TS
38,174,0.994657435315007,0.994618507609571,M4,150,TS
38,175,0.9946163200821012,0.9945917481311521,M4,150,TS
38,176,0.9945635421509662,0.9945334141753821,M4,150,TS
38,177,0.9945123286934071,0.9944989962269251,M4,150,TS
38,178,0.994482655603657,0.9944856406896866,M4,150,TS
38,179,0.9944475380670142,0.9944505148486765,M4,150,TS
38,180,0.9944229988510738,0.9944278361270532,M4,150,TS
38,181,0.9944114191621523,0.9944108128648514,M4,150,TS
38,182,0.9944013437157788,0.9944018040456676,M4,150,TS
38,183,0.9943943144262715,0.9943917028619597,M4,150,TS
38,184,0.9943870807893128,0.9943623927993002,M4,150,TS
38,185,0.9943619197701409,0.9943276719394575,M4,150,TS
38,186,0.9943227201029492,0.9942539327389288,M4,150,TS
38,187,0.994280183636803,0.9941958536496581,M4,150,TS
38,188,0.9942522730164449,0.9941433926874874,M4,150,TS
38,189,0.9942057797002883,0.9940894822465389,M4,150,TS
38,190,0.9941749225780376,0.9940506917875213,M4,150,TS
38,191,0.994129637167771,0.9940171910627246,M4,150,TS
38,192,0.9940975782722441,0.9939781863711713,M4,150,TS
38,193,0.9940748424827945,0.9939214735148088,M4,150,TS
38,194,0.9940430654684789,0.9938592552401581,M4,150,TS
38,195,0.9940006965541017,0.9937896382848813,M4,150,TS
38,196,0.9939635377769642,0.9937319281464385,M4,150,TS
38,197,0.9939239104037666,0.9936740920943058,M4,150,TS
38,198,0.9938818144345062,0.9936161301284804,M4,150,TS
38,199,0.9938372498691831,0.9935580422489622,M4,150,TS
38,200,0.9937902167077972,0.9934998284557512,M4,150,TS
39,151,0.9963574403415492,0.9962966115104634,M4,150,TS
39,152,0.996353290468323,0.9962756738094434,M4,150,TS
39,153,0.9963444413085677,0.9962506558276597,M4,150,TS
39,154,0.9963308928622834,0.9962215575651129,M4,150,TS
39,155,0.9963126451294702,0.9961883790218028,M4,150,TS
39,156,0.9962896981101308,0.996151120197732,M4,150,TS
39,157,0.9962768814564616,0.9961230647547357,M4,150,TS
39,158,0.9962295965129782,0.996069999459533,M4,150,TS
39,159,0.9961887871727668,0.996021387493662,M4,150,TS
39,160,0.9961388330502872,0.9959629081825534,M4,150,TS
39,161,0.9960731172070513,0.9959061910137976,M4,150,TS
39,162,0.9960101213009693,0.9958288337028174,M4,150,TS
39,163,0.9959407775621505,0.9957558105503282,M4,150,TS
39,164,0.995878287487367,0.9956970080835111,M4,150,TS
39,165,0.9958217094252739,0.9956454097459775,M4,150,TS
39,166,0.9957802971131517,0.995607104138113,M4,150,TS
39,167,0.9957491206649087,0.9955786284332232,M4,150,TS
39,168,0.9956819899380198,0.9955706024005178,M4,150,TS
39,169,0.9956358415834612,0.9955392575745964,M4,150,TS
39,170,0.9955743813304425,0.9955057326847706,M4,150,TS
39,171,0.9955257329178193,0.995450740323909,M4,150,TS
39,172,0.9954619622934731,0.9953761583018225,M4,150,TS
39,173,0.9953932725035084,0.9953143774044011,M4,150,TS
39,174,0.9953317442083038,0.9952617958255815,M4,150,TS
39,175,0.9952782396401894,0.9952267278381175,M4,150,TS
39,176,0.9952585564141607,0.9951713532816326,M4,150,TS
39,177,0.9952490913304128,0.9951402008247654,M4,150,TS
39,178,0.9952389070998324,0.9951314150474068,M4,150,TS
39,179,0.9952445850123981,0.9951114391641315,M4,150,TS
39,180,0.995240531360887,0.9951033714515324,M4,150,TS
39,181,0.9952654081091292,0.9950883785142933,M4,150,TS
39,182,0.9952754394088805,0.9950785047229016,M4,150,TS
39,183,0.9952528450274649,0.9950685386838587,M4,150,TS
39,184,0.9952040294629767,0.9950395347157517,M4,150,TS
39,185,0.9951497904330678,0.995006213575328,M4,150,TS
39,186,0.9951076198115687,0.9949359754653287,M4,150,TS
39,187,0.9950651776776813,0.9948747716941847,M4,150,TS
39,188,0.9950292632179354,0.9948200585344058,M4,150,TS
39,189,0.9949990144187859,0.9947678347227484,M4,150,TS
39,190,0.994984468705969,0.9947235208899752,M4,150,TS
39,191,0.9949674942590508,0.9946890889442688,M4,150,TS
39,192,0.9949598776911504,0.9946381343011031,M4,150,TS
39,193,0.9949086887452074,0.9945679698945287,M4,150,TS
39,194,0.9948566434741339,0.9945050276977669,M4,150,TS
39,195,0.994799861941839,0.9944242761499588,M4,150,TS
39,196,0.9947478343048466,0.9943625705883202,M4,150,TS
39,197,0.9946936752627935,0.9943022387449271,M4,150,TS
39,198,0.9946373848156764,0.9942432806197764,M4,150,TS
39,199,0.9945789629634956,0.9941856962128682,M4,150,TS
39,200,0.9945184097062508,0.9941294855242028,M4,150,TS
40,151,0.9953831006663316,0.9952903049029571,M4,150,TS
40,152,0.9953330774859964,0.9952749146662445,M4,150,TS
40,153,0.9952835404600852,0.9952547160620561,M4,150,TS
40,154,0.9952344895885978,0.995229709090392,M4,150,TS
40,155,0.9951859248715346,0.9951998937512522,M4,150,TS
40,156,0.9951378463088982,0.9951652700446393,M4,150,TS
40,157,0.9950805073396478,0.995144326448415,M4,150,TS
40,158,0.9950541152203669,0.9950852962453429,M4,150,TS
40,159,0.9950151151740124,0.9950364179214126,M4,150,TS
40,160,0.9949616579676177,0.9949737241923677,M4,150,TS
40,161,0.9948982699801885,0.9949173331516078,M4,150,TS
40,162,0.9948320701212855,0.9948489562735267,M4,150,TS
40,163,0.9947711537851458,0.9947823034291526,M4,150,TS
40,164,0.9947117690991782,0.9947247476466806,M4,150,TS
40,165,0.9946437156116984,0.9946711733984452,M4,150,TS
40,166,0.9946040810590954,0.9946255812020229,M4,150,TS
40,167,0.9945404469175276,0.9945890526330111,M4,150,TS
40,168,0.994489273450111,0.9945718651979528,M4,150,TS
40,169,0.9944087959918204,0.9945296805309978,M4,150,TS
40,170,0.9943606159345549,0.994478422464518,M4,150,TS
40,171,0.9943027934482462,0.9944287600015255,M4,150,TS
40,172,0.9942370243590861,0.9943722004882453,M4,150,TS
40,173,0.9941864603429431,0.9943189085695134,M4,150,TS
40,174,0.9941424189719154,0.99427697854121,M4,150,TS
40,175,0.994084045935502,0.9942540240319068,M4,150,TS
40,176,0.9940442907234149,0.9941982703404192,M4,150,TS
40,177,0.99398300185936,0.9941652169332965,M4,150,TS
40,178,0.9939455653313475,0.9941515296975347,M4,150,TS
40,179,0.993897883736213,0.9941158763079196,M4,150,TS
40,180,0.9938809764633703,0.99409042486217,M4,150,TS
40,181,0.993867412710985,0.9940709617123671,M4,150,TS
40,182,0.9938378210274617,0.9940599709562303,M4,150,TS
40,183,0.9938169330905469,0.9940437854664264,M4,150,TS
40,184,0.9937849614041945,0.9940102541078991,M4,150,TS
40,185,0.9937531358718621,0.9939744793570336,M4,150,TS
40,186,0.9937016437227479,0.9938999654885325,M4,150,TS
40,187,0.9936343383680255,0.9938424568307933,M4,150,TS
40,188,0.9935834721537211,0.9937891167730273,M4,150,TS
40,189,0.9935213380139362,0.9937338053795002,M4,150,TS
40,190,0.9934801304924306,0.9936939675407434,M4,150,TS
40,191,0.993460688711081,0.9936577287760961,M4,150,TS
40,192,0.9934348858232696,0.993619450785782,M4,150,TS
40,193,0.9934229719629553,0.9935620432498214,M4,150,TS
40,194,0.9934009596290998,0.9935009083709301,M4,150,TS
40,195,0.9933829130142435,0.9934316072219479,M4,150,TS
40,196,0.9933333345816867,0.9933748276555389,M4,150,TS
40,197,0.9932680833832516,0.993318357674888,M4,150,TS
40,198,0.9931871594189354,0.9932621972799922,M4,150,TS
40,199,0.9930905626887382,0.993206346470852,M4,150,TS
40,200,0.99297829319266,0.993150805247467,M4,150,TS
41,151,0.951598607292844,0.951245510111658,M4,150,TS
41,152,0.9515839731665083,0.9512758808447627,M4,150,TS
41,153,0.9515642639722455,0.9512985982346427,M4,150,TS
41,154,0.9515394797100556,0.9513136622812981,M4,150,TS
41,155,0.9515096203799385,0.951321072984729,M4,150,TS
41,156,0.951474685981897,0.9513208303449381,M4,150,TS
41,157,0.9514467482045401,0.951336796029772,M4,150,TS
41,158,0.9513977172622143,0.9512631212481955,M4,150,TS
41,159,0.9513393239905696,0.9512573956996639,M4,150,TS
41,160,0.9512718178510781,0.9511954486085008,M4,150,TS
41,161,0.9512134525564208,0.9512197052071278,M4,150,TS
41,162,0.9511601214239438,0.951460939329073,M4,150,TS
41,163,0.9511114946643091,0.9516534730135295,M4,150,TS
41,164,0.9510459066440382,0.951734747215977,M4,150,TS
41,165,0.950970647487851,0.9517308165647937,M4,150,TS
41,166,0.9508948783874822,0.9516087656696257,M4,150,TS
41,167,0.9508373543099728,0.9513745412642877,M4,150,TS
41,168,0.9507653222569077,0.9511329609319056,M4,150,TS
41,169,0.9506997511923869,0.9508759848857637,M4,150,TS
41,170,0.9506518323353155,0.9505272935193588,M4,150,TS
41,171,0.9506133336690601,0.9506309855629587,M4,150,TS
41,172,0.9505766312525721,0.9510405648232034,M4,150,TS
41,173,0.950528812222479,0.9512549462164533,M4,150,TS
41,174,0.9504990071931514,0.9514905324123187,M4,150,TS
41,175,0.9504861710545475,0.9516041330170637,M4,150,TS
41,176,0.9504689781359765,0.9515841058966727,M4,150,TS
41,177,0.9504820488997714,0.9514797295643607,M4,150,TS
41,178,0.9504747038808106,0.9512984930938583,M4,150,TS
41,179,0.9504855617072812,0.9509482249660794,M4,150,TS
41,180,0.9504894859036759,0.9505766853199563,M4,150,TS
41,181,0.9504787474032959,0.9505013010253637,M4,150,TS
41,182,0.9504419826744268,0.9504327203503703,M4,150,TS
41,183,0.9503949639557345,0.9502915301875576,M4,150,TS
41,184,0.9503490039116838,0.9502361422053814,M4,150,TS
41,185,0.9503129665844903,0.9501477238444647,M4,150,TS
41,186,0.9502840169727509,0.9501733627744887,M4,150,TS
41,187,0.9502640236001179,0.9502461282624323,M4,150,TS
41,188,0.9502380497225067,0.9502634344000963,M4,150,TS
41,189,0.9502292473568318,0.9501785028274954,M4,150,TS
41,190,0.950223016966488,0.9502102631086983,M4,150,TS
41,191,0.9501915820656899,0.9501243876831816,M4,150,TS
41,192,0.950149381323365,0.9502514289734383,M4,150,TS
41,193,0.9501026633572887,0.9504718082642374,M4,150,TS
41,194,0.9500487101607329,0.9505308293012337,M4,150,TS
41,195,0.9499903168890882,0.9508315292222517,M4,150,TS
41,196,0.9499352707248835,0.9509381920028092,M4,150,TS
41,197,0.9498770387872002,0.9510246608935915,M4,150,TS
41,198,0.9498156210760353,0.9510909358945958,M4,150,TS
41,199,0.9497510175913891,0.9511370170058221,M4,150,TS
41,200,0.9496832283332616,0.9511629042272706,M4,150,TS
42,151,0.99757989857869,0.9974104502264457,M4,150,TS
42,152,0.9975462598566585,0.9974014532606237,M4,150,TS
42,153,0.9975156454538209,0.997388274991906,M4,150,TS
42,154,0.9974880553701774,0.9973709154202922,M4,150,TS
42,155,0.9974634896057281,0.9973493745457828,M4,150,TS
42,156,0.9974419481604756,0.9973236523683803,M4,150,TS
42,157,0.9974312305921538,0.9973068015806776,M4,150,TS
42,158,0.9974194423318247,0.9972650928527176,M4,150,TS
42,159,0.9974001624871094,0.9972279553494561,M4,150,TS
42,160,0.9973858136495678,0.9971809319403931,M4,150,TS
42,161,0.9973546936071599,0.9971348693733405,M4,150,TS
42,162,0.9973143402315453,0.9970674919812871,M4,150,TS
42,163,0.9972663005607596,0.9970047079354314,M4,150,TS
42,164,0.9972202464618987,0.9969567997391825,M4,150,TS
42,165,0.9971659158507991,0.9969165469007225,M4,150,TS
42,166,0.9971147069142859,0.9968906691137186,M4,150,TS
42,167,0.9970557866918204,0.9968753040443701,M4,150,TS
42,168,0.9969984693563547,0.9968786868465004,M4,150,TS
42,169,0.9969491497229295,0.9968598359736551,M4,150,TS
42,170,0.9969111539559186,0.996838425251743,M4,150,TS
42,171,0.9968719019131828,0.9967932308614277,M4,150,TS
42,172,0.9968279965869158,0.9967268704929493,M4,150,TS
42,173,0.9967884559549807,0.9966744648808686,M4,150,TS
42,174,0.9967488281812765,0.9966316057739492,M4,150,TS
42,175,0.9967198775560213,0.9966048227369835,M4,150,TS
42,176,0.996718326606385,0.9965600313318763,M4,150,TS
42,177,0.996699766930802,0.9965408161563878,M4,150,TS
42,178,0.9967114658762508,0.9965433637196877,M4,150,TS
42,179,0.996727276783171,0.9965367726037412,M4,150,TS
42,180,0.996748604350798,0.9965419126479487,M4,150,TS
42,181,0.9967731807200313,0.9965399076240619,M4,150,TS
42,182,0.9967871436129807,0.9965422806148523,M4,150,TS
42,183,0.9967864336574725,0.9965453216505906,M4,150,TS
42,184,0.9967584911386154,0.996529011942707,M4,150,TS
42,185,0.9967211147083654,0.9965070921176075,M4,150,TS
42,186,0.9966927043186147,0.9964494793761105,M4,150,TS
42,187,0.9966372730265697,0.9964002910476807,M4,150,TS
42,188,0.9966047956587549,0.9963575517881309,M4,150,TS
42,189,0.9965681548267282,0.996318184174822,M4,150,TS
42,190,0.9965445048549029,0.9962857051046649,M4,150,TS
42,191,0.9965261181589904,0.9962634633722532,M4,150,TS
42,192,0.9965048470922608,0.9962228016502058,M4,150,TS
42,193,0.9964705106276074,0.9961623421400114,M4,150,TS
42,194,0.9964201763684499,0.9961105643434017,M4,150,TS
42,195,0.9963742570024985,0.9960399039978424,M4,150,TS
42,196,0.9963463869351741,0.9959885642771961,M4,150,TS
42,197,0.9963246435209412,0.9959384991785556,M4,150,TS
42,198,0.9963090267597973,0.995889708701918,M4,150,TS
42,199,0.9962995366517422,0.9958421928472835,M4,150,TS
42,200,0.9962961731967761,0.9957959516146518,M4,150,TS
43,151,0.9961857864162412,0.9962512746181794,M4,150,TS
43,152,0.9961559166349873,0.9962288309772184,M4,150,TS
43,153,0.9961297575769555,0.9962020869576025,M4,150,TS
43,154,0.996107309242146,0.9961710425593318,M4,150,TS
43,155,0.9960885716305586,0.9961356977824061,M4,150,TS
43,156,0.9960735447421964,0.9960960526268281,M4,150,TS
43,157,0.9960720122593936,0.9960637810329054,M4,150,TS
43,158,0.9960836243690672,0.9960081233340958,M4,150,TS
43,159,0.9960619811807265,0.9959574342714318,M4,150,TS
43,160,0.9960218597479154,0.9958977667483692,M4,150,TS
43,161,0.9959999472167995,0.9958393236902391,M4,150,TS
43,162,0.9959715343250259,0.9957637097008213,M4,150,TS
43,163,0.9959399074978158,0.9956918477893957,M4,150,TS
43,164,0.9959169960707778,0.9956329939713704,M4,150,TS
43,165,0.9958850648751474,0.9955812994319907,M4,150,TS
43,166,0.9958847806797252,0.9955406373638775,M4,150,TS
43,167,0.9958628838879813,0.995508315158959,M4,150,TS
43,168,0.9958277374268263,0.995495031722103,M4,150,TS
43,169,0.9957771734748619,0.9954611449318322,M4,150,TS
43,170,0.9957192871679925,0.9954248676995041,M4,150,TS
43,171,0.9956503981533334,0.9953717106636978,M4,150,TS
43,172,0.9955854614945099,0.9953015972704519,M4,150,TS
43,173,0.9955199593266988,0.9952416552943967,M4,150,TS
43,174,0.9954604177255886,0.9951899392898674,M4,150,TS
43,175,0.9954052343787674,0.9951528794399493,M4,150,TS
43,176,0.995368076381528,0.9950981338397497,M4,150,TS
43,177,0.9953215035796257,0.995066057949584,M4,150,TS
43,178,0.9952932228099052,0.9950536004471902,M4,150,TS
43,179,0.9952489286700497,0.9950314616576134,M4,150,TS
43,180,0.9952053476789253,0.995019763847725,M4,150,TS
43,181,0.9951469953979706,0.9950054662357206,M4,150,TS
43,182,0.9951061047310605,0.994993912527089,M4,150,TS
43,183,0.9950762172153027,0.9949793960318164,M4,150,TS
43,184,0.9950533306165699,0.994946914293381,M4,150,TS
43,185,0.9950525647076903,0.9949086784726927,M4,150,TS
43,186,0.9950560003244237,0.994838685450488,M4,150,TS
43,187,0.9950740932868009,0.9947755925375492,M4,150,TS
43,188,0.9950981344017258,0.9947178300302114,M4,150,TS
43,189,0.9951011268775474,0.9946627383295589,M4,150,TS
43,190,0.9950947621858435,0.9946162458560688,M4,150,TS
43,191,0.99505873542826,0.9945793336902009,M4,150,TS
43,192,0.9949972678600455,0.9945280957121727,M4,150,TS
43,193,0.9949470827614169,0.9944575253601629,M4,150,TS
43,194,0.9948946471542659,0.9943948086903959,M4,150,TS
43,195,0.9948385642247435,0.994316844892401,M4,150,TS
43,196,0.9947986592858833,0.9942550336616387,M4,150,TS
43,197,0.994763690081093,0.9941944029342463,M4,150,TS
43,198,0.9947336566103695,0.994134952710221,M4,150,TS
43,199,0.9947085588737128,0.994076682989563,M4,150,TS
43,200,0.9946883968711228,0.9940195937722722,M4,150,TS
44,151,0.9962427088751841,0.9963875438953941,M4,150,TS
44,152,0.9961858589253386,0.9963573635471251,M4,150,TS
44,153,0.9961293832212732,0.9963227392067501,M4,150,TS
44,154,0.996073281762988,0.996283670874269,M4,150,TS
44,155,0.9960175545504829,0.9962401585496817,M4,150,TS
44,156,0.9959622015837608,0.9961922022329911,M4,150,TS
44,157,0.9959125864095986,0.9961380729333797,M4,150,TS
44,158,0.9958552354349282,0.9960859412807749,M4,150,TS
44,159,0.995797343469139,0.9960285523021051,M4,150,TS
44,160,0.9957376192766441,0.9959670226340015,M4,150,TS
44,161,0.9956665686714639,0.9959126983368032,M4,150,TS
44,162,0.9956093899199685,0.9958598552228751,M4,150,TS
44,163,0.9955531906056148,0.9958085250383829,M4,150,TS
44,164,0.9955034338841608,0.9957653160700782,M4,150,TS
44,165,0.9954518913880535,0.9957306454257004,M4,150,TS
44,166,0.9954131102786443,0.9956966272135531,M4,150,TS
44,167,0.995385857385412,0.9956547021109569,M4,150,TS
44,168,0.9953763892739336,0.9956298962604437,M4,150,TS
44,169,0.9953651399891841,0.995592642107489,M4,150,TS
44,170,0.9953478596066022,0.9955560957560182,M4,150,TS
44,171,0.9953309361598375,0.9955226634307683,M4,150,TS
44,172,0.9953092870932017,0.9954878331999996,M4,150,TS
44,173,0.9952758056809142,0.9954456757382512,M4,150,TS
44,174,0.9952331718996363,0.995401558821652,M4,150,TS
44,175,0.9951844395335816,0.9953641877903421,M4,150,TS
44,176,0.9951491576660394,0.9953219586924729,M4,150,TS
44,177,0.9951101624827853,0.9952867087226202,M4,150,TS
44,178,0.9950793058305683,0.9952565308382787,M4,150,TS
44,179,0.9950360188720825,0.9952202212079698,M4,150,TS
44,180,0.9949861812977638,0.9951846455366773,M4,150,TS
44,181,0.9949342145980088,0.9951585465316457,M4,150,TS
44,182,0.9948654920732817,0.9951285870874336,M4,150,TS
44,183,0.9947901496928699,0.9950792406719879,M4,150,TS
44,184,0.9947252875089825,0.9950263634094144,M4,150,TS
44,185,0.9946775851952772,0.9949745515427867,M4,150,TS
44,186,0.9946480186830797,0.9949166694715679,M4,150,TS
44,187,0.9945986721420124,0.9948594296695167,M4,150,TS
44,188,0.9945455206958094,0.9947982096771025,M4,150,TS
44,189,0.99449147132267,0.9947360264151773,M4,150,TS
44,190,0.9944392747729012,0.9946809237222455,M4,150,TS
44,191,0.9943550433978711,0.9946294191522785,M4,150,TS
44,192,0.994273154564782,0.9945718876458236,M4,150,TS
44,193,0.9941879157060884,0.9945000645811454,M4,150,TS
44,194,0.9941132026195177,0.9944460204443969,M4,150,TS
44,195,0.9940381672170556,0.9943873986342252,M4,150,TS
44,196,0.9939814603921158,0.9943320723401277,M4,150,TS
44,197,0.993932681530186,0.994278519298179,M4,150,TS
44,198,0.9938918306312635,0.9942267395083767,M4,150,TS
44,199,0.9938589076953485,0.9941767329707206,M4,150,TS
44,200,0.9938339127224406,0.9941284996852108,M4,150,TS
45,151,0.9982382814186662,0.9981764442884462,M4,150,TS
45,152,0.9982087870356328,0.9981633663909565,M4,150,TS
45,153,0.9981780121173869,0.9981459686739874,M4,150,TS
45,154,0.9981459566639287,0.998124251137539,M4,150,TS
45,155,0.9981126206752581,0.9980982137816113,M4,150,TS
45,156,0.9980780041513775,0.9980678566062072,M4,150,TS
45,157,0.9980459607188191,0.9980475688382249,M4,150,TS
45,158,0.9980092430565204,0.9980014225032654,M4,150,TS
45,159,0.9979662588371747,0.9979578028075866,M4,150,TS
45,160,0.9979348871607934,0.9979050021333574,M4,150,TS
45,161,0.9978928588681654,0.9978509432767215,M4,150,TS
45,162,0.9978450154651581,0.9977659301691414,M4,150,TS
45,163,0.9977974087236198,0.9976873632096938,M4,150,TS
45,164,0.9977453922563355,0.9976290756964233,M4,150,TS
45,165,0.9976848944253724,0.9975833268682706,M4,150,TS
45,166,0.9976342252269734,0.9975567592988276,M4,150,TS
45,167,0.9975857794531312,0.9975467801205079,M4,150,TS
45,168,0.9975400580483369,0.9975583455214391,M4,150,TS
45,169,0.9974906497186042,0.9975454662071938,M4,150,TS
45,170,0.9974480767289444,0.9975331350549903,M4,150,TS
45,171,0.9974038188245318,0.9974804961382323,M4,150,TS
45,172,0.9973639783798999,0.9973928308792718,M4,150,TS
45,173,0.9973456902599269,0.9973253076618152,M4,150,TS
45,174,0.9973326767517777,0.9972663933746468,M4,150,TS
45,175,0.997333963474218,0.9972350908434815,M4,150,TS
45,176,0.9973499324885735,0.9971854927392236,M4,150,TS
45,177,0.9973652319564761,0.997165443399934,M4,150,TS
45,178,0.9973673941716706,0.9971728690471038,M4,150,TS
45,179,0.9973529874323717,0.9971748095975165,M4,150,TS
45,180,0.9973291339008614,0.9971899017939454,M4,150,TS
45,181,0.9973030123083646,0.9971853751973725,M4,150,TS
45,182,0.9972704789799365,0.997187080205503,M4,150,TS
45,183,0.9972536826448157,0.9971883423541505,M4,150,TS
45,184,0.9972287638052371,0.9971647967547058,M4,150,TS
45,185,0.9972072576638151,0.9971409583974242,M4,150,TS
45,186,0.9971797850459017,0.9970699868827766,M4,150,TS
45,187,0.9971632485743547,0.997008970438201,M4,150,TS
45,188,0.9971288915604897,0.9969576874102436,M4,150,TS
45,189,0.9970806636654601,0.9969138463251137,M4,150,TS
45,190,0.9970324435044655,0.9968751705371393,M4,150,TS
45,191,0.9969866312800038,0.9968517984703974,M4,150,TS
45,192,0.9969492442922248,0.9968046905540859,M4,150,TS
45,193,0.9969187317566381,0.9967297242459896,M4,150,TS
45,194,0.9968797055953983,0.996668771375372,M4,150,TS
45,195,0.9968365653695195,0.9965778274039191,M4,150,TS
45,196,0.9967878673335521,0.9965161830694041,M4,150,TS
45,197,0.9967351898051562,0.9964567206595968,M4,150,TS
45,198,0.9966785327843292,0.9963994401744941,M4,150,TS
45,199,0.9966178962710709,0.9963443416140964,M4,150,TS
45,200,0.9965532802653814,0.9962914249784036,M4,150,TS
46,151,0.9982154909180763,0.9982514562279209,M4,150,TS
46,152,0.998177992443034,0.9982348637299485,M4,150,TS
46,153,0.998139102322858,0.9982136793185543,M4,150,TS
46,154,0.9980988205575484,0.9981879029937382,M4,150,TS
46,155,0.998057147147105,0.9981575347555002,M4,150,TS
46,156,0.9980140820915309,0.9981225746038431,M4,150,TS
46,157,0.9979706509121575,0.9980780433142451,M4,150,TS
46,158,0.9979147999317406,0.9980430270082568,M4,150,TS
46,159,0.9978691385909344,0.9979977322903683,M4,150,TS
46,160,0.9978053845562732,0.9979515237874077,M4,150,TS
46,161,0.9977618758212223,0.9979107622629468,M4,150,TS
46,162,0.9977597221262018,0.997867745057499,M4,150,TS
46,163,0.9977639545748018,0.9978273378304227,M4,150,TS
46,164,0.9977722417039316,0.9977983085382465,M4,150,TS
46,165,0.9977971928467686,0.9977817842975752,M4,150,TS
46,166,0.9978191844562401,0.9977677551849962,M4,150,TS
46,167,0.9978356308347734,0.9977472173473584,M4,150,TS
46,168,0.9978254361845431,0.9977470128957665,M4,150,TS
46,169,0.997805858386606,0.9977354957332849,M4,150,TS
46,170,0.9977545415812306,0.9977292795578957,M4,150,TS
46,171,0.9977058180982832,0.9977165519578401,M4,150,TS
46,172,0.9976660780027389,0.9976944310361898,M4,150,TS
46,173,0.9976391587756597,0.9976653903594308,M4,150,TS
46,174,0.9976300015415418,0.9976297467803935,M4,150,TS
46,175,0.9976205249348868,0.9976070041699363,M4,150,TS
46,176,0.9976060364015031,0.9975846025193887,M4,150,TS
46,177,0.9975870698991584,0.9975686051001674,M4,150,TS
46,178,0.9975584699359797,0.997557619933263,M4,150,TS
46,179,0.997546598688857,0.9975443028830601,M4,150,TS
46,180,0.9975202247479035,0.9975299612589369,M4,150,TS
46,181,0.9974961241032821,0.9975174310936593,M4,150,TS
46,182,0.9974675868817752,0.9974995664621656,M4,150,TS
46,183,0.9974390191608444,0.9974577690840507,M4,150,TS
46,184,0.9974012547743978,0.9974132275002845,M4,150,TS
46,185,0.9973383357703873,0.9973769583697146,M4,150,TS
46,186,0.9972765256382821,0.9973338136277323,M4,150,TS
46,187,0.9972214935673918,0.9972895790479497,M4,150,TS
46,188,0.9971505100800446,0.9972408038585381,M4,150,TS
46,189,0.9970578016353304,0.997194350276551,M4,150,TS
46,190,0.9969691720528324,0.9971520084754585,M4,150,TS
46,191,0.9969315109287205,0.997113334679708,M4,150,TS
46,192,0.9969262717812848,0.9970647413365901,M4,150,TS
46,193,0.9969433756402524,0.9969964893239224,M4,150,TS
46,194,0.996982106640578,0.9969540991716819,M4,150,TS
46,195,0.9970424055262379,0.9968996307756302,M4,150,TS
46,196,0.9970562689957152,0.9968548644972476,M4,150,TS
46,197,0.9970664198139166,0.9968130534565042,M4,150,TS
46,198,0.9970728579808396,0.9967741976533971,M4,150,TS
46,199,0.9970755834964841,0.9967382970879267,M4,150,TS
46,200,0.9970745963608499,0.9967053517600926,M4,150,TS
47,151,0.9982191096063391,0.9982534409774401,M4,150,TS
47,152,0.998192263382298,0.9982475408593303,M4,150,TS
47,153,0.9981614059545632,0.9982368091014243,M4,150,TS
47,154,0.9981265373231346,0.9982212457037225,M4,150,TS
47,155,0.9980876574880123,0.9982008506662245,M4,150,TS
47,156,0.9980447664491989,0.9981756239889333,M4,150,TS
47,157,0.9979846355305468,0.9981413957321423,M4,150,TS
47,158,0.9979411051749235,0.998110210029313,M4,150,TS
47,159,0.9978931542426253,0.9980758869106816,M4,150,TS
47,160,0.9978349285914342,0.9980355660317402,M4,150,TS
47,161,0.9978040401512528,0.9980099282565229,M4,150,TS
47,162,0.9977454148999103,0.9980133608285497,M4,150,TS
47,163,0.9977095924837291,0.998012267984515,M4,150,TS
47,164,0.9976543742580252,0.9980087574959885,M4,150,TS
47,165,0.9976104180241971,0.998006818447013,M4,150,TS
47,166,0.9975891690689722,0.9979903826933287,M4,150,TS
47,167,0.9975839149785035,0.9979511321695137,M4,150,TS
47,168,0.9975983107911315,0.9979269346465635,M4,150,TS
47,169,0.9976130762338999,0.9978928266905716,M4,150,TS
47,170,0.9976027778430415,0.9978543261648367,M4,150,TS
47,171,0.9976053509205383,0.9978641804048449,M4,150,TS
47,172,0.9975929863362881,0.997904372351928,M4,150,TS
47,173,0.9975739710156055,0.9979137095225629,M4,150,TS
47,174,0.9975472455837405,0.9979184282700253,M4,150,TS
47,175,0.9975119348294923,0.997918330110165,M4,150,TS
47,176,0.9974700463092736,0.99790743733109,M4,150,TS
47,177,0.9974787712745359,0.9978871666660355,M4,150,TS
47,178,0.9974629512348463,0.9978603966550355,M4,150,TS
47,179,0.997432795322551,0.9978152693241268,M4,150,TS
47,180,0.9973960032244809,0.9977647522334231,M4,150,TS
47,181,0.9973841468273799,0.9977506991729141,M4,150,TS
47,182,0.9973821101696516,0.9977298483607503,M4,150,TS
47,183,0.9973403728025338,0.9976784423522234,M4,150,TS
47,184,0.997308577878096,0.997636564650986,M4,150,TS
47,185,0.9972483411957082,0.9975993698837574,M4,150,TS
47,186,0.9971772414700741,0.9975762604464246,M4,150,TS
47,187,0.9971376423981142,0.9975536724310455,M4,150,TS
47,188,0.9970702845804196,0.9975197442856608,M4,150,TS
47,189,0.9969861904659492,0.9974761871437321,M4,150,TS
47,190,0.9969237383916348,0.9974478640253597,M4,150,TS
47,191,0.996865455189335,0.9974094057172219,M4,150,TS
47,192,0.9968068627312657,0.9973879434541804,M4,150,TS
47,193,0.9967211031094251,0.9973628854468831,M4,150,TS
47,194,0.9966516389211497,0.9973449581868775,M4,150,TS
47,195,0.9965735375059064,0.9973469095216465,M4,150,TS
47,196,0.9965328979967667,0.9973297035228469,M4,150,TS
47,197,0.9965059122167161,0.9973122543312062,M4,150,TS
47,198,0.9964925801657517,0.9972945619467217,M4,150,TS
47,199,0.9964929018438735,0.9972766263693935,M4,150,TS
47,200,0.9965068772510816,0.9972584475992216,M4,150,TS
48,151,0.9981949873884434,0.9981481451670708,M4,150,TS
48,152,0.9981747924786454,0.9981384289917712,M4,150,TS
48,153,0.998147969469173,0.998124710861228,M4,150,TS
48,154,0.9981145183600262,0.9981069907754412,M4,150,TS
48,155,0.998074439151205,0.998085268734411,M4,150,TS
48,156,0.9980277318427123,0.9980595447381398,M4,150,TS
48,157,0.9979653765667807,0.998033339083326,M4,150,TS
48,158,0.9978912434772381,0.9980012648682005,M4,150,TS
48,159,0.9978369165456431,0.997965844537043,M4,150,TS
48,160,0.9977710002072524,0.9979254005114985,M4,150,TS
48,161,0.9977293308275439,0.9978875585046546,M4,150,TS
48,162,0.9976987579146794,0.9978401602388449,M4,150,TS
48,163,0.9976675264461949,0.9977959681944644,M4,150,TS
48,164,0.997640254125538,0.9977638383125128,M4,150,TS
48,165,0.997631254444221,0.9977402384601137,M4,150,TS
48,166,0.9976326655418102,0.9977237027037744,M4,150,TS
48,167,0.997640920712324,0.9977069099836711,M4,150,TS
48,168,0.9976612187249303,0.9977079007079744,M4,150,TS
48,169,0.9976854980253355,0.9976932230881751,M4,150,TS
48,170,0.9976967635807847,0.9976796848704941,M4,150,TS
48,171,0.9977190140349868,0.9976533515671662,M4,150,TS
48,172,0.9977335584767892,0.99761487288587,M4,150,TS
48,173,0.997714729516403,0.9975800098340899,M4,150,TS
48,174,0.9976900912011676,0.9975470339890141,M4,150,TS
48,175,0.9976725413667765,0.9975247836823883,M4,150,TS
48,176,0.9976542511456944,0.9974958405916097,M4,150,TS
48,177,0.9976322422776509,0.9974814436859218,M4,150,TS
48,178,0.9976113747034274,0.9974796192546314,M4,150,TS
48,179,0.9975827867909401,0.9974730536421249,M4,150,TS
48,180,0.9975555470290647,0.9974713822303213,M4,150,TS
48,181,0.9975453936815908,0.9974692700127598,M4,150,TS
48,182,0.9975278696771662,0.9974655843113938,M4,150,TS
48,183,0.9975012318186309,0.9974507158308471,M4,150,TS
48,184,0.99746567307103,0.9974258136792737,M4,150,TS
48,185,0.9974376225954955,0.9973994591459546,M4,150,TS
48,186,0.9974094625053971,0.997356102247405,M4,150,TS
48,187,0.9973759280457697,0.9973144815379207,M4,150,TS
48,188,0.9973321944393155,0.9972738564573639,M4,150,TS
48,189,0.9972710896376513,0.9972355471519523,M4,150,TS
48,190,0.997206425075879,0.9972028739015585,M4,150,TS
48,191,0.9971491652492486,0.9971769407856297,M4,150,TS
48,192,0.9970898513976241,0.9971372823816659,M4,150,TS
48,193,0.9970181632555117,0.9970805474317352,M4,150,TS
48,194,0.996946796142985,0.9970407487434031,M4,150,TS
48,195,0.9969123433086611,0.9969872703023597,M4,150,TS
48,196,0.9968893841583129,0.9969454525543244,M4,150,TS
48,197,0.9968813043711017,0.9969053430028237,M4,150,TS
48,198,0.9968881039470249,0.9968669416478547,M4,150,TS
48,199,0.9969097828860826,0.9968302484894174,M4,150,TS
48,200,0.9969463411882747,0.9967952635275117,M4,150,TS
49,151,0.9982494182706154,0.9981791446256915,M4,150,TS
49,152,0.9982672540324139,0.9981651837419668,M4,150,TS
49,153,0.9982635657190787,0.9981484083933712,M4,150,TS
49,154,0.9982383533306097,0.9981288185799044,M4,150,TS
49,155,0.9981916168670071,0.9981064143015665,M4,150,TS
49,156,0.9981233563282732,0.9980811955583607,M4,150,TS
49,157,0.9979838303159803,0.9980539955408912,M4,150,TS
49,158,0.9979795181088469,0.998026818876998,M4,150,TS
49,159,0.9977682451794418,0.9979989067523802,M4,150,TS
49,160,0.9976179730008696,0.9979681265799735,M4,150,TS
49,161,0.9975411716221545,0.9979315290735961,M4,150,TS
49,162,0.9974974797063673,0.9978713548284562,M4,150,TS
49,163,0.9975246354796645,0.9978147537575147,M4,150,TS
49,164,0.9976026178561183,0.9977761092056132,M4,150,TS
49,165,0.9977518884042447,0.9977494645534981,M4,150,TS
49,166,0.9977395166267558,0.9977440816395026,M4,150,TS
49,167,0.9978234926971821,0.9977391275572186,M4,150,TS
49,168,0.9979727421560629,0.9977501899350378,M4,150,TS
49,169,0.9979156285662332,0.9977567775242782,M4,150,TS
49,170,0.9979514226683506,0.9977674524414396,M4,150,TS
49,171,0.9979205056172775,0.9977374225816837,M4,150,TS
49,172,0.9978528254458763,0.9976772019545178,M4,150,TS
49,173,0.9977757194688859,0.9976322834465376,M4,150,TS
49,174,0.9976966945879847,0.9975865715972849,M4,150,TS
49,175,0.9976509028790901,0.9975538408951019,M4,150,TS
49,176,0.9976372268296139,0.9975273663581211,M4,150,TS
49,177,0.99762649153408,0.9975197204719438,M4,150,TS
49,178,0.9976400851833088,0.9975278892855913,M4,150,TS
49,179,0.9976784513036971,0.9975441378860035,M4,150,TS
49,180,0.9977138227512483,0.9975663094727084,M4,150,TS
49,181,0.9976765932759589,0.9975736205604216,M4,150,TS
49,182,0.9977371739812044,0.9975719850130236,M4,150,TS
49,183,0.9975492416284254,0.9975730000326972,M4,150,TS
49,184,0.9973972999208337,0.9975580593608926,M4,150,TS
49,185,0.9973001052418815,0.9975391250806112,M4,150,TS
49,186,0.9972469862160156,0.9975001505339086,M4,150,TS
49,187,0.9971945194348506,0.9974553150343604,M4,150,TS
49,188,0.9971292645266627,0.9974147315247845,M4,150,TS
49,189,0.9970999143847763,0.9973814057492811,M4,150,TS
49,190,0.9971237750178441,0.9973421064733011,M4,150,TS
49,191,0.9971673893165116,0.9973170133538041,M4,150,TS
49,192,0.9972273047321621,0.9972597953220831,M4,150,TS
49,193,0.9970486162087009,0.9971898820424334,M4,150,TS
49,194,0.9971124294386846,0.997141805473838,M4,150,TS
49,195,0.996932467298737,0.9970758046632342,M4,150,TS
49,196,0.9968455042084748,0.9970300107549747,M4,150,TS
49,197,0.9967474610026495,0.9969887209997527,M4,150,TS
49,198,0.9966383376812582,0.9969519353975655,M4,150,TS
49,199,0.9965181342443007,0.9969196539484133,M4,150,TS
49,200,0.9963868506917772,0.9968918766522961,M4,150,TS
