battery_id,cycle,observed,predicted,feature_set,length,baseline
1,151,1.0035040341011485,1.0034556220784585,M2,50,TS
1,152,1.003371233684344,1.0034428808875835,M2,50,TS
1,153,1.003249998700051,1.003426109789934,M2,50,TS
1,154,1.0031403291482688,1.0034053087855097,M2,50,TS
1,155,1.0030422250289976,1.0033804778743112,M2,50,TS
1,156,1.0029556863422409,1.003351617056341,M2,50,TS
1,157,1.0029072943153923,1.0033250896633754,M2,50,TS
1,158,1.0029532296974646,1.0032849337772287,M2,50,TS
1,159,1.002855579373866,1.0032467231850102,M2,50,TS
1,160,1.002860543825376,1.0032005640122488,M2,50,TS
1,161,1.0025763543941397,1.0031596540339365,M2,50,TS
1,162,1.0014383798854618,1.0031162814857442,M2,50,TS
1,163,1.0004746427551507,1.0030741526219604,M2,50,TS
1,164,0.999940860696534,1.0030391693532668,M2,50,TS
1,165,0.9996885162089997,1.0030079230750535,M2,50,TS
1,166,0.9999216817116944,1.0029802700416772,M2,50,TS
1,167,1.0005932631675036,1.0029502100319072,M2,50,TS
1,168,1.0013679303061351,1.0029359296575697,M2,50,TS
1,169,1.0020708838385373,1.0029057442560985,M2,50,TS
1,170,1.0030309268578446,1.0028717872067374,M2,50,TS
1,171,1.0023714359521643,1.0028421235295306,M2,50,TS
1,172,1.0006014508223022,1.0028122252238854,M2,50,TS
1,173,0.9996034070961728,1.0027797280883344,M2,50,TS
1,174,0.9986270177227583,1.0027520672638037,M2,50,TS
1,175,0.9980836122088909,1.0027285483675807,M2,50,TS
1,176,0.9978717048258827,1.0026918673779492,M2,50,TS
1,177,0.9980881334019138,1.0026678660433288,M2,50,TS
1,178,0.9987131474621992,1.0026547101786392,M2,50,TS
1,179,0.9998235511188321,1.0026298399530222,M2,50,TS
1,180,1.0011065231854825,1.0026105213789607,M2,50,TS
1,181,1.0013771727680894,1.002602747631709,M2,50,TS
1,182,1.0016764928582509,1.0025942623849966,M2,50,TS
1,183,1.0023240922011576,1.0025758733336958,M2,50,TS
1,184,1.0025496689705158,1.002549352352554,M2,50,TS
1,185,1.0027810566496334,1.0025173566575754,M2,50,TS
1,186,1.0024387748845074,1.0024715644266016,M2,50,TS
1,187,1.0019669105501887,1.0024297586839448,M2,50,TS
1,188,1.001749130863073,1.0023881028345332,M2,50,TS
1,189,1.0018799043084554,1.0023441282291738,M2,50,TS
1,190,1.001666978040517,1.0023100951507922,M2,50,TS
1,191,1.0018924152574733,1.0022783941991487,M2,50,TS
1,192,1.0013201509165075,1.0022400973936023,M2,50,TS
1,193,1.0003872481179652,1.0021897177806414,M2,50,TS
1,194,0.999941113240662,1.0021461626186832,M2,50,TS
1,195,0.9986368612832792,1.0020998963264138,M2,50,TS
1,196,0.9980639123735556,1.0020583884213263,M2,50,TS
1,197,0.9975588394878703,1.0020179074742408,M2,50,TS
1,198,0.9971216426262207,1.001978453485154,M2,50,TS
1,199,0.9967523217886071,1.001940026454066,M2,50,TS
1,200,0.9964508769750292,1.0019026263809774,M2,50,TS
3,151,0.9960343643247106,0.9964542421606131,M2,50,TS
3,152,0.9959927167171484,0.9964421569810948,M2,50,TS
3,153,0.9959585669412259,0.9964261466762351,M2,50,TS
3,154,0.9959319149969431,0.9964062112460336,M2,50,TS
3,155,0.9959127608842999,0.9963823506904904,M2,50,TS
3,156,0.9959011046032991,0.9963545650096085,M2,50,TS
3,157,0.99591418178317,0.9963294067485752,M2,50,TS
3,158,0.9959199948628807,0.996293322141428,M2,50,TS
3,159,0.9959320859144289,0.9962553098237719,M2,50,TS
3,160,0.99593203064154,0.996212288701549,M2,50,TS
3,161,0.9959224770012136,0.9961673595588354,M2,50,TS
3,162,0.9959002339481822,0.9960984698041985,M2,50,TS
3,163,0.9958625601185487,0.9960356501769223,M2,50,TS
3,164,0.9957994798270604,0.995991626381866,M2,50,TS
3,165,0.995739273297319,0.9959584955074522,M2,50,TS
3,166,0.9956808517819564,0.9959413413764004,M2,50,TS
3,167,0.9956127277322449,0.995933223424801,M2,50,TS
3,168,0.995576158074972,0.9959426958670463,M2,50,TS
3,169,0.9955744051959938,0.9959335935420716,M2,50,TS
3,170,0.995600712306006,0.9959265945267025,M2,50,TS
3,171,0.9956379893705616,0.995882130720457,M2,50,TS
3,172,0.9956641347323912,0.9958092778503547,M2,50,TS
3,173,0.9956711920948085,0.9957540868442266,M2,50,TS
3,174,0.9956380585687907,0.995705302816145,M2,50,TS
3,175,0.9955853708658173,0.9956722335087252,M2,50,TS
3,176,0.9955396173395594,0.9956343891464084,M2,50,TS
3,177,0.9955035324983614,0.9956199130980432,M2,50,TS
3,178,0.9955100283482142,0.9956255957640233,M2,50,TS
3,179,0.9955577798394379,0.9956309915247031,M2,50,TS
3,180,0.9956211379950224,0.9956459160433847,M2,50,TS
3,181,0.9956797077616993,0.9956465574649448,M2,50,TS
3,182,0.9956850893700995,0.9956485714424484,M2,50,TS
3,183,0.9956531206452309,0.9956505574028064,M2,50,TS
3,184,0.9955877786642572,0.9956344767134375,M2,50,TS
3,185,0.9955121162923015,0.9956133473654415,M2,50,TS
3,186,0.9954418813752506,0.9955636721673243,M2,50,TS
3,187,0.9953844260642624,0.9955143012514743,M2,50,TS
3,188,0.9953396535246629,0.99547123257736,M2,50,TS
3,189,0.9953058687211954,0.9954345137387117,M2,50,TS
3,190,0.9952704270164792,0.9953989599058005,M2,50,TS
3,191,0.9952322818676387,0.9953770141602986,M2,50,TS
3,192,0.9951643814803146,0.9953288300743236,M2,50,TS
3,193,0.995099388061318,0.9952592695265164,M2,50,TS
3,194,0.9950507740559454,0.9952085813476123,M2,50,TS
3,195,0.9950369504778394,0.9951323287350242,M2,50,TS
3,196,0.9950429987886786,0.9950790331637164,M2,50,TS
3,197,0.9950691480067563,0.9950279854388802,M2,50,TS
3,198,0.9951153981320696,0.9949791855605127,M2,50,TS
3,199,0.9951817491646184,0.994932633528614,M2,50,TS
3,200,0.9952682011044028,0.9948883293431839,M2,50,TS
4,151,0.9767030436512549,0.9806632215993146,M2,50,TS
4,152,0.976800964527353,0.9805231436255339,M2,50,TS
4,153,0.976863456319432,0.9803802198174657,M2,50,TS
4,154,0.9768905190274921,0.9802344501751101,M2,50,TS
4,155,0.9768821526515331,0.9800858346984671,M2,50,TS
4,156,0.9768383571915578,0.9799343733875396,M2,50,TS
4,157,0.9771008112729221,0.9797782797987498,M2,50,TS
4,158,0.9766433462641386,0.9796295151996967,M2,50,TS
4,159,0.9764710655576234,0.9794717318102231,M2,50,TS
4,160,0.9761497056640729,0.979312326397341,M2,50,TS
4,161,0.9759204878059102,0.9791485639593632,M2,50,TS
4,162,0.9755304826807375,0.9789649525325271,M2,50,TS
4,163,0.9752868250272246,0.978783163445795,M2,50,TS
4,164,0.9751039310436997,0.9786178296574258,M2,50,TS
4,165,0.9748326994872825,0.9784657035856933,M2,50,TS
4,166,0.9745956570849166,0.9783286003637359,M2,50,TS
4,167,0.9745201302249025,0.978195979934234,M2,50,TS
4,168,0.9746065450471004,0.9780775833428715,M2,50,TS
4,169,0.9742718804716919,0.9779523321015051,M2,50,TS
4,170,0.9737456352786511,0.9778346704490987,M2,50,TS
4,171,0.9733758712277756,0.977676323165703,M2,50,TS
4,172,0.973068728226699,0.9774880177936209,M2,50,TS
4,173,0.9727661577049508,0.9773165887677456,M2,50,TS
4,174,0.9726141495290563,0.977146701424967,M2,50,TS
4,175,0.9727118741969064,0.9769856024799678,M2,50,TS
4,176,0.9721794294905961,0.9768359238036782,M2,50,TS
4,177,0.9718954140115266,0.9767033846249551,M2,50,TS
4,178,0.9719018732784592,0.9765844464007625,M2,50,TS
4,179,0.9714335255198636,0.9764782781624768,M2,50,TS
4,180,0.9711578846154274,0.9763769737431205,M2,50,TS
4,181,0.9710944722638326,0.9762560912991292,M2,50,TS
4,182,0.9712193875545372,0.9761304452006727,M2,50,TS
4,183,0.9713507159747161,0.9760035660553218,M2,50,TS
4,184,0.9712892944760729,0.9758627703698547,M2,50,TS
4,185,0.9712462147908485,0.9757162698162636,M2,50,TS
4,186,0.9705731539231293,0.9755576345499392,M2,50,TS
4,187,0.970208754222414,0.9753917833066247,M2,50,TS
4,188,0.969988760236854,0.9752287455183702,M2,50,TS
4,189,0.9696206096996185,0.9750760681619735,M2,50,TS
4,190,0.9694751194696738,0.9749189564133801,M2,50,TS
4,191,0.9694240710464628,0.9747728171635313,M2,50,TS
4,192,0.969427668334244,0.9745986380404269,M2,50,TS
4,193,0.9693133233696938,0.9744062803719833,M2,50,TS
4,194,0.9689956572497094,0.9742381674079815,M2,50,TS
4,195,0.9687059737372188,0.9740449768041717,M2,50,TS
4,196,0.9684807897997224,0.9738733547087324,M2,50,TS
4,197,0.9682473872035253,0.9737046726943741,M2,50,TS
4,198,0.9680057659486249,0.9735389307610945,M2,50,TS
4,199,0.9677559260350211,0.9733761289088934,M2,50,TS
4,200,0.9674978674627139,0.9732162671377708,M2,50,TS
6,151,0.996214505768315,0.9958056766130645,M2,50,TS
6,152,0.9961152328406796,0.9957764822221752,M2,50,TS
6,153,0.9960290888322142,0.9957432182756832,M2,50,TS
6,154,0.995956073742919,0.9957058847735889,M2,50,TS
6,155,0.9958961875727937,0.995664481715892,M2,50,TS
6,156,0.9958494303218418,0.9956190091025953,M2,50,TS
6,157,0.9958599118207982,0.9955752885594856,M2,50,TS
6,158,0.9958456437304972,0.9955211681267252,M2,50,TS
6,159,0.9957704044573623,0.9954668219971232,M2,50,TS
6,160,0.9958367240092967,0.9954035206042162,M2,50,TS
6,161,0.9957092218587607,0.9953430542270119,M2,50,TS
6,162,0.9956523449446865,0.9952565560916229,M2,50,TS
6,163,0.9955662274306651,0.99517645053018,M2,50,TS
6,164,0.9955560027793754,0.9951125168048963,M2,50,TS
6,165,0.9955269016238708,0.9950600415043012,M2,50,TS
6,166,0.995515275555934,0.9950231187291235,M2,50,TS
6,167,0.995481363117343,0.9949955114797875,M2,50,TS
6,168,0.9952872254157735,0.9949903939067101,M2,50,TS
6,169,0.9952152259768224,0.99496451177396,M2,50,TS
6,170,0.9950931560869628,0.9949427355537309,M2,50,TS
6,171,0.994966603957919,0.9948839504582266,M2,50,TS
6,172,0.9949506503891471,0.9947936949032598,M2,50,TS
6,173,0.9949255045077805,0.994720820460663,M2,50,TS
6,174,0.9949507524984647,0.9946520174880749,M2,50,TS
6,175,0.9949436995335101,0.9945992264756791,M2,50,TS
6,176,0.9948553452856492,0.99454397238157,M2,50,TS
6,177,0.994861288992555,0.9945098729549531,M2,50,TS
6,178,0.9947635411372995,0.9944996209837703,M2,50,TS
6,179,0.9947687327438571,0.9944875251546758,M2,50,TS
6,180,0.9946547175698341,0.9944883754779328,M2,50,TS
6,181,0.9947522146500036,0.9944694115253528,M2,50,TS
6,182,0.9947288419621603,0.9944535447099715,M2,50,TS
6,183,0.9946594190966497,0.9944378593658646,M2,50,TS
6,184,0.9946131352370858,0.9944026879792873,M2,50,TS
6,185,0.9945569067396691,0.9943624683772191,M2,50,TS
6,186,0.9944554226729967,0.9942950903585149,M2,50,TS
6,187,0.994525445824341,0.9942239202817025,M2,50,TS
6,188,0.9945312995670903,0.9941609901644342,M2,50,TS
6,189,0.9945035238085205,0.9941055607229734,M2,50,TS
6,190,0.9944937350335686,0.9940507916874204,M2,50,TS
6,191,0.994511069552142,0.9940088332696222,M2,50,TS
6,192,0.994354548788215,0.9939443822625742,M2,50,TS
6,193,0.9942082877615992,0.9938583928973663,M2,50,TS
6,194,0.9940660638765035,0.9937915758238048,M2,50,TS
6,195,0.9939285246499441,0.9937000101421437,M2,50,TS
6,196,0.9937872031503167,0.9936319642630198,M2,50,TS
6,197,0.9936459653173575,0.9935666752661897,M2,50,TS
6,198,0.9935048111510638,0.9935041431516508,M2,50,TS
6,199,0.9933637406514356,0.9934443679194033,M2,50,TS
6,200,0.9932227538184729,0.993387349569447,M2,50,TS
7,151,0.9944063753831374,0.9985478014857255,M2,50,TS
7,152,0.9943518838933064,0.9985408451302548,M2,50,TS
7,153,0.9942924744859969,0.9985302818117272,M2,50,TS
7,154,0.994228147161209,0.9985161115301426,M2,50,TS
7,155,0.9941589019189425,0.998498334285501,M2,50,TS
7,156,0.9940847387592003,0.9984769500778057,M2,50,TS
7,157,0.9939822863795954,0.9984596193785737,M2,50,TS
7,158,0.9939045656069894,0.9984304181127843,M2,50,TS
7,159,0.9938651951227415,0.9983984986470892,M2,50,TS
7,160,0.9938035718599496,0.9983618367155797,M2,50,TS
7,161,0.9937610515371789,0.9983225089203784,M2,50,TS
7,162,0.9937122760542119,0.9982589513645895,M2,50,TS
7,163,0.9936117741640667,0.9982024495307319,M2,50,TS
7,164,0.9935157799849212,0.9981640181158019,M2,50,TS
7,165,0.9934154307549953,0.9981366548782238,M2,50,TS
7,166,0.9932585301429073,0.9981268047382839,M2,50,TS
7,167,0.9930649007415475,0.9981267555947242,M2,50,TS
7,168,0.9929202850425868,0.9981438775053519,M2,50,TS
7,169,0.9927678083195293,0.9981434391177553,M2,50,TS
7,170,0.9926517468134011,0.9981448886911335,M2,50,TS
7,171,0.9925164540284324,0.9981095528958751,M2,50,TS
7,172,0.9924355058928396,0.9980440772804959,M2,50,TS
7,173,0.9922633449048571,0.9979981652587716,M2,50,TS
7,174,0.9921366744906839,0.997956478948612,M2,50,TS
7,175,0.9920620457932743,0.9979287150985355,M2,50,TS
7,176,0.991960224684306,0.9978969780096514,M2,50,TS
7,177,0.9917807998494718,0.9978909225316629,M2,50,TS
7,178,0.991696715556144,0.9979037639321284,M2,50,TS
7,179,0.9916208230145287,0.9979171253195189,M2,50,TS
7,180,0.9915485975755082,0.9979403853096553,M2,50,TS
7,181,0.9915041139511117,0.9979484969292532,M2,50,TS
7,182,0.991437678959813,0.9979572014487328,M2,50,TS
7,183,0.9913197670728469,0.9979662668558472,M2,50,TS
7,184,0.9912539511914851,0.9979550211632982,M2,50,TS
7,185,0.9912096475888834,0.997937892699021,M2,50,TS
7,186,0.9911403242141177,0.9978928629436852,M2,50,TS
7,187,0.9909881512914112,0.997850634772746,M2,50,TS
7,188,0.9909081017447054,0.9978132308272174,M2,50,TS
7,189,0.9908380250579897,0.9977821926093936,M2,50,TS
7,190,0.9907348827758002,0.9977531289356617,M2,50,TS
7,191,0.990680910982181,0.9977363904496929,M2,50,TS
7,192,0.9905315571703812,0.9976950264821272,M2,50,TS
7,193,0.9903770005332686,0.9976324506267508,M2,50,TS
7,194,0.9902430059030527,0.997588665663582,M2,50,TS
7,195,0.9901456260555439,0.9975191950932375,M2,50,TS
7,196,0.9900206122761921,0.9974739725036728,M2,50,TS
7,197,0.9898951591915459,0.997431531189213,M2,50,TS
7,198,0.9897692668016028,0.9973918711498554,M2,50,TS
7,199,0.9896429351063629,0.9973549923855999,M2,50,TS
7,200,0.9895161641058261,0.9973208948964465,M2,50,TS
8,151,0.9894562866939769,0.9954798852346258,M2,50,TS
8,152,0.9892869391809709,0.9954462039673254,M2,50,TS
8,153,0.9891264737722718,0.9954085656025332,M2,50,TS
8,154,0.9889748904678795,0.9953669701402493,M2,50,TS
8,155,0.9888321892677938,0.9953214175804735,M2,50,TS
8,156,0.9886983701720182,0.9952719079232086,M2,50,TS
8,157,0.988612998135234,0.9952244085997403,M2,50,TS
8,158,0.9884657605265808,0.9951674094600219,M2,50,TS
8,159,0.9883221445484542,0.9951085402578734,M2,50,TS
8,160,0.9881996969985829,0.9950438133991785,M2,50,TS
8,161,0.988043425315414,0.9949778012354723,M2,50,TS
8,162,0.9878153619489983,0.9948893655043447,M2,50,TS
8,163,0.987663659807816,0.9948046490940831,M2,50,TS
8,164,0.9875156075605755,0.9947379659407656,M2,50,TS
8,165,0.9873270466649591,0.9946832776822211,M2,50,TS
8,166,0.9871873160367632,0.9946433574474364,M2,50,TS
8,167,0.9870762836454232,0.994611471360965,M2,50,TS
8,168,0.9869386436403,0.9945986440838983,M2,50,TS
8,169,0.9867927268027747,0.9945683759570048,M2,50,TS
8,170,0.9866505942191186,0.9945408330270817,M2,50,TS
8,171,0.9865007607244951,0.9944763439777637,M2,50,TS
8,172,0.986302968780101,0.9943844267384359,M2,50,TS
8,173,0.9861435659453623,0.9943086890085516,M2,50,TS
8,174,0.9859508344567336,0.9942391652496781,M2,50,TS
8,175,0.9857170247032094,0.9941858767724788,M2,50,TS
8,176,0.9854989411486601,0.9941276185995591,M2,50,TS
8,177,0.9853378399000858,0.9940915024325325,M2,50,TS
8,178,0.9851822150143007,0.9940764589399665,M2,50,TS
8,179,0.98501998496841,0.9940623669096348,M2,50,TS
8,180,0.9849044471712944,0.9940569954206752,M2,50,TS
8,181,0.9848004012787525,0.9940369400949205,M2,50,TS
8,182,0.9846632874079718,0.9940177259338617,M2,50,TS
8,183,0.9845620324189641,0.9939966092999182,M2,50,TS
8,184,0.9844446166266216,0.9939570012375336,M2,50,TS
8,185,0.9842672291286316,0.9939136077060521,M2,50,TS
8,186,0.9840657585920585,0.9938424719493684,M2,50,TS
8,187,0.983908876419124,0.9937708243325607,M2,50,TS
8,188,0.9837450136174848,0.9937059617388811,M2,50,TS
8,189,0.9835390637644426,0.9936487995730127,M2,50,TS
8,190,0.9833286628583462,0.993592872311418,M2,50,TS
8,191,0.9831152377668357,0.9935505397275363,M2,50,TS
8,192,0.9828710927346475,0.9934820183509416,M2,50,TS
8,193,0.9826470558178269,0.9933917049865015,M2,50,TS
8,194,0.9824686223560679,0.9933195131477841,M2,50,TS
8,195,0.9822446928402246,0.9932238329571333,M2,50,TS
8,196,0.9820476556594568,0.9931509075848355,M2,50,TS
8,197,0.9818597827823277,0.9930805100043649,M2,50,TS
8,198,0.9816810742088343,0.9930126402157191,M2,50,TS
8,199,0.981511529938977,0.992947298218898,M2,50,TS
8,200,0.9813511499727554,0.9928844840139015,M2,50,TS
12,151,0.9964391412129527,0.9952494089923328,M2,50,TS
12,152,0.996449271339672,0.9952111127173559,M2,50,TS
12,153,0.9964508346170283,0.9951693026508421,M2,50,TS
12,154,0.9964438310450218,0.9951239787927917,M2,50,TS
12,155,0.9964282606236524,0.9950751411432042,M2,50,TS
12,156,0.9964041233529233,0.9950227897020827,M2,50,TS
12,157,0.9963733833269217,0.9949739524263134,M2,50,TS
12,158,0.9963272920330408,0.9949142376459661,M2,50,TS
12,159,0.9962954253265817,0.9948524386574281,M2,50,TS
12,160,0.9962317083567527,0.9947861424826182,M2,50,TS
12,161,0.996195685495121,0.994716956181714,M2,50,TS
12,162,0.9961588400405574,0.9946233712870526,M2,50,TS
12,163,0.9960993853386355,0.9945361047868411,M2,50,TS
12,164,0.9960167875370655,0.9944676275137914,M2,50,TS
12,165,0.9959439058471578,0.9944098525826328,M2,50,TS
12,166,0.9958358179690385,0.9943690455320042,M2,50,TS
12,167,0.9957187800079623,0.9943373435522538,M2,50,TS
12,168,0.9956256062307962,0.994323470275337,M2,50,TS
12,169,0.9955638034557666,0.9942910087770688,M2,50,TS
12,170,0.995517288368672,0.9942609810905195,M2,50,TS
12,171,0.9955193786141443,0.9941924044179703,M2,50,TS
12,172,0.9954981882957448,0.9940956659674516,M2,50,TS
12,173,0.9954579803391037,0.994016641994783,M2,50,TS
12,174,0.9954238374706464,0.9939428643409394,M2,50,TS
12,175,0.995400931370721,0.9938840732671439,M2,50,TS
12,176,0.9953770856030706,0.9938206102774308,M2,50,TS
12,177,0.9953392362431142,0.993781208313849,M2,50,TS
12,178,0.9953084427222629,0.9937630037450873,M2,50,TS
12,179,0.9952961128171749,0.9937450445023329,M2,50,TS
12,180,0.99530106766799,0.9937366541803124,M2,50,TS
12,181,0.9952783788360806,0.9937145304865652,M2,50,TS
12,182,0.9952234549725187,0.9936932661518687,M2,50,TS
12,183,0.9951648897320904,0.9936711383084483,M2,50,TS
12,184,0.9951172409488205,0.993629748244431,M2,50,TS
12,185,0.9950643536166401,0.9935831589025703,M2,50,TS
12,186,0.9950033249822401,0.9935081940373303,M2,50,TS
12,187,0.9949131124957803,0.9934346578466838,M2,50,TS
12,188,0.9948103844069475,0.9933681376116977,M2,50,TS
12,189,0.9947515845784494,0.9933071110728415,M2,50,TS
12,190,0.9947036933144273,0.9932469291962166,M2,50,TS
12,191,0.9946534388496556,0.9932004122781939,M2,50,TS
12,192,0.9946082764806821,0.9931266648217291,M2,50,TS
12,193,0.9945468720668882,0.9930319770565241,M2,50,TS
12,194,0.9945116759637709,0.9929559438879817,M2,50,TS
12,195,0.9944588077055738,0.9928556014388162,M2,50,TS
12,196,0.9944023791897465,0.9927789053731451,M2,50,TS
12,197,0.994339854015007,0.992705137056887,M2,50,TS
12,198,0.994271232181353,0.992634296490039,M2,50,TS
12,199,0.9941965136887845,0.9925663836726011,M2,50,TS
12,200,0.9941156985373015,0.9925013986045734,M2,50,TS
13,151,0.9971218402728154,0.995999231845473,M2,50,TS
13,152,0.997125411021877,0.9959659826989481,M2,50,TS
13,153,0.9971229622682198,0.9959291549744796,M2,50,TS
13,154,0.9971144940118436,0.9958887486720679,M2,50,TS
13,155,0.9971000062527485,0.9958447637917125,M2,50,TS
13,156,0.9970794989909375,0.9957972003334165,M2,50,TS
13,157,0.9970426935251744,0.9957533305710283,M2,50,TS
13,158,0.9970120287572352,0.9956981641273093,M2,50,TS
13,159,0.9969747483554201,0.9956414084003355,M2,50,TS
13,160,0.9969483991395283,0.9955790531136741,M2,50,TS
13,161,0.9969110441392823,0.9955148237062644,M2,50,TS
13,162,0.9968554234616301,0.9954267541778171,M2,50,TS
13,163,0.9967727646811086,0.9953450638459566,M2,50,TS
13,164,0.9966715256409413,0.9952820038280334,M2,50,TS
13,165,0.9965957220405769,0.9952292554864615,M2,50,TS
13,166,0.9965182877753898,0.9951925791996942,M2,50,TS
13,167,0.9964408373216866,0.995164705682312,M2,50,TS
13,168,0.996360574441506,0.9951553108771272,M2,50,TS
13,169,0.9963313767031219,0.9951269061843381,M2,50,TS
13,170,0.9963210302726416,0.9951008410155795,M2,50,TS
13,171,0.9962985218915089,0.995037883321916,M2,50,TS
13,172,0.9962485884144738,0.9949469402642074,M2,50,TS
13,173,0.9961874524844941,0.9948734666983502,M2,50,TS
13,174,0.9961345121000279,0.9948051637022799,M2,50,TS
13,175,0.9961303098675913,0.9947508340769844,M2,50,TS
13,176,0.9960950315914081,0.9946926879939788,M2,50,TS
13,177,0.9960719868016161,0.9946578591595339,M2,50,TS
13,178,0.9960434895446866,0.994644442381876,M2,50,TS
13,179,0.9960460676752122,0.9946309903435683,M2,50,TS
13,180,0.9960497643446751,0.9946274524690653,M2,50,TS
13,181,0.9960063775909416,0.9946107105672999,M2,50,TS
13,182,0.9959622485718815,0.9945940007918379,M2,50,TS
13,183,0.9958959250976375,0.9945768796364601,M2,50,TS
13,184,0.9958618036440439,0.9945399994489869,M2,50,TS
13,185,0.995846187414138,0.9944973277212282,M2,50,TS
13,186,0.9957957726569031,0.994427111972021,M2,50,TS
13,187,0.9957415155335627,0.9943576349928638,M2,50,TS
13,188,0.9956964933022042,0.99429455996213,M2,50,TS
13,189,0.9956549610085865,0.9942380249074514,M2,50,TS
13,190,0.9956421171713961,0.9941818765628143,M2,50,TS
13,191,0.9956152225775323,0.9941396387586721,M2,50,TS
13,192,0.9955648706054869,0.994070984485483,M2,50,TS
13,193,0.9954959882519252,0.9939814941871473,M2,50,TS
13,194,0.995440178124885,0.993910966807453,M2,50,TS
13,195,0.9953727857710697,0.9938160486837411,M2,50,TS
13,196,0.9953265384190831,0.9937440698774631,M2,50,TS
13,197,0.9952828626347129,0.9936747897645697,M2,50,TS
13,198,0.9952417584179565,0.9936082083450583,M2,50,TS
13,199,0.9952032257688137,0.9935443256189288,M2,50,TS
13,200,0.9951672646872847,0.993483141586181,M2,50,TS
15,151,0.9962252605469409,0.995652799325089,M2,50,TS
15,152,0.9962208125930392,0.9956171447180447,M2,50,TS
15,153,0.9962118183194908,0.9955778735113733,M2,50,TS
15,154,0.9961982777262959,0.9955349857050747,M2,50,TS
15,155,0.9961801908134543,0.9954884812991488,M2,50,TS
15,156,0.996157557580969,0.9954383602935987,M2,50,TS
15,157,0.9961330561512289,0.995391608823648,M2,50,TS
15,158,0.9961030139082411,0.9953337730960801,M2,50,TS
15,159,0.9960483729312696,0.9952748347136371,M2,50,TS
15,160,0.9960004961472655,0.9952104080494923,M2,50,TS
15,161,0.9959293724948286,0.9951444044911504,M2,50,TS
15,162,0.9958335335644611,0.9950546519872374,M2,50,TS
15,163,0.9957205996053304,0.9949710590228682,M2,50,TS
15,164,0.9956044966238953,0.9949057296360234,M2,50,TS
15,165,0.9954812809233828,0.9948515382615086,M2,50,TS
15,166,0.9953984102161108,0.9948123671224192,M2,50,TS
15,167,0.9953439525691803,0.9947813188278095,M2,50,TS
15,168,0.995329457996333,0.9947676748547921,M2,50,TS
15,169,0.9952733207454667,0.9947373419320106,M2,50,TS
15,170,0.9952518136326842,0.9947089458876842,M2,50,TS
15,171,0.9952051757086207,0.9946439228328,M2,50,TS
15,172,0.995132271609668,0.9945508381466917,M2,50,TS
15,173,0.995060842996885,0.9944749280351696,M2,50,TS
15,174,0.9950070180486855,0.9944039613345294,M2,50,TS
15,175,0.9949476593639104,0.9943483939164232,M2,50,TS
15,176,0.994932851648315,0.9942870162194625,M2,50,TS
15,177,0.9949255098219727,0.9942491258096107,M2,50,TS
15,178,0.9949214325530107,0.9942324942490494,M2,50,TS
15,179,0.9949097971769096,0.9942167893558287,M2,50,TS
15,180,0.9948833397107228,0.994211452818565,M2,50,TS
15,181,0.9948059503284219,0.9941929903622018,M2,50,TS
15,182,0.9947249757270282,0.9941746467696359,M2,50,TS
15,183,0.9946328188777054,0.9941556249271747,M2,50,TS
15,184,0.994556640269802,0.9941172274198641,M2,50,TS
15,185,0.9944566820527307,0.9940741116346272,M2,50,TS
15,186,0.9944022573565555,0.9940012940413899,M2,50,TS
15,187,0.9943491582095565,0.9939291100058689,M2,50,TS
15,188,0.9942834853639416,0.993863924750097,M2,50,TS
15,189,0.9942423860416657,0.9938047318169286,M2,50,TS
15,190,0.9941943633012958,0.99374683993335,M2,50,TS
15,191,0.9941214406260783,0.9937031725554185,M2,50,TS
15,192,0.9940644165797171,0.9936320247965622,M2,50,TS
15,193,0.9939849550593147,0.9935401108782866,M2,50,TS
15,194,0.9939132663788257,0.9934673143345653,M2,50,TS
15,195,0.9938551810527687,0.993369431990467,M2,50,TS
15,196,0.9937969359266035,0.9932950844621612,M2,50,TS
15,197,0.9937438760109061,0.9932233733478054,M2,50,TS
15,198,0.9936960013056741,0.9931542986473973,M2,50,TS
15,199,0.9936533118109079,0.9930878603609367,M2,50,TS
15,200,0.993615807526607,0.9930240584884235,M2,50,TS
17,151,0.9980876584157506,0.9968293437493422,M2,50,TS
17,152,0.9981352042733159,0.9968041206370792,M2,50,TS
17,153,0.9981566729266981,0.9967758328691269,M2,50,TS
17,154,0.998152064375897,0.9967444804454851,M2,50,TS
17,155,0.9981213786209127,0.9967100633661541,M2,50,TS
17,156,0.9980646156617479,0.9966725816311366,M2,50,TS
17,157,0.9979494545663445,0.9966399027909961,M2,50,TS
17,158,0.9979097161329462,0.9965940939760064,M2,50,TS
17,159,0.9979176121027216,0.9965453222898712,M2,50,TS
17,160,0.9977559841524373,0.9964955795674957,M2,50,TS
17,161,0.9977519595499136,0.9964396298972414,M2,50,TS
17,162,0.9977688485147062,0.9963587868105138,M2,50,TS
17,163,0.9978168947376731,0.9962828542670945,M2,50,TS
17,164,0.9978755313898338,0.996224822728016,M2,50,TS
17,165,0.9979888789109685,0.9961763473320281,M2,50,TS
17,166,0.9980966942905272,0.996144059829933,M2,50,TS
17,167,0.9980050167181996,0.9961257203161765,M2,50,TS
17,168,0.9980279963497212,0.9961228629773433,M2,50,TS
17,169,0.9980399116980906,0.9961025521613992,M2,50,TS
17,170,0.998046379793742,0.9960852050545266,M2,50,TS
17,171,0.9980724622218546,0.9960301068517141,M2,50,TS
17,172,0.9980755730720043,0.9959468783026312,M2,50,TS
17,173,0.9980659388396138,0.9958811784203301,M2,50,TS
17,174,0.9980451216973336,0.9958211551198218,M2,50,TS
17,175,0.9980200775252531,0.9957764861220235,M2,50,TS
17,176,0.9979768399295956,0.9957276336206695,M2,50,TS
17,177,0.9979523464467734,0.9957019630577009,M2,50,TS
17,178,0.9979192537226368,0.9956978314722191,M2,50,TS
17,179,0.9978812563814822,0.9956945683579647,M2,50,TS
17,180,0.9978276205537122,0.9957016790225907,M2,50,TS
17,181,0.99779056482589,0.9956939399118122,M2,50,TS
17,182,0.9977713897388524,0.9956857647605347,M2,50,TS
17,183,0.9977523831235487,0.995676615022329,M2,50,TS
17,184,0.9977298930177749,0.9956485999112045,M2,50,TS
17,185,0.9976923719248798,0.9956156460356996,M2,50,TS
17,186,0.9976702775317827,0.995553795408367,M2,50,TS
17,187,0.9976507861793333,0.9954925363542371,M2,50,TS
17,188,0.99760405834563,0.9954386391401707,M2,50,TS
17,189,0.9975449789654255,0.995391683148091,M2,50,TS
17,190,0.9974977354863259,0.9953455470810179,M2,50,TS
17,191,0.9974704408888537,0.9953124735599617,M2,50,TS
17,192,0.9974628881747938,0.9952518398441472,M2,50,TS
17,193,0.9974755488038036,0.9951693569903787,M2,50,TS
17,194,0.9974938234159549,0.9951060404948022,M2,50,TS
17,195,0.9975989351942185,0.9950157779465606,M2,50,TS
17,196,0.9975292329964532,0.9949535102036516,M2,50,TS
17,197,0.997419619540284,0.9948950331933087,M2,50,TS
17,198,0.997270094825708,0.9948403469155289,M2,50,TS
17,199,0.9970806588527253,0.9947894513703125,M2,50,TS
17,200,0.9968513116213358,0.9947423465576593,M2,50,TS
18,151,0.9967286752306215,0.9977407176897097,M2,50,TS
18,152,0.996734180439968,0.9977223626685915,M2,50,TS
18,153,0.9967286473994351,0.9977005576141823,M2,50,TS
18,154,0.9967120761090231,0.9976753025264816,M2,50,TS
18,155,0.9966844665687318,0.9976465974054896,M2,50,TS
18,156,0.9966458187785637,0.9976144422512093,M2,50,TS
18,157,0.9965932376844059,0.9975859571778043,M2,50,TS
18,158,0.996527560446605,0.9975465985719242,M2,50,TS
18,159,0.9964576808305154,0.9975056094985174,M2,50,TS
18,160,0.9963852885555852,0.9974593691089794,M2,50,TS
18,161,0.9963093425696747,0.9974110502196744,M2,50,TS
18,162,0.996241155290386,0.9973381639237725,M2,50,TS
18,163,0.9961930232600331,0.9972704776356546,M2,50,TS
18,164,0.9961534929420675,0.9972207476606882,M2,50,TS
18,165,0.9961282542437089,0.9971816085970695,M2,50,TS
18,166,0.9961340704382093,0.9971577228847125,M2,50,TS
18,167,0.9961332036581544,0.997142850352538,M2,50,TS
18,168,0.9961445950325705,0.9971460880092374,M2,50,TS
18,169,0.9961564930828966,0.9971315671227101,M2,50,TS
18,170,0.9961554243304382,0.9971202031650165,M2,50,TS
18,171,0.9961540709408457,0.9970715878704584,M2,50,TS
18,172,0.9961171965817952,0.9969951573564508,M2,50,TS
18,173,0.9960709459919943,0.9969361740134476,M2,50,TS
18,174,0.9960208668691528,0.9968826808958878,M2,50,TS
18,175,0.9959813926061627,0.9968441668374955,M2,50,TS
18,176,0.995958089004092,0.9968005802972996,M2,50,TS
18,177,0.9959376291560111,0.9967805904818748,M2,50,TS
18,178,0.9959178524370527,0.9967819122046443,M2,50,TS
18,179,0.995896460375093,0.9967840139685393,M2,50,TS
18,180,0.9958710421699442,0.9967961986506505,M2,50,TS
18,181,0.9958367919253477,0.9967941819967888,M2,50,TS
18,182,0.9957831257202757,0.9967926876069245,M2,50,TS
18,183,0.9957326025198818,0.9967901445966914,M2,50,TS
18,184,0.9956971290990027,0.9967682557636601,M2,50,TS
18,185,0.9956599277889449,0.9967410855177125,M2,50,TS
18,186,0.9956296855841797,0.9966852208817117,M2,50,TS
18,187,0.9955981713458765,0.9966300510902742,M2,50,TS
18,188,0.9955528767442439,0.996581903981405,M2,50,TS
18,189,0.9954912232503919,0.9965408001883778,M2,50,TS
18,190,0.9954337333107592,0.9965007130374814,M2,50,TS
18,191,0.9953760597201944,0.9964742099254299,M2,50,TS
18,192,0.9953032597925409,0.9964210322714177,M2,50,TS
18,193,0.9952215665357579,0.9963467469916015,M2,50,TS
18,194,0.9951472511607411,0.9962915857406371,M2,50,TS
18,195,0.9950705577024481,0.9962117576961097,M2,50,TS
18,196,0.9950302699225336,0.9961545173335662,M2,50,TS
18,197,0.9950046135818877,0.9960996701391619,M2,50,TS
18,198,0.9949935886805082,0.9960472161128945,M2,50,TS
18,199,0.9949971952183951,0.9959971552547633,M2,50,TS
18,200,0.9950154331955485,0.9959494875647688,M2,50,TS
19,151,0.9983541625402169,0.9972413600260667,M2,50,TS
19,152,0.998313949241844,0.9972193017012015,M2,50,TS
19,153,0.9982766524905043,0.9971934355278942,M2,50,TS
19,154,0.9982422722861977,0.9971637615061449,M2,50,TS
19,155,0.9982108086289242,0.9971302796359536,M2,50,TS
19,156,0.9981822615186868,0.997092989917323,M2,50,TS
19,157,0.9981634010364282,0.9970587455508787,M2,50,TS
19,158,0.9981526300088968,0.9970131201649504,M2,50,TS
19,159,0.998118417587482,0.9969663471129305,M2,50,TS
19,160,0.9980856048046101,0.9969142207602407,M2,50,TS
19,161,0.9980510460025163,0.9968599762395257,M2,50,TS
19,162,0.9980122018525,0.9967815037611737,M2,50,TS
19,163,0.9979886622993271,0.9967083384383771,M2,50,TS
19,164,0.9979748072893371,0.9966530896586026,M2,50,TS
19,165,0.9979576989069638,0.9966088851560141,M2,50,TS
19,166,0.9979557420190031,0.9965803318385135,M2,50,TS
19,167,0.9979701549299111,0.9965601803675003,M2,50,TS
19,168,0.9979696476288039,0.9965588267687255,M2,50,TS
19,169,0.9979757712917408,0.9965395810725294,M2,50,TS
19,170,0.9979679876075439,0.9965235157587794,M2,50,TS
19,171,0.9979505371878232,0.9964704675420362,M2,50,TS
19,172,0.9979374164180058,0.9963886012095338,M2,50,TS
19,173,0.9979284641604969,0.9963238219793157,M2,50,TS
19,174,0.9979243138901803,0.9962643058978131,M2,50,TS
19,175,0.9979137758823782,0.9962201907264029,M2,50,TS
19,176,0.9979146632249826,0.9961711472240211,M2,50,TS
19,177,0.9979219630620617,0.9961455891284363,M2,50,TS
19,178,0.9979164416020232,0.9961416597496169,M2,50,TS
19,179,0.9978810831926193,0.9961392460521864,M2,50,TS
19,180,0.9978462976686268,0.9961467785112068,M2,50,TS
19,181,0.9978140490845031,0.9961398262029266,M2,50,TS
19,182,0.9978019663708897,0.9961323753279346,M2,50,TS
19,183,0.9977817707485597,0.9961241579778768,M2,50,TS
19,184,0.997760137049204,0.9960970316077354,M2,50,TS
19,185,0.9977178738287117,0.9960651131589608,M2,50,TS
19,186,0.9976769311981306,0.9960046854028979,M2,50,TS
19,187,0.9976246500837709,0.9959451994183877,M2,50,TS
19,188,0.9975481718358651,0.9958929876906848,M2,50,TS
19,189,0.997464250420944,0.9958475934498657,M2,50,TS
19,190,0.9974058504213121,0.9958026678269963,M2,50,TS
19,191,0.9973498303501193,0.9957712454746942,M2,50,TS
19,192,0.9973111514638624,0.9957123386202495,M2,50,TS
19,193,0.9972846686521686,0.9956317958056574,M2,50,TS
19,194,0.9972725060212573,0.9955701912498938,M2,50,TS
19,195,0.9972586462336028,0.9954839229319643,M2,50,TS
19,196,0.9972579269779204,0.9954208187331604,M2,50,TS
19,197,0.997266220569223,0.9953602499118451,M2,50,TS
19,198,0.9972835270075077,0.9953022164680156,M2,50,TS
19,199,0.9973098462927743,0.9952467184016723,M2,50,TS
19,200,0.997345178425023,0.9951937557128149,M2,50,TS
20,151,0.9973616389364621,0.9977213974062037,M2,50,TS
20,152,0.9974075197253998,0.9977010765205697,M2,50,TS
20,153,0.9974215049847107,0.9976778404111261,M2,50,TS
20,154,0.997403594714395,0.9976516890778726,M2,50,TS
20,155,0.9973537889144526,0.9976226225208094,M2,50,TS
20,156,0.9972720875848866,0.9975906407399393,M2,50,TS
20,157,0.9971109528470454,0.9975640082292617,M2,50,TS
20,158,0.9969958467251645,0.9975249866851956,M2,50,TS
20,159,0.9968982250774934,0.997483778337371,M2,50,TS
20,160,0.9968057423558895,0.9974371224448398,M2,50,TS
20,161,0.9967649835522265,0.9973869706653447,M2,50,TS
20,162,0.9967462230467132,0.9973118870849513,M2,50,TS
20,163,0.9967562441604744,0.9972417795465366,M2,50,TS
20,164,0.9968197596582506,0.9971884768427304,M2,50,TS
20,165,0.9969000064872323,0.9971457025719813,M2,50,TS
20,166,0.9969981041843179,0.9971185201479186,M2,50,TS
20,167,0.9968934864706803,0.9971053773715639,M2,50,TS
20,168,0.996978171831189,0.997105804546744,M2,50,TS
20,169,0.9968581736723161,0.9970937354917045,M2,50,TS
20,170,0.9967202675194098,0.9970849499706864,M2,50,TS
20,171,0.9966286239580148,0.9970377202185036,M2,50,TS
20,172,0.9965689094138606,0.9969609459184122,M2,50,TS
20,173,0.9966561260440131,0.9968976101476015,M2,50,TS
20,174,0.9965639000607831,0.9968442677810009,M2,50,TS
20,175,0.9964988305626201,0.9968054797469049,M2,50,TS
20,176,0.9964825142151799,0.9967607842444675,M2,50,TS
20,177,0.9965271691823476,0.996738194391034,M2,50,TS
20,178,0.9966247076581672,0.9967355768190658,M2,50,TS
20,179,0.9965231349097945,0.9967388039585515,M2,50,TS
20,180,0.9964948170830299,0.9967501318364287,M2,50,TS
20,181,0.9965423828461333,0.996745086168736,M2,50,TS
20,182,0.9965689321766831,0.9967406035865171,M2,50,TS
20,183,0.99662696643056,0.9967343455017332,M2,50,TS
20,184,0.9964687216956917,0.996714674102088,M2,50,TS
20,185,0.9964055226886985,0.9966872397927604,M2,50,TS
20,186,0.9964305090450565,0.9966290291377708,M2,50,TS
20,187,0.9962479179393413,0.9965768034753276,M2,50,TS
20,188,0.9960964738165874,0.9965304479975555,M2,50,TS
20,189,0.9959848674786759,0.9964896946830262,M2,50,TS
20,190,0.9959041879371922,0.996449271723494,M2,50,TS
20,191,0.9958612410572101,0.9964214601401724,M2,50,TS
20,192,0.9958008059821721,0.996367035072489,M2,50,TS
20,193,0.9957761643512522,0.9962903567625588,M2,50,TS
20,194,0.9958041770686448,0.9962316412275356,M2,50,TS
20,195,0.9958724204484426,0.9961471667782184,M2,50,TS
20,196,0.9959026605517954,0.9960871878051086,M2,50,TS
20,197,0.9959341167151717,0.9960299460490776,M2,50,TS
20,198,0.9959667889385689,0.9959754415101227,M2,50,TS
20,199,0.996000677221987,0.995923674188244,M2,50,TS
20,200,0.9960357815654259,0.9958746440834414,M2,50,TS
21,151,0.9956912339585707,0.995657633289233,M2,50,TS
21,152,0.9956361582846758,0.9956228275180122,M2,50,TS
21,153,0.9955777660134763,0.9955843737487915,M2,50,TS
21,154,0.9955160571449724,0.9955422719815709,M2,50,TS
21,155,0.995451031679164,0.9954965222163502,M2,50,TS
21,156,0.995382689616054,0.9954471244531324,M2,50,TS
21,157,0.9953032813292844,0.995401303116091,M2,50,TS
21,158,0.9952288312847336,0.9953441831385602,M2,50,TS
21,159,0.9951657989556684,0.9952850210001075,M2,50,TS
21,160,0.9950827836652403,0.9952210537612821,M2,50,TS
21,161,0.9950040504535111,0.9951548141682517,M2,50,TS
21,162,0.9949378275730777,0.9950639177456493,M2,50,TS
21,163,0.994872731051322,0.994978691219305,M2,50,TS
21,164,0.9948462154708643,0.9949106395958052,M2,50,TS
21,165,0.9948455456205259,0.9948528862647865,M2,50,TS
21,166,0.9948506100983525,0.9948110250125511,M2,50,TS
21,167,0.9948442953928711,0.9947782760076155,M2,50,TS
21,168,0.994858696630907,0.9947634104936725,M2,50,TS
21,169,0.9948599240004905,0.994731162104356,M2,50,TS
21,170,0.9948275598015108,0.9947025987363929,M2,50,TS
21,171,0.9947749222348143,0.994637326086025,M2,50,TS
21,172,0.9947228452351056,0.9945433331494097,M2,50,TS
21,173,0.994660418753779,0.9944667988178942,M2,50,TS
21,174,0.9946132830160076,0.9943952583663664,M2,50,TS
21,175,0.9945781416702075,0.9943386466306292,M2,50,TS
21,176,0.9945183042464286,0.9942780340765304,M2,50,TS
21,177,0.994460904363839,0.9942410076810156,M2,50,TS
21,178,0.9944207553588466,0.9942248371639609,M2,50,TS
21,179,0.9943659110086336,0.9942097946587796,M2,50,TS
21,180,0.9943098604053411,0.9942047428364408,M2,50,TS
21,181,0.9942479000109743,0.9941854233431348,M2,50,TS
21,182,0.9941933460671152,0.9941659321909233,M2,50,TS
21,183,0.9941428593360844,0.9941453618584201,M2,50,TS
21,184,0.9941003087097292,0.994105642979422,M2,50,TS
21,185,0.994049879015029,0.9940608052972403,M2,50,TS
21,186,0.9939787237981907,0.993988025974168,M2,50,TS
21,187,0.9939123404758661,0.9939157746605726,M2,50,TS
21,188,0.9938302001053307,0.9938505802158942,M2,50,TS
21,189,0.9937594602523034,0.9937917202056772,M2,50,TS
21,190,0.9936779827658371,0.9937342585958201,M2,50,TS
21,191,0.9935713169909226,0.993691006253517,M2,50,TS
21,192,0.9934749826288649,0.9936204505686422,M2,50,TS
21,193,0.9933924321192207,0.993528219021568,M2,50,TS
21,194,0.9933409069786632,0.9934544969430943,M2,50,TS
21,195,0.9933053047706054,0.9933556605315286,M2,50,TS
21,196,0.9932830596003424,0.993279981507839,M2,50,TS
21,197,0.9932787843572951,0.9932066081024391,M2,50,TS
21,198,0.9932924790414607,0.9931355403153265,M2,50,TS
21,199,0.9933241436528392,0.993066778146501,M2,50,TS
21,200,0.9933737781914306,0.9930003215959626,M2,50,TS
22,151,0.9979528761834789,0.9963221455770381,M2,50,TS
22,152,0.9979072381966131,0.9962924029039718,M2,50,TS
22,153,0.9978617640595299,0.9962589229694696,M2,50,TS
22,154,0.997816453772229,0.9962217057735319,M2,50,TS
22,155,0.9977713073347109,0.9961807513161586,M2,50,TS
22,156,0.9977263247469779,0.9961360595973523,M2,50,TS
22,157,0.9976623722504454,0.9960951567210634,M2,50,TS
22,158,0.9976220530829301,0.9960424578480407,M2,50,TS
22,159,0.9975850693515447,0.9959879295977838,M2,50,TS
22,160,0.9975521284025106,0.9959279811256138,M2,50,TS
22,161,0.9975274650059696,0.9958656544151394,M2,50,TS
22,162,0.99750044667464,0.9957790362685133,M2,50,TS
22,163,0.9974735928424314,0.9956981203543439,M2,50,TS
22,164,0.9974506677254206,0.9956352740289723,M2,50,TS
22,165,0.9974375716473516,0.9955831348903498,M2,50,TS
22,166,0.9974409607621424,0.9955466174314013,M2,50,TS
22,167,0.9974532155137844,0.9955187036117422,M2,50,TS
22,168,0.9974715255646589,0.9955090539655803,M2,50,TS
22,169,0.9974882601035546,0.9954817119115871,M2,50,TS
22,170,0.9974927470335335,0.9954575078146812,M2,50,TS
22,171,0.9974823827231087,0.9953964410888775,M2,50,TS
22,172,0.9974560568032118,0.9953070678304129,M2,50,TS
22,173,0.9974282640273349,0.995234931886029,M2,50,TS
22,174,0.9974235959318766,0.9951675920368331,M2,50,TS
22,175,0.9974112134769693,0.9951156933807452,M2,50,TS
22,176,0.9974167092627432,0.9950586907031648,M2,50,TS
22,177,0.9974104067819365,0.9950256492918016,M2,50,TS
22,178,0.9973914928461298,0.9950142444327598,M2,50,TS
22,179,0.9973688547367965,0.9950036800137886,M2,50,TS
22,180,0.9973364659420498,0.9950033350492755,M2,50,TS
22,181,0.9972937885930526,0.994988830488578,M2,50,TS
22,182,0.9972503787900733,0.9949743659255099,M2,50,TS
22,183,0.9972196642067779,0.9949586044372192,M2,50,TS
22,184,0.9971947514642006,0.9949237420526561,M2,50,TS
22,185,0.9971539974562448,0.9948839625604631,M2,50,TS
22,186,0.99711660853755,0.9948156028415422,M2,50,TS
22,187,0.9970594165220095,0.9947484069994307,M2,50,TS
22,188,0.9969981574821415,0.994687976292467,M2,50,TS
22,189,0.996932905442551,0.9946342731390659,M2,50,TS
22,190,0.9968700312810477,0.9945816322713353,M2,50,TS
22,191,0.9967969001664407,0.9945428254910027,M2,50,TS
22,192,0.9967343004587343,0.9944766986575546,M2,50,TS
22,193,0.9966924120561809,0.9943887120850211,M2,50,TS
22,194,0.9966737251724511,0.994319439631131,M2,50,TS
22,195,0.9966714083321956,0.9942250309703026,M2,50,TS
22,196,0.9966745969745014,0.9941539914922647,M2,50,TS
22,197,0.9966913347168012,0.9940853720611518,M2,50,TS
22,198,0.9967216215590917,0.9940191726769608,M2,50,TS
22,199,0.9967654575013734,0.9939553933396919,M2,50,TS
22,200,0.996822842543646,0.9938940340493452,M2,50,TS
23,151,0.9957291000885199,0.9961086130934204,M2,50,TS
23,152,0.995655804722311,0.996077431097068,M2,50,TS
23,153,0.995583265767001,0.9960424965413297,M2,50,TS
23,154,0.9955114832225899,0.9960038094262051,M2,50,TS
23,155,0.9954404570890777,0.9959613697516947,M2,50,TS
23,156,0.9953701873664672,0.9959151775178009,M2,50,TS
23,157,0.9952964816511591,0.9958723897601724,M2,50,TS
23,158,0.9952337450924627,0.9958181043488133,M2,50,TS
23,159,0.9951646689343825,0.9957622453177581,M2,50,TS
23,160,0.9950886447357687,0.9957012490518975,M2,50,TS
23,161,0.9950125348933974,0.9956380840442366,M2,50,TS
23,162,0.9949454753952015,0.9955503127144041,M2,50,TS
23,163,0.9948705612965933,0.9954684600713392,M2,50,TS
23,164,0.9948185960203811,0.9954041980790497,M2,50,TS
23,165,0.9947838854552487,0.9953504503549567,M2,50,TS
23,166,0.9947588975268944,0.9953125050678593,M2,50,TS
23,167,0.9947590577003345,0.995282760457471,M2,50,TS
23,168,0.9947644068394659,0.9952713091075948,M2,50,TS
23,169,0.9947660037795605,0.9952422039613347,M2,50,TS
23,170,0.9947637944757017,0.9952160208753633,M2,50,TS
23,171,0.9947466162556119,0.9951529578102346,M2,50,TS
23,172,0.9947189951630708,0.9950614326563195,M2,50,TS
23,173,0.9946621370785891,0.9949878663782058,M2,50,TS
23,174,0.9946149970545015,0.9949194439849217,M2,50,TS
23,175,0.9945695964921818,0.9948662306877485,M2,50,TS
23,176,0.9945269742307985,0.9948082841057235,M2,50,TS
23,177,0.9944802338775807,0.9947741165419128,M2,50,TS
23,178,0.99442978382032,0.9947613787321187,M2,50,TS
23,179,0.994383440304972,0.994749271901364,M2,50,TS
23,180,0.9943415393688771,0.9947470343867472,M2,50,TS
23,181,0.9942902372324994,0.9947306085858872,M2,50,TS
23,182,0.9942375416961541,0.9947142438807921,M2,50,TS
23,183,0.9941733265295782,0.994697207869496,M2,50,TS
23,184,0.9941300293605158,0.9946606729696442,M2,50,TS
23,185,0.9940893572924874,0.9946187441401177,M2,50,TS
23,186,0.9940361842867442,0.9945486123004981,M2,50,TS
23,187,0.9939514980828261,0.9944799530376339,M2,50,TS
23,188,0.9938687256791139,0.9944179168915646,M2,50,TS
23,189,0.9937819685524725,0.994362606074292,M2,50,TS
23,190,0.9937040166065777,0.9943081929345061,M2,50,TS
23,191,0.9936094491179026,0.9942677881002138,M2,50,TS
23,192,0.9935086087142964,0.9942004773324087,M2,50,TS
23,193,0.9934110201584094,0.9941117450944226,M2,50,TS
23,194,0.9933458424257315,0.9940414963383865,M2,50,TS
23,195,0.9932978906382908,0.9939460741461527,M2,50,TS
23,196,0.993268502233414,0.9938737011807124,M2,50,TS
23,197,0.9932555990533375,0.9938036742526545,M2,50,TS
23,198,0.9932591810980587,0.9937359933619759,M2,50,TS
23,199,0.9932792483675777,0.9936706585086772,M2,50,TS
23,200,0.9933158008618946,0.9936076696927577,M2,50,TS
26,151,0.9959505042486115,0.9961947473956875,M2,50,TS
26,152,0.9959391513915293,0.9961744453772109,M2,50,TS
26,153,0.9959235813440527,0.9961505185401912,M2,50,TS
26,154,0.9959037941061815,0.9961229668846283,M2,50,TS
26,155,0.9958797896779156,0.9960917904105222,M2,50,TS
26,156,0.9958515680592581,0.996056989117876,M2,50,TS
26,157,0.9958072894134908,0.9960258718085369,M2,50,TS
26,158,0.9957666449082698,0.9959835283791886,M2,50,TS
26,159,0.9957290508396146,0.9959393459881156,M2,50,TS
26,160,0.9956855218293663,0.9958899964919053,M2,50,TS
26,161,0.9956471401855236,0.9958383596758378,M2,50,TS
26,162,0.9956172217042869,0.9957622026257398,M2,50,TS
26,163,0.9955702454172622,0.9956921658074634,M2,50,TS
26,164,0.9955319666902213,0.9956400572496656,M2,50,TS
26,165,0.9954958282837898,0.9955988584751899,M2,50,TS
26,166,0.9954580497498497,0.9955737299885928,M2,50,TS
26,167,0.9954201972989694,0.9955574022385245,M2,50,TS
26,168,0.9954003162585383,0.9955590183902764,M2,50,TS
26,169,0.9953739741361689,0.9955431047593587,M2,50,TS
26,170,0.9953283702185327,0.9955305080293959,M2,50,TS
26,171,0.9952770786212812,0.9954808578549921,M2,50,TS
26,172,0.9952158335301919,0.9954027775598668,M2,50,TS
26,173,0.9951514651758169,0.9953419569826815,M2,50,TS
26,174,0.9950852331987592,0.9952865639833769,M2,50,TS
26,175,0.9950159682286617,0.9952464700293958,M2,50,TS
26,176,0.994937142898188,0.9952020112042437,M2,50,TS
26,177,0.9948684720981864,0.9951809194377946,M2,50,TS
26,178,0.994824032753938,0.9951804733315034,M2,50,TS
26,179,0.9947916678182149,0.9951804816938145,M2,50,TS
26,180,0.9947660354292998,0.9951902569930671,M2,50,TS
26,181,0.9947581952186065,0.995185165660681,M2,50,TS
26,182,0.9947504723156242,0.9951800834536774,M2,50,TS
26,183,0.9947581154144762,0.9951736253750534,M2,50,TS
26,184,0.99477481366559,0.995148004992199,M2,50,TS
26,185,0.994767935465342,0.9951176732051699,M2,50,TS
26,186,0.9947573642526486,0.9950590064796628,M2,50,TS
26,187,0.9947425828269708,0.9950010860008054,M2,50,TS
26,188,0.9947137593630634,0.9949501617342407,M2,50,TS
26,189,0.9947103567853216,0.9949052155955418,M2,50,TS
26,190,0.9946953152330662,0.9948616905786455,M2,50,TS
26,191,0.994681869981461,0.9948316719173955,M2,50,TS
26,192,0.9946622189775258,0.9947747983006706,M2,50,TS
26,193,0.9946446633771215,0.9946965619579626,M2,50,TS
26,194,0.9946319178289431,0.9946374989733842,M2,50,TS
26,195,0.9945965515165704,0.9945543318947666,M2,50,TS
26,196,0.9945587055634009,0.9944947064277172,M2,50,TS
26,197,0.9945147672408209,0.9944380014603988,M2,50,TS
26,198,0.994464736548828,0.9943842169928088,M2,50,TS
26,199,0.9944086134874224,0.994333353024947,M2,50,TS
26,200,0.994346398056604,0.9942854095568137,M2,50,TS
27,151,0.9956270353333843,0.9941074608395355,M2,50,TS
27,152,0.9956308304875027,0.9940591940371868,M2,50,TS
27,153,0.9956235063981074,0.9940074794220829,M2,50,TS
27,154,0.9956050630651984,0.9939523169942236,M2,50,TS
27,155,0.9955755004887756,0.993893706753609,M2,50,TS
27,156,0.9955348186688422,0.993831648700242,M2,50,TS
27,157,0.9954834006625471,0.9937731528189007,M2,50,TS
27,158,0.995418425360461,0.9937038443670817,M2,50,TS
27,159,0.9953565849148365,0.9936327027527896,M2,50,TS
27,160,0.9952733097356826,0.9935567929343252,M2,50,TS
27,161,0.9952144854349595,0.993478095397967,M2,50,TS
27,162,0.9951573562046216,0.9933750276241385,M2,50,TS
27,163,0.9950850316767843,0.993278043858611,M2,50,TS
27,164,0.9949959437697586,0.9931996507388796,M2,50,TS
27,165,0.9949210350328426,0.9931318560894535,M2,50,TS
27,166,0.9948438679446346,0.9930801555042058,M2,50,TS
27,167,0.9947548564922097,0.9930375730158919,M2,50,TS
27,168,0.9946976510250903,0.9930125865735542,M2,50,TS
27,169,0.9946473330066448,0.9929697099407258,M2,50,TS
27,170,0.9945945152930386,0.9929297209764173,M2,50,TS
27,171,0.9945447834265342,0.9928524320078398,M2,50,TS
27,172,0.9945075395805032,0.9927461224395466,M2,50,TS
27,173,0.9944889188554943,0.9926565245963537,M2,50,TS
27,174,0.9944763021037695,0.9925721569494971,M2,50,TS
27,175,0.9944619689353607,0.9925030654046914,M2,50,TS
27,176,0.9944689801054403,0.9924287992406385,M2,50,TS
27,177,0.9944851237885035,0.9923779415327333,M2,50,TS
27,178,0.9944910894255776,0.9923486342430853,M2,50,TS
27,179,0.9944799854294203,0.9923205198161997,M2,50,TS
27,180,0.9944433259927755,0.9923030149338079,M2,50,TS
27,181,0.994388699724889,0.9922715541336036,M2,50,TS
27,182,0.9943523016714957,0.9922396421808138,M2,50,TS
27,183,0.9943249681714408,0.9922065207335359,M2,50,TS
27,184,0.99428351692634,0.9921548205247297,M2,50,TS
27,185,0.9942383398808105,0.9920978964484823,M2,50,TS
27,186,0.9942158639706631,0.9920119293080826,M2,50,TS
27,187,0.9941856942445113,0.9919268063826149,M2,50,TS
27,188,0.9941470624534154,0.9918485485875789,M2,50,TS
27,189,0.9941038359803992,0.9917770364153334,M2,50,TS
27,190,0.9940330063469403,0.9917073553385263,M2,50,TS
27,191,0.9939755654170752,0.9916508896576314,M2,50,TS
27,192,0.993924755344659,0.9915672222361679,M2,50,TS
27,193,0.9938759374482569,0.9914621849432069,M2,50,TS
27,194,0.9938333304535465,0.9913762911227837,M2,50,TS
27,195,0.9937877818081611,0.9912657728431589,M2,50,TS
27,196,0.9937337446981204,0.991178966098277,M2,50,TS
27,197,0.9936772647437789,0.9910949878313801,M2,50,TS
27,198,0.9936183419451339,0.9910138380424653,M2,50,TS
27,199,0.9935569763021853,0.9909355167315329,M2,50,TS
27,200,0.9934931678149332,0.9908600238985826,M2,50,TS
28,151,0.9958768271134878,0.9933935481704544,M2,50,TS
28,152,0.9958069872774017,0.9933402038830196,M2,50,TS
28,153,0.9957385062343753,0.9932830917091986,M2,50,TS
28,154,0.9956713839844086,0.9932222116489915,M2,50,TS
28,155,0.9956056205275016,0.9931575637023983,M2,50,TS
28,156,0.9955412158636568,0.9930891478694218,M2,50,TS
28,157,0.9954703721703593,0.9930241985882909,M2,50,TS
28,158,0.9954017294613472,0.9929480047343017,M2,50,TS
28,159,0.9953492965457706,0.9928696508887416,M2,50,TS
28,160,0.9952887605784829,0.9927861880890203,M2,50,TS
28,161,0.9952268306544811,0.992700595353982,M2,50,TS
28,162,0.9951706085295687,0.992590506198729,M2,50,TS
28,163,0.9951025837892211,0.9924864252259795,M2,50,TS
28,164,0.9950259680471947,0.9924007341092743,M2,50,TS
28,165,0.9949711867638683,0.9923254426152561,M2,50,TS
28,166,0.9949195165957059,0.9922661150835045,M2,50,TS
28,167,0.9948801619547997,0.992215301639727,M2,50,TS
28,168,0.9948288282290081,0.9921832141527125,M2,50,TS
28,169,0.994759286893276,0.9921338619274988,M2,50,TS
28,170,0.9946900390221152,0.9920873261324201,M2,50,TS
28,171,0.9946267177461146,0.9920033966193887,M2,50,TS
28,172,0.9945784560647598,0.9918903664190827,M2,50,TS
28,173,0.9945622098053123,0.9917937145180823,M2,50,TS
28,174,0.9945735190442897,0.9917017448236504,M2,50,TS
28,175,0.9946043690732354,0.9916245168616744,M2,50,TS
28,176,0.9946231319216181,0.9915429542900995,M2,50,TS
28,177,0.9946438750046789,0.9914849986625748,M2,50,TS
28,178,0.9946295992122275,0.9914492523606871,M2,50,TS
28,179,0.9945936333057059,0.9914148077125635,M2,50,TS
28,180,0.9945449739711748,0.9913906569008534,M2,50,TS
28,181,0.9944893921720652,0.9913522606520209,M2,50,TS
28,182,0.9944399381823597,0.9913137282237169,M2,50,TS
28,183,0.9944161321713652,0.9912735664779173,M2,50,TS
28,184,0.9943877023568948,0.9912145718751617,M2,50,TS
28,185,0.9943462800062939,0.9911505873877675,M2,50,TS
28,186,0.9943019638171833,0.9910581853772461,M2,50,TS
28,187,0.9942709067133846,0.9909660990693774,M2,50,TS
28,188,0.994239933611649,0.9908806706216868,M2,50,TS
28,189,0.9942015542194994,0.9908020573837023,M2,50,TS
28,190,0.9941377686530268,0.9907252186468536,M2,50,TS
28,191,0.9940912929380132,0.9906615064874115,M2,50,TS
28,192,0.9940443114741453,0.9905707584837953,M2,50,TS
28,193,0.9940105493736837,0.9904583435096201,M2,50,TS
28,194,0.9939496478780393,0.9903659327037485,M2,50,TS
28,195,0.993885339415004,0.9902488938224278,M2,50,TS
28,196,0.9938172778179344,0.9901554603321705,M2,50,TS
28,197,0.9937457480426715,0.9900648830203831,M2,50,TS
28,198,0.9936707500892124,0.9899771618870629,M2,50,TS
28,199,0.9935922839575569,0.9898922969322095,M2,50,TS
28,200,0.9935103496477052,0.9898102881558234,M2,50,TS
29,151,0.9971053161646016,0.9963792772615601,M2,50,TS
29,152,0.9970546443879883,0.9963501321547937,M2,50,TS
29,153,0.9969999147314916,0.9963173580141935,M2,50,TS
29,154,0.9969411271951116,0.9962809548397598,M2,50,TS
29,155,0.9968782817788483,0.996240922631492,M2,50,TS
29,156,0.9968113784827042,0.9961972613893934,M2,50,TS
29,157,0.9967248965817403,0.9961574044739681,M2,50,TS
29,158,0.9966387616759906,0.9961063488548533,M2,50,TS
29,159,0.9965665081064645,0.9960531933429093,M2,50,TS
29,160,0.9965136282181668,0.9959942244914032,M2,50,TS
29,161,0.9964645471636396,0.9959329922647349,M2,50,TS
29,162,0.9964205732676059,0.9958472775294811,M2,50,TS
29,163,0.9963652681228199,0.9957675596267794,M2,50,TS
29,164,0.9963280237515837,0.9957055489052103,M2,50,TS
29,165,0.9963083764024314,0.995654046247805,M2,50,TS
29,166,0.9962999252139577,0.9956183007647416,M2,50,TS
29,167,0.9962917071015146,0.9955913800352916,M2,50,TS
29,168,0.9962900129355721,0.9955827114077443,M2,50,TS
29,169,0.9963176372464052,0.9955555584788404,M2,50,TS
29,170,0.996330514478867,0.9955316076382762,M2,50,TS
29,171,0.99633957105396,0.9954705115740261,M2,50,TS
29,172,0.9963433788354059,0.9953808344722483,M2,50,TS
29,173,0.996316399630141,0.9953091463510592,M2,50,TS
29,174,0.9962795277877291,0.9952431007266791,M2,50,TS
29,175,0.996253321792555,0.9951920249808777,M2,50,TS
29,176,0.9962191139567975,0.9951365089076459,M2,50,TS
29,177,0.9961771816583925,0.9951048495682752,M2,50,TS
29,178,0.9961279864664458,0.9950946894607088,M2,50,TS
29,179,0.9960935972765861,0.9950848948440797,M2,50,TS
29,180,0.9960372576932366,0.9950856323385743,M2,50,TS
29,181,0.9959856516483765,0.99507182515958,M2,50,TS
29,182,0.9959354462420607,0.9950580032302612,M2,50,TS
29,183,0.9958692511216817,0.9950436197066216,M2,50,TS
29,184,0.9958310565509717,0.995009566196993,M2,50,TS
29,185,0.9957945079160518,0.9949701473149074,M2,50,TS
29,186,0.9957594622723526,0.9949021962659002,M2,50,TS
29,187,0.995720506712767,0.9948350015643583,M2,50,TS
29,188,0.9956817104654498,0.9947744635127783,M2,50,TS
29,189,0.9956372887491772,0.9947206949382904,M2,50,TS
29,190,0.9955685636190378,0.9946686727191034,M2,50,TS
29,191,0.9954968102463866,0.9946302991764193,M2,50,TS
29,192,0.9954372577928832,0.9945645628841339,M2,50,TS
29,193,0.99534720467828,0.9944782798527623,M2,50,TS
29,194,0.9952711797727173,0.9944109460358928,M2,50,TS
29,195,0.9952156734143542,0.9943183697207627,M2,50,TS
29,196,0.9951853650628,0.9942486575415899,M2,50,TS
29,197,0.9951711378661893,0.9941813004308125,M2,50,TS
29,198,0.9951729918245189,0.9941162983884279,M2,50,TS
29,199,0.9951909269377889,0.9940536514144361,M2,50,TS
29,200,0.9952249432059993,0.9939933595088372,M2,50,TS
30,151,0.9786156496830348,0.9770659393036986,M2,50,TS
30,152,0.97849959995813,0.9768938601106449,M2,50,TS
30,153,0.9783824134107618,0.9767180769656895,M2,50,TS
30,154,0.9782640900409304,0.9765385898688326,M2,50,TS
30,155,0.9781446298486357,0.9763553988200737,M2,50,TS
30,156,0.9780240328338803,0.976168503819416,M2,50,TS
30,157,0.9778889014610461,0.9759853323434311,M2,50,TS
30,158,0.9777682447260291,0.9757905074907754,M2,50,TS
30,159,0.9776605185831237,0.9755936360797378,M2,50,TS
30,160,0.97753377880097,0.9753919388684965,M2,50,TS
30,161,0.9774259211339003,0.9751875755370585,M2,50,TS
30,162,0.9773195538559117,0.974958744177278,M2,50,TS
30,163,0.9771920347440073,0.9747361982599417,M2,50,TS
30,164,0.9770537208353786,0.9745321286602237,M2,50,TS
30,165,0.976874119681151,0.9743400638388656,M2,50,TS
30,166,0.976676843904003,0.9741645203841288,M2,50,TS
30,167,0.9764800237719291,0.9739978482783087,M2,50,TS
30,168,0.9762819189345002,0.9738496514044451,M2,50,TS
30,169,0.9760779184118875,0.9736838122477305,M2,50,TS
30,170,0.9758535861728687,0.9735213181328306,M2,50,TS
30,171,0.975640084719773,0.9733212339163873,M2,50,TS
30,172,0.9754444258391946,0.9730919298853342,M2,50,TS
30,173,0.9752571500427585,0.9728796430890874,M2,50,TS
30,174,0.9750693311365886,0.9726727736820041,M2,50,TS
30,175,0.9748969062286892,0.9724807895687888,M2,50,TS
30,176,0.9747300921460091,0.9722839579463173,M2,50,TS
30,177,0.9745758297873253,0.9721105143074126,M2,50,TS
30,178,0.9744064513106123,0.9719588450105576,M2,50,TS
30,179,0.9742581496357877,0.9718073505343992,M2,50,TS
30,180,0.9741236702127505,0.9716655207458047,M2,50,TS
30,181,0.9739996481604303,0.9715089801172793,M2,50,TS
30,182,0.9738789733217553,0.9713523900741728,M2,50,TS
30,183,0.9737841247686867,0.9711941855684256,M2,50,TS
30,184,0.9736866657990332,0.9710170607141507,M2,50,TS
30,185,0.9735904989506905,0.9708345679335774,M2,50,TS
30,186,0.9734797771977106,0.9706238494598101,M2,50,TS
30,187,0.9733510233290976,0.9704142775310212,M2,50,TS
30,188,0.9731987434300009,0.9702120079481764,M2,50,TS
30,189,0.9730811593001335,0.9700154685100527,M2,50,TS
30,190,0.9729794485882934,0.9698196473598382,M2,50,TS
30,191,0.9728458590800013,0.9696382505380593,M2,50,TS
30,192,0.9727194183353756,0.9694295635495005,M2,50,TS
30,193,0.9725771072263516,0.9691999223439607,M2,50,TS
30,194,0.9724210447533566,0.9689899603196674,M2,50,TS
30,195,0.9722410586237553,0.9687558415527666,M2,50,TS
30,196,0.9720844632924925,0.9685446866363198,M2,50,TS
30,197,0.971925259507695,0.9683363706561154,M2,50,TS
30,198,0.97176344726936,0.9681308936121505,M2,50,TS
30,199,0.9715990265774874,0.9679282555044255,M2,50,TS
30,200,0.9714319974320774,0.9677284563329401,M2,50,TS
31,151,0.9975070046684483,0.999456553778233,M2,50,TS
31,152,0.997474092201904,0.9994562936390453,M2,50,TS
31,153,0.9974387880343855,0.9994523617450142,M2,50,TS
31,154,0.9974010921658929,0.999444758096139,M2,50,TS
31,155,0.9973610045964262,0.9994334826924203,M2,50,TS
31,156,0.9973185253259879,0.9994185355338606,M2,50,TS
31,157,0.9972511507658179,0.9994075277616297,M2,50,TS
31,158,0.9971848111679518,0.9993853062993393,M2,50,TS
31,159,0.9971480978372742,0.9993605802443594,M2,50,TS
31,160,0.9971319010209514,0.9993300112484107,M2,50,TS
31,161,0.9971251197669797,0.9992970353024295,M2,50,TS
31,162,0.9971208142617026,0.9992396464554045,M2,50,TS
31,163,0.9970887395225201,0.9991886749925272,M2,50,TS
31,164,0.9970490605713396,0.9991560679923691,M2,50,TS
31,165,0.9970042857558397,0.9991345512448511,M2,50,TS
31,166,0.9969578503880083,0.9991291206536113,M2,50,TS
31,167,0.9968884360628354,0.9991331086289029,M2,50,TS
31,168,0.9968279092851762,0.999155287461099,M2,50,TS
31,169,0.9967573712929807,0.9991599920975462,M2,50,TS
31,170,0.9966948078549835,0.9991673161864165,M2,50,TS
31,171,0.9966349709782729,0.9991373290279735,M2,50,TS
31,172,0.996591494356329,0.9990782079520848,M2,50,TS
31,173,0.9965419818218111,0.9990364404638463,M2,50,TS
31,174,0.9965113307933615,0.9989995777215854,M2,50,TS
31,175,0.9964791181183416,0.9989779974100728,M2,50,TS
31,176,0.9964635240505813,0.998951347095435,M2,50,TS
31,177,0.9964451825759255,0.9989484245816149,M2,50,TS
31,178,0.9964224586446496,0.9989669254047142,M2,50,TS
31,179,0.9963817573715876,0.9989866332850457,M2,50,TS
31,180,0.9963609201896753,0.999015799701714,M2,50,TS
31,181,0.9963277652487826,0.9990308592219405,M2,50,TS
31,182,0.9962946207306943,0.9990459392017128,M2,50,TS
31,183,0.9962528918134679,0.9990602672785975,M2,50,TS
31,184,0.9962236959859262,0.9990553227806734,M2,50,TS
31,185,0.9961806766368064,0.9990454099389082,M2,50,TS
31,186,0.9961562358257028,0.9990065298929909,M2,50,TS
31,187,0.9961461259271673,0.9989679375721306,M2,50,TS
31,188,0.9961059648658412,0.9989367755319848,M2,50,TS
31,189,0.9960572708541137,0.9989124578391149,M2,50,TS
31,190,0.9960122097441348,0.9988891702022167,M2,50,TS
31,191,0.9959512449869277,0.9988798604097351,M2,50,TS
31,192,0.9959146986428828,0.9988428760022947,M2,50,TS
31,193,0.9958371791458136,0.9987856144417275,M2,50,TS
31,194,0.9957720818575309,0.9987473427306672,M2,50,TS
31,195,0.9956880636310182,0.9986848412216959,M2,50,TS
31,196,0.995610149220539,0.9986456919739289,M2,50,TS
31,197,0.9955296818882626,0.9986093754392721,M2,50,TS
31,198,0.9954466616341862,0.9985758916177224,M2,50,TS
31,199,0.9953610884583096,0.9985452405092796,M2,50,TS
31,200,0.9952729623606329,0.9985174221139441,M2,50,TS
32,151,0.9976372787513029,0.9979998265251384,M2,50,TS
32,152,0.9975859283782122,0.9979858707968573,M2,50,TS
32,153,0.997537759894991,0.9979681003668722,M2,50,TS
32,154,0.9974927733016392,0.9979465152351831,M2,50,TS
32,155,0.9974509685981569,0.99792111540179,M2,50,TS
32,156,0.9974123457845467,0.9978919008666957,M2,50,TS
32,157,0.9973910714903576,0.9978655480681173,M2,50,TS
32,158,0.9973645351764251,0.9978281323245285,M2,50,TS
32,159,0.9973236525734257,0.9977893428336649,M2,50,TS
32,160,0.9972787239121719,0.9977453408277891,M2,50,TS
32,161,0.9972344983995737,0.9976991533038058,M2,50,TS
32,162,0.9971726285375544,0.9976290597476726,M2,50,TS
32,163,0.9970815136859652,0.9975654257701358,M2,50,TS
32,164,0.9970228364338789,0.9975191329830297,M2,50,TS
32,165,0.9969708889751285,0.9974836261347753,M2,50,TS
32,166,0.9969182256786682,0.9974641842001268,M2,50,TS
32,167,0.9968728833104742,0.997453389801243,M2,50,TS
32,168,0.9968603327414325,0.9974601760361675,M2,50,TS
32,169,0.9968612785135655,0.9974488782499799,M2,50,TS
32,170,0.9968686788578124,0.9974402390816531,M2,50,TS
32,171,0.9969081763848517,0.9973935272985297,M2,50,TS
32,172,0.9969420233445405,0.997318240404608,M2,50,TS
32,173,0.9969555279992341,0.9972606776868577,M2,50,TS
32,174,0.9969494042176517,0.9972090084691435,M2,50,TS
32,175,0.9969421889585828,0.9971726137574012,M2,50,TS
32,176,0.9968777141211322,0.9971330368518283,M2,50,TS
32,177,0.9968280375656302,0.9971167436735594,M2,50,TS
32,178,0.9967976306524424,0.9971212759759218,M2,50,TS
32,179,0.9967544462986647,0.9971268783638435,M2,50,TS
32,180,0.99670640641245,0.9971425788368701,M2,50,TS
32,181,0.9966986004560046,0.9971428223948262,M2,50,TS
32,182,0.9966953899063733,0.9971429705463803,M2,50,TS
32,183,0.996685822577861,0.9971423116121163,M2,50,TS
32,184,0.9966502949747469,0.9971233631222872,M2,50,TS
32,185,0.9966254627133584,0.9970988161434652,M2,50,TS
32,186,0.9965679863271613,0.9970466034780043,M2,50,TS
32,187,0.9965344708143342,0.9969944349944128,M2,50,TS
32,188,0.9964988250717449,0.9969489853636745,M2,50,TS
32,189,0.996472074794096,0.9969099322447221,M2,50,TS
32,190,0.9964329443745374,0.9968723199153128,M2,50,TS
32,191,0.9964071385563611,0.9968479403462699,M2,50,TS
32,192,0.99638051035617,0.9967965267555045,M2,50,TS
32,193,0.9963321543374705,0.9967243387185013,M2,50,TS
32,194,0.9962579876875047,0.9966721232361787,M2,50,TS
32,195,0.9961316823678599,0.9965965236586906,M2,50,TS
32,196,0.9960397422901545,0.9965435576666999,M2,50,TS
32,197,0.9959416583034034,0.9964935170406818,M2,50,TS
32,198,0.9958374304076035,0.9964464017806336,M2,50,TS
32,199,0.9957270586027549,0.9964022118865552,M2,50,TS
32,200,0.9956105428888574,0.9963609473584466,M2,50,TS
33,151,0.9971866038348991,0.9973984985555495,M2,50,TS
33,152,0.9971771882546973,0.9973784597787473,M2,50,TS
33,153,0.9971627874329976,0.9973548157730137,M2,50,TS
33,154,0.9971434013697998,0.9973275665383488,M2,50,TS
33,155,0.9971190300651044,0.9972967120747525,M2,50,TS
33,156,0.9970896735189142,0.9972622523822278,M2,50,TS
33,157,0.9970750525561606,0.9972307113273046,M2,50,TS
33,158,0.9970425841341679,0.9971884492109786,M2,50,TS
33,159,0.9969901285945653,0.9971449523025634,M2,50,TS
33,160,0.9969343104870382,0.9970962244632565,M2,50,TS
33,161,0.9968498712257743,0.9970460665969775,M2,50,TS
33,162,0.9967605827944513,0.9969716909196351,M2,50,TS
33,163,0.9966678050407587,0.9969031064460846,M2,50,TS
33,164,0.996574105338067,0.9968527121675964,M2,50,TS
33,165,0.996518019421148,0.9968123137556474,M2,50,TS
33,166,0.9965124608595439,0.9967866609067343,M2,50,TS
33,167,0.9965141825532565,0.996769645883938,M2,50,TS
33,168,0.9965348749456002,0.9967705609595511,M2,50,TS
33,169,0.9965777630163406,0.9967531815581302,M2,50,TS
33,170,0.9966255238746355,0.996738501026909,M2,50,TS
33,171,0.996656957677011,0.9966870044838638,M2,50,TS
33,172,0.9966550091253424,0.996607654161815,M2,50,TS
33,173,0.9966137619288136,0.9965465072465133,M2,50,TS
33,174,0.9965502000997162,0.9964913195940006,M2,50,TS
33,175,0.9964746392831506,0.9964516786541412,M2,50,TS
33,176,0.9964297188078007,0.996406613530954,M2,50,TS
33,177,0.9963524304473172,0.9963860309549437,M2,50,TS
33,178,0.9963035782007477,0.996386023280226,M2,50,TS
33,179,0.9962833687753415,0.9963860299914904,M2,50,TS
33,180,0.996263535279786,0.9963959905761317,M2,50,TS
33,181,0.9962624508250876,0.9963910495949151,M2,50,TS
33,182,0.9962451407180266,0.996386544045322,M2,50,TS
33,183,0.9962085193003893,0.9963815600713083,M2,50,TS
33,184,0.9961343369655,0.9963585913702036,M2,50,TS
33,185,0.9960713222389226,0.9963300145691524,M2,50,TS
33,186,0.9959977556922955,0.9962732271803466,M2,50,TS
33,187,0.9959310026846178,0.9962169177010151,M2,50,TS
33,188,0.9958913374269002,0.9961665696064054,M2,50,TS
33,189,0.9958676527629517,0.9961224379240297,M2,50,TS
33,190,0.9958287970002899,0.996079818384088,M2,50,TS
33,191,0.9958101939978872,0.9960502459538534,M2,50,TS
33,192,0.9957553463743947,0.9959945599103152,M2,50,TS
33,193,0.9956676125809258,0.995918392180965,M2,50,TS
33,194,0.9955510426928489,0.9958622703653421,M2,50,TS
33,195,0.9954382903886538,0.9957813405297454,M2,50,TS
33,196,0.9953639686455392,0.995722929232568,M2,50,TS
33,197,0.9952958060850953,0.9956671267831809,M2,50,TS
33,198,0.995233802707319,0.9956139331815812,M2,50,TS
33,199,0.9951779585122102,0.9955633484277692,M2,50,TS
33,200,0.9951282734997692,0.9955153725217446,M2,50,TS
34,151,0.9966019173591216,0.9975481944415853,M2,50,TS
34,152,0.9965375109004615,0.9975304002445273,M2,50,TS
34,153,0.9964763859472371,0.9975087888924257,M2,50,TS
34,154,0.9964185424994484,0.9974833603852802,M2,50,TS
34,155,0.9963639805570954,0.9974541147230909,M2,50,TS
34,156,0.9963127001201811,0.9974210519058607,M2,50,TS
34,157,0.9962666149512827,0.9973911483430968,M2,50,TS
34,158,0.9962313772546405,0.9973497956194803,M2,50,TS
34,159,0.9961944141671855,0.9973067376188249,M2,50,TS
34,160,0.9961536486065649,0.9972584596175588,M2,50,TS
34,161,0.9961014414646291,0.997208312477841,M2,50,TS
34,162,0.9960531997214542,0.9971337280580401,M2,50,TS
34,163,0.9959737831291746,0.9970656414737028,M2,50,TS
34,164,0.9958895801595637,0.9970158415614859,M2,50,TS
34,165,0.9958105437270061,0.9969768701983068,M2,50,TS
34,166,0.9957351350167742,0.9969538447708801,M2,50,TS
34,167,0.9956700869728872,0.9969393739330624,M2,50,TS
34,168,0.9956347533603704,0.9969425557914283,M2,50,TS
34,169,0.9956246217533973,0.9969273711930803,M2,50,TS
34,170,0.9956381439208416,0.9969144038487395,M2,50,TS
34,171,0.9956591928566096,0.9968640148704683,M2,50,TS
34,172,0.9956785063282084,0.9967849647924177,M2,50,TS
34,173,0.9956721182871628,0.9967237666655342,M2,50,TS
34,174,0.9956474420670414,0.9966684232704925,M2,50,TS
34,175,0.9956137090233086,0.9966285481231134,M2,50,TS
34,176,0.9955610584346923,0.9965845241918959,M2,50,TS
34,177,0.9955001619276789,0.9965643600175816,M2,50,TS
34,178,0.9954384586761857,0.9965655143305199,M2,50,TS
34,179,0.9953924389841059,0.9965670178946989,M2,50,TS
34,180,0.9953774793924586,0.9965776846586054,M2,50,TS
34,181,0.995351102307958,0.9965742250787032,M2,50,TS
34,182,0.9953200941072107,0.9965709024151557,M2,50,TS
34,183,0.9952827946572366,0.9965667660798164,M2,50,TS
34,184,0.9952469365732137,0.9965436479601293,M2,50,TS
34,185,0.9952154748524293,0.9965150963680397,M2,50,TS
34,186,0.9951500523424563,0.9964589429406178,M2,50,TS
34,187,0.9950793958477373,0.9964035739360384,M2,50,TS
34,188,0.9949994423017487,0.9963550959254679,M2,50,TS
34,189,0.9949363986368576,0.9963128111532478,M2,50,TS
34,190,0.9948937771697592,0.9962711258743061,M2,50,TS
34,191,0.9948373823582575,0.9962433569026435,M2,50,TS
34,192,0.9947845605225776,0.9961884582486806,M2,50,TS
34,193,0.9947197686923281,0.9961125442641926,M2,50,TS
34,194,0.9946657853548242,0.9960556580147765,M2,50,TS
34,195,0.9946061635654042,0.9959742105905671,M2,50,TS
34,196,0.9945227695739276,0.9959168721902603,M2,50,TS
34,197,0.9944266437355376,0.9958626265588717,M2,50,TS
34,198,0.9943177860502315,0.9958114736963988,M2,50,TS
34,199,0.9941961965180095,0.9957634136028416,M2,50,TS
34,200,0.9940618751388715,0.9957184462782,M2,50,TS
35,151,0.9708355022098698,0.9729139760987088,M2,50,TS
35,152,0.9706232971273814,0.9727122700209461,M2,50,TS
35,153,0.9704123482237726,0.9725068038386377,M2,50,TS
35,154,0.9702026554990436,0.9722975775517838,M2,50,TS
35,155,0.9699942189531942,0.9720845911603843,M2,50,TS
35,156,0.9697870385862275,0.971867844664442,M2,50,TS
35,157,0.9696018384489045,0.9716533139924595,M2,50,TS
35,158,0.9694066902960077,0.9714288593327975,M2,50,TS
35,159,0.9691907774375861,0.9712028842041267,M2,50,TS
35,160,0.9689591770683395,0.9709719413500977,M2,50,TS
35,161,0.9687235971385736,0.9707391225310987,M2,50,TS
35,162,0.9684909954576939,0.9704827503840315,M2,50,TS
35,163,0.9682610436433141,0.9702315987046406,M2,50,TS
35,164,0.9680052315499246,0.9699989172917477,M2,50,TS
35,165,0.9677421144430958,0.9697774681599515,M2,50,TS
35,166,0.9674688810330241,0.9695720231320661,M2,50,TS
35,167,0.9672224793203906,0.969374164667532,M2,50,TS
35,168,0.9669587291419212,0.9691948885066741,M2,50,TS
35,169,0.9667118424950825,0.9689981277562575,M2,50,TS
35,170,0.9664732953879875,0.9688039636632276,M2,50,TS
35,171,0.9662483939751392,0.9685730169257124,M2,50,TS
35,172,0.9660367604950058,0.9683135774674757,M2,50,TS
35,173,0.9658361031352474,0.9680706971310273,M2,50,TS
35,174,0.9657179820200885,0.96783097362372,M2,50,TS
35,175,0.965398903063109,0.9676111275521881,M2,50,TS
35,176,0.9651107695513601,0.9673864938418065,M2,50,TS
35,177,0.9648586894584708,0.9671840460578514,M2,50,TS
35,178,0.9646059517150842,0.9670020963860139,M2,50,TS
35,179,0.9643882166997789,0.9668203505720394,M2,50,TS
35,180,0.9641961006035364,0.9666473973962314,M2,50,TS
35,181,0.9640272715349796,0.966459674563067,M2,50,TS
35,182,0.9638750604309148,0.9662713961121078,M2,50,TS
35,183,0.9637616535848109,0.9660809902002465,M2,50,TS
35,184,0.9636730702771008,0.9658714110682896,M2,50,TS
35,185,0.9633928104139688,0.9656614438654622,M2,50,TS
35,186,0.9632178864531746,0.9654214977374851,M2,50,TS
35,187,0.9630336907275205,0.9651821234376461,M2,50,TS
35,188,0.9628495860100664,0.9649489676236175,M2,50,TS
35,189,0.9626592852063421,0.9647226707114545,M2,50,TS
35,190,0.9624863981906412,0.9644970509705771,M2,50,TS
35,191,0.9622996622069035,0.9642849192068609,M2,50,TS
35,192,0.962078092225616,0.9640472634478057,M2,50,TS
35,193,0.9618665865112527,0.9637883898160289,M2,50,TS
35,194,0.9616412548576915,0.9635489434277144,M2,50,TS
35,195,0.9614358471356016,0.9632848711021501,M2,50,TS
35,196,0.961201517627503,0.9630444486021826,M2,50,TS
35,197,0.9609579285332599,0.962806969292113,M2,50,TS
35,198,0.9607050798528697,0.9625724331719382,M2,50,TS
35,199,0.9604429715863324,0.9623408402416583,M2,50,TS
35,200,0.960171603733648,0.9621121905012735,M2,50,TS
36,151,0.997249712584255,0.9968418332567287,M2,50,TS
36,152,0.9972154172762042,0.9968164859300368,M2,50,TS
36,153,0.9971789995152929,0.9967874599267398,M2,50,TS
36,154,0.997140459301521,0.9967547552468378,M2,50,TS
36,155,0.9970997966348885,0.9967183718903304,M2,50,TS
36,156,0.9970570115153978,0.996678309857221,M2,50,TS
36,157,0.9970046579680047,0.9966418004892703,M2,50,TS
36,158,0.9969686482206144,0.9965936728417054,M2,50,TS
36,159,0.9969200563535524,0.9965441265738729,M2,50,TS
36,160,0.9968715066573071,0.9964892630490643,M2,50,TS
36,161,0.9968318000074382,0.9964320050618376,M2,50,TS
36,162,0.9967904456524606,0.9963504297349043,M2,50,TS
36,163,0.9967450065973904,0.9962746693346325,M2,50,TS
36,164,0.9967075419568214,0.9962168778676884,M2,50,TS
36,165,0.9966555579475133,0.9961704169705707,M2,50,TS
36,166,0.9966267509321522,0.9961394087379373,M2,50,TS
36,167,0.9966098276094819,0.9961169318560412,M2,50,TS
36,168,0.9966018768888933,0.9961126467333945,M2,50,TS
36,169,0.9966004306907286,0.9960904560694311,M2,50,TS
36,170,0.9966146833399203,0.9960706870599564,M2,50,TS
36,171,0.9966077477621891,0.9960142108211432,M2,50,TS
36,172,0.9965977539307403,0.9959290923631425,M2,50,TS
36,173,0.9965661319046721,0.9958617313604922,M2,50,TS
36,174,0.9965214777919699,0.9958000948399619,M2,50,TS
36,175,0.9964777629581296,0.9957536812331613,M2,50,TS
36,176,0.996440912402908,0.9957024402529695,M2,50,TS
36,177,0.9964186146922284,0.9956744900369409,M2,50,TS
36,178,0.9963857116732568,0.9956681323908624,M2,50,TS
36,179,0.9963546063483819,0.9956624706047417,M2,50,TS
36,180,0.9963288634558722,0.9956666456088563,M2,50,TS
36,181,0.9962965688704892,0.9956565631498341,M2,50,TS
36,182,0.9962635886832707,0.9956465209302293,M2,50,TS
36,183,0.9962031674673537,0.9956362124174752,M2,50,TS
36,184,0.9961471767957017,0.9956068345958757,M2,50,TS
36,185,0.9960972067689576,0.995571978033619,M2,50,TS
36,186,0.9960463413731708,0.99550864017118,M2,50,TS
36,187,0.9960026784920379,0.9954457767114065,M2,50,TS
36,188,0.9959544592063156,0.9953896948800812,M2,50,TS
36,189,0.9959250300627196,0.9953397557751483,M2,50,TS
36,190,0.9958922274711572,0.9952910264894637,M2,50,TS
36,191,0.9958293886066625,0.9952566422527346,M2,50,TS
36,192,0.995765335483495,0.9951952332707332,M2,50,TS
36,193,0.9957003148226707,0.995112517086986,M2,50,TS
36,194,0.995627391698584,0.9950493144033342,M2,50,TS
36,195,0.9955403124399587,0.9949617528661212,M2,50,TS
36,196,0.9954805586967708,0.9948970062669436,M2,50,TS
36,197,0.9954264714940575,0.9948348822679128,M2,50,TS
36,198,0.9953780508318164,0.9947753808690264,M2,50,TS
36,199,0.9953352967100472,0.9947185020702841,M2,50,TS
36,200,0.99529820912875,0.9946642458716862,M2,50,TS
37,151,0.9965019333152146,0.9961677333922075,M2,50,TS
37,152,0.9964694571575795,0.9961364864335733,M2,50,TS
37,153,0.9964398339062805,0.996101433237815,M2,50,TS
37,154,0.9964130635613178,0.9960625738049323,M2,50,TS
37,155,0.996389146122691,0.9960199081349256,M2,50,TS
37,156,0.9963680815904032,0.9959734362277975,M2,50,TS
37,157,0.9963490586328874,0.995930222449582,M2,50,TS
37,158,0.9963269375888311,0.99587588294708,M2,50,TS
37,159,0.9963303170404907,0.9958191502510918,M2,50,TS
37,160,0.9963080238439647,0.9957577598151431,M2,50,TS
37,161,0.9962673245878804,0.9956946723976271,M2,50,TS
37,162,0.9962214526435222,0.9956073530260889,M2,50,TS
37,163,0.9961879055001555,0.9955254303195905,M2,50,TS
37,164,0.9961306701770047,0.9954622902125733,M2,50,TS
37,165,0.9960900900021823,0.9954096808658901,M2,50,TS
37,166,0.9960432487407358,0.9953732805422727,M2,50,TS
37,167,0.9959854509066499,0.9953460004295973,M2,50,TS
37,168,0.9959160561365994,0.9953374409143639,M2,50,TS
37,169,0.9958569802074928,0.9953108742519022,M2,50,TS
37,170,0.9957662455489219,0.9952879434362248,M2,50,TS
37,171,0.9956880683713041,0.9952274357414963,M2,50,TS
37,172,0.9956080782198464,0.9951382508007701,M2,50,TS
37,173,0.9955606775176998,0.995065435384612,M2,50,TS
37,174,0.9955120785466457,0.9949980419844722,M2,50,TS
37,175,0.9954808803524499,0.9949454517532866,M2,50,TS
37,176,0.9954506177027564,0.9948881824688387,M2,50,TS
37,177,0.9954183536983681,0.9948546315724205,M2,50,TS
37,178,0.9953932966323247,0.994842221341079,M2,50,TS
37,179,0.9953923610878223,0.994829932702125,M2,50,TS
37,180,0.9953868675599784,0.9948277382637517,M2,50,TS
37,181,0.9953917461635877,0.9948108511779588,M2,50,TS
37,182,0.9953901312199135,0.9947941541630367,M2,50,TS
37,183,0.9953922860863642,0.9947763917535737,M2,50,TS
37,184,0.9953880099067464,0.9947398362474332,M2,50,TS
37,185,0.9953666373421521,0.9946983938964838,M2,50,TS
37,186,0.9953484354532294,0.9946283594022451,M2,50,TS
37,187,0.9953073394789067,0.9945595727381122,M2,50,TS
37,188,0.995273999357108,0.9944972545930009,M2,50,TS
37,189,0.9952529182455478,0.9944412461481195,M2,50,TS
37,190,0.9952391298196135,0.9943861741296872,M2,50,TS
37,191,0.9952192158360047,0.9943448365682351,M2,50,TS
37,192,0.9951923431644915,0.9942766178453007,M2,50,TS
37,193,0.9951508934552221,0.9941874388025063,M2,50,TS
37,194,0.9951104389407375,0.994117546375381,M2,50,TS
37,195,0.9950618088287271,0.9940231384303865,M2,50,TS
37,196,0.9950154554714992,0.9939521909295075,M2,50,TS
37,197,0.9949659312192999,0.9938840929122583,M2,50,TS
37,198,0.9949132360721268,0.9938188443786364,M2,50,TS
37,199,0.9948573700299796,0.9937564453286417,M2,50,TS
37,200,0.9947983330928587,0.993696895762274,M2,50,TS
38,151,0.9957616051958313,0.9949158960261055,M2,50,TS
38,152,0.9957314885866928,0.9948741677619244,M2,50,TS
38,153,0.9956977925023123,0.9948287982214434,M2,50,TS
38,154,0.9956605169426898,0.9947797874046627,M2,50,TS
38,155,0.9956196619078251,0.9947271353115821,M2,50,TS
38,156,0.9955752273977213,0.9946708419422043,M2,50,TS
38,157,0.995517725820833,0.9946181806158934,M2,50,TS
38,158,0.9954758179475978,0.9945539397842396,M2,50,TS
38,159,0.9954175219782051,0.9944883721719364,M2,50,TS
38,160,0.9953551016070327,0.9944175932073316,M2,50,TS
38,161,0.9952977811612724,0.9943445193920353,M2,50,TS
38,162,0.995246280565976,0.9942469533634665,M2,50,TS
38,163,0.9951586356592749,0.9941560162642549,M2,50,TS
38,164,0.9951154528594421,0.9940821059797974,M2,50,TS
38,165,0.9950728276894184,0.9940191416284516,M2,50,TS
38,166,0.995010355410051,0.9939727275970186,M2,50,TS
38,167,0.9949492371241941,0.993935103893052,M2,50,TS
38,168,0.99489873483081,0.9939156247639709,M2,50,TS
38,169,0.9948311133460985,0.9938788585939541,M2,50,TS
38,170,0.9947797067112059,0.9938445004816723,M2,50,TS
38,171,0.9947423196694258,0.9937725474662763,M2,50,TS
38,172,0.9947108050433706,0.9936717336094919,M2,50,TS
38,173,0.9946636353875244,0.9935885172747374,M2,50,TS
38,174,0.994657435315007,0.9935096376723636,M2,50,TS
38,175,0.9946163200821012,0.9934468927776541,M2,50,TS
38,176,0.9945635421509662,0.9933798077877066,M2,50,TS
38,177,0.9945123286934071,0.9933363358332605,M2,50,TS
38,178,0.994482655603657,0.9933136163770072,M2,50,TS
38,179,0.9944475380670142,0.993291785016263,M2,50,TS
38,180,0.9944229988510738,0.993279646436523,M2,50,TS
38,181,0.9944114191621523,0.9932527545051564,M2,50,TS
38,182,0.9944013437157788,0.993225843547729,M2,50,TS
38,183,0.9943943144262715,0.9931978810742933,M2,50,TS
38,184,0.9943870807893128,0.9931509756340725,M2,50,TS
38,185,0.9943619197701409,0.9930992079986984,M2,50,TS
38,186,0.9943227201029492,0.9930193180841552,M2,50,TS
38,187,0.994280183636803,0.9929401666479369,M2,50,TS
38,188,0.9942522730164449,0.9928672965436774,M2,50,TS
38,189,0.9942057797002883,0.9928015290209036,M2,50,TS
38,190,0.9941749225780376,0.9927364837145352,M2,50,TS
38,191,0.994129637167771,0.992685375191047,M2,50,TS
38,192,0.9940975782722441,0.9926068839370004,M2,50,TS
38,193,0.9940748424827945,0.992506828360387,M2,50,TS
38,194,0.9940430654684789,0.9924263113628085,M2,50,TS
38,195,0.9940006965541017,0.9923213552589546,M2,50,TS
38,196,0.9939635377769642,0.9922397700520542,M2,50,TS
38,197,0.9939239104037666,0.9921610149721396,M2,50,TS
38,198,0.9938818144345062,0.9920850900192076,M2,50,TS
38,199,0.9938372498691831,0.9920119951932587,M2,50,TS
38,200,0.9937902167077972,0.9919417304942924,M2,50,TS
39,151,0.9963574403415492,0.9948032632579078,M2,50,TS
39,152,0.996353290468323,0.9947598177584603,M2,50,TS
39,153,0.9963444413085677,0.9947127596511361,M2,50,TS
39,154,0.9963308928622834,0.9946620889359354,M2,50,TS
39,155,0.9963126451294702,0.9946078056128581,M2,50,TS
39,156,0.9962896981101308,0.9945499096819072,M2,50,TS
39,157,0.9962768814564616,0.9944950591927799,M2,50,TS
39,158,0.9962295965129782,0.9944298972212413,M2,50,TS
39,159,0.9961887871727668,0.9943628268321446,M2,50,TS
39,160,0.9961388330502872,0.9942906745033223,M2,50,TS
39,161,0.9960731172070513,0.994216759238254,M2,50,TS
39,162,0.9960101213009693,0.9941184183816637,M2,50,TS
39,163,0.9959407775621505,0.994025948672419,M2,50,TS
39,164,0.995878287487367,0.9939514751638728,M2,50,TS
39,165,0.9958217094252739,0.9938878087780639,M2,50,TS
39,166,0.9957802971131517,0.9938397992651214,M2,50,TS
39,167,0.9957491206649087,0.9938003610010371,M2,50,TS
39,168,0.9956819899380198,0.9937802649360605,M2,50,TS
39,169,0.9956358415834612,0.9937418951176246,M2,50,TS
39,170,0.9955743813304425,0.9937067418372946,M2,50,TS
39,171,0.9955257329178193,0.9936340131596823,M2,50,TS
39,172,0.9954619622934731,0.9935329538731509,M2,50,TS
39,173,0.9953932725035084,0.9934492220511821,M2,50,TS
39,174,0.9953317442083038,0.9933706963268243,M2,50,TS
39,175,0.9952782396401894,0.9933072102142266,M2,50,TS
39,176,0.9952585564141607,0.9932382084503425,M2,50,TS
39,177,0.9952490913304128,0.9931926061963556,M2,50,TS
39,178,0.9952389070998324,0.993168339515077,M2,50,TS
39,179,0.9952445850123981,0.9931444095986569,M2,50,TS
39,180,0.995240531360887,0.9931307011379932,M2,50,TS
39,181,0.9952654081091292,0.9931018267172904,M2,50,TS
39,182,0.9952754394088805,0.9930733548134905,M2,50,TS
39,183,0.9952528450274649,0.9930447485923146,M2,50,TS
39,184,0.9952040294629767,0.9929978604918972,M2,50,TS
39,185,0.9951497904330678,0.9929457875951226,M2,50,TS
39,186,0.9951076198115687,0.99286490599719,M2,50,TS
39,187,0.9950651776776813,0.9927846890990838,M2,50,TS
39,188,0.9950292632179354,0.992710967839537,M2,50,TS
39,189,0.9949990144187859,0.9926437261329324,M2,50,TS
39,190,0.994984468705969,0.9925772052040193,M2,50,TS
39,191,0.9949674942590508,0.9925243196718725,M2,50,TS
39,192,0.9949598776911504,0.9924441412038654,M2,50,TS
39,193,0.9949086887452074,0.9923437491690194,M2,50,TS
39,194,0.9948566434741339,0.9922626889689561,M2,50,TS
39,195,0.994799861941839,0.992157030912519,M2,50,TS
39,196,0.9947478343048466,0.9920747640057135,M2,50,TS
39,197,0.9946936752627935,0.9919953193685374,M2,50,TS
39,198,0.9946373848156764,0.9919186970009878,M2,50,TS
39,199,0.9945789629634956,0.9918448969030649,M2,50,TS
39,200,0.9945184097062508,0.9917739190747686,M2,50,TS
40,151,0.9953831006663316,0.9936944723760753,M2,50,TS
40,152,0.9953330774859964,0.993643650447571,M2,50,TS
40,153,0.9952835404600852,0.9935890829986875,M2,50,TS
40,154,0.9952344895885978,0.9935307700294248,M2,50,TS
40,155,0.9951859248715346,0.993468711539783,M2,50,TS
40,156,0.9951378463088982,0.9934029075297648,M2,50,TS
40,157,0.9950805073396478,0.9933406503560703,M2,50,TS
40,158,0.9950541152203669,0.9932663967962361,M2,50,TS
40,159,0.9950151151740124,0.9931907263879888,M2,50,TS
40,160,0.9949616579676177,0.9931101105502123,M2,50,TS
40,161,0.9948982699801885,0.9930275807083861,M2,50,TS
40,162,0.9948320701212855,0.9929207600576984,M2,50,TS
40,163,0.9947711537851458,0.9928195158660763,M2,50,TS
40,164,0.9947117690991782,0.9927364070029647,M2,50,TS
40,165,0.9946437156116984,0.9926644781000382,M2,50,TS
40,166,0.9946040810590954,0.9926078687836197,M2,50,TS
40,167,0.9945404469175276,0.9925607127783583,M2,50,TS
40,168,0.994489273450111,0.9925316601230318,M2,50,TS
40,169,0.9944087959918204,0.9924856171277233,M2,50,TS
40,170,0.9943606159345549,0.992441570626372,M2,50,TS
40,171,0.9943027934482462,0.9923605179534792,M2,50,TS
40,172,0.9942370243590861,0.9922509463864115,M2,50,TS
40,173,0.9941864603429431,0.9921581893905527,M2,50,TS
40,174,0.9941424189719154,0.9920706562101528,M2,50,TS
40,175,0.994084045935502,0.9919987387588042,M2,50,TS
40,176,0.9940442907234149,0.9919216902450775,M2,50,TS
40,177,0.99398300185936,0.9918688594886211,M2,50,TS
40,178,0.9939455653313475,0.9918367412913671,M2,50,TS
40,179,0.993897883736213,0.9918056261965471,M2,50,TS
40,180,0.9938809764633703,0.9917836987976132,M2,50,TS
40,181,0.993867412710985,0.9917472594896155,M2,50,TS
40,182,0.9938378210274617,0.991711254254764,M2,50,TS
40,183,0.9938169330905469,0.9916740569106309,M2,50,TS
40,184,0.9937849614041945,0.991618186485706,M2,50,TS
40,185,0.9937531358718621,0.9915569874541514,M2,50,TS
40,186,0.9937016437227479,0.9914677837717878,M2,50,TS
40,187,0.9936343383680255,0.9913796456965572,M2,50,TS
40,188,0.9935834721537211,0.9912977528753142,M2,50,TS
40,189,0.9935213380139362,0.9912227728764009,M2,50,TS
40,190,0.9934801304924306,0.9911483799466165,M2,50,TS
40,191,0.993460688711081,0.9910870057985005,M2,50,TS
40,192,0.9934348858232696,0.9909987364481785,M2,50,TS
40,193,0.9934229719629553,0.9908887779361627,M2,50,TS
40,194,0.9934009596290998,0.9907983898015569,M2,50,TS
40,195,0.9933829130142435,0.9906831761370664,M2,50,TS
40,196,0.9933333345816867,0.9905922881597756,M2,50,TS
40,197,0.9932680833832516,0.9905045699044978,M2,50,TS
40,198,0.9931871594189354,0.9904200213712296,M2,50,TS
40,199,0.9930905626887382,0.9903386425599717,M2,50,TS
40,200,0.99297829319266,0.9902604334707237,M2,50,TS
41,151,0.951598607292844,0.9511977131052498,M2,50,TS
41,152,0.9515839731665083,0.9511623548293804,M2,50,TS
41,153,0.9515642639722455,0.9511233908542025,M2,50,TS
41,154,0.9515394797100556,0.9510808211797163,M2,50,TS
41,155,0.9515096203799385,0.9510346458059216,M2,50,TS
41,156,0.951474685981897,0.9509848647328214,M2,50,TS
41,157,0.9514467482045401,0.950938770070018,M2,50,TS
41,158,0.9513977172622143,0.9508809596319737,M2,50,TS
41,159,0.9513393239905696,0.9508219575613238,M2,50,TS
41,160,0.9512718178510781,0.9507579213174293,M2,50,TS
41,161,0.9512134525564208,0.9506912880369351,M2,50,TS
41,162,0.9511601214239438,0.9505992754369139,M2,50,TS
41,163,0.9511114946643091,0.9505132868329254,M2,50,TS
41,164,0.9510459066440382,0.9504462516336497,M2,50,TS
41,165,0.950970647487851,0.9503903177820688,M2,50,TS
41,166,0.9508948783874822,0.9503507373153857,M2,50,TS
41,167,0.9508373543099728,0.950320118805005,M2,50,TS
41,168,0.9507653222569077,0.9503085602534886,M2,50,TS
41,169,0.9506997511923869,0.9502784123094088,M2,50,TS
41,170,0.9506518323353155,0.9502506562823494,M2,50,TS
41,171,0.9506133336690601,0.9501846029062001,M2,50,TS
41,172,0.9505766312525721,0.9500892268569981,M2,50,TS
41,173,0.950528812222479,0.9500117040567572,M2,50,TS
41,174,0.9504990071931514,0.9499392805605633,M2,50,TS
41,175,0.9504861710545475,0.9498820786464918,M2,50,TS
41,176,0.9504689781359765,0.9498196782425133,M2,50,TS
41,177,0.9504820488997714,0.9497807476702984,M2,50,TS
41,178,0.9504747038808106,0.9497645082222635,M2,50,TS
41,179,0.9504855617072812,0.9497481960695093,M2,50,TS
41,180,0.9504894859036759,0.9497425851559098,M2,50,TS
41,181,0.9504787474032959,0.949722686336274,M2,50,TS
41,182,0.9504419826744268,0.9497036396789716,M2,50,TS
41,183,0.9503949639557345,0.9496840763901827,M2,50,TS
41,184,0.9503490039116838,0.9496451271348055,M2,50,TS
41,185,0.9503129665844903,0.949600466684946,M2,50,TS
41,186,0.9502840169727509,0.9495259395902423,M2,50,TS
41,187,0.9502640236001179,0.9494521739578116,M2,50,TS
41,188,0.9502380497225067,0.9493856793205022,M2,50,TS
41,189,0.9502292473568318,0.9493252849784507,M2,50,TS
41,190,0.950223016966488,0.949265958150817,M2,50,TS
41,191,0.9501915820656899,0.9492212854099249,M2,50,TS
41,192,0.950149381323365,0.9491491704632155,M2,50,TS
41,193,0.9501026633572887,0.9490554764386542,M2,50,TS
41,194,0.9500487101607329,0.9489814998044386,M2,50,TS
41,195,0.9499903168890882,0.9488823186861279,M2,50,TS
41,196,0.9499352707248835,0.9488071597372943,M2,50,TS
41,197,0.9498770387872002,0.9487349061221897,M2,50,TS
41,198,0.9498156210760353,0.9486655578408111,M2,50,TS
41,199,0.9497510175913891,0.9485991148931587,M2,50,TS
41,200,0.9496832283332616,0.9485355772792324,M2,50,TS
42,151,0.99757989857869,0.9957834566909685,M2,50,TS
42,152,0.9975462598566585,0.9957492229885356,M2,50,TS
42,153,0.9975156454538209,0.9957111787302109,M2,50,TS
42,154,0.9974880553701774,0.9956693239159943,M2,50,TS
42,155,0.9974634896057281,0.9956236585458859,M2,50,TS
42,156,0.9974419481604756,0.9955741826198884,M2,50,TS
42,157,0.9974312305921538,0.9955277388787931,M2,50,TS
42,158,0.9974194423318247,0.995470119210937,M2,50,TS
42,159,0.9974001624871094,0.9954109515895775,M2,50,TS
42,160,0.9973858136495678,0.9953463416962853,M2,50,TS
42,161,0.9973546936071599,0.995279993061888,M2,50,TS
42,162,0.9973143402315453,0.9951895181408038,M2,50,TS
42,163,0.9972663005607596,0.9951049520665951,M2,50,TS
42,164,0.9972202464618987,0.9950385096890717,M2,50,TS
42,165,0.9971659158507991,0.9949832371832048,M2,50,TS
42,166,0.9971147069142859,0.994943932560576,M2,50,TS
42,167,0.9970557866918204,0.994913663844096,M2,50,TS
42,168,0.9969984693563547,0.9949017767241687,M2,50,TS
42,169,0.9969491497229295,0.994871943323682,M2,50,TS
42,170,0.9969111539559186,0.9948446439223905,M2,50,TS
42,171,0.9968719019131828,0.9947801234310337,M2,50,TS
42,172,0.9968279965869158,0.9946869996419644,M2,50,TS
42,173,0.9967884559549807,0.9946109682395637,M2,50,TS
42,174,0.9967488281812765,0.9945403300452548,M2,50,TS
42,175,0.9967198775560213,0.9944846667001593,M2,50,TS
42,176,0.996718326606385,0.9944236472453437,M2,50,TS
42,177,0.996699766930802,0.9943867295660198,M2,50,TS
42,178,0.9967114658762508,0.9943703603455055,M2,50,TS
42,179,0.996727276783171,0.994354626281907,M2,50,TS
42,180,0.996748604350798,0.9943487272253282,M2,50,TS
42,181,0.9967731807200313,0.994328318694513,M2,50,TS
42,182,0.9967871436129807,0.9943082054752636,M2,50,TS
42,183,0.9967864336574725,0.9942874992131591,M2,50,TS
42,184,0.9967584911386154,0.9942485336744498,M2,50,TS
42,185,0.9967211147083654,0.9942044850222789,M2,50,TS
42,186,0.9966927043186147,0.9941316979229436,M2,50,TS
42,187,0.9966372730265697,0.9940602636303437,M2,50,TS
42,188,0.9966047956587549,0.9939949076940654,M2,50,TS
42,189,0.9965681548267282,0.9939362824924943,M2,50,TS
42,190,0.9965445048549029,0.9938784477481669,M2,50,TS
42,191,0.9965261181589904,0.9938340547140571,M2,50,TS
42,192,0.9965048470922608,0.9937626773679116,M2,50,TS
42,193,0.9964705106276074,0.9936703016088476,M2,50,TS
42,194,0.9964201763684499,0.993597647372395,M2,50,TS
42,195,0.9963742570024985,0.9935001560957643,M2,50,TS
42,196,0.9963463869351741,0.9934257199232593,M2,50,TS
42,197,0.9963246435209412,0.9933538948271127,M2,50,TS
42,198,0.9963090267597973,0.9932846808073217,M2,50,TS
42,199,0.9962995366517422,0.9932180778638863,M2,50,TS
42,200,0.9962961731967761,0.9931540859968063,M2,50,TS
43,151,0.9961857864162412,0.9959265139910302,M2,50,TS
43,152,0.9961559166349873,0.9958932378500799,M2,50,TS
43,153,0.9961297575769555,0.9958561334826845,M2,50,TS
43,154,0.996107309242146,0.9958152008888438,M2,50,TS
43,155,0.9960885716305586,0.995770440068558,M2,50,TS
43,156,0.9960735447421964,0.9957218510218296,M2,50,TS
43,157,0.9960720122593936,0.9956762293458578,M2,50,TS
43,158,0.9960836243690672,0.9956190602355178,M2,50,TS
43,159,0.9960619811807265,0.9955610057290948,M2,50,TS
43,160,0.9960218597479154,0.9954981092682991,M2,50,TS
43,161,0.9959999472167995,0.9954325761942683,M2,50,TS
43,162,0.9959715343250259,0.9953428406892326,M2,50,TS
43,163,0.9959399074978158,0.9952589023923537,M2,50,TS
43,164,0.9959169960707778,0.9951929177566078,M2,50,TS
43,165,0.9958850648751474,0.9951381215399694,M2,50,TS
43,166,0.9958847806797252,0.9950985640597202,M2,50,TS
43,167,0.9958628838879813,0.9950684029139449,M2,50,TS
43,168,0.9958277374268263,0.9950570060590925,M2,50,TS
43,169,0.9957771734748619,0.9950282583439927,M2,50,TS
43,170,0.9957192871679925,0.9950025226492112,M2,50,TS
43,171,0.9956503981533334,0.9949398099903731,M2,50,TS
43,172,0.9955854614945099,0.9948482694969332,M2,50,TS
43,173,0.9955199593266988,0.9947739503443319,M2,50,TS
43,174,0.9954604177255886,0.9947048705366328,M2,50,TS
43,175,0.9954052343787674,0.9946509303144137,M2,50,TS
43,176,0.995368076381528,0.994591869619624,M2,50,TS
43,177,0.9953215035796257,0.9945567202470669,M2,50,TS
43,178,0.9952932228099052,0.994542431694022,M2,50,TS
43,179,0.9952489286700497,0.9945292918247487,M2,50,TS
43,180,0.9952053476789253,0.9945261138100869,M2,50,TS
43,181,0.9951469953979706,0.9945088865239996,M2,50,TS
43,182,0.9951061047310605,0.994491236071724,M2,50,TS
43,183,0.9950762172153027,0.9944723357865435,M2,50,TS
43,184,0.9950533306165699,0.9944342960440998,M2,50,TS
43,185,0.9950525647076903,0.9943903634425827,M2,50,TS
43,186,0.9950560003244237,0.9943178063070449,M2,50,TS
43,187,0.9950740932868009,0.9942455360266176,M2,50,TS
43,188,0.9950981344017258,0.994179782917048,M2,50,TS
43,189,0.9951011268775474,0.9941211929003608,M2,50,TS
43,190,0.9950947621858435,0.994063966180857,M2,50,TS
43,191,0.99505873542826,0.9940210794586745,M2,50,TS
43,192,0.9949972678600455,0.9939517820145982,M2,50,TS
43,193,0.9949470827614169,0.9938608595142517,M2,50,TS
43,194,0.9948946471542659,0.9937893079434673,M2,50,TS
43,195,0.9948385642247435,0.9936931217614113,M2,50,TS
43,196,0.9947986592858833,0.9936200426591577,M2,50,TS
43,197,0.994763690081093,0.9935496055100506,M2,50,TS
43,198,0.9947336566103695,0.9934818103140871,M2,50,TS
43,199,0.9947085588737128,0.9934166570712674,M2,50,TS
43,200,0.9946883968711228,0.9933541457815912,M2,50,TS
44,151,0.9962427088751841,0.9964114802996317,M2,50,TS
44,152,0.9961858589253386,0.9963825694708164,M2,50,TS
44,153,0.9961293832212732,0.9963499158451977,M2,50,TS
44,154,0.996073281762988,0.9963135194227759,M2,50,TS
44,155,0.9960175545504829,0.9962733802035508,M2,50,TS
44,156,0.9959622015837608,0.9962294981875254,M2,50,TS
44,157,0.9959125864095986,0.9961887955173947,M2,50,TS
44,158,0.9958552354349282,0.9961370557241447,M2,50,TS
44,159,0.995797343469139,0.9960835992566561,M2,50,TS
44,160,0.9957376192766441,0.9960248752522595,M2,50,TS
44,161,0.9956665686714639,0.9959642671895238,M2,50,TS
44,162,0.9956093899199685,0.9958789129083048,M2,50,TS
44,163,0.9955531906056148,0.9957992586489088,M2,50,TS
44,164,0.9955034338841608,0.9957376247472299,M2,50,TS
44,165,0.9954518913880535,0.9956869915777306,M2,50,TS
44,166,0.9954131102786443,0.9956520883027449,M2,50,TS
44,167,0.995385857385412,0.9956257457621664,M2,50,TS
44,168,0.9953763892739336,0.9956173784078748,M2,50,TS
44,169,0.9953651399891841,0.9955912941904055,M2,50,TS
44,170,0.9953478596066022,0.995568189393991,M2,50,TS
44,171,0.9953309361598375,0.9955077968137168,M2,50,TS
44,172,0.9953092870932017,0.9954187853359082,M2,50,TS
44,173,0.9952758056809142,0.9953472930750803,M2,50,TS
44,174,0.9952331718996363,0.9952814316884963,M2,50,TS
44,175,0.9951844395335816,0.9952309878219365,M2,50,TS
44,176,0.9951491576660394,0.995175525019009,M2,50,TS
44,177,0.9951101624827853,0.9951438413657397,M2,50,TS
44,178,0.9950793058305683,0.9951332991377746,M2,50,TS
44,179,0.9950360188720825,0.9951238055847963,M2,50,TS
44,180,0.9949861812977638,0.9951244733025351,M2,50,TS
44,181,0.9949342145980088,0.9951107619200019,M2,50,TS
44,182,0.9948654920732817,0.9950975086410285,M2,50,TS
44,183,0.9947901496928699,0.9950834618812987,M2,50,TS
44,184,0.9947252875089825,0.9950501765631709,M2,50,TS
44,185,0.9946775851952772,0.9950111221243652,M2,50,TS
44,186,0.9946480186830797,0.9949430574367166,M2,50,TS
44,187,0.9945986721420124,0.9948761703917445,M2,50,TS
44,188,0.9945455206958094,0.994816061389623,M2,50,TS
44,189,0.99449147132267,0.994762596975885,M2,50,TS
44,190,0.9944392747729012,0.9947102087203092,M2,50,TS
44,191,0.9943550433978711,0.9946722321616496,M2,50,TS
44,192,0.994273154564782,0.9946071166599189,M2,50,TS
44,193,0.9941879157060884,0.9945207423683616,M2,50,TS
44,194,0.9941132026195177,0.9944534169266105,M2,50,TS
44,195,0.9940381672170556,0.9943613572105429,M2,50,TS
44,196,0.9939814603921158,0.9942923635789046,M2,50,TS
44,197,0.993932681530186,0.9942259364881441,M2,50,TS
44,198,0.9938918306312635,0.9941620759382583,M2,50,TS
44,199,0.9938589076953485,0.9941007819292476,M2,50,TS
44,200,0.9938339127224406,0.9940420544611117,M2,50,TS
45,151,0.9982382814186662,0.9984193165138304,M2,50,TS
45,152,0.9982087870356328,0.9984085453545477,M2,50,TS
45,153,0.9981780121173869,0.9983940738986156,M2,50,TS
45,154,0.9981459566639287,0.9983759021460339,M2,50,TS
45,155,0.9981126206752581,0.9983540300968028,M2,50,TS
45,156,0.9980780041513775,0.9983284577509252,M2,50,TS
45,157,0.9980459607188191,0.998306131718757,M2,50,TS
45,158,0.9980092430565204,0.9982727169048473,M2,50,TS
45,159,0.9979662588371747,0.9982377243277308,M2,50,TS
45,160,0.9979348871607934,0.998197118190604,M2,50,TS
45,161,0.9978928588681654,0.9981546158298598,M2,50,TS
45,162,0.9978450154651581,0.9980878949443794,M2,50,TS
45,163,0.9977974087236198,0.9980268820666891,M2,50,TS
45,164,0.9977453922563355,0.9979841588686649,M2,50,TS
45,165,0.9976848944253724,0.9979526106558421,M2,50,TS
45,166,0.9976342252269734,0.9979368599913185,M2,50,TS
45,167,0.9975857794531312,0.9979298936170299,M2,50,TS
45,168,0.9975400580483369,0.9979412816934697,M2,50,TS
45,169,0.9974906497186042,0.9979350193420841,M2,50,TS
45,170,0.9974480767289444,0.997931406018959,M2,50,TS
45,171,0.9974038188245318,0.9978905780365321,M2,50,TS
45,172,0.9973639783798999,0.997820911016665,M2,50,TS
45,173,0.9973456902599269,0.9977678976392016,M2,50,TS
45,174,0.9973326767517777,0.9977201408816455,M2,50,TS
45,175,0.997333963474218,0.9976872681100882,M2,50,TS
45,176,0.9973499324885735,0.9976493615926536,M2,50,TS
45,177,0.9973652319564761,0.9976351413794989,M2,50,TS
45,178,0.9973673941716706,0.9976425864066374,M2,50,TS
45,179,0.9973529874323717,0.9976511951710422,M2,50,TS
45,180,0.9973291339008614,0.9976700254007477,M2,50,TS
45,181,0.9973030123083646,0.9976744861679088,M2,50,TS
45,182,0.9972704789799365,0.9976791354995407,M2,50,TS
45,183,0.9972536826448157,0.9976824131403009,M2,50,TS
45,184,0.9972287638052371,0.9976669396500775,M2,50,TS
45,185,0.9972072576638151,0.9976460530353478,M2,50,TS
45,186,0.9971797850459017,0.9975968045080438,M2,50,TS
45,187,0.9971632485743547,0.997547937521904,M2,50,TS
45,188,0.9971288915604897,0.9975061963962804,M2,50,TS
45,189,0.9970806636654601,0.9974714347186062,M2,50,TS
45,190,0.9970324435044655,0.9974377962655672,M2,50,TS
45,191,0.9969866312800038,0.9974176750121889,M2,50,TS
45,192,0.9969492442922248,0.9973702757922883,M2,50,TS
45,193,0.9969187317566381,0.9973013649215282,M2,50,TS
45,194,0.9968797055953983,0.997251985376744,M2,50,TS
45,195,0.9968365653695195,0.9971779840945476,M2,50,TS
45,196,0.9967878673335521,0.9971276462528084,M2,50,TS
45,197,0.9967351898051562,0.9970801788589903,M2,50,TS
45,198,0.9966785327843292,0.9970355819130908,M2,50,TS
45,199,0.9966178962710709,0.9969938554151099,M2,50,TS
45,200,0.9965532802653814,0.9969549993650478,M2,50,TS
46,151,0.9982154909180763,0.9979853615606927,M2,50,TS
46,152,0.998177992443034,0.9979698782885278,M2,50,TS
46,153,0.998139102322858,0.9979506975196706,M2,50,TS
46,154,0.9980988205575484,0.9979278192541209,M2,50,TS
46,155,0.998057147147105,0.9979012434918793,M2,50,TS
46,156,0.9980140820915309,0.9978709702329482,M2,50,TS
46,157,0.9979706509121575,0.9978440344147393,M2,50,TS
46,158,0.9979147999317406,0.9978061785568331,M2,50,TS
46,159,0.9978691385909344,0.9977663318467087,M2,50,TS
46,160,0.9978053845562732,0.997721634610278,M2,50,TS
46,161,0.9977618758212223,0.9976742433211127,M2,50,TS
46,162,0.9977597221262018,0.997601399078343,M2,50,TS
46,163,0.9977639545748018,0.9975341174553655,M2,50,TS
46,164,0.9977722417039316,0.997484918302289,M2,50,TS
46,165,0.9977971928467686,0.9974462465097819,M2,50,TS
46,166,0.9978191844562401,0.9974237084377269,M2,50,TS
46,167,0.9978356308347734,0.9974101704985081,M2,50,TS
46,168,0.9978254361845431,0.9974157473842393,M2,50,TS
46,169,0.997805858386606,0.9974038004576832,M2,50,TS
46,170,0.9977545415812306,0.9973954919405333,M2,50,TS
46,171,0.9977058180982832,0.9973498363385985,M2,50,TS
46,172,0.9976660780027389,0.9972752090282354,M2,50,TS
46,173,0.9976391587756597,0.9972174697308267,M2,50,TS
46,174,0.9976300015415418,0.9971646716989353,M2,50,TS
46,175,0.9976205249348868,0.9971271440044807,M2,50,TS
46,176,0.9976060364015031,0.9970850689432607,M2,50,TS
46,177,0.9975870698991584,0.9970667940362851,M2,50,TS
46,178,0.9975584699359797,0.9970701184668329,M2,50,TS
46,179,0.997546598688857,0.9970737429425123,M2,50,TS
46,180,0.9975202247479035,0.9970877339665564,M2,50,TS
46,181,0.9974961241032821,0.9970872324725065,M2,50,TS
46,182,0.9974675868817752,0.9970868735959647,M2,50,TS
46,183,0.9974390191608444,0.9970855528135323,M2,50,TS
46,184,0.9974012547743978,0.9970654970051092,M2,50,TS
46,185,0.9973383357703873,0.9970407566375541,M2,50,TS
46,186,0.9972765256382821,0.9969874395506975,M2,50,TS
46,187,0.9972214935673918,0.996934620038462,M2,50,TS
46,188,0.9971505100800446,0.9968888911495679,M2,50,TS
46,189,0.9970578016353304,0.9968503404325575,M2,50,TS
46,190,0.9969691720528324,0.9968128088466713,M2,50,TS
46,191,0.9969315109287205,0.9967875619869546,M2,50,TS
46,192,0.9969262717812848,0.9967344034698449,M2,50,TS
46,193,0.9969433756402524,0.996659326640591,M2,50,TS
46,194,0.996982106640578,0.9966030146421705,M2,50,TS
46,195,0.9970424055262379,0.9965214057259969,M2,50,TS
46,196,0.9970562689957152,0.9964645247839035,M2,50,TS
46,197,0.9970664198139166,0.9964105090036457,M2,50,TS
46,198,0.9970728579808396,0.9963593583852208,M2,50,TS
46,199,0.9970755834964841,0.9963110729286286,M2,50,TS
46,200,0.9970745963608499,0.9962656526338695,M2,50,TS
47,151,0.9982191096063391,0.9973904812449766,M2,50,TS
47,152,0.998192263382298,0.997369325129728,M2,50,TS
47,153,0.9981614059545632,0.9973445389086426,M2,50,TS
47,154,0.9981265373231346,0.9973161225817204,M2,50,TS
47,155,0.9980876574880123,0.9972840761489616,M2,50,TS
47,156,0.9980447664491989,0.9972483996103689,M2,50,TS
47,157,0.9979846355305468,0.9972164402580065,M2,50,TS
47,158,0.9979411051749235,0.9971729170589323,M2,50,TS
47,159,0.9978931542426253,0.9971277479274321,M2,50,TS
47,160,0.9978349285914342,0.9970775232559758,M2,50,TS
47,161,0.9978040401512528,0.9970244410208962,M2,50,TS
47,162,0.9977454148999103,0.9969477625586758,M2,50,TS
47,163,0.9977095924837291,0.9968761841357872,M2,50,TS
47,164,0.9976543742580252,0.9968232564022261,M2,50,TS
47,165,0.9976104180241971,0.996781004109113,M2,50,TS
47,166,0.9975891690689722,0.9967541991507366,M2,50,TS
47,167,0.9975839149785035,0.996735785593985,M2,50,TS
47,168,0.9975983107911315,0.9967352741485777,M2,50,TS
47,169,0.9976130762338999,0.996717054339763,M2,50,TS
47,170,0.9976027778430415,0.996702300656802,M2,50,TS
47,171,0.9976053509205383,0.9966500132269613,M2,50,TS
47,172,0.9975929863362881,0.9965694206695335,M2,50,TS
47,173,0.9975739710156055,0.996506180320352,M2,50,TS
47,174,0.9975472455837405,0.9964485184071811,M2,50,TS
47,175,0.9975119348294923,0.9964063001213688,M2,50,TS
47,176,0.9974700463092736,0.9963596374632143,M2,50,TS
47,177,0.9974787712745359,0.9963353068651829,M2,50,TS
47,178,0.9974629512348463,0.9963328770937079,M2,50,TS
47,179,0.997432795322551,0.996331577490888,M2,50,TS
47,180,0.9973960032244809,0.9963403903759654,M2,50,TS
47,181,0.9973841468273799,0.9963341518276797,M2,50,TS
47,182,0.9973821101696516,0.996327674289705,M2,50,TS
47,183,0.9973403728025338,0.9963212341472372,M2,50,TS
47,184,0.997308577878096,0.996295606663518,M2,50,TS
47,185,0.9972483411957082,0.9962653922101085,M2,50,TS
47,186,0.9971772414700741,0.9962070208937857,M2,50,TS
47,187,0.9971376423981142,0.9961484813513495,M2,50,TS
47,188,0.9970702845804196,0.9960972922920398,M2,50,TS
47,189,0.9969861904659492,0.9960531621354087,M2,50,TS
47,190,0.9969237383916348,0.9960095995809255,M2,50,TS
47,191,0.996865455189335,0.9959794795990704,M2,50,TS
47,192,0.9968068627312657,0.9959223500279668,M2,50,TS
47,193,0.9967211031094251,0.9958446063695316,M2,50,TS
47,194,0.9966516389211497,0.9957857426868977,M2,50,TS
47,195,0.9965735375059064,0.9957024133860304,M2,50,TS
47,196,0.9965328979967667,0.9956416042199789,M2,50,TS
47,197,0.9965059122167161,0.9955832094032596,M2,50,TS
47,198,0.9964925801657517,0.9955272289358696,M2,50,TS
47,199,0.9964929018438735,0.9954736628178091,M2,50,TS
47,200,0.9965068772510816,0.9954225110490782,M2,50,TS
48,151,0.9981949873884434,0.9973068521974165,M2,50,TS
48,152,0.9981747924786454,0.997285407761774,M2,50,TS
48,153,0.998147969469173,0.9972604000837932,M2,50,TS
48,154,0.9981145183600262,0.9972318291634743,M2,50,TS
48,155,0.998074439151205,0.9971996950008171,M2,50,TS
48,156,0.9980277318427123,0.9971639975958245,M2,50,TS
48,157,0.9979653765667807,0.9971320199992476,M2,50,TS
48,158,0.9978912434772381,0.997089123381477,M2,50,TS
48,159,0.9978369165456431,0.9970439844017253,M2,50,TS
48,160,0.9977710002072524,0.9969938273200905,M2,50,TS
48,161,0.9977293308275439,0.9969408770718149,M2,50,TS
48,162,0.9976987579146794,0.9968632646691505,M2,50,TS
48,163,0.9976675264461949,0.9967913882308452,M2,50,TS
48,164,0.997640254125538,0.9967375907716179,M2,50,TS
48,165,0.997631254444221,0.9966942811642705,M2,50,TS
48,166,0.9976326655418102,0.9966667575734915,M2,50,TS
48,167,0.997640920712324,0.9966479066989251,M2,50,TS
48,168,0.9976612187249303,0.9966471744200391,M2,50,TS
48,169,0.9976854980253355,0.996628587321468,M2,50,TS
48,170,0.9976967635807847,0.99661315820155,M2,50,TS
48,171,0.9977190140349868,0.9965601807338248,M2,50,TS
48,172,0.9977335584767892,0.99647866885644,M2,50,TS
48,173,0.997714729516403,0.9964152226574388,M2,50,TS
48,174,0.9976900912011676,0.9963573191061811,M2,50,TS
48,175,0.9976725413667765,0.9963144891532978,M2,50,TS
48,176,0.9976542511456944,0.9962670132773943,M2,50,TS
48,177,0.9976322422776509,0.996243308270423,M2,50,TS
48,178,0.9976113747034274,0.9962409120676942,M2,50,TS
48,179,0.9975827867909401,0.996239448424009,M2,50,TS
48,180,0.9975555470290647,0.9962479357722496,M2,50,TS
48,181,0.9975453936815908,0.9962415550507175,M2,50,TS
48,182,0.9975278696771662,0.9962353893297565,M2,50,TS
48,183,0.9975012318186309,0.9962284913093754,M2,50,TS
48,184,0.99746567307103,0.9962028580100277,M2,50,TS
48,185,0.9974376225954955,0.996171705177591,M2,50,TS
48,186,0.9974094625053971,0.9961120267508049,M2,50,TS
48,187,0.9973759280457697,0.9960531519082427,M2,50,TS
48,188,0.9973321944393155,0.996001212557025,M2,50,TS
48,189,0.9972710896376513,0.9959563410131883,M2,50,TS
48,190,0.997206425075879,0.9959126842178067,M2,50,TS
48,191,0.9971491652492486,0.9958824215631112,M2,50,TS
48,192,0.9970898513976241,0.995825142256672,M2,50,TS
48,193,0.9970181632555117,0.9957468407495397,M2,50,TS
48,194,0.996946796142985,0.9956878463676107,M2,50,TS
48,195,0.9969123433086611,0.9956031720767137,M2,50,TS
48,196,0.9968893841583129,0.9955417307750019,M2,50,TS
48,197,0.9968813043711017,0.9954826771769661,M2,50,TS
48,198,0.9968881039470249,0.9954260112826041,M2,50,TS
48,199,0.9969097828860826,0.9953717330919154,M2,50,TS
48,200,0.9969463411882747,0.9953198426049001,M2,50,TS
49,151,0.9982494182706154,0.9987042712865636,M2,50,TS
49,152,0.9982672540324139,0.998695888494744,M2,50,TS
49,153,0.9982635657190787,0.9986843245337124,M2,50,TS
49,154,0.9982383533306097,0.9986695794034688,M2,50,TS
49,155,0.9981916168670071,0.9986516531040133,M2,50,TS
49,156,0.9981233563282732,0.9986305456353485,M2,50,TS
49,157,0.9979838303159803,0.9986145571844331,M2,50,TS
49,158,0.9979795181088469,0.9985839320675571,M2,50,TS
49,159,0.9977682451794418,0.9985568633882757,M2,50,TS
49,160,0.9976179730008696,0.9985229131508633,M2,50,TS
49,161,0.9975411716221545,0.9984849169276618,M2,50,TS
49,162,0.9974974797063673,0.9984217371504304,M2,50,TS
49,163,0.9975246354796645,0.9983624390104765,M2,50,TS
49,164,0.9976026178561183,0.998320001315926,M2,50,TS
49,165,0.9977518884042447,0.9982866969889062,M2,50,TS
49,166,0.9977395166267558,0.9982735756721622,M2,50,TS
49,167,0.9978234926971821,0.9982668036421822,M2,50,TS
49,168,0.9979727421560629,0.9982767722826925,M2,50,TS
49,169,0.9979156285662332,0.9982743123024271,M2,50,TS
49,170,0.9979514226683506,0.9982722939106461,M2,50,TS
49,171,0.9979205056172775,0.998234758120043,M2,50,TS
49,172,0.9978528254458763,0.9981694598933194,M2,50,TS
49,173,0.9977757194688859,0.9981215959777797,M2,50,TS
49,174,0.9976966945879847,0.9980791669498976,M2,50,TS
49,175,0.9976509028790901,0.9980511214718936,M2,50,TS
49,176,0.9976372268296139,0.9980176195211936,M2,50,TS
49,177,0.99762649153408,0.9980076899134507,M2,50,TS
49,178,0.9976400851833088,0.9980184334147862,M2,50,TS
49,179,0.9976784513036971,0.9980292935042968,M2,50,TS
49,180,0.9977138227512483,0.9980501892776129,M2,50,TS
49,181,0.9976765932759589,0.9980585276597134,M2,50,TS
49,182,0.9977371739812044,0.9980643762693738,M2,50,TS
49,183,0.9975492416284254,0.998075621366308,M2,50,TS
49,184,0.9973972999208337,0.998066999286154,M2,50,TS
49,185,0.9973001052418815,0.9980516529205222,M2,50,TS
49,186,0.9972469862160156,0.998006705266646,M2,50,TS
49,187,0.9971945194348506,0.9979623907579633,M2,50,TS
49,188,0.9971292645266627,0.9979250562687567,M2,50,TS
49,189,0.9970999143847763,0.997893428084593,M2,50,TS
49,190,0.9971237750178441,0.9978615586791806,M2,50,TS
49,191,0.9971673893165116,0.9978427455285975,M2,50,TS
49,192,0.9972273047321621,0.9977964770506862,M2,50,TS
49,193,0.9970486162087009,0.9977350043414439,M2,50,TS
49,194,0.9971124294386846,0.9976866187065891,M2,50,TS
49,195,0.996932467298737,0.9976197781682727,M2,50,TS
49,196,0.9968455042084748,0.9975740521470009,M2,50,TS
49,197,0.9967474610026495,0.9975313765071364,M2,50,TS
49,198,0.9966383376812582,0.9974917512486765,M2,50,TS
49,199,0.9965181342443007,0.9974551763716215,M2,50,TS
49,200,0.9963868506917772,0.997421651875971,M2,50,TS
1,151,1.0035040341011485,1.003789438532952,M2,75,TS
1,152,1.003371233684344,1.003781096861255,M2,75,TS
1,153,1.003249998700051,1.003768725569408,M2,75,TS
1,154,1.0031403291482688,1.003752324657411,M2,75,TS
1,155,1.0030422250289976,1.0037318941252638,M2,75,TS
1,156,1.0029556863422409,1.003707433972969,M2,75,TS
1,157,1.0029072943153923,1.0036852939920047,M2,75,TS
1,158,1.0029532296974646,1.0036495531432645,M2,75,TS
1,159,1.002855579373866,1.0036157479192216,M2,75,TS
1,160,1.002860543825376,1.0035739942864341,M2,75,TS
1,161,1.0025763543941397,1.0035374905862062,M2,75,TS
1,162,1.0014383798854618,1.003498534347221,M2,75,TS
1,163,1.0004746427551507,1.0034608134389083,M2,75,TS
1,164,0.999940860696534,1.0034302354402422,M2,75,TS
1,165,0.9996885162089997,1.003403400938335,M2,75,TS
1,166,0.9999216817116944,1.0033801593561238,M2,75,TS
1,167,1.0005932631675036,1.0033545023829458,M2,75,TS
1,168,1.0013679303061351,1.003344619501815,M2,75,TS
1,169,1.0020708838385373,1.0033188480169606,M2,75,TS
1,170,1.0030309268578446,1.0032893080568728,M2,75,TS
1,171,1.0023714359521643,1.0032640584492012,M2,75,TS
1,172,1.0006014508223022,1.0032385722415311,M2,75,TS
1,173,0.9996034070961728,1.0032104891221851,M2,75,TS
1,174,0.9986270177227583,1.0031872384925427,M2,75,TS
1,175,0.9980836122088909,1.0031681258034932,M2,75,TS
1,176,0.9978717048258827,1.0031358721598527,M2,75,TS
1,177,0.9980881334019138,1.00311628976853,M2,75,TS
1,178,0.9987131474621992,1.003107537284713,M2,75,TS
1,179,0.9998235511188321,1.003087086232912,M2,75,TS
1,180,1.0011065231854825,1.0030721754642329,M2,75,TS
1,181,1.0013771727680894,1.0030688008140332,M2,75,TS
1,182,1.0016764928582509,1.0030647110206161,M2,75,TS
1,183,1.0023240922011576,1.0030507179257486,M2,75,TS
1,184,1.0025496689705158,1.0030285970074782,M2,75,TS
1,185,1.0027810566496334,1.0030010048534352,M2,75,TS
1,186,1.0024387748845074,1.0029596374302197,M2,75,TS
1,187,1.0019669105501887,1.0029222465313923,M2,75,TS
1,188,1.001749130863073,1.0028849978684706,M2,75,TS
1,189,1.0018799043084554,1.0028454375619105,M2,75,TS
1,190,1.001666978040517,1.0028158135218332,M2,75,TS
1,191,1.0018924152574733,1.0027885169215867,M2,75,TS
1,192,1.0013201509165075,1.0027546297550742,M2,75,TS
1,193,1.0003872481179652,1.0027086639628051,M2,75,TS
1,194,0.999941113240662,1.002669523592551,M2,75,TS
1,195,0.9986368612832792,1.0026276749251148,M2,75,TS
1,196,0.9980639123735556,1.0025905801752444,M2,75,TS
1,197,0.9975588394878703,1.0025545119113433,M2,75,TS
1,198,0.9971216426262207,1.002519470133408,M2,75,TS
1,199,0.9967523217886071,1.002485454841439,M2,75,TS
1,200,0.9964508769750292,1.0024524660354361,M2,75,TS
3,151,0.9960343643247106,0.9965424269181449,M2,75,TS
3,152,0.9959927167171484,0.9965323221215961,M2,75,TS
3,153,0.9959585669412259,0.996518292080272,M2,75,TS
3,154,0.9959319149969431,0.9965003367941726,M2,75,TS
3,155,0.9959127608842999,0.996478456263298,M2,75,TS
3,156,0.9959011046032991,0.996452650487651,M2,75,TS
3,157,0.99591418178317,0.9964294671283218,M2,75,TS
3,158,0.9959199948628807,0.9963953655299577,M2,75,TS
3,159,0.9959320859144289,0.9963593271418802,M2,75,TS
3,160,0.99593203064154,0.9963182920332868,M2,75,TS
3,161,0.9959224770012136,0.9962753446640049,M2,75,TS
3,162,0.9959002339481822,0.9962084375746492,M2,75,TS
3,163,0.9958625601185487,0.9961476032306791,M2,75,TS
3,164,0.9957994798270604,0.996105565074248,M2,75,TS
3,165,0.995739273297319,0.9960744187886426,M2,75,TS
3,166,0.9956808517819564,0.9960592414387062,M2,75,TS
3,167,0.9956127277322449,0.9960531032126653,M2,75,TS
3,168,0.995576158074972,0.9960645565423968,M2,75,TS
3,169,0.9955744051959938,0.9960574296313297,M2,75,TS
3,170,0.995600712306006,0.9960524148591656,M2,75,TS
3,171,0.9956379893705616,0.9960099318633903,M2,75,TS
3,172,0.9956641347323912,0.9959390594129642,M2,75,TS
3,173,0.9956711920948085,0.995885847932775,M2,75,TS
3,174,0.9956380585687907,0.9958390363695281,M2,75,TS
3,175,0.9955853708658173,0.9958079384045536,M2,75,TS
3,176,0.9955396173395594,0.9957720759298677,M2,75,TS
3,177,0.9955035324983614,0.9957595789876033,M2,75,TS
3,178,0.9955100283482142,0.9957672423258084,M2,75,TS
3,179,0.9955577798394379,0.9957746234781855,M2,75,TS
3,180,0.9956211379950224,0.995791535838927,M2,75,TS
3,181,0.9956797077616993,0.9957941607475822,M2,75,TS
3,182,0.9956850893700995,0.9957981521760512,M2,75,TS
3,183,0.9956531206452309,0.9958021071052101,M2,75,TS
3,184,0.9955877786642572,0.9957879992624941,M2,75,TS
3,185,0.9955121162923015,0.9957688458561909,M2,75,TS
3,186,0.9954418813752506,0.9957211586009739,M2,75,TS
3,187,0.9953844260642624,0.9956737661396468,M2,75,TS
3,188,0.9953396535246629,0.9956326754232868,M2,75,TS
3,189,0.9953058687211954,0.9955979384497043,M2,75,TS
3,190,0.9952704270164792,0.9955643627811198,M2,75,TS
3,191,0.9952322818676387,0.9955443951830716,M2,75,TS
3,192,0.9951643814803146,0.9954981820827132,M2,75,TS
3,193,0.995099388061318,0.9954305868885568,M2,75,TS
3,194,0.9950507740559454,0.9953818823943591,M2,75,TS
3,195,0.9950369504778394,0.9953076012700555,M2,75,TS
3,196,0.9950429987886786,0.9952562825479384,M2,75,TS
3,197,0.9950691480067563,0.9952072127166184,M2,75,TS
3,198,0.9951153981320696,0.9951603917760927,M2,75,TS
3,199,0.9951817491646184,0.9951158197263615,M2,75,TS
3,200,0.9952682011044028,0.9950734965674247,M2,75,TS
4,151,0.9767030436512549,0.9821044556769877,M2,75,TS
4,152,0.976800964527353,0.981980481569985,M2,75,TS
4,153,0.976863456319432,0.9818536838672611,M2,75,TS
4,154,0.9768905190274921,0.9817240625688163,M2,75,TS
4,155,0.9768821526515331,0.9815916176746502,M2,75,TS
4,156,0.9768383571915578,0.981456349184766,M2,75,TS
4,157,0.9771008112729221,0.9813165288595254,M2,75,TS
4,158,0.9766433462641386,0.9811839861434534,M2,75,TS
4,159,0.9764710655576234,0.9810423842274878,M2,75,TS
4,160,0.9761497056640729,0.9808992896930547,M2,75,TS
4,161,0.9759204878059102,0.9807516624653698,M2,75,TS
4,162,0.9755304826807375,0.9805837998507378,M2,75,TS
4,163,0.9752868250272246,0.9804178908233125,M2,75,TS
4,164,0.9751039310436997,0.9802685967075657,M2,75,TS
4,165,0.9748326994872825,0.9801325292828104,M2,75,TS
4,166,0.9745956570849166,0.9800116348722729,M2,75,TS
4,167,0.9745201302249025,0.9798954309395095,M2,75,TS
4,168,0.9746065450471004,0.9797934922739568,M2,75,TS
4,169,0.9742718804716919,0.9796846245409727,M2,75,TS
4,170,0.9737456352786511,0.9795834969071353,M2,75,TS
4,171,0.9733758712277756,0.9794410987326455,M2,75,TS
4,172,0.973068728226699,0.9792683696559465,M2,75,TS
4,173,0.9727661577049508,0.9791127281261311,M2,75,TS
4,174,0.9726141495290563,0.978958614361545,M2,75,TS
4,175,0.9727118741969064,0.9788133381628432,M2,75,TS
4,176,0.9721794294905961,0.9786795838826772,M2,75,TS
4,177,0.9718954140115266,0.9785631188233564,M2,75,TS
4,178,0.9719018732784592,0.9784605196934363,M2,75,TS
4,179,0.9714335255198636,0.9783708500564541,M2,75,TS
4,180,0.9711578846154274,0.9782862084222003,M2,75,TS
4,181,0.9710944722638326,0.9781816928051079,M2,75,TS
4,182,0.9712193875545372,0.9780723671741451,M2,75,TS
4,183,0.9713507159747161,0.9779619102529632,M2,75,TS
4,184,0.9712892944760729,0.9778374430861515,M2,75,TS
4,185,0.9712462147908485,0.977707179096826,M2,75,TS
4,186,0.9705731539231293,0.977564576454287,M2,75,TS
4,187,0.970208754222414,0.9774147124170688,M2,75,TS
4,188,0.969988760236854,0.9772678075172128,M2,75,TS
4,189,0.9696206096996185,0.9771313295690814,M2,75,TS
4,190,0.9694751194696738,0.9769902596839172,M2,75,TS
4,191,0.9694240710464628,0.9768603418988135,M2,75,TS
4,192,0.969427668334244,0.9767019646164589,M2,75,TS
4,193,0.9693133233696938,0.976525283268298,M2,75,TS
4,194,0.9689956572497094,0.9763731283891487,M2,75,TS
4,195,0.9687059737372188,0.9761955345066184,M2,75,TS
4,196,0.9684807897997224,0.976039801121011,M2,75,TS
4,197,0.9682473872035253,0.9758870465645582,M2,75,TS
4,198,0.9680057659486249,0.975737270837257,M2,75,TS
4,199,0.9677559260350211,0.9755904739391079,M2,75,TS
4,200,0.9674978674627139,0.9754466558701104,M2,75,TS
6,151,0.996214505768315,0.9957270068061663,M2,75,TS
6,152,0.9961152328406796,0.9956985107386023,M2,75,TS
6,153,0.9960290888322142,0.9956659454253384,M2,75,TS
6,154,0.995956073742919,0.9956293108663746,M2,75,TS
6,155,0.9958961875727937,0.9955886070617108,M2,75,TS
6,156,0.9958494303218418,0.99554383401135,M2,75,TS
6,157,0.9958599118207982,0.9955011694880805,M2,75,TS
6,158,0.9958456437304972,0.9954474443120349,M2,75,TS
6,159,0.9957704044573623,0.9953937304530666,M2,75,TS
6,160,0.9958367240092967,0.9953310148765185,M2,75,TS
6,161,0.9957092218587607,0.9952710407978074,M2,75,TS
6,162,0.9956523449446865,0.9951845188120657,M2,75,TS
6,163,0.9955662274306651,0.9951046193787838,M2,75,TS
6,164,0.9955560027793754,0.9950410936891042,M2,75,TS
6,165,0.9955269016238708,0.9949889742099909,M2,75,TS
6,166,0.995515275555934,0.9949526300046306,M2,75,TS
6,167,0.995481363117343,0.9949259195269213,M2,75,TS
6,168,0.9952872254157735,0.9949218395356741,M2,75,TS
6,169,0.9952152259768224,0.9948966428852155,M2,75,TS
6,170,0.9950931560869628,0.9948755006044012,M2,75,TS
6,171,0.994966603957919,0.9948169069289872,M2,75,TS
6,172,0.9949506503891471,0.9947265293195046,M2,75,TS
6,173,0.9949255045077805,0.9946537501484591,M2,75,TS
6,174,0.9949507524984647,0.9945851879738885,M2,75,TS
6,175,0.9949436995335101,0.9945328776211447,M2,75,TS
6,176,0.9948553452856492,0.9944776517676669,M2,75,TS
6,177,0.994861288992555,0.9944439355043734,M2,75,TS
6,178,0.9947635411372995,0.9944345417314733,M2,75,TS
6,179,0.9947687327438571,0.9944230757704934,M2,75,TS
6,180,0.9946547175698341,0.9944248508362246,M2,75,TS
6,181,0.9947522146500036,0.9944067145280868,M2,75,TS
6,182,0.9947288419621603,0.9943918059543191,M2,75,TS
6,183,0.9946594190966497,0.9943772437233301,M2,75,TS
6,184,0.9946131352370858,0.9943429374257493,M2,75,TS
6,185,0.9945569067396691,0.994303484056524,M2,75,TS
6,186,0.9944554226729967,0.9942361094166783,M2,75,TS
6,187,0.994525445824341,0.9941652040685585,M2,75,TS
6,188,0.9945312995670903,0.9941028002559261,M2,75,TS
6,189,0.9945035238085205,0.994047819652713,M2,75,TS
6,190,0.9944937350335686,0.9939935307110047,M2,75,TS
6,191,0.994511069552142,0.9939523059145565,M2,75,TS
6,192,0.994354548788215,0.9938882479378438,M2,75,TS
6,193,0.9942082877615992,0.9938024810011385,M2,75,TS
6,194,0.9940660638765035,0.9937358922538105,M2,75,TS
6,195,0.9939285246499441,0.9936442942682108,M2,75,TS
6,196,0.9937872031503167,0.9935765211284179,M2,75,TS
6,197,0.9936459653173575,0.9935115306434067,M2,75,TS
6,198,0.9935048111510638,0.9934493228131743,M2,75,TS
6,199,0.9933637406514356,0.9933898976377206,M2,75,TS
6,200,0.9932227538184729,0.9933332551170458,M2,75,TS
7,151,0.9944063753831374,0.9969171867803084,M2,75,TS
7,152,0.9943518838933064,0.9968962655804842,M2,75,TS
7,153,0.9942924744859969,0.9968717373169217,M2,75,TS
7,154,0.994228147161209,0.996843601989621,M2,75,TS
7,155,0.9941589019189425,0.9968118595985821,M2,75,TS
7,156,0.9940847387592003,0.9967765101438079,M2,75,TS
7,157,0.9939822863795954,0.9967451177417759,M2,75,TS
7,158,0.9939045656069894,0.9967020304580506,M2,75,TS
7,159,0.9938651951227415,0.9966561726387613,M2,75,TS
7,160,0.9938035718599496,0.9966055802418372,M2,75,TS
7,161,0.9937610515371789,0.9965523489053643,M2,75,TS
7,162,0.9937122760542119,0.9964750256726229,M2,75,TS
7,163,0.9936117741640667,0.9964046867547628,M2,75,TS
7,164,0.9935157799849212,0.9963523640422521,M2,75,TS
7,165,0.9934154307549953,0.9963111199316113,M2,75,TS
7,166,0.9932585301429073,0.9962873191077645,M2,75,TS
7,167,0.9930649007415475,0.9962732272749856,M2,75,TS
7,168,0.9929202850425868,0.9962762736742828,M2,75,TS
7,169,0.9927678083195293,0.9962618554211604,M2,75,TS
7,170,0.9926517468134011,0.9962493423434143,M2,75,TS
7,171,0.9925164540284324,0.9962001630267613,M2,75,TS
7,172,0.9924355058928396,0.9961209426289553,M2,75,TS
7,173,0.9922633449048571,0.9960612087018064,M2,75,TS
7,174,0.9921366744906839,0.9960056725732991,M2,75,TS
7,175,0.9920620457932743,0.9959640036068746,M2,75,TS
7,176,0.991960224684306,0.9959184707829449,M2,75,TS
7,177,0.9917807998494718,0.9958985099174751,M2,75,TS
7,178,0.991696715556144,0.9958973355243764,M2,75,TS
7,179,0.9916208230145287,0.9958967416655284,M2,75,TS
7,180,0.9915485975755082,0.9959059669607236,M2,75,TS
7,181,0.9915041139511117,0.9959000807913343,M2,75,TS
7,182,0.991437678959813,0.9958947493887792,M2,75,TS
7,183,0.9913197670728469,0.9958897277689882,M2,75,TS
7,184,0.9912539511914851,0.9958644749922667,M2,75,TS
7,185,0.9912096475888834,0.9958333693928682,M2,75,TS
7,186,0.9911403242141177,0.9957745575766122,M2,75,TS
7,187,0.9909881512914112,0.9957184678991358,M2,75,TS
7,188,0.9909081017447054,0.9956671466039936,M2,75,TS
7,189,0.9908380250579897,0.9956222103509702,M2,75,TS
7,190,0.9907348827758002,0.9955792350947682,M2,75,TS
7,191,0.990680910982181,0.9955485264348173,M2,75,TS
7,192,0.9905315571703812,0.9954932670864531,M2,75,TS
7,193,0.9903770005332686,0.9954168445739054,M2,75,TS
7,194,0.9902430059030527,0.9953592075924824,M2,75,TS
7,195,0.9901456260555439,0.9952759671144445,M2,75,TS
7,196,0.9900206122761921,0.9952168844923491,M2,75,TS
7,197,0.9898951591915459,0.9951605756237718,M2,75,TS
7,198,0.9897692668016028,0.9951070405087099,M2,75,TS
7,199,0.9896429351063629,0.9950562791471632,M2,75,TS
7,200,0.9895161641058261,0.9950082915391322,M2,75,TS
8,151,0.9894562866939769,0.9935167569616337,M2,75,TS
8,152,0.9892869391809709,0.9934626335534238,M2,75,TS
8,153,0.9891264737722718,0.9934046034431566,M2,75,TS
8,154,0.9889748904678795,0.9933426666308324,M2,75,TS
8,155,0.9888321892677938,0.9932768231164508,M2,75,TS
8,156,0.9886983701720182,0.993207072900015,M2,75,TS
8,157,0.988612998135234,0.9931378577805177,M2,75,TS
8,158,0.9884657605265808,0.993062011224938,M2,75,TS
8,159,0.9883221445484542,0.9929831317260024,M2,75,TS
8,160,0.9881996969985829,0.9928988757790498,M2,75,TS
8,161,0.988043425315414,0.9928135449995513,M2,75,TS
8,162,0.9878153619489983,0.9927079648631569,M2,75,TS
8,163,0.987663659807816,0.9926053699905111,M2,75,TS
8,164,0.9875156075605755,0.9925198542845127,M2,75,TS
8,165,0.9873270466649591,0.9924463450026523,M2,75,TS
8,166,0.9871873160367632,0.9923866395664225,M2,75,TS
8,167,0.9870762836454232,0.9923336355051171,M2,75,TS
8,168,0.9869386436403,0.9922988518180029,M2,75,TS
8,169,0.9867927268027747,0.9922482197706477,M2,75,TS
8,170,0.9866505942191186,0.9922006363000495,M2,75,TS
8,171,0.9865007607244951,0.9921181978323907,M2,75,TS
8,172,0.986302968780101,0.9920096987385805,M2,75,TS
8,173,0.9861435659453623,0.9919164635791697,M2,75,TS
8,174,0.9859508344567336,0.9918285612244169,M2,75,TS
8,175,0.9857170247032094,0.991755563237724,M2,75,TS
8,176,0.9854989411486601,0.9916798201097636,M2,75,TS
8,177,0.9853378399000858,0.9916247320312447,M2,75,TS
8,178,0.9851822150143007,0.9915884988750713,M2,75,TS
8,179,0.98501998496841,0.9915542889405489,M2,75,TS
8,180,0.9849044471712944,0.9915276152251286,M2,75,TS
8,181,0.9848004012787525,0.9914868027091396,M2,75,TS
8,182,0.9846632874079718,0.9914460170194247,M2,75,TS
8,183,0.9845620324189641,0.9914026241865879,M2,75,TS
8,184,0.9844446166266216,0.9913419702777072,M2,75,TS
8,185,0.9842672291286316,0.9912777928849685,M2,75,TS
8,186,0.9840657585920585,0.9911894680031037,M2,75,TS
8,187,0.983908876419124,0.991099555492879,M2,75,TS
8,188,0.9837450136174848,0.9910151707373694,M2,75,TS
8,189,0.9835390637644426,0.9909386754173816,M2,75,TS
8,190,0.9833286628583462,0.9908632158565019,M2,75,TS
8,191,0.9831152377668357,0.990800141122367,M2,75,TS
8,192,0.9828710927346475,0.9907122928085019,M2,75,TS
8,193,0.9826470558178269,0.9906035312311045,M2,75,TS
8,194,0.9824686223560679,0.9905131723466095,M2,75,TS
8,195,0.9822446928402246,0.9904002898220343,M2,75,TS
8,196,0.9820476556594568,0.9903088502197793,M2,75,TS
8,197,0.9818597827823277,0.9902198583298372,M2,75,TS
8,198,0.9816810742088343,0.9901333141522052,M2,75,TS
8,199,0.981511529938977,0.9900492176868831,M2,75,TS
8,200,0.9813511499727554,0.9899675689338713,M2,75,TS
12,151,0.9964391412129527,0.9946517636475326,M2,75,TS
12,152,0.996449271339672,0.994607097067185,M2,75,TS
12,153,0.9964508346170283,0.9945589167982415,M2,75,TS
12,154,0.9964438310450218,0.994507222840702,M2,75,TS
12,155,0.9964282606236524,0.9944520151945665,M2,75,TS
12,156,0.9964041233529233,0.9943932938598379,M2,75,TS
12,157,0.9963733833269217,0.994338100003468,M2,75,TS
12,158,0.9963272920330408,0.994272005227405,M2,75,TS
12,159,0.9962954253265817,0.9942038433274416,M2,75,TS
12,160,0.9962317083567527,0.9941311663958242,M2,75,TS
12,161,0.996195685495121,0.9940556039593459,M2,75,TS
12,162,0.9961588400405574,0.9939556323528753,M2,75,TS
12,163,0.9960993853386355,0.9938619794176065,M2,75,TS
12,164,0.9960167875370655,0.9937871182065328,M2,75,TS
12,165,0.9959439058471578,0.9937229597856868,M2,75,TS
12,166,0.9958358179690385,0.9936757831818929,M2,75,TS
12,167,0.9957187800079623,0.9936377133141554,M2,75,TS
12,168,0.9956256062307962,0.9936174734855712,M2,75,TS
12,169,0.9955638034557666,0.9935786470727335,M2,75,TS
12,170,0.995517288368672,0.9935422418313729,M2,75,TS
12,171,0.9955193786141443,0.9934672853885594,M2,75,TS
12,172,0.9954981882957448,0.9933641618024565,M2,75,TS
12,173,0.9954579803391037,0.9932787573563062,M2,75,TS
12,174,0.9954238374706464,0.993198611403834,M2,75,TS
12,175,0.995400931370721,0.9931334579561645,M2,75,TS
12,176,0.9953770856030706,0.9930636099695138,M2,75,TS
12,177,0.9953392362431142,0.9930178327501211,M2,75,TS
12,178,0.9953084427222629,0.992993259633276,M2,75,TS
12,179,0.9952961128171749,0.9929689214742715,M2,75,TS
12,180,0.99530106766799,0.9929541546703209,M2,75,TS
12,181,0.9952783788360806,0.992925658177281,M2,75,TS
12,182,0.9952234549725187,0.9928980311398755,M2,75,TS
12,183,0.9951648897320904,0.9928695551119058,M2,75,TS
12,184,0.9951172409488205,0.9928218071568703,M2,75,TS
12,185,0.9950643536166401,0.992768853865855,M2,75,TS
12,186,0.9950033249822401,0.9926874948764265,M2,75,TS
12,187,0.9949131124957803,0.9926075817419906,M2,75,TS
12,188,0.9948103844069475,0.9925346899088011,M2,75,TS
12,189,0.9947515845784494,0.9924672856706631,M2,75,TS
12,190,0.9947036933144273,0.9924007318305914,M2,75,TS
12,191,0.9946534388496556,0.9923478474267236,M2,75,TS
12,192,0.9946082764806821,0.9922677364383258,M2,75,TS
12,193,0.9945468720668882,0.9921666896940465,M2,75,TS
12,194,0.9945116759637709,0.9920842728977131,M2,75,TS
12,195,0.9944588077055738,0.9919775587102055,M2,75,TS
12,196,0.9944023791897465,0.9918944889434652,M2,75,TS
12,197,0.994339854015007,0.9918143458964023,M2,75,TS
12,198,0.994271232181353,0.9917371295690138,M2,75,TS
12,199,0.9941965136887845,0.9916628399613001,M2,75,TS
12,200,0.9941156985373015,0.9915914770732609,M2,75,TS
13,151,0.9971218402728154,0.9959230626218001,M2,75,TS
13,152,0.997125411021877,0.9958894336853974,M2,75,TS
13,153,0.9971229622682198,0.9958522259654378,M2,75,TS
13,154,0.9971144940118436,0.9958114394619212,M2,75,TS
13,155,0.9971000062527485,0.9957670741748476,M2,75,TS
13,156,0.9970794989909375,0.9957191301042199,M2,75,TS
13,157,0.9970426935251744,0.9956749394202085,M2,75,TS
13,158,0.9970120287572352,0.9956193396746281,M2,75,TS
13,159,0.9969747483554201,0.995562190018279,M2,75,TS
13,160,0.9969483991395283,0.9954994350951405,M2,75,TS
13,161,0.9969110441392823,0.9954347899113023,M2,75,TS
13,162,0.9968554234616301,0.9953462143567854,M2,75,TS
13,163,0.9967727646811086,0.9952640577103036,M2,75,TS
13,164,0.9966715256409413,0.9952005647821393,M2,75,TS
13,165,0.9965957220405769,0.9951473749957305,M2,75,TS
13,166,0.9965182877753898,0.9951102935050513,M2,75,TS
13,167,0.9964408373216866,0.9950820708490891,M2,75,TS
13,168,0.996360574441506,0.9950723523151018,M2,75,TS
13,169,0.9963313767031219,0.9950435627685975,M2,75,TS
13,170,0.9963210302726416,0.9950171069369981,M2,75,TS
13,171,0.9962985218915089,0.9949536813172106,M2,75,TS
13,172,0.9962485884144738,0.9948622145354388,M2,75,TS
13,173,0.9961874524844941,0.9947882540261933,M2,75,TS
13,174,0.9961345121000279,0.9947194875104677,M2,75,TS
13,175,0.9961303098675913,0.9946647375971268,M2,75,TS
13,176,0.9960950315914081,0.9946060945280347,M2,75,TS
13,177,0.9960719868016161,0.9945708288870367,M2,75,TS
13,178,0.9960434895446866,0.994557058394774,M2,75,TS
13,179,0.9960460676752122,0.9945432143619376,M2,75,TS
13,180,0.9960497643446751,0.9945393371405031,M2,75,TS
13,181,0.9960063775909416,0.9945222348344245,M2,75,TS
13,182,0.9959622485718815,0.9945051869013818,M2,75,TS
13,183,0.9958959250976375,0.9944877538099406,M2,75,TS
13,184,0.9958618036440439,0.9944505193225944,M2,75,TS
13,185,0.995846187414138,0.9944074777865001,M2,75,TS
13,186,0.9957957726569031,0.9943367620754799,M2,75,TS
13,187,0.9957415155335627,0.9942668268356336,M2,75,TS
13,188,0.9956964933022042,0.9942033396603793,M2,75,TS
13,189,0.9956549610085865,0.994146380112594,M2,75,TS
13,190,0.9956421171713961,0.9940898127666722,M2,75,TS
13,191,0.9956152225775323,0.9940471989603379,M2,75,TS
13,192,0.9955648706054869,0.9939781089018653,M2,75,TS
13,193,0.9954959882519252,0.9938881515664657,M2,75,TS
13,194,0.995440178124885,0.9938171625008984,M2,75,TS
13,195,0.9953727857710697,0.9937217345693723,M2,75,TS
13,196,0.9953265384190831,0.993649300540647,M2,75,TS
13,197,0.9952828626347129,0.9935795699559304,M2,75,TS
13,198,0.9952417584179565,0.9935125428152198,M2,75,TS
13,199,0.9952032257688137,0.9934482191185153,M2,75,TS
13,200,0.9951672646872847,0.9933865988658169,M2,75,TS
15,151,0.9962252605469409,0.9934807385655307,M2,75,TS
15,152,0.9962208125930392,0.9934309085822168,M2,75,TS
15,153,0.9962118183194908,0.9933774266830867,M2,75,TS
15,154,0.9961982777262959,0.99332029286814,M2,75,TS
15,155,0.9961801908134543,0.9932595071373771,M2,75,TS
15,156,0.996157557580969,0.9931950694908005,M2,75,TS
15,157,0.9961330561512289,0.9931767157213227,M2,75,TS
15,158,0.9961030139082411,0.9930678738140253,M2,75,TS
15,159,0.9960483729312696,0.9929879162131502,M2,75,TS
15,160,0.9960004961472655,0.992893413787933,M2,75,TS
15,161,0.9959293724948286,0.9927880491109607,M2,75,TS
15,162,0.9958335335644611,0.9925976218902102,M2,75,TS
15,163,0.9957205996053304,0.9924394294902392,M2,75,TS
15,164,0.9956044966238953,0.9923223787574936,M2,75,TS
15,165,0.9954812809233828,0.9922104212744713,M2,75,TS
15,166,0.9953984102161108,0.9921420427445279,M2,75,TS
15,167,0.9953439525691803,0.992118918619887,M2,75,TS
15,168,0.995329457996333,0.9921308059310676,M2,75,TS
15,169,0.9952733207454667,0.9920848821716526,M2,75,TS
15,170,0.9952518136326842,0.9920335213386103,M2,75,TS
15,171,0.9952051757086207,0.9918945294863231,M2,75,TS
15,172,0.995132271609668,0.9916900858298915,M2,75,TS
15,173,0.995060842996885,0.9915283785065792,M2,75,TS
15,174,0.9950070180486855,0.9913904422267379,M2,75,TS
15,175,0.9949476593639104,0.9912961881009933,M2,75,TS
15,176,0.994932851648315,0.9911417229433269,M2,75,TS
15,177,0.9949255098219727,0.991052412938822,M2,75,TS
15,178,0.9949214325530107,0.9910400559813496,M2,75,TS
15,179,0.9949097971769096,0.9909999587258255,M2,75,TS
15,180,0.9948833397107228,0.9910044424618303,M2,75,TS
15,181,0.9948059503284219,0.990983600085069,M2,75,TS
15,182,0.9947249757270282,0.9909802759440137,M2,75,TS
15,183,0.9946328188777054,0.9909977883615442,M2,75,TS
15,184,0.994556640269802,0.9909650925193834,M2,75,TS
15,185,0.9944566820527307,0.9909149704685113,M2,75,TS
15,186,0.9944022573565555,0.9907440995656347,M2,75,TS
15,187,0.9943491582095565,0.9906060259449597,M2,75,TS
15,188,0.9942834853639416,0.9905057916752225,M2,75,TS
15,189,0.9942423860416657,0.9904020354051737,M2,75,TS
15,190,0.9941943633012958,0.9903039358786146,M2,75,TS
15,191,0.9941214406260783,0.9902490132027073,M2,75,TS
15,192,0.9940644165797171,0.9901300331945052,M2,75,TS
15,193,0.9939849550593147,0.9899714988136361,M2,75,TS
15,194,0.9939132663788257,0.9898280257553279,M2,75,TS
15,195,0.9938551810527687,0.9896325404512877,M2,75,TS
15,196,0.9937969359266035,0.9894947414028553,M2,75,TS
15,197,0.9937438760109061,0.9893624093109894,M2,75,TS
15,198,0.9936960013056741,0.9892355441756873,M2,75,TS
15,199,0.9936533118109079,0.9891141459969489,M2,75,TS
15,200,0.993615807526607,0.9889982147747743,M2,75,TS
17,151,0.9980876584157506,0.9998516183885933,M2,75,TS
17,152,0.9981352042733159,0.9998489019042971,M2,75,TS
17,153,0.9981566729266981,0.9998432428154288,M2,75,TS
17,154,0.998152064375897,0.9998346411219886,M2,75,TS
17,155,0.9981213786209127,0.9998230968239764,M2,75,TS
17,156,0.9980646156617479,0.9998086099213949,M2,75,TS
17,157,0.9979494545663445,0.9997587913738964,M2,75,TS
17,158,0.9979097161329462,0.9997705117015535,M2,75,TS
17,159,0.9979176121027216,0.9997503186137155,M2,75,TS
17,160,0.9977559841524373,0.9997386791564808,M2,75,TS
17,161,0.9977519595499136,0.9997284774290751,M2,75,TS
17,162,0.9977688485147062,0.9997510462015238,M2,75,TS
17,163,0.9978168947376731,0.9997533767961198,M2,75,TS
17,164,0.9978755313898338,0.9997516677342373,M2,75,TS
17,165,0.9979888789109685,0.9997647025088995,M2,75,TS
17,166,0.9980966942905272,0.9997675085720101,M2,75,TS
17,167,0.9980050167181996,0.9997505263683423,M2,75,TS
17,168,0.9980279963497212,0.9997323416226876,M2,75,TS
17,169,0.9980399116980906,0.999735075201336,M2,75,TS
17,170,0.998046379793742,0.9997483399051144,M2,75,TS
17,171,0.9980724622218546,0.9997719432507296,M2,75,TS
17,172,0.9980755730720043,0.9998027213872946,M2,75,TS
17,173,0.9980659388396138,0.9998267617436929,M2,75,TS
17,174,0.9980451216973336,0.9998390031655126,M2,75,TS
17,175,0.9980200775252531,0.9998396227946145,M2,75,TS
17,176,0.9979768399295956,0.9998883658702652,M2,75,TS
17,177,0.9979523464467734,0.9999206905894832,M2,75,TS
17,178,0.9979192537226368,0.9999217878169011,M2,75,TS
17,179,0.9978812563814822,0.999950703153055,M2,75,TS
17,180,0.9978276205537122,0.9999573631303307,M2,75,TS
17,181,0.99779056482589,0.9999598852311261,M2,75,TS
17,182,0.9977713897388524,0.9999453974615553,M2,75,TS
17,183,0.9977523831235487,0.999909439633223,M2,75,TS
17,184,0.9977298930177749,0.9998842717492266,M2,75,TS
17,185,0.9976923719248798,0.9998658778659238,M2,75,TS
17,186,0.9976702775317827,0.9999056570172977,M2,75,TS
17,187,0.9976507861793333,0.9999156654702537,M2,75,TS
17,188,0.99760405834563,0.99990373193653,M2,75,TS
17,189,0.9975449789654255,0.9999081361924088,M2,75,TS
17,190,0.9974977354863259,0.9999090531631832,M2,75,TS
17,191,0.9974704408888537,0.9998949839051925,M2,75,TS
17,192,0.9974628881747938,0.9998884331957951,M2,75,TS
17,193,0.9974755488038036,0.9998775554112251,M2,75,TS
17,194,0.9974938234159549,0.9998895279646016,M2,75,TS
17,195,0.9975989351942185,0.9999001396417215,M2,75,TS
17,196,0.9975292329964532,0.9999070091821383,M2,75,TS
17,197,0.997419619540284,0.9999152396951531,M2,75,TS
17,198,0.997270094825708,0.999924831180763,M2,75,TS
17,199,0.9970806588527253,0.9999357836389684,M2,75,TS
17,200,0.9968513116213358,0.9999480970697692,M2,75,TS
18,151,0.9967286752306215,0.9963784787554041,M2,75,TS
18,152,0.996734180439968,0.9963465853020274,M2,75,TS
18,153,0.9967286473994351,0.9963112420610917,M2,75,TS
18,154,0.9967120761090231,0.9962724490325973,M2,75,TS
18,155,0.9966844665687318,0.9962302062165438,M2,75,TS
18,156,0.9966458187785637,0.9961845136129344,M2,75,TS
18,157,0.9965932376844059,0.9961423811370682,M2,75,TS
18,158,0.996527560446605,0.9960895804994069,M2,75,TS
18,159,0.9964576808305154,0.9960350733811805,M2,75,TS
18,160,0.9963852885555852,0.9959753342130977,M2,75,TS
18,161,0.9963093425696747,0.9959135416567537,M2,75,TS
18,162,0.996241155290386,0.9958273416308577,M2,75,TS
18,163,0.9961930232600331,0.9957462706522694,M2,75,TS
18,164,0.9961534929420675,0.9956830948866349,M2,75,TS
18,165,0.9961282542437089,0.9956305253844987,M2,75,TS
18,166,0.9961340704382093,0.9955931384603766,M2,75,TS
18,167,0.9961332036581544,0.9955646672765252,M2,75,TS
18,168,0.9961445950325705,0.9955542607864802,M2,75,TS
18,169,0.9961564930828966,0.9955262044865326,M2,75,TS
18,170,0.9961554243304382,0.9955013226885492,M2,75,TS
18,171,0.9961540709408457,0.9954393247692137,M2,75,TS
18,172,0.9961171965817952,0.9953496101728739,M2,75,TS
18,173,0.9960709459919943,0.9952772757333986,M2,75,TS
18,174,0.9960208668691528,0.9952103857966631,M2,75,TS
18,175,0.9959813926061627,0.9951584001938617,M2,75,TS
18,176,0.995958089004092,0.9951014825751654,M2,75,TS
18,177,0.9959376291560111,0.995068053060043,M2,75,TS
18,178,0.9959178524370527,0.9950557877523345,M2,75,TS
18,179,0.995896460375093,0.9950443754395694,M2,75,TS
18,180,0.9958710421699442,0.9950429542510635,M2,75,TS
18,181,0.9958367919253477,0.9950273636332363,M2,75,TS
18,182,0.9957831257202757,0.9950122522716259,M2,75,TS
18,183,0.9957326025198818,0.9949960387446243,M2,75,TS
18,184,0.9956971290990027,0.9949605597793703,M2,75,TS
18,185,0.9956599277889449,0.994919830478514,M2,75,TS
18,186,0.9956296855841797,0.9948506437879622,M2,75,TS
18,187,0.9955981713458765,0.9947820715519089,M2,75,TS
18,188,0.9955528767442439,0.9947204406875318,M2,75,TS
18,189,0.9954912232503919,0.994665877822843,M2,75,TS
18,190,0.9954337333107592,0.9946123212481606,M2,75,TS
18,191,0.9953760597201944,0.9945722710673761,M2,75,TS
18,192,0.9953032597925409,0.9945056472325787,M2,75,TS
18,193,0.9952215665357579,0.9944179671535599,M2,75,TS
18,194,0.9951472511607411,0.9943494137616605,M2,75,TS
18,195,0.9950705577024481,0.9942562708561091,M2,75,TS
18,196,0.9950302699225336,0.994185622346236,M2,75,TS
18,197,0.9950046135818877,0.9941173590503172,M2,75,TS
18,198,0.9949935886805082,0.9940514809683504,M2,75,TS
18,199,0.9949971952183951,0.9939879881003354,M2,75,TS
18,200,0.9950154331955485,0.9939268804462724,M2,75,TS
19,151,0.9983541625402169,0.9976507887669195,M2,75,TS
19,152,0.998313949241844,0.9976327108054142,M2,75,TS
19,153,0.9982766524905043,0.9976108248208715,M2,75,TS
19,154,0.9982422722861977,0.9975851308132915,M2,75,TS
19,155,0.9982108086289242,0.9975556287826743,M2,75,TS
19,156,0.9981822615186868,0.9975223187290226,M2,75,TS
19,157,0.9981634010364282,0.9974919793675322,M2,75,TS
19,158,0.9981526300088968,0.9974503966042014,M2,75,TS
19,159,0.998118417587482,0.9974076132973839,M2,75,TS
19,160,0.9980856048046101,0.9973594938271304,M2,75,TS
19,161,0.9980510460025163,0.9973092710609183,M2,75,TS
19,162,0.9980122018525,0.997234925695674,M2,75,TS
19,163,0.9979886622993271,0.997165841716511,M2,75,TS
19,164,0.9979748072893371,0.997114634378515,M2,75,TS
19,165,0.9979576989069638,0.9970744814772726,M2,75,TS
19,166,0.9979557420190031,0.9970499304429412,M2,75,TS
19,167,0.9979701549299111,0.9970337178816665,M2,75,TS
19,168,0.9979696476288039,0.9970362745874434,M2,75,TS
19,169,0.9979757712917408,0.9970210081221156,M2,75,TS
19,170,0.9979679876075439,0.9970089372494878,M2,75,TS
19,171,0.9979505371878232,0.9969599707272679,M2,75,TS
19,172,0.9979374164180058,0.9968822497016814,M2,75,TS
19,173,0.9979284641604969,0.99682157143129,M2,75,TS
19,174,0.9979243138901803,0.9967661234667662,M2,75,TS
19,175,0.9979137758823782,0.9967260274231138,M2,75,TS
19,176,0.9979146632249826,0.9966810992703057,M2,75,TS
19,177,0.9979219630620617,0.9966595842557182,M2,75,TS
19,178,0.9979164416020232,0.9966596023556324,M2,75,TS
19,179,0.9978810831926193,0.9966611867751389,M2,75,TS
19,180,0.9978462976686268,0.9966726579943468,M2,75,TS
19,181,0.9978140490845031,0.9966696633317597,M2,75,TS
19,182,0.9978019663708897,0.996666138712428,M2,75,TS
19,183,0.9977817707485597,0.9966618094442253,M2,75,TS
19,184,0.997760137049204,0.9966386254414399,M2,75,TS
19,185,0.9977178738287117,0.9966106714837124,M2,75,TS
19,186,0.9976769311981306,0.9965543682641186,M2,75,TS
19,187,0.9976246500837709,0.9964989506231468,M2,75,TS
19,188,0.9975481718358651,0.9964507542021689,M2,75,TS
19,189,0.997464250420944,0.996409393123586,M2,75,TS
19,190,0.9974058504213121,0.9963684917611219,M2,75,TS
19,191,0.9973498303501193,0.9963410427514772,M2,75,TS
19,192,0.9973111514638624,0.9962861717280188,M2,75,TS
19,193,0.9972846686521686,0.996209695557968,M2,75,TS
19,194,0.9972725060212573,0.9961521663944621,M2,75,TS
19,195,0.9972586462336028,0.9960700192114093,M2,75,TS
19,196,0.9972579269779204,0.9960109772918622,M2,75,TS
19,197,0.997266220569223,0.9959544658684655,M2,75,TS
19,198,0.9972835270075077,0.9959004849412166,M2,75,TS
19,199,0.9973098462927743,0.9958490345101156,M2,75,TS
19,200,0.997345178425023,0.9958001145751624,M2,75,TS
20,151,0.9973616389364621,0.9965972131910872,M2,75,TS
20,152,0.9974075197253998,0.9965666753129938,M2,75,TS
20,153,0.9974215049847107,0.9965332232792862,M2,75,TS
20,154,0.997403594714395,0.9964968570899642,M2,75,TS
20,155,0.9973537889144526,0.996457576745028,M2,75,TS
20,156,0.9972720875848866,0.9964153822444803,M2,75,TS
20,157,0.9971109528470454,0.9963784410878131,M2,75,TS
20,158,0.9969958467251645,0.9963292928748817,M2,75,TS
20,159,0.9968982250774934,0.9962778892681591,M2,75,TS
20,160,0.9968057423558895,0.9962210546935356,M2,75,TS
20,161,0.9967649835522265,0.99616074502456,M2,75,TS
20,162,0.9967462230467132,0.9960756459532357,M2,75,TS
20,163,0.9967562441604744,0.9959954586319075,M2,75,TS
20,164,0.9968197596582506,0.9959320199462746,M2,75,TS
20,165,0.9969000064872323,0.9958791233576334,M2,75,TS
20,166,0.9969981041843179,0.9958417555771154,M2,75,TS
20,167,0.9968934864706803,0.9958183469234102,M2,75,TS
20,168,0.996978171831189,0.9958084614059646,M2,75,TS
20,169,0.9968581736723161,0.9957861841041704,M2,75,TS
20,170,0.9967202675194098,0.995767206256145,M2,75,TS
20,171,0.9966286239580148,0.9957099033471644,M2,75,TS
20,172,0.9965689094138606,0.9956231421067363,M2,75,TS
20,173,0.9966561260440131,0.9955497544167214,M2,75,TS
20,174,0.9965639000607831,0.9954863255194433,M2,75,TS
20,175,0.9964988305626201,0.9954373834689622,M2,75,TS
20,176,0.9964825142151799,0.9953826581392787,M2,75,TS
20,177,0.9965271691823476,0.9953499394750379,M2,75,TS
20,178,0.9966247076581672,0.9953370594421741,M2,75,TS
20,179,0.9965231349097945,0.995330096225964,M2,75,TS
20,180,0.9964948170830299,0.9953311489153492,M2,75,TS
20,181,0.9965423828461333,0.9953158538184464,M2,75,TS
20,182,0.9965689321766831,0.9953010838144676,M2,75,TS
20,183,0.99662696643056,0.9952844895162558,M2,75,TS
20,184,0.9964687216956917,0.9952545612219325,M2,75,TS
20,185,0.9964055226886985,0.995216894418336,M2,75,TS
20,186,0.9964305090450565,0.9951486600859505,M2,75,TS
20,187,0.9962479179393413,0.9950863460447161,M2,75,TS
20,188,0.9960964738165874,0.9950298280798074,M2,75,TS
20,189,0.9959848674786759,0.9949789327679954,M2,75,TS
20,190,0.9959041879371922,0.9949283576713941,M2,75,TS
20,191,0.9958612410572101,0.9948903232379483,M2,75,TS
20,192,0.9958008059821721,0.9948257659333435,M2,75,TS
20,193,0.9957761643512522,0.9947389999242727,M2,75,TS
20,194,0.9958041770686448,0.9946701971227135,M2,75,TS
20,195,0.9958724204484426,0.994575703289575,M2,75,TS
20,196,0.9959026605517954,0.9945056233975316,M2,75,TS
20,197,0.9959341167151717,0.9944382738072374,M2,75,TS
20,198,0.9959667889385689,0.9943736545186899,M2,75,TS
20,199,0.996000677221987,0.9943117655318888,M2,75,TS
20,200,0.9960357815654259,0.9942526068468345,M2,75,TS
21,151,0.9956912339585707,0.9959636964097737,M2,75,TS
21,152,0.9956361582846758,0.9959317823710949,M2,75,TS
21,153,0.9955777660134763,0.9958962203191819,M2,75,TS
21,154,0.9955160571449724,0.9958570102540344,M2,75,TS
21,155,0.995451031679164,0.9958141521756525,M2,75,TS
21,156,0.995382689616054,0.9957676460840389,M2,75,TS
21,157,0.9953032813292844,0.9957247077133664,M2,75,TS
21,158,0.9952288312847336,0.9956704866741098,M2,75,TS
21,159,0.9951657989556684,0.9956142165750811,M2,75,TS
21,160,0.9950827836652403,0.9955531447429025,M2,75,TS
21,161,0.9950040504535111,0.99548980164413,M2,75,TS
21,162,0.9949378275730777,0.9954018133369033,M2,75,TS
21,163,0.994872731051322,0.9953194903402333,M2,75,TS
21,164,0.9948462154708643,0.995254338006499,M2,75,TS
21,165,0.9948455456205259,0.995199484916489,M2,75,TS
21,166,0.9948506100983525,0.9951605175763389,M2,75,TS
21,167,0.9948442953928711,0.9951306559999397,M2,75,TS
21,168,0.994858696630907,0.9951186748707074,M2,75,TS
21,169,0.9948599240004905,0.9950893176902111,M2,75,TS
21,170,0.9948275598015108,0.9950636481568349,M2,75,TS
21,171,0.9947749222348143,0.9950012784392593,M2,75,TS
21,172,0.9947228452351056,0.994910195412027,M2,75,TS
21,173,0.994660418753779,0.9948365660019285,M2,75,TS
21,174,0.9946132830160076,0.9947679260635097,M2,75,TS
21,175,0.9945781416702075,0.9947142093434544,M2,75,TS
21,176,0.9945183042464286,0.9946565035321097,M2,75,TS
21,177,0.994460904363839,0.9946223756341674,M2,75,TS
21,178,0.9944207553588466,0.9946090933699664,M2,75,TS
21,179,0.9943659110086336,0.9945969450433687,M2,75,TS
21,180,0.9943098604053411,0.9945947812472609,M2,75,TS
21,181,0.9942479000109743,0.9945783513395489,M2,75,TS
21,182,0.9941933460671152,0.9945617457124029,M2,75,TS
21,183,0.9941428593360844,0.9945440557078881,M2,75,TS
21,184,0.9941003087097292,0.9945072236173559,M2,75,TS
21,185,0.994049879015029,0.9944652754500658,M2,75,TS
21,186,0.9939787237981907,0.994395404536471,M2,75,TS
21,187,0.9939123404758661,0.9943260543361062,M2,75,TS
21,188,0.9938302001053307,0.9942637550728249,M2,75,TS
21,189,0.9937594602523034,0.9942077926283445,M2,75,TS
21,190,0.9936779827658371,0.9941532272120761,M2,75,TS
21,191,0.9935713169909226,0.9941128654564525,M2,75,TS
21,192,0.9934749826288649,0.9940452064153141,M2,75,TS
21,193,0.9933924321192207,0.9939558742960901,M2,75,TS
21,194,0.9933409069786632,0.9938850549099855,M2,75,TS
21,195,0.9933053047706054,0.9937891247300191,M2,75,TS
21,196,0.9932830596003424,0.9937163462075634,M2,75,TS
21,197,0.9932787843572951,0.9936458729534259,M2,75,TS
21,198,0.9932924790414607,0.9935777049676039,M2,75,TS
21,199,0.9933241436528392,0.9935118422500973,M2,75,TS
21,200,0.9933737781914306,0.9934482848009063,M2,75,TS
22,151,0.9979528761834789,0.9969639548173359,M2,75,TS
22,152,0.9979072381966131,0.9969402695929226,M2,75,TS
22,153,0.9978617640595299,0.9969128470113763,M2,75,TS
22,154,0.997816453772229,0.996881687072697,M2,75,TS
22,155,0.9977713073347109,0.9968467897768846,M2,75,TS
22,156,0.9977263247469779,0.996808155123942,M2,75,TS
22,157,0.9976623722504454,0.9967732461649392,M2,75,TS
22,158,0.9976220530829301,0.9967266589118683,M2,75,TS
22,159,0.9975850693515447,0.9966781973806081,M2,75,TS
22,160,0.9975521284025106,0.996624327649985,M2,75,TS
22,161,0.9975274650059696,0.9965680932849458,M2,75,TS
22,162,0.99750044667464,0.9964876591399913,M2,75,TS
22,163,0.9974735928424314,0.9964128870287352,M2,75,TS
22,164,0.9974506677254206,0.9963561498138485,M2,75,TS
22,165,0.9974375716473516,0.996310128587912,M2,75,TS
22,166,0.9974409607621424,0.9962796876516039,M2,75,TS
22,167,0.9974532155137844,0.9962577944203833,M2,75,TS
22,168,0.9974715255646589,0.9962541396844983,M2,75,TS
22,169,0.9974882601035546,0.9962328541405172,M2,75,TS
22,170,0.9974927470335335,0.9962147179699837,M2,75,TS
22,171,0.9974823827231087,0.9961597961824562,M2,75,TS
22,172,0.9974560568032118,0.9960766239783989,M2,75,TS
22,173,0.9974282640273349,0.99601065084937,M2,75,TS
22,174,0.9974235959318766,0.9959494460145475,M2,75,TS
22,175,0.9974112134769693,0.995903640067727,M2,75,TS
22,176,0.9974167092627432,0.9958528114093917,M2,75,TS
22,177,0.9974104067819365,0.9958258823184987,M2,75,TS
22,178,0.9973914928461298,0.9958205061936911,M2,75,TS
22,179,0.9973688547367965,0.9958160131202521,M2,75,TS
22,180,0.9973364659420498,0.9958216875126018,M2,75,TS
22,181,0.9972937885930526,0.9958132201192648,M2,75,TS
22,182,0.9972503787900733,0.9958047671776439,M2,75,TS
22,183,0.9972196642067779,0.99579498516541,M2,75,TS
22,184,0.9971947514642006,0.9957661483669565,M2,75,TS
22,185,0.9971539974562448,0.9957324131024575,M2,75,TS
22,186,0.99711660853755,0.995670234432129,M2,75,TS
22,187,0.9970594165220095,0.9956091731381533,M2,75,TS
22,188,0.9969981574821415,0.9955548303148986,M2,75,TS
22,189,0.996932905442551,0.9955072298022479,M2,75,TS
22,190,0.9968700312810477,0.9954606852163375,M2,75,TS
22,191,0.9967969001664407,0.9954279307782993,M2,75,TS
22,192,0.9967343004587343,0.9953679123315481,M2,75,TS
22,193,0.9966924120561809,0.9952860616949253,M2,75,TS
22,194,0.9966737251724511,0.9952229283201884,M2,75,TS
22,195,0.9966714083321956,0.9951347006442617,M2,75,TS
22,196,0.9966745969745014,0.9950697898326678,M2,75,TS
22,197,0.9966913347168012,0.9950072943187094,M2,75,TS
22,198,0.9967216215590917,0.9949472141023836,M2,75,TS
22,199,0.9967654575013734,0.9948895491836904,M2,75,TS
22,200,0.996822842543646,0.9948342995626299,M2,75,TS
23,151,0.9957291000885199,0.9958365772542559,M2,75,TS
23,152,0.995655804722311,0.9958021379782444,M2,75,TS
23,153,0.995583265767001,0.9957639462777432,M2,75,TS
23,154,0.9955114832225899,0.9957220021527529,M2,75,TS
23,155,0.9954404570890777,0.995676305603273,M2,75,TS
23,156,0.9953701873664672,0.9956268566293068,M2,75,TS
23,157,0.9952964816511591,0.9955807462344639,M2,75,TS
23,158,0.9952337450924627,0.9955232612945532,M2,75,TS
23,159,0.9951646689343825,0.9954641587689591,M2,75,TS
23,160,0.9950886447357687,0.9953999275649833,M2,75,TS
23,161,0.9950125348933974,0.9953335440348392,M2,75,TS
23,162,0.9949454753952015,0.995242651999909,M2,75,TS
23,163,0.9948705612965933,0.9951576347855731,M2,75,TS
23,164,0.9948185960203811,0.9950901708184942,M2,75,TS
23,165,0.9947838854552487,0.9950332308353002,M2,75,TS
23,166,0.9947588975268944,0.994992052360837,M2,75,TS
23,167,0.9947590577003345,0.9949590143642473,M2,75,TS
23,168,0.9947644068394659,0.9949442414501415,M2,75,TS
23,169,0.9947660037795605,0.9949118827571819,M2,75,TS
23,170,0.9947637944757017,0.994882454276573,M2,75,TS
23,171,0.9947466162556119,0.9948162297044129,M2,75,TS
23,172,0.9947189951630708,0.9947216032392444,M2,75,TS
23,173,0.9946621370785891,0.9946448943898468,M2,75,TS
23,174,0.9946149970545015,0.9945733033448944,M2,75,TS
23,175,0.9945695964921818,0.9945168760027713,M2,75,TS
23,176,0.9945269742307985,0.9944557984556224,M2,75,TS
23,177,0.9944802338775807,0.9944184340433598,M2,75,TS
23,178,0.99442978382032,0.9944024088107423,M2,75,TS
23,179,0.994383440304972,0.9943870577671573,M2,75,TS
23,180,0.9943415393688771,0.994381519276696,M2,75,TS
23,181,0.9942902372324994,0.9943618131943647,M2,75,TS
23,182,0.9942375416961541,0.9943421433435852,M2,75,TS
23,183,0.9941733265295782,0.9943217717561198,M2,75,TS
23,184,0.9941300293605158,0.9942819499042532,M2,75,TS
23,185,0.9940893572924874,0.9942367523330394,M2,75,TS
23,186,0.9940361842867442,0.9941634934924073,M2,75,TS
23,187,0.9939514980828261,0.9940916605038153,M2,75,TS
23,188,0.9938687256791139,0.9940264009635201,M2,75,TS
23,189,0.9937819685524725,0.993967880414743,M2,75,TS
23,190,0.9937040166065777,0.9939102523098176,M2,75,TS
23,191,0.9936094491179026,0.9938665848233146,M2,75,TS
23,192,0.9935086087142964,0.9937960750409057,M2,75,TS
23,193,0.9934110201584094,0.9937041769106388,M2,75,TS
23,194,0.9933458424257315,0.9936307590052397,M2,75,TS
23,195,0.9932978906382908,0.9935322185618861,M2,75,TS
23,196,0.993268502233414,0.993456669215747,M2,75,TS
23,197,0.9932555990533375,0.9933834610353567,M2,75,TS
23,198,0.9932591810980587,0.9933125940207121,M2,75,TS
23,199,0.9932792483675777,0.9932440681718137,M2,75,TS
23,200,0.9933158008618946,0.9931778834886612,M2,75,TS
26,151,0.9959505042486115,0.9956517816264154,M2,75,TS
26,152,0.9959391513915293,0.9956264965619774,M2,75,TS
26,153,0.9959235813440527,0.9955975865512421,M2,75,TS
26,154,0.9959037941061815,0.9955650515942094,M2,75,TS
26,155,0.9958797896779156,0.9955288916908795,M2,75,TS
26,156,0.9958515680592581,0.995489106841255,M2,75,TS
26,157,0.9958072894134908,0.9954530659850153,M2,75,TS
26,158,0.9957666449082698,0.9954056865798321,M2,75,TS
26,159,0.9957290508396146,0.9953565070634931,M2,75,TS
26,160,0.9956855218293663,0.995302155139912,M2,75,TS
26,161,0.9956471401855236,0.9952454997532595,M2,75,TS
26,162,0.9956172217042869,0.9951642337773868,M2,75,TS
26,163,0.9955702454172622,0.9950891292001048,M2,75,TS
26,164,0.9955319666902213,0.9950319877418075,M2,75,TS
26,165,0.9954958282837898,0.9949857468152606,M2,75,TS
26,166,0.9954580497498497,0.9949556123845592,M2,75,TS
26,167,0.9954201972989694,0.9949343353797663,M2,75,TS
26,168,0.9954003162585383,0.9949310286291962,M2,75,TS
26,169,0.9953739741361689,0.9949101277867235,M2,75,TS
26,170,0.9953283702185327,0.9948925380615192,M2,75,TS
26,171,0.9952770786212812,0.9948378164333006,M2,75,TS
26,172,0.9952158335301919,0.9947546088466813,M2,75,TS
26,173,0.9951514651758169,0.9946886987319342,M2,75,TS
26,174,0.9950852331987592,0.9946282388989525,M2,75,TS
26,175,0.9950159682286617,0.9945831198987459,M2,75,TS
26,176,0.994937142898188,0.9945335611517088,M2,75,TS
26,177,0.9948684720981864,0.9945074298450229,M2,75,TS
26,178,0.994824032753938,0.994502028565806,M2,75,TS
26,179,0.9947916678182149,0.9944970426850228,M2,75,TS
26,180,0.9947660354292998,0.9945018769906779,M2,75,TS
26,181,0.9947581952186065,0.9944918246414517,M2,75,TS
26,182,0.9947504723156242,0.9944818032099868,M2,75,TS
26,183,0.9947581154144762,0.9944704323306881,M2,75,TS
26,184,0.99477481366559,0.9944398552108445,M2,75,TS
26,185,0.994767935465342,0.9944045504199154,M2,75,TS
26,186,0.9947573642526486,0.9943407817884189,M2,75,TS
26,187,0.9947425828269708,0.9942778004903643,M2,75,TS
26,188,0.9947137593630634,0.9942218613378534,M2,75,TS
26,189,0.9947103567853216,0.9941718884795178,M2,75,TS
26,190,0.9946953152330662,0.9941233407941411,M2,75,TS
26,191,0.994681869981461,0.9940883435295388,M2,75,TS
26,192,0.9946622189775258,0.9940264308127772,M2,75,TS
26,193,0.9946446633771215,0.9939431236015668,M2,75,TS
26,194,0.9946319178289431,0.9938789968521154,M2,75,TS
26,195,0.9945965515165704,0.9937907162875201,M2,75,TS
26,196,0.9945587055634009,0.9937260324056629,M2,75,TS
26,197,0.9945147672408209,0.9936642738340808,M2,75,TS
26,198,0.994464736548828,0.9936054405727711,M2,75,TS
26,199,0.9944086134874224,0.9935495326217341,M2,75,TS
26,200,0.994346398056604,0.9934965499809694,M2,75,TS
27,151,0.9956270353333843,0.9943375835746266,M2,75,TS
27,152,0.9956308304875027,0.9942914455166656,M2,75,TS
27,153,0.9956235063981074,0.9942418593562189,M2,75,TS
27,154,0.9956050630651984,0.9941888250932864,M2,75,TS
27,155,0.9955755004887756,0.9941323427278681,M2,75,TS
27,156,0.9955348186688422,0.994072412259967,M2,75,TS
27,157,0.9954834006625471,0.9940160810783839,M2,75,TS
27,158,0.995418425360461,0.9939488671353425,M2,75,TS
27,159,0.9953565849148365,0.9938798451851033,M2,75,TS
27,160,0.9952733097356826,0.9938060497271727,M2,75,TS
27,161,0.9952144854349595,0.9937294579776649,M2,75,TS
27,162,0.9951573562046216,0.9936284410899794,M2,75,TS
27,163,0.9950850316767843,0.9935335325680635,M2,75,TS
27,164,0.9949959437697586,0.9934572350038148,M2,75,TS
27,165,0.9949210350328426,0.9933915304951749,M2,75,TS
27,166,0.9948438679446346,0.9933419427784042,M2,75,TS
27,167,0.9947548564922097,0.9933015069819806,M2,75,TS
27,168,0.9946976510250903,0.9932786836945714,M2,75,TS
27,169,0.9946473330066448,0.9932379321605688,M2,75,TS
27,170,0.9945945152930386,0.9932000635177067,M2,75,TS
27,171,0.9945447834265342,0.9931248482644628,M2,75,TS
27,172,0.9945075395805032,0.9930205793707073,M2,75,TS
27,173,0.9944889188554943,0.9929330456080024,M2,75,TS
27,174,0.9944763021037695,0.9928507569188395,M2,75,TS
27,175,0.9944619689353607,0.9927837696665625,M2,75,TS
27,176,0.9944689801054403,0.9927115612872618,M2,75,TS
27,177,0.9944851237885035,0.9926627984012357,M2,75,TS
27,178,0.9944910894255776,0.9926356365799814,M2,75,TS
27,179,0.9944799854294203,0.9926096424623085,M2,75,TS
27,180,0.9944433259927755,0.9925942891930734,M2,75,TS
27,181,0.994388699724889,0.9925649680556041,M2,75,TS
27,182,0.9943523016714957,0.992535210469192,M2,75,TS
27,183,0.9943249681714408,0.9925042609607164,M2,75,TS
27,184,0.99428351692634,0.9924547052699798,M2,75,TS
27,185,0.9942383398808105,0.9923999154203627,M2,75,TS
27,186,0.9942158639706631,0.9923160033168346,M2,75,TS
27,187,0.9941856942445113,0.9922329616291884,M2,75,TS
27,188,0.9941470624534154,0.9921568129364625,M2,75,TS
27,189,0.9941038359803992,0.9920874017130107,M2,75,TS
27,190,0.9940330063469403,0.9920198236900212,M2,75,TS
27,191,0.9939755654170752,0.9919654881585802,M2,75,TS
27,192,0.993924755344659,0.9918839156140846,M2,75,TS
27,193,0.9938759374482569,0.9917809550577711,M2,75,TS
27,194,0.9938333304535465,0.9916971396391187,M2,75,TS
27,195,0.9937877818081611,0.9915886714480546,M2,75,TS
27,196,0.9937337446981204,0.9915039470244362,M2,75,TS
27,197,0.9936772647437789,0.991422053768129,M2,75,TS
27,198,0.9936183419451339,0.9913429916791301,M2,75,TS
27,199,0.9935569763021853,0.9912667607574397,M2,75,TS
27,200,0.9934931678149332,0.9911933610030575,M2,75,TS
28,151,0.9958768271134878,0.9940288538499519,M2,75,TS
28,152,0.9958069872774017,0.9939802608501913,M2,75,TS
28,153,0.9957385062343753,0.9939279000113453,M2,75,TS
28,154,0.9956713839844086,0.9938717713334136,M2,75,TS
28,155,0.9956056205275016,0.9938118748163961,M2,75,TS
28,156,0.9955412158636568,0.9937482104602959,M2,75,TS
28,157,0.9954703721703593,0.9936880239903313,M2,75,TS
28,158,0.9954017294613472,0.9936165719984348,M2,75,TS
28,159,0.9953492965457706,0.9935429688398578,M2,75,TS
28,160,0.9952887605784829,0.9934642530571715,M2,75,TS
28,161,0.9952268306544811,0.9933834055396633,M2,75,TS
28,162,0.9951706085295687,0.9932780461644696,M2,75,TS
28,163,0.9951025837892211,0.9931787012879979,M2,75,TS
28,164,0.9950259680471947,0.9930977519361941,M2,75,TS
28,165,0.9949711867638683,0.993027200952336,M2,75,TS
28,166,0.9949195165957059,0.9929726218018965,M2,75,TS
28,167,0.9948801619547997,0.9929265657801584,M2,75,TS
28,168,0.9948288282290081,0.9928992397363544,M2,75,TS
28,169,0.994759286893276,0.9928546392215489,M2,75,TS
28,170,0.9946900390221152,0.9928128521562359,M2,75,TS
28,171,0.9946267177461146,0.9927336590543845,M2,75,TS
28,172,0.9945784560647598,0.9926253561248157,M2,75,TS
28,173,0.9945622098053123,0.9925334382606136,M2,75,TS
28,174,0.9945735190442897,0.9924462082329955,M2,75,TS
28,175,0.9946043690732354,0.9923737273638541,M2,75,TS
28,176,0.9946231319216181,0.9922968966617959,M2,75,TS
28,177,0.9946438750046789,0.9922436836959733,M2,75,TS
28,178,0.9946295992122275,0.9922126937033584,M2,75,TS
28,179,0.9945936333057059,0.9921829974680489,M2,75,TS
28,180,0.9945449739711748,0.9921636034459143,M2,75,TS
28,181,0.9944893921720652,0.9921299615830829,M2,75,TS
28,182,0.9944399381823597,0.9920961886544286,M2,75,TS
28,183,0.9944161321713652,0.9920607930157178,M2,75,TS
28,184,0.9943877023568948,0.9920065562114821,M2,75,TS
28,185,0.9943462800062939,0.9919473259967603,M2,75,TS
28,186,0.9943019638171833,0.9918596537019786,M2,75,TS
28,187,0.9942709067133846,0.9917723063793881,M2,75,TS
28,188,0.994239933611649,0.9916916248448298,M2,75,TS
28,189,0.9942015542194994,0.9916177555002975,M2,75,TS
28,190,0.9941377686530268,0.9915456619989674,M2,75,TS
28,191,0.9940912929380132,0.9914867026377511,M2,75,TS
28,192,0.9940443114741453,0.9914006988972187,M2,75,TS
28,193,0.9940105493736837,0.9912930242811981,M2,75,TS
28,194,0.9939496478780393,0.991205350560372,M2,75,TS
28,195,0.993885339415004,0.9910930432121472,M2,75,TS
28,196,0.9938172778179344,0.9910043492670956,M2,75,TS
28,197,0.9937457480426715,0.9909185120535347,M2,75,TS
28,198,0.9936707500892124,0.9908355315714616,M2,75,TS
28,199,0.9935922839575569,0.9907554078208766,M2,75,TS
28,200,0.9935103496477052,0.9906781408017795,M2,75,TS
29,151,0.9971053161646016,0.9970514585223008,M2,75,TS
29,152,0.9970546443879883,0.9970288522589289,M2,75,TS
29,153,0.9969999147314916,0.9970026169989635,M2,75,TS
29,154,0.9969411271951116,0.9969727527424047,M2,75,TS
29,155,0.9968782817788483,0.9969392594892523,M2,75,TS
29,156,0.9968113784827042,0.9969021372395095,M2,75,TS
29,157,0.9967248965817403,0.9968687777692641,M2,75,TS
29,158,0.9966387616759906,0.9968242969907294,M2,75,TS
29,159,0.9965665081064645,0.9967776874470743,M2,75,TS
29,160,0.9965136282181668,0.9967252720864864,M2,75,TS
29,161,0.9964645471636396,0.9966706026601565,M2,75,TS
29,162,0.9964205732676059,0.996591511047525,M2,75,TS
29,163,0.9963652681228199,0.9965183897939662,M2,75,TS
29,164,0.9963280237515837,0.9964629526919604,M2,75,TS
29,165,0.9963083764024314,0.9964180294102727,M2,75,TS
29,166,0.9962999252139577,0.9963888366073156,M2,75,TS
29,167,0.9962917071015146,0.9963684319053655,M2,75,TS
29,168,0.9962900129355721,0.9963662622126642,M2,75,TS
29,169,0.9963176372464052,0.9963456489824591,M2,75,TS
29,170,0.996330514478867,0.9963282446046587,M2,75,TS
29,171,0.99633957105396,0.9962737459390513,M2,75,TS
29,172,0.9963433788354059,0.9961907031751422,M2,75,TS
29,173,0.996316399630141,0.99612562409256,M2,75,TS
29,174,0.9962795277877291,0.9960661701019583,M2,75,TS
29,175,0.996253321792555,0.9960216578427125,M2,75,TS
29,176,0.9962191139567975,0.995972758503641,M2,75,TS
29,177,0.9961771816583925,0.9959476749077847,M2,75,TS
29,178,0.9961279864664458,0.9959440351030339,M2,75,TS
29,179,0.9960935972765861,0.9959407882946122,M2,75,TS
29,180,0.9960372576932366,0.9959480391170593,M2,75,TS
29,181,0.9959856516483765,0.9959407571449128,M2,75,TS
29,182,0.9959354462420607,0.9959334439550382,M2,75,TS
29,183,0.9958692511216817,0.9959255488805492,M2,75,TS
29,184,0.9958310565509717,0.9958980142817602,M2,75,TS
29,185,0.9957945079160518,0.9958651260863698,M2,75,TS
29,186,0.9957594622723526,0.9958037953341162,M2,75,TS
29,187,0.995720506712767,0.9957431904498038,M2,75,TS
29,188,0.9956817104654498,0.9956892114973266,M2,75,TS
29,189,0.9956372887491772,0.9956420112705027,M2,75,TS
29,190,0.9955685636190378,0.9955965534890433,M2,75,TS
29,191,0.9954968102463866,0.9955647151289938,M2,75,TS
29,192,0.9954372577928832,0.9955055517634143,M2,75,TS
29,193,0.99534720467828,0.9954258609385349,M2,75,TS
29,194,0.9952711797727173,0.9953651207337377,M2,75,TS
29,195,0.9952156734143542,0.9952791668243031,M2,75,TS
29,196,0.9951853650628,0.9952160422023817,M2,75,TS
29,197,0.9951711378661893,0.9951552697387241,M2,75,TS
29,198,0.9951729918245189,0.9950968494333278,M2,75,TS
29,199,0.9951909269377889,0.9950407812861923,M2,75,TS
29,200,0.9952249432059993,0.994987065297318,M2,75,TS
30,151,0.9786156496830348,0.9764455187183683,M2,75,TS
30,152,0.97849959995813,0.9762723442419365,M2,75,TS
30,153,0.9783824134107618,0.9760955102030087,M2,75,TS
30,154,0.9782640900409304,0.9759150166015848,M2,75,TS
30,155,0.9781446298486357,0.9757308634376648,M2,75,TS
30,156,0.9780240328338803,0.9755430507112516,M2,75,TS
30,157,0.9778889014610461,0.9753855129962493,M2,75,TS
30,158,0.9777682447260291,0.9751668428035044,M2,75,TS
30,159,0.9776605185831237,0.9749656087480943,M2,75,TS
30,160,0.97753377880097,0.9747533824703176,M2,75,TS
30,161,0.9774259211339003,0.9745333752461479,M2,75,TS
30,162,0.9773195538559117,0.9742508981012555,M2,75,TS
30,163,0.9771920347440073,0.9739907851208274,M2,75,TS
30,164,0.9770537208353786,0.9737631535753954,M2,75,TS
30,165,0.976874119681151,0.9735427745450489,M2,75,TS
30,166,0.976676843904003,0.9733558555876897,M2,75,TS
30,167,0.9764800237719291,0.9732007485414341,M2,75,TS
30,168,0.9762819189345002,0.9730745033381833,M2,75,TS
30,169,0.9760779184118875,0.972905288496209,M2,75,TS
30,170,0.9758535861728687,0.9727338699873318,M2,75,TS
30,171,0.975640084719773,0.972493704844875,M2,75,TS
30,172,0.9754444258391946,0.9722018046330714,M2,75,TS
30,173,0.9752571500427585,0.9719429964415652,M2,75,TS
30,174,0.9750693311365886,0.971701186584112,M2,75,TS
30,175,0.9748969062286892,0.9714923092770162,M2,75,TS
30,176,0.9747300921460091,0.9712439745308001,M2,75,TS
30,177,0.9745758297873253,0.9710452002539746,M2,75,TS
30,178,0.9744064513106123,0.9709026522114464,M2,75,TS
30,179,0.9742581496357877,0.970742779661636,M2,75,TS
30,180,0.9741236702127505,0.970614482102805,M2,75,TS
30,181,0.9739996481604303,0.9704647990183513,M2,75,TS
30,182,0.9738789733217553,0.970326140417254,M2,75,TS
30,183,0.9737841247686867,0.9702001329469141,M2,75,TS
30,184,0.9736866657990332,0.9700357441532164,M2,75,TS
30,185,0.9735904989506905,0.9698583502931577,M2,75,TS
30,186,0.9734797771977106,0.969594848966877,M2,75,TS
30,187,0.9733510233290976,0.9693523227056093,M2,75,TS
30,188,0.9731987434300009,0.9691360633832066,M2,75,TS
30,189,0.9730811593001335,0.96891995154635,M2,75,TS
30,190,0.9729794485882934,0.96870773276568,M2,75,TS
30,191,0.9728458590800013,0.9685276019272104,M2,75,TS
30,192,0.9727194183353756,0.9682974235504056,M2,75,TS
30,193,0.9725771072263516,0.9680346081958122,M2,75,TS
30,194,0.9724210447533566,0.9677882967716954,M2,75,TS
30,195,0.9722410586237553,0.9675004630462446,M2,75,TS
30,196,0.9720844632924925,0.9672573552167283,M2,75,TS
30,197,0.971925259507695,0.967018717439907,M2,75,TS
30,198,0.97176344726936,0.9667845497157777,M2,75,TS
30,199,0.9715990265774874,0.9665548520443408,M2,75,TS
30,200,0.9714319974320774,0.966329624425596,M2,75,TS
31,151,0.9975070046684483,0.9983792329445185,M2,75,TS
31,152,0.997474092201904,0.9983691200184875,M2,75,TS
31,153,0.9974387880343855,0.9983553354567951,M2,75,TS
31,154,0.9974010921658929,0.9983378792594411,M2,75,TS
31,155,0.9973610045964262,0.9983167514264254,M2,75,TS
31,156,0.9973185253259879,0.998291951957751,M2,75,TS
31,157,0.9972511507658179,0.9982709915435534,M2,75,TS
31,158,0.9971848111679518,0.9982390017973307,M2,75,TS
31,159,0.9971480978372742,0.9982044393304513,M2,75,TS
31,160,0.9971319010209514,0.9981640556791922,M2,75,TS
31,161,0.9971251197669797,0.9981212866854259,M2,75,TS
31,162,0.9971208142617026,0.99805424831763,M2,75,TS
31,163,0.9970887395225201,0.9979935638577387,M2,75,TS
31,164,0.9970490605713396,0.997951188495423,M2,75,TS
31,165,0.9970042857558397,0.9979199159018849,M2,75,TS
31,166,0.9969578503880083,0.997904664091187,M2,75,TS
31,167,0.9968884360628354,0.9978987436374218,M2,75,TS
31,168,0.9968279092851762,0.9979109735744921,M2,75,TS
31,169,0.9967573712929807,0.9979058245582652,M2,75,TS
31,170,0.9966948078549835,0.9979033129634561,M2,75,TS
31,171,0.9966349709782729,0.9978636113449951,M2,75,TS
31,172,0.996591494356329,0.9977948650066746,M2,75,TS
31,173,0.9965419818218111,0.9977434111462552,M2,75,TS
31,174,0.9965113307933615,0.9976968202322152,M2,75,TS
31,175,0.9964791181183416,0.9976654444661587,M2,75,TS
31,176,0.9964635240505813,0.997629127205604,M2,75,TS
31,177,0.9964451825759255,0.9976164392795642,M2,75,TS
31,178,0.9964224586446496,0.9976250432331647,M2,75,TS
31,179,0.9963817573715876,0.9976349189936301,M2,75,TS
31,180,0.9963609201896753,0.9976541731184195,M2,75,TS
31,181,0.9963277652487826,0.9976593475515305,M2,75,TS
31,182,0.9962946207306943,0.9976645024550838,M2,75,TS
31,183,0.9962528918134679,0.9976688554510994,M2,75,TS
31,184,0.9962236959859262,0.9976540101887715,M2,75,TS
31,185,0.9961806766368064,0.9976342245239369,M2,75,TS
31,186,0.9961562358257028,0.9975856874575574,M2,75,TS
31,187,0.9961461259271673,0.9975373651000948,M2,75,TS
31,188,0.9961059648658412,0.9974963987711032,M2,75,TS
31,189,0.9960572708541137,0.9974622985205472,M2,75,TS
31,190,0.9960122097441348,0.9974292183451418,M2,75,TS
31,191,0.9959512449869277,0.9974100456379276,M2,75,TS
31,192,0.9959146986428828,0.9973632883524016,M2,75,TS
31,193,0.9958371791458136,0.9972962969237432,M2,75,TS
31,194,0.9957720818575309,0.9972483022422469,M2,75,TS
31,195,0.9956880636310182,0.9971761433201051,M2,75,TS
31,196,0.995610149220539,0.9971272550177301,M2,75,TS
31,197,0.9955296818882626,0.9970811926033225,M2,75,TS
31,198,0.9954466616341862,0.9970379560768796,M2,75,TS
31,199,0.9953610884583096,0.9969975454384012,M2,75,TS
31,200,0.9952729623606329,0.9969599606878876,M2,75,TS
32,151,0.9976372787513029,0.9982571925963765,M2,75,TS
32,152,0.9975859283782122,0.9982461953835216,M2,75,TS
32,153,0.997537759894991,0.9982313837785188,M2,75,TS
32,154,0.9974927733016392,0.9982127577813681,M2,75,TS
32,155,0.9974509685981569,0.9981903173920695,M2,75,TS
32,156,0.9974123457845467,0.9981640626106257,M2,75,TS
32,157,0.9973910714903576,0.9981405608301258,M2,75,TS
32,158,0.9973645351764251,0.9981061994222774,M2,75,TS
32,159,0.9973236525734257,0.998070387619429,M2,75,TS
32,160,0.9972787239121719,0.9980293842733358,M2,75,TS
32,161,0.9972344983995737,0.997986219483879,M2,75,TS
32,162,0.9971726285375544,0.9979193068117743,M2,75,TS
32,163,0.9970815136859652,0.9978587835006199,M2,75,TS
32,164,0.9970228364338789,0.9978155417085267,M2,75,TS
32,165,0.9969708889751285,0.9977831007090985,M2,75,TS
32,166,0.9969182256786682,0.9977666535356197,M2,75,TS
32,167,0.9968728833104742,0.9977587582670077,M2,75,TS
32,168,0.9968603327414325,0.9977683994858705,M2,75,TS
32,169,0.9968612785135655,0.9977600640230102,M2,75,TS
32,170,0.9968686788578124,0.9977544056943892,M2,75,TS
32,171,0.9969081763848517,0.9977108100712918,M2,75,TS
32,172,0.9969420233445405,0.9976387367548086,M2,75,TS
32,173,0.9969555279992341,0.997584319873163,M2,75,TS
32,174,0.9969494042176517,0.9975357494246062,M2,75,TS
32,175,0.9969421889585828,0.9975023792403782,M2,75,TS
32,176,0.9968777141211322,0.9974659652435844,M2,75,TS
32,177,0.9968280375656302,0.9974527271047247,M2,75,TS
32,178,0.9967976306524424,0.9974601694468669,M2,75,TS
32,179,0.9967544462986647,0.9974687538291956,M2,75,TS
32,180,0.99670640641245,0.9974873457185154,M2,75,TS
32,181,0.9966986004560046,0.9974905132779528,M2,75,TS
32,182,0.9966953899063733,0.9974935419928209,M2,75,TS
32,183,0.996685822577861,0.9974957095240758,M2,75,TS
32,184,0.9966502949747469,0.9974796675200015,M2,75,TS
32,185,0.9966254627133584,0.9974580586673879,M2,75,TS
32,186,0.9965679863271613,0.9974090194991835,M2,75,TS
32,187,0.9965344708143342,0.9973599447083642,M2,75,TS
32,188,0.9964988250717449,0.9973175080971077,M2,75,TS
32,189,0.996472074794096,0.9972814925405743,M2,75,TS
32,190,0.9964329443745374,0.9972469066150935,M2,75,TS
32,191,0.9964071385563611,0.9972254768791675,M2,75,TS
32,192,0.99638051035617,0.9971771122098465,M2,75,TS
32,193,0.9963321543374705,0.9971080228798168,M2,75,TS
32,194,0.9962579876875047,0.9970589099608816,M2,75,TS
32,195,0.9961316823678599,0.996986486405471,M2,75,TS
32,196,0.9960397422901545,0.9969366062263322,M2,75,TS
32,197,0.9959416583034034,0.9968896436827818,M2,75,TS
32,198,0.9958374304076035,0.9968455987748174,M2,75,TS
32,199,0.9957270586027549,0.9968044715024388,M2,75,TS
32,200,0.9956105428888574,0.9967662618656462,M2,75,TS
33,151,0.9971866038348991,0.9990273129217563,M2,75,TS
33,152,0.9971771882546973,0.9990174627871908,M2,75,TS
33,153,0.9971627874329976,0.999004011781062,M2,75,TS
33,154,0.9971434013697998,0.9989869599033702,M2,75,TS
33,155,0.9971190300651044,0.9989663071541149,M2,75,TS
33,156,0.9970896735189142,0.9989420535332995,M2,75,TS
33,157,0.9970750525561606,0.9988880799990649,M2,75,TS
33,158,0.9970425841341679,0.9988841032790178,M2,75,TS
33,159,0.9969901285945653,0.998855512932018,M2,75,TS
33,160,0.9969343104870382,0.9988287955801686,M2,75,TS
33,161,0.9968498712257743,0.9988072515722263,M2,75,TS
33,162,0.9967605827944513,0.9988084731166895,M2,75,TS
33,163,0.9966678050407587,0.9987951616422398,M2,75,TS
33,164,0.996574105338067,0.9987821191215175,M2,75,TS
33,165,0.996518019421148,0.9987836278599466,M2,75,TS
33,166,0.9965124608595439,0.9987786634681536,M2,75,TS
33,167,0.9965141825532565,0.9987542323141911,M2,75,TS
33,168,0.9965348749456002,0.9987345984194139,M2,75,TS
33,169,0.9965777630163406,0.9987280330136422,M2,75,TS
33,170,0.9966255238746355,0.9987302764590413,M2,75,TS
33,171,0.996656957677011,0.9987349910809232,M2,75,TS
33,172,0.9966550091253424,0.9987404157877445,M2,75,TS
33,173,0.9966137619288136,0.9987438866789037,M2,75,TS
33,174,0.9965502000997162,0.9987389114100741,M2,75,TS
33,175,0.9964746392831506,0.9987273813002389,M2,75,TS
33,176,0.9964297188078007,0.9987529653451434,M2,75,TS
33,177,0.9963524304473172,0.9987705642535935,M2,75,TS
33,178,0.9963035782007477,0.9987659686082384,M2,75,TS
33,179,0.9962833687753415,0.9987833770005904,M2,75,TS
33,180,0.996263535279786,0.9987841654486636,M2,75,TS
33,181,0.9962624508250876,0.9987790768275032,M2,75,TS
33,182,0.9962451407180266,0.9987609586823053,M2,75,TS
33,183,0.9962085193003893,0.9987256418127868,M2,75,TS
33,184,0.9961343369655,0.9986962683661702,M2,75,TS
33,185,0.9960713222389226,0.9986708473659665,M2,75,TS
33,186,0.9959977556922955,0.9986879849650278,M2,75,TS
33,187,0.9959310026846178,0.9986810741312572,M2,75,TS
33,188,0.9958913374269002,0.9986564226326556,M2,75,TS
33,189,0.9958676527629517,0.9986455890067043,M2,75,TS
33,190,0.9958287970002899,0.9986327070568063,M2,75,TS
33,191,0.9958101939978872,0.9986102413979752,M2,75,TS
33,192,0.9957553463743947,0.9985901629997502,M2,75,TS
33,193,0.9956676125809258,0.9985638553466453,M2,75,TS
33,194,0.9955510426928489,0.998560188187562,M2,75,TS
33,195,0.9954382903886538,0.9985530421818212,M2,75,TS
33,196,0.9953639686455392,0.9985420864238498,M2,75,TS
33,197,0.9952958060850953,0.9985316363866124,M2,75,TS
33,198,0.995233802707319,0.9985216920701062,M2,75,TS
33,199,0.9951779585122102,0.9985122534743313,M2,75,TS
33,200,0.9951282734997692,0.9985033205992876,M2,75,TS
34,151,0.9966019173591216,0.9971132560393029,M2,75,TS
34,152,0.9965375109004615,0.9970912708265436,M2,75,TS
34,153,0.9964763859472371,0.9970654685603951,M2,75,TS
34,154,0.9964185424994484,0.9970358492408574,M2,75,TS
34,155,0.9963639805570954,0.9970024128679306,M2,75,TS
34,156,0.9963127001201811,0.9969651594416173,M2,75,TS
34,157,0.9962666149512827,0.9969310063706036,M2,75,TS
34,158,0.9962313772546405,0.9968855136980209,M2,75,TS
34,159,0.9961944141671855,0.9968382730881583,M2,75,TS
34,160,0.9961536486065649,0.996785826847416,M2,75,TS
34,161,0.9961014414646291,0.9967315228129007,M2,75,TS
34,162,0.9960531997214542,0.9966528653486196,M2,75,TS
34,163,0.9959737831291746,0.9965806695482969,M2,75,TS
34,164,0.9958895801595637,0.996526728523538,M2,75,TS
34,165,0.9958105437270061,0.9964836235827909,M2,75,TS
34,166,0.9957351350167742,0.9964564251049285,M2,75,TS
34,167,0.9956700869728872,0.9964377316923347,M2,75,TS
34,168,0.9956347533603704,0.9964366679304139,M2,75,TS
34,169,0.9956246217533973,0.9964172927954149,M2,75,TS
34,170,0.9956381439208416,0.9964001473093816,M2,75,TS
34,171,0.9956591928566096,0.9963456499343916,M2,75,TS
34,172,0.9956785063282084,0.9962625426480884,M2,75,TS
34,173,0.9956721182871628,0.9961972514506441,M2,75,TS
34,174,0.9956474420670414,0.9961377883777762,M2,75,TS
34,175,0.9956137090233086,0.9960937540894584,M2,75,TS
34,176,0.9955610584346923,0.9960456475473052,M2,75,TS
34,177,0.9955001619276789,0.9960213428747339,M2,75,TS
34,178,0.9954384586761857,0.9960182804306326,M2,75,TS
34,179,0.9953924389841059,0.9960156068741665,M2,75,TS
34,180,0.9953774793924586,0.9960220500157622,M2,75,TS
34,181,0.995351102307958,0.996014381863721,M2,75,TS
34,182,0.9953200941072107,0.9960068259641126,M2,75,TS
34,183,0.9952827946572366,0.9959984255986928,M2,75,TS
34,184,0.9952469365732137,0.9959710870947733,M2,75,TS
34,185,0.9952154748524293,0.9959383324972821,M2,75,TS
34,186,0.9951500523424563,0.9958781033598803,M2,75,TS
34,187,0.9950793958477373,0.99581861349228,M2,75,TS
34,188,0.9949994423017487,0.9957659719022689,M2,75,TS
34,189,0.9949363986368576,0.9957195376565587,M2,75,TS
34,190,0.9948937771697592,0.9956736965179318,M2,75,TS
34,191,0.9948373823582575,0.9956417309642702,M2,75,TS
34,192,0.9947845605225776,0.9955826859444914,M2,75,TS
34,193,0.9947197686923281,0.9955026504090311,M2,75,TS
34,194,0.9946657853548242,0.995441650346592,M2,75,TS
34,195,0.9946061635654042,0.9953561251904013,M2,75,TS
34,196,0.9945227695739276,0.9952946621435527,M2,75,TS
34,197,0.9944266437355376,0.9952362880098252,M2,75,TS
34,198,0.9943177860502315,0.9951810027892164,M2,75,TS
34,199,0.9941961965180095,0.9951288064817263,M2,75,TS
34,200,0.9940618751388715,0.9950796990873546,M2,75,TS
35,151,0.9708355022098698,0.973384250212299,M2,75,TS
35,152,0.9706232971273814,0.9731878726557543,M2,75,TS
35,153,0.9704123482237726,0.9729877293039337,M2,75,TS
35,154,0.9702026554990436,0.9727838201568374,M2,75,TS
35,155,0.9699942189531942,0.9725761452144652,M2,75,TS
35,156,0.9697870385862275,0.97236470447682,M2,75,TS
35,157,0.9696018384489045,0.9721560892953258,M2,75,TS
35,158,0.9694066902960077,0.9719363748070692,M2,75,TS
35,159,0.9691907774375861,0.9717155143225327,M2,75,TS
35,160,0.9689591770683395,0.9714897198901172,M2,75,TS
35,161,0.9687235971385736,0.9712618439117048,M2,75,TS
35,162,0.9684909954576939,0.971009410985465,M2,75,TS
35,163,0.9682610436433141,0.9707626709108835,M2,75,TS
35,164,0.9680052315499246,0.970534816421256,M2,75,TS
35,165,0.9677421144430958,0.9703180987495933,M2,75,TS
35,166,0.9674688810330241,0.9701177461519885,M2,75,TS
35,167,0.9672224793203906,0.9699256097688204,M2,75,TS
35,168,0.9669587291419212,0.9697523763513246,M2,75,TS
35,169,0.9667118424950825,0.9695608916071649,M2,75,TS
35,170,0.9664732953879875,0.9693719989977841,M2,75,TS
35,171,0.9662483939751392,0.9691454030776765,M2,75,TS
35,172,0.9660367604950058,0.9688896700552014,M2,75,TS
35,173,0.9658361031352474,0.9686509092537288,M2,75,TS
35,174,0.9657179820200885,0.9684154524327907,M2,75,TS
35,175,0.965398903063109,0.9682004724340406,M2,75,TS
35,176,0.9651107695513601,0.9679799349051471,M2,75,TS
35,177,0.9648586894584708,0.9677822170794718,M2,75,TS
35,178,0.9646059517150842,0.9676059463739164,M2,75,TS
35,179,0.9643882166997789,0.9674294607518096,M2,75,TS
35,180,0.9641961006035364,0.9672623569996004,M2,75,TS
35,181,0.9640272715349796,0.9670802057808745,M2,75,TS
35,182,0.9638750604309148,0.966897684640963,M2,75,TS
35,183,0.9637616535848109,0.966713238776551,M2,75,TS
35,184,0.9636730702771008,0.9665091346639776,M2,75,TS
35,185,0.9633928104139688,0.9663046149493565,M2,75,TS
35,186,0.9632178864531746,0.9660686956705521,M2,75,TS
35,187,0.9630336907275205,0.9658337385154384,M2,75,TS
35,188,0.9628495860100664,0.9656055046728416,M2,75,TS
35,189,0.9626592852063421,0.9653840355344847,M2,75,TS
35,190,0.9624863981906412,0.9651632511732361,M2,75,TS
35,191,0.9622996622069035,0.9649564567765501,M2,75,TS
35,192,0.962078092225616,0.9647234303219452,M2,75,TS
35,193,0.9618665865112527,0.9644687760371052,M2,75,TS
35,194,0.9616412548576915,0.9642337782859258,M2,75,TS
35,195,0.9614358471356016,0.9639734933724391,M2,75,TS
35,196,0.961201517627503,0.9637375360150562,M2,75,TS
35,197,0.9609579285332599,0.9635045902579317,M2,75,TS
35,198,0.9607050798528697,0.9632746561010628,M2,75,TS
35,199,0.9604429715863324,0.96304773354445,M2,75,TS
35,200,0.960171603733648,0.9628238225880927,M2,75,TS
36,151,0.997249712584255,0.9972774740364932,M2,75,TS
36,152,0.9972154172762042,0.9972563957398561,M2,75,TS
36,153,0.9971789995152929,0.9972316388371272,M2,75,TS
36,154,0.997140459301521,0.9972032033283067,M2,75,TS
36,155,0.9970997966348885,0.9971710892133943,M2,75,TS
36,156,0.9970570115153978,0.9971352964923931,M2,75,TS
36,157,0.9970046579680047,0.9971029690637563,M2,75,TS
36,158,0.9969686482206144,0.9970591859506599,M2,75,TS
36,159,0.9969200563535524,0.9970139236250728,M2,75,TS
36,160,0.9968715066573071,0.9969633600083307,M2,75,TS
36,161,0.9968318000074382,0.996910421455788,M2,75,TS
36,162,0.9967904456524606,0.9968332923547957,M2,75,TS
36,163,0.9967450065973904,0.9967619225320259,M2,75,TS
36,164,0.9967075419568214,0.9967084732986985,M2,75,TS
36,165,0.9966555579475133,0.9966663668373942,M2,75,TS
36,166,0.9966267509321522,0.9966396568722936,M2,75,TS
36,167,0.9966098276094819,0.9966214012247503,M2,75,TS
36,168,0.9966018768888933,0.9966213014105106,M2,75,TS
36,169,0.9966004306907286,0.9966033818022718,M2,75,TS
36,170,0.9966146833399203,0.9965878979791483,M2,75,TS
36,171,0.9966077477621891,0.9965358140169247,M2,75,TS
36,172,0.9965977539307403,0.996455165459827,M2,75,TS
36,173,0.9965661319046721,0.9963922211072717,M2,75,TS
36,174,0.9965214777919699,0.9963349646252336,M2,75,TS
36,175,0.9964777629581296,0.9962928719464738,M2,75,TS
36,176,0.996440912402908,0.9962460637560843,M2,75,TS
36,177,0.9964186146922284,0.9962224600861737,M2,75,TS
36,178,0.9963857116732568,0.9962203324974143,M2,75,TS
36,179,0.9963546063483819,0.9962189586378447,M2,75,TS
36,180,0.9963288634558722,0.9962273490114476,M2,75,TS
36,181,0.9962965688704892,0.9962215069183213,M2,75,TS
36,182,0.9962635886832707,0.9962156704480415,M2,75,TS
36,183,0.9962031674673537,0.9962095250310286,M2,75,TS
36,184,0.9961471767957017,0.9961843744628257,M2,75,TS
36,185,0.9960972067689576,0.9961537699039473,M2,75,TS
36,186,0.9960463413731708,0.9960948724072353,M2,75,TS
36,187,0.9960026784920379,0.9960363851898348,M2,75,TS
36,188,0.9959544592063156,0.9959846150731343,M2,75,TS
36,189,0.9959250300627196,0.9959390070344649,M2,75,TS
36,190,0.9958922274711572,0.9958946004767181,M2,75,TS
36,191,0.9958293886066625,0.9958644775754217,M2,75,TS
36,192,0.995765335483495,0.9958074092821593,M2,75,TS
36,193,0.9957003148226707,0.9957290741485126,M2,75,TS
36,194,0.995627391698584,0.9956702556296224,M2,75,TS
36,195,0.9955403124399587,0.9955871388592198,M2,75,TS
36,196,0.9954805586967708,0.9955267638427832,M2,75,TS
36,197,0.9954264714940575,0.9954690053717583,M2,75,TS
36,198,0.9953780508318164,0.9954138634461425,M2,75,TS
36,199,0.9953352967100472,0.9953613380659359,M2,75,TS
36,200,0.99529820912875,0.9953114292311381,M2,75,TS
37,151,0.9965019333152146,0.9961737402188918,M2,75,TS
37,152,0.9964694571575795,0.9961414000898348,M2,75,TS
37,153,0.9964398339062805,0.9961052536990491,M2,75,TS
37,154,0.9964130635613178,0.9960653010465348,M2,75,TS
37,155,0.996389146122691,0.9960215421322918,M2,75,TS
37,156,0.9963680815904032,0.995973976956323,M2,75,TS
37,157,0.9963490586328874,0.9959296213628107,M2,75,TS
37,158,0.9963269375888311,0.9958742305715658,M2,75,TS
37,159,0.9963303170404907,0.995816413638228,M2,75,TS
37,160,0.9963080238439647,0.9957539458792687,M2,75,TS
37,161,0.9962673245878804,0.995689793333255,M2,75,TS
37,162,0.9962214526435222,0.9956014803442145,M2,75,TS
37,163,0.9961879055001555,0.995518531796785,M2,75,TS
37,164,0.9961306701770047,0.9954543389318209,M2,75,TS
37,165,0.9960900900021823,0.9954006838254398,M2,75,TS
37,166,0.9960432487407358,0.9953632077988416,M2,75,TS
37,167,0.9959854509066499,0.9953348079772069,M2,75,TS
37,168,0.9959160561365994,0.9953251085626834,M2,75,TS
37,169,0.9958569802074928,0.9952974514093179,M2,75,TS
37,170,0.9957662455489219,0.9952734368690379,M2,75,TS
37,171,0.9956880683713041,0.995211906212833,M2,75,TS
37,172,0.9956080782198464,0.9951217420852022,M2,75,TS
37,173,0.9955606775176998,0.9950479171404613,M2,75,TS
37,174,0.9955120785466457,0.994979494920505,M2,75,TS
37,175,0.9954808803524499,0.994925842492046,M2,75,TS
37,176,0.9954506177027564,0.9948675722712735,M2,75,TS
37,177,0.9954183536983681,0.9948329724307866,M2,75,TS
37,178,0.9953932966323247,0.9948194470087441,M2,75,TS
37,179,0.9953923610878223,0.9948060747218818,M2,75,TS
37,180,0.9953868675599784,0.9948027551844008,M2,75,TS
37,181,0.9953917461635877,0.9947847577157856,M2,75,TS
37,182,0.9953901312199135,0.9947669319816603,M2,75,TS
37,183,0.9953922860863642,0.9947480182470239,M2,75,TS
37,184,0.9953880099067464,0.994710346881005,M2,75,TS
37,185,0.9953666373421521,0.9946678022770936,M2,75,TS
37,186,0.9953484354532294,0.9945967695483715,M2,75,TS
37,187,0.9953073394789067,0.9945269505645941,M2,75,TS
37,188,0.995273999357108,0.9944635635602698,M2,75,TS
37,189,0.9952529182455478,0.9944064963809006,M2,75,TS
37,190,0.9952391298196135,0.9943503615467766,M2,75,TS
37,191,0.9952192158360047,0.9943079265482109,M2,75,TS
37,192,0.9951923431644915,0.9942386566122244,M2,75,TS
37,193,0.9951508934552221,0.9941484503474926,M2,75,TS
37,194,0.9951104389407375,0.9940775289593445,M2,75,TS
37,195,0.9950618088287271,0.9939821287081124,M2,75,TS
37,196,0.9950154554714992,0.9939101466129189,M2,75,TS
37,197,0.9949659312192999,0.9938410104537174,M2,75,TS
37,198,0.9949132360721268,0.9937747202305053,M2,75,TS
37,199,0.9948573700299796,0.9937112759432825,M2,75,TS
37,200,0.9947983330928587,0.9936506775920491,M2,75,TS
38,151,0.9957616051958313,0.9955131660848342,M2,75,TS
38,152,0.9957314885866928,0.9954778138405848,M2,75,TS
38,153,0.9956977925023123,0.9954388203067633,M2,75,TS
38,154,0.9956605169426898,0.9953961854833697,M2,75,TS
38,155,0.9956196619078251,0.9953499093704039,M2,75,TS
38,156,0.9955752273977213,0.9952999919678688,M2,75,TS
38,157,0.995517725820833,0.9952537321396183,M2,75,TS
38,158,0.9954758179475978,0.9951958453473763,M2,75,TS
38,159,0.9954175219782051,0.9951366497983715,M2,75,TS
38,160,0.9953551016070327,0.9950722375536333,M2,75,TS
38,161,0.9952977811612724,0.9950055250822367,M2,75,TS
38,162,0.995246280565976,0.9949142837604977,M2,75,TS
38,163,0.9951586356592749,0.9948296871212601,M2,75,TS
38,164,0.9951154528594421,0.9947621314149926,M2,75,TS
38,165,0.9950728276894184,0.9947055181415493,M2,75,TS
38,166,0.995010355410051,0.9946654717275597,M2,75,TS
38,167,0.9949492371241941,0.9946342377302829,M2,75,TS
38,168,0.99489873483081,0.9946211586147757,M2,75,TS
38,169,0.9948311133460985,0.994590767936887,M2,75,TS
38,170,0.9947797067112059,0.9945627807574496,M2,75,TS
38,171,0.9947423196694258,0.9944971681187204,M2,75,TS
38,172,0.9947108050433706,0.9944026723364522,M2,75,TS
38,173,0.9946636353875244,0.9943257894157849,M2,75,TS
38,174,0.994657435315007,0.9942532544444158,M2,75,TS
38,175,0.9946163200821012,0.9941968711196478,M2,75,TS
38,176,0.9945635421509662,0.9941361146317026,M2,75,TS
38,177,0.9945123286934071,0.9940989962158481,M2,75,TS
38,178,0.994482655603657,0.9940826639736405,M2,75,TS
38,179,0.9944475380670142,0.994067202758606,M2,75,TS
38,180,0.9944229988510738,0.9940614551990709,M2,75,TS
38,181,0.9944114191621523,0.9940409474425976,M2,75,TS
38,182,0.9944013437157788,0.9940204310462335,M2,75,TS
38,183,0.9943943144262715,0.9939988760315625,M2,75,TS
38,184,0.9943870807893128,0.9939583593107609,M2,75,TS
38,185,0.9943619197701409,0.9939129729669486,M2,75,TS
38,186,0.9943227201029492,0.9938394091322614,M2,75,TS
38,187,0.994280183636803,0.9937666028848248,M2,75,TS
38,188,0.9942522730164449,0.9937000967372335,M2,75,TS
38,189,0.9942057797002883,0.9936406871949419,M2,75,TS
38,190,0.9941749225780376,0.993582002582928,M2,75,TS
38,191,0.994129637167771,0.9935372724306032,M2,75,TS
38,192,0.9940975782722441,0.9934651371738382,M2,75,TS
38,193,0.9940748424827945,0.9933714263797437,M2,75,TS
38,194,0.9940430654684789,0.9932972520535296,M2,75,TS
38,195,0.9940006965541017,0.9931986218654663,M2,75,TS
38,196,0.9939635377769642,0.9931233833516769,M2,75,TS
38,197,0.9939239104037666,0.993050976628627,M2,75,TS
38,198,0.9938818144345062,0.9929814016963134,M2,75,TS
38,199,0.9938372498691831,0.9929146585547364,M2,75,TS
38,200,0.9937902167077972,0.9928507472038959,M2,75,TS
39,151,0.9963574403415492,0.9952773007124073,M2,75,TS
39,152,0.996353290468323,0.9952378567069828,M2,75,TS
39,153,0.9963444413085677,0.9951948001439177,M2,75,TS
39,154,0.9963308928622834,0.9951481310232115,M2,75,TS
39,155,0.9963126451294702,0.9950978493448648,M2,75,TS
39,156,0.9962896981101308,0.9950439551088799,M2,75,TS
39,157,0.9962768814564616,0.9949930909421439,M2,75,TS
39,158,0.9962295965129782,0.9949319442494475,M2,75,TS
39,159,0.9961887871727668,0.9948688793161317,M2,75,TS
39,160,0.9961388330502872,0.9948007335246346,M2,75,TS
39,161,0.9960731172070513,0.994730829248361,M2,75,TS
39,162,0.9960101213009693,0.9946365222180242,M2,75,TS
39,163,0.9959407775621505,0.9945480758368526,M2,75,TS
39,164,0.995878287487367,0.9944776168370835,M2,75,TS
39,165,0.9958217094252739,0.9944179674159057,M2,75,TS
39,166,0.9957802971131517,0.9943739657767716,M2,75,TS
39,167,0.9957491206649087,0.9943385207279642,M2,75,TS
39,168,0.9956819899380198,0.994322411816474,M2,75,TS
39,169,0.9956358415834612,0.9942880452959982,M2,75,TS
39,170,0.9955743813304425,0.9942568967761981,M2,75,TS
39,171,0.9955257329178193,0.9941881924592723,M2,75,TS
39,172,0.9954619622934731,0.9940911717201709,M2,75,TS
39,173,0.9953932725035084,0.9940114690509226,M2,75,TS
39,174,0.9953317442083038,0.9939369668115972,M2,75,TS
39,175,0.9952782396401894,0.9938774935631638,M2,75,TS
39,176,0.9952585564141607,0.9938125230583404,M2,75,TS
39,177,0.9952490913304128,0.9937709368060644,M2,75,TS
39,178,0.9952389070998324,0.9937506647340203,M2,75,TS
39,179,0.9952445850123981,0.9937307391284838,M2,75,TS
39,180,0.995240531360887,0.9937210215105403,M2,75,TS
39,181,0.9952654081091292,0.9936961426466052,M2,75,TS
39,182,0.9952754394088805,0.993671661072694,M2,75,TS
39,183,0.9952528450274649,0.9936470390782243,M2,75,TS
39,184,0.9952040294629767,0.993604146506496,M2,75,TS
39,185,0.9951497904330678,0.9935560732092136,M2,75,TS
39,186,0.9951076198115687,0.9934792234431542,M2,75,TS
39,187,0.9950651776776813,0.993403028103877,M2,75,TS
39,188,0.9950292632179354,0.993333316608721,M2,75,TS
39,189,0.9949990144187859,0.9932700876259312,M2,75,TS
39,190,0.994984468705969,0.993207578272161,M2,75,TS
39,191,0.9949674942590508,0.9931586932073737,M2,75,TS
39,192,0.9949598776911504,0.9930825304646329,M2,75,TS
39,193,0.9949086887452074,0.9929861627957096,M2,75,TS
39,194,0.9948566434741339,0.9929091248867066,M2,75,TS
39,195,0.994799861941839,0.992807501956807,M2,75,TS
39,196,0.9947478343048466,0.9927292561161521,M2,75,TS
39,197,0.9946936752627935,0.9926538313387028,M2,75,TS
39,198,0.9946373848156764,0.9925812276244561,M2,75,TS
39,199,0.9945789629634956,0.9925114449734123,M2,75,TS
39,200,0.9945184097062508,0.9924444833855711,M2,75,TS
40,151,0.9953831006663316,0.9952044462745137,M2,75,TS
40,152,0.9953330774859964,0.9951680377562228,M2,75,TS
40,153,0.9952835404600852,0.9951278837122154,M2,75,TS
40,154,0.9952344895885978,0.9950839841424916,M2,75,TS
40,155,0.9951859248715346,0.9950363390470515,M2,75,TS
40,156,0.9951378463088982,0.9949849484258978,M2,75,TS
40,157,0.9950805073396478,0.9949371136328343,M2,75,TS
40,158,0.9950541152203669,0.9948772659526398,M2,75,TS
40,159,0.9950151151740124,0.9948160096566707,M2,75,TS
40,160,0.9949616579676177,0.9947498024894541,M2,75,TS
40,161,0.9948982699801885,0.9946816813159407,M2,75,TS
40,162,0.9948320701212855,0.9945892585218001,M2,75,TS
40,163,0.9947711537851458,0.994502415758839,M2,75,TS
40,164,0.9947117690991782,0.9944337122734439,M2,75,TS
40,165,0.9946437156116984,0.9943761883585851,M2,75,TS
40,166,0.9946040810590954,0.9943339911594768,M2,75,TS
40,167,0.9945404469175276,0.9943012528348634,M2,75,TS
40,168,0.994489273450111,0.9942866204328655,M2,75,TS
40,169,0.9944087959918204,0.9942549928490216,M2,75,TS
40,170,0.9943606159345549,0.9942253571746017,M2,75,TS
40,171,0.9943027934482462,0.9941587075921919,M2,75,TS
40,172,0.9942370243590861,0.9940635327461406,M2,75,TS
40,173,0.9941864603429431,0.9939851770968311,M2,75,TS
40,174,0.9941424189719154,0.9939120506701157,M2,75,TS
40,175,0.994084045935502,0.9938545454709536,M2,75,TS
40,176,0.9940442907234149,0.9937918961821255,M2,75,TS
40,177,0.99398300185936,0.9937534731211223,M2,75,TS
40,178,0.9939455653313475,0.9937357714762428,M2,75,TS
40,179,0.993897883736213,0.993719066744817,M2,75,TS
40,180,0.9938809764633703,0.9937115544739318,M2,75,TS
40,181,0.993867412710985,0.9936895296072652,M2,75,TS
40,182,0.9938378210274617,0.9936679438924061,M2,75,TS
40,183,0.9938169330905469,0.9936451723733243,M2,75,TS
40,184,0.9937849614041945,0.9936037211176938,M2,75,TS
40,185,0.9937531358718621,0.9935569380949798,M2,75,TS
40,186,0.9937016437227479,0.993482130882321,M2,75,TS
40,187,0.9936343383680255,0.9934083980019618,M2,75,TS
40,188,0.9935834721537211,0.9933409156596661,M2,75,TS
40,189,0.9935213380139362,0.9932803434057204,M2,75,TS
40,190,0.9934801304924306,0.9932203599656615,M2,75,TS
40,191,0.993460688711081,0.993173400179224,M2,75,TS
40,192,0.9934348858232696,0.9930995410508885,M2,75,TS
40,193,0.9934229719629553,0.9930039910824046,M2,75,TS
40,194,0.9934009596290998,0.9929280051316701,M2,75,TS
40,195,0.9933829130142435,0.9928271927496787,M2,75,TS
40,196,0.9933333345816867,0.992750710721344,M2,75,TS
40,197,0.9932680833832516,0.9926773987628426,M2,75,TS
40,198,0.9931871594189354,0.9926072568741713,M2,75,TS
40,199,0.9930905626887382,0.9925402850553303,M2,75,TS
40,200,0.99297829319266,0.9924764833063197,M2,75,TS
41,151,0.951598607292844,0.9493802437771006,M2,75,TS
41,152,0.9515839731665083,0.9493236402603594,M2,75,TS
41,153,0.9515642639722455,0.949263431177864,M2,75,TS
41,154,0.9515394797100556,0.9491996165296143,M2,75,TS
41,155,0.9515096203799385,0.94913219631561,M2,75,TS
41,156,0.951474685981897,0.9490611705358543,M2,75,TS
41,157,0.9514467482045401,0.9489945008623739,M2,75,TS
41,158,0.9513977172622143,0.9489148877131699,M2,75,TS
41,159,0.9513393239905696,0.9488346319648783,M2,75,TS
41,160,0.9512718178510781,0.9487490201364405,M2,75,TS
41,161,0.9512134525564208,0.9486607701472315,M2,75,TS
41,162,0.9511601214239438,0.9485463245124254,M2,75,TS
41,163,0.9511114946643091,0.9484382227512024,M2,75,TS
41,164,0.9510459066440382,0.9483493420955306,M2,75,TS
41,165,0.950970647487851,0.9482714752799337,M2,75,TS
41,166,0.9508948783874822,0.9482104482620217,M2,75,TS
41,167,0.9508373543099728,0.948158852021743,M2,75,TS
41,168,0.9507653222569077,0.9481264915954039,M2,75,TS
41,169,0.9506997511923869,0.9480751033851749,M2,75,TS
41,170,0.9506518323353155,0.948025879300059,M2,75,TS
41,171,0.9506133336690601,0.9479377691815389,M2,75,TS
41,172,0.9505766312525721,0.9478198679416647,M2,75,TS
41,173,0.950528812222479,0.9477201518481556,M2,75,TS
41,174,0.9504990071931514,0.9476259153845555,M2,75,TS
41,175,0.9504861710545475,0.9475473124921281,M2,75,TS
41,176,0.9504689781359765,0.9474625895231997,M2,75,TS
41,177,0.9504820488997714,0.9474019633733854,M2,75,TS
41,178,0.9504747038808106,0.9473647185338124,M2,75,TS
41,179,0.9504855617072812,0.9473269609365421,M2,75,TS
41,180,0.9504894859036759,0.9473003194897647,M2,75,TS
41,181,0.9504787474032959,0.947259299576152,M2,75,TS
41,182,0.9504419826744268,0.9472194308187748,M2,75,TS
41,183,0.9503949639557345,0.9471794631297162,M2,75,TS
41,184,0.9503490039116838,0.947119641938754,M2,75,TS
41,185,0.9503129665844903,0.9470539110831846,M2,75,TS
41,186,0.9502840169727509,0.9469569054916723,M2,75,TS
41,187,0.9502640236001179,0.9468612610438119,M2,75,TS
41,188,0.9502380497225067,0.946773306722397,M2,75,TS
41,189,0.9502292473568318,0.9466912706979025,M2,75,TS
41,190,0.950223016966488,0.9466104234000396,M2,75,TS
41,191,0.9501915820656899,0.9465445872945188,M2,75,TS
41,192,0.950149381323365,0.9464509291602157,M2,75,TS
41,193,0.9501026633572887,0.9463355449340589,M2,75,TS
41,194,0.9500487101607329,0.9462395046248587,M2,75,TS
41,195,0.9499903168890882,0.9461180991795678,M2,75,TS
41,196,0.9499352707248835,0.9460210805396647,M2,75,TS
41,197,0.9498770387872002,0.9459269819475209,M2,75,TS
41,198,0.9498156210760353,0.9458358034031333,M2,75,TS
41,199,0.9497510175913891,0.9457475449065023,M2,75,TS
41,200,0.9496832283332616,0.9456622064576278,M2,75,TS
42,151,0.99757989857869,0.9970394056578755,M2,75,TS
42,152,0.9975462598566585,0.9970176291502584,M2,75,TS
42,153,0.9975156454538209,0.9969920419684988,M2,75,TS
42,154,0.9974880553701774,0.9969626441125966,M2,75,TS
42,155,0.9974634896057281,0.9969294355825515,M2,75,TS
42,156,0.9974419481604756,0.9968924163783668,M2,75,TS
42,157,0.9974312305921538,0.9968583780916801,M2,75,TS
42,158,0.9974194423318247,0.996813258836892,M2,75,TS
42,159,0.9974001624871094,0.9967665573412148,M2,75,TS
42,160,0.9973858136495678,0.9967144207088264,M2,75,TS
42,161,0.9973546936071599,0.9966605580911324,M2,75,TS
42,162,0.9973143402315453,0.9965826439807484,M2,75,TS
42,163,0.9972663005607596,0.9965106055636361,M2,75,TS
42,164,0.9972202464618987,0.9964566624774344,M2,75,TS
42,165,0.9971659158507991,0.9964138971698411,M2,75,TS
42,166,0.9971147069142859,0.9963870680841624,M2,75,TS
42,167,0.9970557866918204,0.996369229104994,M2,75,TS
42,168,0.9969984693563547,0.9963697506315837,M2,75,TS
42,169,0.9969491497229295,0.996352377096642,M2,75,TS
42,170,0.9969111539559186,0.9963375442322079,M2,75,TS
42,171,0.9968719019131828,0.9962855535352313,M2,75,TS
42,172,0.9968279965869158,0.9962050051127408,M2,75,TS
42,173,0.9967884559549807,0.9961415178622629,M2,75,TS
42,174,0.9967488281812765,0.9960834033849956,M2,75,TS
42,175,0.9967198775560213,0.9960402289199516,M2,75,TS
42,176,0.996718326606385,0.9959917621046336,M2,75,TS
42,177,0.996699766930802,0.9959673474213897,M2,75,TS
42,178,0.9967114658762508,0.9959634114210701,M2,75,TS
42,179,0.996727276783171,0.9959601440570893,M2,75,TS
42,180,0.996748604350798,0.9959666682973434,M2,75,TS
42,181,0.9967731807200313,0.9959586981907079,M2,75,TS
42,182,0.9967871436129807,0.995951004150967,M2,75,TS
42,183,0.9967864336574725,0.9959426935095272,M2,75,TS
42,184,0.9967584911386154,0.9959161613188247,M2,75,TS
42,185,0.9967211147083654,0.9958845603232287,M2,75,TS
42,186,0.9966927043186147,0.99582432973073,M2,75,TS
42,187,0.9966372730265697,0.9957654162797859,M2,75,TS
42,188,0.9966047956587549,0.9957125424631964,M2,75,TS
42,189,0.9965681548267282,0.9956664105274113,M2,75,TS
42,190,0.9965445048549029,0.9956210643884595,M2,75,TS
42,191,0.9965261181589904,0.995589123632759,M2,75,TS
42,192,0.9965048470922608,0.9955302463141446,M2,75,TS
42,193,0.9964705106276074,0.995450395349724,M2,75,TS
42,194,0.9964201763684499,0.9953902655391049,M2,75,TS
42,195,0.9963742570024985,0.99530533601219,M2,75,TS
42,196,0.9963463869351741,0.9952434173467979,M2,75,TS
42,197,0.9963246435209412,0.9951841058976211,M2,75,TS
42,198,0.9963090267597973,0.9951274016646567,M2,75,TS
42,199,0.9962995366517422,0.9950733046479049,M2,75,TS
42,200,0.9962961731967761,0.9950218148473654,M2,75,TS
43,151,0.9961857864162412,0.9967518060544652,M2,75,TS
43,152,0.9961559166349873,0.9967267039480486,M2,75,TS
43,153,0.9961297575769555,0.9966977735885244,M2,75,TS
43,154,0.996107309242146,0.9966650149758929,M2,75,TS
43,155,0.9960885716305586,0.996628428110154,M2,75,TS
43,156,0.9960735447421964,0.9965880129913104,M2,75,TS
43,157,0.9960720122593936,0.9965505891690781,M2,75,TS
43,158,0.9960836243690672,0.9965015735700241,M2,75,TS
43,159,0.9960619811807265,0.9964516923779709,M2,75,TS
43,160,0.9960218597479154,0.9963969593895111,M2,75,TS
43,161,0.9959999472167995,0.9963395868694211,M2,75,TS
43,162,0.9959715343250259,0.9962579800716271,M2,75,TS
43,163,0.9959399074978158,0.9961821829504988,M2,75,TS
43,164,0.9959169960707778,0.9961243512776307,M2,75,TS
43,165,0.9958850648751474,0.9960777057711316,M2,75,TS
43,166,0.9958847806797252,0.996046316544537,M2,75,TS
43,167,0.9958628838879813,0.9960243414423557,M2,75,TS
43,168,0.9958277374268263,0.9960211392429122,M2,75,TS
43,169,0.9957771734748619,0.9960005678273579,M2,75,TS
43,170,0.9957192871679925,0.9959830006598697,M2,75,TS
43,171,0.9956503981533334,0.9959284316398802,M2,75,TS
43,172,0.9955854614945099,0.995845015524516,M2,75,TS
43,173,0.9955199593266988,0.9957788344904869,M2,75,TS
43,174,0.9954604177255886,0.9957179053092989,M2,75,TS
43,175,0.9954052343787674,0.995672130917295,M2,75,TS
43,176,0.995368076381528,0.9956212030135695,M2,75,TS
43,177,0.9953215035796257,0.9955942093906017,M2,75,TS
43,178,0.9952932228099052,0.9955881045456894,M2,75,TS
43,179,0.9952489286700497,0.9955831320004311,M2,75,TS
43,180,0.9952053476789253,0.9955881380456078,M2,75,TS
43,181,0.9951469953979706,0.9955790908479099,M2,75,TS
43,182,0.9951061047310605,0.9955696317892577,M2,75,TS
43,183,0.9950762172153027,0.9955589375013743,M2,75,TS
43,184,0.9950533306165699,0.9955290857215574,M2,75,TS
43,185,0.9950525647076903,0.9954933331402582,M2,75,TS
43,186,0.9950560003244237,0.9954289033306347,M2,75,TS
43,187,0.9950740932868009,0.9953647807587728,M2,75,TS
43,188,0.9950981344017258,0.9953071915085485,M2,75,TS
43,189,0.9951011268775474,0.995256758923544,M2,75,TS
43,190,0.9950947621858435,0.9952076936481503,M2,75,TS
43,191,0.99505873542826,0.9951729839667558,M2,75,TS
43,192,0.9949972678600455,0.9951118475777962,M2,75,TS
43,193,0.9949470827614169,0.9950290786789011,M2,75,TS
43,194,0.9948946471542659,0.9949656710208482,M2,75,TS
43,195,0.9948385642247435,0.994877619759949,M2,75,TS
43,196,0.9947986592858833,0.9948126909786751,M2,75,TS
43,197,0.994763690081093,0.9947504051084545,M2,75,TS
43,198,0.9947336566103695,0.9946907621492848,M2,75,TS
43,199,0.9947085588737128,0.9946337621011656,M2,75,TS
43,200,0.9946883968711228,0.9945794049640972,M2,75,TS
44,151,0.9962427088751841,0.9961735207457213,M2,75,TS
44,152,0.9961858589253386,0.9961419371766074,M2,75,TS
44,153,0.9961293832212732,0.9961066109518635,M2,75,TS
44,154,0.996073281762988,0.9960675420714898,M2,75,TS
44,155,0.9960175545504829,0.9960247305354862,M2,75,TS
44,156,0.9959622015837608,0.9959781763438557,M2,75,TS
44,157,0.9959125864095986,0.9959347693500263,M2,75,TS
44,158,0.9958552354349282,0.9958803859750079,M2,75,TS
44,159,0.995797343469139,0.9958242674839046,M2,75,TS
44,160,0.9957376192766441,0.9957628796462631,M2,75,TS
44,161,0.9956665686714639,0.9956996186057132,M2,75,TS
44,162,0.9956093899199685,0.9956116625937987,M2,75,TS
44,163,0.9955531906056148,0.9955293820603192,M2,75,TS
44,164,0.9955034338841608,0.9954651018253751,M2,75,TS
44,165,0.9954518913880535,0.9954118279312341,M2,75,TS
44,166,0.9954131102786443,0.9953742663975814,M2,75,TS
44,167,0.995385857385412,0.9953452321592996,M2,75,TS
44,168,0.9953763892739336,0.9953341576667608,M2,75,TS
44,169,0.9953651399891841,0.9953054051871882,M2,75,TS
44,170,0.9953478596066022,0.9952796318213867,M2,75,TS
44,171,0.9953309361598375,0.9952166169041067,M2,75,TS
44,172,0.9953092870932017,0.9951250151404025,M2,75,TS
44,173,0.9952758056809142,0.995050911303294,M2,75,TS
44,174,0.9952331718996363,0.9949824281502121,M2,75,TS
44,175,0.9951844395335816,0.9949293390585064,M2,75,TS
44,176,0.9951491576660394,0.9948712694523831,M2,75,TS
44,177,0.9951101624827853,0.9948369456339918,M2,75,TS
44,178,0.9950793058305683,0.9948237146180832,M2,75,TS
44,179,0.9950360188720825,0.9948115526174216,M2,75,TS
44,180,0.9949861812977638,0.9948095205670224,M2,75,TS
44,181,0.9949342145980088,0.9947931226739385,M2,75,TS
44,182,0.9948654920732817,0.9947771728066489,M2,75,TS
44,183,0.9947901496928699,0.994760417814869,M2,75,TS
44,184,0.9947252875089825,0.9947244478599315,M2,75,TS
44,185,0.9946775851952772,0.9946827168273186,M2,75,TS
44,186,0.9946480186830797,0.994612044297487,M2,75,TS
44,187,0.9945986721420124,0.9945425297634344,M2,75,TS
44,188,0.9945455206958094,0.9944797672676015,M2,75,TS
44,189,0.99449147132267,0.9944236545505835,M2,75,TS
44,190,0.9944392747729012,0.9943686171376043,M2,75,TS
44,191,0.9943550433978711,0.9943279661690827,M2,75,TS
44,192,0.994273154564782,0.994260213672353,M2,75,TS
44,193,0.9941879157060884,0.9941712228380675,M2,75,TS
44,194,0.9941132026195177,0.9941012694211863,M2,75,TS
44,195,0.9940381672170556,0.9940066150114384,M2,75,TS
44,196,0.9939814603921158,0.993934993143972,M2,75,TS
44,197,0.993932681530186,0.9938659346737796,M2,75,TS
44,198,0.9938918306312635,0.993799439600858,M2,75,TS
44,199,0.9938589076953485,0.9937355079252076,M2,75,TS
44,200,0.9938339127224406,0.9936741396468283,M2,75,TS
45,151,0.9982382814186662,0.9968332542058841,M2,75,TS
45,152,0.9982087870356328,0.9968129938502112,M2,75,TS
45,153,0.9981780121173869,0.9967890182319303,M2,75,TS
45,154,0.9981459566639287,0.9967613273510416,M2,75,TS
45,155,0.9981126206752581,0.9967299212075449,M2,75,TS
45,156,0.9980780041513775,0.9966947998014434,M2,75,TS
45,157,0.9980459607188191,0.9966952373061618,M2,75,TS
45,158,0.9980092430565204,0.9966245738646253,M2,75,TS
45,159,0.9979662588371747,0.9965752960257258,M2,75,TS
45,160,0.9979348871607934,0.9965133890416401,M2,75,TS
45,161,0.9978928588681654,0.9964428856580628,M2,75,TS
45,162,0.9978450154651581,0.9963018939757298,M2,75,TS
45,163,0.9977974087236198,0.9961866177886236,M2,75,TS
45,164,0.9977453922563355,0.9961072075274223,M2,75,TS
45,165,0.9976848944253724,0.9960346730199684,M2,75,TS
45,166,0.9976342252269734,0.9959991389503182,M2,75,TS
45,167,0.9975857794531312,0.9960001335473632,M2,75,TS
45,168,0.9975400580483369,0.996032465416552,M2,75,TS
45,169,0.9974906497186042,0.9960164494172776,M2,75,TS
45,170,0.9974480767289444,0.9959970580260139,M2,75,TS
45,171,0.9974038188245318,0.9959017841223842,M2,75,TS
45,172,0.9973639783798999,0.995749412903179,M2,75,TS
45,173,0.9973456902599269,0.9956332020918703,M2,75,TS
45,174,0.9973326767517777,0.9955362815331968,M2,75,TS
45,175,0.997333963474218,0.9954758805733736,M2,75,TS
45,176,0.9973499324885735,0.9953686730811168,M2,75,TS
45,177,0.9973652319564761,0.9953168356889122,M2,75,TS
45,178,0.9973673941716706,0.9953289671004067,M2,75,TS
45,179,0.9973529874323717,0.9953207505117316,M2,75,TS
45,180,0.9973291339008614,0.9953489392731393,M2,75,TS
45,181,0.9973030123083646,0.9953540753036788,M2,75,TS
45,182,0.9972704789799365,0.9953725875145643,M2,75,TS
45,183,0.9972536826448157,0.9954061033612868,M2,75,TS
45,184,0.9972287638052371,0.9953970997518384,M2,75,TS
45,185,0.9972072576638151,0.9953733515838128,M2,75,TS
45,186,0.9971797850459017,0.9952514655342262,M2,75,TS
45,187,0.9971632485743547,0.9951542219622956,M2,75,TS
45,188,0.9971288915604897,0.9950876662556135,M2,75,TS
45,189,0.9970806636654601,0.9950206590013632,M2,75,TS
45,190,0.9970324435044655,0.9949581791736333,M2,75,TS
45,191,0.9969866312800038,0.9949316178546456,M2,75,TS
45,192,0.9969492442922248,0.9948495517287366,M2,75,TS
45,193,0.9969187317566381,0.9947318035511116,M2,75,TS
45,194,0.9968797055953983,0.9946306962846689,M2,75,TS
45,195,0.9968365653695195,0.9944840974702179,M2,75,TS
45,196,0.9967878673335521,0.9943872807710152,M2,75,TS
45,197,0.9967351898051562,0.9942954386009943,M2,75,TS
45,198,0.9966785327843292,0.9942085709601524,M2,75,TS
45,199,0.9966178962710709,0.9941266778484894,M2,75,TS
45,200,0.9965532802653814,0.9940497592660055,M2,75,TS
46,151,0.9982154909180763,0.9975829682146263,M2,75,TS
46,152,0.998177992443034,0.9975631923639531,M2,75,TS
46,153,0.998139102322858,0.997539719113585,M2,75,TS
46,154,0.9980988205575484,0.9975125484635224,M2,75,TS
46,155,0.998057147147105,0.9974816804137652,M2,75,TS
46,156,0.9980140820915309,0.9974471149643163,M2,75,TS
46,157,0.9979706509121575,0.9974157929222254,M2,75,TS
46,158,0.9979147999317406,0.9973737267771583,M2,75,TS
46,159,0.9978691385909344,0.9973296072014987,M2,75,TS
46,160,0.9978053845562732,0.9972806485894107,M2,75,TS
46,161,0.9977618758212223,0.9972290192721969,M2,75,TS
46,162,0.9977597221262018,0.9971520752796409,M2,75,TS
46,163,0.9977639545748018,0.997080630729118,M2,75,TS
46,164,0.9977722417039316,0.9970272151904657,M2,75,TS
46,165,0.9977971928467686,0.9969843408463217,M2,75,TS
46,166,0.9978191844562401,0.9969575427727262,M2,75,TS
46,167,0.9978356308347734,0.9969396582538187,M2,75,TS
46,168,0.9978254361845431,0.996940849346761,M2,75,TS
46,169,0.997805858386606,0.9969246145598822,M2,75,TS
46,170,0.9977545415812306,0.996912030082316,M2,75,TS
46,171,0.9977058180982832,0.9968622180497102,M2,75,TS
46,172,0.9976660780027389,0.996783519595334,M2,75,TS
46,173,0.9976391587756597,0.9967216505752139,M2,75,TS
46,174,0.9976300015415418,0.9966646856277275,M2,75,TS
46,175,0.9976205249348868,0.9966229264684722,M2,75,TS
46,176,0.9976060364015031,0.9965767382489401,M2,75,TS
46,177,0.9975870698991584,0.9965542568546921,M2,75,TS
46,178,0.9975584699359797,0.9965532456106645,M2,75,TS
46,179,0.997546598688857,0.9965525955834015,M2,75,TS
46,180,0.9975202247479035,0.9965622310287612,M2,75,TS
46,181,0.9974961241032821,0.996557403586309,M2,75,TS
46,182,0.9974675868817752,0.9965526837544575,M2,75,TS
46,183,0.9974390191608444,0.9965469592140457,M2,75,TS
46,184,0.9974012547743978,0.9965225684401505,M2,75,TS
46,185,0.9973383357703873,0.9964935194493434,M2,75,TS
46,186,0.9972765256382821,0.9964360952696903,M2,75,TS
46,187,0.9972214935673918,0.9963791026265175,M2,75,TS
46,188,0.9971505100800446,0.9963291299637375,M2,75,TS
46,189,0.9970578016353304,0.9962863556423915,M2,75,TS
46,190,0.9969691720528324,0.9962445931158286,M2,75,TS
46,191,0.9969315109287205,0.9962150460567419,M2,75,TS
46,192,0.9969262717812848,0.9961576776055097,M2,75,TS
46,193,0.9969433756402524,0.9960784375170992,M2,75,TS
46,194,0.996982106640578,0.9960179555560927,M2,75,TS
46,195,0.9970424055262379,0.9959322492778045,M2,75,TS
46,196,0.9970562689957152,0.9958711889239859,M2,75,TS
46,197,0.9970664198139166,0.9958129866624597,M2,75,TS
46,198,0.9970728579808396,0.9957576424932233,M2,75,TS
46,199,0.9970755834964841,0.9957051564162768,M2,75,TS
46,200,0.9970745963608499,0.9956555284316202,M2,75,TS
47,151,0.9982191096063391,0.9984302215937956,M2,75,TS
47,152,0.998192263382298,0.9984199623214074,M2,75,TS
47,153,0.9981614059545632,0.9984060727651389,M2,75,TS
47,154,0.9981265373231346,0.9983885529249902,M2,75,TS
47,155,0.9980876574880123,0.9983674028009611,M2,75,TS
47,156,0.9980447664491989,0.9983426223930546,M2,75,TS
47,157,0.9979846355305468,0.9983217858901398,M2,75,TS
47,158,0.9979411051749235,0.9982889639091553,M2,75,TS
47,159,0.9978931542426253,0.9982546533638555,M2,75,TS
47,160,0.9978349285914342,0.9982152452811913,M2,75,TS
47,161,0.9978040401512528,0.9981729287230384,M2,75,TS
47,162,0.9977454148999103,0.9981066880183879,M2,75,TS
47,163,0.9977095924837291,0.9980456907502796,M2,75,TS
47,164,0.9976543742580252,0.99800346997256,M2,75,TS
47,165,0.9976104180241971,0.9979718933671347,M2,75,TS
47,166,0.9975891690689722,0.9979559095907174,M2,75,TS
47,167,0.9975839149785035,0.9979485159707062,M2,75,TS
47,168,0.9975983107911315,0.9979591172952686,M2,75,TS
47,169,0.9976130762338999,0.9979517883979668,M2,75,TS
47,170,0.9976027778430415,0.997947889000733,M2,75,TS
47,171,0.9976053509205383,0.9979061780870065,M2,75,TS
47,172,0.9975929863362881,0.997835960919743,M2,75,TS
47,173,0.9975739710156055,0.9977832344916968,M2,75,TS
47,174,0.9975472455837405,0.9977361820213555,M2,75,TS
47,175,0.9975119348294923,0.9977047266583661,M2,75,TS
47,176,0.9974700463092736,0.9976685370316688,M2,75,TS
47,177,0.9974787712745359,0.9976549020815708,M2,75,TS
47,178,0.9974629512348463,0.9976634701927835,M2,75,TS
47,179,0.997432795322551,0.9976730188944655,M2,75,TS
47,180,0.9973960032244809,0.9976928678603121,M2,75,TS
47,181,0.9973841468273799,0.9976976001712885,M2,75,TS
47,182,0.9973821101696516,0.9977021831635003,M2,75,TS
47,183,0.9973403728025338,0.9977069153983094,M2,75,TS
47,184,0.997308577878096,0.9976922933992126,M2,75,TS
47,185,0.9972483411957082,0.9976730206412187,M2,75,TS
47,186,0.9971772414700741,0.9976251027471613,M2,75,TS
47,187,0.9971376423981142,0.9975771822999707,M2,75,TS
47,188,0.9970702845804196,0.9975367799820003,M2,75,TS
47,189,0.9969861904659492,0.9975033866745125,M2,75,TS
47,190,0.9969237383916348,0.9974705823683931,M2,75,TS
47,191,0.996865455189335,0.9974513798926364,M2,75,TS
47,192,0.9968068627312657,0.9974049624028077,M2,75,TS
47,193,0.9967211031094251,0.9973378268249444,M2,75,TS
47,194,0.9966516389211497,0.9972895622598016,M2,75,TS
47,195,0.9965735375059064,0.9972166758087209,M2,75,TS
47,196,0.9965328979967667,0.9971664979861103,M2,75,TS
47,197,0.9965059122167161,0.9971187498442399,M2,75,TS
47,198,0.9964925801657517,0.9970734313831067,M2,75,TS
47,199,0.9964929018438735,0.9970305426027106,M2,75,TS
47,200,0.9965068772510816,0.9969900835030518,M2,75,TS
48,151,0.9981949873884434,0.9975415245843406,M2,75,TS
48,152,0.9981747924786454,0.9975215361266804,M2,75,TS
48,153,0.998147969469173,0.9974979847016364,M2,75,TS
48,154,0.9981145183600262,0.9974708703092086,M2,75,TS
48,155,0.998074439151205,0.997440192949397,M2,75,TS
48,156,0.9980277318427123,0.9974059526222044,M2,75,TS
48,157,0.9979653765667807,0.997375318063021,M2,75,TS
48,158,0.9978912434772381,0.9973339787304758,M2,75,TS
48,159,0.9978369165456431,0.9972903175770178,M2,75,TS
48,160,0.9977710002072524,0.9972416570766981,M2,75,TS
48,161,0.9977293308275439,0.9971902291034648,M2,75,TS
48,162,0.9976987579146794,0.9971143056015859,M2,75,TS
48,163,0.9976675264461949,0.9970440438001121,M2,75,TS
48,164,0.997640254125538,0.9969917972864653,M2,75,TS
48,165,0.997631254444221,0.9969500545982912,M2,75,TS
48,166,0.9976326655418102,0.9969240254007471,M2,75,TS
48,167,0.997640920712324,0.9969065660268349,M2,75,TS
48,168,0.9976612187249303,0.9969071775152609,M2,75,TS
48,169,0.9976854980253355,0.9968900484374107,M2,75,TS
48,170,0.9976967635807847,0.9968760948977842,M2,75,TS
48,171,0.9977190140349868,0.9968247338497691,M2,75,TS
48,172,0.9977335584767892,0.996744940719204,M2,75,TS
48,173,0.997714729516403,0.9966831449608772,M2,75,TS
48,174,0.9976900912011676,0.9966268452766441,M2,75,TS
48,175,0.9976725413667765,0.9965855412408071,M2,75,TS
48,176,0.9976542511456944,0.9965397373030165,M2,75,TS
48,177,0.9976322422776509,0.9965175915667515,M2,75,TS
48,178,0.9976113747034274,0.9965166003728079,M2,75,TS
48,179,0.9975827867909401,0.9965166179399697,M2,75,TS
48,180,0.9975555470290647,0.9965264899540114,M2,75,TS
48,181,0.9975453936815908,0.9965215266423949,M2,75,TS
48,182,0.9975278696771662,0.9965167340693322,M2,75,TS
48,183,0.9975012318186309,0.9965111547568004,M2,75,TS
48,184,0.99746567307103,0.9964869241200943,M2,75,TS
48,185,0.9974376225954955,0.9964572055523262,M2,75,TS
48,186,0.9974094625053971,0.9963992076120377,M2,75,TS
48,187,0.9973759280457697,0.9963419305908829,M2,75,TS
48,188,0.9973321944393155,0.9962915042255223,M2,75,TS
48,189,0.9972710896376513,0.9962481716659621,M2,75,TS
48,190,0.997206425075879,0.9962060438294472,M2,75,TS
48,191,0.9971491652492486,0.996177228684882,M2,75,TS
48,192,0.9970898513976241,0.9961215028691935,M2,75,TS
48,193,0.9970181632555117,0.9960448094446762,M2,75,TS
48,194,0.996946796142985,0.9959874238376072,M2,75,TS
48,195,0.9969123433086611,0.99590443876495,M2,75,TS
48,196,0.9968893841583129,0.9958445888193597,M2,75,TS
48,197,0.9968813043711017,0.995787117735908,M2,75,TS
48,198,0.9968881039470249,0.9957320255145924,M2,75,TS
48,199,0.9969097828860826,0.9956793121554128,M2,75,TS
48,200,0.9969463411882747,0.9956289776583692,M2,75,TS
49,151,0.9982494182706154,0.9970279842427605,M2,75,TS
49,152,0.9982672540324139,0.9970033534460765,M2,75,TS
49,153,0.9982635657190787,0.9969755428490354,M2,75,TS
49,154,0.9982383533306097,0.9969445524516374,M2,75,TS
49,155,0.9981916168670071,0.9969103822538825,M2,75,TS
49,156,0.9981233563282732,0.9968730322557733,M2,75,TS
49,157,0.9979838303159803,0.9968406905284383,M2,75,TS
49,158,0.9979795181088469,0.9967939170159943,M2,75,TS
49,159,0.9977682451794418,0.9967506318075091,M2,75,TS
49,160,0.9976179730008696,0.9967004870486946,M2,75,TS
49,161,0.9975411716221545,0.9966463139426663,M2,75,TS
49,162,0.9974974797063673,0.996567118598556,M2,75,TS
49,163,0.9975246354796645,0.9964917288779257,M2,75,TS
49,164,0.9976026178561183,0.9964331343623636,M2,75,TS
49,165,0.9977518884042447,0.9963836838939887,M2,75,TS
49,166,0.9977395166267558,0.9963543526788355,M2,75,TS
49,167,0.9978234926971821,0.9963312654326192,M2,75,TS
49,168,0.9979727421560629,0.9963248690892841,M2,75,TS
49,169,0.9979156285662332,0.9963061671660578,M2,75,TS
49,170,0.9979514226683506,0.9962879229853536,M2,75,TS
49,171,0.9979205056172775,0.9962343013942523,M2,75,TS
49,172,0.9978528254458763,0.9961530189868547,M2,75,TS
49,173,0.9977757194688859,0.9960891029365098,M2,75,TS
49,174,0.9976966945879847,0.9960305710240854,M2,75,TS
49,175,0.9976509028790901,0.995986343732347,M2,75,TS
49,176,0.9976372268296139,0.9959368082050126,M2,75,TS
49,177,0.99762649153408,0.9959107328312631,M2,75,TS
49,178,0.9976400851833088,0.9959051793320582,M2,75,TS
49,179,0.9976784513036971,0.9958998182830905,M2,75,TS
49,180,0.9977138227512483,0.9959044006697761,M2,75,TS
49,181,0.9976765932759589,0.995896460432384,M2,75,TS
49,182,0.9977371739812044,0.995885974994876,M2,75,TS
49,183,0.9975492416284254,0.9958808446914628,M2,75,TS
49,184,0.9973972999208337,0.9958559287276822,M2,75,TS
49,185,0.9973001052418815,0.9958243178185078,M2,75,TS
49,186,0.9972469862160156,0.9957633516045851,M2,75,TS
49,187,0.9971945194348506,0.995702930257824,M2,75,TS
49,188,0.9971292645266627,0.9956494060849427,M2,75,TS
49,189,0.9970999143847763,0.9956016132214524,M2,75,TS
49,190,0.9971237750178441,0.995553562482607,M2,75,TS
49,191,0.9971673893165116,0.9955184874131986,M2,75,TS
49,192,0.9972273047321621,0.9954560535701746,M2,75,TS
49,193,0.9970486162087009,0.9953784815717418,M2,75,TS
49,194,0.9971124294386846,0.9953139931421698,M2,75,TS
49,195,0.996932467298737,0.995231138958864,M2,75,TS
49,196,0.9968455042084748,0.9951693015206907,M2,75,TS
49,197,0.9967474610026495,0.99511050814532,M2,75,TS
49,198,0.9966383376812582,0.9950547588327492,M2,75,TS
49,199,0.9965181342443007,0.9950020535829783,M2,75,TS
49,200,0.9963868506917772,0.9949523923960072,M2,75,TS
1,151,1.0035040341011485,1.0035292907689277,M2,100,TS
1,152,1.003371233684344,1.0035178328147598,M2,100,TS
1,153,1.003249998700051,1.003502345634508,M2,100,TS
1,154,1.0031403291482688,1.0034828292281726,M2,100,TS
1,155,1.0030422250289976,1.0034592835957532,M2,100,TS
1,156,1.0029556863422409,1.0034317087372526,M2,100,TS
1,157,1.0029072943153923,1.0034064280865744,M2,100,TS
1,158,1.0029532296974646,1.0033676000929812,M2,100,TS
1,159,1.002855579373866,1.0033306891858016,M2,100,TS
1,160,1.002860543825376,1.003285829498577,M2,100,TS
1,161,1.0025763543941397,1.0032462265670272,M2,100,TS
1,162,1.0014383798854618,1.0032041863157088,M2,100,TS
1,163,1.0004746427551507,1.0031633708332404,M2,100,TS
1,164,0.999940860696534,1.0031296936897822,M2,100,TS
1,165,0.9996885162089997,1.0030997725834907,M2,100,TS
1,166,0.9999216817116944,1.00307344013572,M2,100,TS
1,167,1.0005932631675036,1.0030446769556178,M2,100,TS
1,168,1.0013679303061351,1.0030316864453863,M2,100,TS
1,169,1.0020708838385373,1.003002829654809,M2,100,TS
1,170,1.0030309268578446,1.0029702155186417,M2,100,TS
1,171,1.0023714359521643,1.0029418834796762,M2,100,TS
1,172,1.0006014508223022,1.0029133084550277,M2,100,TS
1,173,0.9996034070961728,1.0028821366212244,M2,100,TS
1,174,0.9986270177227583,1.0028557864579268,M2,100,TS
1,175,0.9980836122088909,1.0028335614715076,M2,100,TS
1,176,0.9978717048258827,1.002798237523881,M2,100,TS
1,177,0.9980881334019138,1.002775566500931,M2,100,TS
1,178,0.9987131474621992,1.0027637050319995,M2,100,TS
1,179,0.9998235511188321,1.0027401719141331,M2,100,TS
1,180,1.0011065231854825,1.0027221653388907,M2,100,TS
1,181,1.0013771727680894,1.0027156744551653,M2,100,TS
1,182,1.0016764928582509,1.0027084631645193,M2,100,TS
1,183,1.0023240922011576,1.0026913459017757,M2,100,TS
1,184,1.0025496689705158,1.0026661101199565,M2,100,TS
1,185,1.0027810566496334,1.0026354061930414,M2,100,TS
1,186,1.0024387748845074,1.002590970454879,M2,100,TS
1,187,1.0019669105501887,1.0025504865918287,M2,100,TS
1,188,1.001749130863073,1.0025101336664755,M2,100,TS
1,189,1.0018799043084554,1.0024674809957899,M2,100,TS
1,190,1.001666978040517,1.002434752664283,M2,100,TS
1,191,1.0018924152574733,1.0024043444915203,M2,100,TS
1,192,1.0013201509165075,1.0023673536258473,M2,100,TS
1,193,1.0003872481179652,1.0023182894578504,M2,100,TS
1,194,0.999941113240662,1.002276063254592,M2,100,TS
1,195,0.9986368612832792,1.0022311304695342,M2,100,TS
1,196,0.9980639123735556,1.0021909440544874,M2,100,TS
1,197,0.9975588394878703,1.0021517841359093,M2,100,TS
1,198,0.9971216426262207,1.002113650713797,M2,100,TS
1,199,0.9967523217886071,1.0020765437881507,M2,100,TS
1,200,0.9964508769750292,1.0020404633589706,M2,100,TS
3,151,0.9960343643247106,0.9956667927517684,M2,100,TS
3,152,0.9959927167171484,0.9956441983913217,M2,100,TS
3,153,0.9959585669412259,0.9956176823787016,M2,100,TS
3,154,0.9959319149969431,0.995587244713908,M2,100,TS
3,155,0.9959127608842999,0.9955528853969412,M2,100,TS
3,156,0.9959011046032991,0.9955146044278037,M2,100,TS
3,157,0.99591418178317,0.9954789849220589,M2,100,TS
3,158,0.9959199948628807,0.9954324153490264,M2,100,TS
3,159,0.9959320859144289,0.9953838971844345,M2,100,TS
3,160,0.99593203064154,0.9953303996943331,M2,100,TS
3,161,0.9959224770012136,0.9952749182780737,M2,100,TS
3,162,0.9959002339481822,0.9951952397113907,M2,100,TS
3,163,0.9958625601185487,0.9951216926711466,M2,100,TS
3,164,0.9957994798270604,0.9950670541538605,M2,100,TS
3,165,0.995739273297319,0.9950233676437983,M2,100,TS
3,166,0.9956808517819564,0.9949957787002041,M2,100,TS
3,167,0.9956127277322449,0.9949773560849786,M2,100,TS
3,168,0.995576158074972,0.9949765583582655,M2,100,TS
3,169,0.9955744051959938,0.9949571392405826,M2,100,TS
3,170,0.995600712306006,0.9949398869743556,M2,100,TS
3,171,0.9956379893705616,0.9948847620095272,M2,100,TS
3,172,0.9956641347323912,0.9948009686747825,M2,100,TS
3,173,0.9956711920948085,0.99473502726066,M2,100,TS
3,174,0.9956380585687907,0.994675503541662,M2,100,TS
3,175,0.9955853708658173,0.9946318102377875,M2,100,TS
3,176,0.9955396173395594,0.9945833897316646,M2,100,TS
3,177,0.9955035324983614,0.9945584579353082,M2,100,TS
3,178,0.9955100283482142,0.994553816992737,M2,100,TS
3,179,0.9955577798394379,0.9945489865340928,M2,100,TS
3,180,0.9956211379950224,0.9945537496800695,M2,100,TS
3,181,0.9956797077616993,0.9945439849582906,M2,100,TS
3,182,0.9956850893700995,0.9945356071982813,M2,100,TS
3,183,0.9956531206452309,0.9945272868012567,M2,100,TS
3,184,0.9955877786642572,0.994500789135916,M2,100,TS
3,185,0.9955121162923015,0.9944692390778426,M2,100,TS
3,186,0.9954418813752506,0.9944089610367465,M2,100,TS
3,187,0.9953844260642624,0.994348973025971,M2,100,TS
3,188,0.9953396535246629,0.9942953667208722,M2,100,TS
3,189,0.9953058687211954,0.9942481851801007,M2,100,TS
3,190,0.9952704270164792,0.994202087886593,M2,100,TS
3,191,0.9952322818676387,0.9941697191308673,M2,100,TS
3,192,0.9951643814803146,0.9941108994936235,M2,100,TS
3,193,0.995099388061318,0.99403060341843,M2,100,TS
3,194,0.9950507740559454,0.993969304691018,M2,100,TS
3,195,0.9950369504778394,0.993882215208418,M2,100,TS
3,196,0.9950429987886786,0.9938182775448524,M2,100,TS
3,197,0.9950691480067563,0.9937566058473436,M2,100,TS
3,198,0.9951153981320696,0.993697200115889,M2,100,TS
3,199,0.9951817491646184,0.9936400603504887,M2,100,TS
3,200,0.9952682011044028,0.9935851865511428,M2,100,TS
4,151,0.9767030436512549,0.9800176890554669,M2,100,TS
4,152,0.976800964527353,0.9798730515004616,M2,100,TS
4,153,0.976863456319432,0.9797255918242869,M2,100,TS
4,154,0.9768905190274921,0.9795753100269429,M2,100,TS
4,155,0.9768821526515331,0.9794222061084296,M2,100,TS
4,156,0.9768383571915578,0.9792662800687497,M2,100,TS
4,157,0.9771008112729221,0.9791058083919095,M2,100,TS
4,158,0.9766433462641386,0.9789526048650552,M2,100,TS
4,159,0.9764710655576234,0.9787903416707447,M2,100,TS
4,160,0.9761497056640729,0.9786265985994741,M2,100,TS
4,161,0.9759204878059102,0.9784583082599858,M2,100,TS
4,162,0.9755304826807375,0.9782697830824801,M2,100,TS
4,163,0.9752868250272246,0.9780832109807938,M2,100,TS
4,164,0.9751039310436997,0.9779132529223551,M2,100,TS
4,165,0.9748326994872825,0.9777565123920837,M2,100,TS
4,166,0.9745956570849166,0.977614944083217,M2,100,TS
4,167,0.9745201302249025,0.9774780699355766,M2,100,TS
4,168,0.9746065450471004,0.9773554494658648,M2,100,TS
4,169,0.9742718804716919,0.9772259043045973,M2,100,TS
4,170,0.9737456352786511,0.977104098586917,M2,100,TS
4,171,0.9733758712277756,0.9769410295517974,M2,100,TS
4,172,0.973068728226699,0.9767476389706441,M2,100,TS
4,173,0.9727661577049508,0.9765713330965813,M2,100,TS
4,174,0.9726141495290563,0.9763965560744206,M2,100,TS
4,175,0.9727118741969064,0.9762306141361603,M2,100,TS
4,176,0.9721794294905961,0.9760761904231314,M2,100,TS
4,177,0.9718954140115266,0.9759390581614611,M2,100,TS
4,178,0.9719018732784592,0.975815789958372,M2,100,TS
4,179,0.9714335255198636,0.9757054524886629,M2,100,TS
4,180,0.9711578846154274,0.9756001422441739,M2,100,TS
4,181,0.9710944722638326,0.9754749719609157,M2,100,TS
4,182,0.9712193875545372,0.9753449824308854,M2,100,TS
4,183,0.9713507159747161,0.9752138608906175,M2,100,TS
4,184,0.9712892944760729,0.9750687334796718,M2,100,TS
4,185,0.9712462147908485,0.9749178070079256,M2,100,TS
4,186,0.9705731539231293,0.9747545412022969,M2,100,TS
4,187,0.970208754222414,0.9745840198895526,M2,100,TS
4,188,0.969988760236854,0.9744164575352746,M2,100,TS
4,189,0.9696206096996185,0.9742593192917006,M2,100,TS
4,190,0.9694751194696738,0.9740975895619304,M2,100,TS
4,191,0.9694240710464628,0.9739470107063474,M2,100,TS
4,192,0.969427668334244,0.9737679631156833,M2,100,TS
4,193,0.9693133233696938,0.9735706140842907,M2,100,TS
4,194,0.9689956572497094,0.9733977905125206,M2,100,TS
4,195,0.9687059737372188,0.9731995265011215,M2,100,TS
4,196,0.9684807897997224,0.9730231244951243,M2,100,TS
4,197,0.9682473872035253,0.9728497015043596,M2,100,TS
4,198,0.9680057659486249,0.9726792575288248,M2,100,TS
4,199,0.9677559260350211,0.9725117925685199,M2,100,TS
4,200,0.9674978674627139,0.9723473066234449,M2,100,TS
6,151,0.996214505768315,0.9970068740438152,M2,100,TS
6,152,0.9961152328406796,0.9969953920561804,M2,100,TS
6,153,0.9960290888322142,0.9969798521313404,M2,100,TS
6,154,0.995956073742919,0.9969602542692954,M2,100,TS
6,155,0.9958961875727937,0.996936598470045,M2,100,TS
6,156,0.9958494303218418,0.9969088847335924,M2,100,TS
6,157,0.9958599118207982,0.9968829233332088,M2,100,TS
6,158,0.9958456437304972,0.9968466855754403,M2,100,TS
6,159,0.9957704044573623,0.9968101007906097,M2,100,TS
6,160,0.9958367240092967,0.9967646474412172,M2,100,TS
6,161,0.9957092218587607,0.9967218448400528,M2,100,TS
6,162,0.9956523449446865,0.9966524952910433,M2,100,TS
6,163,0.9955662274306651,0.9965896467340072,M2,100,TS
6,164,0.9955560027793754,0.9965432355941211,M2,100,TS
6,165,0.9955269016238708,0.9965084675390615,M2,100,TS
6,166,0.995515275555934,0.996489533917934,M2,100,TS
6,167,0.995481363117343,0.99648017914374,M2,100,TS
6,168,0.9952872254157735,0.9964933714336836,M2,100,TS
6,169,0.9952152259768224,0.9964857796999522,M2,100,TS
6,170,0.9950931560869628,0.9964824806347048,M2,100,TS
6,171,0.994966603957919,0.9964411514449086,M2,100,TS
6,172,0.9949506503891471,0.9963676621924056,M2,100,TS
6,173,0.9949255045077805,0.9963120167347012,M2,100,TS
6,174,0.9949507524984647,0.9962604382456267,M2,100,TS
6,175,0.9949436995335101,0.9962251085592644,M2,100,TS
6,176,0.9948553452856492,0.9961875675695878,M2,100,TS
6,177,0.994861288992555,0.9961714208185517,M2,100,TS
6,178,0.9947635411372995,0.9961793581022564,M2,100,TS
6,179,0.9947687327438571,0.9961857939477631,M2,100,TS
6,180,0.9946547175698341,0.9962052706047363,M2,100,TS
6,181,0.9947522146500036,0.9962042892336714,M2,100,TS
6,182,0.9947288419621603,0.9962064093399746,M2,100,TS
6,183,0.9946594190966497,0.9962089057192182,M2,100,TS
6,184,0.9946131352370858,0.9961916820736394,M2,100,TS
6,185,0.9945569067396691,0.9961694130120815,M2,100,TS
6,186,0.9944554226729967,0.9961196854878382,M2,100,TS
6,187,0.994525445824341,0.996066067674975,M2,100,TS
6,188,0.9945312995670903,0.9960208367421597,M2,100,TS
6,189,0.9945035238085205,0.9959833266740671,M2,100,TS
6,190,0.9944937350335686,0.9959462411989317,M2,100,TS
6,191,0.994511069552142,0.995922236807105,M2,100,TS
6,192,0.994354548788215,0.9958752328572009,M2,100,TS
6,193,0.9942082877615992,0.9958064671907003,M2,100,TS
6,194,0.9940660638765035,0.99575721711529,M2,100,TS
6,195,0.9939285246499441,0.9956826741907403,M2,100,TS
6,196,0.9937872031503167,0.9956320989294225,M2,100,TS
6,197,0.9936459653173575,0.9955843241796726,M2,100,TS
6,198,0.9935048111510638,0.9955393499414878,M2,100,TS
6,199,0.9933637406514356,0.9954971762148684,M2,100,TS
6,200,0.9932227538184729,0.9954578029998142,M2,100,TS
7,151,0.9944063753831374,0.9955799527459542,M2,100,TS
7,152,0.9943518838933064,0.9955410495476084,M2,100,TS
7,153,0.9942924744859969,0.9954985425366613,M2,100,TS
7,154,0.994228147161209,0.9954524317131129,M2,100,TS
7,155,0.9941589019189425,0.9954027170769635,M2,100,TS
7,156,0.9940847387592003,0.9953493986282155,M2,100,TS
7,157,0.9939822863795954,0.9953001706543726,M2,100,TS
7,158,0.9939045656069894,0.9952390361476617,M2,100,TS
7,159,0.9938651951227415,0.995175170682885,M2,100,TS
7,160,0.9938035718599496,0.9951065905298324,M2,100,TS
7,161,0.9937610515371789,0.9950352655121879,M2,100,TS
7,162,0.9937122760542119,0.9949395137497343,M2,100,TS
7,163,0.9936117741640667,0.9948508606517981,M2,100,TS
7,164,0.9935157799849212,0.9947803740957695,M2,100,TS
7,165,0.9934154307549953,0.9947210019894278,M2,100,TS
7,166,0.9932585301429073,0.9946792540686692,M2,100,TS
7,167,0.9930649007415475,0.9946474205441969,M2,100,TS
7,168,0.9929202850425868,0.9946327677588331,M2,100,TS
7,169,0.9927678083195293,0.9946005283072473,M2,100,TS
7,170,0.9926517468134011,0.9945702175353883,M2,100,TS
7,171,0.9925164540284324,0.994502781096787,M2,100,TS
7,172,0.9924355058928396,0.9944049750099325,M2,100,TS
7,173,0.9922633449048571,0.9943269017320348,M2,100,TS
7,174,0.9921366744906839,0.9942530739415525,M2,100,TS
7,175,0.9920620457932743,0.9941932828359253,M2,100,TS
7,176,0.991960224684306,0.9941295446979195,M2,100,TS
7,177,0.9917807998494718,0.994091599955149,M2,100,TS
7,178,0.991696715556144,0.994072650458114,M2,100,TS
7,179,0.9916208230145287,0.9940543040765831,M2,100,TS
7,180,0.9915485975755082,0.9940458978675515,M2,100,TS
7,181,0.9915041139511117,0.9940221486933881,M2,100,TS
7,182,0.991437678959813,0.9939990015849368,M2,100,TS
7,183,0.9913197670728469,0.9939762961183601,M2,100,TS
7,184,0.9912539511914851,0.9939331802055371,M2,100,TS
7,185,0.9912096475888834,0.993884186030254,M2,100,TS
7,186,0.9911403242141177,0.9938071177603717,M2,100,TS
7,187,0.9909881512914112,0.9937328564538191,M2,100,TS
7,188,0.9909081017447054,0.9936634835031418,M2,100,TS
7,189,0.9908380250579897,0.9936005411186654,M2,100,TS
7,190,0.9907348827758002,0.9935395112806082,M2,100,TS
7,191,0.990680910982181,0.9934909080386954,M2,100,TS
7,192,0.9905315571703812,0.9934174994224689,M2,100,TS
7,193,0.9903770005332686,0.9933227979314532,M2,100,TS
7,194,0.9902430059030527,0.9932469681601729,M2,100,TS
7,195,0.9901456260555439,0.9931452670396153,M2,100,TS
7,196,0.9900206122761921,0.9930679799107068,M2,100,TS
7,197,0.9898951591915459,0.9929934875319766,M2,100,TS
7,198,0.9897692668016028,0.9929217899034216,M2,100,TS
7,199,0.9896429351063629,0.9928528870250419,M2,100,TS
7,200,0.9895161641058261,0.9927867788968376,M2,100,TS
8,151,0.9894562866939769,0.9917907557159339,M2,100,TS
8,152,0.9892869391809709,0.9917135310492813,M2,100,TS
8,153,0.9891264737722718,0.991632362458754,M2,100,TS
8,154,0.9889748904678795,0.9915472499443522,M2,100,TS
8,155,0.9888321892677938,0.9914581935060756,M2,100,TS
8,156,0.9886983701720182,0.9913651931439271,M2,100,TS
8,157,0.988612998135234,0.9912736933633797,M2,100,TS
8,158,0.9884657605265808,0.9911736694236485,M2,100,TS
8,159,0.9883221445484542,0.991071501833108,M2,100,TS
8,160,0.9881996969985829,0.9909634173854157,M2,100,TS
8,161,0.988043425315414,0.9908543761294685,M2,100,TS
8,162,0.9878153619489983,0.9907237660271669,M2,100,TS
8,163,0.987663659807816,0.9905966365345167,M2,100,TS
8,164,0.9875156075605755,0.9904871245936706,M2,100,TS
8,165,0.9873270466649591,0.9903896050044608,M2,100,TS
8,166,0.9871873160367632,0.9903064560264556,M2,100,TS
8,167,0.9870762836454232,0.9902307311542863,M2,100,TS
8,168,0.9869386436403,0.9901739383362167,M2,100,TS
8,169,0.9867927268027747,0.9901002024277676,M2,100,TS
8,170,0.9866505942191186,0.9900292492885688,M2,100,TS
8,171,0.9865007607244951,0.989922373063757,M2,100,TS
8,172,0.986302968780101,0.9897886973108244,M2,100,TS
8,173,0.9861435659453623,0.9896706667850705,M2,100,TS
8,174,0.9859508344567336,0.9895585542566173,M2,100,TS
8,175,0.9857170247032094,0.9894620160043348,M2,100,TS
8,176,0.9854989411486601,0.9893611668827083,M2,100,TS
8,177,0.9853378399000858,0.9892818174612715,M2,100,TS
8,178,0.9851822150143007,0.9892228335199346,M2,100,TS
8,179,0.98501998496841,0.9891649884330662,M2,100,TS
8,180,0.9849044471712944,0.9891155249354114,M2,100,TS
8,181,0.9848004012787525,0.9890517088006544,M2,100,TS
8,182,0.9846632874079718,0.9889885660912111,M2,100,TS
8,183,0.9845620324189641,0.9889232496858604,M2,100,TS
8,184,0.9844446166266216,0.9888399390348865,M2,100,TS
8,185,0.9842672291286316,0.9887528172468161,M2,100,TS
8,186,0.9840657585920585,0.9886392716398353,M2,100,TS
8,187,0.983908876419124,0.9885248408934458,M2,100,TS
8,188,0.9837450136174848,0.9884167678490038,M2,100,TS
8,189,0.9835390637644426,0.9883163228248254,M2,100,TS
8,190,0.9833286628583462,0.9882171054746343,M2,100,TS
8,191,0.9831152377668357,0.9881310011359996,M2,100,TS
8,192,0.9828710927346475,0.988019431181134,M2,100,TS
8,193,0.9826470558178269,0.9878864791635911,M2,100,TS
8,194,0.9824686223560679,0.9877716238941855,M2,100,TS
8,195,0.9822446928402246,0.987633896269077,M2,100,TS
8,196,0.9820476556594568,0.9875182504339359,M2,100,TS
8,197,0.9818597827823277,0.9874050952917798,M2,100,TS
8,198,0.9816810742088343,0.987294430842606,M2,100,TS
8,199,0.981511529938977,0.9871862570864146,M2,100,TS
8,200,0.9813511499727554,0.9870805740232056,M2,100,TS
12,151,0.9964391412129527,0.9962129908070738,M2,100,TS
12,152,0.996449271339672,0.9961892392492313,M2,100,TS
12,153,0.9964508346170283,0.9961619686412285,M2,100,TS
12,154,0.9964438310450218,0.9961311789830656,M2,100,TS
12,155,0.9964282606236524,0.9960968702747424,M2,100,TS
12,156,0.9964041233529233,0.9960590425162618,M2,100,TS
12,157,0.9963733833269217,0.996024396646807,M2,100,TS
12,158,0.9963272920330408,0.9959794384216749,M2,100,TS
12,159,0.9962954253265817,0.9959322746431039,M2,100,TS
12,160,0.9962317083567527,0.9958805336359037,M2,100,TS
12,161,0.996195685495121,0.9958261733848923,M2,100,TS
12,162,0.9961588400405574,0.9957481699089834,M2,100,TS
12,163,0.9960993853386355,0.9956762360834418,M2,100,TS
12,164,0.9960167875370655,0.9956227557870204,M2,100,TS
12,165,0.9959439058471578,0.9955799414843928,M2,100,TS
12,166,0.9958358179690385,0.9955537331918023,M2,100,TS
12,167,0.9957187800079623,0.9955361489096417,M2,100,TS
12,168,0.9956256062307962,0.9955363049969324,M2,100,TS
12,169,0.9955638034557666,0.9955181871547403,M2,100,TS
12,170,0.995517288368672,0.9955024502242753,M2,100,TS
12,171,0.9955193786141443,0.9954491500836855,M2,100,TS
12,172,0.9954981882957448,0.9953683574863256,M2,100,TS
12,173,0.9954579803391037,0.9953047729374613,M2,100,TS
12,174,0.9954238374706464,0.995246299988588,M2,100,TS
12,175,0.995400931370721,0.9952023814081213,M2,100,TS
12,176,0.9953770856030706,0.9951540589784442,M2,100,TS
12,177,0.9953392362431142,0.9951293070628553,M2,100,TS
12,178,0.9953084427222629,0.9951252313153587,M2,100,TS
12,179,0.9952961128171749,0.9951213915501668,M2,100,TS
12,180,0.99530106766799,0.9951268337515166,M2,100,TS
12,181,0.9952783788360806,0.9951189894398669,M2,100,TS
12,182,0.9952234549725187,0.9951119228567056,M2,100,TS
12,183,0.9951648897320904,0.9951037325858912,M2,100,TS
12,184,0.9951172409488205,0.995076661197039,M2,100,TS
12,185,0.9950643536166401,0.9950444234530531,M2,100,TS
12,186,0.9950033249822401,0.9949846975379739,M2,100,TS
12,187,0.9949131124957803,0.994926203401226,M2,100,TS
12,188,0.9948103844069475,0.9948744172966588,M2,100,TS
12,189,0.9947515845784494,0.9948280326428572,M2,100,TS
12,190,0.9947036933144273,0.9947825893771004,M2,100,TS
12,191,0.9946534388496556,0.9947504306921315,M2,100,TS
12,192,0.9946082764806821,0.9946916679605156,M2,100,TS
12,193,0.9945468720668882,0.9946122693624656,M2,100,TS
12,194,0.9945116759637709,0.994551333399685,M2,100,TS
12,195,0.9944588077055738,0.9944666904920734,M2,100,TS
12,196,0.9944023791897465,0.9944051156926115,M2,100,TS
12,197,0.994339854015007,0.9943464231673509,M2,100,TS
12,198,0.994271232181353,0.9942906129162886,M2,100,TS
12,199,0.9941965136887845,0.9942376849394249,M2,100,TS
12,200,0.9941156985373015,0.9941876392367596,M2,100,TS
13,151,0.9971218402728154,0.9970681076472935,M2,100,TS
13,152,0.997125411021877,0.9970523296806569,M2,100,TS
13,153,0.9971229622682198,0.9970329752900017,M2,100,TS
13,154,0.9971144940118436,0.9970100444753278,M2,100,TS
13,155,0.9971000062527485,0.9969835372366351,M2,100,TS
13,156,0.9970794989909375,0.9969534535739268,M2,100,TS
13,157,0.9970426935251744,0.9969269440104014,M2,100,TS
13,158,0.9970120287572352,0.9968893894434303,M2,100,TS
13,159,0.9969747483554201,0.9968501543159963,M2,100,TS
13,160,0.9969483991395283,0.9968053218023519,M2,100,TS
13,161,0.9969110441392823,0.9967586416624373,M2,100,TS
13,162,0.9968554234616301,0.996688162904429,M2,100,TS
13,163,0.9967727646811086,0.9966240232772599,M2,100,TS
13,164,0.9966715256409413,0.9965785047296741,M2,100,TS
13,165,0.9965957220405769,0.9965433653621183,M2,100,TS
13,166,0.9965182877753898,0.9965242885158279,M2,100,TS
13,167,0.9964408373216866,0.9965139585575088,M2,100,TS
13,168,0.996360574441506,0.9965221099432021,M2,100,TS
13,169,0.9963313767031219,0.9965113485780572,M2,100,TS
13,170,0.9963210302726416,0.9965029917037088,M2,100,TS
13,171,0.9962985218915089,0.9964576545360271,M2,100,TS
13,172,0.9962485884144738,0.9963842671205471,M2,100,TS
13,173,0.9961874524844941,0.9963283669135142,M2,100,TS
13,174,0.9961345121000279,0.9962775855913284,M2,100,TS
13,175,0.9961303098675913,0.9962407287363553,M2,100,TS
13,176,0.9960950315914081,0.9962002590843063,M2,100,TS
13,177,0.9960719868016161,0.9961830318710312,M2,100,TS
13,178,0.9960434895446866,0.9961871409172006,M2,100,TS
13,179,0.9960460676752122,0.9961913531070274,M2,100,TS
13,180,0.9960497643446751,0.9962054263398179,M2,100,TS
13,181,0.9960063775909416,0.9962061667203493,M2,100,TS
13,182,0.9959622485718815,0.9962069173899943,M2,100,TS
13,183,0.9958959250976375,0.996207248665976,M2,100,TS
13,184,0.9958618036440439,0.9961878558596668,M2,100,TS
13,185,0.995846187414138,0.9961626844005477,M2,100,TS
13,186,0.9957957726569031,0.9961101538307883,M2,100,TS
13,187,0.9957415155335627,0.9960582419911431,M2,100,TS
13,188,0.9956964933022042,0.9960126901128831,M2,100,TS
13,189,0.9956549610085865,0.9959737414312606,M2,100,TS
13,190,0.9956421171713961,0.9959351131616895,M2,100,TS
13,191,0.9956152225775323,0.9959103756250419,M2,100,TS
13,192,0.9955648706054869,0.9958592324124979,M2,100,TS
13,193,0.9954959882519252,0.9957872632218343,M2,100,TS
13,194,0.995440178124885,0.9957343384439993,M2,100,TS
13,195,0.9953727857710697,0.9956570013393456,M2,100,TS
13,196,0.9953265384190831,0.9956025919002802,M2,100,TS
13,197,0.9952828626347129,0.9955508838799111,M2,100,TS
13,198,0.9952417584179565,0.9955018772782352,M2,100,TS
13,199,0.9952032257688137,0.9954555720952527,M2,100,TS
13,200,0.9951672646872847,0.9954119683309637,M2,100,TS
15,151,0.9962252605469409,0.996202034987422,M2,100,TS
15,152,0.9962208125930392,0.9961749004132964,M2,100,TS
15,153,0.9962118183194908,0.9961441500695442,M2,100,TS
15,154,0.9961982777262959,0.996109783956165,M2,100,TS
15,155,0.9961801908134543,0.9960718020731592,M2,100,TS
15,156,0.996157557580969,0.9960302044205294,M2,100,TS
15,157,0.9961330561512289,0.9959918569685107,M2,100,TS
15,158,0.9961030139082411,0.9959426591721295,M2,100,TS
15,159,0.9960483729312696,0.9958922845535175,M2,100,TS
15,160,0.9960004961472655,0.9958364132436549,M2,100,TS
15,161,0.9959293724948286,0.9957790116808007,M2,100,TS
15,162,0.9958335335644611,0.9956979938435663,M2,100,TS
15,163,0.9957205996053304,0.9956230706876065,M2,100,TS
15,164,0.9956044966238953,0.9955663597639085,M2,100,TS
15,165,0.9954812809233828,0.9955208238907683,M2,100,TS
15,166,0.9953984102161108,0.9954902577405093,M2,100,TS
15,167,0.9953439525691803,0.9954677138656951,M2,100,TS
15,168,0.995329457996333,0.9954625536597621,M2,100,TS
15,169,0.9952733207454667,0.995440817517657,M2,100,TS
15,170,0.9952518136326842,0.9954210463623989,M2,100,TS
15,171,0.9952051757086207,0.995364728486016,M2,100,TS
15,172,0.995132271609668,0.9952804012512363,M2,100,TS
15,173,0.995060842996885,0.9952131962297687,M2,100,TS
15,174,0.9950070180486855,0.9951508878145396,M2,100,TS
15,175,0.9949476593639104,0.9951038950241688,M2,100,TS
15,176,0.994932851648315,0.9950512560338141,M2,100,TS
15,177,0.9949255098219727,0.9950219936323008,M2,100,TS
15,178,0.9949214325530107,0.9950138611996746,M2,100,TS
15,179,0.9949097971769096,0.9950067450954982,M2,100,TS
15,180,0.9948833397107228,0.995009915798781,M2,100,TS
15,181,0.9948059503284219,0.9949999440878091,M2,100,TS
15,182,0.9947249757270282,0.9949900638331718,M2,100,TS
15,183,0.9946328188777054,0.9949794697307734,M2,100,TS
15,184,0.994556640269802,0.9949495710444967,M2,100,TS
15,185,0.9944566820527307,0.9949149704798886,M2,100,TS
15,186,0.9944022573565555,0.9948509021210656,M2,100,TS
15,187,0.9943491582095565,0.9947873711829387,M2,100,TS
15,188,0.9942834853639416,0.9947307667252245,M2,100,TS
15,189,0.9942423860416657,0.9946801848500596,M2,100,TS
15,190,0.9941943633012958,0.9946308767498471,M2,100,TS
15,191,0.9941214406260783,0.9945957276427372,M2,100,TS
15,192,0.9940644165797171,0.9945331920375348,M2,100,TS
15,193,0.9939849550593147,0.9944499405588207,M2,100,TS
15,194,0.9939132663788257,0.9943858200989324,M2,100,TS
15,195,0.9938551810527687,0.9942966851791503,M2,100,TS
15,196,0.9937969359266035,0.9942309986702832,M2,100,TS
15,197,0.9937438760109061,0.9941679430752507,M2,100,TS
15,198,0.9936960013056741,0.9941075183940503,M2,100,TS
15,199,0.9936533118109079,0.9940497246266817,M2,100,TS
15,200,0.993615807526607,0.9939945617731452,M2,100,TS
17,151,0.9980876584157506,0.997089312827405,M2,100,TS
17,152,0.9981352042733159,0.9970621465994877,M2,100,TS
17,153,0.9981566729266981,0.9970319192841848,M2,100,TS
17,154,0.998152064375897,0.9969986308814963,M2,100,TS
17,155,0.9981213786209127,0.9969622813914223,M2,100,TS
17,156,0.9980646156617479,0.9969228708139655,M2,100,TS
17,157,0.9979494545663445,0.996888302295525,M2,100,TS
17,158,0.9979097161329462,0.9968405796370446,M2,100,TS
17,159,0.9979176121027216,0.9967898692112299,M2,100,TS
17,160,0.9977559841524373,0.996738219106759,M2,100,TS
17,161,0.9977519595499136,0.9966802642267342,M2,100,TS
17,162,0.9977688485147062,0.9965971335437974,M2,100,TS
17,163,0.9978168947376731,0.9965189794849412,M2,100,TS
17,164,0.9978755313898338,0.9964588645335897,M2,100,TS
17,165,0.9979888789109685,0.9964083811210052,M2,100,TS
17,166,0.9980966942905272,0.9963742410446725,M2,100,TS
17,167,0.9980050167181996,0.9963541987148972,M2,100,TS
17,168,0.9980279963497212,0.9963496671010059,M2,100,TS
17,169,0.9980399116980906,0.99632764328269,M2,100,TS
17,170,0.998046379793742,0.9963086522911397,M2,100,TS
17,171,0.9980724622218546,0.9962514115908632,M2,100,TS
17,172,0.9980755730720043,0.9961656996365437,M2,100,TS
17,173,0.9980659388396138,0.9960977579656521,M2,100,TS
17,174,0.9980451216973336,0.9960355115741444,M2,100,TS
17,175,0.9980200775252531,0.9959887719132611,M2,100,TS
17,176,0.9979768399295956,0.9959379067644739,M2,100,TS
17,177,0.9979523464467734,0.9959103763245171,M2,100,TS
17,178,0.9979192537226368,0.9959045274865769,M2,100,TS
17,179,0.9978812563814822,0.9958996755698274,M2,100,TS
17,180,0.9978276205537122,0.9959052600795101,M2,100,TS
17,181,0.99779056482589,0.9958956993771773,M2,100,TS
17,182,0.9977713897388524,0.9958857171590043,M2,100,TS
17,183,0.9977523831235487,0.9958748730777977,M2,100,TS
17,184,0.9977298930177749,0.9958450248279588,M2,100,TS
17,185,0.9976923719248798,0.9958102403316875,M2,100,TS
17,186,0.9976702775317827,0.9957463323481905,M2,100,TS
17,187,0.9976507861793333,0.9956830078390967,M2,100,TS
17,188,0.99760405834563,0.9956271348293319,M2,100,TS
17,189,0.9975449789654255,0.9955782993497284,M2,100,TS
17,190,0.9974977354863259,0.9955301872429616,M2,100,TS
17,191,0.9974704408888537,0.9954952835783517,M2,100,TS
17,192,0.9974628881747938,0.9954325626564847,M2,100,TS
17,193,0.9974755488038036,0.995347875870429,M2,100,TS
17,194,0.9974938234159549,0.9952824899256919,M2,100,TS
17,195,0.9975989351942185,0.995189889134111,M2,100,TS
17,196,0.9975292329964532,0.9951255135131272,M2,100,TS
17,197,0.997419619540284,0.9950649473210277,M2,100,TS
17,198,0.997270094825708,0.9950081905578094,M2,100,TS
17,199,0.9970806588527253,0.9949552432234727,M2,100,TS
17,200,0.9968513116213358,0.9949061053180176,M2,100,TS
18,151,0.9967286752306215,0.9968096277331052,M2,100,TS
18,152,0.996734180439968,0.9967828735601674,M2,100,TS
18,153,0.9967286473994351,0.9967526724119266,M2,100,TS
18,154,0.9967120761090231,0.9967190242883832,M2,100,TS
18,155,0.9966844665687318,0.9966819291895369,M2,100,TS
18,156,0.9966458187785637,0.9966413871153907,M2,100,TS
18,157,0.9965932376844059,0.9966044937617834,M2,100,TS
18,158,0.996527560446605,0.9965568014995314,M2,100,TS
18,159,0.9964576808305154,0.9965074329991082,M2,100,TS
18,160,0.9963852885555852,0.9964528337646604,M2,100,TS
18,161,0.9963093425696747,0.9963961098821877,M2,100,TS
18,162,0.996241155290386,0.9963146970264053,M2,100,TS
18,163,0.9961930232600331,0.9962384985946483,M2,100,TS
18,164,0.9961534929420675,0.9961803210023331,M2,100,TS
18,165,0.9961282542437089,0.9961327938851667,M2,100,TS
18,166,0.9961340704382093,0.9961005962230018,M2,100,TS
18,167,0.9961332036581544,0.9960774695650345,M2,100,TS
18,168,0.9961445950325705,0.9960724594375314,M2,100,TS
18,169,0.9961564930828966,0.9960497117054724,M2,100,TS
18,170,0.9961554243304382,0.996030174136351,M2,100,TS
18,171,0.9961540709408457,0.9959731103628742,M2,100,TS
18,172,0.9961171965817952,0.9958880429794171,M2,100,TS
18,173,0.9960709459919943,0.9958205507333835,M2,100,TS
18,174,0.9960208668691528,0.9957585421328492,M2,100,TS
18,175,0.9959813926061627,0.9957115736777564,M2,100,TS
18,176,0.995958089004092,0.9956596332243487,M2,100,TS
18,177,0.9959376291560111,0.9956313394871276,M2,100,TS
18,178,0.9959178524370527,0.9956243944464666,M2,100,TS
18,179,0.995896460375093,0.9956183435287036,M2,100,TS
18,180,0.9958710421699442,0.9956223823267463,M2,100,TS
18,181,0.9958367919253477,0.9956120317806023,M2,100,TS
18,182,0.9957831257202757,0.9956022008546201,M2,100,TS
18,183,0.9957326025198818,0.9955913764240397,M2,100,TS
18,184,0.9956971290990027,0.995561148999491,M2,100,TS
18,185,0.9956599277889449,0.9955256485894969,M2,100,TS
18,186,0.9956296855841797,0.9954614058865251,M2,100,TS
18,187,0.9955981713458765,0.9953978153058664,M2,100,TS
18,188,0.9955528767442439,0.9953412745893466,M2,100,TS
18,189,0.9954912232503919,0.9952918482718669,M2,100,TS
18,190,0.9954337333107592,0.995243368551047,M2,100,TS
18,191,0.9953760597201944,0.9952085361745954,M2,100,TS
18,192,0.9953032597925409,0.9951469075047638,M2,100,TS
18,193,0.9952215665357579,0.9950641185184105,M2,100,TS
18,194,0.9951472511607411,0.9950005413767035,M2,100,TS
18,195,0.9950705577024481,0.9949121579629107,M2,100,TS
18,196,0.9950302699225336,0.994846475159277,M2,100,TS
18,197,0.9950046135818877,0.9947831961481098,M2,100,TS
18,198,0.9949935886805082,0.9947223209294062,M2,100,TS
18,199,0.9949971952183951,0.9946638495031659,M2,100,TS
18,200,0.9950154331955485,0.9946077818693894,M2,100,TS
19,151,0.9983541625402169,0.9976555039437752,M2,100,TS
19,152,0.998313949241844,0.9976371496499516,M2,100,TS
19,153,0.9982766524905043,0.997614994806768,M2,100,TS
19,154,0.9982422722861977,0.9975890394142239,M2,100,TS
19,155,0.9982108086289242,0.9975592834723197,M2,100,TS
19,156,0.9981822615186868,0.9975257269810581,M2,100,TS
19,157,0.9981634010364282,0.9974952298435182,M2,100,TS
19,158,0.9981526300088968,0.9974534066453206,M2,100,TS
19,159,0.998118417587482,0.9974103637346398,M2,100,TS
19,160,0.9980856048046101,0.997362022062428,M2,100,TS
19,161,0.9980510460025163,0.9973114276036021,M2,100,TS
19,162,0.9980122018525,0.9972362245886328,M2,100,TS
19,163,0.9979886622993271,0.9971664060201747,M2,100,TS
19,164,0.9979748072893371,0.997114693363906,M2,100,TS
19,165,0.9979576989069638,0.9970741517268012,M2,100,TS
19,166,0.9979557420190031,0.9970494742984016,M2,100,TS
19,167,0.9979701549299111,0.9970333997640622,M2,100,TS
19,168,0.9979696476288039,0.9970361598013128,M2,100,TS
19,169,0.9979757712917408,0.9970210068180343,M2,100,TS
19,170,0.9979679876075439,0.9970091558679548,M2,100,TS
19,171,0.9979505371878232,0.9969595924140943,M2,100,TS
19,172,0.9979374164180058,0.9968807124722229,M2,100,TS
19,173,0.9979284641604969,0.9968192629338216,M2,100,TS
19,174,0.9979243138901803,0.9967630833494185,M2,100,TS
19,175,0.9979137758823782,0.9967224972648504,M2,100,TS
19,176,0.9979146632249826,0.9966771411766109,M2,100,TS
19,177,0.9979219630620617,0.9966554543721856,M2,100,TS
19,178,0.9979164416020232,0.9966555704480805,M2,100,TS
19,179,0.9978810831926193,0.9966574307987497,M2,100,TS
19,180,0.9978462976686268,0.9966693083246778,M2,100,TS
19,181,0.9978140490845031,0.9966662402743816,M2,100,TS
19,182,0.9978019663708897,0.9966626854484942,M2,100,TS
19,183,0.9977817707485597,0.9966585168497752,M2,100,TS
19,184,0.997760137049204,0.9966352585129064,M2,100,TS
19,185,0.9977178738287117,0.9966072154799787,M2,100,TS
19,186,0.9976769311981306,0.9965504154928987,M2,100,TS
19,187,0.9976246500837709,0.9964944995672341,M2,100,TS
19,188,0.9975481718358651,0.9964459693727361,M2,100,TS
19,189,0.997464250420944,0.9964044145305089,M2,100,TS
19,190,0.9974058504213121,0.9963631683322803,M2,100,TS
19,191,0.9973498303501193,0.9963356209258127,M2,100,TS
19,192,0.9973111514638624,0.9962802330679695,M2,100,TS
19,193,0.9972846686521686,0.9962030479671927,M2,100,TS
19,194,0.9972725060212573,0.9961450220417609,M2,100,TS
19,195,0.9972586462336028,0.9960619429966256,M2,100,TS
19,196,0.9972579269779204,0.9960023566023128,M2,100,TS
19,197,0.997266220569223,0.9959453356703704,M2,100,TS
19,198,0.9972835270075077,0.9958908802007952,M2,100,TS
19,199,0.9973098462927743,0.9958389901935877,M2,100,TS
19,200,0.997345178425023,0.9957896656487477,M2,100,TS
20,151,0.9973616389364621,0.9973257180382431,M2,100,TS
20,152,0.9974075197253998,0.9973022378490215,M2,100,TS
20,153,0.9974215049847107,0.9972758466250292,M2,100,TS
20,154,0.997403594714395,0.997246544366266,M2,100,TS
20,155,0.9973537889144526,0.9972143310727319,M2,100,TS
20,156,0.9972720875848866,0.9971792067444298,M2,100,TS
20,157,0.9971109528470454,0.997149417750682,M2,100,TS
20,158,0.9969958467251645,0.9971073162012445,M2,100,TS
20,159,0.9968982250774934,0.9970629703505023,M2,100,TS
20,160,0.9968057423558895,0.9970132099580156,M2,100,TS
20,161,0.9967649835522265,0.9969598767425494,M2,100,TS
20,162,0.9967462230467132,0.9968814019337144,M2,100,TS
20,163,0.9967562441604744,0.9968079372586206,M2,100,TS
20,164,0.9968197596582506,0.9967513861660827,M2,100,TS
20,165,0.9969000064872323,0.9967054489238174,M2,100,TS
20,166,0.9969981041843179,0.9966752282822969,M2,100,TS
20,167,0.9968934864706803,0.9966591499224028,M2,100,TS
20,168,0.996978171831189,0.9966566593964147,M2,100,TS
20,169,0.9968581736723161,0.9966416806908044,M2,100,TS
20,170,0.9967202675194098,0.9966300634326496,M2,100,TS
20,171,0.9966286239580148,0.9965795660493243,M2,100,TS
20,172,0.9965689094138606,0.9964992263241567,M2,100,TS
20,173,0.9966561260440131,0.9964325328921353,M2,100,TS
20,174,0.9965639000607831,0.9963758270728204,M2,100,TS
20,175,0.9964988305626201,0.9963337830362471,M2,100,TS
20,176,0.9964825142151799,0.9962859592097286,M2,100,TS
20,177,0.9965271691823476,0.9962603372207042,M2,100,TS
20,178,0.9966247076581672,0.9962547688612705,M2,100,TS
20,179,0.9965231349097945,0.9962552015469023,M2,100,TS
20,180,0.9964948170830299,0.9962637618253718,M2,100,TS
20,181,0.9965423828461333,0.9962556629924392,M2,100,TS
20,182,0.9965689321766831,0.9962481281406609,M2,100,TS
20,183,0.99662696643056,0.996238908448127,M2,100,TS
20,184,0.9964687216956917,0.9962161717298579,M2,100,TS
20,185,0.9964055226886985,0.996185683329484,M2,100,TS
20,186,0.9964305090450565,0.9961243073141802,M2,100,TS
20,187,0.9962479179393413,0.996068862333506,M2,100,TS
20,188,0.9960964738165874,0.996019342878459,M2,100,TS
20,189,0.9959848674786759,0.9959755305316381,M2,100,TS
20,190,0.9959041879371922,0.9959319455698578,M2,100,TS
20,191,0.9958612410572101,0.9959010813020166,M2,100,TS
20,192,0.9958008059821721,0.9958434001691479,M2,100,TS
20,193,0.9957761643512522,0.9957633766189894,M2,100,TS
20,194,0.9958041770686448,0.9957014510777604,M2,100,TS
20,195,0.9958724204484426,0.9956135402979761,M2,100,TS
20,196,0.9959026605517954,0.995550312011902,M2,100,TS
20,197,0.9959341167151717,0.9954898381042552,M2,100,TS
20,198,0.9959667889385689,0.9954321185750326,M2,100,TS
20,199,0.996000677221987,0.9953771534242343,M2,100,TS
20,200,0.9960357815654259,0.9953249426518602,M2,100,TS
21,151,0.9956912339585707,0.9952411268088868,M2,100,TS
21,152,0.9956361582846758,0.9951992005823316,M2,100,TS
21,153,0.9955777660134763,0.9951536279115998,M2,100,TS
21,154,0.9955160571449724,0.9951044087966916,M2,100,TS
21,155,0.995451031679164,0.9950515432376069,M2,100,TS
21,156,0.995382689616054,0.9949950312343486,M2,100,TS
21,157,0.9953032813292844,0.9949421396414296,M2,100,TS
21,158,0.9952288312847336,0.9948778836364552,M2,100,TS
21,159,0.9951657989556684,0.9948115928535232,M2,100,TS
21,160,0.9950827836652403,0.9947405134951962,M2,100,TS
21,161,0.9950040504535111,0.9946671111495342,M2,100,TS
21,162,0.9949378275730777,0.9945689121299699,M2,100,TS
21,163,0.994872731051322,0.9944764235575576,M2,100,TS
21,164,0.9948462154708643,0.9944011753564289,M2,100,TS
21,165,0.9948455456205259,0.9943362449937355,M2,100,TS
21,166,0.9948506100983525,0.9942872779850545,M2,100,TS
21,167,0.9948442953928711,0.9942475076800384,M2,100,TS
21,168,0.994858696630907,0.9942256359210636,M2,100,TS
21,169,0.9948599240004905,0.9941863388114494,M2,100,TS
21,170,0.9948275598015108,0.9941507464836278,M2,100,TS
21,171,0.9947749222348143,0.9940782343828468,M2,100,TS
21,172,0.9947228452351056,0.993976859503421,M2,100,TS
21,173,0.994660418753779,0.9938930476172858,M2,100,TS
21,174,0.9946132830160076,0.9938142480124899,M2,100,TS
21,175,0.9945781416702075,0.9937504549602357,M2,100,TS
21,176,0.9945183042464286,0.9936826444963913,M2,100,TS
21,177,0.994460904363839,0.993638504239679,M2,100,TS
21,178,0.9944207553588466,0.9936153061965662,M2,100,TS
21,179,0.9943659110086336,0.9935932635178352,M2,100,TS
21,180,0.9943098604053411,0.9935812557259138,M2,100,TS
21,181,0.9942479000109743,0.9935548704396864,M2,100,TS
21,182,0.9941933460671152,0.9935283255347696,M2,100,TS
21,183,0.9941428593360844,0.9935007526695346,M2,100,TS
21,184,0.9941003087097292,0.9934539617962734,M2,100,TS
21,185,0.994049879015029,0.9934020489585701,M2,100,TS
21,186,0.9939787237981907,0.9933220521353049,M2,100,TS
21,187,0.9939123404758661,0.9932426025283695,M2,100,TS
21,188,0.9938302001053307,0.9931702616479527,M2,100,TS
21,189,0.9937594602523034,0.9931042851236591,M2,100,TS
21,190,0.9936779827658371,0.9930396759632334,M2,100,TS
21,191,0.9935713169909226,0.9929893466209012,M2,100,TS
21,192,0.9934749826288649,0.9929115932024589,M2,100,TS
21,193,0.9933924321192207,0.9928121070579208,M2,100,TS
21,194,0.9933409069786632,0.9927311799716901,M2,100,TS
21,195,0.9933053047706054,0.9926250174392572,M2,100,TS
21,196,0.9932830596003424,0.992542124162038,M2,100,TS
21,197,0.9932787843572951,0.9924615460739356,M2,100,TS
21,198,0.9932924790414607,0.992383283174947,M2,100,TS
21,199,0.9933241436528392,0.9923073354650722,M2,100,TS
21,200,0.9933737781914306,0.9922337029443115,M2,100,TS
22,151,0.9979528761834789,0.9971495780568552,M2,100,TS
22,152,0.9979072381966131,0.9971273981322633,M2,100,TS
22,153,0.9978617640595299,0.9971014853666565,M2,100,TS
22,154,0.997816453772229,0.9970718397600352,M2,100,TS
22,155,0.9977713073347109,0.9970384613123993,M2,100,TS
22,156,0.9977263247469779,0.9970013500237515,M2,100,TS
22,157,0.9976623722504454,0.9969680053447777,M2,100,TS
22,158,0.9976220530829301,0.9969229568242264,M2,100,TS
22,159,0.9975850693515447,0.996876017354625,M2,100,TS
22,160,0.9975521284025106,0.996823687575357,M2,100,TS
22,161,0.9975274650059696,0.9967689116468337,M2,100,TS
22,162,0.99750044667464,0.996689653096104,M2,100,TS
22,163,0.9974735928424314,0.9966161255640709,M2,100,TS
22,164,0.9974506677254206,0.9965607666534919,M2,100,TS
22,165,0.9974375716473516,0.9965161996129857,M2,100,TS
22,166,0.9974409607621424,0.996487367280941,M2,100,TS
22,167,0.9974532155137844,0.9964672313965133,M2,100,TS
22,168,0.9974715255646589,0.9964653761517609,M2,100,TS
22,169,0.9974882601035546,0.9964458452188582,M2,100,TS
22,170,0.9974927470335335,0.9964295315698932,M2,100,TS
22,171,0.9974823827231087,0.9963759440334067,M2,100,TS
22,172,0.9974560568032118,0.9962937683297703,M2,100,TS
22,173,0.9974282640273349,0.9962290200107143,M2,100,TS
22,174,0.9974235959318766,0.9961690595936915,M2,100,TS
22,175,0.9974112134769693,0.9961246334379338,M2,100,TS
22,176,0.9974167092627432,0.9960752386261189,M2,100,TS
22,177,0.9974104067819365,0.9960498860340014,M2,100,TS
22,178,0.9973914928461298,0.9960462402072723,M2,100,TS
22,179,0.9973688547367965,0.9960435936575807,M2,100,TS
22,180,0.9973364659420498,0.9960511876229328,M2,100,TS
22,181,0.9972937885930526,0.996044345207793,M2,100,TS
22,182,0.9972503787900733,0.9960375424355242,M2,100,TS
22,183,0.9972196642067779,0.9960295238949608,M2,100,TS
22,184,0.9971947514642006,0.9960023152953307,M2,100,TS
22,185,0.9971539974562448,0.9959701986586066,M2,100,TS
22,186,0.99711660853755,0.9959094147750845,M2,100,TS
22,187,0.9970594165220095,0.9958497364399214,M2,100,TS
22,188,0.9969981574821415,0.9957968708635809,M2,100,TS
22,189,0.996932905442551,0.9957508343359498,M2,100,TS
22,190,0.9968700312810477,0.9957057582737342,M2,100,TS
22,191,0.9967969001664407,0.9956746154643338,M2,100,TS
22,192,0.9967343004587343,0.9956159653685978,M2,100,TS
22,193,0.9966924120561809,0.9955353723196227,M2,100,TS
22,194,0.9966737251724511,0.9954736271642565,M2,100,TS
22,195,0.9966714083321956,0.9953865332141443,M2,100,TS
22,196,0.9966745969745014,0.995322980795639,M2,100,TS
22,197,0.9966913347168012,0.995261864542004,M2,100,TS
22,198,0.9967216215590917,0.9952031844532369,M2,100,TS
22,199,0.9967654575013734,0.9951469405293372,M2,100,TS
22,200,0.996822842543646,0.9950931327703051,M2,100,TS
23,151,0.9957291000885199,0.9953350683417106,M2,100,TS
23,152,0.995655804722311,0.9952939794436865,M2,100,TS
23,153,0.995583265767001,0.9952491377753103,M2,100,TS
23,154,0.9955114832225899,0.995200543336582,M2,100,TS
23,155,0.9954404570890777,0.9951481961275014,M2,100,TS
23,156,0.9953701873664672,0.9950920961480717,M2,100,TS
23,157,0.9952964816511591,0.9950393697212802,M2,100,TS
23,158,0.9952337450924627,0.9949752008363899,M2,100,TS
23,159,0.9951646689343825,0.9949094444084424,M2,100,TS
23,160,0.9950886447357687,0.9948385454243993,M2,100,TS
23,161,0.9950125348933974,0.9947654961278161,M2,100,TS
23,162,0.9949454753952015,0.9946679021369291,M2,100,TS
23,163,0.9948705612965933,0.9945762026563966,M2,100,TS
23,164,0.9948185960203811,0.9945020676103657,M2,100,TS
23,165,0.9947838854552487,0.994438447422013,M2,100,TS
23,166,0.9947588975268944,0.9943906038011459,M2,100,TS
23,167,0.9947590577003345,0.994350921289521,M2,100,TS
23,168,0.9947644068394659,0.9943295198869657,M2,100,TS
23,169,0.9947660037795605,0.9942904989434538,M2,100,TS
23,170,0.9947637944757017,0.9942543964831093,M2,100,TS
23,171,0.9947466162556119,0.9941814855942427,M2,100,TS
23,172,0.9947189951630708,0.9940801613501207,M2,100,TS
23,173,0.9946621370785891,0.9939967608577248,M2,100,TS
23,174,0.9946149970545015,0.9939184934494704,M2,100,TS
23,175,0.9945695964921818,0.9938554031702508,M2,100,TS
23,176,0.9945269742307985,0.9937876096181957,M2,100,TS
23,177,0.9944802338775807,0.993743555489594,M2,100,TS
23,178,0.99442978382032,0.9937208821332797,M2,100,TS
23,179,0.994383440304972,0.9936988483249635,M2,100,TS
23,180,0.9943415393688771,0.9936866546460132,M2,100,TS
23,181,0.9942902372324994,0.9936603019586026,M2,100,TS
23,182,0.9942375416961541,0.9936340017263756,M2,100,TS
23,183,0.9941733265295782,0.9936070123055831,M2,100,TS
23,184,0.9941300293605158,0.9935605537232969,M2,100,TS
23,185,0.9940893572924874,0.9935087066089767,M2,100,TS
23,186,0.9940361842867442,0.9934287314979239,M2,100,TS
23,187,0.9939514980828261,0.9933502110137858,M2,100,TS
23,188,0.9938687256791139,0.9932782861178956,M2,100,TS
23,189,0.9937819685524725,0.9932130841970691,M2,100,TS
23,190,0.9937040166065777,0.9931487849113028,M2,100,TS
23,191,0.9936094491179026,0.9930984631719565,M2,100,TS
23,192,0.9935086087142964,0.9930212845909278,M2,100,TS
23,193,0.9934110201584094,0.992922709574448,M2,100,TS
23,194,0.9933458424257315,0.9928426016211092,M2,100,TS
23,195,0.9932978906382908,0.992737366529221,M2,100,TS
23,196,0.993268502233414,0.9926551359016672,M2,100,TS
23,197,0.9932555990533375,0.992575247453726,M2,100,TS
23,198,0.9932591810980587,0.9924977011853948,M2,100,TS
23,199,0.9932792483675777,0.9924224970966733,M2,100,TS
23,200,0.9933158008618946,0.9923496351875617,M2,100,TS
26,151,0.9959505042486115,0.9967097292599723,M2,100,TS
26,152,0.9959391513915293,0.9966977622505296,M2,100,TS
26,153,0.9959235813440527,0.996682169277863,M2,100,TS
26,154,0.9959037941061815,0.9966629503419719,M2,100,TS
26,155,0.9958797896779156,0.9966401054428567,M2,100,TS
26,156,0.9958515680592581,0.9966136345805201,M2,100,TS
26,157,0.9958072894134908,0.9965893059218397,M2,100,TS
26,158,0.9957666449082698,0.9965566416152108,M2,100,TS
26,159,0.9957290508396146,0.9965213079430164,M2,100,TS
26,160,0.9956855218293663,0.9964806135025033,M2,100,TS
26,161,0.9956471401855236,0.9964384731000882,M2,100,TS
26,162,0.9956172217042869,0.9963739543441533,M2,100,TS
26,163,0.9955702454172622,0.9963146887918554,M2,100,TS
26,164,0.9955319666902213,0.9962724600128331,M2,100,TS
26,165,0.9954958282837898,0.996241438480975,M2,100,TS
26,166,0.9954580497498497,0.9962255149853784,M2,100,TS
26,167,0.9954201972989694,0.9962168647625025,M2,100,TS
26,168,0.9954003162585383,0.9962259646326023,M2,100,TS
26,169,0.9953739741361689,0.9962188842497216,M2,100,TS
26,170,0.9953283702185327,0.9962153541278815,M2,100,TS
26,171,0.9952770786212812,0.9961767250479364,M2,100,TS
26,172,0.9952158335301919,0.9961109538891708,M2,100,TS
26,173,0.9951514651758169,0.9960612755040257,M2,100,TS
26,174,0.9950852331987592,0.9960163786866576,M2,100,TS
26,175,0.9950159682286617,0.9959853978121068,M2,100,TS
26,176,0.994937142898188,0.9959519175046064,M2,100,TS
26,177,0.9948684720981864,0.9959401343995407,M2,100,TS
26,178,0.994824032753938,0.9959472717192294,M2,100,TS
26,179,0.9947916678182149,0.9959556618078158,M2,100,TS
26,180,0.9947660354292998,0.9959728000239692,M2,100,TS
26,181,0.9947581952186065,0.9959754482679319,M2,100,TS
26,182,0.9947504723156242,0.9959777714323041,M2,100,TS
26,183,0.9947581154144762,0.9959780453295932,M2,100,TS
26,184,0.99477481366559,0.9959603249717925,M2,100,TS
26,185,0.994767935465342,0.9959380273756722,M2,100,TS
26,186,0.9947573642526486,0.9958907063994855,M2,100,TS
26,187,0.9947425828269708,0.9958429265997966,M2,100,TS
26,188,0.9947137593630634,0.9958011138868971,M2,100,TS
26,189,0.9947103567853216,0.9957654462905421,M2,100,TS
26,190,0.9946953152330662,0.9957310320669379,M2,100,TS
26,191,0.994681869981461,0.9957090600703394,M2,100,TS
26,192,0.9946622189775258,0.995661867204065,M2,100,TS
26,193,0.9946446633771215,0.9955941433897032,M2,100,TS
26,194,0.9946319178289431,0.9955455927299074,M2,100,TS
26,195,0.9945965515165704,0.9954742985949823,M2,100,TS
26,196,0.9945587055634009,0.9954250214031094,M2,100,TS
26,197,0.9945147672408209,0.9953785595245866,M2,100,TS
26,198,0.994464736548828,0.9953349129594115,M2,100,TS
26,199,0.9944086134874224,0.9952940817075837,M2,100,TS
26,200,0.994346398056604,0.9952560657691034,M2,100,TS
27,151,0.9956270353333843,0.9949960305250283,M2,100,TS
27,152,0.9956308304875027,0.9949585043057834,M2,100,TS
27,153,0.9956235063981074,0.9949175302248494,M2,100,TS
27,154,0.9956050630651984,0.9948731082822266,M2,100,TS
27,155,0.9955755004887756,0.9948252384779149,M2,100,TS
27,156,0.9955348186688422,0.9947739208119172,M2,100,TS
27,157,0.9954834006625471,0.9947261429168373,M2,100,TS
27,158,0.995418425360461,0.9946675944371405,M2,100,TS
27,159,0.9953565849148365,0.9946072009803224,M2,100,TS
27,160,0.9952733097356826,0.9945420359000687,M2,100,TS
27,161,0.9952144854349595,0.99447409794371,M2,100,TS
27,162,0.9951573562046216,0.994381820386297,M2,100,TS
27,163,0.9950850316767843,0.9942956164418995,M2,100,TS
27,164,0.9949959437697586,0.994227989909414,M2,100,TS
27,165,0.9949210350328426,0.9941709658348215,M2,100,TS
27,166,0.9948438679446346,0.9941300197370236,M2,100,TS
27,167,0.9947548564922097,0.9940981691180908,M2,100,TS
27,168,0.9946976510250903,0.994083915176399,M2,100,TS
27,169,0.9946473330066448,0.9940517869713396,M2,100,TS
27,170,0.9945945152930386,0.9940225515900185,M2,100,TS
27,171,0.9945447834265342,0.9939560461421865,M2,100,TS
27,172,0.9945075395805032,0.9938605393949805,M2,100,TS
27,173,0.9944889188554943,0.9937817246973825,M2,100,TS
27,174,0.9944763021037695,0.9937081295172426,M2,100,TS
27,175,0.9944619689353607,0.9936497877257111,M2,100,TS
27,176,0.9944689801054403,0.9935862982617913,M2,100,TS
27,177,0.9944851237885035,0.9935461914850476,M2,100,TS
27,178,0.9944910894255776,0.9935276131461233,M2,100,TS
27,179,0.9944799854294203,0.9935102369665101,M2,100,TS
27,180,0.9944433259927755,0.993503458614471,M2,100,TS
27,181,0.994388699724889,0.9934827298885984,M2,100,TS
27,182,0.9943523016714957,0.9934615457574697,M2,100,TS
27,183,0.9943249681714408,0.9934391400125523,M2,100,TS
27,184,0.99428351692634,0.9933981734709691,M2,100,TS
27,185,0.9942383398808105,0.9933519837337828,M2,100,TS
27,186,0.9942158639706631,0.9932768005946729,M2,100,TS
27,187,0.9941856942445113,0.9932024423481055,M2,100,TS
27,188,0.9941470624534154,0.9931349354660158,M2,100,TS
27,189,0.9941038359803992,0.9930741750542286,M2,100,TS
27,190,0.9940330063469403,0.9930152436013424,M2,100,TS
27,191,0.9939755654170752,0.9929695120358326,M2,100,TS
27,192,0.993924755344659,0.9928966027972265,M2,100,TS
27,193,0.9938759374482569,0.9928023350337278,M2,100,TS
27,194,0.9938333304535465,0.9927272141394661,M2,100,TS
27,195,0.9937877818081611,0.9926274887904579,M2,100,TS
27,196,0.9937337446981204,0.9925514522172758,M2,100,TS
27,197,0.9936772647437789,0.9924782429643056,M2,100,TS
27,198,0.9936183419451339,0.9924078610315445,M2,100,TS
27,199,0.9935569763021853,0.992340306418993,M2,100,TS
27,200,0.9934931678149332,0.9922755791266504,M2,100,TS
28,151,0.9958768271134878,0.9951371381865795,M2,100,TS
28,152,0.9958069872774017,0.9951033788886902,M2,100,TS
28,153,0.9957385062343753,0.9950658512404081,M2,100,TS
28,154,0.9956713839844086,0.9950245552417333,M2,100,TS
28,155,0.9956056205275016,0.9949794908926656,M2,100,TS
28,156,0.9955412158636568,0.9949306581932079,M2,100,TS
28,157,0.9954703721703593,0.9948852362689408,M2,100,TS
28,158,0.9954017294613472,0.9948286718285186,M2,100,TS
28,159,0.9953492965457706,0.9947699194045567,M2,100,TS
28,160,0.9952887605784829,0.9947060489845866,M2,100,TS
28,161,0.9952268306544811,0.9946400837782011,M2,100,TS
28,162,0.9951706085295687,0.9945497151551568,M2,100,TS
28,163,0.9951025837892211,0.9944653201867627,M2,100,TS
28,164,0.9950259680471947,0.9943992755529062,M2,100,TS
28,165,0.9949711867638683,0.9943436358689316,M2,100,TS
28,166,0.9949195165957059,0.9943039171924288,M2,100,TS
28,167,0.9948801619547997,0.994272648424618,M2,100,TS
28,168,0.9948288282290081,0.9942600963073278,M2,100,TS
28,169,0.994759286893276,0.9942303307764864,M2,100,TS
28,170,0.9946900390221152,0.9942033849483001,M2,100,TS
28,171,0.9946267177461146,0.9941391457934815,M2,100,TS
28,172,0.9945784560647598,0.9940458726407387,M2,100,TS
28,173,0.9945622098053123,0.9939689214195003,M2,100,TS
28,174,0.9945735190442897,0.9938966286512424,M2,100,TS
28,175,0.9946043690732354,0.9938390203411754,M2,100,TS
28,176,0.9946231319216181,0.9937771388809427,M2,100,TS
28,177,0.9946438750046789,0.9937387971381137,M2,100,TS
28,178,0.9946295992122275,0.9937225944210941,M2,100,TS
28,179,0.9945936333057059,0.9937077136451906,M2,100,TS
28,180,0.9945449739711748,0.9937030859616042,M2,100,TS
28,181,0.9944893921720652,0.9936842455755474,M2,100,TS
28,182,0.9944399381823597,0.993665255793237,M2,100,TS
28,183,0.9944161321713652,0.9936446048446621,M2,100,TS
28,184,0.9943877023568948,0.9936051697444724,M2,100,TS
28,185,0.9943462800062939,0.9935607508380445,M2,100,TS
28,186,0.9943019638171833,0.9934880436786709,M2,100,TS
28,187,0.9942709067133846,0.9934156114168129,M2,100,TS
28,188,0.994239933611649,0.9933497950174293,M2,100,TS
28,189,0.9942015542194994,0.993290793338136,M2,100,TS
28,190,0.9941377686530268,0.993233568443045,M2,100,TS
28,191,0.9940912929380132,0.9931894229606557,M2,100,TS
28,192,0.9940443114741453,0.9931183152398108,M2,100,TS
28,193,0.9940105493736837,0.993025576359796,M2,100,TS
28,194,0.9939496478780393,0.9929528324043603,M2,100,TS
28,195,0.993885339415004,0.9928555264196285,M2,100,TS
28,196,0.9938172778179344,0.9927817578013334,M2,100,TS
28,197,0.9937457480426715,0.9927108405825613,M2,100,TS
28,198,0.9936707500892124,0.9926427747633098,M2,100,TS
28,199,0.9935922839575569,0.9925775603435786,M2,100,TS
28,200,0.9935103496477052,0.9925151973233678,M2,100,TS
29,151,0.9971053161646016,0.9967142668996587,M2,100,TS
29,152,0.9970546443879883,0.9966867711522692,M2,100,TS
29,153,0.9969999147314916,0.9966556504046615,M2,100,TS
29,154,0.9969411271951116,0.9966209046568354,M2,100,TS
29,155,0.9968782817788483,0.9965825339087908,M2,100,TS
29,156,0.9968113784827042,0.9965405381605307,M2,100,TS
29,157,0.9967248965817403,0.9965023764952895,M2,100,TS
29,158,0.9966387616759906,0.996453004532437,M2,100,TS
29,159,0.9965665081064645,0.9964015051850069,M2,100,TS
29,160,0.9965136282181668,0.9963442261981673,M2,100,TS
29,161,0.9964645471636396,0.9962845955518066,M2,100,TS
29,162,0.9964205732676059,0.9962002413544794,M2,100,TS
29,163,0.9963652681228199,0.9961219376402584,M2,100,TS
29,164,0.9963280237515837,0.9960614591434158,M2,100,TS
29,165,0.9963083764024314,0.9960115548417938,M2,100,TS
29,166,0.9962999252139577,0.9959775407918915,M2,100,TS
29,167,0.9962917071015146,0.9959524850073421,M2,100,TS
29,168,0.9962900129355721,0.9959457024055284,M2,100,TS
29,169,0.9963176372464052,0.9959204069464923,M2,100,TS
29,170,0.996330514478867,0.995898376181832,M2,100,TS
29,171,0.99633957105396,0.9958387675660167,M2,100,TS
29,172,0.9963433788354059,0.9957502831744024,M2,100,TS
29,173,0.996316399630141,0.9956799955896952,M2,100,TS
29,174,0.9962795277877291,0.9956153642066332,M2,100,TS
29,175,0.996253321792555,0.9955658310499609,M2,100,TS
29,176,0.9962191139567975,0.995511917742637,M2,100,TS
29,177,0.9961771816583925,0.9954819877854086,M2,100,TS
29,178,0.9961279864664458,0.9954736766286929,M2,100,TS
29,179,0.9960935972765861,0.9954658477707636,M2,100,TS
29,180,0.9960372576932366,0.9954686029881153,M2,100,TS
29,181,0.9959856516483765,0.9954565534846644,M2,100,TS
29,182,0.9959354462420607,0.9954445000036902,M2,100,TS
29,183,0.9958692511216817,0.9954319804917672,M2,100,TS
29,184,0.9958310565509717,0.9953996740719923,M2,100,TS
29,185,0.9957945079160518,0.9953620053399599,M2,100,TS
29,186,0.9957594622723526,0.9952956184215169,M2,100,TS
29,187,0.995720506712767,0.9952299746468624,M2,100,TS
29,188,0.9956817104654498,0.9951710635569908,M2,100,TS
29,189,0.9956372887491772,0.9951190078750918,M2,100,TS
29,190,0.9955685636190378,0.9950686118154005,M2,100,TS
29,191,0.9954968102463866,0.995031987876241,M2,100,TS
29,192,0.9954372577928832,0.9949677804890915,M2,100,TS
29,193,0.99534720467828,0.9948829251114198,M2,100,TS
29,194,0.9952711797727173,0.9948171389832553,M2,100,TS
29,195,0.9952156734143542,0.9947258754509066,M2,100,TS
29,196,0.9951853650628,0.99465768040479,M2,100,TS
29,197,0.9951711378661893,0.9945918584742122,M2,100,TS
29,198,0.9951729918245189,0.9945284096591704,M2,100,TS
29,199,0.9951909269377889,0.9944673339596648,M2,100,TS
29,200,0.9952249432059993,0.9944086313756952,M2,100,TS
30,151,0.9786156496830348,0.9785754092434965,M2,100,TS
30,152,0.97849959995813,0.9784214956392014,M2,100,TS
30,153,0.9783824134107618,0.9782637549748936,M2,100,TS
30,154,0.9782640900409304,0.9781021872505729,M2,100,TS
30,155,0.9781446298486357,0.9779367924662392,M2,100,TS
30,156,0.9780240328338803,0.9777675706218955,M2,100,TS
30,157,0.9778889014610461,0.9776041847682342,M2,100,TS
30,158,0.9777682447260291,0.9774237486018643,M2,100,TS
30,159,0.9776605185831237,0.977243812268539,M2,100,TS
30,160,0.97753377880097,0.9770583953329636,M2,100,TS
30,161,0.9774259211339003,0.9768713781714083,M2,100,TS
30,162,0.9773195538559117,0.9766632397011248,M2,100,TS
30,163,0.9771920347440073,0.9764613577075473,M2,100,TS
30,164,0.9770537208353786,0.976276016834067,M2,100,TS
30,165,0.976874119681151,0.9760999777222901,M2,100,TS
30,166,0.976676843904003,0.9759382192422852,M2,100,TS
30,167,0.9764800237719291,0.9757841945657902,M2,100,TS
30,168,0.9762819189345002,0.9756483079523427,M2,100,TS
30,169,0.9760779184118875,0.9754930598935245,M2,100,TS
30,170,0.9758535861728687,0.9753386451000577,M2,100,TS
30,171,0.975640084719773,0.9751563547957416,M2,100,TS
30,172,0.9754444258391946,0.9749515577508919,M2,100,TS
30,173,0.9752571500427585,0.9747595791610925,M2,100,TS
30,174,0.9750693311365886,0.9745738814000895,M2,100,TS
30,175,0.9748969062286892,0.9744018262327158,M2,100,TS
30,176,0.9747300921460091,0.9742192855508197,M2,100,TS
30,177,0.9745758297873253,0.974059494387243,M2,100,TS
30,178,0.9744064513106123,0.9739211226917366,M2,100,TS
30,179,0.9742581496357877,0.9737777259722383,M2,100,TS
30,180,0.9741236702127505,0.9736443501106012,M2,100,TS
30,181,0.9739996481604303,0.9735037394384547,M2,100,TS
30,182,0.9738789733217553,0.9733634037891941,M2,100,TS
30,183,0.9737841247686867,0.973219869780007,M2,100,TS
30,184,0.9736866657990332,0.9730587983156083,M2,100,TS
30,185,0.9735904989506905,0.9728919889970401,M2,100,TS
30,186,0.9734797771977106,0.9726961759187529,M2,100,TS
30,187,0.9733510233290976,0.9725043510461249,M2,100,TS
30,188,0.9731987434300009,0.9723194421218512,M2,100,TS
30,189,0.9730811593001335,0.9721372931668055,M2,100,TS
30,190,0.9729794485882934,0.9719588948356297,M2,100,TS
30,191,0.9728458590800013,0.9717931363278702,M2,100,TS
30,192,0.9727194183353756,0.9716037914994302,M2,100,TS
30,193,0.9725771072263516,0.9713950435057522,M2,100,TS
30,194,0.9724210447533566,0.9712021215470259,M2,100,TS
30,195,0.9722410586237553,0.9709897004278779,M2,100,TS
30,196,0.9720844632924925,0.9707968624439894,M2,100,TS
30,197,0.971925259507695,0.9706064927585459,M2,100,TS
30,198,0.97176344726936,0.9704185913715447,M2,100,TS
30,199,0.9715990265774874,0.9702331582829858,M2,100,TS
30,200,0.9714319974320774,0.9700501934928691,M2,100,TS
31,151,0.9975070046684483,0.997645627752708,M2,100,TS
31,152,0.997474092201904,0.9976252754832314,M2,100,TS
31,153,0.9974387880343855,0.9976012546014427,M2,100,TS
31,154,0.9974010921658929,0.9975735651073415,M2,100,TS
31,155,0.9973610045964262,0.9975422070009282,M2,100,TS
31,156,0.9973185253259879,0.9975071802822055,M2,100,TS
31,157,0.9972511507658179,0.9974760597291245,M2,100,TS
31,158,0.9971848111679518,0.9974338226591373,M2,100,TS
31,159,0.9971480978372742,0.9973890290646397,M2,100,TS
31,160,0.9971319010209514,0.9973384117774323,M2,100,TS
31,161,0.9971251197669797,0.9972853495812174,M2,100,TS
31,162,0.9971208142617026,0.9972077648927137,M2,100,TS
31,163,0.9970887395225201,0.9971366077232803,M2,100,TS
31,164,0.9970490605713396,0.9970838739580236,M2,100,TS
31,165,0.9970042857558397,0.9970422928921364,M2,100,TS
31,166,0.9969578503880083,0.9970168661693798,M2,100,TS
31,167,0.9968884360628354,0.9970009055341243,M2,100,TS
31,168,0.9968279092851762,0.997003144828686,M2,100,TS
31,169,0.9967573712929807,0.9969879369017367,M2,100,TS
31,170,0.9966948078549835,0.996975406686464,M2,100,TS
31,171,0.9966349709782729,0.9969252997029446,M2,100,TS
31,172,0.996591494356329,0.9968458766663143,M2,100,TS
31,173,0.9965419818218111,0.9967839269028418,M2,100,TS
31,174,0.9965113307933615,0.9967268693814195,M2,100,TS
31,175,0.9964791181183416,0.9966851437273057,M2,100,TS
31,176,0.9964635240505813,0.9966384642260446,M2,100,TS
31,177,0.9964451825759255,0.9966155499422241,M2,100,TS
31,178,0.9964224586446496,0.9966140880895547,M2,100,TS
31,179,0.9963817573715876,0.9966139529771998,M2,100,TS
31,180,0.9963609201896753,0.9966232796973414,M2,100,TS
31,181,0.9963277652487826,0.9966183097722694,M2,100,TS
31,182,0.9962946207306943,0.9966133563010061,M2,100,TS
31,183,0.9962528918134679,0.9966077000640269,M2,100,TS
31,184,0.9962236959859262,0.9965827223121905,M2,100,TS
31,185,0.9961806766368064,0.9965527840484113,M2,100,TS
31,186,0.9961562358257028,0.9964938553992777,M2,100,TS
31,187,0.9961461259271673,0.9964351602503813,M2,100,TS
31,188,0.9961059648658412,0.9963839167760893,M2,100,TS
31,189,0.9960572708541137,0.9963395900508767,M2,100,TS
31,190,0.9960122097441348,0.9962962204251021,M2,100,TS
31,191,0.9959512449869277,0.9962668856209934,M2,100,TS
31,192,0.9959146986428828,0.996209764313132,M2,100,TS
31,193,0.9958371791458136,0.9961323168077149,M2,100,TS
31,194,0.9957720818575309,0.9960739528404018,M2,100,TS
31,195,0.9956880636310182,0.9959912259622289,M2,100,TS
31,196,0.995610149220539,0.9959319547700994,M2,100,TS
31,197,0.9955296818882626,0.9958755265142636,M2,100,TS
31,198,0.9954466616341862,0.9958219411947187,M2,100,TS
31,199,0.9953610884583096,0.9957711988114649,M2,100,TS
31,200,0.9952729623606329,0.995723299364502,M2,100,TS
32,151,0.9976372787513029,0.9975455170828871,M2,100,TS
32,152,0.9975859283782122,0.9975248357727462,M2,100,TS
32,153,0.997537759894991,0.9975003447501296,M2,100,TS
32,154,0.9974927733016392,0.9974720440150373,M2,100,TS
32,155,0.9974509685981569,0.9974399335674692,M2,100,TS
32,156,0.9974123457845467,0.9974040134074281,M2,100,TS
32,157,0.9973910714903576,0.9973709503373522,M2,100,TS
32,158,0.9973645351764251,0.9973268885396546,M2,100,TS
32,159,0.9973236525734257,0.9972813960576601,M2,100,TS
32,160,0.9972787239121719,0.9972307269206205,M2,100,TS
32,161,0.9972344983995737,0.9971777857714429,M2,100,TS
32,162,0.9971726285375544,0.9971007005075477,M2,100,TS
32,163,0.9970815136859652,0.9970301169194637,M2,100,TS
32,164,0.9970228364338789,0.996976995270134,M2,100,TS
32,165,0.9969708889751285,0.9969347489475348,M2,100,TS
32,166,0.9969182256786682,0.9969087052917858,M2,100,TS
32,167,0.9968728833104742,0.996891431597932,M2,100,TS
32,168,0.9968603327414325,0.9968917580255434,M2,100,TS
32,169,0.9968612785135655,0.9968740026216951,M2,100,TS
32,170,0.9968686788578124,0.9968589892470479,M2,100,TS
32,171,0.9969081763848517,0.9968054247584762,M2,100,TS
32,172,0.9969420233445405,0.9967229580997039,M2,100,TS
32,173,0.9969555279992341,0.9966584406023876,M2,100,TS
32,174,0.9969494042176517,0.9965998165873531,M2,100,TS
32,175,0.9969421889585828,0.9965565880740422,M2,100,TS
32,176,0.9968777141211322,0.9965103020915276,M2,100,TS
32,177,0.9968280375656302,0.9964874107825114,M2,100,TS
32,178,0.9967976306524424,0.9964854436129704,M2,100,TS
32,179,0.9967544462986647,0.9964847117286552,M2,100,TS
32,180,0.99670640641245,0.9964941132772884,M2,100,TS
32,181,0.9966986004560046,0.9964877485171622,M2,100,TS
32,182,0.9966953899063733,0.9964812921393557,M2,100,TS
32,183,0.996685822577861,0.9964741279430145,M2,100,TS
32,184,0.9966502949747469,0.9964485608616336,M2,100,TS
32,185,0.9966254627133584,0.9964174036594381,M2,100,TS
32,186,0.9965679863271613,0.9963584414552106,M2,100,TS
32,187,0.9965344708143342,0.9962994753072569,M2,100,TS
32,188,0.9964988250717449,0.9962472933195557,M2,100,TS
32,189,0.996472074794096,0.9962016179616497,M2,100,TS
32,190,0.9964329443745374,0.9961572732579828,M2,100,TS
32,191,0.9964071385563611,0.9961262841125439,M2,100,TS
32,192,0.99638051035617,0.9960680338528454,M2,100,TS
32,193,0.9963321543374705,0.9959889075350415,M2,100,TS
32,194,0.9962579876875047,0.9959298999489794,M2,100,TS
32,195,0.9961316823678599,0.995847256596572,M2,100,TS
32,196,0.9960397422901545,0.9957874565696812,M2,100,TS
32,197,0.9959416583034034,0.9957306010154717,M2,100,TS
32,198,0.9958374304076035,0.9956766899339413,M2,100,TS
32,199,0.9957270586027549,0.9956257233250898,M2,100,TS
32,200,0.9956105428888574,0.9955777011889172,M2,100,TS
33,151,0.9971866038348991,0.9970599813564743,M2,100,TS
33,152,0.9971771882546973,0.9970343152047034,M2,100,TS
33,153,0.9971627874329976,0.9970050479705131,M2,100,TS
33,154,0.9971434013697998,0.9969721796539037,M2,100,TS
33,155,0.9971190300651044,0.9969357102548748,M2,100,TS
33,156,0.9970896735189142,0.9968956397734293,M2,100,TS
33,157,0.9970750525561606,0.9968584818928905,M2,100,TS
33,158,0.9970425841341679,0.9968106609157794,M2,100,TS
33,159,0.9969901285945653,0.9967615561934536,M2,100,TS
33,160,0.9969343104870382,0.9967072501757178,M2,100,TS
33,161,0.9968498712257743,0.9966514440410634,M2,100,TS
33,162,0.9967605827944513,0.9965712202612012,M2,100,TS
33,163,0.9966678050407587,0.9964968240774766,M2,100,TS
33,164,0.996574105338067,0.9964407191402153,M2,100,TS
33,165,0.996518019421148,0.9963946859569814,M2,100,TS
33,166,0.9965124608595439,0.9963635123426722,M2,100,TS
33,167,0.9965141825532565,0.996341078279922,M2,100,TS
33,168,0.9965348749456002,0.996336593530142,M2,100,TS
33,169,0.9965777630163406,0.9963138147065806,M2,100,TS
33,170,0.9966255238746355,0.9962938070821571,M2,100,TS
33,171,0.996656957677011,0.9962365806894532,M2,100,TS
33,172,0.9966550091253424,0.9961512249539792,M2,100,TS
33,173,0.9966137619288136,0.9960842602448218,M2,100,TS
33,174,0.9965502000997162,0.9960232530555472,M2,100,TS
33,175,0.9964746392831506,0.9959778914640973,M2,100,TS
33,176,0.9964297188078007,0.995927213827997,M2,100,TS
33,177,0.9963524304473172,0.9959011097925289,M2,100,TS
33,178,0.9963035782007477,0.995895664920143,M2,100,TS
33,179,0.9962833687753415,0.9958903737787141,M2,100,TS
33,180,0.996263535279786,0.9958950677848524,M2,100,TS
33,181,0.9962624508250876,0.9958845979100933,M2,100,TS
33,182,0.9962451407180266,0.9958745669271608,M2,100,TS
33,183,0.9962085193003893,0.9958641394344606,M2,100,TS
33,184,0.9961343369655,0.9958356334427981,M2,100,TS
33,185,0.9960713222389226,0.9958015252884909,M2,100,TS
33,186,0.9959977556922955,0.9957390937363849,M2,100,TS
33,187,0.9959310026846178,0.9956770961478073,M2,100,TS
33,188,0.9958913374269002,0.9956211149385725,M2,100,TS
33,189,0.9958676527629517,0.995571442673749,M2,100,TS
33,190,0.9958287970002899,0.9955231888416041,M2,100,TS
33,191,0.9958101939978872,0.9954880850607346,M2,100,TS
33,192,0.9957553463743947,0.9954266771871032,M2,100,TS
33,193,0.9956676125809258,0.9953447020208316,M2,100,TS
33,194,0.9955510426928489,0.9952828998021015,M2,100,TS
33,195,0.9954382903886538,0.9951960776584938,M2,100,TS
33,196,0.9953639686455392,0.9951319495087809,M2,100,TS
33,197,0.9952958060850953,0.9950704465312707,M2,100,TS
33,198,0.995233802707319,0.9950115687259607,M2,100,TS
33,199,0.9951779585122102,0.9949553160928507,M2,100,TS
33,200,0.9951282734997692,0.9949016886319406,M2,100,TS
34,151,0.9966019173591216,0.9964561163075932,M2,100,TS
34,152,0.9965375109004615,0.9964253033871369,M2,100,TS
34,153,0.9964763859472371,0.9963906756228492,M2,100,TS
34,154,0.9964185424994484,0.9963522330147301,M2,100,TS
34,155,0.9963639805570954,0.9963099755627794,M2,100,TS
34,156,0.9963127001201811,0.9962639032670003,M2,100,TS
34,157,0.9962666149512827,0.9962209931543958,M2,100,TS
34,158,0.9962313772546405,0.9961666546609182,M2,100,TS
34,159,0.9961944141671855,0.9961105866650767,M2,100,TS
34,160,0.9961536486065649,0.9960493160762514,M2,100,TS
34,161,0.9961014414646291,0.99598613406483,M2,100,TS
34,162,0.9960531997214542,0.9958983917991915,M2,100,TS
34,163,0.9959737831291746,0.995817172585689,M2,100,TS
34,164,0.9958895801595637,0.9957543011961222,M2,100,TS
34,165,0.9958105437270061,0.9957023001899349,M2,100,TS
34,166,0.9957351350167742,0.9956663132813547,M2,100,TS
34,167,0.9956700869728872,0.9956389451626683,M2,100,TS
34,168,0.9956347533603704,0.9956292430479461,M2,100,TS
34,169,0.9956246217533973,0.9956011674599112,M2,100,TS
34,170,0.9956381439208416,0.9955753498792215,M2,100,TS
34,171,0.9956591928566096,0.9955118736486447,M2,100,TS
34,172,0.9956785063282084,0.9954195741535836,M2,100,TS
34,173,0.9956721182871628,0.9953452372330149,M2,100,TS
34,174,0.9956474420670414,0.9952767561958951,M2,100,TS
34,175,0.9956137090233086,0.9952238043565291,M2,100,TS
34,176,0.9955610584346923,0.9951667574691477,M2,100,TS
34,177,0.9955001619276789,0.9951336285713355,M2,100,TS
34,178,0.9954384586761857,0.9951218749318916,M2,100,TS
34,179,0.9953924389841059,0.9951105456491535,M2,100,TS
34,180,0.9953774793924586,0.995108402912002,M2,100,TS
34,181,0.995351102307958,0.9950919829950261,M2,100,TS
34,182,0.9953200941072107,0.9950757037018224,M2,100,TS
34,183,0.9952827946572366,0.9950586594746181,M2,100,TS
34,184,0.9952469365732137,0.9950225756422412,M2,100,TS
34,185,0.9952154748524293,0.9949810604181789,M2,100,TS
34,186,0.9951500523424563,0.9949118659745557,M2,100,TS
34,187,0.9950793958477373,0.994843435198063,M2,100,TS
34,188,0.9949994423017487,0.9947819315138671,M2,100,TS
34,189,0.9949363986368576,0.9947266725676019,M2,100,TS
34,190,0.9948937771697592,0.9946719602560424,M2,100,TS
34,191,0.9948373823582575,0.9946312274375402,M2,100,TS
34,192,0.9947845605225776,0.9945632496847512,M2,100,TS
34,193,0.9947197686923281,0.994474204155569,M2,100,TS
34,194,0.9946657853548242,0.994404260080666,M2,100,TS
34,195,0.9946061635654042,0.9943096283515156,M2,100,TS
34,196,0.9945227695739276,0.9942392117401623,M2,100,TS
34,197,0.9944266437355376,0.9941718977591133,M2,100,TS
34,198,0.9943177860502315,0.9941076864083662,M2,100,TS
34,199,0.9941961965180095,0.9940465776879207,M2,100,TS
34,200,0.9940618751388715,0.993988571597777,M2,100,TS
35,151,0.9708355022098698,0.9716547269390526,M2,100,TS
35,152,0.9706232971273814,0.9714364042795829,M2,100,TS
35,153,0.9704123482237726,0.9712142747327341,M2,100,TS
35,154,0.9702026554990436,0.9709883382985066,M2,100,TS
35,155,0.9699942189531942,0.9707585949769,M2,100,TS
35,156,0.9697870385862275,0.9705250447679175,M2,100,TS
35,157,0.9696018384489045,0.9702952061569685,M2,100,TS
35,158,0.9694066902960077,0.9700521348380923,M2,100,TS
35,159,0.9691907774375861,0.9698088338081129,M2,100,TS
35,160,0.9689591770683395,0.9695604572048604,M2,100,TS
35,161,0.9687235971385736,0.969310185422659,M2,100,TS
35,162,0.9684909954576939,0.969036095395456,M2,100,TS
35,163,0.9682610436433141,0.9687678165779593,M2,100,TS
35,164,0.9680052315499246,0.9685179626827832,M2,100,TS
35,165,0.9677421144430958,0.9682783539240611,M2,100,TS
35,166,0.9674688810330241,0.9680545480439762,M2,100,TS
35,167,0.9672224793203906,0.9678388287217047,M2,100,TS
35,168,0.9669587291419212,0.9676419316731341,M2,100,TS
35,169,0.9667118424950825,0.9674260292016047,M2,100,TS
35,170,0.9664732953879875,0.9672118956680097,M2,100,TS
35,171,0.9662483939751392,0.9669628195516577,M2,100,TS
35,172,0.9660367604950058,0.9666865257298848,M2,100,TS
35,173,0.9658361031352474,0.9664260554826932,M2,100,TS
35,174,0.9657179820200885,0.9661692257662935,M2,100,TS
35,175,0.965398903063109,0.9659327708590143,M2,100,TS
35,176,0.9651107695513601,0.965688694947859,M2,100,TS
35,177,0.9648586894584708,0.9654674828837526,M2,100,TS
35,178,0.9646059517150842,0.9652678619777403,M2,100,TS
35,179,0.9643882166997789,0.9650662618765511,M2,100,TS
35,180,0.9641961006035364,0.9648742914283399,M2,100,TS
35,181,0.9640272715349796,0.9646695723963786,M2,100,TS
35,182,0.9638750604309148,0.9644646124776874,M2,100,TS
35,183,0.9637616535848109,0.9642572988841603,M2,100,TS
35,184,0.9636730702771008,0.9640305821642648,M2,100,TS
35,185,0.9633928104139688,0.9638033892581211,M2,100,TS
35,186,0.9632178864531746,0.9635440251211391,M2,100,TS
35,187,0.9630336907275205,0.9632867027676274,M2,100,TS
35,188,0.9628495860100664,0.9630361321476794,M2,100,TS
35,189,0.9626592852063421,0.9627913750049835,M2,100,TS
35,190,0.9624863981906412,0.9625482753387351,M2,100,TS
35,191,0.9622996622069035,0.9623187723496557,M2,100,TS
35,192,0.962078092225616,0.9620639523501754,M2,100,TS
35,193,0.9618665865112527,0.9617878538728555,M2,100,TS
35,194,0.9616412548576915,0.9615302251743689,M2,100,TS
35,195,0.9614358471356016,0.9612485436367835,M2,100,TS
35,196,0.961201517627503,0.9609903736319126,M2,100,TS
35,197,0.9609579285332599,0.9607351177929667,M2,100,TS
35,198,0.9607050798528697,0.9604827761199431,M2,100,TS
35,199,0.9604429715863324,0.9602333486128419,M2,100,TS
35,200,0.960171603733648,0.9599868352716632,M2,100,TS
36,151,0.997249712584255,0.9972109037099693,M2,100,TS
36,152,0.9972154172762042,0.9971893528990734,M2,100,TS
36,153,0.9971789995152929,0.9971641291360936,M2,100,TS
36,154,0.997140459301521,0.9971352324210303,M2,100,TS
36,155,0.9970997966348885,0.9971026627538832,M2,100,TS
36,156,0.9970570115153978,0.9970664201346552,M2,100,TS
36,157,0.9970046579680047,0.9970337052726607,M2,100,TS
36,158,0.9969686482206144,0.9969894829979097,M2,100,TS
36,159,0.9969200563535524,0.9969437657683701,M2,100,TS
36,160,0.9968715066573071,0.9968927702176237,M2,100,TS
36,161,0.9968318000074382,0.9968392911276726,M2,100,TS
36,162,0.9967904456524606,0.9967612469038586,M2,100,TS
36,163,0.9967450065973904,0.9966890555726697,M2,100,TS
36,164,0.9967075419568214,0.9966349611655915,M2,100,TS
36,165,0.9966555579475133,0.9965923042824385,M2,100,TS
36,166,0.9966267509321522,0.9965652468964169,M2,100,TS
36,167,0.9966098276094819,0.99654684280272,M2,100,TS
36,168,0.9966018768888933,0.9965466504937229,M2,100,TS
36,169,0.9966004306907286,0.996528572106597,M2,100,TS
36,170,0.9966146833399203,0.9965130149499842,M2,100,TS
36,171,0.9966077477621891,0.996460222691425,M2,100,TS
36,172,0.9965977539307403,0.9963784269827143,M2,100,TS
36,173,0.9965661319046721,0.9963146336549261,M2,100,TS
36,174,0.9965214777919699,0.9962565566214348,M2,100,TS
36,175,0.9964777629581296,0.9962138246687895,M2,100,TS
36,176,0.996440912402908,0.9961664333783186,M2,100,TS
36,177,0.9964186146922284,0.9961424397230114,M2,100,TS
36,178,0.9963857116732568,0.9961401304435717,M2,100,TS
36,179,0.9963546063483819,0.9961387177221457,M2,100,TS
36,180,0.9963288634558722,0.9961471697640761,M2,100,TS
36,181,0.9962965688704892,0.9961410115120722,M2,100,TS
36,182,0.9962635886832707,0.9961348936085733,M2,100,TS
36,183,0.9962031674673537,0.9961286150491504,M2,100,TS
36,184,0.9961471767957017,0.9961031511236792,M2,100,TS
36,185,0.9960972067689576,0.9960722199831372,M2,100,TS
36,186,0.9960463413731708,0.9960126888514415,M2,100,TS
36,187,0.9960026784920379,0.9959535611661142,M2,100,TS
36,188,0.9959544592063156,0.9959012776180572,M2,100,TS
36,189,0.9959250300627196,0.9958552657958634,M2,100,TS
36,190,0.9958922274711572,0.9958103347263065,M2,100,TS
36,191,0.9958293886066625,0.9957798768236573,M2,100,TS
36,192,0.995765335483495,0.9957221526821323,M2,100,TS
36,193,0.9957003148226707,0.9956430144695757,M2,100,TS
36,194,0.995627391698584,0.9955835588075865,M2,100,TS
36,195,0.9955403124399587,0.9954994713089975,M2,100,TS
36,196,0.9954805586967708,0.9954384216275272,M2,100,TS
36,197,0.9954264714940575,0.9953800154175176,M2,100,TS
36,198,0.9953780508318164,0.9953242526789664,M2,100,TS
36,199,0.9953352967100472,0.9952711334118735,M2,100,TS
36,200,0.99529820912875,0.9952206576162386,M2,100,TS
37,151,0.9965019333152146,0.99647512199216,M2,100,TS
37,152,0.9964694571575795,0.9964466619888037,M2,100,TS
37,153,0.9964398339062805,0.996414397180588,M2,100,TS
37,154,0.9964130635613178,0.9963783275675129,M2,100,TS
37,155,0.996389146122691,0.9963384531495783,M2,100,TS
37,156,0.9963680815904032,0.9962947739267871,M2,100,TS
37,157,0.9963490586328874,0.9962542841196937,M2,100,TS
37,158,0.9963269375888311,0.9962028148767587,M2,100,TS
37,159,0.9963303170404907,0.9961488980348765,M2,100,TS
37,160,0.9963080238439647,0.9960903263917912,M2,100,TS
37,161,0.9962673245878804,0.9960300667090614,M2,100,TS
37,162,0.9962214526435222,0.9959455990748696,M2,100,TS
37,163,0.9961879055001555,0.9958665008318407,M2,100,TS
37,164,0.9961306701770047,0.9958061823857038,M2,100,TS
37,165,0.9960900900021823,0.995756434733701,M2,100,TS
37,166,0.9960432487407358,0.9957228965885263,M2,100,TS
37,167,0.9959854509066499,0.995698447864402,M2,100,TS
37,168,0.9959160561365994,0.9956927133861491,M2,100,TS
37,169,0.9958569802074928,0.995669035157724,M2,100,TS
37,170,0.9957662455489219,0.9956490272596882,M2,100,TS
37,171,0.9956880683713041,0.9955913853321827,M2,100,TS
37,172,0.9956080782198464,0.995505025648118,M2,100,TS
37,173,0.9955606775176998,0.9954350531371149,M2,100,TS
37,174,0.9955120785466457,0.9953704758090782,M2,100,TS
37,175,0.9954808803524499,0.9953206794284177,M2,100,TS
37,176,0.9954506177027564,0.995266323508124,M2,100,TS
37,177,0.9954183536983681,0.9952356469254285,M2,100,TS
37,178,0.9953932966323247,0.9952260600672245,M2,100,TS
37,179,0.9953923610878223,0.995216680189762,M2,100,TS
37,180,0.9953868675599784,0.9952173568653884,M2,100,TS
37,181,0.9953917461635877,0.9952032651676765,M2,100,TS
37,182,0.9953901312199135,0.9951893490958111,M2,100,TS
37,183,0.9953922860863642,0.9951743681856432,M2,100,TS
37,184,0.9953880099067464,0.99514061026259,M2,100,TS
37,185,0.9953666373421521,0.9951019763992967,M2,100,TS
37,186,0.9953484354532294,0.9950348531094216,M2,100,TS
37,187,0.9953073394789067,0.9949689126188551,M2,100,TS
37,188,0.995273999357108,0.99490941392378,M2,100,TS
37,189,0.9952529182455478,0.994856265170467,M2,100,TS
37,190,0.9952391298196135,0.9948040137364004,M2,100,TS
37,191,0.9952192158360047,0.9947654862670329,M2,100,TS
37,192,0.9951923431644915,0.9947000819848933,M2,100,TS
37,193,0.9951508934552221,0.9946137239837393,M2,100,TS
37,194,0.9951104389407375,0.9945466927452646,M2,100,TS
37,195,0.9950618088287271,0.9944551322962796,M2,100,TS
37,196,0.9950154554714992,0.9943870282874484,M2,100,TS
37,197,0.9949659312192999,0.9943217748649003,M2,100,TS
37,198,0.9949132360721268,0.9942593720286325,M2,100,TS
37,199,0.9948573700299796,0.9941998197786449,M2,100,TS
37,200,0.9947983330928587,0.9941431181149377,M2,100,TS
38,151,0.9957616051958313,0.9953487193368615,M2,100,TS
38,152,0.9957314885866928,0.9953104096006896,M2,100,TS
38,153,0.9956977925023123,0.995268458450889,M2,100,TS
38,154,0.9956605169426898,0.9952228658874595,M2,100,TS
38,155,0.9956196619078251,0.9951736319104012,M2,100,TS
38,156,0.9955752273977213,0.995120756519717,M2,100,TS
38,157,0.995517725820833,0.9950715017801298,M2,100,TS
38,158,0.9954758179475978,0.9950106875971976,M2,100,TS
38,159,0.9954175219782051,0.9949485418607512,M2,100,TS
38,160,0.9953551016070327,0.9948811823453423,M2,100,TS
38,161,0.9952977811612724,0.994811536620285,M2,100,TS
38,162,0.995246280565976,0.9947174208347175,M2,100,TS
38,163,0.9951586356592749,0.9946299266883394,M2,100,TS
38,164,0.9951154528594421,0.9945594493290085,M2,100,TS
38,165,0.9950728276894184,0.9944999179230685,M2,100,TS
38,166,0.995010355410051,0.9944569260817134,M2,100,TS
38,167,0.9949492371241941,0.994422709829669,M2,100,TS
38,168,0.99489873483081,0.9944066362879347,M2,100,TS
38,169,0.9948311133460985,0.9943732857590766,M2,100,TS
38,170,0.9947797067112059,0.9943423429917687,M2,100,TS
38,171,0.9947423196694258,0.9942738323058844,M2,100,TS
38,172,0.9947108050433706,0.9941764788693083,M2,100,TS
38,173,0.9946636353875244,0.9940967084176379,M2,100,TS
38,174,0.994657435315007,0.9940212696190077,M2,100,TS
38,175,0.9946163200821012,0.9939619521551543,M2,100,TS
38,176,0.9945635421509662,0.9938983055733529,M2,100,TS
38,177,0.9945123286934071,0.9938582565821255,M2,100,TS
38,178,0.994482655603657,0.993838944427041,M2,100,TS
38,179,0.9944475380670142,0.9938205220097932,M2,100,TS
38,180,0.9944229988510738,0.9938117837792726,M2,100,TS
38,181,0.9944114191621523,0.9937883028267114,M2,100,TS
38,182,0.9944013437157788,0.9937648002159326,M2,100,TS
38,183,0.9943943144262715,0.9937402381874663,M2,100,TS
38,184,0.9943870807893128,0.9936967447921327,M2,100,TS
38,185,0.9943619197701409,0.993648390163519,M2,100,TS
38,186,0.9943227201029492,0.993571941893367,M2,100,TS
38,187,0.994280183636803,0.9934962242143074,M2,100,TS
38,188,0.9942522730164449,0.9934267784481859,M2,100,TS
38,189,0.9942057797002883,0.9933644336152737,M2,100,TS
38,190,0.9941749225780376,0.9933028126184917,M2,100,TS
38,191,0.994129637167771,0.9932551173146521,M2,100,TS
38,192,0.9940975782722441,0.9931800573333168,M2,100,TS
38,193,0.9940748424827945,0.9930834416970657,M2,100,TS
38,194,0.9940430654684789,0.9930063611155908,M2,100,TS
38,195,0.9940006965541017,0.9929048582907135,M2,100,TS
38,196,0.9939635377769642,0.9928267095165352,M2,100,TS
38,197,0.9939239104037666,0.9927513896598664,M2,100,TS
38,198,0.9938818144345062,0.9926788987207046,M2,100,TS
38,199,0.9938372498691831,0.9926092366990497,M2,100,TS
38,200,0.9937902167077972,0.9925424035949016,M2,100,TS
39,151,0.9963574403415492,0.9965255731595586,M2,100,TS
39,152,0.996353290468323,0.9965024339817316,M2,100,TS
39,153,0.9963444413085677,0.9964756830961916,M2,100,TS
39,154,0.9963308928622834,0.9964453205029385,M2,100,TS
39,155,0.9963126451294702,0.9964113462019726,M2,100,TS
39,156,0.9962896981101308,0.9963737601932965,M2,100,TS
39,157,0.9962768814564616,0.9963390895647751,M2,100,TS
39,158,0.9962295965129782,0.996294363194892,M2,100,TS
39,159,0.9961887871727668,0.996247647068533,M2,100,TS
39,160,0.9961388330502872,0.9961958395905943,M2,100,TS
39,161,0.9960731172070513,0.9961423223665922,M2,100,TS
39,162,0.9960101213009693,0.996064516313692,M2,100,TS
39,163,0.9959407775621505,0.9959925156936175,M2,100,TS
39,164,0.995878287487367,0.9959384583320724,M2,100,TS
39,165,0.9958217094252739,0.9958952503489895,M2,100,TS
39,166,0.9957802971131517,0.9958676444170012,M2,100,TS
39,167,0.9957491206649087,0.9958485031171082,M2,100,TS
39,168,0.9956819899380198,0.9958486882690613,M2,100,TS
39,169,0.9956358415834612,0.9958307164654313,M2,100,TS
39,170,0.9955743813304425,0.9958159965213723,M2,100,TS
39,171,0.9955257329178193,0.995763777467042,M2,100,TS
39,172,0.9954619622934731,0.9956832763966207,M2,100,TS
39,173,0.9953932725035084,0.9956200477341423,M2,100,TS
39,174,0.9953317442083038,0.9955619718957776,M2,100,TS
39,175,0.9952782396401894,0.9955188435255572,M2,100,TS
39,176,0.9952585564141607,0.995470380805207,M2,100,TS
39,177,0.9952490913304128,0.9954451979494792,M2,100,TS
39,178,0.9952389070998324,0.9954412192923228,M2,100,TS
39,179,0.9952445850123981,0.9954376757001866,M2,100,TS
39,180,0.995240531360887,0.9954442714233287,M2,100,TS
39,181,0.9952654081091292,0.9954356749911032,M2,100,TS
39,182,0.9952754394088805,0.9954274527785959,M2,100,TS
39,183,0.9952528450274649,0.9954190570887044,M2,100,TS
39,184,0.9952040294629767,0.9953924552805428,M2,100,TS
39,185,0.9951497904330678,0.9953606841340499,M2,100,TS
39,186,0.9951076198115687,0.9953003571364882,M2,100,TS
39,187,0.9950651776776813,0.9952405856908892,M2,100,TS
39,188,0.9950292632179354,0.995187235118898,M2,100,TS
39,189,0.9949990144187859,0.9951403976383318,M2,100,TS
39,190,0.994984468705969,0.9950942479890468,M2,100,TS
39,191,0.9949674942590508,0.9950616663797017,M2,100,TS
39,192,0.9949598776911504,0.9950018878240912,M2,100,TS
39,193,0.9949086887452074,0.9949219465701717,M2,100,TS
39,194,0.9948566434741339,0.9948613620352311,M2,100,TS
39,195,0.994799861941839,0.9947762497347303,M2,100,TS
39,196,0.9947478343048466,0.994714439441955,M2,100,TS
39,197,0.9946936752627935,0.9946554464093373,M2,100,TS
39,198,0.9946373848156764,0.9945992706368743,M2,100,TS
39,199,0.9945789629634956,0.994545912124566,M2,100,TS
39,200,0.9945184097062508,0.9944953708724124,M2,100,TS
40,151,0.9953831006663316,0.9951494684385342,M2,100,TS
40,152,0.9953330774859964,0.9951134561735718,M2,100,TS
40,153,0.9952835404600852,0.9950736983698605,M2,100,TS
40,154,0.9952344895885978,0.9950301950274002,M2,100,TS
40,155,0.9951859248715346,0.9949829461461909,M2,100,TS
40,156,0.9951378463088982,0.9949319517262356,M2,100,TS
40,157,0.9950805073396478,0.9948844640312581,M2,100,TS
40,158,0.9950541152203669,0.9948250555800687,M2,100,TS
40,159,0.9950151151740124,0.9947642080548051,M2,100,TS
40,160,0.9949616579676177,0.994698410793672,M2,100,TS
40,161,0.9948982699801885,0.9946307190290635,M2,100,TS
40,162,0.9948320701212855,0.9945387937423823,M2,100,TS
40,163,0.9947711537851458,0.9944524199235406,M2,100,TS
40,164,0.9947117690991782,0.9943841582118629,M2,100,TS
40,165,0.9946437156116984,0.9943270850241661,M2,100,TS
40,166,0.9946040810590954,0.994285307588115,M2,100,TS
40,167,0.9945404469175276,0.9942529435836913,M2,100,TS
40,168,0.994489273450111,0.9942386735174756,M2,100,TS
40,169,0.9944087959918204,0.9942074532185116,M2,100,TS
40,170,0.9943606159345549,0.9941782334370868,M2,100,TS
40,171,0.9943027934482462,0.9941120584782687,M2,100,TS
40,172,0.9942370243590861,0.9940173987288113,M2,100,TS
40,173,0.9941864603429431,0.993939525162161,M2,100,TS
40,174,0.9941424189719154,0.9938668599178594,M2,100,TS
40,175,0.994084045935502,0.9938097773006709,M2,100,TS
40,176,0.9940442907234149,0.9937476125806006,M2,100,TS
40,177,0.99398300185936,0.9937096236289038,M2,100,TS
40,178,0.9939455653313475,0.9936922969028658,M2,100,TS
40,179,0.993897883736213,0.9936759963977636,M2,100,TS
40,180,0.9938809764633703,0.9936688524321712,M2,100,TS
40,181,0.993867412710985,0.9936472066561489,M2,100,TS
40,182,0.9938378210274617,0.9936259854318852,M2,100,TS
40,183,0.9938169330905469,0.9936035554131981,M2,100,TS
40,184,0.9937849614041945,0.9935624817260799,M2,100,TS
40,185,0.9937531358718621,0.9935160851332275,M2,100,TS
40,186,0.9937016437227479,0.9934417698678728,M2,100,TS
40,187,0.9936343383680255,0.9933684909829638,M2,100,TS
40,188,0.9935834721537211,0.9933014287814198,M2,100,TS
40,189,0.9935213380139362,0.9932412848427324,M2,100,TS
40,190,0.9934801304924306,0.9931817240633292,M2,100,TS
40,191,0.993460688711081,0.9931351532886895,M2,100,TS
40,192,0.9934348858232696,0.993061730421984,M2,100,TS
40,193,0.9934229719629553,0.9929666403153047,M2,100,TS
40,194,0.9934009596290998,0.9928911169506595,M2,100,TS
40,195,0.9933829130142435,0.9927908047593298,M2,100,TS
40,196,0.9933333345816867,0.9927147793676321,M2,100,TS
40,197,0.9932680833832516,0.9926419210828374,M2,100,TS
40,198,0.9931871594189354,0.9925722299049431,M2,100,TS
40,199,0.9930905626887382,0.9925057058339489,M2,100,TS
40,200,0.99297829319266,0.992442348869855,M2,100,TS
41,151,0.951598607292844,0.951368919587707,M2,100,TS
41,152,0.9515839731665083,0.9513406981349187,M2,100,TS
41,153,0.9515642639722455,0.9513086790416351,M2,100,TS
41,154,0.9515394797100556,0.951272862307856,M2,100,TS
41,155,0.9515096203799385,0.9512332479335815,M2,100,TS
41,156,0.951474685981897,0.9511898359188145,M2,100,TS
41,157,0.9514467482045401,0.9511507315337938,M2,100,TS
41,158,0.9513977172622143,0.9510965535615079,M2,100,TS
41,159,0.9513393239905696,0.9510436647655345,M2,100,TS
41,160,0.9512718178510781,0.9509844123059104,M2,100,TS
41,161,0.9512134525564208,0.9509255733845909,M2,100,TS
41,162,0.9511601214239438,0.9508503743329235,M2,100,TS
41,163,0.9511114946643091,0.9507795683806504,M2,100,TS
41,164,0.9510459066440382,0.9507231450251977,M2,100,TS
41,165,0.950970647487851,0.9506741804305265,M2,100,TS
41,166,0.9508948783874822,0.9506364743515004,M2,100,TS
41,167,0.9508373543099728,0.9506032604908756,M2,100,TS
41,168,0.9507653222569077,0.9505880676821634,M2,100,TS
41,169,0.9506997511923869,0.9505541424903472,M2,100,TS
41,170,0.9506518323353155,0.9505190585635822,M2,100,TS
41,171,0.9506133336690601,0.9504642512229864,M2,100,TS
41,172,0.9505766312525721,0.9503928612492333,M2,100,TS
41,173,0.950528812222479,0.9503308232424118,M2,100,TS
41,174,0.9504990071931514,0.9502741702389546,M2,100,TS
41,175,0.9504861710545475,0.950228484150571,M2,100,TS
41,176,0.9504689781359765,0.9501720811170461,M2,100,TS
41,177,0.9504820488997714,0.9501352713516011,M2,100,TS
41,178,0.9504747038808106,0.9501173820612443,M2,100,TS
41,179,0.9504855617072812,0.9500927564873458,M2,100,TS
41,180,0.9504894859036759,0.9500774297793375,M2,100,TS
41,181,0.9504787474032959,0.9500601478547792,M2,100,TS
41,182,0.9504419826744268,0.9500435918847916,M2,100,TS
41,183,0.9503949639557345,0.9500228826565628,M2,100,TS
41,184,0.9503490039116838,0.9499869266561832,M2,100,TS
41,185,0.9503129665844903,0.949945016576652,M2,100,TS
41,186,0.9502840169727509,0.9498777877761625,M2,100,TS
41,187,0.9502640236001179,0.94981374675708,M2,100,TS
41,188,0.9502380497225067,0.9497545414254686,M2,100,TS
41,189,0.9502292473568318,0.949697085860746,M2,100,TS
41,190,0.950223016966488,0.9496451758199688,M2,100,TS
41,191,0.9501915820656899,0.9496032721694644,M2,100,TS
41,192,0.950149381323365,0.9495425761800408,M2,100,TS
41,193,0.9501026633572887,0.9494642027584145,M2,100,TS
41,194,0.9500487101607329,0.9493993791663108,M2,100,TS
41,195,0.9499903168890882,0.9493190858723412,M2,100,TS
41,196,0.9499352707248835,0.9492548686106603,M2,100,TS
41,197,0.9498770387872002,0.9491927925707293,M2,100,TS
41,198,0.9498156210760353,0.9491328577525457,M2,100,TS
41,199,0.9497510175913891,0.9490750641561094,M2,100,TS
41,200,0.9496832283332616,0.9490194117814205,M2,100,TS
42,151,0.99757989857869,0.997377095241937,M2,100,TS
42,152,0.9975462598566585,0.9973597559682715,M2,100,TS
42,153,0.9975156454538209,0.9973386087188203,M2,100,TS
42,154,0.9974880553701774,0.9973136534935833,M2,100,TS
42,155,0.9974634896057281,0.9972848902925605,M2,100,TS
42,156,0.9974419481604756,0.9972523191157546,M2,100,TS
42,157,0.9974312305921538,0.9972226689257003,M2,100,TS
42,158,0.9974194423318247,0.9971820833073022,M2,100,TS
42,159,0.9974001624871094,0.9971398582528292,M2,100,TS
42,160,0.9973858136495678,0.9970921975772321,M2,100,TS
42,161,0.9973546936071599,0.9970428071535412,M2,100,TS
42,162,0.9973143402315453,0.9969693065653771,M2,100,TS
42,163,0.9972663005607596,0.996901677254096,M2,100,TS
42,164,0.9972202464618987,0.9968521776045961,M2,100,TS
42,165,0.9971659158507991,0.9968139208014482,M2,100,TS
42,166,0.9971147069142859,0.9967916435017292,M2,100,TS
42,167,0.9970557866918204,0.9967783637956711,M2,100,TS
42,168,0.9969984693563547,0.9967834604645581,M2,100,TS
42,169,0.9969491497229295,0.9967707093275884,M2,100,TS
42,170,0.9969111539559186,0.9967605555742628,M2,100,TS
42,171,0.9968719019131828,0.9967130459714392,M2,100,TS
42,172,0.9968279965869158,0.9966368381494257,M2,100,TS
42,173,0.9967884559549807,0.9965777702109342,M2,100,TS
42,174,0.9967488281812765,0.996524051286317,M2,100,TS
42,175,0.9967198775560213,0.9964852804868217,M2,100,TS
42,176,0.996718326606385,0.9964413558231566,M2,100,TS
42,177,0.996699766930802,0.9964214800481346,M2,100,TS
42,178,0.9967114658762508,0.9964220823235574,M2,100,TS
42,179,0.996727276783171,0.9964234704619177,M2,100,TS
42,180,0.996748604350798,0.9964346389467926,M2,100,TS
42,181,0.9967731807200313,0.9964311478423167,M2,100,TS
42,182,0.9967871436129807,0.9964279301336164,M2,100,TS
42,183,0.9967864336574725,0.9964241283122869,M2,100,TS
42,184,0.9967584911386154,0.9964020841745903,M2,100,TS
42,185,0.9967211147083654,0.9963749737433237,M2,100,TS
42,186,0.9966927043186147,0.9963192777802111,M2,100,TS
42,187,0.9966372730265697,0.9962648246134622,M2,100,TS
42,188,0.9966047956587549,0.9962164132664612,M2,100,TS
42,189,0.9965681548267282,0.9961748067230869,M2,100,TS
42,190,0.9965445048549029,0.9961339172836033,M2,100,TS
42,191,0.9965261181589904,0.9961064639508507,M2,100,TS
42,192,0.9965048470922608,0.9960520122729564,M2,100,TS
42,193,0.9964705106276074,0.9959765628313265,M2,100,TS
42,194,0.9964201763684499,0.9959209166668473,M2,100,TS
42,195,0.9963742570024985,0.9958403876020748,M2,100,TS
42,196,0.9963463869351741,0.9957829256034602,M2,100,TS
42,197,0.9963246435209412,0.9957280782014044,M2,100,TS
42,198,0.9963090267597973,0.9956758453959046,M2,100,TS
42,199,0.9962995366517422,0.9956262271869608,M2,100,TS
42,200,0.9962961731967761,0.9955792235745731,M2,100,TS
43,151,0.9961857864162412,0.9963299151023441,M2,100,TS
43,152,0.9961559166349873,0.9963004238004304,M2,100,TS
43,153,0.9961297575769555,0.9962671051590913,M2,100,TS
43,154,0.996107309242146,0.9962299591783271,M2,100,TS
43,155,0.9960885716305586,0.9961889858581376,M2,100,TS
43,156,0.9960735447421964,0.9961441851985255,M2,100,TS
43,157,0.9960720122593936,0.9961022756000409,M2,100,TS
43,158,0.9960836243690672,0.9960489726246493,M2,100,TS
43,159,0.9960619811807265,0.9959947324726325,M2,100,TS
43,160,0.9960218597479154,0.9959356484209849,M2,100,TS
43,161,0.9959999472167995,0.9958739493217504,M2,100,TS
43,162,0.9959715343250259,0.9957881098429181,M2,100,TS
43,163,0.9959399074978158,0.9957080305753222,M2,100,TS
43,164,0.9959169960707778,0.9956458836862164,M2,100,TS
43,165,0.9958850648751474,0.9955949572912332,M2,100,TS
43,166,0.9958847806797252,0.9955592498613607,M2,100,TS
43,167,0.9958628838879813,0.9955328865019797,M2,100,TS
43,168,0.9958277374268263,0.9955252765697461,M2,100,TS
43,169,0.9957771734748619,0.9955003876631199,M2,100,TS
43,170,0.9957192871679925,0.9954785363490858,M2,100,TS
43,171,0.9956503981533334,0.995419714608001,M2,100,TS
43,172,0.9955854614945099,0.9953320676680829,M2,100,TS
43,173,0.9955199593266988,0.9952616297799011,M2,100,TS
43,174,0.9954604177255886,0.995196401424163,M2,100,TS
43,175,0.9954052343787674,0.9951462707971752,M2,100,TS
43,176,0.995368076381528,0.9950911348490293,M2,100,TS
43,177,0.9953215035796257,0.995059850628295,M2,100,TS
43,178,0.9952932228099052,0.995049354732603,M2,100,TS
43,179,0.9952489286700497,0.9950400798458674,M2,100,TS
43,180,0.9952053476789253,0.9950407186534423,M2,100,TS
43,181,0.9951469953979706,0.9950272693772007,M2,100,TS
43,182,0.9951061047310605,0.9950133796984387,M2,100,TS
43,183,0.9950762172153027,0.9949982265680447,M2,100,TS
43,184,0.9950533306165699,0.9949639682072523,M2,100,TS
43,185,0.9950525647076903,0.9949238277958469,M2,100,TS
43,186,0.9950560003244237,0.9948551979039688,M2,100,TS
43,187,0.9950740932868009,0.9947867891276221,M2,100,TS
43,188,0.9950981344017258,0.9947248577725369,M2,100,TS
43,189,0.9951011268775474,0.9946701191070211,M2,100,TS
43,190,0.9950947621858435,0.9946167164556876,M2,100,TS
43,191,0.99505873542826,0.9945776242647987,M2,100,TS
43,192,0.9949972678600455,0.9945121598427585,M2,100,TS
43,193,0.9949470827614169,0.9944250924929224,M2,100,TS
43,194,0.9948946471542659,0.9943574186555367,M2,100,TS
43,195,0.9948385642247435,0.9942651318880149,M2,100,TS
43,196,0.9947986592858833,0.9941959168226735,M2,100,TS
43,197,0.994763690081093,0.9941293419479058,M2,100,TS
43,198,0.9947336566103695,0.9940654072637091,M2,100,TS
43,199,0.9947085588737128,0.9940041127700834,M2,100,TS
43,200,0.9946883968711228,0.9939454584670285,M2,100,TS
44,151,0.9962427088751841,0.9959603923152243,M2,100,TS
44,152,0.9961858589253386,0.9959248785535214,M2,100,TS
44,153,0.9961293832212732,0.9958856239201462,M2,100,TS
44,154,0.996073281762988,0.9958426284150987,M2,100,TS
44,155,0.9960175545504829,0.995795892038379,M2,100,TS
44,156,0.9959622015837608,0.9957454147899899,M2,100,TS
44,157,0.9959125864095986,0.9956981048332496,M2,100,TS
44,158,0.9958552354349282,0.9956398004214929,M2,100,TS
44,159,0.995797343469139,0.9955797531131545,M2,100,TS
44,160,0.9957376192766441,0.9955144507366515,M2,100,TS
44,161,0.9956665686714639,0.9954472341578475,M2,100,TS
44,162,0.9956093899199685,0.9953552069230872,M2,100,TS
44,163,0.9955531906056148,0.9952688832507836,M2,100,TS
44,164,0.9955034338841608,0.9952006154843819,M2,100,TS
44,165,0.9954518913880535,0.9951433817772946,M2,100,TS
44,166,0.9954131102786443,0.9951019229444246,M2,100,TS
44,167,0.995385857385412,0.9950690565010687,M2,100,TS
44,168,0.9953763892739336,0.9950541616507216,M2,100,TS
44,169,0.9953651399891841,0.9950215690646295,M2,100,TS
44,170,0.9953478596066022,0.9949919822576208,M2,100,TS
44,171,0.9953309361598375,0.9949249555637717,M2,100,TS
44,172,0.9953092870932017,0.994829206705634,M2,100,TS
44,173,0.9952758056809142,0.9947510514183032,M2,100,TS
44,174,0.9952331718996363,0.9946785255217958,M2,100,TS
44,175,0.9951844395335816,0.9946214548840002,M2,100,TS
44,176,0.9951491576660394,0.9945594216183824,M2,100,TS
44,177,0.9951101624827853,0.9945211966658486,M2,100,TS
44,178,0.9950793058305683,0.9945041262178336,M2,100,TS
44,179,0.9950360188720825,0.9944881714638241,M2,100,TS
44,180,0.9949861812977638,0.9944823752675672,M2,100,TS
44,181,0.9949342145980088,0.9944620971859586,M2,100,TS
44,182,0.9948654920732817,0.9944422740468649,M2,100,TS
44,183,0.9947901496928699,0.9944216907681871,M2,100,TS
44,184,0.9947252875089825,0.9943818361307419,M2,100,TS
44,185,0.9946775851952772,0.9943362202370899,M2,100,TS
44,186,0.9946480186830797,0.9942615666422213,M2,100,TS
44,187,0.9945986721420124,0.9941880700730474,M2,100,TS
44,188,0.9945455206958094,0.9941213639323149,M2,100,TS
44,189,0.99449147132267,0.9940613439929422,M2,100,TS
44,190,0.9944392747729012,0.9940023620783294,M2,100,TS
44,191,0.9943550433978711,0.9939578254704813,M2,100,TS
44,192,0.994273154564782,0.9938860836534709,M2,100,TS
44,193,0.9941879157060884,0.9937930557059049,M2,100,TS
44,194,0.9941132026195177,0.9937191182523148,M2,100,TS
44,195,0.9940381672170556,0.9936203710871941,M2,100,TS
44,196,0.9939814603921158,0.993544752297762,M2,100,TS
44,197,0.993932681530186,0.9934717052832593,M2,100,TS
44,198,0.9938918306312635,0.9934012300436835,M2,100,TS
44,199,0.9938589076953485,0.9933333265790344,M2,100,TS
44,200,0.9938339127224406,0.993267994889312,M2,100,TS
45,151,0.9982382814186662,0.9982542635869395,M2,100,TS
45,152,0.9982087870356328,0.9982407570985243,M2,100,TS
45,153,0.9981780121173869,0.9982235545229186,M2,100,TS
45,154,0.9981459566639287,0.9982026558601224,M2,100,TS
45,155,0.9981126206752581,0.9981780611101353,M2,100,TS
45,156,0.9980780041513775,0.9981497702729607,M2,100,TS
45,157,0.9980459607188191,0.9981246325728432,M2,100,TS
45,158,0.9980092430565204,0.9980886285786582,M2,100,TS
45,159,0.9979662588371747,0.9980509499943985,M2,100,TS
45,160,0.9979348871607934,0.9980076772697295,M2,100,TS
45,161,0.9978928588681654,0.9979624826859156,M2,100,TS
45,162,0.9978450154651581,0.9978929951683122,M2,100,TS
45,163,0.9977974087236198,0.9978291996396359,M2,100,TS
45,164,0.9977453922563355,0.9977837428183609,M2,100,TS
45,165,0.9976848944253724,0.9977495535729793,M2,100,TS
45,166,0.9976342252269734,0.9977312224747789,M2,100,TS
45,167,0.9975857794531312,0.9977216890389721,M2,100,TS
45,168,0.9975400580483369,0.9977305117778993,M2,100,TS
45,169,0.9974906497186042,0.9977217674600516,M2,100,TS
45,170,0.9974480767289444,0.9977157554927284,M2,100,TS
45,171,0.9974038188245318,0.9976722412768356,M2,100,TS
45,172,0.9973639783798999,0.9975996893304716,M2,100,TS
45,173,0.9973456902599269,0.9975439138525455,M2,100,TS
45,174,0.9973326767517777,0.9974933586184084,M2,100,TS
45,175,0.997333963474218,0.9974577105324682,M2,100,TS
45,176,0.9973499324885735,0.9974172430344164,M2,100,TS
45,177,0.9973652319564761,0.9974004581626358,M2,100,TS
45,178,0.9973673941716706,0.9974053164846014,M2,100,TS
45,179,0.9973529874323717,0.9974115243161363,M2,100,TS
45,180,0.9973291339008614,0.9974279208986969,M2,100,TS
45,181,0.9973030123083646,0.9974297099484458,M2,100,TS
45,182,0.9972704789799365,0.9974316703889146,M2,100,TS
45,183,0.9972536826448157,0.9974323034693177,M2,100,TS
45,184,0.9972287638052371,0.9974141570566659,M2,100,TS
45,185,0.9972072576638151,0.9973906146731809,M2,100,TS
45,186,0.9971797850459017,0.9973387858496862,M2,100,TS
45,187,0.9971632485743547,0.9972872295662717,M2,100,TS
45,188,0.9971288915604897,0.9972427932907213,M2,100,TS
45,189,0.9970806636654601,0.9972054380055854,M2,100,TS
45,190,0.9970324435044655,0.9971691049421499,M2,100,TS
45,191,0.9969866312800038,0.9971463296720299,M2,100,TS
45,192,0.9969492442922248,0.997096181607455,M2,100,TS
45,193,0.9969187317566381,0.9970244853731345,M2,100,TS
45,194,0.9968797055953983,0.9969724403558551,M2,100,TS
45,195,0.9968365653695195,0.9968956434823819,M2,100,TS
45,196,0.9967878673335521,0.996842597352349,M2,100,TS
45,197,0.9967351898051562,0.9967924316513919,M2,100,TS
45,198,0.9966785327843292,0.9967451463795075,M2,100,TS
45,199,0.9966178962710709,0.9967007415366962,M2,100,TS
45,200,0.9965532802653814,0.9966592171229578,M2,100,TS
46,151,0.9982154909180763,0.9975743639392314,M2,100,TS
46,152,0.998177992443034,0.9975524020213292,M2,100,TS
46,153,0.998139102322858,0.9975267403151865,M2,100,TS
46,154,0.9980988205575484,0.9974973788208034,M2,100,TS
46,155,0.998057147147105,0.9974643175381799,M2,100,TS
46,156,0.9980140820915309,0.9974275564673187,M2,100,TS
46,157,0.9979706509121575,0.9973939064639756,M2,100,TS
46,158,0.9979147999317406,0.9973497415987885,M2,100,TS
46,159,0.9978691385909344,0.9973034826829955,M2,100,TS
46,160,0.9978053845562732,0.9972523322607113,M2,100,TS
46,161,0.9977618758212223,0.9971986394383247,M2,100,TS
46,162,0.9977597221262018,0.9971199111407448,M2,100,TS
46,163,0.9977639545748018,0.9970465921279569,M2,100,TS
46,164,0.9977722417039316,0.9969911719465367,M2,100,TS
46,165,0.9977971928467686,0.9969462857868135,M2,100,TS
46,166,0.9978191844562401,0.9969173376187298,M2,100,TS
46,167,0.9978356308347734,0.9968971093351215,M2,100,TS
46,168,0.9978254361845431,0.9968959507015996,M2,100,TS
46,169,0.997805858386606,0.9968774808538344,M2,100,TS
46,170,0.9977545415812306,0.9968626492695902,M2,100,TS
46,171,0.9977058180982832,0.9968109639088096,M2,100,TS
46,172,0.9976660780027389,0.9967306373338894,M2,100,TS
46,173,0.9976391587756597,0.9966669352666705,M2,100,TS
46,174,0.9976300015415418,0.9966080812561324,M2,100,TS
46,175,0.9976205249348868,0.9965642494746088,M2,100,TS
46,176,0.9976060364015031,0.9965160967089051,M2,100,TS
46,177,0.9975870698991584,0.9964914536986516,M2,100,TS
46,178,0.9975584699359797,0.9964880979562585,M2,100,TS
46,179,0.997546598688857,0.996485093159963,M2,100,TS
46,180,0.9975202247479035,0.9964922784182612,M2,100,TS
46,181,0.9974961241032821,0.9964851591803068,M2,100,TS
46,182,0.9974675868817752,0.996478128317684,M2,100,TS
46,183,0.9974390191608444,0.9964699943028295,M2,100,TS
46,184,0.9974012547743978,0.9964433426895496,M2,100,TS
46,185,0.9973383357703873,0.9964120335671065,M2,100,TS
46,186,0.9972765256382821,0.9963526954331724,M2,100,TS
46,187,0.9972214935673918,0.9962937015196637,M2,100,TS
46,188,0.9971505100800446,0.9962416161018064,M2,100,TS
46,189,0.9970578016353304,0.9961966906383177,M2,100,TS
46,190,0.9969691720528324,0.9961528100011751,M2,100,TS
46,191,0.9969315109287205,0.996120995771113,M2,100,TS
46,192,0.9969262717812848,0.9960616056676352,M2,100,TS
46,193,0.9969433756402524,0.9959804609986553,M2,100,TS
46,194,0.996982106640578,0.9959180055825777,M2,100,TS
46,195,0.9970424055262379,0.9958305643571548,M2,100,TS
46,196,0.9970562689957152,0.9957675429791153,M2,100,TS
46,197,0.9970664198139166,0.9957073634763802,M2,100,TS
46,198,0.9970728579808396,0.9956500258489469,M2,100,TS
46,199,0.9970755834964841,0.9955955300968156,M2,100,TS
46,200,0.9970745963608499,0.9955438762199857,M2,100,TS
47,151,0.9982191096063391,0.9977578980203596,M2,100,TS
47,152,0.998192263382298,0.9977389253151205,M2,100,TS
47,153,0.9981614059545632,0.9977163279601077,M2,100,TS
47,154,0.9981265373231346,0.9976901059553215,M2,100,TS
47,155,0.9980876574880123,0.9976602593007619,M2,100,TS
47,156,0.9980447664491989,0.9976267879964313,M2,100,TS
47,157,0.9979846355305468,0.9975970140841424,M2,100,TS
47,158,0.9979411051749235,0.9975557761407883,M2,100,TS
47,159,0.9978931542426253,0.9975128203097035,M2,100,TS
47,160,0.9978349285914342,0.9974648464187769,M2,100,TS
47,161,0.9978040401512528,0.9974139312346075,M2,100,TS
47,162,0.9977454148999103,0.9973391636812254,M2,100,TS
47,163,0.9977095924837291,0.9972695429347712,M2,100,TS
47,164,0.9976543742580252,0.9972187027282954,M2,100,TS
47,165,0.9976104180241971,0.9971786425869146,M2,100,TS
47,166,0.9975891690689722,0.997154173379301,M2,100,TS
47,167,0.9975839149785035,0.9971382215239545,M2,100,TS
47,168,0.9975983107911315,0.9971402035111222,M2,100,TS
47,169,0.9976130762338999,0.9971244807247692,M2,100,TS
47,170,0.9976027778430415,0.9971123272123986,M2,100,TS
47,171,0.9976053509205383,0.9970621105092298,M2,100,TS
47,172,0.9975929863362881,0.9969832252960772,M2,100,TS
47,173,0.9975739710156055,0.996921933126062,M2,100,TS
47,174,0.9975472455837405,0.9968662096364816,M2,100,TS
47,175,0.9975119348294923,0.9968260484467342,M2,100,TS
47,176,0.9974700463092736,0.9967816034603082,M2,100,TS
47,177,0.9974787712745359,0.996759598563711,M2,100,TS
47,178,0.9974629512348463,0.99675960256968,M2,100,TS
47,179,0.997432795322551,0.9967609275527047,M2,100,TS
47,180,0.9973960032244809,0.9967724058225532,M2,100,TS
47,181,0.9973841468273799,0.9967684793773824,M2,100,TS
47,182,0.9973821101696516,0.9967643175819735,M2,100,TS
47,183,0.9973403728025338,0.9967602956215623,M2,100,TS
47,184,0.997308577878096,0.9967369696542535,M2,100,TS
47,185,0.9972483411957082,0.9967090630062045,M2,100,TS
47,186,0.9971772414700741,0.9966528742596158,M2,100,TS
47,187,0.9971376423981142,0.9965964449097644,M2,100,TS
47,188,0.9970702845804196,0.9965474353344308,M2,100,TS
47,189,0.9969861904659492,0.9965056088963566,M2,100,TS
47,190,0.9969237383916348,0.9964642212823415,M2,100,TS
47,191,0.996865455189335,0.9964364082410816,M2,100,TS
47,192,0.9968068627312657,0.9963813397774864,M2,100,TS
47,193,0.9967211031094251,0.9963055461197052,M2,100,TS
47,194,0.9966516389211497,0.9962488113106832,M2,100,TS
47,195,0.9965735375059064,0.9961673334101022,M2,100,TS
47,196,0.9965328979967667,0.9961086010560947,M2,100,TS
47,197,0.9965059122167161,0.9960523049480062,M2,100,TS
47,198,0.9964925801657517,0.995998445085834,M2,100,TS
47,199,0.9964929018438735,0.9959470214695785,M2,100,TS
47,200,0.9965068772510816,0.9958980340992393,M2,100,TS
48,151,0.9981949873884434,0.9976708967157236,M2,100,TS
48,152,0.9981747924786454,0.9976530754891427,M2,100,TS
48,153,0.998147969469173,0.9976316969970561,M2,100,TS
48,154,0.9981145183600262,0.9976067612394636,M2,100,TS
48,155,0.998074439151205,0.9975782682163652,M2,100,TS
48,156,0.9980277318427123,0.9975462179277639,M2,100,TS
48,157,0.9979653765667807,0.9975178256006028,M2,100,TS
48,158,0.9978912434772381,0.9974786974098614,M2,100,TS
48,159,0.9978369165456431,0.9974372278438011,M2,100,TS
48,160,0.9977710002072524,0.9973907758891425,M2,100,TS
48,161,0.9977293308275439,0.9973414568931046,M2,100,TS
48,162,0.9976987579146794,0.9972672752700833,M2,100,TS
48,163,0.9976675264461949,0.9971988454447934,M2,100,TS
48,164,0.997640254125538,0.9971486037820887,M2,100,TS
48,165,0.997631254444221,0.9971089663216625,M2,100,TS
48,166,0.9976326655418102,0.9970852429277697,M2,100,TS
48,167,0.997640920712324,0.997070279230545,M2,100,TS
48,168,0.9976612187249303,0.9970734458714678,M2,100,TS
48,169,0.9976854980253355,0.9970588135594802,M2,100,TS
48,170,0.9976967635807847,0.9970474452572576,M2,100,TS
48,171,0.9977190140349868,0.9969980367625151,M2,100,TS
48,172,0.9977335584767892,0.996919756911735,M2,100,TS
48,173,0.997714729516403,0.9968597678761112,M2,100,TS
48,174,0.9976900912011676,0.9968052993953015,M2,100,TS
48,175,0.9976725413667765,0.9967659983451235,M2,100,TS
48,176,0.9976542511456944,0.996722267820827,M2,100,TS
48,177,0.9976322422776509,0.9967023785065889,M2,100,TS
48,178,0.9976113747034274,0.9967038458953531,M2,100,TS
48,179,0.9975827867909401,0.9967064716669803,M2,100,TS
48,180,0.9975555470290647,0.9967190488207051,M2,100,TS
48,181,0.9975453936815908,0.9967164071270944,M2,100,TS
48,182,0.9975278696771662,0.9967139717112596,M2,100,TS
48,183,0.9975012318186309,0.9967108968647027,M2,100,TS
48,184,0.99746567307103,0.9966889952835325,M2,100,TS
48,185,0.9974376225954955,0.9966615908394555,M2,100,TS
48,186,0.9974094625053971,0.9966056181353281,M2,100,TS
48,187,0.9973759280457697,0.9965503497684879,M2,100,TS
48,188,0.9973321944393155,0.9965020549903985,M2,100,TS
48,189,0.9972710896376513,0.9964609648336719,M2,100,TS
48,190,0.997206425075879,0.9964209548917744,M2,100,TS
48,191,0.9971491652492486,0.9963944436216069,M2,100,TS
48,192,0.9970898513976241,0.9963407088766661,M2,100,TS
48,193,0.9970181632555117,0.996265863547154,M2,100,TS
48,194,0.996946796142985,0.9962104942261427,M2,100,TS
48,195,0.9969123433086611,0.9961291992962814,M2,100,TS
48,196,0.9968893841583129,0.9960713279703945,M2,100,TS
48,197,0.9968813043711017,0.9960158624701969,M2,100,TS
48,198,0.9968881039470249,0.9959628027956858,M2,100,TS
48,199,0.9969097828860826,0.9959121489468612,M2,100,TS
48,200,0.9969463411882747,0.9958639009237231,M2,100,TS
49,151,0.9982494182706154,0.9977205291041986,M2,100,TS
49,152,0.9982672540324139,0.9977050505287519,M2,100,TS
49,153,0.9982635657190787,0.9976863968975949,M2,100,TS
49,154,0.9982383533306097,0.9976645682107271,M2,100,TS
49,155,0.9981916168670071,0.9976395644681488,M2,100,TS
49,156,0.9981233563282732,0.9976113856698628,M2,100,TS
49,157,0.9979838303159803,0.9975882604497509,M2,100,TS
49,158,0.9979795181088469,0.997550683547956,M2,100,TS
49,159,0.9977682451794418,0.9975165729233012,M2,100,TS
49,160,0.9976179730008696,0.9974756097369766,M2,100,TS
49,161,0.9975411716221545,0.9974305385328197,M2,100,TS
49,162,0.9974974797063673,0.9973601000763573,M2,100,TS
49,163,0.9975246354796645,0.9972935561802775,M2,100,TS
49,164,0.9976026178561183,0.997243970400662,M2,100,TS
49,165,0.9977518884042447,0.9972036283574273,M2,100,TS
49,166,0.9977395166267558,0.9971835887718797,M2,100,TS
49,167,0.9978234926971821,0.9971699699778458,M2,100,TS
49,168,0.9979727421560629,0.9971731090005475,M2,100,TS
49,169,0.9979156285662332,0.9971638789289524,M2,100,TS
49,170,0.9979514226683506,0.9971551934483531,M2,100,TS
49,171,0.9979205056172775,0.9971105342953225,M2,100,TS
49,172,0.9978528254458763,0.9970377980581747,M2,100,TS
49,173,0.9977757194688859,0.9969826995560276,M2,100,TS
49,174,0.9976966945879847,0.9969330081872912,M2,100,TS
49,175,0.9976509028790901,0.9968977758645592,M2,100,TS
49,176,0.9976372268296139,0.9968573030063625,M2,100,TS
49,177,0.99762649153408,0.9968404578765875,M2,100,TS
49,178,0.9976400851833088,0.9968443302179439,M2,100,TS
49,179,0.9976784513036971,0.9968485335623143,M2,100,TS
49,180,0.9977138227512483,0.9968627753005282,M2,100,TS
49,181,0.9976765932759589,0.9968641278806113,M2,100,TS
49,182,0.9977371739812044,0.9968629786357089,M2,100,TS
49,183,0.9975492416284254,0.9968673159472107,M2,100,TS
49,184,0.9973972999208337,0.9968517051524578,M2,100,TS
49,185,0.9973001052418815,0.9968293811975404,M2,100,TS
49,186,0.9972469862160156,0.9967774342113462,M2,100,TS
49,187,0.9971945194348506,0.9967260141232223,M2,100,TS
49,188,0.9971292645266627,0.9966816081549841,M2,100,TS
49,189,0.9970999143847763,0.9966430356490138,M2,100,TS
49,190,0.9971237750178441,0.9966040894677544,M2,100,TS
49,191,0.9971673893165116,0.996578294199521,M2,100,TS
49,192,0.9972273047321621,0.9965248533673693,M2,100,TS
49,193,0.9970486162087009,0.9964561347652104,M2,100,TS
49,194,0.9971124294386846,0.996400664660574,M2,100,TS
49,195,0.996932467298737,0.9963265206180859,M2,100,TS
49,196,0.9968455042084748,0.9962736616330835,M2,100,TS
49,197,0.9967474610026495,0.9962238714275897,M2,100,TS
49,198,0.9966383376812582,0.9961771500016019,M2,100,TS
49,199,0.9965181342443007,0.9961334973551199,M2,100,TS
49,200,0.9963868506917772,0.9960929134881439,M2,100,TS
1,151,1.0035040341011485,1.0031964490348617,M2,125,TS
1,152,1.003371233684344,1.0031737454985696,M2,125,TS
1,153,1.003249998700051,1.0031470098057984,M2,125,TS
1,154,1.0031403291482688,1.0031162419565482,M2,125,TS
1,155,1.0030422250289976,1.003081441950819,M2,125,TS
1,156,1.0029556863422409,1.0030426097886134,M2,125,TS
1,157,1.0029072943153923,1.003006198463609,M2,125,TS
1,158,1.0029532296974646,1.0029559684273512,M2,125,TS
1,159,1.002855579373866,1.0029077701872988,M2,125,TS
1,160,1.002860543825376,1.002851595471527,M2,125,TS
1,161,1.0025763543941397,1.0028006576259574,M2,125,TS
1,162,1.0014383798854618,1.0027472102534212,M2,125,TS
1,163,1.0004746427551507,1.0026950104799441,M2,125,TS
1,164,0.999940860696534,1.0026499502972022,M2,125,TS
1,165,0.9996885162089997,1.0026085804070008,M2,125,TS
1,166,0.9999216817116944,1.0025708095711436,M2,125,TS
1,167,1.0005932631675036,1.0025306767847506,M2,125,TS
1,168,1.0013679303061351,1.0025063208712635,M2,125,TS
1,169,1.0020708838385373,1.0024660038886821,M2,125,TS
1,170,1.0030309268578446,1.0024218724260487,M2,125,TS
1,171,1.0023714359521643,1.002382077898485,M2,125,TS
1,172,1.0006014508223022,1.0023420834714147,M2,125,TS
1,173,0.9996034070961728,1.0022994901077842,M2,125,TS
1,174,0.9986270177227583,1.0022617987063187,M2,125,TS
1,175,0.9980836122088909,1.002228320673959,M2,125,TS
1,176,0.9978717048258827,1.0021815274301684,M2,125,TS
1,177,0.9980881334019138,1.0021474610192977,M2,125,TS
1,178,0.9987131474621992,1.0021243067419623,M2,125,TS
1,179,0.9998235511188321,1.0020893515610705,M2,125,TS
1,180,1.0011065231854825,1.0020599849238903,M2,125,TS
1,181,1.0013771727680894,1.0020422183527078,M2,125,TS
1,182,1.0016764928582509,1.0020237645719159,M2,125,TS
1,183,1.0023240922011576,1.001995432913801,M2,125,TS
1,184,1.0025496689705158,1.0019589409994338,M2,125,TS
1,185,1.0027810566496334,1.0019169734185784,M2,125,TS
1,186,1.0024387748845074,1.0018610464522104,M2,125,TS
1,187,1.0019669105501887,1.0018091857224711,M2,125,TS
1,188,1.001749130863073,1.0017575187330734,M2,125,TS
1,189,1.0018799043084554,1.00170350385883,M2,125,TS
1,190,1.001666978040517,1.0016594763356135,M2,125,TS
1,191,1.0018924152574733,1.0016178005137564,M2,125,TS
1,192,1.0013201509165075,1.0015695212854838,M2,125,TS
1,193,1.0003872481179652,1.0015091487363255,M2,125,TS
1,194,0.999941113240662,1.0014555134492649,M2,125,TS
1,195,0.9986368612832792,1.0013991812734544,M2,125,TS
1,196,0.9980639123735556,1.0013476153634258,M2,125,TS
1,197,0.9975588394878703,1.0012970676718365,M2,125,TS
1,198,0.9971216426262207,1.0012475381986834,M2,125,TS
1,199,0.9967523217886071,1.0011990269439668,M2,125,TS
1,200,0.9964508769750292,1.0011515339076864,M2,125,TS
3,151,0.9960343643247106,0.9957140258026538,M2,125,TS
3,152,0.9959927167171484,0.9956919475868551,M2,125,TS
3,153,0.9959585669412259,0.9956659579572172,M2,125,TS
3,154,0.9959319149969431,0.99563605691374,M2,125,TS
3,155,0.9959127608842999,0.9956022444564234,M2,125,TS
3,156,0.9959011046032991,0.9955645205852701,M2,125,TS
3,157,0.99591418178317,0.9955295103939626,M2,125,TS
3,158,0.9959199948628807,0.9954835530412113,M2,125,TS
3,159,0.9959320859144289,0.9954355804025965,M2,125,TS
3,160,0.99593203064154,0.9953826895643427,M2,125,TS
3,161,0.9959224770012136,0.9953276402808108,M2,125,TS
3,162,0.9959002339481822,0.995247921100162,M2,125,TS
3,163,0.9958625601185487,0.9951744306478628,M2,125,TS
3,164,0.9957994798270604,0.995120081235955,M2,125,TS
3,165,0.995739273297319,0.995076825090802,M2,125,TS
3,166,0.9956808517819564,0.9950499344958261,M2,125,TS
3,167,0.9956127277322449,0.9950324783984252,M2,125,TS
3,168,0.995576158074972,0.9950326798171469,M2,125,TS
3,169,0.9955744051959938,0.9950142224245712,M2,125,TS
3,170,0.995600712306006,0.9949980561372554,M2,125,TS
3,171,0.9956379893705616,0.9949431421721007,M2,125,TS
3,172,0.9956641347323912,0.9948589621542531,M2,125,TS
3,173,0.9956711920948085,0.9947930561917442,M2,125,TS
3,174,0.9956380585687907,0.9947335984330684,M2,125,TS
3,175,0.9955853708658173,0.9946902128123098,M2,125,TS
3,176,0.9955396173395594,0.9946422405401154,M2,125,TS
3,177,0.9955035324983614,0.9946180051564893,M2,125,TS
3,178,0.9955100283482142,0.9946142881632517,M2,125,TS
3,179,0.9955577798394379,0.9946106393028037,M2,125,TS
3,180,0.9956211379950224,0.9946166806851123,M2,125,TS
3,181,0.9956797077616993,0.9946076590894508,M2,125,TS
3,182,0.9956850893700995,0.9946000499546305,M2,125,TS
3,183,0.9956531206452309,0.9945926976582085,M2,125,TS
3,184,0.9955877786642572,0.9945669343881475,M2,125,TS
3,185,0.9955121162923015,0.9945361178787444,M2,125,TS
3,186,0.9954418813752506,0.9944762196998692,M2,125,TS
3,187,0.9953844260642624,0.9944165824929656,M2,125,TS
3,188,0.9953396535246629,0.9943634697182093,M2,125,TS
3,189,0.9953058687211954,0.9943169629892971,M2,125,TS
3,190,0.9952704270164792,0.9942713634764737,M2,125,TS
3,191,0.9952322818676387,0.9942397320697087,M2,125,TS
3,192,0.9951643814803146,0.9941812161520208,M2,125,TS
3,193,0.995099388061318,0.9941010216226768,M2,125,TS
3,194,0.9950507740559454,0.9940400571664595,M2,125,TS
3,195,0.9950369504778394,0.9939528275555624,M2,125,TS
3,196,0.9950429987886786,0.9938891621396643,M2,125,TS
3,197,0.9950691480067563,0.9938277974757466,M2,125,TS
3,198,0.9951153981320696,0.9937687335638067,M2,125,TS
3,199,0.9951817491646184,0.9937119704038445,M2,125,TS
3,200,0.9952682011044028,0.99365750799586,M2,125,TS
4,151,0.9767030436512549,0.9773326907089414,M2,125,TS
4,152,0.976800964527353,0.9771402931156332,M2,125,TS
4,153,0.976863456319432,0.9769450782649615,M2,125,TS
4,154,0.9768905190274921,0.9767470461569262,M2,125,TS
4,155,0.9768821526515331,0.9765461967915272,M2,125,TS
4,156,0.9768383571915578,0.9763425301687674,M2,125,TS
4,157,0.9771008112729221,0.9761343286117592,M2,125,TS
4,158,0.9766433462641386,0.9759334303052535,M2,125,TS
4,159,0.9764710655576234,0.9757234269844796,M2,125,TS
4,160,0.9761497056640729,0.9755119632637238,M2,125,TS
4,161,0.9759204878059102,0.9752958776870015,M2,125,TS
4,162,0.9755304826807375,0.9750593300082525,M2,125,TS
4,163,0.9752868250272246,0.9748247755389715,M2,125,TS
4,164,0.9751039310436997,0.9746069497501106,M2,125,TS
4,165,0.9748326994872825,0.9744024293639796,M2,125,TS
4,166,0.9745956570849166,0.9742132157359774,M2,125,TS
4,167,0.9745201302249025,0.9740288269096876,M2,125,TS
4,168,0.9746065450471004,0.9738587106204455,M2,125,TS
4,169,0.9742718804716919,0.9736816643083049,M2,125,TS
4,170,0.9737456352786511,0.973512421840083,M2,125,TS
4,171,0.9733758712277756,0.9733014645098286,M2,125,TS
4,172,0.973068728226699,0.9730598719450121,M2,125,TS
4,173,0.9727661577049508,0.9728355811492285,M2,125,TS
4,174,0.9726141495290563,0.9726128313394966,M2,125,TS
4,175,0.9727118741969064,0.9723990366217159,M2,125,TS
4,176,0.9721794294905961,0.9721968521348955,M2,125,TS
4,177,0.9718954140115266,0.9720120754597884,M2,125,TS
4,178,0.9719018732784592,0.9718412644479999,M2,125,TS
4,179,0.9714335255198636,0.9716835326756776,M2,125,TS
4,180,0.9711578846154274,0.9715308662532187,M2,125,TS
4,181,0.9710944722638326,0.97135804640068,M2,125,TS
4,182,0.9712193875545372,0.9711804275185194,M2,125,TS
4,183,0.9713507159747161,0.9710017764926491,M2,125,TS
4,184,0.9712892944760729,0.970809000708123,M2,125,TS
4,185,0.9712462147908485,0.9706104309876582,M2,125,TS
4,186,0.9705731539231293,0.9703993616470221,M2,125,TS
4,187,0.970208754222414,0.9701810136850143,M2,125,TS
4,188,0.969988760236854,0.9699656870779346,M2,125,TS
4,189,0.9696206096996185,0.9697608872596444,M2,125,TS
4,190,0.9694751194696738,0.9695514029442005,M2,125,TS
4,191,0.9694240710464628,0.9693531851742403,M2,125,TS
4,192,0.969427668334244,0.9691262965605355,M2,125,TS
4,193,0.9693133233696938,0.968881000942767,M2,125,TS
4,194,0.9689956572497094,0.96866034804421,M2,125,TS
4,195,0.9687059737372188,0.9684140144414308,M2,125,TS
4,196,0.9684807897997224,0.9681897517536531,M2,125,TS
4,197,0.9682473872035253,0.9679684853998404,M2,125,TS
4,198,0.9680057659486249,0.9677502153799898,M2,125,TS
4,199,0.9677559260350211,0.9675349416941016,M2,125,TS
4,200,0.9674978674627139,0.9673226643421756,M2,125,TS
6,151,0.996214505768315,0.9959802450769586,M2,125,TS
6,152,0.9961152328406796,0.9959475985865827,M2,125,TS
6,153,0.9960290888322142,0.9959109004886555,M2,125,TS
6,154,0.995956073742919,0.9958701507831769,M2,125,TS
6,155,0.9958961875727937,0.9958253494701471,M2,125,TS
6,156,0.9958494303218418,0.9957764965495689,M2,125,TS
6,157,0.9958599118207982,0.9957295408987931,M2,125,TS
6,158,0.9958456437304972,0.9956720829114827,M2,125,TS
6,159,0.9957704044573623,0.995614320594055,M2,125,TS
6,160,0.9958367240092967,0.9955477027511753,M2,125,TS
6,161,0.9957092218587607,0.9954836194447643,M2,125,TS
6,162,0.9956523449446865,0.9953926342872049,M2,125,TS
6,163,0.9955662274306651,0.9953082460429319,M2,125,TS
6,164,0.9955560027793754,0.9952404435509935,M2,125,TS
6,165,0.9955269016238708,0.9951843243428742,M2,125,TS
6,166,0.995515275555934,0.995144227278863,M2,125,TS
6,167,0.995481363117343,0.9951139549904225,M2,125,TS
6,168,0.9952872254157735,0.9951062578215345,M2,125,TS
6,169,0.9952152259768224,0.9950776646606785,M2,125,TS
6,170,0.9950931560869628,0.9950533845284548,M2,125,TS
6,171,0.994966603957919,0.9949905732708267,M2,125,TS
6,172,0.9949506503891471,0.9948952452510904,M2,125,TS
6,173,0.9949255045077805,0.9948180257700368,M2,125,TS
6,174,0.9949507524984647,0.9947449435968089,M2,125,TS
6,175,0.9949436995335101,0.9946883074230598,M2,125,TS
6,176,0.9948553452856492,0.9946293725907577,M2,125,TS
6,177,0.994861288992555,0.9945920560246115,M2,125,TS
6,178,0.9947635411372995,0.9945790552224204,M2,125,TS
6,179,0.9947687327438571,0.9945646021753104,M2,125,TS
6,180,0.9946547175698341,0.9945633162757818,M2,125,TS
6,181,0.9947522146500036,0.9945413029181922,M2,125,TS
6,182,0.9947288419621603,0.9945224512206186,M2,125,TS
6,183,0.9946594190966497,0.9945041264632388,M2,125,TS
6,184,0.9946131352370858,0.9944658900477436,M2,125,TS
6,185,0.9945569067396691,0.9944225865921201,M2,125,TS
6,186,0.9944554226729967,0.9943514214677037,M2,125,TS
6,187,0.994525445824341,0.9942764529494641,M2,125,TS
6,188,0.9945312995670903,0.9942100055087658,M2,125,TS
6,189,0.9945035238085205,0.9941513490773876,M2,125,TS
6,190,0.9944937350335686,0.9940930629604681,M2,125,TS
6,191,0.994511069552142,0.9940480232917046,M2,125,TS
6,192,0.994354548788215,0.9939797180559736,M2,125,TS
6,193,0.9942082877615992,0.9938894996052354,M2,125,TS
6,194,0.9940660638765035,0.9938188587906592,M2,125,TS
6,195,0.9939285246499441,0.9937226243883895,M2,125,TS
6,196,0.9937872031503167,0.9936506560515658,M2,125,TS
6,197,0.9936459653173575,0.9935815091014897,M2,125,TS
6,198,0.9935048111510638,0.9935151835381582,M2,125,TS
6,199,0.9933637406514356,0.9934516793615715,M2,125,TS
6,200,0.9932227538184729,0.9933909965717297,M2,125,TS
7,151,0.9944063753831374,0.995095995442116,M2,125,TS
7,152,0.9943518838933064,0.9950487939641269,M2,125,TS
7,153,0.9942924744859969,0.9949979996191459,M2,125,TS
7,154,0.994228147161209,0.9949436124071729,M2,125,TS
7,155,0.9941589019189425,0.9948856323282079,M2,125,TS
7,156,0.9940847387592003,0.9948240593822538,M2,125,TS
7,157,0.9939822863795954,0.9947665584934523,M2,125,TS
7,158,0.9939045656069894,0.9946972749797781,M2,125,TS
7,159,0.9938651951227415,0.9946251810124792,M2,125,TS
7,160,0.9938035718599496,0.994548407440711,M2,125,TS
7,161,0.9937610515371789,0.9944687778459491,M2,125,TS
7,162,0.9937122760542119,0.9943644239992817,M2,125,TS
7,163,0.9936117741640667,0.9942671908670411,M2,125,TS
7,164,0.9935157799849212,0.9941882748250207,M2,125,TS
7,165,0.9934154307549953,0.9941206006639874,M2,125,TS
7,166,0.9932585301429073,0.994070718506951,M2,125,TS
7,167,0.9930649007415475,0.994030910717771,M2,125,TS
7,168,0.9929202850425868,0.9940082968554115,M2,125,TS
7,169,0.9927678083195293,0.9939681383311831,M2,125,TS
7,170,0.9926517468134011,0.9939300220677828,M2,125,TS
7,171,0.9925164540284324,0.9938541361382696,M2,125,TS
7,172,0.9924355058928396,0.9937474575543721,M2,125,TS
7,173,0.9922633449048571,0.9936607868294453,M2,125,TS
7,174,0.9921366744906839,0.9935783812529692,M2,125,TS
7,175,0.9920620457932743,0.9935101647172547,M2,125,TS
7,176,0.991960224684306,0.9934381804258589,M2,125,TS
7,177,0.9917807998494718,0.9933921037453718,M2,125,TS
7,178,0.991696715556144,0.9933651573877333,M2,125,TS
7,179,0.9916208230145287,0.993339075679662,M2,125,TS
7,180,0.9915485975755082,0.9933229661367022,M2,125,TS
7,181,0.9915041139511117,0.9932910952741048,M2,125,TS
7,182,0.991437678959813,0.9932598315659374,M2,125,TS
7,183,0.9913197670728469,0.9932291385732713,M2,125,TS
7,184,0.9912539511914851,0.9931779051230963,M2,125,TS
7,185,0.9912096475888834,0.9931208020883383,M2,125,TS
7,186,0.9911403242141177,0.9930354562324332,M2,125,TS
7,187,0.9909881512914112,0.9929528397864742,M2,125,TS
7,188,0.9909081017447054,0.9928752020790194,M2,125,TS
7,189,0.9908380250579897,0.9928041552079198,M2,125,TS
7,190,0.9907348827758002,0.9927348614936702,M2,125,TS
7,191,0.990680910982181,0.9926781557309212,M2,125,TS
7,192,0.9905315571703812,0.9925963364397875,M2,125,TS
7,193,0.9903770005332686,0.9924930903473331,M2,125,TS
7,194,0.9902430059030527,0.9924088916688322,M2,125,TS
7,195,0.9901456260555439,0.9922984976303066,M2,125,TS
7,196,0.9900206122761921,0.992212794766918,M2,125,TS
7,197,0.9898951591915459,0.9921299105273358,M2,125,TS
7,198,0.9897692668016028,0.9920498449115571,M2,125,TS
7,199,0.9896429351063629,0.991972597919582,M2,125,TS
7,200,0.9895161641058261,0.9918981695514105,M2,125,TS
8,151,0.9894562866939769,0.9903073017459957,M2,125,TS
8,152,0.9892869391809709,0.9902007778836189,M2,125,TS
8,153,0.9891264737722718,0.9900904288840854,M2,125,TS
8,154,0.9889748904678795,0.989976254747395,M2,125,TS
8,155,0.9888321892677938,0.989858255473548,M2,125,TS
8,156,0.9886983701720182,0.9897364310625469,M2,125,TS
8,157,0.988612998135234,0.9896176178028259,M2,125,TS
8,158,0.9884657605265808,0.9894881287989507,M2,125,TS
8,159,0.9883221445484542,0.9893570805661874,M2,125,TS
8,160,0.9881996969985829,0.989220116306623,M2,125,TS
8,161,0.988043425315414,0.9890807473632038,M2,125,TS
8,162,0.9878153619489983,0.9889161934605811,M2,125,TS
8,163,0.987663659807816,0.9887558562513821,M2,125,TS
8,164,0.9875156075605755,0.9886144921206025,M2,125,TS
8,165,0.9873270466649591,0.9884851933842124,M2,125,TS
8,166,0.9871873160367632,0.9883723139553461,M2,125,TS
8,167,0.9870762836454232,0.9882690380054829,M2,125,TS
8,168,0.9869386436403,0.9881846279298048,M2,125,TS
8,169,0.9867927268027747,0.9880825198682391,M2,125,TS
8,170,0.9866505942191186,0.9879834030644221,M2,125,TS
8,171,0.9865007607244951,0.9878431477764394,M2,125,TS
8,172,0.986302968780101,0.9876726506427048,M2,125,TS
8,173,0.9861435659453623,0.9875210996953173,M2,125,TS
8,174,0.9859508344567336,0.9873765558747833,M2,125,TS
8,175,0.9857170247032094,0.9872484464863063,M2,125,TS
8,176,0.9854989411486601,0.9871157660509855,M2,125,TS
8,177,0.9853378399000858,0.9870070592325514,M2,125,TS
8,178,0.9851822150143007,0.9869209785829414,M2,125,TS
8,179,0.98501998496841,0.9868369152014168,M2,125,TS
8,180,0.9849044471712944,0.9867626529109615,M2,125,TS
8,181,0.9848004012787525,0.9866713742716935,M2,125,TS
8,182,0.9846632874079718,0.986581171485862,M2,125,TS
8,183,0.9845620324189641,0.9864913583251398,M2,125,TS
8,184,0.9844446166266216,0.9863814358609522,M2,125,TS
8,185,0.9842672291286316,0.9862664422897703,M2,125,TS
8,186,0.9840657585920585,0.9861218273224288,M2,125,TS
8,187,0.983908876419124,0.9859766260305897,M2,125,TS
8,188,0.9837450136174848,0.9858392666374222,M2,125,TS
8,189,0.9835390637644426,0.9857103862673422,M2,125,TS
8,190,0.9833286628583462,0.9855820227822488,M2,125,TS
8,191,0.9831152377668357,0.9854683116087571,M2,125,TS
8,192,0.9828710927346475,0.9853259792039878,M2,125,TS
8,193,0.9826470558178269,0.9851614260242779,M2,125,TS
8,194,0.9824686223560679,0.9850151172395528,M2,125,TS
8,195,0.9822446928402246,0.9848432812741571,M2,125,TS
8,196,0.9820476556594568,0.9846960982035443,M2,125,TS
8,197,0.9818597827823277,0.9845514958622131,M2,125,TS
8,198,0.9816810742088343,0.984409474250161,M2,125,TS
8,199,0.981511529938977,0.9842700333673877,M2,125,TS
8,200,0.9813511499727554,0.9841331732138936,M2,125,TS
12,151,0.9964391412129527,0.9964283090586847,M2,125,TS
12,152,0.996449271339672,0.9964088761844997,M2,125,TS
12,153,0.9964508346170283,0.9963859252377649,M2,125,TS
12,154,0.9964438310450218,0.9963594562184807,M2,125,TS
12,155,0.9964282606236524,0.9963294691266468,M2,125,TS
12,156,0.9964041233529233,0.9962959639622662,M2,125,TS
12,157,0.9963733833269217,0.9962659060374058,M2,125,TS
12,158,0.9963272920330408,0.9962250689545371,M2,125,TS
12,159,0.9962954253265817,0.9961821330525971,M2,125,TS
12,160,0.9962317083567527,0.9961346901603995,M2,125,TS
12,161,0.996195685495121,0.9960844081398422,M2,125,TS
12,162,0.9961588400405574,0.9960098762715317,M2,125,TS
12,163,0.9960993853386355,0.9959416192357909,M2,125,TS
12,164,0.9960167875370655,0.9958920877327386,M2,125,TS
12,165,0.9959439058471578,0.9958532416040944,M2,125,TS
12,166,0.9958358179690385,0.9958312913213702,M2,125,TS
12,167,0.9957187800079623,0.9958183372335975,M2,125,TS
12,168,0.9956256062307962,0.9958231999333398,M2,125,TS
12,169,0.9955638034557666,0.9958095199705257,M2,125,TS
12,170,0.995517288368672,0.9957982628017926,M2,125,TS
12,171,0.9955193786141443,0.9957486661489049,M2,125,TS
12,172,0.9954981882957448,0.9956710564412212,M2,125,TS
12,173,0.9954579803391037,0.9956110598982478,M2,125,TS
12,174,0.9954238374706464,0.9955562795036592,M2,125,TS
12,175,0.995400931370721,0.9955164145136519,M2,125,TS
12,176,0.9953770856030706,0.9954719204442587,M2,125,TS
12,177,0.9953392362431142,0.9954513934101085,M2,125,TS
12,178,0.9953084427222629,0.9954519592493299,M2,125,TS
12,179,0.9952961128171749,0.9954527429764355,M2,125,TS
12,180,0.99530106766799,0.9954630374859371,M2,125,TS
12,181,0.9952783788360806,0.9954597072738197,M2,125,TS
12,182,0.9952234549725187,0.9954572145068978,M2,125,TS
12,183,0.9951648897320904,0.9954538026519136,M2,125,TS
12,184,0.9951172409488205,0.9954312028828557,M2,125,TS
12,185,0.9950643536166401,0.995403420586623,M2,125,TS
12,186,0.9950033249822401,0.9953474343896833,M2,125,TS
12,187,0.9949131124957803,0.9952928318770584,M2,125,TS
12,188,0.9948103844069475,0.9952451908157492,M2,125,TS
12,189,0.9947515845784494,0.9952030162095977,M2,125,TS
12,190,0.9947036933144273,0.9951617091455616,M2,125,TS
12,191,0.9946534388496556,0.9951339961257324,M2,125,TS
12,192,0.9946082764806821,0.9950791721631186,M2,125,TS
12,193,0.9945468720668882,0.995003477414918,M2,125,TS
12,194,0.9945116759637709,0.9949463999443517,M2,125,TS
12,195,0.9944588077055738,0.9948651469901478,M2,125,TS
12,196,0.9944023791897465,0.9948074103769349,M2,125,TS
12,197,0.994339854015007,0.9947525917149695,M2,125,TS
12,198,0.994271232181353,0.9947006910042492,M2,125,TS
12,199,0.9941965136887845,0.9946517082447738,M2,125,TS
12,200,0.9941156985373015,0.9946056434365435,M2,125,TS
13,151,0.9971218402728154,0.9971821863987066,M2,125,TS
13,152,0.997125411021877,0.9971696423928963,M2,125,TS
13,153,0.9971229622682198,0.997153522628084,M2,125,TS
13,154,0.9971144940118436,0.9971338271042701,M2,125,TS
13,155,0.9971000062527485,0.9971105558214545,M2,125,TS
13,156,0.9970794989909375,0.9970837087796397,M2,125,TS
13,157,0.9970426935251744,0.9970605906128421,M2,125,TS
13,158,0.9970120287572352,0.9970261165634291,M2,125,TS
13,159,0.9969747483554201,0.9969900699921677,M2,125,TS
13,160,0.9969483991395283,0.9969484192031266,M2,125,TS
13,161,0.9969110441392823,0.99690488756313,M2,125,TS
13,162,0.9968554234616301,0.9968375145275454,M2,125,TS
13,163,0.9967727646811086,0.9967765217915273,M2,125,TS
13,164,0.9966715256409413,0.9967341543844028,M2,125,TS
13,165,0.9965957220405769,0.9967020872602008,M2,125,TS
13,166,0.9965182877753898,0.9966860933818993,M2,125,TS
13,167,0.9964408373216866,0.9966789285877188,M2,125,TS
13,168,0.996360574441506,0.996690229107683,M2,125,TS
13,169,0.9963313767031219,0.9966825151739777,M2,125,TS
13,170,0.9963210302726416,0.9966771178835839,M2,125,TS
13,171,0.9962985218915089,0.9966348538766078,M2,125,TS
13,172,0.9962485884144738,0.9965646192480163,M2,125,TS
13,173,0.9961874524844941,0.9965118430032567,M2,125,TS
13,174,0.9961345121000279,0.996464257276693,M2,125,TS
13,175,0.9961303098675913,0.9964306446779579,M2,125,TS
13,176,0.9960950315914081,0.9963931605028,M2,125,TS
13,177,0.9960719868016161,0.9963790098584747,M2,125,TS
13,178,0.9960434895446866,0.9963862853923656,M2,125,TS
13,179,0.9960460676752122,0.9963935093483339,M2,125,TS
13,180,0.9960497643446751,0.9964106579420586,M2,125,TS
13,181,0.9960063775909416,0.9964146301658862,M2,125,TS
13,182,0.9959622485718815,0.9964186474163456,M2,125,TS
13,183,0.9958959250976375,0.9964222556379245,M2,125,TS
13,184,0.9958618036440439,0.9964061017482571,M2,125,TS
13,185,0.995846187414138,0.9963841453555539,M2,125,TS
13,186,0.9957957726569031,0.9963345982519467,M2,125,TS
13,187,0.9957415155335627,0.996285836808216,M2,125,TS
13,188,0.9956964933022042,0.9962434796831591,M2,125,TS
13,189,0.9956549610085865,0.996207648107938,M2,125,TS
13,190,0.9956421171713961,0.9961722244979822,M2,125,TS
13,191,0.9956152225775323,0.9961507063201327,M2,125,TS
13,192,0.9955648706054869,0.9961027809634045,M2,125,TS
13,193,0.9954959882519252,0.9960340113918297,M2,125,TS
13,194,0.995440178124885,0.995984170348007,M2,125,TS
13,195,0.9953727857710697,0.9959099404171506,M2,125,TS
13,196,0.9953265384190831,0.9958586630533327,M2,125,TS
13,197,0.9952828626347129,0.9958100839292278,M2,125,TS
13,198,0.9952417584179565,0.9957642030448332,M2,125,TS
13,199,0.9952032257688137,0.995721020400149,M2,125,TS
13,200,0.9951672646872847,0.995680535995175,M2,125,TS
15,151,0.9962252605469409,0.9965659645599707,M2,125,TS
15,152,0.9962208125930392,0.9965438509044184,M2,125,TS
15,153,0.9962118183194908,0.9965181177886031,M2,125,TS
15,154,0.9961982777262959,0.9964887652125247,M2,125,TS
15,155,0.9961801908134543,0.9964557931761834,M2,125,TS
15,156,0.996157557580969,0.9964192016795818,M2,125,TS
15,157,0.9961330561512289,0.9963859449148919,M2,125,TS
15,158,0.9961030139082411,0.9963416404790261,M2,125,TS
15,159,0.9960483729312696,0.9962962420658444,M2,125,TS
15,160,0.9960004961472655,0.9962453356206278,M2,125,TS
15,161,0.9959293724948286,0.9961929093830844,M2,125,TS
15,162,0.9958335335644611,0.9961169032305954,M2,125,TS
15,163,0.9957205996053304,0.9960470127220985,M2,125,TS
15,164,0.9956044966238953,0.9959953067378507,M2,125,TS
15,165,0.9954812809233828,0.9959547020413326,M2,125,TS
15,166,0.9953984102161108,0.9959290298263108,M2,125,TS
15,167,0.9953439525691803,0.9959113814775369,M2,125,TS
15,168,0.995329457996333,0.9959111161152006,M2,125,TS
15,169,0.9952733207454667,0.9958941990485207,M2,125,TS
15,170,0.9952518136326842,0.9958791805386517,M2,125,TS
15,171,0.9952051757086207,0.9958278162860228,M2,125,TS
15,172,0.995132271609668,0.9957485831198712,M2,125,TS
15,173,0.995060842996885,0.9956863910111994,M2,125,TS
15,174,0.9950070180486855,0.9956291282235293,M2,125,TS
15,175,0.9949476593639104,0.9955871814335572,M2,125,TS
15,176,0.994932851648315,0.9955394060111783,M2,125,TS
15,177,0.9949255098219727,0.9955150265251623,M2,125,TS
15,178,0.9949214325530107,0.9955118085147456,M2,125,TS
15,179,0.9949097971769096,0.9955094560604165,M2,125,TS
15,180,0.9948833397107228,0.9955174237242876,M2,125,TS
15,181,0.9948059503284219,0.9955124296734994,M2,125,TS
15,182,0.9947249757270282,0.9955075414045642,M2,125,TS
15,183,0.9946328188777054,0.9955019120041065,M2,125,TS
15,184,0.994556640269802,0.9954769876734195,M2,125,TS
15,185,0.9944566820527307,0.9954473507897244,M2,125,TS
15,186,0.9944022573565555,0.9953881543867942,M2,125,TS
15,187,0.9943491582095565,0.9953295888273345,M2,125,TS
15,188,0.9942834853639416,0.9952779645037145,M2,125,TS
15,189,0.9942423860416657,0.9952322832357287,M2,125,TS
15,190,0.9941943633012958,0.9951879542729501,M2,125,TS
15,191,0.9941214406260783,0.9951577655758933,M2,125,TS
15,192,0.9940644165797171,0.9951002447552421,M2,125,TS
15,193,0.9939849550593147,0.9950220296190995,M2,125,TS
15,194,0.9939132663788257,0.9949628548193283,M2,125,TS
15,195,0.9938551810527687,0.9948787518984519,M2,125,TS
15,196,0.9937969359266035,0.9948180439454192,M2,125,TS
15,197,0.9937438760109061,0.9947599599689617,M2,125,TS
15,198,0.9936960013056741,0.994704499969077,M2,125,TS
15,199,0.9936533118109079,0.9946516639457647,M2,125,TS
15,200,0.993615807526607,0.9946014518990252,M2,125,TS
17,151,0.9980876584157506,0.9983496341222409,M2,125,TS
17,152,0.9981352042733159,0.9983489078402926,M2,125,TS
17,153,0.9981566729266981,0.9983451155289458,M2,125,TS
17,154,0.998152064375897,0.9983382571882001,M2,125,TS
17,155,0.9981213786209127,0.9983283328180559,M2,125,TS
17,156,0.9980646156617479,0.9983153424185158,M2,125,TS
17,157,0.9979494545663445,0.9983071424377916,M2,125,TS
17,158,0.9979097161329462,0.9982858111375678,M2,125,TS
17,159,0.9979176121027216,0.9982615348916862,M2,125,TS
17,160,0.9977559841524373,0.9982362684539459,M2,125,TS
17,161,0.9977519595499136,0.9982048441726624,M2,125,TS
17,162,0.9977688485147062,0.9981486816588628,M2,125,TS
17,163,0.9978168947376731,0.9980973916249485,M2,125,TS
17,164,0.9978755313898338,0.9980639271017374,M2,125,TS
17,165,0.9979888789109685,0.9980399755876392,M2,125,TS
17,166,0.9980966942905272,0.9980321307249568,M2,125,TS
17,167,0.9980050167181996,0.9980381569430149,M2,125,TS
17,168,0.9980279963497212,0.9980596416240245,M2,125,TS
17,169,0.9980399116980906,0.9980636979142459,M2,125,TS
17,170,0.998046379793742,0.9980706713431281,M2,125,TS
17,171,0.9980724622218546,0.998040170954378,M2,125,TS
17,172,0.9980755730720043,0.9979817295328429,M2,125,TS
17,173,0.9980659388396138,0.9979406856740605,M2,125,TS
17,174,0.9980451216973336,0.9979053151328379,M2,125,TS
17,175,0.9980200775252531,0.9978852203755245,M2,125,TS
17,176,0.9979768399295956,0.9978608959293949,M2,125,TS
17,177,0.9979523464467734,0.9978596766893717,M2,125,TS
17,178,0.9979192537226368,0.9978799163940292,M2,125,TS
17,179,0.9978812563814822,0.9979009531737393,M2,125,TS
17,180,0.9978276205537122,0.9979323265424545,M2,125,TS
17,181,0.99779056482589,0.9979490199189401,M2,125,TS
17,182,0.9977713897388524,0.9979652713323128,M2,125,TS
17,183,0.9977523831235487,0.9979804897612011,M2,125,TS
17,184,0.9977298930177749,0.9979769158616268,M2,125,TS
17,185,0.9976923719248798,0.997968401912278,M2,125,TS
17,186,0.9976702775317827,0.9979311000538886,M2,125,TS
17,187,0.9976507861793333,0.9978944103524833,M2,125,TS
17,188,0.99760405834563,0.9978650317144303,M2,125,TS
17,189,0.9975449789654255,0.997842539697939,M2,125,TS
17,190,0.9974977354863259,0.997820925954551,M2,125,TS
17,191,0.9974704408888537,0.9978122943156076,M2,125,TS
17,192,0.9974628881747938,0.9977762452278623,M2,125,TS
17,193,0.9974755488038036,0.997718409674005,M2,125,TS
17,194,0.9974938234159549,0.9976796528390005,M2,125,TS
17,195,0.9975989351942185,0.9976140985016229,M2,125,TS
17,196,0.9975292329964532,0.9975764152484881,M2,125,TS
17,197,0.997419619540284,0.9975425114562634,M2,125,TS
17,198,0.997270094825708,0.9975123871249464,M2,125,TS
17,199,0.9970806588527253,0.9974860422545369,M2,125,TS
17,200,0.9968513116213358,0.9974634768450347,M2,125,TS
18,151,0.9967286752306215,0.9968923709114604,M2,125,TS
18,152,0.996734180439968,0.9968671801907694,M2,125,TS
18,153,0.9967286473994351,0.9968385347166644,M2,125,TS
18,154,0.9967120761090231,0.9968064344891455,M2,125,TS
18,155,0.9966844665687318,0.9967708795082129,M2,125,TS
18,156,0.9966458187785637,0.9967318697738692,M2,125,TS
18,157,0.9965932376844059,0.9966964961426382,M2,125,TS
18,158,0.996527560446605,0.9966502781728566,M2,125,TS
18,159,0.9964576808305154,0.9966024410677884,M2,125,TS
18,160,0.9963852885555852,0.996549337593553,M2,125,TS
18,161,0.9963093425696747,0.9964942095542381,M2,125,TS
18,162,0.996241155290386,0.9964146538418278,M2,125,TS
18,163,0.9961930232600331,0.9963402678857373,M2,125,TS
18,164,0.9961534929420675,0.9962837717228953,M2,125,TS
18,165,0.9961282542437089,0.9962378309416898,M2,125,TS
18,166,0.9961340704382093,0.9962070642637465,M2,125,TS
18,167,0.9961332036581544,0.9961852178337062,M2,125,TS
18,168,0.9961445950325705,0.996181477586592,M2,125,TS
18,169,0.9961564930828966,0.9961599940989125,M2,125,TS
18,170,0.9961554243304382,0.9961416425364882,M2,125,TS
18,171,0.9961540709408457,0.996086284299745,M2,125,TS
18,172,0.9961171965817952,0.9960032791852812,M2,125,TS
18,173,0.9960709459919943,0.9959376030577466,M2,125,TS
18,174,0.9960208668691528,0.9958773987076932,M2,125,TS
18,175,0.9959813926061627,0.9958321045511882,M2,125,TS
18,176,0.995958089004092,0.9957817236934273,M2,125,TS
18,177,0.9959376291560111,0.9957548585735609,M2,125,TS
18,178,0.9959178524370527,0.9957492293305429,M2,125,TS
18,179,0.995896460375093,0.9957443129768933,M2,125,TS
18,180,0.9958710421699442,0.9957494449433805,M2,125,TS
18,181,0.9958367919253477,0.9957405182344061,M2,125,TS
18,182,0.9957831257202757,0.9957320996341497,M2,125,TS
18,183,0.9957326025198818,0.9957225730168968,M2,125,TS
18,184,0.9956971290990027,0.9956937719531824,M2,125,TS
18,185,0.9956599277889449,0.9956596964205754,M2,125,TS
18,186,0.9956296855841797,0.9955970535145516,M2,125,TS
18,187,0.9955981713458765,0.9955350897995825,M2,125,TS
18,188,0.9955528767442439,0.9954801057101011,M2,125,TS
18,189,0.9954912232503919,0.9954321189770914,M2,125,TS
18,190,0.9954337333107592,0.9953851910888117,M2,125,TS
18,191,0.9953760597201944,0.9953517788171632,M2,125,TS
18,192,0.9953032597925409,0.9952918145706342,M2,125,TS
18,193,0.9952215665357579,0.99521080685605,M2,125,TS
18,194,0.9951472511607411,0.9951488710755376,M2,125,TS
18,195,0.9950705577024481,0.9950624076681244,M2,125,TS
18,196,0.9950302699225336,0.9949984035228149,M2,125,TS
18,197,0.9950046135818877,0.994936782322791,M2,125,TS
18,198,0.9949935886805082,0.9948775440680498,M2,125,TS
18,199,0.9949971952183951,0.9948206887585915,M2,125,TS
18,200,0.9950154331955485,0.994766216394416,M2,125,TS
19,151,0.9983541625402169,0.9981172596042224,M2,125,TS
19,152,0.998313949241844,0.9981062097039252,M2,125,TS
19,153,0.9982766524905043,0.9980913506668395,M2,125,TS
19,154,0.9982422722861977,0.9980726824929657,M2,125,TS
19,155,0.9982108086289242,0.9980502051823035,M2,125,TS
19,156,0.9981822615186868,0.9980239187348559,M2,125,TS
19,157,0.9981634010364282,0.9980006770097627,M2,125,TS
19,158,0.9981526300088968,0.9979660421974779,M2,125,TS
19,159,0.998118417587482,0.9979302720032309,M2,125,TS
19,160,0.9980856048046101,0.9978891405889121,M2,125,TS
19,161,0.9980510460025163,0.997845911889234,M2,125,TS
19,162,0.9980122018525,0.997778510318337,M2,125,TS
19,163,0.9979886622993271,0.9977164065941955,M2,125,TS
19,164,0.9979748072893371,0.997672191569186,M2,125,TS
19,165,0.9979576989069638,0.9976390006578174,M2,125,TS
19,166,0.9979557420190031,0.9976214283346944,M2,125,TS
19,167,0.9979701549299111,0.9976122284124173,M2,125,TS
19,168,0.9979696476288039,0.9976218232811833,M2,125,TS
19,169,0.9979757712917408,0.9976135250865612,M2,125,TS
19,170,0.9979679876075439,0.9976083895467809,M2,125,TS
19,171,0.9979505371878232,0.9975663811513964,M2,125,TS
19,172,0.9979374164180058,0.9974956298214418,M2,125,TS
19,173,0.9979284641604969,0.9974419129136857,M2,125,TS
19,174,0.9979243138901803,0.997393457761724,M2,125,TS
19,175,0.9979137758823782,0.99736037522948,M2,125,TS
19,176,0.9979146632249826,0.9973223377652886,M2,125,TS
19,177,0.9979219630620617,0.9973077587437238,M2,125,TS
19,178,0.9979164416020232,0.9973147856526995,M2,125,TS
19,179,0.9978810831926193,0.9973232902958011,M2,125,TS
19,180,0.9978462976686268,0.99734173303968,M2,125,TS
19,181,0.9978140490845031,0.9973457613677545,M2,125,TS
19,182,0.9978019663708897,0.9973492897850051,M2,125,TS
19,183,0.9977817707485597,0.9973520276058377,M2,125,TS
19,184,0.997760137049204,0.9973358834740537,M2,125,TS
19,185,0.9977178738287117,0.9973149458215601,M2,125,TS
19,186,0.9976769311981306,0.9972655334435467,M2,125,TS
19,187,0.9976246500837709,0.9972170716264918,M2,125,TS
19,188,0.9975481718358651,0.9971758689821728,M2,125,TS
19,189,0.997464250420944,0.997141458573715,M2,125,TS
19,190,0.9974058504213121,0.9971075413075691,M2,125,TS
19,191,0.9973498303501193,0.9970870991319202,M2,125,TS
19,192,0.9973111514638624,0.9970392247181686,M2,125,TS
19,193,0.9972846686521686,0.9969697378912383,M2,125,TS
19,194,0.9972725060212573,0.9969191582377055,M2,125,TS
19,195,0.9972586462336028,0.9968439727653158,M2,125,TS
19,196,0.9972579269779204,0.996791902266805,M2,125,TS
19,197,0.997266220569223,0.9967423628751472,M2,125,TS
19,198,0.9972835270075077,0.9966953545903394,M2,125,TS
19,199,0.9973098462927743,0.996650877412382,M2,125,TS
19,200,0.997345178425023,0.9966089313412747,M2,125,TS
20,151,0.9973616389364621,0.9977743590261492,M2,125,TS
20,152,0.9974075197253998,0.9977643614439381,M2,125,TS
20,153,0.9974215049847107,0.9977514447204742,M2,125,TS
20,154,0.997403594714395,0.9977356088557575,M2,125,TS
20,155,0.9973537889144526,0.997716853849788,M2,125,TS
20,156,0.9972720875848866,0.9976951797025686,M2,125,TS
20,157,0.9971109528470454,0.9976788258112467,M2,125,TS
20,158,0.9969958467251645,0.9976500921119921,M2,125,TS
20,159,0.9968982250774934,0.9976191995859517,M2,125,TS
20,160,0.9968057423558895,0.9975828282299792,M2,125,TS
20,161,0.9967649835522265,0.9975430450756996,M2,125,TS
20,162,0.9967462230467132,0.9974785735210583,M2,125,TS
20,163,0.9967562441604744,0.9974190215581595,M2,125,TS
20,164,0.9968197596582506,0.9973761553229671,M2,125,TS
20,165,0.9969000064872323,0.9973437499840434,M2,125,TS
20,166,0.9969981041843179,0.9973268038569939,M2,125,TS
20,167,0.9968934864706803,0.9973237655373903,M2,125,TS
20,168,0.996978171831189,0.9973342683892369,M2,125,TS
20,169,0.9968581736723161,0.9973323109667768,M2,125,TS
20,170,0.9967202675194098,0.9973335727085941,M2,125,TS
20,171,0.9966286239580148,0.9972968266084056,M2,125,TS
20,172,0.9965689094138606,0.9972308342534411,M2,125,TS
20,173,0.9966561260440131,0.9971780688890333,M2,125,TS
20,174,0.9965639000607831,0.9971352872982882,M2,125,TS
20,175,0.9964988305626201,0.9971069371554787,M2,125,TS
20,176,0.9964825142151799,0.997072616107113,M2,125,TS
20,177,0.9965271691823476,0.9970602731061229,M2,125,TS
20,178,0.9966247076581672,0.9970677758053988,M2,125,TS
20,179,0.9965231349097945,0.9970810089554116,M2,125,TS
20,180,0.9964948170830299,0.9971022840628068,M2,125,TS
20,181,0.9965423828461333,0.997107449367217,M2,125,TS
20,182,0.9965689321766831,0.9971131647248771,M2,125,TS
20,183,0.99662696643056,0.997117007147604,M2,125,TS
20,184,0.9964687216956917,0.9971075587586992,M2,125,TS
20,185,0.9964055226886985,0.9970903472689004,M2,125,TS
20,186,0.9964305090450565,0.9970425420630643,M2,125,TS
20,187,0.9962479179393413,0.9970007413218367,M2,125,TS
20,188,0.9960964738165874,0.996964732594343,M2,125,TS
20,189,0.9959848674786759,0.9969342388414304,M2,125,TS
20,190,0.9959041879371922,0.9969041626402813,M2,125,TS
20,191,0.9958612410572101,0.9968865732053631,M2,125,TS
20,192,0.9958008059821721,0.9968425923975995,M2,125,TS
20,193,0.9957761643512522,0.9967764605552336,M2,125,TS
20,194,0.9958041770686448,0.9967281669795196,M2,125,TS
20,195,0.9958724204484426,0.9966543525254067,M2,125,TS
20,196,0.9959026605517954,0.9966048273715561,M2,125,TS
20,197,0.9959341167151717,0.9965580211291626,M2,125,TS
20,198,0.9959667889385689,0.9965139337982232,M2,125,TS
20,199,0.996000677221987,0.9964725653787381,M2,125,TS
20,200,0.9960357815654259,0.9964339158707073,M2,125,TS
21,151,0.9956912339585707,0.995695405335707,M2,125,TS
21,152,0.9956361582846758,0.9956621362539224,M2,125,TS
21,153,0.9955777660134763,0.9956252164271733,M2,125,TS
21,154,0.9955160571449724,0.9955846458554592,M2,125,TS
21,155,0.995451031679164,0.9955404245387806,M2,125,TS
21,156,0.995382689616054,0.9954925524771401,M2,125,TS
21,157,0.9953032813292844,0.9954482517200752,M2,125,TS
21,158,0.9952288312847336,0.9953926379868635,M2,125,TS
21,159,0.9951657989556684,0.995335001154818,M2,125,TS
21,160,0.9950827836652403,0.9952725470947628,M2,125,TS
21,161,0.9950040504535111,0.9952078563913899,M2,125,TS
21,162,0.9949378275730777,0.9951185985910371,M2,125,TS
21,163,0.994872731051322,0.9950349961966647,M2,125,TS
21,164,0.9948462154708643,0.9949685232323334,M2,125,TS
21,165,0.9948455456205259,0.994912315946376,M2,125,TS
21,166,0.9948506100983525,0.9948719462956308,M2,125,TS
21,167,0.9948442953928711,0.9948406366930653,M2,125,TS
21,168,0.994858696630907,0.9948272087304526,M2,125,TS
21,169,0.9948599240004905,0.9947963947713976,M2,125,TS
21,170,0.9948275598015108,0.9947692404189924,M2,125,TS
21,171,0.9947749222348143,0.9947055557616973,M2,125,TS
21,172,0.9947228452351056,0.9946132732562704,M2,125,TS
21,173,0.994660418753779,0.9945383633774137,M2,125,TS
21,174,0.9946132830160076,0.9944684420876769,M2,125,TS
21,175,0.9945781416702075,0.9944134036531681,M2,125,TS
21,176,0.9945183042464286,0.9943543261944165,M2,125,TS
21,177,0.994460904363839,0.9943187886942051,M2,125,TS
21,178,0.9944207553588466,0.9943040692552919,M2,125,TS
21,179,0.9943659110086336,0.9942904152653954,M2,125,TS
21,180,0.9943098604053411,0.9942867387483155,M2,125,TS
21,181,0.9942479000109743,0.9942689076869335,M2,125,TS
21,182,0.9941933460671152,0.9942509009610297,M2,125,TS
21,183,0.9941428593360844,0.9942317742077086,M2,125,TS
21,184,0.9941003087097292,0.994193543999483,M2,125,TS
21,185,0.994049879015029,0.9941501942377102,M2,125,TS
21,186,0.9939787237981907,0.9940789647736102,M2,125,TS
21,187,0.9939123404758661,0.9940082711389051,M2,125,TS
21,188,0.9938302001053307,0.9939446105274485,M2,125,TS
21,189,0.9937594602523034,0.9938872436189727,M2,125,TS
21,190,0.9936779827658371,0.9938313133512945,M2,125,TS
21,191,0.9935713169909226,0.9937895473361426,M2,125,TS
21,192,0.9934749826288649,0.9937205619288207,M2,125,TS
21,193,0.9933924321192207,0.9936299402729417,M2,125,TS
21,194,0.9933409069786632,0.9935577822477388,M2,125,TS
21,195,0.9933053047706054,0.9934606052259156,M2,125,TS
21,196,0.9932830596003424,0.9933865022854871,M2,125,TS
21,197,0.9932787843572951,0.9933146978800115,M2,125,TS
21,198,0.9932924790414607,0.993245192009486,M2,125,TS
21,199,0.9933241436528392,0.9931779846739109,M2,125,TS
21,200,0.9933737781914306,0.9931130758732859,M2,125,TS
22,151,0.9979528761834789,0.9979035661468881,M2,125,TS
22,152,0.9979072381966131,0.9978964162790072,M2,125,TS
22,153,0.9978617640595299,0.9978855275805002,M2,125,TS
22,154,0.997816453772229,0.9978709000513672,M2,125,TS
22,155,0.9977713073347109,0.9978525336916082,M2,125,TS
22,156,0.9977263247469779,0.997830428501226,M2,125,TS
22,157,0.9976623722504454,0.9978121030714041,M2,125,TS
22,158,0.9976220530829301,0.9977819752290891,M2,125,TS
22,159,0.9975850693515447,0.997750036908447,M2,125,TS
22,160,0.9975521284025106,0.9977126588940229,M2,125,TS
22,161,0.9975274650059696,0.9976729491318154,M2,125,TS
22,162,0.99750044667464,0.9976090888873101,M2,125,TS
22,163,0.9974735928424314,0.9975508978224639,M2,125,TS
22,164,0.9974506677254206,0.997510707522159,M2,125,TS
22,165,0.9974375716473516,0.9974811838821549,M2,125,TS
22,166,0.9974409607621424,0.9974672070962419,M2,125,TS
22,167,0.9974532155137844,0.997461762894076,M2,125,TS
22,168,0.9974715255646589,0.9974745631845586,M2,125,TS
22,169,0.9974882601035546,0.9974696908011406,M2,125,TS
22,170,0.9974927470335335,0.9974679128736774,M2,125,TS
22,171,0.9974823827231087,0.9974295283028335,M2,125,TS
22,172,0.9974560568032118,0.9973630116385179,M2,125,TS
22,173,0.9974282640273349,0.9973136112352725,M2,125,TS
22,174,0.9974235959318766,0.9972690044056345,M2,125,TS
22,175,0.9974112134769693,0.997239767371245,M2,125,TS
22,176,0.9974167092627432,0.9972053790811513,M2,125,TS
22,177,0.9974104067819365,0.9971948835653913,M2,125,TS
22,178,0.9973914928461298,0.997205954195173,M2,125,TS
22,179,0.9973688547367965,0.9972177964487461,M2,125,TS
22,180,0.9973364659420498,0.9972398261922414,M2,125,TS
22,181,0.9972937885930526,0.9972478545567404,M2,125,TS
22,182,0.9972503787900733,0.9972559184603357,M2,125,TS
22,183,0.9972196642067779,0.9972626315552404,M2,125,TS
22,184,0.9971947514642006,0.9972503099533121,M2,125,TS
22,185,0.9971539974562448,0.9972330693253549,M2,125,TS
22,186,0.99711660853755,0.9971873442692997,M2,125,TS
22,187,0.9970594165220095,0.9971428044420694,M2,125,TS
22,188,0.9969981574821415,0.9971049843334452,M2,125,TS
22,189,0.996932905442551,0.9970738400462632,M2,125,TS
22,190,0.9968700312810477,0.9970438129150714,M2,125,TS
22,191,0.9967969001664407,0.997027547121815,M2,125,TS
22,192,0.9967343004587343,0.9969840916309386,M2,125,TS
22,193,0.9966924120561809,0.9969188331422038,M2,125,TS
22,194,0.9966737251724511,0.996872207602043,M2,125,TS
22,195,0.9966714083321956,0.9968005825963129,M2,125,TS
22,196,0.9966745969745014,0.9967522121463155,M2,125,TS
22,197,0.9966913347168012,0.9967062509188162,M2,125,TS
22,198,0.9967216215590917,0.9966626989138124,M2,125,TS
22,199,0.9967654575013734,0.9966215561313041,M2,125,TS
22,200,0.996822842543646,0.996582822571291,M2,125,TS
23,151,0.9957291000885199,0.9956813487447295,M2,125,TS
23,152,0.995655804722311,0.9956466128426189,M2,125,TS
23,153,0.995583265767001,0.9956081172146869,M2,125,TS
23,154,0.9955114832225899,0.9955658618609334,M2,125,TS
23,155,0.9954404570890777,0.9955198467813584,M2,125,TS
23,156,0.9953701873664672,0.9954700719759647,M2,125,TS
23,157,0.9952964816511591,0.9954236546173949,M2,125,TS
23,158,0.9952337450924627,0.9953657739637141,M2,125,TS
23,159,0.9951646689343825,0.9953063411375269,M2,125,TS
23,160,0.9950886447357687,0.9952417467970625,M2,125,TS
23,161,0.9950125348933974,0.9951750676530701,M2,125,TS
23,162,0.9949454753952015,0.9950839989661648,M2,125,TS
23,163,0.9948705612965933,0.9949988034139419,M2,125,TS
23,164,0.9948185960203811,0.9949310943482792,M2,125,TS
23,165,0.9947838854552487,0.9948738412399418,M2,125,TS
23,166,0.9947588975268944,0.9948322664411547,M2,125,TS
23,167,0.9947590577003345,0.9947987506468065,M2,125,TS
23,168,0.9947644068394659,0.9947835218583849,M2,125,TS
23,169,0.9947660037795605,0.9947506590529516,M2,125,TS
23,170,0.9947637944757017,0.9947206762144054,M2,125,TS
23,171,0.9947466162556119,0.9946542000470509,M2,125,TS
23,172,0.9947189951630708,0.9945595277603999,M2,125,TS
23,173,0.9946621370785891,0.9944826280525385,M2,125,TS
23,174,0.9946149970545015,0.9944108459976193,M2,125,TS
23,175,0.9945695964921818,0.9943541656215825,M2,125,TS
23,176,0.9945269742307985,0.9942927200620045,M2,125,TS
23,177,0.9944802338775807,0.9942549300244026,M2,125,TS
23,178,0.99442978382032,0.9942384558679418,M2,125,TS
23,179,0.994383440304972,0.9942225023936392,M2,125,TS
23,180,0.9943415393688771,0.9942163673570963,M2,125,TS
23,181,0.9942902372324994,0.9941962724888085,M2,125,TS
23,182,0.9942375416961541,0.9941762186288032,M2,125,TS
23,183,0.9941733265295782,0.9941554006003476,M2,125,TS
23,184,0.9941300293605158,0.9941151938168631,M2,125,TS
23,185,0.9940893572924874,0.9940696020092616,M2,125,TS
23,186,0.9940361842867442,0.9939959975309284,M2,125,TS
23,187,0.9939514980828261,0.9939238478732142,M2,125,TS
23,188,0.9938687256791139,0.993858255623224,M2,125,TS
23,189,0.9937819685524725,0.9937993139789697,M2,125,TS
23,190,0.9937040166065777,0.9937413391440881,M2,125,TS
23,191,0.9936094491179026,0.9936972660859833,M2,125,TS
23,192,0.9935086087142964,0.9936264791542959,M2,125,TS
23,193,0.9934110201584094,0.9935343696195714,M2,125,TS
23,194,0.9933458424257315,0.9934606581686029,M2,125,TS
23,195,0.9932978906382908,0.993361990908025,M2,125,TS
23,196,0.993268502233414,0.9932861733974824,M2,125,TS
23,197,0.9932555990533375,0.9932126857487681,M2,125,TS
23,198,0.9932591810980587,0.9931415279618796,M2,125,TS
23,199,0.9932792483675777,0.9930727000368168,M2,125,TS
23,200,0.9933158008618946,0.9930062019735797,M2,125,TS
26,151,0.9959505042486115,0.9955216652748459,M2,125,TS
26,152,0.9959391513915293,0.9954829686477675,M2,125,TS
26,153,0.9959235813440527,0.9954406551540694,M2,125,TS
26,154,0.9959037941061815,0.9953947247937517,M2,125,TS
26,155,0.9958797896779156,0.9953451775668145,M2,125,TS
26,156,0.9958515680592581,0.9952920134732605,M2,125,TS
26,157,0.9958072894134908,0.995242578771141,M2,125,TS
26,158,0.9957666449082698,0.9951819543458367,M2,125,TS
26,159,0.9957290508396146,0.99511939025303,M2,125,TS
26,160,0.9956855218293663,0.995051762156209,M2,125,TS
26,161,0.9956471401855236,0.9949816000237728,M2,125,TS
26,162,0.9956172217042869,0.9948861716099725,M2,125,TS
26,163,0.9955702454172622,0.9947970357851148,M2,125,TS
26,164,0.9955319666902213,0.9947261939038363,M2,125,TS
26,165,0.9954958282837898,0.9946664765615348,M2,125,TS
26,166,0.9954580497498497,0.994623224806882,M2,125,TS
26,167,0.9954201972989694,0.994589149676958,M2,125,TS
26,168,0.9954003162585383,0.9945731241436908,M2,125,TS
26,169,0.9953739741361689,0.9945394650904033,M2,125,TS
26,170,0.9953283702185327,0.9945093524918034,M2,125,TS
26,171,0.9952770786212812,0.9944408270826764,M2,125,TS
26,172,0.9952158335301919,0.9943429449878359,M2,125,TS
26,173,0.9951514651758169,0.9942629650163818,M2,125,TS
26,174,0.9950852331987592,0.9941884232450827,M2,125,TS
26,175,0.9950159682286617,0.9941295589560779,M2,125,TS
26,176,0.994937142898188,0.9940665807352318,M2,125,TS
26,177,0.9948684720981864,0.9940273335404203,M2,125,TS
26,178,0.994824032753938,0.9940091086319035,M2,125,TS
26,179,0.9947916678182149,0.993991707254068,M2,125,TS
26,180,0.9947660354292998,0.993984243156257,M2,125,TS
26,181,0.9947581952186065,0.9939610744290199,M2,125,TS
26,182,0.9947504723156242,0.9939379382030004,M2,125,TS
26,183,0.9947581154144762,0.99391371460111,M2,125,TS
26,184,0.99477481366559,0.9938699795945559,M2,125,TS
26,185,0.994767935465342,0.9938215414296246,M2,125,TS
26,186,0.9947573642526486,0.993744262054533,M2,125,TS
26,187,0.9947425828269708,0.9936676143486235,M2,125,TS
26,188,0.9947137593630634,0.9935982017108905,M2,125,TS
26,189,0.9947103567853216,0.9935350467020675,M2,125,TS
26,190,0.9946953152330662,0.993473018058754,M2,125,TS
26,191,0.994681869981461,0.9934248825075602,M2,125,TS
26,192,0.9946622189775258,0.9933491990945313,M2,125,TS
26,193,0.9946446633771215,0.993251852458508,M2,125,TS
26,194,0.9946319178289431,0.9931741095311633,M2,125,TS
26,195,0.9945965515165704,0.9930715325862183,M2,125,TS
26,196,0.9945587055634009,0.9929931037936149,M2,125,TS
26,197,0.9945147672408209,0.9929176510226179,M2,125,TS
26,198,0.994464736548828,0.9928451742732245,M2,125,TS
26,199,0.9944086134874224,0.992775673545435,M2,125,TS
26,200,0.994346398056604,0.9927091488392491,M2,125,TS
27,151,0.9956270353333843,0.995605781096849,M2,125,TS
27,152,0.9956308304875027,0.9955821560234901,M2,125,TS
27,153,0.9956235063981074,0.9955550817142216,M2,125,TS
27,154,0.9956050630651984,0.9955245581690436,M2,125,TS
27,155,0.9955755004887756,0.995490585387956,M2,125,TS
27,156,0.9955348186688422,0.9954531633709617,M2,125,TS
27,157,0.9954834006625471,0.9954193118333401,M2,125,TS
27,158,0.995418425360461,0.9953746036423755,M2,125,TS
27,159,0.9953565849148365,0.9953280968209539,M2,125,TS
27,160,0.9952733097356826,0.9952767969425603,M2,125,TS
27,161,0.9952144854349595,0.9952227628116562,M2,125,TS
27,162,0.9951573562046216,0.9951445169670935,M2,125,TS
27,163,0.9950850316767843,0.9950723231672866,M2,125,TS
27,164,0.9949959437697586,0.9950186395289485,M2,125,TS
27,165,0.9949210350328426,0.9949754984125874,M2,125,TS
27,166,0.9948438679446346,0.9949483637459807,M2,125,TS
27,167,0.9947548564922097,0.9949302762317701,M2,125,TS
27,168,0.9946976510250903,0.9949297631583894,M2,125,TS
27,169,0.9946473330066448,0.9949113685275273,M2,125,TS
27,170,0.9945945152930386,0.9948958014429017,M2,125,TS
27,171,0.9945447834265342,0.9948432456582946,M2,125,TS
27,172,0.9945075395805032,0.9947618809975929,M2,125,TS
27,173,0.9944889188554943,0.9946970812125846,M2,125,TS
27,174,0.9944763021037695,0.9946375168249159,M2,125,TS
27,175,0.9944619689353607,0.9945931463447534,M2,125,TS
27,176,0.9944689801054403,0.9945435160907289,M2,125,TS
27,177,0.9944851237885035,0.994517223682583,M2,125,TS
27,178,0.9944910894255776,0.9945124140683008,M2,125,TS
27,179,0.9944799854294203,0.9945086985943891,M2,125,TS
27,180,0.9944433259927755,0.9945155659945019,M2,125,TS
27,181,0.994388699724889,0.9945086783074525,M2,125,TS
27,182,0.9943523016714957,0.9945013407002042,M2,125,TS
27,183,0.9943249681714408,0.9944927310402006,M2,125,TS
27,184,0.99428351692634,0.9944656162634058,M2,125,TS
27,185,0.9942383398808105,0.9944332693412645,M2,125,TS
27,186,0.9942158639706631,0.9943719651151535,M2,125,TS
27,187,0.9941856942445113,0.994311549414643,M2,125,TS
27,188,0.9941470624534154,0.9942579515846478,M2,125,TS
27,189,0.9941038359803992,0.9942110287869457,M2,125,TS
27,190,0.9940330063469403,0.9941660104315321,M2,125,TS
27,191,0.9939755654170752,0.9941341242218964,M2,125,TS
27,192,0.993924755344659,0.9940751892150947,M2,125,TS
27,193,0.9938759374482569,0.993994946959506,M2,125,TS
27,194,0.9938333304535465,0.9939337429774284,M2,125,TS
27,195,0.9937877818081611,0.9938480749620935,M2,125,TS
27,196,0.9937337446981204,0.9937859892806096,M2,125,TS
27,197,0.9936772647437789,0.993726719651849,M2,125,TS
27,198,0.9936183419451339,0.9936702660758089,M2,125,TS
27,199,0.9935569763021853,0.9936166285524894,M2,125,TS
27,200,0.9934931678149332,0.9935658070818906,M2,125,TS
28,151,0.9958768271134878,0.9956043089649195,M2,125,TS
28,152,0.9958069872774017,0.9955803570760812,M2,125,TS
28,153,0.9957385062343753,0.995552635760789,M2,125,TS
28,154,0.9956713839844086,0.9955211450190428,M2,125,TS
28,155,0.9956056205275016,0.9954858848508427,M2,125,TS
28,156,0.9955412158636568,0.9954468552561911,M2,125,TS
28,157,0.9954703721703593,0.9954112848880083,M2,125,TS
28,158,0.9954017294613472,0.9953644552948743,M2,125,TS
28,159,0.9953492965457706,0.9953154913124272,M2,125,TS
28,160,0.9952887605784829,0.9952613931673654,M2,125,TS
28,161,0.9952268306544811,0.9952052231391464,M2,125,TS
28,162,0.9951706085295687,0.9951247352331251,M2,125,TS
28,163,0.9951025837892211,0.995050213768166,M2,125,TS
28,164,0.9950259680471947,0.9949939946692586,M2,125,TS
28,165,0.9949711867638683,0.9949481224969137,M2,125,TS
28,166,0.9949195165957059,0.994918120135374,M2,125,TS
28,167,0.9948801619547997,0.9948965453498322,M2,125,TS
28,168,0.9948288282290081,0.9948936697065343,M2,125,TS
28,169,0.994759286893276,0.9948735542704537,M2,125,TS
28,170,0.9946900390221152,0.9948561968996543,M2,125,TS
28,171,0.9946267177461146,0.9948017725324558,M2,125,TS
28,172,0.9945784560647598,0.994718469664482,M2,125,TS
28,173,0.9945622098053123,0.9946513904308482,M2,125,TS
28,174,0.9945735190442897,0.994588992820614,M2,125,TS
28,175,0.9946043690732354,0.9945412457652836,M2,125,TS
28,176,0.9946231319216181,0.9944890984386381,M2,125,TS
28,177,0.9946438750046789,0.994460473107306,M2,125,TS
28,178,0.9946295992122275,0.9944539694895086,M2,125,TS
28,179,0.9945936333057059,0.994448679091696,M2,125,TS
28,180,0.9945449739711748,0.9944536429613355,M2,125,TS
28,181,0.9944893921720652,0.9944445650389776,M2,125,TS
28,182,0.9944399381823597,0.9944353468514775,M2,125,TS
28,183,0.9944161321713652,0.9944244316834582,M2,125,TS
28,184,0.9943877023568948,0.9943947669376606,M2,125,TS
28,185,0.9943462800062939,0.9943601082617294,M2,125,TS
28,186,0.9943019638171833,0.9942971480357641,M2,125,TS
28,187,0.9942709067133846,0.9942345362011266,M2,125,TS
28,188,0.994239933611649,0.9941785245866999,M2,125,TS
28,189,0.9942015542194994,0.9941292611799629,M2,125,TS
28,190,0.9941377686530268,0.9940818444006283,M2,125,TS
28,191,0.9940912929380132,0.99404746108085,M2,125,TS
28,192,0.9940443114741453,0.9939862085545956,M2,125,TS
28,193,0.9940105493736837,0.9939033600746524,M2,125,TS
28,194,0.9939496478780393,0.9938404089374205,M2,125,TS
28,195,0.993885339415004,0.9937530032349303,M2,125,TS
28,196,0.9938172778179344,0.9936890597186333,M2,125,TS
28,197,0.9937457480426715,0.9936279588316105,M2,125,TS
28,198,0.9936707500892124,0.9935697005738592,M2,125,TS
28,199,0.9935922839575569,0.9935142849453795,M2,125,TS
28,200,0.9935103496477052,0.9934617119461713,M2,125,TS
29,151,0.9971053161646016,0.9969268376414755,M2,125,TS
29,152,0.9970546443879883,0.9969033321086272,M2,125,TS
29,153,0.9969999147314916,0.9968761952964896,M2,125,TS
29,154,0.9969411271951116,0.9968454272050624,M2,125,TS
29,155,0.9968782817788483,0.9968110278343458,M2,125,TS
29,156,0.9968113784827042,0.9967729971843425,M2,125,TS
29,157,0.9967248965817403,0.9967387579052507,M2,125,TS
29,158,0.9966387616759906,0.9966933233468261,M2,125,TS
29,159,0.9965665081064645,0.9966458012821153,M2,125,TS
29,160,0.9965136282181668,0.9965924533899484,M2,125,TS
29,161,0.9964645471636396,0.996536877770705,M2,125,TS
29,162,0.9964205732676059,0.9964569177980973,M2,125,TS
29,163,0.9963652681228199,0.9963829335496849,M2,125,TS
29,164,0.9963280237515837,0.9963266086872292,M2,125,TS
29,165,0.9963083764024314,0.9962807636634538,M2,125,TS
29,166,0.9962999252139577,0.9962506210690323,M2,125,TS
29,167,0.9962917071015146,0.9962292463809937,M2,125,TS
29,168,0.9962900129355721,0.9962261162570781,M2,125,TS
29,169,0.9963176372464052,0.9962045113800881,M2,125,TS
29,170,0.996330514478867,0.9961860836138106,M2,125,TS
29,171,0.99633957105396,0.9961306892915462,M2,125,TS
29,172,0.9963433788354059,0.99604683625549,M2,125,TS
29,173,0.996316399630141,0.9959808869139473,M2,125,TS
29,174,0.9962795277877291,0.995920573479818,M2,125,TS
29,175,0.996253321792555,0.9958751805609277,M2,125,TS
29,176,0.9962191139567975,0.9958253218382703,M2,125,TS
29,177,0.9961771816583925,0.9957992681328826,M2,125,TS
29,178,0.9961279864664458,0.995794664325485,M2,125,TS
29,179,0.9960935972765861,0.9957903748458146,M2,125,TS
29,180,0.9960372576932366,0.9957965958059888,M2,125,TS
29,181,0.9959856516483765,0.9957883806382531,M2,125,TS
29,182,0.9959354462420607,0.9957801447810121,M2,125,TS
29,183,0.9958692511216817,0.9957713071137249,M2,125,TS
29,184,0.9958310565509717,0.9957428475238062,M2,125,TS
29,185,0.9957945079160518,0.9957090236268332,M2,125,TS
29,186,0.9957594622723526,0.9956467431218908,M2,125,TS
29,187,0.995720506712767,0.9955852227516329,M2,125,TS
29,188,0.9956817104654498,0.9955303288203218,M2,125,TS
29,189,0.9956372887491772,0.9954821684157811,M2,125,TS
29,190,0.9955685636190378,0.9954357900004263,M2,125,TS
29,191,0.9954968102463866,0.9954030107686703,M2,125,TS
29,192,0.9954372577928832,0.9953429579496248,M2,125,TS
29,193,0.99534720467828,0.9952624009476065,M2,125,TS
29,194,0.9952711797727173,0.9952007454431923,M2,125,TS
29,195,0.9952156734143542,0.9951139451410808,M2,125,TS
29,196,0.9951853650628,0.9950499231237805,M2,125,TS
29,197,0.9951711378661893,0.9949882487172733,M2,125,TS
29,198,0.9951729918245189,0.9949289219215567,M2,125,TS
29,199,0.9951909269377889,0.9948719427366305,M2,125,TS
29,200,0.9952249432059993,0.9948173111624945,M2,125,TS
30,151,0.9786156496830348,0.9786457333728643,M2,125,TS
30,152,0.97849959995813,0.9784924239642862,M2,125,TS
30,153,0.9783824134107618,0.9783354163769118,M2,125,TS
30,154,0.9782640900409304,0.9781747106107411,M2,125,TS
30,155,0.9781446298486357,0.9780103066657742,M2,125,TS
30,156,0.9780240328338803,0.9778422045420138,M2,125,TS
30,157,0.9778889014610461,0.9776778013372456,M2,125,TS
30,158,0.9777682447260291,0.9775018149740999,M2,125,TS
30,159,0.9776605185831237,0.977323751120764,M2,125,TS
30,160,0.97753377880097,0.9771408508137246,M2,125,TS
30,161,0.9774259211339003,0.9769552903461233,M2,125,TS
30,162,0.9773195538559117,0.976745370170518,M2,125,TS
30,163,0.9771920347440073,0.9765416798274503,M2,125,TS
30,164,0.9770537208353786,0.97635642405487,M2,125,TS
30,165,0.976874119681151,0.9761831891847708,M2,125,TS
30,166,0.976676843904003,0.9760264552795976,M2,125,TS
30,167,0.9764800237719291,0.9758785604723372,M2,125,TS
30,168,0.9762819189345002,0.9757490805244817,M2,125,TS
30,169,0.9760779184118875,0.9756020546378531,M2,125,TS
30,170,0.9758535861728687,0.9754583439067497,M2,125,TS
30,171,0.975640084719773,0.9752771484050217,M2,125,TS
30,172,0.9754444258391946,0.9750667999695573,M2,125,TS
30,173,0.9752571500427585,0.9748734225414213,M2,125,TS
30,174,0.9750693311365886,0.9746854710166465,M2,125,TS
30,175,0.9748969062286892,0.9745123497962604,M2,125,TS
30,176,0.9747300921460091,0.9743344087844324,M2,125,TS
30,177,0.9745758297873253,0.9741798072110739,M2,125,TS
30,178,0.9744064513106123,0.9740468866593217,M2,125,TS
30,179,0.9742581496357877,0.9739141844321834,M2,125,TS
30,180,0.9741236702127505,0.9737910794158527,M2,125,TS
30,181,0.9739996481604303,0.9736533099249723,M2,125,TS
30,182,0.9738789733217553,0.9735154862406998,M2,125,TS
30,183,0.9737841247686867,0.973376031244791,M2,125,TS
30,184,0.9736866657990332,0.9732176940565967,M2,125,TS
30,185,0.9735904989506905,0.9730539893617771,M2,125,TS
30,186,0.9734797771977106,0.9728621511021378,M2,125,TS
30,187,0.9733510233290976,0.9726714856628462,M2,125,TS
30,188,0.9731987434300009,0.9724880659274007,M2,125,TS
30,189,0.9730811593001335,0.9723103745284005,M2,125,TS
30,190,0.9729794485882934,0.9721334175207171,M2,125,TS
30,191,0.9728458590800013,0.9719708307352637,M2,125,TS
30,192,0.9727194183353756,0.9717810429879948,M2,125,TS
30,193,0.9725771072263516,0.9715703323178416,M2,125,TS
30,194,0.9724210447533566,0.9713792283948725,M2,125,TS
30,195,0.9722410586237553,0.9711640353716128,M2,125,TS
30,196,0.9720844632924925,0.9709717592944275,M2,125,TS
30,197,0.971925259507695,0.9707823154700777,M2,125,TS
30,198,0.97176344726936,0.9705957038985604,M2,125,TS
30,199,0.9715990265774874,0.9704119245798758,M2,125,TS
30,200,0.9714319974320774,0.9702309775140238,M2,125,TS
31,151,0.9975070046684483,0.9972774133851618,M2,125,TS
31,152,0.997474092201904,0.9972491834287496,M2,125,TS
31,153,0.9974387880343855,0.9972172808287163,M2,125,TS
31,154,0.9974010921658929,0.997181705585062,M2,125,TS
31,155,0.9973610045964262,0.9971424576977866,M2,125,TS
31,156,0.9973185253259879,0.9970995371668931,M2,125,TS
31,157,0.9972511507658179,0.9970605454183553,M2,125,TS
31,158,0.9971848111679518,0.9970103705551833,M2,125,TS
31,159,0.9971480978372742,0.9969576708568544,M2,125,TS
31,160,0.9971319010209514,0.9968991482570303,M2,125,TS
31,161,0.9971251197669797,0.9968381853623924,M2,125,TS
31,162,0.9971208142617026,0.9967526918451007,M2,125,TS
31,163,0.9970887395225201,0.9966736439543623,M2,125,TS
31,164,0.9970490605713396,0.9966130188537307,M2,125,TS
31,165,0.9970042857558397,0.9965635208759035,M2,125,TS
31,166,0.9969578503880083,0.996530167695395,M2,125,TS
31,167,0.9968884360628354,0.9965062758392281,M2,125,TS
31,168,0.9968279092851762,0.9965006019695007,M2,125,TS
31,169,0.9967573712929807,0.9964774346399353,M2,125,TS
31,170,0.9966948078549835,0.9964569364897387,M2,125,TS
31,171,0.9966349709782729,0.9963989065696448,M2,125,TS
31,172,0.996591494356329,0.9963115943340027,M2,125,TS
31,173,0.9965419818218111,0.996241738259822,M2,125,TS
31,174,0.9965113307933615,0.9961767780345302,M2,125,TS
31,175,0.9964791181183416,0.9961271613070747,M2,125,TS
31,176,0.9964635240505813,0.9960725377073472,M2,125,TS
31,177,0.9964451825759255,0.9960416898982043,M2,125,TS
31,178,0.9964224586446496,0.9960323199044719,M2,125,TS
31,179,0.9963817573715876,0.9960242152853512,M2,125,TS
31,180,0.9963609201896753,0.9960255944948669,M2,125,TS
31,181,0.9963277652487826,0.9960127238398837,M2,125,TS
31,182,0.9962946207306943,0.9959998705784933,M2,125,TS
31,183,0.9962528918134679,0.995986305991891,M2,125,TS
31,184,0.9962236959859262,0.9959534178940675,M2,125,TS
31,185,0.9961806766368064,0.9959155691928475,M2,125,TS
31,186,0.9961562358257028,0.9958486965853646,M2,125,TS
31,187,0.9961461259271673,0.9957820687156856,M2,125,TS
31,188,0.9961059648658412,0.9957229094631402,M2,125,TS
31,189,0.9960572708541137,0.9956706415959565,M2,125,TS
31,190,0.9960122097441348,0.9956193491451224,M2,125,TS
31,191,0.9959512449869277,0.9955820975624701,M2,125,TS
31,192,0.9959146986428828,0.9955170584151304,M2,125,TS
31,193,0.9958371791458136,0.995431698613915,M2,125,TS
31,194,0.9957720818575309,0.9953654163703453,M2,125,TS
31,195,0.9956880636310182,0.9952747914786859,M2,125,TS
31,196,0.995610149220539,0.9952076043933246,M2,125,TS
31,197,0.9955296818882626,0.9951432590506296,M2,125,TS
31,198,0.9954466616341862,0.9950817554505983,M2,125,TS
31,199,0.9953610884583096,0.9950230935932304,M2,125,TS
31,200,0.9952729623606329,0.9949672734785261,M2,125,TS
32,151,0.9976372787513029,0.9974460008025556,M2,125,TS
32,152,0.9975859283782122,0.9974231142509974,M2,125,TS
32,153,0.997537759894991,0.9973964114478707,M2,125,TS
32,154,0.9974927733016392,0.997365892393176,M2,125,TS
32,155,0.9974509685981569,0.9973315570869129,M2,125,TS
32,156,0.9974123457845467,0.9972934055290845,M2,125,TS
32,157,0.9973910714903576,0.9972580996879291,M2,125,TS
32,158,0.9973645351764251,0.9972117530691181,M2,125,TS
32,159,0.9973236525734257,0.9971640297943587,M2,125,TS
32,160,0.9972787239121719,0.997111092815631,M2,125,TS
32,161,0.9972344983995737,0.997055981888117,M2,125,TS
32,162,0.9971726285375544,0.9969769909965654,M2,125,TS
32,163,0.9970815136859652,0.9969044527070804,M2,125,TS
32,164,0.9970228364338789,0.9968492445016315,M2,125,TS
32,165,0.9969708889751285,0.9968048191181285,M2,125,TS
32,166,0.9969182256786682,0.9967764433446915,M2,125,TS
32,167,0.9968728833104742,0.9967566907589884,M2,125,TS
32,168,0.9968603327414325,0.9967545215886003,M2,125,TS
32,169,0.9968612785135655,0.9967342741665135,M2,125,TS
32,170,0.9968686788578124,0.9967166874256612,M2,125,TS
32,171,0.9969081763848517,0.996661066974678,M2,125,TS
32,172,0.9969420233445405,0.996576898386465,M2,125,TS
32,173,0.9969555279992341,0.9965104344909955,M2,125,TS
32,174,0.9969494042176517,0.9964498548965363,M2,125,TS
32,175,0.9969421889585828,0.9964045375748366,M2,125,TS
32,176,0.9968777141211322,0.9963560495057884,M2,125,TS
32,177,0.9968280375656302,0.9963308255799498,M2,125,TS
32,178,0.9967976306524424,0.996326408897754,M2,125,TS
32,179,0.9967544462986647,0.9963230549773442,M2,125,TS
32,180,0.99670640641245,0.9963297894874917,M2,125,TS
32,181,0.9966986004560046,0.9963210857494084,M2,125,TS
32,182,0.9966953899063733,0.9963122805282028,M2,125,TS
32,183,0.996685822577861,0.9963026563340179,M2,125,TS
32,184,0.9966502949747469,0.9962747571284648,M2,125,TS
32,185,0.9966254627133584,0.9962412643623895,M2,125,TS
32,186,0.9965679863271613,0.9961801418257272,M2,125,TS
32,187,0.9965344708143342,0.9961190480039053,M2,125,TS
32,188,0.9964988250717449,0.9960646643764356,M2,125,TS
32,189,0.996472074794096,0.9960166729214734,M2,125,TS
32,190,0.9964329443745374,0.9959701242828606,M2,125,TS
32,191,0.9964071385563611,0.9959367968751142,M2,125,TS
32,192,0.99638051035617,0.9958764557254791,M2,125,TS
32,193,0.9963321543374705,0.9957953541028952,M2,125,TS
32,194,0.9962579876875047,0.9957342241757692,M2,125,TS
32,195,0.9961316823678599,0.995649734747016,M2,125,TS
32,196,0.9960397422901545,0.9955878519961666,M2,125,TS
32,197,0.9959416583034034,0.9955288927183406,M2,125,TS
32,198,0.9958374304076035,0.9954728569135355,M2,125,TS
32,199,0.9957270586027549,0.995419744581751,M2,125,TS
32,200,0.9956105428888574,0.9953695557229874,M2,125,TS
33,151,0.9971866038348991,0.9970572230602929,M2,125,TS
33,152,0.9971771882546973,0.9970297100734604,M2,125,TS
33,153,0.9971627874329976,0.9969985901983961,M2,125,TS
33,154,0.9971434013697998,0.9969638634351001,M2,125,TS
33,155,0.9971190300651044,0.9969255297835721,M2,125,TS
33,156,0.9970896735189142,0.996883589243815,M2,125,TS
33,157,0.9970750525561606,0.9968445616347067,M2,125,TS
33,158,0.9970425841341679,0.9967948156344315,M2,125,TS
33,159,0.9969901285945653,0.9967438374310517,M2,125,TS
33,160,0.9969343104870382,0.9966876280638991,M2,125,TS
33,161,0.9968498712257743,0.9966299958906609,M2,125,TS
33,162,0.9967605827944513,0.9965481551093414,M2,125,TS
33,163,0.9966678050407587,0.9964721069465208,M2,125,TS
33,164,0.996574105338067,0.9964142441574225,M2,125,TS
33,165,0.996518019421148,0.9963663729474602,M2,125,TS
33,166,0.9965124608595439,0.9963332386085603,M2,125,TS
33,167,0.9965141825532565,0.9963087291667109,M2,125,TS
33,168,0.9965348749456002,0.9963021571519022,M2,125,TS
33,169,0.9965777630163406,0.9962772840559837,M2,125,TS
33,170,0.9966255238746355,0.9962551122005022,M2,125,TS
33,171,0.996656957677011,0.9961961461633608,M2,125,TS
33,172,0.9966550091253424,0.9961093416795628,M2,125,TS
33,173,0.9966137619288136,0.9960407284634736,M2,125,TS
33,174,0.9965502000997162,0.9959780686225701,M2,125,TS
33,175,0.9964746392831506,0.995930950976115,M2,125,TS
33,176,0.9964297188078007,0.9958784099592571,M2,125,TS
33,177,0.9963524304473172,0.9958503423834101,M2,125,TS
33,178,0.9963035782007477,0.9958428474444055,M2,125,TS
33,179,0.9962833687753415,0.9958353543408733,M2,125,TS
33,180,0.996263535279786,0.9958378156966536,M2,125,TS
33,181,0.9962624508250876,0.9958253885242685,M2,125,TS
33,182,0.9962451407180266,0.9958133936021981,M2,125,TS
33,183,0.9962085193003893,0.9958009121288213,M2,125,TS
33,184,0.9961343369655,0.9957704525261905,M2,125,TS
33,185,0.9960713222389226,0.9957343871780275,M2,125,TS
33,186,0.9959977556922955,0.9956701250746892,M2,125,TS
33,187,0.9959310026846178,0.9956063314272778,M2,125,TS
33,188,0.9958913374269002,0.9955484993192054,M2,125,TS
33,189,0.9958676527629517,0.9954968781200911,M2,125,TS
33,190,0.9958287970002899,0.9954467710688312,M2,125,TS
33,191,0.9958101939978872,0.9954097080128725,M2,125,TS
33,192,0.9957553463743947,0.9953465383936285,M2,125,TS
33,193,0.9956676125809258,0.9952628938604368,M2,125,TS
33,194,0.9955510426928489,0.995199298678713,M2,125,TS
33,195,0.9954382903886538,0.9951109091147187,M2,125,TS
33,196,0.9953639686455392,0.9950450228932899,M2,125,TS
33,197,0.9952958060850953,0.9949817449002013,M2,125,TS
33,198,0.995233802707319,0.9949210751354499,M2,125,TS
33,199,0.9951779585122102,0.9948630135990358,M2,125,TS
33,200,0.9951282734997692,0.9948075602909592,M2,125,TS
34,151,0.9966019173591216,0.996597262867891,M2,125,TS
34,152,0.9965375109004615,0.9965685417806283,M2,125,TS
34,153,0.9964763859472371,0.9965360015803671,M2,125,TS
34,154,0.9964185424994484,0.9964996422671073,M2,125,TS
34,155,0.9963639805570954,0.996459463840849,M2,125,TS
34,156,0.9963127001201811,0.9964154663015949,M2,125,TS
34,157,0.9962666149512827,0.9963746256935256,M2,125,TS
34,158,0.9962313772546405,0.9963223259369557,M2,125,TS
34,159,0.9961944141671855,0.996268332030596,M2,125,TS
34,160,0.9961536486065649,0.9962091127455711,M2,125,TS
34,161,0.9961014414646291,0.9961480426377028,M2,125,TS
34,162,0.9960531997214542,0.9960625751310608,M2,125,TS
34,163,0.9959737831291746,0.9959836017202517,M2,125,TS
34,164,0.9958895801595637,0.995922894500402,M2,125,TS
34,165,0.9958105437270061,0.995872998962708,M2,125,TS
34,166,0.9957351350167742,0.9958390225560657,M2,125,TS
34,167,0.9956700869728872,0.9958135745553655,M2,125,TS
34,168,0.9956347533603704,0.9958057826295315,M2,125,TS
34,169,0.9956246217533973,0.9957796166266857,M2,125,TS
34,170,0.9956381439208416,0.9957556573113205,M2,125,TS
34,171,0.9956591928566096,0.9956943615965433,M2,125,TS
34,172,0.9956785063282084,0.9956044634232641,M2,125,TS
34,173,0.9956721182871628,0.9955323757618323,M2,125,TS
34,174,0.9956474420670414,0.9954661390646168,M2,125,TS
34,175,0.9956137090233086,0.9954153502896007,M2,125,TS
34,176,0.9955610584346923,0.9953603928839249,M2,125,TS
34,177,0.9955001619276789,0.9953292737323075,M2,125,TS
34,178,0.9954384586761857,0.995319459067397,M2,125,TS
34,179,0.9953924389841059,0.9953099586080237,M2,125,TS
34,180,0.9953774793924586,0.9953096180319864,M2,125,TS
34,181,0.995351102307958,0.9952952059133213,M2,125,TS
34,182,0.9953200941072107,0.9952809284782934,M2,125,TS
34,183,0.9952827946572366,0.9952658167240297,M2,125,TS
34,184,0.9952469365732137,0.9952317443845666,M2,125,TS
34,185,0.9952154748524293,0.9951922384667212,M2,125,TS
34,186,0.9951500523424563,0.995125158881422,M2,125,TS
34,187,0.9950793958477373,0.995058864751057,M2,125,TS
34,188,0.9949994423017487,0.9949994529228681,M2,125,TS
34,189,0.9949363986368576,0.9949462133627267,M2,125,TS
34,190,0.9948937771697592,0.9948935912107288,M2,125,TS
34,191,0.9948373823582575,0.994854865847223,M2,125,TS
34,192,0.9947845605225776,0.9947890483664747,M2,125,TS
34,193,0.9947197686923281,0.9947022346206927,M2,125,TS
34,194,0.9946657853548242,0.9946344308879397,M2,125,TS
34,195,0.9946061635654042,0.9945421115423115,M2,125,TS
34,196,0.9945227695739276,0.9944738604144007,M2,125,TS
34,197,0.9944266437355376,0.99440869900672,M2,125,TS
34,198,0.9943177860502315,0.9943466273192665,M2,125,TS
34,199,0.9941961965180095,0.9942876453520404,M2,125,TS
34,200,0.9940618751388715,0.9942317531050414,M2,125,TS
35,151,0.9708355022098698,0.9713545164351652,M2,125,TS
35,152,0.9706232971273814,0.9711258858906279,M2,125,TS
35,153,0.9704123482237726,0.970893511303452,M2,125,TS
35,154,0.9702026554990436,0.9706573926736375,M2,125,TS
35,155,0.9699942189531942,0.9704175300011842,M2,125,TS
35,156,0.9697870385862275,0.9701739232860952,M2,125,TS
35,157,0.9696018384489045,0.9699331363790441,M2,125,TS
35,158,0.9694066902960077,0.9696814082858829,M2,125,TS
35,159,0.9691907774375861,0.9694283892341093,M2,125,TS
35,160,0.9689591770683395,0.9691705077103854,M2,125,TS
35,161,0.9687235971385736,0.9689103650501206,M2,125,TS
35,162,0.9684909954576939,0.9686253473722223,M2,125,TS
35,163,0.9682610436433141,0.9683460317933928,M2,125,TS
35,164,0.9680052315499246,0.9680857729627071,M2,125,TS
35,165,0.9677421144430958,0.9678368147822868,M2,125,TS
35,166,0.9674688810330241,0.9676044465107569,M2,125,TS
35,167,0.9672224793203906,0.967380533517043,M2,125,TS
35,168,0.9669587291419212,0.967175455948457,M2,125,TS
35,169,0.9667118424950825,0.9669522429344793,M2,125,TS
35,170,0.9664732953879875,0.9667317242596405,M2,125,TS
35,171,0.9662483939751392,0.9664727374552283,M2,125,TS
35,172,0.9660367604950058,0.9661840906215023,M2,125,TS
35,173,0.9658361031352474,0.9659127879956276,M2,125,TS
35,174,0.9657179820200885,0.9656448170418214,M2,125,TS
35,175,0.965398903063109,0.9653974793409147,M2,125,TS
35,176,0.9651107695513601,0.965144819522476,M2,125,TS
35,177,0.9648586894584708,0.9649151527380997,M2,125,TS
35,178,0.9646059517150842,0.9647070142933576,M2,125,TS
35,179,0.9643882166997789,0.9644990365240401,M2,125,TS
35,180,0.9641961006035364,0.9643004391516202,M2,125,TS
35,181,0.9640272715349796,0.9640862859697221,M2,125,TS
35,182,0.9638750604309148,0.9638717688274162,M2,125,TS
35,183,0.9637616535848109,0.9636555011184089,M2,125,TS
35,184,0.9636730702771008,0.9634194040396645,M2,125,TS
35,185,0.9633928104139688,0.9631828943350148,M2,125,TS
35,186,0.9632178864531746,0.9629148010615769,M2,125,TS
35,187,0.9630336907275205,0.9626476496717111,M2,125,TS
35,188,0.9628495860100664,0.9623872692737909,M2,125,TS
35,189,0.9626592852063421,0.9621338657210211,M2,125,TS
35,190,0.9624863981906412,0.9618809757449502,M2,125,TS
35,191,0.9622996622069035,0.9616422287649238,M2,125,TS
35,192,0.962078092225616,0.9613769241230188,M2,125,TS
35,193,0.9618665865112527,0.9610898144222997,M2,125,TS
35,194,0.9616412548576915,0.9608225294077436,M2,125,TS
35,195,0.9614358471356016,0.9605295298141194,M2,125,TS
35,196,0.961201517627503,0.960261236172892,M2,125,TS
35,197,0.9609579285332599,0.9599959818107631,M2,125,TS
35,198,0.9607050798528697,0.95973376672773,M2,125,TS
35,199,0.9604429715863324,0.9594745909237927,M2,125,TS
35,200,0.960171603733648,0.9592184543989513,M2,125,TS
36,151,0.997249712584255,0.99750866049843,M2,125,TS
36,152,0.9972154172762042,0.9974919857989286,M2,125,TS
36,153,0.9971789995152929,0.9974716292048528,M2,125,TS
36,154,0.997140459301521,0.9974475907162025,M2,125,TS
36,155,0.9970997966348885,0.9974198703329776,M2,125,TS
36,156,0.9970570115153978,0.9973884680551813,M2,125,TS
36,157,0.9970046579680047,0.9973605972462881,M2,125,TS
36,158,0.9969686482206144,0.9973211161456129,M2,125,TS
36,159,0.9969200563535524,0.997280234875169,M2,125,TS
36,160,0.9968715066573071,0.9972340163490745,M2,125,TS
36,161,0.9968318000074382,0.9971854592352533,M2,125,TS
36,162,0.9967904456524606,0.9971127429200435,M2,125,TS
36,163,0.9967450065973904,0.9970458058485434,M2,125,TS
36,164,0.9967075419568214,0.9969967611451952,M2,125,TS
36,165,0.9966555579475133,0.9969590036224405,M2,125,TS
36,166,0.9966267509321522,0.9969366120612407,M2,125,TS
36,167,0.9966098276094819,0.9969226617632582,M2,125,TS
36,168,0.9966018768888933,0.9969268884686161,M2,125,TS
36,169,0.9966004306907286,0.9969132290211915,M2,125,TS
36,170,0.9966146833399203,0.9969019501900415,M2,125,TS
36,171,0.9966077477621891,0.9968542481932035,M2,125,TS
36,172,0.9965977539307403,0.9967780981154064,M2,125,TS
36,173,0.9965661319046721,0.9967195704041751,M2,125,TS
36,174,0.9965214777919699,0.996666757545385,M2,125,TS
36,175,0.9964777629581296,0.9966290883046885,M2,125,TS
36,176,0.996440912402908,0.996586552690425,M2,125,TS
36,177,0.9964186146922284,0.9965672248843813,M2,125,TS
36,178,0.9963857116732568,0.9965694084785314,M2,125,TS
36,179,0.9963546063483819,0.9965722102776438,M2,125,TS
36,180,0.9963288634558722,0.9965848118924361,M2,125,TS
36,181,0.9962965688704892,0.9965833279024472,M2,125,TS
36,182,0.9962635886832707,0.9965818748256522,M2,125,TS
36,183,0.9962031674673537,0.9965800924869469,M2,125,TS
36,184,0.9961471767957017,0.9965593176713536,M2,125,TS
36,185,0.9960972067689576,0.9965330656759998,M2,125,TS
36,186,0.9960463413731708,0.9964784539914953,M2,125,TS
36,187,0.9960026784920379,0.9964243239131719,M2,125,TS
36,188,0.9959544592063156,0.9963769256308116,M2,125,TS
36,189,0.9959250300627196,0.9963356137920258,M2,125,TS
36,190,0.9958922274711572,0.9962955682126183,M2,125,TS
36,191,0.9958293886066625,0.9962697881065109,M2,125,TS
36,192,0.995765335483495,0.9962171266970539,M2,125,TS
36,193,0.9957003148226707,0.9961432254869195,M2,125,TS
36,194,0.995627391698584,0.996088759827472,M2,125,TS
36,195,0.9955403124399587,0.9960100909964152,M2,125,TS
36,196,0.9954805586967708,0.9959541011582024,M2,125,TS
36,197,0.9954264714940575,0.9959007220035214,M2,125,TS
36,198,0.9953780508318164,0.9958499535323697,M2,125,TS
36,199,0.9953352967100472,0.9958017957447471,M2,125,TS
36,200,0.99529820912875,0.9957562486406537,M2,125,TS
37,151,0.9965019333152146,0.9962419541205659,M2,125,TS
37,152,0.9964694571575795,0.9962108977518265,M2,125,TS
37,153,0.9964398339062805,0.9961760363377113,M2,125,TS
37,154,0.9964130635613178,0.9961373698782205,M2,125,TS
37,155,0.996389146122691,0.996094898373354,M2,125,TS
37,156,0.9963680815904032,0.9960486218231147,M2,125,TS
37,157,0.9963490586328874,0.9960055937290347,M2,125,TS
37,158,0.9963269375888311,0.9959514745413305,M2,125,TS
37,159,0.9963303170404907,0.9958949404045393,M2,125,TS
37,160,0.9963080238439647,0.9958337601219591,M2,125,TS
37,161,0.9962673245878804,0.995770856601673,M2,125,TS
37,162,0.9962214526435222,0.9956836510559457,M2,125,TS
37,163,0.9961879055001555,0.9956018521094389,M2,125,TS
37,164,0.9961306701770047,0.9955388722489609,M2,125,TS
37,165,0.9960900900021823,0.9954864537617518,M2,125,TS
37,166,0.9960432487407358,0.9954502866013608,M2,125,TS
37,167,0.9959854509066499,0.9954232709627682,M2,125,TS
37,168,0.9959160561365994,0.9954149811070241,M2,125,TS
37,169,0.9958569802074928,0.9953886909056346,M2,125,TS
37,170,0.9957662455489219,0.9953660654256626,M2,125,TS
37,171,0.9956880683713041,0.9953057123838241,M2,125,TS
37,172,0.9956080782198464,0.9952165795675374,M2,125,TS
37,173,0.9955606775176998,0.9951438883179141,M2,125,TS
37,174,0.9955120785466457,0.9950766158755346,M2,125,TS
37,175,0.9954808803524499,0.9950241835653626,M2,125,TS
37,176,0.9954506177027564,0.9949671232275772,M2,125,TS
37,177,0.9954183536983681,0.9949338113040047,M2,125,TS
37,178,0.9953932966323247,0.9949216633418799,M2,125,TS
37,179,0.9953923610878223,0.9949096944147917,M2,125,TS
37,180,0.9953868675599784,0.9949078254434186,M2,125,TS
37,181,0.9953917461635877,0.9948911630616328,M2,125,TS
37,182,0.9953901312199135,0.9948746889581669,M2,125,TS
37,183,0.9953922860863642,0.9948571806242729,M2,125,TS
37,184,0.9953880099067464,0.9948208457342206,M2,125,TS
37,185,0.9953666373421521,0.9947796291715901,M2,125,TS
37,186,0.9953484354532294,0.9947097894155456,M2,125,TS
37,187,0.9953073394789067,0.9946411736278854,M2,125,TS
37,188,0.995273999357108,0.9945790441329481,M2,125,TS
37,189,0.9952529182455478,0.9945232622387482,M2,125,TS
37,190,0.9952391298196135,0.9944683791835416,M2,125,TS
37,191,0.9952192158360047,0.9944272673801522,M2,125,TS
37,192,0.9951923431644915,0.994359204785108,M2,125,TS
37,193,0.9951508934552221,0.994270153475507,M2,125,TS
37,194,0.9951104389407375,0.9942004371308389,M2,125,TS
37,195,0.9950618088287271,0.9941061292246404,M2,125,TS
37,196,0.9950154554714992,0.9940353427302797,M2,125,TS
37,197,0.9949659312192999,0.993967411313438,M2,125,TS
37,198,0.9949132360721268,0.9939023349741127,M2,125,TS
37,199,0.9948573700299796,0.9938401137123037,M2,125,TS
37,200,0.9947983330928587,0.9937807475280112,M2,125,TS
38,151,0.9957616051958313,0.9956163259622598,M2,125,TS
38,152,0.9957314885866928,0.9955864030444029,M2,125,TS
38,153,0.9956977925023123,0.9955528396051194,M2,125,TS
38,154,0.9956605169426898,0.9955156356444095,M2,125,TS
38,155,0.9956196619078251,0.9954747911622731,M2,125,TS
38,156,0.9955752273977213,0.9954303061587131,M2,125,TS
38,157,0.995517725820833,0.9953894577464688,M2,125,TS
38,158,0.9954758179475978,0.9953370213593957,M2,125,TS
38,159,0.9954175219782051,0.9952832623024996,M2,125,TS
38,160,0.9953551016070327,0.9952242877142387,M2,125,TS
38,161,0.9952977811612724,0.9951630231419257,M2,125,TS
38,162,0.995246280565976,0.9950772891902355,M2,125,TS
38,163,0.9951586356592749,0.9949981776254341,M2,125,TS
38,164,0.9951154528594421,0.9949360811752855,M2,125,TS
38,165,0.9950728276894184,0.994884923843417,M2,125,TS
38,166,0.995010355410051,0.9948503070387523,M2,125,TS
38,167,0.9949492371241941,0.9948244754545654,M2,125,TS
38,168,0.99489873483081,0.994816780070818,M2,125,TS
38,169,0.9948311133460985,0.9947918039830479,M2,125,TS
38,170,0.9947797067112059,0.9947692239961291,M2,125,TS
38,171,0.9947423196694258,0.994709090740782,M2,125,TS
38,172,0.9947108050433706,0.9946201244980329,M2,125,TS
38,173,0.9946636353875244,0.9945487368934295,M2,125,TS
38,174,0.994657435315007,0.9944816898120673,M2,125,TS
38,175,0.9946163200821012,0.9944307656324324,M2,125,TS
38,176,0.9945635421509662,0.9943754869271199,M2,125,TS
38,177,0.9945123286934071,0.994343813609571,M2,125,TS
38,178,0.994482655603657,0.9943328816798739,M2,125,TS
38,179,0.9944475380670142,0.9943228287944169,M2,125,TS
38,180,0.9944229988510738,0.9943224631829476,M2,125,TS
38,181,0.9944114191621523,0.9943073716949045,M2,125,TS
38,182,0.9944013437157788,0.9942922629478776,M2,125,TS
38,183,0.9943943144262715,0.9942760962516995,M2,125,TS
38,184,0.9943870807893128,0.9942409955861934,M2,125,TS
38,185,0.9943619197701409,0.9942010302284345,M2,125,TS
38,186,0.9943227201029492,0.9941329503020536,M2,125,TS
38,187,0.994280183636803,0.9940656219912254,M2,125,TS
38,188,0.9942522730164449,0.9940045663894691,M2,125,TS
38,189,0.9942057797002883,0.9939506047252765,M2,125,TS
38,190,0.9941749225780376,0.9938973766949825,M2,125,TS
38,191,0.994129637167771,0.9938580726354794,M2,125,TS
38,192,0.9940975782722441,0.993791408462644,M2,125,TS
38,193,0.9940748424827945,0.9937031868084509,M2,125,TS
38,194,0.9940430654684789,0.993634483035517,M2,125,TS
38,195,0.9940006965541017,0.9935413605740976,M2,125,TS
38,196,0.9939635377769642,0.993471595343029,M2,125,TS
38,197,0.9939239104037666,0.9934046584687879,M2,125,TS
38,198,0.9938818144345062,0.9933405499513718,M2,125,TS
38,199,0.9938372498691831,0.9932792697907806,M2,125,TS
38,200,0.9937902167077972,0.9932208179870143,M2,125,TS
39,151,0.9963574403415492,0.9964159942859325,M2,125,TS
39,152,0.996353290468323,0.9963927686800135,M2,125,TS
39,153,0.9963444413085677,0.9963659303720864,M2,125,TS
39,154,0.9963308928622834,0.9963354793621516,M2,125,TS
39,155,0.9963126451294702,0.9963014156502089,M2,125,TS
39,156,0.9962896981101308,0.9962637392362612,M2,125,TS
39,157,0.9962768814564616,0.9962291008686698,M2,125,TS
39,158,0.9962295965129782,0.9961841590773747,M2,125,TS
39,159,0.9961887871727668,0.9961373114179245,M2,125,TS
39,160,0.9961388330502872,0.9960853748960216,M2,125,TS
39,161,0.9960731172070513,0.9960316914709831,M2,125,TS
39,162,0.9960101213009693,0.9959536366654743,M2,125,TS
39,163,0.9959407775621505,0.9958814372583146,M2,125,TS
39,164,0.995878287487367,0.9958272084552603,M2,125,TS
39,165,0.9958217094252739,0.9957837752435146,M2,125,TS
39,166,0.9957802971131517,0.9957559728663661,M2,125,TS
39,167,0.9957491206649087,0.9957367149007514,M2,125,TS
39,168,0.9956819899380198,0.9957367884998184,M2,125,TS
39,169,0.9956358415834612,0.9957186032615828,M2,125,TS
39,170,0.9955743813304425,0.9957036192728884,M2,125,TS
39,171,0.9955257329178193,0.9956511489022841,M2,125,TS
39,172,0.9954619622934731,0.9955704086611443,M2,125,TS
39,173,0.9953932725035084,0.9955069541722129,M2,125,TS
39,174,0.9953317442083038,0.995448704603166,M2,125,TS
39,175,0.9952782396401894,0.9954054674447605,M2,125,TS
39,176,0.9952585564141607,0.9953567049264748,M2,125,TS
39,177,0.9952490913304128,0.9953313149916335,M2,125,TS
39,178,0.9952389070998324,0.9953272289767068,M2,125,TS
39,179,0.9952445850123981,0.9953234629046012,M2,125,TS
39,180,0.995240531360887,0.9953299019339652,M2,125,TS
39,181,0.9952654081091292,0.9953212273931596,M2,125,TS
39,182,0.9952754394088805,0.9953129530278221,M2,125,TS
39,183,0.9952528450274649,0.9953045264461045,M2,125,TS
39,184,0.9952040294629767,0.9952778429263456,M2,125,TS
39,185,0.9951497904330678,0.9952459747727103,M2,125,TS
39,186,0.9951076198115687,0.9951853386253622,M2,125,TS
39,187,0.9950651776776813,0.995125373260322,M2,125,TS
39,188,0.9950292632179354,0.9950718836572695,M2,125,TS
39,189,0.9949990144187859,0.995024858307274,M2,125,TS
39,190,0.994984468705969,0.994978571494812,M2,125,TS
39,191,0.9949674942590508,0.9949458919542793,M2,125,TS
39,192,0.9949598776911504,0.9948859682092289,M2,125,TS
39,193,0.9949086887452074,0.9948058524176239,M2,125,TS
39,194,0.9948566434741339,0.9947450380821097,M2,125,TS
39,195,0.994799861941839,0.9946596748452884,M2,125,TS
39,196,0.9947478343048466,0.9945976618754978,M2,125,TS
39,197,0.9946936752627935,0.9945384671999806,M2,125,TS
39,198,0.9946373848156764,0.9944820908187338,M2,125,TS
39,199,0.9945789629634956,0.9944285327317577,M2,125,TS
39,200,0.9945184097062508,0.9943777929390522,M2,125,TS
40,151,0.9953831006663316,0.995046364168942,M2,125,TS
40,152,0.9953330774859964,0.9950077617378755,M2,125,TS
40,153,0.9952835404600852,0.9949654150171947,M2,125,TS
40,154,0.9952344895885978,0.9949193240068999,M2,125,TS
40,155,0.9951859248715346,0.9948694887069908,M2,125,TS
40,156,0.9951378463088982,0.9948159091174701,M2,125,TS
40,157,0.9950805073396478,0.9947658693649554,M2,125,TS
40,158,0.9950541152203669,0.9947038572746317,M2,125,TS
40,159,0.9950151151740124,0.9946404143004991,M2,125,TS
40,160,0.9949616579676177,0.9945720308861503,M2,125,TS
40,161,0.9948982699801885,0.9945017204837246,M2,125,TS
40,162,0.9948320701212855,0.9944070927116364,M2,125,TS
40,163,0.9947711537851458,0.9943180406446688,M2,125,TS
40,164,0.9947117690991782,0.9942471390628069,M2,125,TS
40,165,0.9946437156116984,0.9941874345319454,M2,125,TS
40,166,0.9946040810590954,0.9941430694469371,M2,125,TS
40,167,0.9945404469175276,0.9941081722217685,M2,125,TS
40,168,0.994489273450111,0.9940913746249039,M2,125,TS
40,169,0.9944087959918204,0.9940576001849024,M2,125,TS
40,170,0.9943606159345549,0.9940258333531753,M2,125,TS
40,171,0.9943027934482462,0.9939569911042464,M2,125,TS
40,172,0.9942370243590861,0.9938595825741391,M2,125,TS
40,173,0.9941864603429431,0.9937790221079675,M2,125,TS
40,174,0.9941424189719154,0.993703684916414,M2,125,TS
40,175,0.994084045935502,0.9936439781349009,M2,125,TS
40,176,0.9940442907234149,0.9935791690215977,M2,125,TS
40,177,0.99398300185936,0.9935385898729966,M2,125,TS
40,178,0.9939455653313475,0.9935187259922365,M2,125,TS
40,179,0.993897883736213,0.9934999004313397,M2,125,TS
40,180,0.9938809764633703,0.993490258833001,M2,125,TS
40,181,0.993867412710985,0.9934660567800373,M2,125,TS
40,182,0.9938378210274617,0.9934422879994357,M2,125,TS
40,183,0.9938169330905469,0.9934173424795888,M2,125,TS
40,184,0.9937849614041945,0.9933737098195311,M2,125,TS
40,185,0.9937531358718621,0.9933247511630547,M2,125,TS
40,186,0.9937016437227479,0.9932477795606692,M2,125,TS
40,187,0.9936343383680255,0.993171864465543,M2,125,TS
40,188,0.9935834721537211,0.9931021977310215,M2,125,TS
40,189,0.9935213380139362,0.9930394644261457,M2,125,TS
40,190,0.9934801304924306,0.9929773000237125,M2,125,TS
40,191,0.993460688711081,0.9929281676373263,M2,125,TS
40,192,0.9934348858232696,0.9928521121839636,M2,125,TS
40,193,0.9934229719629553,0.9927543548301023,M2,125,TS
40,194,0.9934009596290998,0.992676185656862,M2,125,TS
40,195,0.9933829130142435,0.9925731565809583,M2,125,TS
40,196,0.9933333345816867,0.9924944823904592,M2,125,TS
40,197,0.9932680833832516,0.9924189804752883,M2,125,TS
40,198,0.9931871594189354,0.9923466508354427,M2,125,TS
40,199,0.9930905626887382,0.9922774934709223,M2,125,TS
40,200,0.99297829319266,0.9922115083817274,M2,125,TS
41,151,0.951598607292844,0.9514741835112046,M2,125,TS
41,152,0.9515839731665083,0.9521491263025642,M2,125,TS
41,153,0.9515642639722455,0.952731848257353,M2,125,TS
41,154,0.9515394797100556,0.9532223493755726,M2,125,TS
41,155,0.9515096203799385,0.9536206296572233,M2,125,TS
41,156,0.951474685981897,0.9539266891023037,M2,125,TS
41,157,0.9514467482045401,0.9539428028098493,M2,125,TS
41,158,0.9513977172622143,0.9534094230311941,M2,125,TS
41,159,0.9513393239905696,0.9537907829128914,M2,125,TS
41,160,0.9512718178510781,0.9533937937912782,M2,125,TS
41,161,0.9512134525564208,0.9549406944719079,M2,125,TS
41,162,0.9511601214239438,0.9620415806497521,M2,125,TS
41,163,0.9511114946643091,0.967969135623289,M2,125,TS
41,164,0.9510459066440382,0.9711630966191331,M2,125,TS
41,165,0.950970647487851,0.972620720971147,M2,125,TS
41,166,0.9508948783874822,0.9710112760821317,M2,125,TS
41,167,0.9508373543099728,0.9665094378897374,M2,125,TS
41,168,0.9507653222569077,0.9614336535593044,M2,125,TS
41,169,0.9506997511923869,0.9568071569711559,M2,125,TS
41,170,0.9506518323353155,0.9504507030340308,M2,125,TS
41,171,0.9506133336690601,0.9545282350008919,M2,125,TS
41,172,0.9505766312525721,0.9657206409528669,M2,125,TS
41,173,0.950528812222479,0.9719520591712643,M2,125,TS
41,174,0.9504990071931514,0.9780573655240749,M2,125,TS
41,175,0.9504861710545475,0.9813336480521091,M2,125,TS
41,176,0.9504689781359765,0.9824923670027136,M2,125,TS
41,177,0.9504820488997714,0.9809297467049153,M2,125,TS
41,178,0.9504747038808106,0.9767628957931324,M2,125,TS
41,179,0.9504855617072812,0.969478291469123,M2,125,TS
41,180,0.9504894859036759,0.9610907775980047,M2,125,TS
41,181,0.9504787474032959,0.959236980654018,M2,125,TS
41,182,0.9504419826744268,0.9572142727215979,M2,125,TS
41,183,0.9503949639557345,0.9529483310011507,M2,125,TS
41,184,0.9503490039116838,0.9513350838261869,M2,125,TS
41,185,0.9503129665844903,0.9496206292996767,M2,125,TS
41,186,0.9502840169727509,0.9516074640268165,M2,125,TS
41,187,0.9502640236001179,0.9544041970927517,M2,125,TS
41,188,0.9502380497225067,0.9555075269109187,M2,125,TS
41,189,0.9502292473568318,0.9543928887148035,M2,125,TS
41,190,0.950223016966488,0.9555448573416587,M2,125,TS
41,191,0.9501915820656899,0.9538464195667143,M2,125,TS
41,192,0.950149381323365,0.957325266870258,M2,125,TS
41,193,0.9501026633572887,0.9630942346992024,M2,125,TS
41,194,0.9500487101607329,0.9657334139522676,M2,125,TS
41,195,0.9499903168890882,0.9739307592123759,M2,125,TS
41,196,0.9499352707248835,0.9774421064285045,M2,125,TS
41,197,0.9498770387872002,0.9805310878075234,M2,125,TS
41,198,0.9498156210760353,0.9831977033494277,M2,125,TS
41,199,0.9497510175913891,0.9854419530542167,M2,125,TS
41,200,0.9496832283332616,0.9872638369218912,M2,125,TS
42,151,0.99757989857869,0.9973661470735143,M2,125,TS
42,152,0.9975462598566585,0.9973504556443201,M2,125,TS
42,153,0.9975156454538209,0.9973309519683385,M2,125,TS
42,154,0.9974880553701774,0.9973076360455697,M2,125,TS
42,155,0.9974634896057281,0.9972805078760137,M2,125,TS
42,156,0.9974419481604756,0.9972495674596732,M2,125,TS
42,157,0.9974312305921538,0.9972216408502467,M2,125,TS
42,158,0.9974194423318247,0.9971825584725028,M2,125,TS
42,159,0.9974001624871094,0.9971419310351459,M2,125,TS
42,160,0.9973858136495678,0.9970958528976864,M2,125,TS
42,161,0.9973546936071599,0.9970480623763008,M2,125,TS
42,162,0.9973143402315453,0.996976221305499,M2,125,TS
42,163,0.9972663005607596,0.9969102694632028,M2,125,TS
42,164,0.9972202464618987,0.9968624059497619,M2,125,TS
42,165,0.9971659158507991,0.9968256963634954,M2,125,TS
42,166,0.9971147069142859,0.9968049151451917,M2,125,TS
42,167,0.9970557866918204,0.9967931234447466,M2,125,TS
42,168,0.9969984693563547,0.9967997057287178,M2,125,TS
42,169,0.9969491497229295,0.996788357587118,M2,125,TS
42,170,0.9969111539559186,0.9967795283854782,M2,125,TS
42,171,0.9968719019131828,0.9967336030908401,M2,125,TS
42,172,0.9968279965869158,0.9966591602739662,M2,125,TS
42,173,0.9967884559549807,0.9966017501187691,M2,125,TS
42,174,0.9967488281812765,0.9965497253741277,M2,125,TS
42,175,0.9967198775560213,0.9965126381443428,M2,125,TS
42,176,0.996718326606385,0.996470190183029,M2,125,TS
42,177,0.996699766930802,0.9964518019138793,M2,125,TS
42,178,0.9967114658762508,0.9964539174292645,M2,125,TS
42,179,0.996727276783171,0.9964566407784335,M2,125,TS
42,180,0.996748604350798,0.9964691769043899,M2,125,TS
42,181,0.9967731807200313,0.9964672751508874,M2,125,TS
42,182,0.9967871436129807,0.9964656618976228,M2,125,TS
42,183,0.9967864336574725,0.9964634268006877,M2,125,TS
42,184,0.9967584911386154,0.9964429697103415,M2,125,TS
42,185,0.9967211147083654,0.996417432880612,M2,125,TS
42,186,0.9966927043186147,0.9963632252140138,M2,125,TS
42,187,0.9966372730265697,0.996310365637963,M2,125,TS
42,188,0.9966047956587549,0.9962635583705199,M2,125,TS
42,189,0.9965681548267282,0.9962234606571534,M2,125,TS
42,190,0.9965445048549029,0.9961841749029887,M2,125,TS
42,191,0.9965261181589904,0.9961582931040233,M2,125,TS
42,192,0.9965048470922608,0.9961054930452279,M2,125,TS
42,193,0.9964705106276074,0.9960317275101979,M2,125,TS
42,194,0.9964201763684499,0.9959776520731655,M2,125,TS
42,195,0.9963742570024985,0.9958988108000184,M2,125,TS
42,196,0.9963463869351741,0.9958429601351719,M2,125,TS
42,197,0.9963246435209412,0.9957897149818038,M2,125,TS
42,198,0.9963090267597973,0.9957390753399114,M2,125,TS
42,199,0.9962995366517422,0.9956910412094947,M2,125,TS
42,200,0.9962961731967761,0.9956456125905538,M2,125,TS
43,151,0.9961857864162412,0.9960284871192856,M2,125,TS
43,152,0.9961559166349873,0.9959941767608583,M2,125,TS
43,153,0.9961297575769555,0.9959560438014239,M2,125,TS
43,154,0.996107309242146,0.9959140882409822,M2,125,TS
43,155,0.9960885716305586,0.995868310079533,M2,125,TS
43,156,0.9960735447421964,0.9958187093170794,M2,125,TS
43,157,0.9960720122593936,0.9957720794533929,M2,125,TS
43,158,0.9960836243690672,0.9957139560796069,M2,125,TS
43,159,0.9960619811807265,0.9956548909377113,M2,125,TS
43,160,0.9960218597479154,0.9955910215780179,M2,125,TS
43,161,0.9959999472167995,0.9955244181575957,M2,125,TS
43,162,0.9959715343250259,0.995433349686413,M2,125,TS
43,163,0.9959399074978158,0.9953481251078952,M2,125,TS
43,164,0.9959169960707778,0.9952809864783241,M2,125,TS
43,165,0.9958850648751474,0.995225129944361,M2,125,TS
43,166,0.9958847806797252,0.9951846654216756,M2,125,TS
43,167,0.9958628838879813,0.9951537352683826,M2,125,TS
43,168,0.9958277374268263,0.9951415874421228,M2,125,TS
43,169,0.9957771734748619,0.9951120879884583,M2,125,TS
43,170,0.9957192871679925,0.9950856856061685,M2,125,TS
43,171,0.9956503981533334,0.9950217870588278,M2,125,TS
43,172,0.9955854614945099,0.9949287063193119,M2,125,TS
43,173,0.9955199593266988,0.9948530949685249,M2,125,TS
43,174,0.9954604177255886,0.9947827284164779,M2,125,TS
43,175,0.9954052343787674,0.9947276361829276,M2,125,TS
43,176,0.995368076381528,0.9946675474112372,M2,125,TS
43,177,0.9953215035796257,0.9946314975731457,M2,125,TS
43,178,0.9952932228099052,0.9946164197043116,M2,125,TS
43,179,0.9952489286700497,0.9946026647632219,M2,125,TS
43,180,0.9952053476789253,0.9945989125601902,M2,125,TS
43,181,0.9951469953979706,0.9945807798966168,M2,125,TS
43,182,0.9951061047310605,0.9945622303627089,M2,125,TS
43,183,0.9950762172153027,0.9945425438727966,M2,125,TS
43,184,0.9950533306165699,0.9945035899979789,M2,125,TS
43,185,0.9950525647076903,0.9944587503772186,M2,125,TS
43,186,0.9950560003244237,0.9943851215570018,M2,125,TS
43,187,0.9950740932868009,0.9943117360190523,M2,125,TS
43,188,0.9950981344017258,0.994244941215787,M2,125,TS
43,189,0.9951011268775474,0.9941854270397894,M2,125,TS
43,190,0.9950947621858435,0.9941271603747266,M2,125,TS
43,191,0.99505873542826,0.9940833682315924,M2,125,TS
43,192,0.9949972678600455,0.9940129165649892,M2,125,TS
43,193,0.9949470827614169,0.9939207289702796,M2,125,TS
43,194,0.9948946471542659,0.9938480623568688,M2,125,TS
43,195,0.9948385642247435,0.9937504877363531,M2,125,TS
43,196,0.9947986592858833,0.9936762511563386,M2,125,TS
43,197,0.994763690081093,0.9936046769024334,M2,125,TS
43,198,0.9947336566103695,0.9935357649746347,M2,125,TS
43,199,0.9947085588737128,0.9934695153729423,M2,125,TS
43,200,0.9946883968711228,0.9934059280973563,M2,125,TS
44,151,0.9962427088751841,0.9962234331984056,M2,125,TS
44,152,0.9961858589253386,0.996193042958252,M2,125,TS
44,153,0.9961293832212732,0.9961589004778795,M2,125,TS
44,154,0.996073281762988,0.9961210057572882,M2,125,TS
44,155,0.9960175545504829,0.9960793587964784,M2,125,TS
44,156,0.9959622015837608,0.9960339595954525,M2,125,TS
44,157,0.9959125864095986,0.995991672705963,M2,125,TS
44,158,0.9958552354349282,0.9959384085800733,M2,125,TS
44,159,0.995797343469139,0.9958834473228994,M2,125,TS
44,160,0.9957376192766441,0.9958231920624707,M2,125,TS
44,161,0.9956665686714639,0.9957611530439118,M2,125,TS
44,162,0.9956093899199685,0.9956746205872704,M2,125,TS
44,163,0.9955531906056148,0.9955937343664956,M2,125,TS
44,164,0.9955034338841608,0.9955307483011211,M2,125,TS
44,165,0.9954518913880535,0.9954786990769647,M2,125,TS
44,166,0.9954131102786443,0.9954422341056276,M2,125,TS
44,167,0.995385857385412,0.995414155612702,M2,125,TS
44,168,0.9953763892739336,0.9954040495428623,M2,125,TS
44,169,0.9953651399891841,0.9953762516231829,M2,125,TS
44,170,0.9953478596066022,0.9953513922587741,M2,125,TS
44,171,0.9953309361598375,0.9952896876744455,M2,125,TS
44,172,0.9953092870932017,0.9951996694039819,M2,125,TS
44,173,0.9952758056809142,0.9951269561404785,M2,125,TS
44,174,0.9952331718996363,0.9950598366082222,M2,125,TS
44,175,0.9951844395335816,0.9950080103793273,M2,125,TS
44,176,0.9951491576660394,0.9949511454866193,M2,125,TS
44,177,0.9951101624827853,0.9949179102448674,M2,125,TS
44,178,0.9950793058305683,0.9949056788680547,M2,125,TS
44,179,0.9950360188720825,0.9948943730651287,M2,125,TS
44,180,0.9949861812977638,0.9948931661276063,M2,125,TS
44,181,0.9949342145980088,0.9948778367120358,M2,125,TS
44,182,0.9948654920732817,0.9948629378277453,M2,125,TS
44,183,0.9947901496928699,0.9948471357884557,M2,125,TS
44,184,0.9947252875089825,0.994812225539982,M2,125,TS
44,185,0.9946775851952772,0.9947715604548726,M2,125,TS
44,186,0.9946480186830797,0.994702121897712,M2,125,TS
44,187,0.9945986721420124,0.9946338241797578,M2,125,TS
44,188,0.9945455206958094,0.9945722275760586,M2,125,TS
44,189,0.99449147132267,0.9945171929650658,M2,125,TS
44,190,0.9944392747729012,0.9944633086259757,M2,125,TS
44,191,0.9943550433978711,0.9944237135350716,M2,125,TS
44,192,0.994273154564782,0.9943571999550512,M2,125,TS
44,193,0.9941879157060884,0.9942695456737001,M2,125,TS
44,194,0.9941132026195177,0.9942008527456356,M2,125,TS
44,195,0.9940381672170556,0.9941076790668258,M2,125,TS
44,196,0.9939814603921158,0.9940373341869012,M2,125,TS
44,197,0.993932681530186,0.9939695372021845,M2,125,TS
44,198,0.9938918306312635,0.9939042881126732,M2,125,TS
44,199,0.9938589076953485,0.9938415869183674,M2,125,TS
44,200,0.9938339127224406,0.9937814336192671,M2,125,TS
45,151,0.9982382814186662,0.9982180329455178,M2,125,TS
45,152,0.9982087870356328,0.9982061395858371,M2,125,TS
45,153,0.9981780121173869,0.9981905442798504,M2,125,TS
45,154,0.9981459566639287,0.9981712470275578,M2,125,TS
45,155,0.9981126206752581,0.9981482478289592,M2,125,TS
45,156,0.9980780041513775,0.9981215466840573,M2,125,TS
45,157,0.9980459607188191,0.9980980698031862,M2,125,TS
45,158,0.9980092430565204,0.9980635379156276,M2,125,TS
45,159,0.9979662588371747,0.998027421470696,M2,125,TS
45,160,0.9979348871607934,0.9979856905897864,M2,125,TS
45,161,0.9978928588681654,0.997942075269565,M2,125,TS
45,162,0.9978450154651581,0.9978742705151931,M2,125,TS
45,163,0.9977974087236198,0.9978121643942885,M2,125,TS
45,164,0.9977453922563355,0.9977683360447495,M2,125,TS
45,165,0.9976848944253724,0.9977356825135575,M2,125,TS
45,166,0.9976342252269734,0.9977188115134523,M2,125,TS
45,167,0.9975857794531312,0.9977106969696037,M2,125,TS
45,168,0.9975400580483369,0.9977209378862434,M2,125,TS
45,169,0.9974906497186042,0.9977135396634919,M2,125,TS
45,170,0.9974480767289444,0.9977087945043396,M2,125,TS
45,171,0.9974038188245318,0.9976668697271085,M2,125,TS
45,172,0.9973639783798999,0.9975961307158542,M2,125,TS
45,173,0.9973456902599269,0.9975420277934398,M2,125,TS
45,174,0.9973326767517777,0.9974931707269131,M2,125,TS
45,175,0.997333963474218,0.9974591845668653,M2,125,TS
45,176,0.9973499324885735,0.997420186224751,M2,125,TS
45,177,0.9973652319564761,0.9974048515384897,M2,125,TS
45,178,0.9973673941716706,0.9974111581712317,M2,125,TS
45,179,0.9973529874323717,0.997418627955367,M2,125,TS
45,180,0.9973291339008614,0.9974363055374146,M2,125,TS
45,181,0.9973030123083646,0.9974396269079651,M2,125,TS
45,182,0.9972704789799365,0.9974431289968624,M2,125,TS
45,183,0.9972536826448157,0.997445247699861,M2,125,TS
45,184,0.9972287638052371,0.9974286313577844,M2,125,TS
45,185,0.9972072576638151,0.9974066081932862,M2,125,TS
45,186,0.9971797850459017,0.9973562677472825,M2,125,TS
45,187,0.9971632485743547,0.9973062879247074,M2,125,TS
45,188,0.9971288915604897,0.9972634228658487,M2,125,TS
45,189,0.9970806636654601,0.9972275361155734,M2,125,TS
45,190,0.9970324435044655,0.9971927721778354,M2,125,TS
45,191,0.9969866312800038,0.9971715126173544,M2,125,TS
45,192,0.9969492442922248,0.9971229959704642,M2,125,TS
45,193,0.9969187317566381,0.9970529830480787,M2,125,TS
45,194,0.9968797055953983,0.9970025031110475,M2,125,TS
45,195,0.9968365653695195,0.9969274268340779,M2,125,TS
45,196,0.9967878673335521,0.9968759854372241,M2,125,TS
45,197,0.9967351898051562,0.9968274126366079,M2,125,TS
45,198,0.9966785327843292,0.9967817084322265,M2,125,TS
45,199,0.9966178962710709,0.9967388728240799,M2,125,TS
45,200,0.9965532802653814,0.9966989058121679,M2,125,TS
46,151,0.9982154909180763,0.9981818764418835,M2,125,TS
46,152,0.998177992443034,0.9981714015925995,M2,125,TS
46,153,0.998139102322858,0.9981572147892793,M2,125,TS
46,154,0.9980988205575484,0.9981393160319229,M2,125,TS
46,155,0.998057147147105,0.9981177053205299,M2,125,TS
46,156,0.9980140820915309,0.9980923826551035,M2,125,TS
46,157,0.9979706509121575,0.9980703030652415,M2,125,TS
46,158,0.9979147999317406,0.9980374227083438,M2,125,TS
46,159,0.9978691385909344,0.9980025359180222,M2,125,TS
46,160,0.9978053845562732,0.997962809751555,M2,125,TS
46,161,0.9977618758212223,0.9979204367058857,M2,125,TS
46,162,0.9977597221262018,0.9978526435588754,M2,125,TS
46,163,0.9977639545748018,0.9977904212921127,M2,125,TS
46,164,0.9977722417039316,0.9977462697474708,M2,125,TS
46,165,0.9977971928467686,0.9977126447634853,M2,125,TS
46,166,0.9978191844562401,0.997695107716663,M2,125,TS
46,167,0.9978356308347734,0.9976864603810472,M2,125,TS
46,168,0.9978254361845431,0.9976969955811491,M2,125,TS
46,169,0.997805858386606,0.9976899771367109,M2,125,TS
46,170,0.9977545415812306,0.9976866586016295,M2,125,TS
46,171,0.9977058180982832,0.9976460401373822,M2,125,TS
46,172,0.9976660780027389,0.9975764890942879,M2,125,TS
46,173,0.9976391587756597,0.9975237926317265,M2,125,TS
46,174,0.9976300015415418,0.9974759714923834,M2,125,TS
46,175,0.9976205249348868,0.9974434106270961,M2,125,TS
46,176,0.9976060364015031,0.9974064022668973,M2,125,TS
46,177,0.9975870698991584,0.9973931269082388,M2,125,TS
46,178,0.9975584699359797,0.9974014214748701,M2,125,TS
46,179,0.997546598688857,0.997409980660237,M2,125,TS
46,180,0.9975202247479035,0.9974288971430275,M2,125,TS
46,181,0.9974961241032821,0.997433321828982,M2,125,TS
46,182,0.9974675868817752,0.9974378505121269,M2,125,TS
46,183,0.9974390191608444,0.9974413727684955,M2,125,TS
46,184,0.9974012547743978,0.9974262004406671,M2,125,TS
46,185,0.9973383357703873,0.9974063780705584,M2,125,TS
46,186,0.9972765256382821,0.9973581225574973,M2,125,TS
46,187,0.9972214935673918,0.9973102257595933,M2,125,TS
46,188,0.9971505100800446,0.9972694223966703,M2,125,TS
46,189,0.9970578016353304,0.9972357970277538,M2,125,TS
46,190,0.9969691720528324,0.9972031624436876,M2,125,TS
46,191,0.9969315109287205,0.9971828086153854,M2,125,TS
46,192,0.9969262717812848,0.9971345489898692,M2,125,TS
46,193,0.9969433756402524,0.9970644160160606,M2,125,TS
46,194,0.996982106640578,0.9970131402443959,M2,125,TS
46,195,0.9970424055262379,0.9969366223050512,M2,125,TS
46,196,0.9970562689957152,0.9968847385119349,M2,125,TS
46,197,0.9970664198139166,0.9968357184744183,M2,125,TS
46,198,0.9970728579808396,0.9967895621924987,M2,125,TS
46,199,0.9970755834964841,0.996746269666176,M2,125,TS
46,200,0.9970745963608499,0.9967058408954502,M2,125,TS
47,151,0.9982191096063391,0.9979727124406949,M2,125,TS
47,152,0.998192263382298,0.997957233671689,M2,125,TS
47,153,0.9981614059545632,0.9979380988599618,M2,125,TS
47,154,0.9981265373231346,0.9979153080055133,M2,125,TS
47,155,0.9980876574880123,0.9978888611083435,M2,125,TS
47,156,0.9980447664491989,0.9978587581684553,M2,125,TS
47,157,0.9979846355305468,0.9978322940185139,M2,125,TS
47,158,0.9979411051749235,0.9977942069219046,M2,125,TS
47,159,0.9978931542426253,0.9977546147041909,M2,125,TS
47,160,0.9978349285914342,0.9977098740131392,M2,125,TS
47,161,0.9978040401512528,0.9976625735085858,M2,125,TS
47,162,0.9977454148999103,0.9975924004937718,M2,125,TS
47,163,0.9977095924837291,0.9975272126134851,M2,125,TS
47,164,0.9976543742580252,0.9974803127390418,M2,125,TS
47,165,0.9976104180241971,0.9974438361911804,M2,125,TS
47,166,0.9975891690689722,0.997422363912919,M2,125,TS
47,167,0.9975839149785035,0.9974088328799152,M2,125,TS
47,168,0.9975983107911315,0.997413207587591,M2,125,TS
47,169,0.9976130762338999,0.9973998493213508,M2,125,TS
47,170,0.9976027778430415,0.9973897742240005,M2,125,TS
47,171,0.9976053509205383,0.9973435889618091,M2,125,TS
47,172,0.9975929863362881,0.997270075058338,M2,125,TS
47,173,0.9975739710156055,0.9972132251219007,M2,125,TS
47,174,0.9975472455837405,0.9971618895873631,M2,125,TS
47,175,0.9975119348294923,0.9971256306377579,M2,125,TS
47,176,0.9974700463092736,0.9970846675082276,M2,125,TS
47,177,0.9974787712745359,0.9970656475422657,M2,125,TS
47,178,0.9974629512348463,0.9970682115881471,M2,125,TS
47,179,0.997432795322551,0.9970714094255864,M2,125,TS
47,180,0.9973960032244809,0.9970846055963383,M2,125,TS
47,181,0.9973841468273799,0.9970836377575024,M2,125,TS
47,182,0.9973821101696516,0.99708238638697,M2,125,TS
47,183,0.9973403728025338,0.9970808361318138,M2,125,TS
47,184,0.997308577878096,0.9970604708401244,M2,125,TS
47,185,0.9972483411957082,0.9970355238611642,M2,125,TS
47,186,0.9971772414700741,0.9969829641210586,M2,125,TS
47,187,0.9971376423981142,0.996930250858483,M2,125,TS
47,188,0.9970702845804196,0.9968846943559557,M2,125,TS
47,189,0.9969861904659492,0.9968458791253128,M2,125,TS
47,190,0.9969237383916348,0.9968079206313935,M2,125,TS
47,191,0.996865455189335,0.9967830447324237,M2,125,TS
47,192,0.9968068627312657,0.9967318278772308,M2,125,TS
47,193,0.9967211031094251,0.99666032690985,M2,125,TS
47,194,0.9966516389211497,0.9966073761364052,M2,125,TS
47,195,0.9965735375059064,0.9965307313575659,M2,125,TS
47,196,0.9965328979967667,0.9964759196709475,M2,125,TS
47,197,0.9965059122167161,0.9964234674863367,M2,125,TS
47,198,0.9964925801657517,0.9963733748037307,M2,125,TS
47,199,0.9964929018438735,0.9963256416231293,M2,125,TS
47,200,0.9965068772510816,0.9962802679445328,M2,125,TS
48,151,0.9981949873884434,0.9981584202233229,M2,125,TS
48,152,0.9981747924786454,0.9981492050398368,M2,125,TS
48,153,0.998147969469173,0.998136421631948,M2,125,TS
48,154,0.9981145183600262,0.9981200699996566,M2,125,TS
48,155,0.998074439151205,0.9981001501429624,M2,125,TS
48,156,0.9980277318427123,0.9980766620618684,M2,125,TS
48,157,0.9979653765667807,0.9980568541654019,M2,125,TS
48,158,0.9978912434772381,0.9980261542311485,M2,125,TS
48,159,0.9978369165456431,0.9979932346386581,M2,125,TS
48,160,0.9977710002072524,0.9979552674139625,M2,125,TS
48,161,0.9977293308275439,0.9979145924952122,M2,125,TS
48,162,0.9976987579146794,0.997849499228566,M2,125,TS
48,163,0.9976675264461949,0.9977900846492596,M2,125,TS
48,164,0.997640254125538,0.9977486319798745,M2,125,TS
48,165,0.997631254444221,0.9977176035103464,M2,125,TS
48,166,0.9976326655418102,0.9977022289425841,M2,125,TS
48,167,0.997640920712324,0.9976953849500809,M2,125,TS
48,168,0.9976612187249303,0.9977066363848391,M2,125,TS
48,169,0.9976854980253355,0.9977000684656403,M2,125,TS
48,170,0.9976967635807847,0.9976965999168409,M2,125,TS
48,171,0.9977190140349868,0.9976560116786106,M2,125,TS
48,172,0.9977335584767892,0.9975871828125691,M2,125,TS
48,173,0.997714729516403,0.9975362156596562,M2,125,TS
48,174,0.9976900912011676,0.997490773311496,M2,125,TS
48,175,0.9976725413667765,0.9974602825901854,M2,125,TS
48,176,0.9976542511456944,0.9974250983076473,M2,125,TS
48,177,0.9976322422776509,0.9974135548055804,M2,125,TS
48,178,0.9976113747034274,0.9974231899338332,M2,125,TS
48,179,0.9975827867909401,0.9974336462228468,M2,125,TS
48,180,0.9975555470290647,0.9974539927195426,M2,125,TS
48,181,0.9975453936815908,0.9974597269005241,M2,125,TS
48,182,0.9975278696771662,0.99746565965471,M2,125,TS
48,183,0.9975012318186309,0.9974707635813911,M2,125,TS
48,184,0.99746567307103,0.9974572513907848,M2,125,TS
48,185,0.9974376225954955,0.9974382242134257,M2,125,TS
48,186,0.9974094625053971,0.9973908675872722,M2,125,TS
48,187,0.9973759280457697,0.9973443183300092,M2,125,TS
48,188,0.9973321944393155,0.9973046262080041,M2,125,TS
48,189,0.9972710896376513,0.9972719205358258,M2,125,TS
48,190,0.997206425075879,0.9972405120999991,M2,125,TS
48,191,0.9971491652492486,0.9972223746707845,M2,125,TS
48,192,0.9970898513976241,0.9971774397718537,M2,125,TS
48,193,0.9970181632555117,0.9971115875754124,M2,125,TS
48,194,0.996946796142985,0.9970649271702005,M2,125,TS
48,195,0.9969123433086611,0.9969928234647897,M2,125,TS
48,196,0.9968893841583129,0.9969437434780264,M2,125,TS
48,197,0.9968813043711017,0.9968970327261011,M2,125,TS
48,198,0.9968881039470249,0.996852691209011,M2,125,TS
48,199,0.9969097828860826,0.9968107189267561,M2,125,TS
48,200,0.9969463411882747,0.9967711158793365,M2,125,TS
49,151,0.9982494182706154,0.998243981401414,M2,125,TS
49,152,0.9982672540324139,0.9982373605215018,M2,125,TS
49,153,0.9982635657190787,0.9982275547684332,M2,125,TS
49,154,0.9982383533306097,0.9982145641422081,M2,125,TS
49,155,0.9981916168670071,0.9981983886428267,M2,125,TS
49,156,0.9981233563282732,0.9981790282702916,M2,125,TS
49,157,0.9979838303159803,0.9981647792452218,M2,125,TS
49,158,0.9979795181088469,0.9981358719750298,M2,125,TS
49,159,0.9977682451794418,0.9981105519690269,M2,125,TS
49,160,0.9976179730008696,0.9980783300844631,M2,125,TS
49,161,0.9975411716221545,0.9980421169742362,M2,125,TS
49,162,0.9974974797063673,0.9979808638067553,M2,125,TS
49,163,0.9975246354796645,0.9979234665652758,M2,125,TS
49,164,0.9976026178561183,0.9978828573247269,M2,125,TS
49,165,0.9977518884042447,0.9978513306643872,M2,125,TS
49,166,0.9977395166267558,0.9978399034389995,M2,125,TS
49,167,0.9978234926971821,0.9978347429466095,M2,125,TS
49,168,0.9979727421560629,0.9978463166619149,M2,125,TS
49,169,0.9979156285662332,0.9978454630391838,M2,125,TS
49,170,0.9979514226683506,0.9978450082307343,M2,125,TS
49,171,0.9979205056172775,0.9978093186400859,M2,125,TS
49,172,0.9978528254458763,0.9977460598984054,M2,125,TS
49,173,0.9977757194688859,0.9977001002305472,M2,125,TS
49,174,0.9976966945879847,0.9976595683352297,M2,125,TS
49,175,0.9976509028790901,0.9976333464128682,M2,125,TS
49,176,0.9976372268296139,0.997601608339745,M2,125,TS
49,177,0.99762649153408,0.9975933693724474,M2,125,TS
49,178,0.9976400851833088,0.9976057409800052,M2,125,TS
49,179,0.9976784513036971,0.9976181337627326,M2,125,TS
49,180,0.9977138227512483,0.9976405391239312,M2,125,TS
49,181,0.9976765932759589,0.9976505655016255,M2,125,TS
49,182,0.9977371739812044,0.9976580952065558,M2,125,TS
49,183,0.9975492416284254,0.9976709604267916,M2,125,TS
49,184,0.9973972999208337,0.9976640295883987,M2,125,TS
49,185,0.9973001052418815,0.9976503724030289,M2,125,TS
49,186,0.9972469862160156,0.9976072120113009,M2,125,TS
49,187,0.9971945194348506,0.9975646991112495,M2,125,TS
49,188,0.9971292645266627,0.9975291265838047,M2,125,TS
49,189,0.9970999143847763,0.9974991970271405,M2,125,TS
49,190,0.9971237750178441,0.9974690859732612,M2,125,TS
49,191,0.9971673893165116,0.997451958188648,M2,125,TS
49,192,0.9972273047321621,0.997407509286832,M2,125,TS
49,193,0.9970486162087009,0.9973479211872134,M2,125,TS
49,194,0.9971124294386846,0.9973013429363904,M2,125,TS
49,195,0.996932467298737,0.9972364627777794,M2,125,TS
49,196,0.9968455042084748,0.9971925659293641,M2,125,TS
49,197,0.9967474610026495,0.9971517085166601,M2,125,TS
49,198,0.9966383376812582,0.9971138905396649,M2,125,TS
49,199,0.9965181342443007,0.9970791119983783,M2,125,TS
49,200,0.9963868506917772,0.9970473728928004,M2,125,TS
1,151,1.0035040341011485,1.002846960671335,M2,150,TS
1,152,1.003371233684344,1.0028136533184997,M2,150,TS
1,153,1.003249998700051,1.0027762039395614,M2,150,TS
1,154,1.0031403291482688,1.0027346125345198,M2,150,TS
1,155,1.0030422250289976,1.0026888791033755,M2,150,TS
1,156,1.0029556863422409,1.0026390036461306,M2,150,TS
1,157,1.0029072943153923,1.0025917597201477,M2,150,TS
1,158,1.0029532296974646,1.0025299732273654,M2,150,TS
1,159,1.002855579373866,1.0024701971090997,M2,150,TS
1,160,1.002860543825376,1.00240252971538,M2,150,TS
1,161,1.0025763543941397,1.0023402222602402,M2,150,TS
1,162,1.0014383798854618,1.0022750579385054,M2,150,TS
1,163,1.0004746427551507,1.0022113454311268,M2,150,TS
1,164,0.999940860696534,1.0021550609249938,M2,150,TS
1,165,0.9996885162089997,1.002102859374233,M2,150,TS
1,166,0.9999216817116944,1.0020542066506728,M2,150,TS
1,167,1.0005932631675036,1.002003610186481,M2,150,TS
1,168,1.0013679303061351,1.0019692448142226,M2,150,TS
1,169,1.0020708838385373,1.0019183669521383,M2,150,TS
1,170,1.0030309268578446,1.0018637689063143,M2,150,TS
1,171,1.0023714359521643,1.0018134703426516,M2,150,TS
1,172,1.0006014508223022,1.0017625377604507,M2,150,TS
1,173,0.9996034070961728,1.0017085262880452,M2,150,TS
1,174,0.9986270177227583,1.0016592129647184,M2,150,TS
1,175,0.9980836122088909,1.0016161403910413,M2,150,TS
1,176,0.9978717048258827,1.0015584940848326,M2,150,TS
1,177,0.9980881334019138,1.0015136492737262,M2,150,TS
1,178,0.9987131474621992,1.001479942162037,M2,150,TS
1,179,0.9998235511188321,1.001433892684809,M2,150,TS
1,180,1.0011065231854825,1.0013932554649816,M2,150,TS
1,181,1.0013771727680894,1.0013639510033638,M2,150,TS
1,182,1.0016764928582509,1.0013341872642376,M2,150,TS
1,183,1.0023240922011576,1.0012933870890122,M2,150,TS
1,184,1.0025496689705158,1.0012444153152598,M2,150,TS
1,185,1.0027810566496334,1.0011914564490996,M2,150,TS
1,186,1.0024387748845074,1.0011226845756191,M2,150,TS
1,187,1.0019669105501887,1.0010590990222492,M2,150,TS
1,188,1.001749130863073,1.0009956480347935,M2,150,TS
1,189,1.0018799043084554,1.0009297923375173,M2,150,TS
1,190,1.001666978040517,1.0008742720881696,M2,150,TS
1,191,1.0018924152574733,1.0008214443890668,M2,150,TS
1,192,1.0013201509165075,1.0007623947126267,M2,150,TS
1,193,1.0003872481179652,1.000690221086076,M2,150,TS
1,194,0.999941113240662,1.0006251869898164,M2,150,TS
1,195,0.9986368612832792,1.0005567535746551,M2,150,TS
1,196,0.9980639123735556,1.0004935442768974,M2,150,TS
1,197,0.9975588394878703,1.000431349369924,M2,150,TS
1,198,0.9971216426262207,1.0003701688537319,M2,150,TS
1,199,0.9967523217886071,1.0003100027283216,M2,150,TS
1,200,0.9964508769750292,1.0002508509936932,M2,150,TS
3,151,0.9960343643247106,0.996089827609016,M2,150,TS
3,152,0.9959927167171484,0.9960807954855744,M2,150,TS
3,153,0.9959585669412259,0.9960678435771096,M2,150,TS
3,154,0.9959319149969431,0.9960509718836217,M2,150,TS
3,155,0.9959127608842999,0.9960301804051104,M2,150,TS
3,156,0.9959011046032991,0.9960054691415787,M2,150,TS
3,157,0.99591418178317,0.9959838603482042,M2,150,TS
3,158,0.9959199948628807,0.9959505084747086,M2,150,TS
3,159,0.9959320859144289,0.9959154681130027,M2,150,TS
3,160,0.99593203064154,0.9958752979952401,M2,150,TS
3,161,0.9959224770012136,0.9958329638009591,M2,150,TS
3,162,0.9959002339481822,0.9957657129435936,M2,150,TS
3,163,0.9958625601185487,0.9957046940952761,M2,150,TS
3,164,0.9957994798270604,0.9956628118821729,M2,150,TS
3,165,0.995739273297319,0.9956318909434462,M2,150,TS
3,166,0.9956808517819564,0.9956174706742391,M2,150,TS
3,167,0.9956127277322449,0.9956127702925877,M2,150,TS
3,168,0.995576158074972,0.9956257578754506,M2,150,TS
3,169,0.9955744051959938,0.995619808337689,M2,150,TS
3,170,0.995600712306006,0.995615958414931,M2,150,TS
3,171,0.9956379893705616,0.995573399780129,M2,150,TS
3,172,0.9956641347323912,0.9955015338877247,M2,150,TS
3,173,0.9956711920948085,0.9954481544649489,M2,150,TS
3,174,0.9956380585687907,0.9954015199826547,M2,150,TS
3,175,0.9955853708658173,0.9953711327518809,M2,150,TS
3,176,0.9955396173395594,0.995335598911532,M2,150,TS
3,177,0.9955035324983614,0.9953240942588315,M2,150,TS
3,178,0.9955100283482142,0.9953333952963861,M2,150,TS
3,179,0.9955577798394379,0.9953424128417263,M2,150,TS
3,180,0.9956211379950224,0.9953613435153024,M2,150,TS
3,181,0.9956797077616993,0.99536521268516,M2,150,TS
3,182,0.9956850893700995,0.9953707407141351,M2,150,TS
3,183,0.9956531206452309,0.9953768461079866,M2,150,TS
3,184,0.9955877786642572,0.9953642681960542,M2,150,TS
3,185,0.9955121162923015,0.9953465121886333,M2,150,TS
3,186,0.9954418813752506,0.9952990495671191,M2,150,TS
3,187,0.9953844260642624,0.9952521492943641,M2,150,TS
3,188,0.9953396535246629,0.9952119530785108,M2,150,TS
3,189,0.9953058687211954,0.9951783134232348,M2,150,TS
3,190,0.9952704270164792,0.995145772353013,M2,150,TS
3,191,0.9952322818676387,0.995127214862281,M2,150,TS
3,192,0.9951643814803146,0.9950818591893235,M2,150,TS
3,193,0.995099388061318,0.995014784460038,M2,150,TS
3,194,0.9950507740559454,0.9949664601074757,M2,150,TS
3,195,0.9950369504778394,0.9948918587457861,M2,150,TS
3,196,0.9950429987886786,0.9948409212605497,M2,150,TS
3,197,0.9950691480067563,0.9947922332209549,M2,150,TS
3,198,0.9951153981320696,0.994745794626999,M2,150,TS
3,199,0.9951817491646184,0.9947016054786819,M2,150,TS
3,200,0.9952682011044028,0.9946596657760035,M2,150,TS
4,151,0.9767030436512549,0.9767165662628304,M2,150,TS
4,152,0.976800964527353,0.976478272964857,M2,150,TS
4,153,0.976863456319432,0.976239514091618,M2,150,TS
4,154,0.9768905190274921,0.9760002896431137,M2,150,TS
4,155,0.9768821526515331,0.9757605996193436,M2,150,TS
4,156,0.9768383571915578,0.9755204440203111,M2,150,TS
4,157,0.9771008112729221,0.9752846386989716,M2,150,TS
4,158,0.9766433462641386,0.975056358982973,M2,150,TS
4,159,0.9764710655576234,0.9748192961948904,M2,150,TS
4,160,0.9761497056640729,0.9745945525053227,M2,150,TS
4,161,0.9759204878059102,0.974334608205425,M2,150,TS
4,162,0.9755304826807375,0.9739718517996517,M2,150,TS
4,163,0.9752868250272246,0.9736446377711487,M2,150,TS
4,164,0.9751039310436997,0.9733773439347303,M2,150,TS
4,165,0.9748326994872825,0.9731302459809802,M2,150,TS
4,166,0.9745956570849166,0.9729403886324854,M2,150,TS
4,167,0.9745201302249025,0.9727843362481495,M2,150,TS
4,168,0.9746065450471004,0.9726479738103536,M2,150,TS
4,169,0.9742718804716919,0.9724870055876588,M2,150,TS
4,170,0.9737456352786511,0.9723491326873229,M2,150,TS
4,171,0.9733758712277756,0.97201786180951,M2,150,TS
4,172,0.973068728226699,0.9715743018035353,M2,150,TS
4,173,0.9727661577049508,0.971223572491307,M2,150,TS
4,174,0.9726141495290563,0.970882505481838,M2,150,TS
4,175,0.9727118741969064,0.9705440081120649,M2,150,TS
4,176,0.9721794294905961,0.9702548655954416,M2,150,TS
4,177,0.9718954140115266,0.9700327570164149,M2,150,TS
4,178,0.9719018732784592,0.9698768261285758,M2,150,TS
4,179,0.9714335255198636,0.9697725487039655,M2,150,TS
4,180,0.9711578846154274,0.9697044420170264,M2,150,TS
4,181,0.9710944722638326,0.9695586725343275,M2,150,TS
4,182,0.9712193875545372,0.9694003190695759,M2,150,TS
4,183,0.9713507159747161,0.9692902847488295,M2,150,TS
4,184,0.9712892944760729,0.9691270576230603,M2,150,TS
4,185,0.9712462147908485,0.9689180899752668,M2,150,TS
4,186,0.9705731539231293,0.9686648911275296,M2,150,TS
4,187,0.970208754222414,0.9683697217436218,M2,150,TS
4,188,0.969988760236854,0.9681148849647856,M2,150,TS
4,189,0.9696206096996185,0.9678895284785497,M2,150,TS
4,190,0.9694751194696738,0.9676219844364186,M2,150,TS
4,191,0.9694240710464628,0.9674170169068882,M2,150,TS
4,192,0.969427668334244,0.9670711865130976,M2,150,TS
4,193,0.9693133233696938,0.9666951736356679,M2,150,TS
4,194,0.9689956572497094,0.9663968652187159,M2,150,TS
4,195,0.9687059737372188,0.9660119821345183,M2,150,TS
4,196,0.9684807897997224,0.9657083954953368,M2,150,TS
4,197,0.9682473872035253,0.9654180398992519,M2,150,TS
4,198,0.9680057659486249,0.9651409153462609,M2,150,TS
4,199,0.9677559260350211,0.9648770218363637,M2,150,TS
4,200,0.9674978674627139,0.9646263593695604,M2,150,TS
6,151,0.996214505768315,0.9961753182232088,M2,150,TS
6,152,0.9961152328406796,0.996152227307018,M2,150,TS
6,153,0.9960290888322142,0.9961250844152024,M2,150,TS
6,154,0.995956073742919,0.9960938895477617,M2,150,TS
6,155,0.9958961875727937,0.996058642704696,M2,150,TS
6,156,0.9958494303218418,0.9960193438860081,M2,150,TS
6,157,0.9958599118207982,0.9959819209938102,M2,150,TS
6,158,0.9958456437304972,0.9959340609108682,M2,150,TS
6,159,0.9957704044573623,0.9958858543881592,M2,150,TS
6,160,0.9958367240092967,0.9958288327181055,M2,150,TS
6,161,0.9957092218587607,0.9957742841847634,M2,150,TS
6,162,0.9956523449446865,0.9956926406229528,M2,150,TS
6,163,0.9955662274306651,0.9956176450159963,M2,150,TS
6,164,0.9955560027793754,0.9955593353770593,M2,150,TS
6,165,0.9955269016238708,0.9955127705484719,M2,150,TS
6,166,0.995515275555934,0.9954823238783672,M2,150,TS
6,167,0.995481363117343,0.9954617691006916,M2,150,TS
6,168,0.9952872254157735,0.9954638299899665,M2,150,TS
6,169,0.9952152259768224,0.9954449701463922,M2,150,TS
6,170,0.9950931560869628,0.9954305085427216,M2,150,TS
6,171,0.994966603957919,0.9953771434878289,M2,150,TS
6,172,0.9949506503891471,0.9952910162434436,M2,150,TS
6,173,0.9949255045077805,0.995223164981779,M2,150,TS
6,174,0.9949507524984647,0.9951594310970672,M2,150,TS
6,175,0.9949436995335101,0.9951122333656379,M2,150,TS
6,176,0.9948553452856492,0.9950628529617023,M2,150,TS
6,177,0.994861288992555,0.9950351687351141,M2,150,TS
6,178,0.9947635411372995,0.9950318883147323,M2,150,TS
6,179,0.9947687327438571,0.9950272645233897,M2,150,TS
6,180,0.9946547175698341,0.995035846185607,M2,150,TS
6,181,0.9947522146500036,0.9950234699532212,M2,150,TS
6,182,0.9947288419621603,0.9950142410674828,M2,150,TS
6,183,0.9946594190966497,0.9950056023152221,M2,150,TS
6,184,0.9946131352370858,0.9949769724180524,M2,150,TS
6,185,0.9945569067396691,0.9949432838345392,M2,150,TS
6,186,0.9944554226729967,0.9948816514296963,M2,150,TS
6,187,0.994525445824341,0.9948161376489854,M2,150,TS
6,188,0.9945312995670903,0.9947592080865557,M2,150,TS
6,189,0.9945035238085205,0.9947101475453662,M2,150,TS
6,190,0.9944937350335686,0.9946613608878379,M2,150,TS
6,191,0.994511069552142,0.9946259289554956,M2,150,TS
6,192,0.994354548788215,0.9945670286532782,M2,150,TS
6,193,0.9942082877615992,0.994486146947158,M2,150,TS
6,194,0.9940660638765035,0.9944250014425369,M2,150,TS
6,195,0.9939285246499441,0.9943380745387024,M2,150,TS
6,196,0.9937872031503167,0.9942755558584938,M2,150,TS
6,197,0.9936459653173575,0.9942158756727966,M2,150,TS
6,198,0.9935048111510638,0.9941590339816079,M2,150,TS
6,199,0.9933637406514356,0.9941050307849275,M2,150,TS
6,200,0.9932227538184729,0.9940538660827557,M2,150,TS
7,151,0.9944063753831374,0.9949332695665893,M2,150,TS
7,152,0.9943518838933064,0.9948787739448319,M2,150,TS
7,153,0.9942924744859969,0.9948206754452561,M2,150,TS
7,154,0.994228147161209,0.994758974067862,M2,150,TS
7,155,0.9941589019189425,0.9946936698126495,M2,150,TS
7,156,0.9940847387592003,0.9946247626796215,M2,150,TS
7,157,0.9939822863795954,0.9945597674276113,M2,150,TS
7,158,0.9939045656069894,0.99448325760135,M2,150,TS
7,159,0.9938651951227415,0.9944038136057477,M2,150,TS
7,160,0.9938035718599496,0.9943197614570468,M2,150,TS
7,161,0.9937610515371789,0.9942329249629699,M2,150,TS
7,162,0.9937122760542119,0.9941215885149598,M2,150,TS
7,163,0.9936117741640667,0.9940173853684677,M2,150,TS
7,164,0.9935157799849212,0.9939314469904349,M2,150,TS
7,165,0.9934154307549953,0.9938567813634145,M2,150,TS
7,166,0.9932585301429073,0.993799795672511,M2,150,TS
7,167,0.9930649007415475,0.9937527086459511,M2,150,TS
7,168,0.9929202850425868,0.9937228248551588,M2,150,TS
7,169,0.9927678083195293,0.993675459032116,M2,150,TS
7,170,0.9926517468134011,0.9936301690314638,M2,150,TS
7,171,0.9925164540284324,0.9935473762655129,M2,150,TS
7,172,0.9924355058928396,0.9934339420358809,M2,150,TS
7,173,0.9922633449048571,0.9933403297803755,M2,150,TS
7,174,0.9921366744906839,0.9932508155807135,M2,150,TS
7,175,0.9920620457932743,0.993175422626982,M2,150,TS
7,176,0.991960224684306,0.9930963999102858,M2,150,TS
7,177,0.9917807998494718,0.9930431356984945,M2,150,TS
7,178,0.991696715556144,0.9930087913464899,M2,150,TS
7,179,0.9916208230145287,0.9929753085213676,M2,150,TS
7,180,0.9915485975755082,0.9929516824380614,M2,150,TS
7,181,0.9915041139511117,0.9929124273975083,M2,150,TS
7,182,0.991437678959813,0.9928737006421896,M2,150,TS
7,183,0.9913197670728469,0.9928353261306521,M2,150,TS
7,184,0.9912539511914851,0.992776557292669,M2,150,TS
7,185,0.9912096475888834,0.9927120301695784,M2,150,TS
7,186,0.9911403242141177,0.9926195526244986,M2,150,TS
7,187,0.9909881512914112,0.9925297563449879,M2,150,TS
7,188,0.9909081017447054,0.992444793100496,M2,150,TS
7,189,0.9908380250579897,0.9923663750468521,M2,150,TS
7,190,0.9907348827758002,0.9922897237649735,M2,150,TS
7,191,0.990680910982181,0.9922255747024504,M2,150,TS
7,192,0.9905315571703812,0.9921364809652973,M2,150,TS
7,193,0.9903770005332686,0.9920259950099088,M2,150,TS
7,194,0.9902430059030527,0.9919347022734061,M2,150,TS
7,195,0.9901456260555439,0.9918173184435827,M2,150,TS
7,196,0.9900206122761921,0.9917244782852798,M2,150,TS
7,197,0.9898951591915459,0.9916344646722445,M2,150,TS
7,198,0.9897692668016028,0.9915472776044744,M2,150,TS
7,199,0.9896429351063629,0.991462917081969,M2,150,TS
7,200,0.9895161641058261,0.9913813831047288,M2,150,TS
8,151,0.9894562866939769,0.9899704350180271,M2,150,TS
8,152,0.9892869391809709,0.9898560769558346,M2,150,TS
8,153,0.9891264737722718,0.9897379917792776,M2,150,TS
8,154,0.9889748904678795,0.9896161794883563,M2,150,TS
8,155,0.9888321892677938,0.9894906400830705,M2,150,TS
8,156,0.9886983701720182,0.9893613735634231,M2,150,TS
8,157,0.988612998135234,0.9892375140772807,M2,150,TS
8,158,0.9884657605265808,0.9890991543870615,M2,150,TS
8,159,0.9883221445484542,0.988960167066015,M2,150,TS
8,160,0.9881996969985829,0.9888150323927941,M2,150,TS
8,161,0.988043425315414,0.9886658265012612,M2,150,TS
8,162,0.9878153619489983,0.9884857292785507,M2,150,TS
8,163,0.987663659807816,0.988311182139141,M2,150,TS
8,164,0.9875156075605755,0.9881576491393482,M2,150,TS
8,165,0.9873270466649591,0.988016656443156,M2,150,TS
8,166,0.9871873160367632,0.9878952228725965,M2,150,TS
8,167,0.9870762836454232,0.987787225070652,M2,150,TS
8,168,0.9869386436403,0.9876985064671241,M2,150,TS
8,169,0.9867927268027747,0.9875903716195898,M2,150,TS
8,170,0.9866505942191186,0.9874855864962031,M2,150,TS
8,171,0.9865007607244951,0.987332015780967,M2,150,TS
8,172,0.986302968780101,0.9871424772883197,M2,150,TS
8,173,0.9861435659453623,0.9869766399344687,M2,150,TS
8,174,0.9859508344567336,0.9868190715219437,M2,150,TS
8,175,0.9857170247032094,0.9866809618615933,M2,150,TS
8,176,0.9854989411486601,0.9865370642700927,M2,150,TS
8,177,0.9853378399000858,0.986420786382996,M2,150,TS
8,178,0.9851822150143007,0.986330522898175,M2,150,TS
8,179,0.98501998496841,0.9862428317396591,M2,150,TS
8,180,0.9849044471712944,0.9861670155387381,M2,150,TS
8,181,0.9848004012787525,0.9860693774157787,M2,150,TS
8,182,0.9846632874079718,0.9859739825721746,M2,150,TS
8,183,0.9845620324189641,0.9858821611343407,M2,150,TS
8,184,0.9844446166266216,0.9857669311187719,M2,150,TS
8,185,0.9842672291286316,0.9856460716453322,M2,150,TS
8,186,0.9840657585920585,0.9854894334206894,M2,150,TS
8,187,0.983908876419124,0.9853334661153823,M2,150,TS
8,188,0.9837450136174848,0.9851874557446236,M2,150,TS
8,189,0.9835390637644426,0.985051043046104,M2,150,TS
8,190,0.9833286628583462,0.9849143282376573,M2,150,TS
8,191,0.9831152377668357,0.9847945032968902,M2,150,TS
8,192,0.9828710927346475,0.9846424994164358,M2,150,TS
8,193,0.9826470558178269,0.9844663939757078,M2,150,TS
8,194,0.9824686223560679,0.9843088552802259,M2,150,TS
8,195,0.9822446928402246,0.9841213278538921,M2,150,TS
8,196,0.9820476556594568,0.9839627366209518,M2,150,TS
8,197,0.9818597827823277,0.9838069133440159,M2,150,TS
8,198,0.9816810742088343,0.9836538580230815,M2,150,TS
8,199,0.981511529938977,0.9835035706581485,M2,150,TS
8,200,0.9813511499727554,0.9833560512492171,M2,150,TS
12,151,0.9964391412129527,0.9962494718503132,M2,150,TS
12,152,0.996449271339672,0.9962161230905143,M2,150,TS
12,153,0.9964508346170283,0.9961791830711075,M2,150,TS
12,154,0.9964438310450218,0.9961386517920927,M2,150,TS
12,155,0.9964282606236524,0.9960945292534699,M2,150,TS
12,156,0.9964041233529233,0.9960468154552418,M2,150,TS
12,157,0.9963733833269217,0.9959948394778133,M2,150,TS
12,158,0.9963272920330408,0.9959470472735806,M2,150,TS
12,159,0.9962954253265817,0.9958905265477376,M2,150,TS
12,160,0.9962317083567527,0.9958334016665971,M2,150,TS
12,161,0.996195685495121,0.9957745567979426,M2,150,TS
12,162,0.9961588400405574,0.9956973245441704,M2,150,TS
12,163,0.9960993853386355,0.995626438035258,M2,150,TS
12,164,0.9960167875370655,0.9955744300681183,M2,150,TS
12,165,0.9959439058471578,0.9955362054152657,M2,150,TS
12,166,0.9958358179690385,0.9955119305792646,M2,150,TS
12,167,0.9957187800079623,0.9954910566694528,M2,150,TS
12,168,0.9956256062307962,0.99548824274203,M2,150,TS
12,169,0.9955638034557666,0.995470887048797,M2,150,TS
12,170,0.995517288368672,0.995459298349243,M2,150,TS
12,171,0.9955193786141443,0.995410558716295,M2,150,TS
12,172,0.9954981882957448,0.9953353712433596,M2,150,TS
12,173,0.9954579803391037,0.9952724780284631,M2,150,TS
12,174,0.9954238374706464,0.9952085186555174,M2,150,TS
12,175,0.995400931370721,0.9951580509463889,M2,150,TS
12,176,0.9953770856030706,0.9951120204510672,M2,150,TS
12,177,0.9953392362431142,0.9950838932475833,M2,150,TS
12,178,0.9953084427222629,0.9950705875048448,M2,150,TS
12,179,0.9952961128171749,0.9950623208976566,M2,150,TS
12,180,0.99530106766799,0.9950586020591059,M2,150,TS
12,181,0.9952783788360806,0.9950418118666333,M2,150,TS
12,182,0.9952234549725187,0.9950222734020664,M2,150,TS
12,183,0.9951648897320904,0.9949937567761413,M2,150,TS
12,184,0.9951172409488205,0.9949515048989661,M2,150,TS
12,185,0.9950643536166401,0.9949086599368527,M2,150,TS
12,186,0.9950033249822401,0.9948486687754187,M2,150,TS
12,187,0.9949131124957803,0.9947857764912771,M2,150,TS
12,188,0.9948103844069475,0.9947257305684535,M2,150,TS
12,189,0.9947515845784494,0.994671378131176,M2,150,TS
12,190,0.9947036933144273,0.9946152100467912,M2,150,TS
12,191,0.9946534388496556,0.9945717919733472,M2,150,TS
12,192,0.9946082764806821,0.994502301735681,M2,150,TS
12,193,0.9945468720668882,0.9944118522778955,M2,150,TS
12,194,0.9945116759637709,0.9943488566989437,M2,150,TS
12,195,0.9944588077055738,0.9942622199082956,M2,150,TS
12,196,0.9944023791897465,0.9941966391986784,M2,150,TS
12,197,0.994339854015007,0.9941348247818114,M2,150,TS
12,198,0.994271232181353,0.9940767766576917,M2,150,TS
12,199,0.9941965136887845,0.9940224948263192,M2,150,TS
12,200,0.9941156985373015,0.9939719792876942,M2,150,TS
13,151,0.9971218402728154,0.9967799048618001,M2,150,TS
13,152,0.997125411021877,0.9967471967138908,M2,150,TS
13,153,0.9971229622682198,0.9967109258768057,M2,150,TS
13,154,0.9971144940118436,0.9966710923505447,M2,150,TS
13,155,0.9971000062527485,0.9966276961351082,M2,150,TS
13,156,0.9970794989909375,0.9965807372304988,M2,150,TS
13,157,0.9970426935251744,0.9965378830463512,M2,150,TS
13,158,0.9970120287572352,0.9964830963348261,M2,150,TS
13,159,0.9969747483554201,0.9964268854608842,M2,150,TS
13,160,0.9969483991395283,0.996365008343805,M2,150,TS
13,161,0.9969110441392823,0.9963009410478965,M2,150,TS
13,162,0.9968554234616301,0.9962119980317083,M2,150,TS
13,163,0.9967727646811086,0.9961296140236556,M2,150,TS
13,164,0.9966715256409413,0.99606625613427,M2,150,TS
13,165,0.9965957220405769,0.9960133211938588,M2,150,TS
13,166,0.9965182877753898,0.9959770341802221,M2,150,TS
13,167,0.9964408373216866,0.995950231897474,M2,150,TS
13,168,0.996360574441506,0.9959419924232705,M2,150,TS
13,169,0.9963313767031219,0.995914448955594,M2,150,TS
13,170,0.9963210302726416,0.9958893149646856,M2,150,TS
13,171,0.9962985218915089,0.9958257850149607,M2,150,TS
13,172,0.9962485884144738,0.9957332103841993,M2,150,TS
13,173,0.9961874524844941,0.9956590267150868,M2,150,TS
13,174,0.9961345121000279,0.9955903088038032,M2,150,TS
13,175,0.9961303098675913,0.9955360544355417,M2,150,TS
13,176,0.9960950315914081,0.9954778164111591,M2,150,TS
13,177,0.9960719868016161,0.9954435657653362,M2,150,TS
13,178,0.9960434895446866,0.9954313836558811,M2,150,TS
13,179,0.9960460676752122,0.9954193392174413,M2,150,TS
13,180,0.9960497643446751,0.9954175834599575,M2,150,TS
13,181,0.9960063775909416,0.9954017107741482,M2,150,TS
13,182,0.9959622485718815,0.9953860901149648,M2,150,TS
13,183,0.9958959250976375,0.9953707015560146,M2,150,TS
13,184,0.9958618036440439,0.9953349183038415,M2,150,TS
13,185,0.995846187414138,0.9952931795295071,M2,150,TS
13,186,0.9957957726569031,0.995222827548446,M2,150,TS
13,187,0.9957415155335627,0.9951533596756651,M2,150,TS
13,188,0.9956964933022042,0.9950907092919987,M2,150,TS
13,189,0.9956549610085865,0.9950348723285108,M2,150,TS
13,190,0.9956421171713961,0.9949792460998721,M2,150,TS
13,191,0.9956152225775323,0.9949379671375318,M2,150,TS
13,192,0.9955648706054869,0.9948695392809666,M2,150,TS
13,193,0.9954959882519252,0.9947799281177534,M2,150,TS
13,194,0.995440178124885,0.9947093047087411,M2,150,TS
13,195,0.9953727857710697,0.9946134798008555,M2,150,TS
13,196,0.9953265384190831,0.9945413782438228,M2,150,TS
13,197,0.9952828626347129,0.9944719986878258,M2,150,TS
13,198,0.9952417584179565,0.9944053411328618,M2,150,TS
13,199,0.9952032257688137,0.9943414055789308,M2,150,TS
13,200,0.9951672646872847,0.9942801920260326,M2,150,TS
15,151,0.9962252605469409,0.9959735096785476,M2,150,TS
15,152,0.9962208125930392,0.9959285207243841,M2,150,TS
15,153,0.9962118183194908,0.9958799267410705,M2,150,TS
15,154,0.9961982777262959,0.9958277277286073,M2,150,TS
15,155,0.9961801908134543,0.9957719236869942,M2,150,TS
15,156,0.996157557580969,0.995712514616234,M2,150,TS
15,157,0.9961330561512289,0.9956566219346522,M2,150,TS
15,158,0.9961030139082411,0.9955894801036075,M2,150,TS
15,159,0.9960483729312696,0.9955212368461285,M2,150,TS
15,160,0.9960004961472655,0.9954475153961692,M2,150,TS
15,161,0.9959293724948286,0.9953720027811536,M2,150,TS
15,162,0.9958335335644611,0.9952721045171049,M2,150,TS
15,163,0.9957205996053304,0.9951784671424685,M2,150,TS
15,164,0.9956044966238953,0.9951033649970412,M2,150,TS
15,165,0.9954812809233828,0.995039539091599,M2,150,TS
15,166,0.9953984102161108,0.9949910994547706,M2,150,TS
15,167,0.9953439525691803,0.9949511664548585,M2,150,TS
15,168,0.995329457996333,0.9949286794725475,M2,150,TS
15,169,0.9952733207454667,0.9948894116110699,M2,150,TS
15,170,0.9952518136326842,0.9948521919533069,M2,150,TS
15,171,0.9952051757086207,0.9947772733800508,M2,150,TS
15,172,0.995132271609668,0.9946735482690521,M2,150,TS
15,173,0.995060842996885,0.9945875897525416,M2,150,TS
15,174,0.9950070180486855,0.9945066913991788,M2,150,TS
15,175,0.9949476593639104,0.9944415050714359,M2,150,TS
15,176,0.994932851648315,0.9943705829168691,M2,150,TS
15,177,0.9949255098219727,0.9943235180526169,M2,150,TS
15,178,0.9949214325530107,0.9942980518206451,M2,150,TS
15,179,0.9949097971769096,0.994273762347591,M2,150,TS
15,180,0.9948833397107228,0.9942600118083612,M2,150,TS
15,181,0.9948059503284219,0.9942324588348226,M2,150,TS
15,182,0.9947249757270282,0.9942051114064593,M2,150,TS
15,183,0.9946328188777054,0.9941774428364748,M2,150,TS
15,184,0.994556640269802,0.9941300390270511,M2,150,TS
15,185,0.9944566820527307,0.9940778634003167,M2,150,TS
15,186,0.9944022573565555,0.9939954415719037,M2,150,TS
15,187,0.9943491582095565,0.9939136557073073,M2,150,TS
15,188,0.9942834853639416,0.9938390909725368,M2,150,TS
15,189,0.9942423860416657,0.993770743348851,M2,150,TS
15,190,0.9941943633012958,0.9937035156002052,M2,150,TS
15,191,0.9941214406260783,0.9936508008531421,M2,150,TS
15,192,0.9940644165797171,0.9935700940284161,M2,150,TS
15,193,0.9939849550593147,0.9934683885663849,M2,150,TS
15,194,0.9939132663788257,0.9933859496915103,M2,150,TS
15,195,0.9938551810527687,0.9932778594536861,M2,150,TS
15,196,0.9937969359266035,0.9931938186147115,M2,150,TS
15,197,0.9937438760109061,0.9931124415269107,M2,150,TS
15,198,0.9936960013056741,0.9930337281902811,M2,150,TS
15,199,0.9936533118109079,0.9929576786048228,M2,150,TS
15,200,0.993615807526607,0.9928842927705356,M2,150,TS
17,151,0.9980876584157506,0.99820209857459,M2,150,TS
17,152,0.9981352042733159,0.9982030859363202,M2,150,TS
17,153,0.9981566729266981,0.9982009949017578,M2,150,TS
17,154,0.998152064375897,0.9981958254709027,M2,150,TS
17,155,0.9981213786209127,0.9981875776437549,M2,150,TS
17,156,0.9980646156617479,0.9981762514203171,M2,150,TS
17,157,0.9979494545663445,0.9981690766780426,M2,150,TS
17,158,0.9979097161329462,0.9981499890472022,M2,150,TS
17,159,0.9979176121027216,0.9981271951474233,M2,150,TS
17,160,0.9977559841524373,0.9981040138791091,M2,150,TS
17,161,0.9977519595499136,0.9980745712056749,M2,150,TS
17,162,0.9977688485147062,0.9980205540271079,M2,150,TS
17,163,0.9978168947376731,0.9979714520249294,M2,150,TS
17,164,0.9978755313898338,0.9979403778402334,M2,150,TS
17,165,0.9979888789109685,0.9979193001394312,M2,150,TS
17,166,0.9980966942905272,0.99791418968994,M2,150,TS
17,167,0.9980050167181996,0.9979229109599428,M2,150,TS
17,168,0.9980279963497212,0.9979471822878214,M2,150,TS
17,169,0.9980399116980906,0.9979542843811743,M2,150,TS
17,170,0.998046379793742,0.9979647763641801,M2,150,TS
17,171,0.9980724622218546,0.9979373570943788,M2,150,TS
17,172,0.9980755730720043,0.9978816157515108,M2,150,TS
17,173,0.9980659388396138,0.9978429031338079,M2,150,TS
17,174,0.9980451216973336,0.9978091958084004,M2,150,TS
17,175,0.9980200775252531,0.9977913910407057,M2,150,TS
17,176,0.9979768399295956,0.9977700533395055,M2,150,TS
17,177,0.9979523464467734,0.9977713454384485,M2,150,TS
17,178,0.9979192537226368,0.9977936802450054,M2,150,TS
17,179,0.9978812563814822,0.9978173131592325,M2,150,TS
17,180,0.9978276205537122,0.9978508298408496,M2,150,TS
17,181,0.99779056482589,0.9978691791961806,M2,150,TS
17,182,0.9977713897388524,0.997886783133205,M2,150,TS
17,183,0.9977523831235487,0.9979023694979443,M2,150,TS
17,184,0.9977298930177749,0.997899540648685,M2,150,TS
17,185,0.9976923719248798,0.9978926922565954,M2,150,TS
17,186,0.9976702775317827,0.9978574118917076,M2,150,TS
17,187,0.9976507861793333,0.9978225494158278,M2,150,TS
17,188,0.99760405834563,0.9977946753906616,M2,150,TS
17,189,0.9975449789654255,0.9977738877048871,M2,150,TS
17,190,0.9974977354863259,0.9977536872229258,M2,150,TS
17,191,0.9974704408888537,0.9977465832599238,M2,150,TS
17,192,0.9974628881747938,0.9977120492499342,M2,150,TS
17,193,0.9974755488038036,0.9976552702319176,M2,150,TS
17,194,0.9974938234159549,0.9976187100542357,M2,150,TS
17,195,0.9975989351942185,0.9975547946072244,M2,150,TS
17,196,0.9975292329964532,0.9975191022944214,M2,150,TS
17,197,0.997419619540284,0.9974873382343571,M2,150,TS
17,198,0.997270094825708,0.9974595024270284,M2,150,TS
17,199,0.9970806588527253,0.9974355948724356,M2,150,TS
17,200,0.9968513116213358,0.9974156155705785,M2,150,TS
18,151,0.9967286752306215,0.996946765568889,M2,150,TS
18,152,0.996734180439968,0.9969266443012137,M2,150,TS
18,153,0.9967286473994351,0.9969030413826143,M2,150,TS
18,154,0.9967120761090231,0.9968759568130909,M2,150,TS
18,155,0.9966844665687318,0.9968453905926433,M2,150,TS
18,156,0.9966458187785637,0.9968113427212744,M2,150,TS
18,157,0.9965932376844059,0.9967802955882681,M2,150,TS
18,158,0.996527560446605,0.9967395767445678,M2,150,TS
18,159,0.9964576808305154,0.9966966639716018,M2,150,TS
18,160,0.9963852885555852,0.9966488015261576,M2,150,TS
18,161,0.9963093425696747,0.9965990610433192,M2,150,TS
18,162,0.996241155290386,0.9965253570180508,M2,150,TS
18,163,0.9961930232600331,0.9964568236637591,M2,150,TS
18,164,0.9961534929420675,0.9964062111364834,M2,150,TS
18,165,0.9961282542437089,0.9963665101417752,M2,150,TS
18,166,0.9961340704382093,0.9963417003123721,M2,150,TS
18,167,0.9961332036581544,0.9963254102198855,M2,150,TS
18,168,0.9961445950325705,0.9963273298061067,M2,150,TS
18,169,0.9961564930828966,0.9963118029105555,M2,150,TS
18,170,0.9961554243304382,0.9962997179766638,M2,150,TS
18,171,0.9961540709408457,0.9962507669548885,M2,150,TS
18,172,0.9961171965817952,0.9961742016442781,M2,150,TS
18,173,0.9960709459919943,0.9961144231175514,M2,150,TS
18,174,0.9960208668691528,0.9960595397931309,M2,150,TS
18,175,0.9959813926061627,0.9960198043153057,M2,150,TS
18,176,0.995958089004092,0.9959755550144579,M2,150,TS
18,177,0.9959376291560111,0.995954287885187,M2,150,TS
18,178,0.9959178524370527,0.9959537321709475,M2,150,TS
18,179,0.995896460375093,0.9959542349696232,M2,150,TS
18,180,0.9958710421699442,0.9959643268505595,M2,150,TS
18,181,0.9958367919253477,0.9959603024901825,M2,150,TS
18,182,0.9957831257202757,0.9959565191837706,M2,150,TS
18,183,0.9957326025198818,0.9959507489292462,M2,150,TS
18,184,0.9956971290990027,0.995926170552201,M2,150,TS
18,185,0.9956599277889449,0.9958969828382864,M2,150,TS
18,186,0.9956296855841797,0.995839868155416,M2,150,TS
18,187,0.9955981713458765,0.9957832467494537,M2,150,TS
18,188,0.9955528767442439,0.9957332151904862,M2,150,TS
18,189,0.9954912232503919,0.9956902371469167,M2,150,TS
18,190,0.9954337333107592,0.9956481563115118,M2,150,TS
18,191,0.9953760597201944,0.9956195500479289,M2,150,TS
18,192,0.9953032597925409,0.9955646156312846,M2,150,TS
18,193,0.9952215665357579,0.9954884471835092,M2,150,TS
18,194,0.9951472511607411,0.9954321589207797,M2,150,TS
18,195,0.9950705577024481,0.9953512598002467,M2,150,TS
18,196,0.9950302699225336,0.995292684222448,M2,150,TS
18,197,0.9950046135818877,0.9952365555607958,M2,150,TS
18,198,0.9949935886805082,0.9951828738152875,M2,150,TS
18,199,0.9949971952183951,0.995131638985923,M2,150,TS
18,200,0.9950154331955485,0.9950828510727024,M2,150,TS
19,151,0.9983541625402169,0.9983180154608776,M2,150,TS
19,152,0.998313949241844,0.9983169702008416,M2,150,TS
19,153,0.9982766524905043,0.9983120809730874,M2,150,TS
19,154,0.9982422722861977,0.9983033477776149,M2,150,TS
19,155,0.9982108086289242,0.9982907706144236,M2,150,TS
19,156,0.9981822615186868,0.998274349483517,M2,150,TS
19,157,0.9981634010364282,0.9982604483595908,M2,150,TS
19,158,0.9981526300088968,0.9982361453402689,M2,150,TS
19,159,0.998118417587482,0.998210139606309,M2,150,TS
19,160,0.9980856048046101,0.9981790990191335,M2,150,TS
19,161,0.9980510460025163,0.9981459628777237,M2,150,TS
19,162,0.9980122018525,0.9980885784917513,M2,150,TS
19,163,0.9979886622993271,0.9980365903290841,M2,150,TS
19,164,0.9979748072893371,0.9980027659523217,M2,150,TS
19,165,0.9979576989069638,0.9979804782011283,M2,150,TS
19,166,0.9979557420190031,0.9979738078647323,M2,150,TS
19,167,0.9979701549299111,0.9979754271834786,M2,150,TS
19,168,0.9979696476288039,0.9979960602683563,M2,150,TS
19,169,0.9979757712917408,0.9979989466082333,M2,150,TS
19,170,0.9979679876075439,0.9980054261182355,M2,150,TS
19,171,0.9979505371878232,0.9979743087895238,M2,150,TS
19,172,0.9979374164180058,0.9979138279660825,M2,150,TS
19,173,0.9979284641604969,0.9978702762657738,M2,150,TS
19,174,0.9979243138901803,0.9978314683444205,M2,150,TS
19,175,0.9979137758823782,0.9978086829107755,M2,150,TS
19,176,0.9979146632249826,0.997781484124908,M2,150,TS
19,177,0.9979219630620617,0.9977775109096014,M2,150,TS
19,178,0.9979164416020232,0.9977949296956409,M2,150,TS
19,179,0.9978810831926193,0.9978143380634902,M2,150,TS
19,180,0.9978462976686268,0.9978433591292334,M2,150,TS
19,181,0.9978140490845031,0.9978573270933003,M2,150,TS
19,182,0.9978019663708897,0.9978706012798975,M2,150,TS
19,183,0.9977817707485597,0.9978823977661869,M2,150,TS
19,184,0.997760137049204,0.9978754845875009,M2,150,TS
19,185,0.9977178738287117,0.997864531248434,M2,150,TS
19,186,0.9976769311981306,0.9978251772207094,M2,150,TS
19,187,0.9976246500837709,0.99778666207615,M2,150,TS
19,188,0.9975481718358651,0.997755209183634,M2,150,TS
19,189,0.997464250420944,0.9977307860710287,M2,150,TS
19,190,0.9974058504213121,0.9977065552085879,M2,150,TS
19,191,0.9973498303501193,0.9976960163073876,M2,150,TS
19,192,0.9973111514638624,0.9976578733370297,M2,150,TS
19,193,0.9972846686521686,0.9975976420139031,M2,150,TS
19,194,0.9972725060212573,0.9975572993333133,M2,150,TS
19,195,0.9972586462336028,0.9974917508737875,M2,150,TS
19,196,0.9972579269779204,0.9974496224594347,M2,150,TS
19,197,0.997266220569223,0.9974101069843566,M2,150,TS
19,198,0.9972835270075077,0.9973732044485507,M2,150,TS
19,199,0.9973098462927743,0.997338914852017,M2,150,TS
19,200,0.997345178425023,0.9973072381947552,M2,150,TS
20,151,0.9973616389364621,0.9975729075659956,M2,150,TS
20,152,0.9974075197253998,0.9975603990956495,M2,150,TS
20,153,0.9974215049847107,0.997544937592752,M2,150,TS
20,154,0.997403594714395,0.997526523057303,M2,150,TS
20,155,0.9973537889144526,0.9975051554893026,M2,150,TS
20,156,0.9972720875848866,0.9974808348887537,M2,150,TS
20,157,0.9971109528470454,0.9974613003265258,M2,150,TS
20,158,0.9969958467251645,0.9974303639477039,M2,150,TS
20,159,0.9968982250774934,0.9973967440255309,M2,150,TS
20,160,0.9968057423558895,0.9973579306436432,M2,150,TS
20,161,0.9967649835522265,0.9973158016334323,M2,150,TS
20,162,0.9967462230467132,0.9972491859510111,M2,150,TS
20,163,0.9967562441604744,0.9971875420685634,M2,150,TS
20,164,0.9968197596582506,0.9971427199967947,M2,150,TS
20,165,0.9969000064872323,0.9971087626814162,M2,150,TS
20,166,0.9969981041843179,0.9970901273358063,M2,150,TS
20,167,0.9968934864706803,0.9970851665296994,M2,150,TS
20,168,0.996978171831189,0.9970939200622817,M2,150,TS
20,169,0.9968581736723161,0.9970903825159196,M2,150,TS
20,170,0.9967202675194098,0.9970903895006044,M2,150,TS
20,171,0.9966286239580148,0.9970521784658785,M2,150,TS
20,172,0.9965689094138606,0.9969844722294042,M2,150,TS
20,173,0.9966561260440131,0.9969296845072243,M2,150,TS
20,174,0.9965639000607831,0.9968843539844463,M2,150,TS
20,175,0.9964988305626201,0.9968538991847667,M2,150,TS
20,176,0.9964825142151799,0.996817956094442,M2,150,TS
20,177,0.9965271691823476,0.996803631110763,M2,150,TS
20,178,0.9966247076581672,0.9968088008017016,M2,150,TS
20,179,0.9965231349097945,0.9968200256751852,M2,150,TS
20,180,0.9964948170830299,0.9968389321229536,M2,150,TS
20,181,0.9965423828461333,0.9968414213036091,M2,150,TS
20,182,0.9965689321766831,0.9968442743594644,M2,150,TS
20,183,0.99662696643056,0.9968445099347508,M2,150,TS
20,184,0.9964687216956917,0.9968317332042038,M2,150,TS
20,185,0.9964055226886985,0.9968118861417963,M2,150,TS
20,186,0.9964305090450565,0.9967617627506211,M2,150,TS
20,187,0.9962479179393413,0.9967175103226296,M2,150,TS
20,188,0.9960964738165874,0.9966787642788685,M2,150,TS
20,189,0.9959848674786759,0.9966456586166852,M2,150,TS
20,190,0.9959041879371922,0.9966127915232759,M2,150,TS
20,191,0.9958612410572101,0.9965924810655846,M2,150,TS
20,192,0.9958008059821721,0.9965458734137174,M2,150,TS
20,193,0.9957761643512522,0.9964768093649155,M2,150,TS
20,194,0.9958041770686448,0.996426393880241,M2,150,TS
20,195,0.9958724204484426,0.9963501632403977,M2,150,TS
20,196,0.9959026605517954,0.9962982858817045,M2,150,TS
20,197,0.9959341167151717,0.9962491946020164,M2,150,TS
20,198,0.9959667889385689,0.9962028894013306,M2,150,TS
20,199,0.996000677221987,0.996159370279647,M2,150,TS
20,200,0.9960357815654259,0.9961186372369658,M2,150,TS
21,151,0.9956912339585707,0.9956488610501778,M2,150,TS
21,152,0.9956361582846758,0.9956175412731915,M2,150,TS
21,153,0.9955777660134763,0.9955825594342101,M2,150,TS
21,154,0.9955160571449724,0.9955439155332343,M2,150,TS
21,155,0.995451031679164,0.9955016095702637,M2,150,TS
21,156,0.995382689616054,0.9954556415453011,M2,150,TS
21,157,0.9953032813292844,0.9954127922652702,M2,150,TS
21,158,0.9952288312847336,0.9953595205842386,M2,150,TS
21,159,0.9951657989556684,0.9953037779415388,M2,150,TS
21,160,0.9950827836652403,0.9952434907992607,M2,150,TS
21,161,0.9950040504535111,0.9951809826873655,M2,150,TS
21,162,0.9949378275730777,0.9950940387865608,M2,150,TS
21,163,0.994872731051322,0.9950127936794848,M2,150,TS
21,164,0.9948462154708643,0.9949487797238309,M2,150,TS
21,165,0.9948455456205259,0.994895316429409,M2,150,TS
21,166,0.9948506100983525,0.9948575961705135,M2,150,TS
21,167,0.9948442953928711,0.9948287296454918,M2,150,TS
21,168,0.994858696630907,0.99481781276075,M2,150,TS
21,169,0.9948599240004905,0.9947897350688778,M2,150,TS
21,170,0.9948275598015108,0.9947656180378887,M2,150,TS
21,171,0.9947749222348143,0.9947046918668021,M2,150,TS
21,172,0.9947228452351056,0.9946149563778808,M2,150,TS
21,173,0.994660418753779,0.9945423970936141,M2,150,TS
21,174,0.9946132830160076,0.994474420838746,M2,150,TS
21,175,0.9945781416702075,0.9944215125529114,M2,150,TS
21,176,0.9945183042464286,0.994365118535034,M2,150,TS
21,177,0.994460904363839,0.9943319783432111,M2,150,TS
21,178,0.9944207553588466,0.9943193692498474,M2,150,TS
21,179,0.9943659110086336,0.994308223177705,M2,150,TS
21,180,0.9943098604053411,0.9943067738822828,M2,150,TS
21,181,0.9942479000109743,0.9942909268888904,M2,150,TS
21,182,0.9941933460671152,0.9942746829303535,M2,150,TS
21,183,0.9941428593360844,0.9942568015011158,M2,150,TS
21,184,0.9941003087097292,0.9942200645451015,M2,150,TS
21,185,0.994049879015029,0.9941786244372335,M2,150,TS
21,186,0.9939787237981907,0.994109711271327,M2,150,TS
21,187,0.9939123404758661,0.9940411157742852,M2,150,TS
21,188,0.9938302001053307,0.9939793500469748,M2,150,TS
21,189,0.9937594602523034,0.9939239900252327,M2,150,TS
21,190,0.9936779827658371,0.9938698525042972,M2,150,TS
21,191,0.9935713169909226,0.9938299662422132,M2,150,TS
21,192,0.9934749826288649,0.9937627685695004,M2,150,TS
21,193,0.9933924321192207,0.9936737479481877,M2,150,TS
21,194,0.9933409069786632,0.9936038836267669,M2,150,TS
21,195,0.9933053047706054,0.9935087569187796,M2,150,TS
21,196,0.9932830596003424,0.9934367548691292,M2,150,TS
21,197,0.9932787843572951,0.9933671087361686,M2,150,TS
21,198,0.9932924790414607,0.9932998185198955,M2,150,TS
21,199,0.9933241436528392,0.9932348842203093,M2,150,TS
21,200,0.9933737781914306,0.9931723058374103,M2,150,TS
22,151,0.9979528761834789,0.997833994362578,M2,150,TS
22,152,0.9979072381966131,0.9978249304617555,M2,150,TS
22,153,0.9978617640595299,0.9978120244945027,M2,150,TS
22,154,0.997816453772229,0.9977952764608198,M2,150,TS
22,155,0.9977713073347109,0.9977746863607067,M2,150,TS
22,156,0.9977263247469779,0.9977502541941661,M2,150,TS
22,157,0.9976623722504454,0.9977279260623699,M2,150,TS
22,158,0.9976220530829301,0.997697059706932,M2,150,TS
22,159,0.9975850693515447,0.9976624589224783,M2,150,TS
22,160,0.9975521284025106,0.9976235110387393,M2,150,TS
22,161,0.9975274650059696,0.9975821963183023,M2,150,TS
22,162,0.99750044667464,0.9975164876701741,M2,150,TS
22,163,0.9974735928424314,0.9974568191697694,M2,150,TS
22,164,0.9974506677254206,0.9974160633248825,M2,150,TS
22,165,0.9974375716473516,0.9973875954949633,M2,150,TS
22,166,0.9974409607621424,0.9973746508661016,M2,150,TS
22,167,0.9974532155137844,0.9973699439249174,M2,150,TS
22,168,0.9974715255646589,0.9973841289892236,M2,150,TS
22,169,0.9974882601035546,0.997381165648553,M2,150,TS
22,170,0.9974927470335335,0.9973827140251724,M2,150,TS
22,171,0.9974823827231087,0.997345293673525,M2,150,TS
22,172,0.9974560568032118,0.9972777962377024,M2,150,TS
22,173,0.9974282640273349,0.9972270624406256,M2,150,TS
22,174,0.9974235959318766,0.9971793770431111,M2,150,TS
22,175,0.9974112134769693,0.9971491318590926,M2,150,TS
22,176,0.9974167092627432,0.9971155524658702,M2,150,TS
22,177,0.9974104067819365,0.9971051218036939,M2,150,TS
22,178,0.9973914928461298,0.997115549319142,M2,150,TS
22,179,0.9973688547367965,0.9971283877644699,M2,150,TS
22,180,0.9973364659420498,0.9971503691076642,M2,150,TS
22,181,0.9972937885930526,0.9971563356901444,M2,150,TS
22,182,0.9972503787900733,0.9971617052639528,M2,150,TS
22,183,0.9972196642067779,0.9971634220975064,M2,150,TS
22,184,0.9971947514642006,0.997146689728826,M2,150,TS
22,185,0.9971539974562448,0.9971274540433366,M2,150,TS
22,186,0.99711660853755,0.9970800452820643,M2,150,TS
22,187,0.9970594165220095,0.9970334148650214,M2,150,TS
22,188,0.9969981574821415,0.9969928168113544,M2,150,TS
22,189,0.996932905442551,0.9969596516413851,M2,150,TS
22,190,0.9968700312810477,0.9969266481129776,M2,150,TS
22,191,0.9967969001664407,0.996908160179754,M2,150,TS
22,192,0.9967343004587343,0.9968618692556387,M2,150,TS
22,193,0.9966924120561809,0.9967922397422644,M2,150,TS
22,194,0.9966737251724511,0.9967444874173079,M2,150,TS
22,195,0.9966714083321956,0.9966697583200754,M2,150,TS
22,196,0.9966745969745014,0.9966192720139215,M2,150,TS
22,197,0.9966913347168012,0.9965714603861697,M2,150,TS
22,198,0.9967216215590917,0.996526323436817,M2,150,TS
22,199,0.9967654575013734,0.9964838611658635,M2,150,TS
22,200,0.996822842543646,0.9964440735733091,M2,150,TS
23,151,0.9957291000885199,0.9958774792073041,M2,150,TS
23,152,0.995655804722311,0.9958504835450732,M2,150,TS
23,153,0.995583265767001,0.9958196956373613,M2,150,TS
23,154,0.9955114832225899,0.9957851154841683,M2,150,TS
23,155,0.9954404570890777,0.995746743085494,M2,150,TS
23,156,0.9953701873664672,0.9957045784413417,M2,150,TS
23,157,0.9952964816511591,0.9956650943354357,M2,150,TS
23,158,0.9952337450924627,0.9956153290708533,M2,150,TS
23,159,0.9951646689343825,0.9955634826211868,M2,150,TS
23,160,0.9950886447357687,0.9955067560804147,M2,150,TS
23,161,0.9950125348933974,0.9954482105088889,M2,150,TS
23,162,0.9949454753952015,0.9953661078312107,M2,150,TS
23,163,0.9948705612965933,0.995289808325199,M2,150,TS
23,164,0.9948185960203811,0.9952308404255477,M2,150,TS
23,165,0.9947838854552487,0.9951825647501463,M2,150,TS
23,166,0.9947588975268944,0.9951494802841131,M2,150,TS
23,167,0.9947590577003345,0.9951238329662838,M2,150,TS
23,168,0.9947644068394659,0.995116529379622,M2,150,TS
23,169,0.9947660037795605,0.995091940877489,M2,150,TS
23,170,0.9947637944757017,0.995070440396457,M2,150,TS
23,171,0.9947466162556119,0.99501325809844,M2,150,TS
23,172,0.9947189951630708,0.9949283817841229,M2,150,TS
23,173,0.9946621370785891,0.994860424177749,M2,150,TS
23,174,0.9946149970545015,0.9947969859110914,M2,150,TS
23,175,0.9945695964921818,0.9947486613851036,M2,150,TS
23,176,0.9945269742307985,0.9946960581474134,M2,150,TS
23,177,0.9944802338775807,0.9946663917465284,M2,150,TS
23,178,0.99442978382032,0.9946573376185399,M2,150,TS
23,179,0.994383440304972,0.9946489765258142,M2,150,TS
23,180,0.9943415393688771,0.9946498946082586,M2,150,TS
23,181,0.9942902372324994,0.9946372307874347,M2,150,TS
23,182,0.9942375416961541,0.9946243056049013,M2,150,TS
23,183,0.9941733265295782,0.9946095983116675,M2,150,TS
23,184,0.9941300293605158,0.9945761470901506,M2,150,TS
23,185,0.9940893572924874,0.9945379447923157,M2,150,TS
23,186,0.9940361842867442,0.9944726743671246,M2,150,TS
23,187,0.9939514980828261,0.9944087022504812,M2,150,TS
23,188,0.9938687256791139,0.9943507809777804,M2,150,TS
23,189,0.9937819685524725,0.9942994260629404,M2,150,TS
23,190,0.9937040166065777,0.9942490019998228,M2,150,TS
23,191,0.9936094491179026,0.9942122612697217,M2,150,TS
23,192,0.9935086087142964,0.9941493379324079,M2,150,TS
23,193,0.9934110201584094,0.994065063718035,M2,150,TS
23,194,0.9933458424257315,0.9939998074328735,M2,150,TS
23,195,0.9932978906382908,0.9939098717695739,M2,150,TS
23,196,0.993268502233414,0.9938423336867643,M2,150,TS
23,197,0.9932555990533375,0.9937771602604681,M2,150,TS
23,198,0.9932591810980587,0.9937143514906824,M2,150,TS
23,199,0.9932792483675777,0.9936539073774074,M2,150,TS
23,200,0.9933158008618946,0.9935958279206432,M2,150,TS
26,151,0.9959505042486115,0.9958362652921389,M2,150,TS
26,152,0.9959391513915293,0.9958061854554292,M2,150,TS
26,153,0.9959235813440527,0.9957724823947682,M2,150,TS
26,154,0.9959037941061815,0.9957351561101561,M2,150,TS
26,155,0.9958797896779156,0.9956942066015927,M2,150,TS
26,156,0.9958515680592581,0.995649633869081,M2,150,TS
26,157,0.9958072894134908,0.995609123323901,M2,150,TS
26,158,0.9957666449082698,0.9955567192279696,M2,150,TS
26,159,0.9957290508396146,0.9955026829208655,M2,150,TS
26,160,0.9956855218293663,0.9954433624018495,M2,150,TS
26,161,0.9956471401855236,0.9953816028754591,M2,150,TS
26,162,0.9956172217042869,0.9952946932263419,M2,150,TS
26,163,0.9955702454172622,0.9952140102865105,M2,150,TS
26,164,0.9955319666902213,0.9951514566094639,M2,150,TS
26,165,0.9954958282837898,0.995099835991258,M2,150,TS
26,166,0.9954580497498497,0.9950646290098981,M2,150,TS
26,167,0.9954201972989694,0.9950386959905657,M2,150,TS
26,168,0.9954003162585383,0.9950307801351476,M2,150,TS
26,169,0.9953739741361689,0.9950050552964049,M2,150,TS
26,170,0.9953283702185327,0.9949826180852789,M2,150,TS
26,171,0.9952770786212812,0.9949224009065579,M2,150,TS
26,172,0.9952158335301919,0.9948331919942877,M2,150,TS
26,173,0.9951514651758169,0.9947617698594429,M2,150,TS
26,174,0.9950852331987592,0.9946960299126717,M2,150,TS
26,175,0.9950159682286617,0.994645971015016,M2,150,TS
26,176,0.994937142898188,0.9945911937483636,M2,150,TS
26,177,0.9948684720981864,0.9945602394770275,M2,150,TS
26,178,0.994824032753938,0.994550373712544,M2,150,TS
26,179,0.9947916678182149,0.9945408785150883,M2,150,TS
26,180,0.9947660354292998,0.9945414229664793,M2,150,TS
26,181,0.9947581952186065,0.9945266237137912,M2,150,TS
26,182,0.9947504723156242,0.9945120547569005,M2,150,TS
26,183,0.9947581154144762,0.9944965036929423,M2,150,TS
26,184,0.99477481366559,0.9944613525101608,M2,150,TS
26,185,0.994767935465342,0.9944214183323726,M2,150,TS
26,186,0.9947573642526486,0.994352301089173,M2,150,TS
26,187,0.9947425828269708,0.9942841697565394,M2,150,TS
26,188,0.9947137593630634,0.994223316043627,M2,150,TS
26,189,0.9947103567853216,0.9941685412105711,M2,150,TS
26,190,0.9946953152330662,0.9941152027713102,M2,150,TS
26,191,0.994681869981461,0.9940755989261395,M2,150,TS
26,192,0.9946622189775258,0.9940088350427555,M2,150,TS
26,193,0.9946446633771215,0.9939204745162452,M2,150,TS
26,194,0.9946319178289431,0.9938511218072383,M2,150,TS
26,195,0.9945965515165704,0.9937572416515519,M2,150,TS
26,196,0.9945587055634009,0.9936873596056212,M2,150,TS
26,197,0.9945147672408209,0.9936203949028379,M2,150,TS
26,198,0.994464736548828,0.9935563475431997,M2,150,TS
26,199,0.9944086134874224,0.9934952175267062,M2,150,TS
26,200,0.994346398056604,0.9934370048533575,M2,150,TS
27,151,0.9956270353333843,0.9955755389455067,M2,150,TS
27,152,0.9956308304875027,0.9955447086940791,M2,150,TS
27,153,0.9956235063981074,0.9955104254454935,M2,150,TS
27,154,0.9956050630651984,0.99547268919975,M2,150,TS
27,155,0.9955755004887756,0.9954314999568484,M2,150,TS
27,156,0.9955348186688422,0.9953868577167918,M2,150,TS
27,157,0.9954834006625471,0.9953462586137583,M2,150,TS
27,158,0.995418425360461,0.9952938466079315,M2,150,TS
27,159,0.9953565849148365,0.9952400477042821,M2,150,TS
27,160,0.9952733097356826,0.9951811940288596,M2,150,TS
27,161,0.9952144854349595,0.9951196091991454,M2,150,TS
27,162,0.9951573562046216,0.9950335902710427,M2,150,TS
27,163,0.9950850316767843,0.9949536120780208,M2,150,TS
27,164,0.9949959437697586,0.9948920979446685,M2,150,TS
27,165,0.9949210350328426,0.9948409254610907,M2,150,TS
27,166,0.9948438679446346,0.9948058838038748,M2,150,TS
27,167,0.9947548564922097,0.9947801871314139,M2,150,TS
27,168,0.9946976510250903,0.9947720770675461,M2,150,TS
27,169,0.9946473330066448,0.9947457705241434,M2,150,TS
27,170,0.9945945152930386,0.994722038552802,M2,150,TS
27,171,0.9945447834265342,0.994661504463997,M2,150,TS
27,172,0.9945075395805032,0.9945722155871997,M2,150,TS
27,173,0.9944889188554943,0.9944996824259991,M2,150,TS
27,174,0.9944763021037695,0.9944327412963878,M2,150,TS
27,175,0.9944619689353607,0.9943811134581294,M2,150,TS
27,176,0.9944689801054403,0.9943235412495678,M2,150,TS
27,177,0.9944851237885035,0.9942896248057691,M2,150,TS
27,178,0.9944910894255776,0.9942775148972319,M2,150,TS
27,179,0.9944799854294203,0.99426605782044,M2,150,TS
27,180,0.9944433259927755,0.9942654560096185,M2,150,TS
27,181,0.994388699724889,0.9942512095926304,M2,150,TS
27,182,0.9943523016714957,0.9942367836862023,M2,150,TS
27,183,0.9943249681714408,0.9942214610333855,M2,150,TS
27,184,0.99428351692634,0.9941873395475198,M2,150,TS
27,185,0.9942383398808105,0.9941477910728471,M2,150,TS
27,186,0.9942158639706631,0.9940786126019693,M2,150,TS
27,187,0.9941856942445113,0.9940106764608896,M2,150,TS
27,188,0.9941470624534154,0.9939497625048302,M2,150,TS
27,189,0.9941038359803992,0.9938954355841543,M2,150,TS
27,190,0.9940330063469403,0.9938432745669054,M2,150,TS
27,191,0.9939755654170752,0.9938042179034204,M2,150,TS
27,192,0.993924755344659,0.9937382560434153,M2,150,TS
27,193,0.9938759374482569,0.9936509934812409,M2,150,TS
27,194,0.9938333304535465,0.9935821421552435,M2,150,TS
27,195,0.9937877818081611,0.9934889109891449,M2,150,TS
27,196,0.9937337446981204,0.993419316611885,M2,150,TS
27,197,0.9936772647437789,0.99335247597067,M2,150,TS
27,198,0.9936183419451339,0.9932883890654971,M2,150,TS
27,199,0.9935569763021853,0.9932270558963667,M2,150,TS
27,200,0.9934931678149332,0.9931684764632784,M2,150,TS
28,151,0.9958768271134878,0.9955438696299814,M2,150,TS
28,152,0.9958069872774017,0.995512569787796,M2,150,TS
28,153,0.9957385062343753,0.9954774968609378,M2,150,TS
28,154,0.9956713839844086,0.9954386508494069,M2,150,TS
28,155,0.9956056205275016,0.9953960317532032,M2,150,TS
28,156,0.9955412158636568,0.9953496395723298,M2,150,TS
28,157,0.9954703721703593,0.9953070763499328,M2,150,TS
28,158,0.9954017294613472,0.9952525325510113,M2,150,TS
28,159,0.9953492965457706,0.9951961377348929,M2,150,TS
28,160,0.9952887605784829,0.9951344277414195,M2,150,TS
28,161,0.9952268306544811,0.9950705988985441,M2,150,TS
28,162,0.9951706085295687,0.9949821208665686,M2,150,TS
28,163,0.9951025837892211,0.9948996328642543,M2,150,TS
28,164,0.9950259680471947,0.9948354901927702,M2,150,TS
28,165,0.9949711867638683,0.9947815918997639,M2,150,TS
28,166,0.9949195165957059,0.9947437463567214,M2,150,TS
28,167,0.9948801619547997,0.9947146363675253,M2,150,TS
28,168,0.9948288282290081,0.9947042637992696,M2,150,TS
28,169,0.994759286893276,0.9946764035963244,M2,150,TS
28,170,0.9946900390221152,0.9946511568734225,M2,150,TS
28,171,0.9946267177461146,0.994588684659147,M2,150,TS
28,172,0.9945784560647598,0.9944971660354436,M2,150,TS
28,173,0.9945622098053123,0.9944221541499224,M2,150,TS
28,174,0.9945735190442897,0.9943520936626944,M2,150,TS
28,175,0.9946043690732354,0.9942968595995055,M2,150,TS
28,176,0.9946231319216181,0.9942367658651156,M2,150,TS
28,177,0.9946438750046789,0.9942005177693208,M2,150,TS
28,178,0.9946295992122275,0.9941867204279786,M2,150,TS
28,179,0.9945936333057059,0.9941738893638906,M2,150,TS
28,180,0.9945449739711748,0.9941715481399668,M2,150,TS
28,181,0.9944893921720652,0.9941550562549285,M2,150,TS
28,182,0.9944399381823597,0.9941386404694753,M2,150,TS
28,183,0.9944161321713652,0.9941208696247429,M2,150,TS
28,184,0.9943877023568948,0.9940840450534598,M2,150,TS
28,185,0.9943462800062939,0.9940420897529847,M2,150,TS
28,186,0.9943019638171833,0.9939712100346522,M2,150,TS
28,187,0.9942709067133846,0.9939009270537055,M2,150,TS
28,188,0.994239933611649,0.993837445318874,M2,150,TS
28,189,0.9942015542194994,0.9937807100579963,M2,150,TS
28,190,0.9941377686530268,0.9937259587581816,M2,150,TS
28,191,0.9940912929380132,0.9936843002952935,M2,150,TS
28,192,0.9940443114741453,0.9936157397178108,M2,150,TS
28,193,0.9940105493736837,0.9935255134244433,M2,150,TS
28,194,0.9939496478780393,0.9934548036655502,M2,150,TS
28,195,0.993885339415004,0.993359540094412,M2,150,TS
28,196,0.9938172778179344,0.9932879177527686,M2,150,TS
28,197,0.9937457480426715,0.9932191028600532,M2,150,TS
28,198,0.9936707500892124,0.9931530954162634,M2,150,TS
28,199,0.9935922839575569,0.993089895421399,M2,150,TS
28,200,0.9935103496477052,0.99302950287546,M2,150,TS
29,151,0.9971053161646016,0.9971599386549872,M2,150,TS
29,152,0.9970546443879883,0.997146456630319,M2,150,TS
29,153,0.9969999147314916,0.9971293242739028,M2,150,TS
29,154,0.9969411271951116,0.9971085415857387,M2,150,TS
29,155,0.9968782817788483,0.9970841085658269,M2,150,TS
29,156,0.9968113784827042,0.99705602521417,M2,150,TS
29,157,0.9967248965817403,0.9970314706046568,M2,150,TS
29,158,0.9966387616759906,0.9969962085979386,M2,150,TS
29,159,0.9965665081064645,0.9969585741462862,M2,150,TS
29,160,0.9965136282181668,0.9969152600280151,M2,150,TS
29,161,0.9964645471636396,0.9968697620347233,M2,150,TS
29,162,0.9964205732676059,0.9967999476774589,M2,150,TS
29,163,0.9963652681228199,0.9967361459887639,M2,150,TS
29,164,0.9963280237515837,0.9966900911265365,M2,150,TS
29,165,0.9963083764024314,0.9966547466064059,M2,150,TS
29,166,0.9962999252139577,0.9966350456998255,M2,150,TS
29,167,0.9962917071015146,0.9966240277625349,M2,150,TS
29,168,0.9962900129355721,0.9966313547447964,M2,150,TS
29,169,0.9963176372464052,0.9966202783602023,M2,150,TS
29,170,0.996330514478867,0.9966125622061663,M2,150,TS
29,171,0.99633957105396,0.9965677191447163,M2,150,TS
29,172,0.9963433788354059,0.9964942368528468,M2,150,TS
29,173,0.996316399630141,0.9964385077614336,M2,150,TS
29,174,0.9962795277877291,0.9963881454735725,M2,150,TS
29,175,0.996253321792555,0.9963530088680217,M2,150,TS
29,176,0.9962191139567975,0.9963136268067476,M2,150,TS
29,177,0.9961771816583925,0.9962978793554091,M2,150,TS
29,178,0.9961279864664458,0.9963034163095879,M2,150,TS
29,179,0.9960935972765861,0.9963094404605316,M2,150,TS
29,180,0.9960372576932366,0.9963257878268215,M2,150,TS
29,181,0.9959856516483765,0.9963274927196257,M2,150,TS
29,182,0.9959354462420607,0.996329091179262,M2,150,TS
29,183,0.9958692511216817,0.9963296760749893,M2,150,TS
29,184,0.9958310565509717,0.9963107707008897,M2,150,TS
29,185,0.9957945079160518,0.9962869043294574,M2,150,TS
29,186,0.9957594622723526,0.9962346652698068,M2,150,TS
29,187,0.995720506712767,0.9961831616871751,M2,150,TS
29,188,0.9956817104654498,0.9961381370643415,M2,150,TS
29,189,0.9956372887491772,0.9960999216688001,M2,150,TS
29,190,0.9955685636190378,0.9960634023727779,M2,150,TS
29,191,0.9954968102463866,0.9960405385858381,M2,150,TS
29,192,0.9954372577928832,0.9959904409603741,M2,150,TS
29,193,0.99534720467828,0.9959196383911632,M2,150,TS
29,194,0.9952711797727173,0.9958681782123782,M2,150,TS
29,195,0.9952156734143542,0.9957913633307541,M2,150,TS
29,196,0.9951853650628,0.9957373951205082,M2,150,TS
29,197,0.9951711378661893,0.9956858073484827,M2,150,TS
29,198,0.9951729918245189,0.9956366000146751,M2,150,TS
29,199,0.9951909269377889,0.9955897731190854,M2,150,TS
29,200,0.9952249432059993,0.9955453266617132,M2,150,TS
30,151,0.9786156496830348,0.9789356314952523,M2,150,TS
30,152,0.97849959995813,0.978791530931057,M2,150,TS
30,153,0.9783824134107618,0.9786438364468897,M2,150,TS
30,154,0.9782640900409304,0.9784925480427502,M2,150,TS
30,155,0.9781446298486357,0.9783376657186387,M2,150,TS
30,156,0.9780240328338803,0.978179189474558,M2,150,TS
30,157,0.9778889014610461,0.9780261460776687,M2,150,TS
30,158,0.9777682447260291,0.9778582234602697,M2,150,TS
30,159,0.9776605185831237,0.9776901157894924,M2,150,TS
30,160,0.97753377880097,0.9775160621603376,M2,150,TS
30,161,0.9774259211339003,0.9773393549458457,M2,150,TS
30,162,0.9773195538559117,0.9771390672948402,M2,150,TS
30,163,0.9771920347440073,0.9769446520686114,M2,150,TS
30,164,0.9770537208353786,0.9767675778758061,M2,150,TS
30,165,0.976874119681151,0.976600983310077,M2,150,TS
30,166,0.976676843904003,0.976450860863236,M2,150,TS
30,167,0.9764800237719291,0.976309422405056,M2,150,TS
30,168,0.9762819189345002,0.976185710496113,M2,150,TS
30,169,0.9760779184118875,0.9760440764919536,M2,150,TS
30,170,0.9758535861728687,0.9759043681594617,M2,150,TS
30,171,0.975640084719773,0.9757303421232224,M2,150,TS
30,172,0.9754444258391946,0.975529704404187,M2,150,TS
30,173,0.9752571500427585,0.975346150310466,M2,150,TS
30,174,0.9750693311365886,0.9751698321593593,M2,150,TS
30,175,0.9748969062286892,0.9750050600753005,M2,150,TS
30,176,0.9747300921460091,0.9748338607104622,M2,150,TS
30,177,0.9745758297873253,0.9746865609556238,M2,150,TS
30,178,0.9744064513106123,0.9745616075316884,M2,150,TS
30,179,0.9742581496357877,0.9744349105198442,M2,150,TS
30,180,0.9741236702127505,0.9743188179264363,M2,150,TS
30,181,0.9739996481604303,0.9741907097811769,M2,150,TS
30,182,0.9738789733217553,0.9740630308674082,M2,150,TS
30,183,0.9737841247686867,0.9739360208536519,M2,150,TS
30,184,0.9736866657990332,0.9737896529059009,M2,150,TS
30,185,0.9735904989506905,0.973634789478692,M2,150,TS
30,186,0.9734797771977106,0.9734526154584313,M2,150,TS
30,187,0.9733510233290976,0.9732717772066577,M2,150,TS
30,188,0.9731987434300009,0.9730989899263499,M2,150,TS
30,189,0.9730811593001335,0.9729307233593079,M2,150,TS
30,190,0.9729794485882934,0.9727641160823995,M2,150,TS
30,191,0.9728458590800013,0.9726110739915582,M2,150,TS
30,192,0.9727194183353756,0.9724315326590582,M2,150,TS
30,193,0.9725771072263516,0.9722332082383498,M2,150,TS
30,194,0.9724210447533566,0.9720509783888654,M2,150,TS
30,195,0.9722410586237553,0.9718475163148909,M2,150,TS
30,196,0.9720844632924925,0.9716652490458342,M2,150,TS
30,197,0.971925259507695,0.9714855206136911,M2,150,TS
30,198,0.97176344726936,0.9713083310184586,M2,150,TS
30,199,0.9715990265774874,0.9711336802601369,M2,150,TS
30,200,0.9714319974320774,0.9709615683387259,M2,150,TS
31,151,0.9975070046684483,0.9974485730361197,M2,150,TS
31,152,0.997474092201904,0.9974280944783531,M2,150,TS
31,153,0.9974387880343855,0.997403907644193,M2,150,TS
31,154,0.9974010921658929,0.9973760125336395,M2,150,TS
31,155,0.9973610045964262,0.9973444091466925,M2,150,TS
31,156,0.9973185253259879,0.9973090974833548,M2,150,TS
31,157,0.9972511507658179,0.9972782146329204,M2,150,TS
31,158,0.9971848111679518,0.9972353741365486,M2,150,TS
31,159,0.9971480978372742,0.9971898810386262,M2,150,TS
31,160,0.9971319010209514,0.9971385849138287,M2,150,TS
31,161,0.9971251197669797,0.9970843727612646,M2,150,TS
31,162,0.9971208142617026,0.997003560635831,M2,150,TS
31,163,0.9970887395225201,0.9969296009712239,M2,150,TS
31,164,0.9970490605713396,0.9968750612631697,M2,150,TS
31,165,0.9970042857558397,0.9968324298879206,M2,150,TS
31,166,0.9969578503880083,0.9968070669169795,M2,150,TS
31,167,0.9968884360628354,0.9967926215901309,M2,150,TS
31,168,0.9968279092851762,0.9967968692160274,M2,150,TS
31,169,0.9967573712929807,0.9967830042104415,M2,150,TS
31,170,0.9966948078549835,0.996772218550838,M2,150,TS
31,171,0.9966349709782729,0.9967206037280859,M2,150,TS
31,172,0.996591494356329,0.9966370456711365,M2,150,TS
31,173,0.9965419818218111,0.9965725290290518,M2,150,TS
31,174,0.9965113307933615,0.9965130466928533,M2,150,TS
31,175,0.9964791181183416,0.9964710252637611,M2,150,TS
31,176,0.9964635240505813,0.996423590013369,M2,150,TS
31,177,0.9964451825759255,0.996401075444761,M2,150,TS
31,178,0.9964224586446496,0.9964011203706906,M2,150,TS
31,179,0.9963817573715876,0.9964028780559705,M2,150,TS
31,180,0.9963609201896753,0.9964145139972944,M2,150,TS
31,181,0.9963277652487826,0.9964094733906631,M2,150,TS
31,182,0.9962946207306943,0.9964049688987366,M2,150,TS
31,183,0.9962528918134679,0.9964001721795049,M2,150,TS
31,184,0.9962236959859262,0.9963748787878408,M2,150,TS
31,185,0.9961806766368064,0.9963453944188824,M2,150,TS
31,186,0.9961562358257028,0.9962842634667286,M2,150,TS
31,187,0.9961461259271673,0.9962240150498447,M2,150,TS
31,188,0.9961059648658412,0.9961718009519769,M2,150,TS
31,189,0.9960572708541137,0.996127189214394,M2,150,TS
31,190,0.9960122097441348,0.996083212089823,M2,150,TS
31,191,0.9959512449869277,0.996054258508802,M2,150,TS
31,192,0.9959146986428828,0.9959964369260732,M2,150,TS
31,193,0.9958371791458136,0.9959169542607966,M2,150,TS
31,194,0.9957720818575309,0.9958572235938489,M2,150,TS
31,195,0.9956880636310182,0.9957709755383608,M2,150,TS
31,196,0.995610149220539,0.9957100368084016,M2,150,TS
31,197,0.9955296818882626,0.9956520234570538,M2,150,TS
31,198,0.9954466616341862,0.9955969354843148,M2,150,TS
31,199,0.9953610884583096,0.9955447728901845,M2,150,TS
31,200,0.9952729623606329,0.9954955356746626,M2,150,TS
32,151,0.9976372787513029,0.9973836023871668,M2,150,TS
32,152,0.9975859283782122,0.9973596193947334,M2,150,TS
32,153,0.997537759894991,0.9973318176401481,M2,150,TS
32,154,0.9974927733016392,0.997300197123411,M2,150,TS
32,155,0.9974509685981569,0.997264757844522,M2,150,TS
32,156,0.9974123457845467,0.9972254998034839,M2,150,TS
32,157,0.9973910714903576,0.9971884520092138,M2,150,TS
32,158,0.9973645351764251,0.997142180234614,M2,150,TS
32,159,0.9973236525734257,0.9970931240317048,M2,150,TS
32,160,0.9972787239121719,0.9970397930604011,M2,150,TS
32,161,0.9972344983995737,0.9969832172041011,M2,150,TS
32,162,0.9971726285375544,0.9968996042349709,M2,150,TS
32,163,0.9970815136859652,0.9968232827196756,M2,150,TS
32,164,0.9970228364338789,0.9967662206258586,M2,150,TS
32,165,0.9969708889751285,0.9967217167091922,M2,150,TS
32,166,0.9969182256786682,0.9966949771801452,M2,150,TS
32,167,0.9968728833104742,0.9966783766975146,M2,150,TS
32,168,0.9968603327414325,0.9966799654567844,M2,150,TS
32,169,0.9968612785135655,0.9966634501175881,M2,150,TS
32,170,0.9968686788578124,0.9966511596875692,M2,150,TS
32,171,0.9969081763848517,0.9965939356784527,M2,150,TS
32,172,0.9969420233445405,0.9965032713746894,M2,150,TS
32,173,0.9969555279992341,0.996432879158078,M2,150,TS
32,174,0.9969494042176517,0.9963676544746276,M2,150,TS
32,175,0.9969421889585828,0.996320346863211,M2,150,TS
32,176,0.9968777141211322,0.9962718605188403,M2,150,TS
32,177,0.9968280375656302,0.9962477778447688,M2,150,TS
32,178,0.9967976306524424,0.9962455726210871,M2,150,TS
32,179,0.9967544462986647,0.996246908248566,M2,150,TS
32,180,0.99670640641245,0.9962584177874053,M2,150,TS
32,181,0.9966986004560046,0.9962498704460778,M2,150,TS
32,182,0.9966953899063733,0.9962410574899557,M2,150,TS
32,183,0.996685822577861,0.9962315326048058,M2,150,TS
32,184,0.9966502949747469,0.9962025474248491,M2,150,TS
32,185,0.9966254627133584,0.996169232991674,M2,150,TS
32,186,0.9965679863271613,0.9961062832794906,M2,150,TS
32,187,0.9965344708143342,0.9960428052875863,M2,150,TS
32,188,0.9964988250717449,0.9959866119889427,M2,150,TS
32,189,0.996472074794096,0.9959383829343883,M2,150,TS
32,190,0.9964329443745374,0.9958899574647507,M2,150,TS
32,191,0.9964071385563611,0.9958566579270542,M2,150,TS
32,192,0.99638051035617,0.9957932971276977,M2,150,TS
32,193,0.9963321543374705,0.9957071460521738,M2,150,TS
32,194,0.9962579876875047,0.9956442407504746,M2,150,TS
32,195,0.9961316823678599,0.9955539924275583,M2,150,TS
32,196,0.9960397422901545,0.9954894433700422,M2,150,TS
32,197,0.9959416583034034,0.9954281991421461,M2,150,TS
32,198,0.9958374304076035,0.9953702597438674,M2,150,TS
32,199,0.9957270586027549,0.9953156251752062,M2,150,TS
32,200,0.9956105428888574,0.9952642954361621,M2,150,TS
33,151,0.9971866038348991,0.997221429822567,M2,150,TS
33,152,0.9971771882546973,0.9972038795374203,M2,150,TS
33,153,0.9971627874329976,0.9971827071863586,M2,150,TS
33,154,0.9971434013697998,0.9971579127693816,M2,150,TS
33,155,0.9971190300651044,0.9971294962864897,M2,150,TS
33,156,0.9970896735189142,0.9970974577376854,M2,150,TS
33,157,0.9970750525561606,0.9970680445076282,M2,150,TS
33,158,0.9970425841341679,0.9970284785934181,M2,150,TS
33,159,0.9969901285945653,0.9969873448392678,M2,150,TS
33,160,0.9969343104870382,0.9969411770784838,M2,150,TS
33,161,0.9968498712257743,0.996893570119636,M2,150,TS
33,162,0.9967605827944513,0.9968215990034787,M2,150,TS
33,163,0.9966678050407587,0.996755506117282,M2,150,TS
33,164,0.996574105338067,0.9967078185244728,M2,150,TS
33,165,0.996518019421148,0.9966704325501332,M2,150,TS
33,166,0.9965124608595439,0.9966478232714255,M2,150,TS
33,167,0.9965141825532565,0.9966338667239544,M2,150,TS
33,168,0.9965348749456002,0.996637971088997,M2,150,TS
33,169,0.9965777630163406,0.9966238266067657,M2,150,TS
33,170,0.9966255238746355,0.9966126445575613,M2,150,TS
33,171,0.996656957677011,0.9965640579928747,M2,150,TS
33,172,0.9966550091253424,0.9964871512983382,M2,150,TS
33,173,0.9966137619288136,0.9964285034375204,M2,150,TS
33,174,0.9965502000997162,0.996375535957801,M2,150,TS
33,175,0.9964746392831506,0.9963385774427015,M2,150,TS
33,176,0.9964297188078007,0.9962965000218122,M2,150,TS
33,177,0.9963524304473172,0.996278851172477,M2,150,TS
33,178,0.9963035782007477,0.9962816852418555,M2,150,TS
33,179,0.9962833687753415,0.9962848296905648,M2,150,TS
33,180,0.996263535279786,0.9962977639370793,M2,150,TS
33,181,0.9962624508250876,0.9962952976781738,M2,150,TS
33,182,0.9962451407180266,0.996293188642435,M2,150,TS
33,183,0.9962085193003893,0.9962902454920142,M2,150,TS
33,184,0.9961343369655,0.9962693806931348,M2,150,TS
33,185,0.9960713222389226,0.9962433467570978,M2,150,TS
33,186,0.9959977556922955,0.9961890501771423,M2,150,TS
33,187,0.9959310026846178,0.996135161854687,M2,150,TS
33,188,0.9958913374269002,0.9960871243706985,M2,150,TS
33,189,0.9958676527629517,0.9960454649102681,M2,150,TS
33,190,0.9958287970002899,0.9960051381614482,M2,150,TS
33,191,0.9958101939978872,0.9959780237544813,M2,150,TS
33,192,0.9957553463743947,0.9959246530948557,M2,150,TS
33,193,0.9956676125809258,0.9958504977437117,M2,150,TS
33,194,0.9955510426928489,0.9957970266185586,M2,150,TS
33,195,0.9954382903886538,0.9957182937700535,M2,150,TS
33,196,0.9953639686455392,0.9956623270538576,M2,150,TS
33,197,0.9952958060850953,0.9956090230738813,M2,150,TS
33,198,0.995233802707319,0.9955583818301222,M2,150,TS
33,199,0.9951779585122102,0.99551040332258,M2,150,TS
33,200,0.9951282734997692,0.9954650875512547,M2,150,TS
34,151,0.9966019173591216,0.9963914878275013,M2,150,TS
34,152,0.9965375109004615,0.9963563590472708,M2,150,TS
34,153,0.9964763859472371,0.9963174164194097,M2,150,TS
34,154,0.9964185424994484,0.9962746599439182,M2,150,TS
34,155,0.9963639805570954,0.9962280896207961,M2,150,TS
34,156,0.9963127001201811,0.9961777054500464,M2,150,TS
34,157,0.9962666149512827,0.9961305565762351,M2,150,TS
34,158,0.9962313772546405,0.9960719184809342,M2,150,TS
34,159,0.9961944141671855,0.9960114879694286,M2,150,TS
34,160,0.9961536486065649,0.9959459050768178,M2,150,TS
34,161,0.9961014414646291,0.9958782471973725,M2,150,TS
34,162,0.9960531997214542,0.9957854902337828,M2,150,TS
34,163,0.9959737831291746,0.9956993727999552,M2,150,TS
34,164,0.9958895801595637,0.9956318687285558,M2,150,TS
34,165,0.9958105437270061,0.9955754140822987,M2,150,TS
34,166,0.9957351350167742,0.9955352679625676,M2,150,TS
34,167,0.9956700869728872,0.9955040595642245,M2,150,TS
34,168,0.9956347533603704,0.9954905966903926,M2,150,TS
34,169,0.9956246217533973,0.9954586623274851,M2,150,TS
34,170,0.9956381439208416,0.9954291221188369,M2,150,TS
34,171,0.9956591928566096,0.9953609785375327,M2,150,TS
34,172,0.9956785063282084,0.9952633271592163,M2,150,TS
34,173,0.9956721182871628,0.9951840893535535,M2,150,TS
34,174,0.9956474420670414,0.9951107331883617,M2,150,TS
34,175,0.9956137090233086,0.9950532940480219,M2,150,TS
34,176,0.9955610584346923,0.9949918315450598,M2,150,TS
34,177,0.9955001619276789,0.9949545692381435,M2,150,TS
34,178,0.9954384586761857,0.9949389503662694,M2,150,TS
34,179,0.9953924389841059,0.9949239758674975,M2,150,TS
34,180,0.9953774793924586,0.9949182914663846,M2,150,TS
34,181,0.995351102307958,0.994897711845388,M2,150,TS
34,182,0.9953200941072107,0.9948773353322063,M2,150,TS
34,183,0.9952827946572366,0.994856362616443,M2,150,TS
34,184,0.9952469365732137,0.9948160742109748,M2,150,TS
34,185,0.9952154748524293,0.9947704390495827,M2,150,TS
34,186,0.9951500523424563,0.9946966303191775,M2,150,TS
34,187,0.9950793958477373,0.9946236139132103,M2,150,TS
34,188,0.9949994423017487,0.9945576826331272,M2,150,TS
34,189,0.9949363986368576,0.9944981921156838,M2,150,TS
34,190,0.9948937771697592,0.9944390832419554,M2,150,TS
34,191,0.9948373823582575,0.9943942256581877,M2,150,TS
34,192,0.9947845605225776,0.9943217053760995,M2,150,TS
34,193,0.9947197686923281,0.994227841747897,M2,150,TS
34,194,0.9946657853548242,0.9941533317589588,M2,150,TS
34,195,0.9946061635654042,0.9940535850871469,M2,150,TS
34,196,0.9945227695739276,0.9939785257306183,M2,150,TS
34,197,0.9944266437355376,0.9939066045124741,M2,150,TS
34,198,0.9943177860502315,0.9938378214327118,M2,150,TS
34,199,0.9941961965180095,0.9937721764913312,M2,150,TS
34,200,0.9940618751388715,0.9937096696883324,M2,150,TS
35,151,0.9708355022098698,0.9714990629684166,M2,150,TS
35,152,0.9706232971273814,0.9713167040928342,M2,150,TS
35,153,0.9704123482237726,0.9711299922385463,M2,150,TS
35,154,0.9702026554990436,0.9709389274055531,M2,150,TS
35,155,0.9699942189531942,0.9707435095938546,M2,150,TS
35,156,0.9697870385862275,0.9705437388034536,M2,150,TS
35,157,0.9696018384489045,0.9703781546103458,M2,150,TS
35,158,0.9694066902960077,0.9701326236393885,M2,150,TS
35,159,0.9691907774375861,0.9699202271565932,M2,150,TS
35,160,0.9689591770683395,0.9696899728480813,M2,150,TS
35,161,0.9687235971385736,0.9694562507708019,M2,150,TS
35,162,0.9684909954576939,0.9691853660151465,M2,150,TS
35,163,0.9682610436433141,0.9689215641131508,M2,150,TS
35,164,0.9680052315499246,0.968673613489937,M2,150,TS
35,165,0.9677421144430958,0.9684168783190555,M2,150,TS
35,166,0.9674688810330241,0.9681788262747666,M2,150,TS
35,167,0.9672224793203906,0.967959842729779,M2,150,TS
35,168,0.9669587291419212,0.9677600205454873,M2,150,TS
35,169,0.9667118424950825,0.9675193659624188,M2,150,TS
35,170,0.9664732953879875,0.9672619640562866,M2,150,TS
35,171,0.9662483939751392,0.9669896412472981,M2,150,TS
35,172,0.9660367604950058,0.9667057084747466,M2,150,TS
35,173,0.9658361031352474,0.9664388990892578,M2,150,TS
35,174,0.9657179820200885,0.9661954914699301,M2,150,TS
35,175,0.965398903063109,0.9659936441711191,M2,150,TS
35,176,0.9651107695513601,0.9657316370544743,M2,150,TS
35,177,0.9648586894584708,0.9655084197417398,M2,150,TS
35,178,0.9646059517150842,0.9653313069608652,M2,150,TS
35,179,0.9643882166997789,0.9651182140493956,M2,150,TS
35,180,0.9641961006035364,0.9649304282991716,M2,150,TS
35,181,0.9640272715349796,0.9647528253547928,M2,150,TS
35,182,0.9638750604309148,0.9645837652157989,M2,150,TS
35,183,0.9637616535848109,0.9644266549472702,M2,150,TS
35,184,0.9636730702771008,0.9642368201504035,M2,150,TS
35,185,0.9633928104139688,0.9640453494099972,M2,150,TS
35,186,0.9632178864531746,0.9637684860070042,M2,150,TS
35,187,0.9630336907275205,0.9635176982152958,M2,150,TS
35,188,0.9628495860100664,0.963288962767125,M2,150,TS
35,189,0.9626592852063421,0.9630550413777472,M2,150,TS
35,190,0.9624863981906412,0.9628392501404099,M2,150,TS
35,191,0.9622996622069035,0.9626408400945066,M2,150,TS
35,192,0.962078092225616,0.9624180810213107,M2,150,TS
35,193,0.9618665865112527,0.9621758149166159,M2,150,TS
35,194,0.9616412548576915,0.9619174003755646,M2,150,TS
35,195,0.9614358471356016,0.9616450873320589,M2,150,TS
35,196,0.961201517627503,0.9613962862074126,M2,150,TS
35,197,0.9609579285332599,0.9611474897746949,M2,150,TS
35,198,0.9607050798528697,0.9608986980339033,M2,150,TS
35,199,0.9604429715863324,0.9606499109850378,M2,150,TS
35,200,0.960171603733648,0.9604011286280983,M2,150,TS
36,151,0.997249712584255,0.997369008361873,M2,150,TS
36,152,0.9972154172762042,0.9973456900587099,M2,150,TS
36,153,0.9971789995152929,0.9973186833666465,M2,150,TS
36,154,0.997140459301521,0.9972879882856829,M2,150,TS
36,155,0.9970997966348885,0.9972536048158188,M2,150,TS
36,156,0.9970570115153978,0.9972155329570574,M2,150,TS
36,157,0.9970046579680047,0.9971807706627296,M2,150,TS
36,158,0.9969686482206144,0.9971349101687209,M2,150,TS
36,159,0.9969200563535524,0.9970873082079997,M2,150,TS
36,160,0.9968715066573071,0.9970345784330777,M2,150,TS
36,161,0.9968318000074382,0.996979373023439,M2,150,TS
36,162,0.9967904456524606,0.9968995958912964,M2,150,TS
36,163,0.9967450065973904,0.996825726866608,M2,150,TS
36,164,0.9967075419568214,0.9967700678655639,M2,150,TS
36,165,0.9966555579475133,0.9967260570909466,M2,150,TS
36,166,0.9966267509321522,0.9966976284663753,M2,150,TS
36,167,0.9966098276094819,0.9966778111864188,M2,150,TS
36,168,0.9966018768888933,0.9966762969023207,M2,150,TS
36,169,0.9966004306907286,0.9966569489173218,M2,150,TS
36,170,0.9966146833399203,0.9966402929481522,M2,150,TS
36,171,0.9966077477621891,0.9965861541448662,M2,150,TS
36,172,0.9965977539307403,0.9965027881746479,M2,150,TS
36,173,0.9965661319046721,0.9964373380640639,M2,150,TS
36,174,0.9965214777919699,0.9963773695424968,M2,150,TS
36,175,0.9964777629581296,0.9963330374473585,M2,150,TS
36,176,0.996440912402908,0.996284246070227,M2,150,TS
36,177,0.9964186146922284,0.9962587385356177,M2,150,TS
36,178,0.9963857116732568,0.9962548086834656,M2,150,TS
36,179,0.9963546063483819,0.9962519503915424,M2,150,TS
36,180,0.9963288634558722,0.9962588095777729,M2,150,TS
36,181,0.9962965688704892,0.9962508334382423,M2,150,TS
36,182,0.9962635886832707,0.9962428179921895,M2,150,TS
36,183,0.9962031674673537,0.9962343052087429,M2,150,TS
36,184,0.9961471767957017,0.9962066997219562,M2,150,TS
36,185,0.9960972067689576,0.996173971120559,M2,150,TS
36,186,0.9960463413731708,0.9961126672015526,M2,150,TS
36,187,0.9960026784920379,0.9960517392842272,M2,150,TS
36,188,0.9959544592063156,0.9959975532348729,M2,150,TS
36,189,0.9959250300627196,0.9959497158940533,M2,150,TS
36,190,0.9958922274711572,0.9959028560230765,M2,150,TS
36,191,0.9958293886066625,0.9958705571130714,M2,150,TS
36,192,0.995765335483495,0.9958109542674048,M2,150,TS
36,193,0.9957003148226707,0.9957297367749752,M2,150,TS
36,194,0.995627391698584,0.9956686282563206,M2,150,TS
36,195,0.9955403124399587,0.9955826527657428,M2,150,TS
36,196,0.9954805586967708,0.9955198293873411,M2,150,TS
36,197,0.9954264714940575,0.9954596877781652,M2,150,TS
36,198,0.9953780508318164,0.9954022279382123,M2,150,TS
36,199,0.9953352967100472,0.9953474498674826,M2,150,TS
36,200,0.99529820912875,0.9952953535659759,M2,150,TS
37,151,0.9965019333152146,0.9964053496055688,M2,150,TS
37,152,0.9964694571575795,0.9963761295446036,M2,150,TS
37,153,0.9964398339062805,0.9963430937668935,M2,150,TS
37,154,0.9964130635613178,0.9963062422724382,M2,150,TS
37,155,0.996389146122691,0.996265575061238,M2,150,TS
37,156,0.9963680815904032,0.9962210921332958,M2,150,TS
37,157,0.9963490586328874,0.996180138330449,M2,150,TS
37,158,0.9963269375888311,0.9961275015519693,M2,150,TS
37,159,0.9963303170404907,0.9960726794169231,M2,150,TS
37,160,0.9963080238439647,0.9960130528182483,M2,150,TS
37,161,0.9962673245878804,0.9959517440468901,M2,150,TS
37,162,0.9962214526435222,0.9958660469958635,M2,150,TS
37,163,0.9961879055001555,0.9957857314796682,M2,150,TS
37,164,0.9961306701770047,0.995724202691326,M2,150,TS
37,165,0.9960900900021823,0.9956731256278409,M2,150,TS
37,166,0.9960432487407358,0.9956383542267347,M2,150,TS
37,167,0.9959854509066499,0.9956129134452533,M2,150,TS
37,168,0.9959160561365994,0.9956062295541706,M2,150,TS
37,169,0.9958569802074928,0.9955813447488113,M2,150,TS
37,170,0.9957662455489219,0.9955599725957365,M2,150,TS
37,171,0.9956880683713041,0.9955010660389436,M2,150,TS
37,172,0.9956080782198464,0.9954134467885877,M2,150,TS
37,173,0.9955606775176998,0.9953423151978091,M2,150,TS
37,174,0.9955120785466457,0.9952768051194305,M2,150,TS
37,175,0.9954808803524499,0.9952262538806972,M2,150,TS
37,176,0.9954506177027564,0.995170608006078,M2,150,TS
37,177,0.9954183536983681,0.9951388829650339,M2,150,TS
37,178,0.9953932966323247,0.9951284845362889,M2,150,TS
37,179,0.9953923610878223,0.9951179490165892,M2,150,TS
37,180,0.9953868675599784,0.9951176493817664,M2,150,TS
37,181,0.9953917461635877,0.9951026441845386,M2,150,TS
37,182,0.9953901312199135,0.9950880117945942,M2,150,TS
37,183,0.9953922860863642,0.9950725033726882,M2,150,TS
37,184,0.9953880099067464,0.9950380094434944,M2,150,TS
37,185,0.9953666373421521,0.9949985867726607,M2,150,TS
37,186,0.9953484354532294,0.9949301059341978,M2,150,TS
37,187,0.9953073394789067,0.9948631282150293,M2,150,TS
37,188,0.995273999357108,0.9948027247639154,M2,150,TS
37,189,0.9952529182455478,0.9947485961916334,M2,150,TS
37,190,0.9952391298196135,0.9946955508249201,M2,150,TS
37,191,0.9952192158360047,0.9946562440775031,M2,150,TS
37,192,0.9951923431644915,0.9945901584674777,M2,150,TS
37,193,0.9951508934552221,0.9945030657545245,M2,150,TS
37,194,0.9951104389407375,0.9944349158437709,M2,150,TS
37,195,0.9950618088287271,0.9943422413905885,M2,150,TS
37,196,0.9950154554714992,0.9942731051568154,M2,150,TS
37,197,0.9949659312192999,0.994206784169057,M2,150,TS
37,198,0.9949132360721268,0.99414327842731,M2,150,TS
37,199,0.9948573700299796,0.994082587931575,M2,150,TS
37,200,0.9947983330928587,0.9940247126818518,M2,150,TS
38,151,0.9957616051958313,0.9956123032540513,M2,150,TS
38,152,0.9957314885866928,0.9955793257757991,M2,150,TS
38,153,0.9956977925023123,0.9955427066942062,M2,150,TS
38,154,0.9956605169426898,0.9955024460092726,M2,150,TS
38,155,0.9956196619078251,0.9954585437209982,M2,150,TS
38,156,0.9955752273977213,0.995410999829386,M2,150,TS
38,157,0.995517725820833,0.9953676105867857,M2,150,TS
38,158,0.9954758179475978,0.99531159915368,M2,150,TS
38,159,0.9954175219782051,0.9952547220805995,M2,150,TS
38,160,0.9953551016070327,0.9951923469242812,M2,150,TS
38,161,0.9952977811612724,0.9951276680477045,M2,150,TS
38,162,0.995246280565976,0.9950382549122262,M2,150,TS
38,163,0.9951586356592749,0.9949554738378869,M2,150,TS
38,164,0.9951154528594421,0.9948896307938055,M2,150,TS
38,165,0.9950728276894184,0.9948345053221905,M2,150,TS
38,166,0.995010355410051,0.994796085028378,M2,150,TS
38,167,0.9949492371241941,0.994766768861003,M2,150,TS
38,168,0.99489873483081,0.994755589318009,M2,150,TS
38,169,0.9948311133460985,0.9947268189595561,M2,150,TS
38,170,0.9947797067112059,0.9947001606684763,M2,150,TS
38,171,0.9947423196694258,0.9946360891318323,M2,150,TS
38,172,0.9947108050433706,0.9945432275921626,M2,150,TS
38,173,0.9946636353875244,0.9944682020346378,M2,150,TS
38,174,0.994657435315007,0.994397891021464,M2,150,TS
38,175,0.9946163200821012,0.9943438029031803,M2,150,TS
38,176,0.9945635421509662,0.9942846759331204,M2,150,TS
38,177,0.9945123286934071,0.9942495187023481,M2,150,TS
38,178,0.994482655603657,0.9942354484121829,M2,150,TS
38,179,0.9944475380670142,0.9942218144410239,M2,150,TS
38,180,0.9944229988510738,0.9942181590750693,M2,150,TS
38,181,0.9944114191621523,0.9941998770330533,M2,150,TS
38,182,0.9944013437157788,0.9941818598923929,M2,150,TS
38,183,0.9943943144262715,0.9941632338202925,M2,150,TS
38,184,0.9943870807893128,0.9941253412741069,M2,150,TS
38,185,0.9943619197701409,0.9940823293382568,M2,150,TS
38,186,0.9943227201029492,0.9940105204379643,M2,150,TS
38,187,0.994280183636803,0.9939398139904466,M2,150,TS
38,188,0.9942522730164449,0.9938756009836494,M2,150,TS
38,189,0.9942057797002883,0.9938184063699125,M2,150,TS
38,190,0.9941749225780376,0.9937621879438951,M2,150,TS
38,191,0.994129637167771,0.9937198882588586,M2,150,TS
38,192,0.9940975782722441,0.9936503172088683,M2,150,TS
38,193,0.9940748424827945,0.993559206762673,M2,150,TS
38,194,0.9940430654684789,0.9934869525125132,M2,150,TS
38,195,0.9940006965541017,0.9933903692487238,M2,150,TS
38,196,0.9939635377769642,0.993317209980588,M2,150,TS
38,197,0.9939239104037666,0.9932468163630682,M2,150,TS
38,198,0.9938818144345062,0.9931791883961619,M2,150,TS
38,199,0.9938372498691831,0.9931143260798688,M2,150,TS
38,200,0.9937902167077972,0.993052229414189,M2,150,TS
39,151,0.9963574403415492,0.9962631744104598,M2,150,TS
39,152,0.996353290468323,0.9962333613302006,M2,150,TS
39,153,0.9963444413085677,0.9961999285931603,M2,150,TS
39,154,0.9963308928622834,0.9961628761993393,M2,150,TS
39,155,0.9963126451294702,0.9961222041487373,M2,150,TS
39,156,0.9962896981101308,0.9960779124413572,M2,150,TS
39,157,0.9962768814564616,0.9960369567102988,M2,150,TS
39,158,0.9962295965129782,0.9959851067890292,M2,150,TS
39,159,0.9961887871727668,0.9959315675824398,M2,150,TS
39,160,0.9961388330502872,0.9958727928034253,M2,150,TS
39,161,0.9960731172070513,0.995812250096461,M2,150,TS
39,162,0.9960101213009693,0.9957270519850655,M2,150,TS
39,163,0.9959407775621505,0.9956477331154222,M2,150,TS
39,164,0.995878287487367,0.9955864331559844,M2,150,TS
39,165,0.9958217094252739,0.9955358844366651,M2,150,TS
39,166,0.9957802971131517,0.9955011170561544,M2,150,TS
39,167,0.9957491206649087,0.9954751713189672,M2,150,TS
39,168,0.9956819899380198,0.9954686254537828,M2,150,TS
39,169,0.9956358415834612,0.9954435851321135,M2,150,TS
39,170,0.9955743813304425,0.9954216410527059,M2,150,TS
39,171,0.9955257329178193,0.9953620610017239,M2,150,TS
39,172,0.9954619622934731,0.9952740388335122,M2,150,TS
39,173,0.9953932725035084,0.9952035299103276,M2,150,TS
39,174,0.9953317442083038,0.9951384320640468,M2,150,TS
39,175,0.9952782396401894,0.9950885952132509,M2,150,TS
39,176,0.9952585564141607,0.9950327974786074,M2,150,TS
39,177,0.9952490913304128,0.9950006370430401,M2,150,TS
39,178,0.9952389070998324,0.9949900427856251,M2,150,TS
39,179,0.9952445850123981,0.9949795408422573,M2,150,TS
39,180,0.995240531360887,0.9949794224184066,M2,150,TS
39,181,0.9952654081091292,0.994964048176371,M2,150,TS
39,182,0.9952754394088805,0.9949492780619495,M2,150,TS
39,183,0.9952528450274649,0.9949345959648219,M2,150,TS
39,184,0.9952040294629767,0.9949014076487946,M2,150,TS
39,185,0.9951497904330678,0.9948630032513975,M2,150,TS
39,186,0.9951076198115687,0.9947952345238917,M2,150,TS
39,187,0.9950651776776813,0.9947283963879618,M2,150,TS
39,188,0.9950292632179354,0.9946681836689867,M2,150,TS
39,189,0.9949990144187859,0.9946144381235055,M2,150,TS
39,190,0.994984468705969,0.9945615472016798,M2,150,TS
39,191,0.9949674942590508,0.9945223268859866,M2,150,TS
39,192,0.9949598776911504,0.9944558691394045,M2,150,TS
39,193,0.9949086887452074,0.9943691212794691,M2,150,TS
39,194,0.9948566434741339,0.9943013799875603,M2,150,TS
39,195,0.994799861941839,0.9942089631635257,M2,150,TS
39,196,0.9947478343048466,0.9941400733447006,M2,150,TS
39,197,0.9946936752627935,0.9940739735113552,M2,150,TS
39,198,0.9946373848156764,0.9940106636634866,M2,150,TS
39,199,0.9945789629634956,0.9939501438010948,M2,150,TS
39,200,0.9945184097062508,0.9938924139241799,M2,150,TS
40,151,0.9953831006663316,0.995221519150639,M2,150,TS
40,152,0.9953330774859964,0.995189772552004,M2,150,TS
40,153,0.9952835404600852,0.9951542751535918,M2,150,TS
40,154,0.9952344895885978,0.9951150269554023,M2,150,TS
40,155,0.9951859248715346,0.9950720279574354,M2,150,TS
40,156,0.9951378463088982,0.995025278159694,M2,150,TS
40,157,0.9950805073396478,0.9949825513157124,M2,150,TS
40,158,0.9950541152203669,0.9949268209448273,M2,150,TS
40,159,0.9950151151740124,0.9948701469436327,M2,150,TS
40,160,0.9949616579676177,0.9948082175094767,M2,150,TS
40,161,0.9948982699801885,0.9947444567386767,M2,150,TS
40,162,0.9948320701212855,0.9946564283395404,M2,150,TS
40,163,0.9947711537851458,0.9945738931679019,M2,150,TS
40,164,0.9947117690991782,0.9945093088565135,M2,150,TS
40,165,0.9946437156116984,0.9944556116648667,M2,150,TS
40,166,0.9946040810590954,0.9944172271515599,M2,150,TS
40,167,0.9945404469175276,0.9943884745292286,M2,150,TS
40,168,0.994489273450111,0.9943777861544797,M2,150,TS
40,169,0.9944087959918204,0.9943498472809187,M2,150,TS
40,170,0.9943606159345549,0.9943235490799426,M2,150,TS
40,171,0.9943027934482462,0.9942608898377713,M2,150,TS
40,172,0.9942370243590861,0.9941700983062993,M2,150,TS
40,173,0.9941864603429431,0.9940961261880382,M2,150,TS
40,174,0.9941424189719154,0.9940277605122435,M2,150,TS
40,175,0.994084045935502,0.9939749452584876,M2,150,TS
40,176,0.9940442907234149,0.9939162395847759,M2,150,TS
40,177,0.99398300185936,0.9938819726580472,M2,150,TS
40,178,0.9939455653313475,0.9938686186174807,M2,150,TS
40,179,0.993897883736213,0.9938557059594332,M2,150,TS
40,180,0.9938809764633703,0.993852198708085,M2,150,TS
40,181,0.993867412710985,0.9938345822397933,M2,150,TS
40,182,0.9938378210274617,0.993817672218709,M2,150,TS
40,183,0.9938169330905469,0.9937999106702977,M2,150,TS
40,184,0.9937849614041945,0.9937632862458701,M2,150,TS
40,185,0.9937531358718621,0.9937210704477926,M2,150,TS
40,186,0.9937016437227479,0.9936503810281513,M2,150,TS
40,187,0.9936343383680255,0.9935811338498449,M2,150,TS
40,188,0.9935834721537211,0.9935182638568079,M2,150,TS
40,189,0.9935213380139362,0.9934621257944729,M2,150,TS
40,190,0.9934801304924306,0.9934069173088191,M2,150,TS
40,191,0.993460688711081,0.9933645621176735,M2,150,TS
40,192,0.9934348858232696,0.9932956689540179,M2,150,TS
40,193,0.9934229719629553,0.9932052260708851,M2,150,TS
40,194,0.9934009596290998,0.9931335435440101,M2,150,TS
40,195,0.9933829130142435,0.9930373847825307,M2,150,TS
40,196,0.9933333345816867,0.992965400429172,M2,150,TS
40,197,0.9932680833832516,0.992896505412564,M2,150,TS
40,198,0.9931871594189354,0.9928306997327038,M2,150,TS
40,199,0.9930905626887382,0.9927679833895915,M2,150,TS
40,200,0.99297829319266,0.992708356383227,M2,150,TS
41,151,0.951598607292844,0.9514633773628703,M2,150,TS
41,152,0.9515839731665083,0.9514408930261521,M2,150,TS
41,153,0.9515642639722455,0.9514147709375148,M2,150,TS
41,154,0.9515394797100556,0.9513850110969583,M2,150,TS
41,155,0.9515096203799385,0.9513516135044828,M2,150,TS
41,156,0.951474685981897,0.9513145781600911,M2,150,TS
41,157,0.9514467482045401,0.9512827725465617,M2,150,TS
41,158,0.9513977172622143,0.9512332248867593,M2,150,TS
41,159,0.9513393239905696,0.9511883286734615,M2,150,TS
41,160,0.9512718178510781,0.951134321581026,M2,150,TS
41,161,0.9512134525564208,0.9510831349543183,M2,150,TS
41,162,0.9511601214239438,0.9510230363522929,M2,150,TS
41,163,0.9511114946643091,0.950964734751432,M2,150,TS
41,164,0.9510459066440382,0.9509159411621692,M2,150,TS
41,165,0.950970647487851,0.9508703038591864,M2,150,TS
41,166,0.9508948783874822,0.9508322563399856,M2,150,TS
41,167,0.9508373543099728,0.9507946016680576,M2,150,TS
41,168,0.9507653222569077,0.9507730205862974,M2,150,TS
41,169,0.9506997511923869,0.9507337934761816,M2,150,TS
41,170,0.9506518323353155,0.9506897234825317,M2,150,TS
41,171,0.9506133336690601,0.9506408850798898,M2,150,TS
41,172,0.9505766312525721,0.9505866651182019,M2,150,TS
41,173,0.950528812222479,0.9505372222256848,M2,150,TS
41,174,0.9504990071931514,0.9504954272054422,M2,150,TS
41,175,0.9504861710545475,0.9504558463701364,M2,150,TS
41,176,0.9504689781359765,0.950403300501107,M2,150,TS
41,177,0.9504820488997714,0.9503674761874479,M2,150,TS
41,178,0.9504747038808106,0.950347960929642,M2,150,TS
41,179,0.9504855617072812,0.9503172963430747,M2,150,TS
41,180,0.9504894859036759,0.9502959837187125,M2,150,TS
41,181,0.9504787474032959,0.9502826565777613,M2,150,TS
41,182,0.9504419826744268,0.9502704291474036,M2,150,TS
41,183,0.9503949639557345,0.9502559878872326,M2,150,TS
41,184,0.9503490039116838,0.9502288234778212,M2,150,TS
41,185,0.9503129665844903,0.9501905525579719,M2,150,TS
41,186,0.9502840169727509,0.9501341024146575,M2,150,TS
41,187,0.9502640236001179,0.9500801394819784,M2,150,TS
41,188,0.9502380497225067,0.9500298983758411,M2,150,TS
41,189,0.9502292473568318,0.9499782720825407,M2,150,TS
41,190,0.950223016966488,0.9499353354248575,M2,150,TS
41,191,0.9501915820656899,0.9498976844439536,M2,150,TS
41,192,0.950149381323365,0.9498477096420531,M2,150,TS
41,193,0.9501026633572887,0.9497860842658343,M2,150,TS
41,194,0.9500487101607329,0.9497297371252997,M2,150,TS
41,195,0.9499903168890882,0.9496679159355111,M2,150,TS
41,196,0.9499352707248835,0.9496145066355126,M2,150,TS
41,197,0.9498770387872002,0.9495623014509209,M2,150,TS
41,198,0.9498156210760353,0.949511300381733,M2,150,TS
41,199,0.9497510175913891,0.9494615034279491,M2,150,TS
41,200,0.9496832283332616,0.9494129105895693,M2,150,TS
42,151,0.99757989857869,0.9973920069917707,M2,150,TS
42,152,0.9975462598566585,0.9973749472489977,M2,150,TS
42,153,0.9975156454538209,0.9973540549824526,M2,150,TS
42,154,0.9974880553701774,0.997329330192135,M2,150,TS
42,155,0.9974634896057281,0.9973007728780453,M2,150,TS
42,156,0.9974419481604756,0.9972683830401861,M2,150,TS
42,157,0.9974312305921538,0.9972393609637605,M2,150,TS
42,158,0.9974194423318247,0.9971984390372729,M2,150,TS
42,159,0.9974001624871094,0.9971562217155991,M2,150,TS
42,160,0.9973858136495678,0.9971083660413681,M2,150,TS
42,161,0.9973546936071599,0.9970588104380452,M2,150,TS
42,162,0.9973143402315453,0.99698490915188,M2,150,TS
42,163,0.9972663005607596,0.9969169202960688,M2,150,TS
42,164,0.9972202464618987,0.9968670746864451,M2,150,TS
42,165,0.9971659158507991,0.9968283708720398,M2,150,TS
42,166,0.9971147069142859,0.9968057548276678,M2,150,TS
42,167,0.9970557866918204,0.9967924766212147,M2,150,TS
42,168,0.9969984693563547,0.9967976692413596,M2,150,TS
42,169,0.9969491497229295,0.9967846311552381,M2,150,TS
42,170,0.9969111539559186,0.9967739693822912,M2,150,TS
42,171,0.9968719019131828,0.9967261238753167,M2,150,TS
42,172,0.9968279965869158,0.9966495622083534,M2,150,TS
42,173,0.9967884559549807,0.9965902296743159,M2,150,TS
42,174,0.9967488281812765,0.996536503656044,M2,150,TS
42,175,0.9967198775560213,0.9964981352265939,M2,150,TS
42,176,0.996718326606385,0.9964537987731146,M2,150,TS
42,177,0.996699766930802,0.9964338228829122,M2,150,TS
42,178,0.9967114658762508,0.9964346230270562,M2,150,TS
42,179,0.996727276783171,0.9964357100372687,M2,150,TS
42,180,0.996748604350798,0.9964467817961895,M2,150,TS
42,181,0.9967731807200313,0.9964432616575806,M2,150,TS
42,182,0.9967871436129807,0.9964403009740318,M2,150,TS
42,183,0.9967864336574725,0.9964368923225538,M2,150,TS
42,184,0.9967584911386154,0.9964149813530333,M2,150,TS
42,185,0.9967211147083654,0.9963880764330278,M2,150,TS
42,186,0.9966927043186147,0.996331706930422,M2,150,TS
42,187,0.9966372730265697,0.9962770963233593,M2,150,TS
42,188,0.9966047956587549,0.9962286736323845,M2,150,TS
42,189,0.9965681548267282,0.9961869565746004,M2,150,TS
42,190,0.9965445048549029,0.9961462359842346,M2,150,TS
42,191,0.9965261181589904,0.9961189762653855,M2,150,TS
42,192,0.9965048470922608,0.996064922798168,M2,150,TS
42,193,0.9964705106276074,0.9959897126716911,M2,150,TS
42,194,0.9964201763684499,0.995933843624137,M2,150,TS
42,195,0.9963742570024985,0.9958530439414846,M2,150,TS
42,196,0.9963463869351741,0.9957954393968846,M2,150,TS
42,197,0.9963246435209412,0.9957403991157975,M2,150,TS
42,198,0.9963090267597973,0.9956879230982202,M2,150,TS
42,199,0.9962995366517422,0.9956380113441531,M2,150,TS
42,200,0.9962961731967761,0.9955906638535958,M2,150,TS
43,151,0.9961857864162412,0.9962300253533468,M2,150,TS
43,152,0.9961559166349873,0.9962001581958532,M2,150,TS
43,153,0.9961297575769555,0.9961664604274905,M2,150,TS
43,154,0.996107309242146,0.9961289320482587,M2,150,TS
43,155,0.9960885716305586,0.9960875730581578,M2,150,TS
43,156,0.9960735447421964,0.9960423834571904,M2,150,TS
43,157,0.9960720122593936,0.996000272951329,M2,150,TS
43,158,0.9960836243690672,0.9959464032660925,M2,150,TS
43,159,0.9960619811807265,0.9958917185366505,M2,150,TS
43,160,0.9960218597479154,0.9958321447786682,M2,150,TS
43,161,0.9959999472167995,0.9957698933088516,M2,150,TS
43,162,0.9959715343250259,0.9956832586190071,M2,150,TS
43,163,0.9959399074978158,0.995602436660957,M2,150,TS
43,164,0.9959169960707778,0.9955396233736287,M2,150,TS
43,165,0.9958850648751474,0.9954880158216435,M2,150,TS
43,166,0.9958847806797252,0.9954517487183194,M2,150,TS
43,167,0.9958628838879813,0.9954250300892461,M2,150,TS
43,168,0.9958277374268263,0.995417101532653,M2,150,TS
43,169,0.9957771734748619,0.9953917445460825,M2,150,TS
43,170,0.9957192871679925,0.9953693821089942,M2,150,TS
43,171,0.9956503981533334,0.9953098356923984,M2,150,TS
43,172,0.9955854614945099,0.9952212852736482,M2,150,TS
43,173,0.9955199593266988,0.9951501196019694,M2,150,TS
43,174,0.9954604177255886,0.9950842759049191,M2,150,TS
43,175,0.9954052343787674,0.9950337118803905,M2,150,TS
43,176,0.995368076381528,0.994977901177612,M2,150,TS
43,177,0.9953215035796257,0.9949461427783592,M2,150,TS
43,178,0.9952932228099052,0.9949353678141453,M2,150,TS
43,179,0.9952489286700497,0.9949257157057033,M2,150,TS
43,180,0.9952053476789253,0.9949260983790847,M2,150,TS
43,181,0.9951469953979706,0.9949122788190122,M2,150,TS
43,182,0.9951061047310605,0.9948981137089374,M2,150,TS
43,183,0.9950762172153027,0.9948828206675936,M2,150,TS
43,184,0.9950533306165699,0.9948482482595432,M2,150,TS
43,185,0.9950525647076903,0.994807772937036,M2,150,TS
43,186,0.9950560003244237,0.9947383976614818,M2,150,TS
43,187,0.9950740932868009,0.9946693955646934,M2,150,TS
43,188,0.9950981344017258,0.9946069854417389,M2,150,TS
43,189,0.9951011268775474,0.994551783240477,M2,150,TS
43,190,0.9950947621858435,0.9944979594162539,M2,150,TS
43,191,0.99505873542826,0.9944585405621554,M2,150,TS
43,192,0.9949972678600455,0.9943926542986181,M2,150,TS
43,193,0.9949470827614169,0.9943050643964729,M2,150,TS
43,194,0.9948946471542659,0.994236768542562,M2,150,TS
43,195,0.9948385642247435,0.9941437093181605,M2,150,TS
43,196,0.9947986592858833,0.9940738909943745,M2,150,TS
43,197,0.994763690081093,0.9940067073870111,M2,150,TS
43,198,0.9947336566103695,0.9939421584960679,M2,150,TS
43,199,0.9947085588737128,0.9938802443215451,M2,150,TS
43,200,0.9946883968711228,0.9938209648634423,M2,150,TS
44,151,0.9962427088751841,0.9963839989468268,M2,150,TS
44,152,0.9961858589253386,0.9963586072555568,M2,150,TS
44,153,0.9961293832212732,0.996329417868165,M2,150,TS
44,154,0.996073281762988,0.9962964307846515,M2,150,TS
44,155,0.9960175545504829,0.9962596460050162,M2,150,TS
44,156,0.9959622015837608,0.9962190635292618,M2,150,TS
44,157,0.9959125864095986,0.9961807661755948,M2,150,TS
44,158,0.9958552354349282,0.9961329128090991,M2,150,TS
44,159,0.995797343469139,0.9960827155656717,M2,150,TS
44,160,0.9957376192766441,0.9960275544390557,M2,150,TS
44,161,0.9956665686714639,0.995970972742591,M2,150,TS
44,162,0.9956093899199685,0.995890962337708,M2,150,TS
44,163,0.9955531906056148,0.9958164983371316,M2,150,TS
44,164,0.9955034338841608,0.9957597358090483,M2,150,TS
44,165,0.9954518913880535,0.9957142171476248,M2,150,TS
44,166,0.9954131102786443,0.9956836544496738,M2,150,TS
44,167,0.995385857385412,0.9956607193613503,M2,150,TS
44,168,0.9953763892739336,0.9956558335936188,M2,150,TS
44,169,0.9953651399891841,0.9956336650845808,M2,150,TS
44,170,0.9953478596066022,0.995614673261362,M2,150,TS
44,171,0.9953309361598375,0.9955599313267743,M2,150,TS
44,172,0.9953092870932017,0.9954775344887279,M2,150,TS
44,173,0.9952758056809142,0.9954113206317683,M2,150,TS
44,174,0.9952331718996363,0.995349967792917,M2,150,TS
44,175,0.9951844395335816,0.9953039911040352,M2,150,TS
44,176,0.9951491576660394,0.9952534857888751,M2,150,TS
44,177,0.9951101624827853,0.9952257057792988,M2,150,TS
44,178,0.9950793058305683,0.9952180375217441,M2,150,TS
44,179,0.9950360188720825,0.9952114588254131,M2,150,TS
44,180,0.9949861812977638,0.995214302293354,M2,150,TS
44,181,0.9949342145980088,0.9952035250092781,M2,150,TS
44,182,0.9948654920732817,0.9951928363951915,M2,150,TS
44,183,0.9947901496928699,0.9951799249916669,M2,150,TS
44,184,0.9947252875089825,0.9951487204601056,M2,150,TS
44,185,0.9946775851952772,0.9951125989974852,M2,150,TS
44,186,0.9946480186830797,0.9950487985129306,M2,150,TS
44,187,0.9945986721420124,0.9949860078229066,M2,150,TS
44,188,0.9945455206958094,0.9949292741669858,M2,150,TS
44,189,0.99449147132267,0.9948789767715223,M2,150,TS
44,190,0.9944392747729012,0.9948298328582654,M2,150,TS
44,191,0.9943550433978711,0.9947946966293488,M2,150,TS
44,192,0.994273154564782,0.9947333812933811,M2,150,TS
44,193,0.9941879157060884,0.994650868457077,M2,150,TS
44,194,0.9941132026195177,0.9945880593087426,M2,150,TS
44,195,0.9940381672170556,0.9945011416423919,M2,150,TS
44,196,0.9939814603921158,0.994436474689952,M2,150,TS
44,197,0.993932681530186,0.994374396926545,M2,150,TS
44,198,0.9938918306312635,0.9943149083521683,M2,150,TS
44,199,0.9938589076953485,0.9942580089668219,M2,150,TS
44,200,0.9938339127224406,0.9942036987705059,M2,150,TS
45,151,0.9982382814186662,0.9981013094578691,M2,150,TS
45,152,0.9982087870356328,0.9980789902101089,M2,150,TS
45,153,0.9981780121173869,0.998052963638778,M2,150,TS
45,154,0.9981459566639287,0.9980232297438763,M2,150,TS
45,155,0.9981126206752581,0.9979897885254038,M2,150,TS
45,156,0.9980780041513775,0.9979526399833635,M2,150,TS
45,157,0.9980459607188191,0.9979188940678568,M2,150,TS
45,158,0.9980092430565204,0.9978738482375819,M2,150,TS
45,159,0.9979662588371747,0.9978271658282277,M2,150,TS
45,160,0.9979348871607934,0.9977748929556647,M2,150,TS
45,161,0.9978928588681654,0.9977205200566187,M2,150,TS
45,162,0.9978450154651581,0.9976411389468954,M2,150,TS
45,163,0.9977974087236198,0.9975676135681524,M2,150,TS
45,164,0.9977453922563355,0.9975127567237444,M2,150,TS
45,165,0.9976848944253724,0.9974693579242035,M2,150,TS
45,166,0.9976342252269734,0.9974421909167349,M2,150,TS
45,167,0.9975857794531312,0.9974243270578627,M2,150,TS
45,168,0.9975400580483369,0.9974249700530232,M2,150,TS
45,169,0.9974906497186042,0.9974077728491909,M2,150,TS
45,170,0.9974480767289444,0.9973933973024883,M2,150,TS
45,171,0.9974038188245318,0.9973404943697074,M2,150,TS
45,172,0.9973639783798999,0.9972577392655703,M2,150,TS
45,173,0.9973456902599269,0.9971922765144821,M2,150,TS
45,174,0.9973326767517777,0.9971321266143613,M2,150,TS
45,175,0.997333963474218,0.9970875619310456,M2,150,TS
45,176,0.9973499324885735,0.997037918949927,M2,150,TS
45,177,0.9973652319564761,0.9970123921724849,M2,150,TS
45,178,0.9973673941716706,0.9970089336980476,M2,150,TS
45,179,0.9973529874323717,0.9970068780256925,M2,150,TS
45,180,0.9973291339008614,0.9970151991354466,M2,150,TS
45,181,0.9973030123083646,0.9970082208343833,M2,150,TS
45,182,0.9972704789799365,0.9970015910030292,M2,150,TS
45,183,0.9972536826448157,0.9969938047582747,M2,150,TS
45,184,0.9972287638052371,0.9969668310755393,M2,150,TS
45,185,0.9972072576638151,0.9969346575199648,M2,150,TS
45,186,0.9971797850459017,0.9968732395704044,M2,150,TS
45,187,0.9971632485743547,0.9968123553749264,M2,150,TS
45,188,0.9971288915604897,0.9967588220244332,M2,150,TS
45,189,0.9970806636654601,0.9967125553497946,M2,150,TS
45,190,0.9970324435044655,0.99666723724487,M2,150,TS
45,191,0.9969866312800038,0.9966358137852489,M2,150,TS
45,192,0.9969492442922248,0.9965766234573644,M2,150,TS
45,193,0.9969187317566381,0.9964954595119672,M2,150,TS
45,194,0.9968797055953983,0.9964341116356282,M2,150,TS
45,195,0.9968365653695195,0.9963473280659925,M2,150,TS
45,196,0.9967878673335521,0.9962849078335773,M2,150,TS
45,197,0.9967351898051562,0.9962253944790445,M2,150,TS
45,198,0.9966785327843292,0.9961687880023913,M2,150,TS
45,199,0.9966178962710709,0.9961150884036178,M2,150,TS
45,200,0.9965532802653814,0.9960642956827243,M2,150,TS
46,151,0.9982154909180763,0.9982202854733129,M2,150,TS
46,152,0.998177992443034,0.9982122640396744,M2,150,TS
46,153,0.998139102322858,0.9982004207735602,M2,150,TS
46,154,0.9980988205575484,0.99818475567497,M2,150,TS
46,155,0.998057147147105,0.9981652687439039,M2,150,TS
46,156,0.9980140820915309,0.9981419599803646,M2,150,TS
46,157,0.9979706509121575,0.99812067530448,M2,150,TS
46,158,0.9979147999317406,0.9980904768510254,M2,150,TS
46,159,0.9978691385909344,0.9980573606143603,M2,150,TS
46,160,0.9978053845562732,0.9980197878596623,M2,150,TS
46,161,0.9977618758212223,0.9979804130317996,M2,150,TS
46,162,0.9977597221262018,0.997917834241657,M2,150,TS
46,163,0.9977639545748018,0.9978605425631,M2,150,TS
46,164,0.9977722417039316,0.9978207538233022,M2,150,TS
46,165,0.9977971928467686,0.9977919035074337,M2,150,TS
46,166,0.9978191844562401,0.9977778472731029,M2,150,TS
46,167,0.9978356308347734,0.9977713695512098,M2,150,TS
46,168,0.9978254361845431,0.997784286730189,M2,150,TS
46,169,0.997805858386606,0.9977801869782884,M2,150,TS
46,170,0.9977545415812306,0.997779954173064,M2,150,TS
46,171,0.9977058180982832,0.9977453573538433,M2,150,TS
46,172,0.9976660780027389,0.9976834954403936,M2,150,TS
46,173,0.9976391587756597,0.9976360768154224,M2,150,TS
46,174,0.9976300015415418,0.9975923295818302,M2,150,TS
46,175,0.9976205249348868,0.9975642170827653,M2,150,TS
46,176,0.9976060364015031,0.9975318201040476,M2,150,TS
46,177,0.9975870698991584,0.9975214790476417,M2,150,TS
46,178,0.9975584699359797,0.9975310628124797,M2,150,TS
46,179,0.997546598688857,0.9975406008598954,M2,150,TS
46,180,0.9975202247479035,0.9975592701083411,M2,150,TS
46,181,0.9974961241032821,0.9975648090423191,M2,150,TS
46,182,0.9974675868817752,0.9975700575469123,M2,150,TS
46,183,0.9974390191608444,0.9975717335976361,M2,150,TS
46,184,0.9974012547743978,0.9975562317582315,M2,150,TS
46,185,0.9973383357703873,0.9975378258038007,M2,150,TS
46,186,0.9972765256382821,0.9974925781008371,M2,150,TS
46,187,0.9972214935673918,0.9974479412033423,M2,150,TS
46,188,0.9971505100800446,0.9974091605391688,M2,150,TS
46,189,0.9970578016353304,0.9973771283759854,M2,150,TS
46,190,0.9969691720528324,0.9973464949926418,M2,150,TS
46,191,0.9969315109287205,0.9973273408201575,M2,150,TS
46,192,0.9969262717812848,0.9972823003255612,M2,150,TS
46,193,0.9969433756402524,0.9972152492809511,M2,150,TS
46,194,0.996982106640578,0.9971678040312126,M2,150,TS
46,195,0.9970424055262379,0.9970961299554856,M2,150,TS
46,196,0.9970562689957152,0.9970478440806413,M2,150,TS
46,197,0.9970664198139166,0.9970024311423483,M2,150,TS
46,198,0.9970728579808396,0.9969598911406039,M2,150,TS
46,199,0.9970755834964841,0.9969202240754083,M2,150,TS
46,200,0.9970745963608499,0.9968834299467609,M2,150,TS
47,151,0.9982191096063391,0.9982659747263481,M2,150,TS
47,152,0.998192263382298,0.9982639503132718,M2,150,TS
47,153,0.9981614059545632,0.998258190062304,M2,150,TS
47,154,0.9981265373231346,0.9982486939734451,M2,150,TS
47,155,0.9980876574880123,0.9982354620466947,M2,150,TS
47,156,0.9980447664491989,0.9982184942820559,M2,150,TS
47,157,0.9979846355305468,0.998203937779783,M2,150,TS
47,158,0.9979411051749235,0.9981799036101385,M2,150,TS
47,159,0.9978931542426253,0.9981532673137526,M2,150,TS
47,160,0.9978349285914342,0.9981220413797421,M2,150,TS
47,161,0.9978040401512528,0.9980887081304428,M2,150,TS
47,162,0.9977454148999103,0.9980340279888991,M2,150,TS
47,163,0.9977095924837291,0.9979841616761564,M2,150,TS
47,164,0.9976543742580252,0.9979525085870882,M2,150,TS
47,165,0.9976104180241971,0.9979319174382192,M2,150,TS
47,166,0.9975891690689722,0.9979254230196983,M2,150,TS
47,167,0.9975839149785035,0.9979258249826096,M2,150,TS
47,168,0.9975983107911315,0.9979443371924447,M2,150,TS
47,169,0.9976130762338999,0.9979456504287134,M2,150,TS
47,170,0.9976027778430415,0.9979507757705408,M2,150,TS
47,171,0.9976053509205383,0.997921027938475,M2,150,TS
47,172,0.9975929863362881,0.9978646201141912,M2,150,TS
47,173,0.9975739710156055,0.9978232736363731,M2,150,TS
47,174,0.9975472455837405,0.9977862672068594,M2,150,TS
47,175,0.9975119348294923,0.9977649106444203,M2,150,TS
47,176,0.9974700463092736,0.9977396079502712,M2,150,TS
47,177,0.9974787712745359,0.997734801874323,M2,150,TS
47,178,0.9974629512348463,0.9977503732786072,M2,150,TS
47,179,0.997432795322551,0.9977669329685434,M2,150,TS
47,180,0.9973960032244809,0.9977924437013131,M2,150,TS
47,181,0.9973841468273799,0.9978041346887356,M2,150,TS
47,182,0.9973821101696516,0.9978150363251911,M2,150,TS
47,183,0.9973403728025338,0.9978235814944025,M2,150,TS
47,184,0.997308577878096,0.9978144275114765,M2,150,TS
47,185,0.9972483411957082,0.9978023524955009,M2,150,TS
47,186,0.9971772414700741,0.9977640271022891,M2,150,TS
47,187,0.9971376423981142,0.9977253734968444,M2,150,TS
47,188,0.9970702845804196,0.9976929655104323,M2,150,TS
47,189,0.9969861904659492,0.9976672627664751,M2,150,TS
47,190,0.9969237383916348,0.9976423345926466,M2,150,TS
47,191,0.996865455189335,0.9976301402962271,M2,150,TS
47,192,0.9968068627312657,0.9975926865878657,M2,150,TS
47,193,0.9967211031094251,0.9975346471678853,M2,150,TS
47,194,0.9966516389211497,0.9974964758536528,M2,150,TS
47,195,0.9965735375059064,0.997434857078769,M2,150,TS
47,196,0.9965328979967667,0.9973943499811155,M2,150,TS
47,197,0.9965059122167161,0.9973562480068973,M2,150,TS
47,198,0.9964925801657517,0.9973205511561114,M2,150,TS
47,199,0.9964929018438735,0.9972872594287582,M2,150,TS
47,200,0.9965068772510816,0.9972563728248374,M2,150,TS
48,151,0.9981949873884434,0.9981433274630662,M2,150,TS
48,152,0.9981747924786454,0.9981350156616172,M2,150,TS
48,153,0.998147969469173,0.9981231097921874,M2,150,TS
48,154,0.9981145183600262,0.9981076098547768,M2,150,TS
48,155,0.998074439151205,0.9980885158493853,M2,150,TS
48,156,0.9980277318427123,0.9980658277760157,M2,150,TS
48,157,0.9979653765667807,0.998046464279115,M2,150,TS
48,158,0.9978912434772381,0.9980169052260778,M2,150,TS
48,159,0.9978369165456431,0.9979846804285072,M2,150,TS
48,160,0.9977710002072524,0.997947654800924,M2,150,TS
48,161,0.9977293308275439,0.9979079101160933,M2,150,TS
48,162,0.9976987579146794,0.997843632384506,M2,150,TS
48,163,0.9976675264461949,0.9977851275473318,M2,150,TS
48,164,0.997640254125538,0.9977448213895082,M2,150,TS
48,165,0.997631254444221,0.997715345568084,M2,150,TS
48,166,0.9976326655418102,0.9977015503420956,M2,150,TS
48,167,0.997640920712324,0.9976962834684783,M2,150,TS
48,168,0.9976612187249303,0.9977092866765646,M2,150,TS
48,169,0.9976854980253355,0.9977045485115585,M2,150,TS
48,170,0.9976967635807847,0.9977032334371714,M2,150,TS
48,171,0.9977190140349868,0.9976641876129625,M2,150,TS
48,172,0.9977335584767892,0.9975963716150374,M2,150,TS
48,173,0.997714729516403,0.9975463714090177,M2,150,TS
48,174,0.9976900912011676,0.9975015116178184,M2,150,TS
48,175,0.9976725413667765,0.9974722089895878,M2,150,TS
48,176,0.9976542511456944,0.997438557003667,M2,150,TS
48,177,0.9976322422776509,0.9974284039038275,M2,150,TS
48,178,0.9976113747034274,0.9974392896852885,M2,150,TS
48,179,0.9975827867909401,0.9974513480488698,M2,150,TS
48,180,0.9975555470290647,0.997473053865801,M2,150,TS
48,181,0.9975453936815908,0.9974795998791436,M2,150,TS
48,182,0.9975278696771662,0.9974862436442291,M2,150,TS
48,183,0.9975012318186309,0.9974915134994846,M2,150,TS
48,184,0.99746567307103,0.9974782691194052,M2,150,TS
48,185,0.9974376225954955,0.997460135335267,M2,150,TS
48,186,0.9974094625053971,0.9974135943182924,M2,150,TS
48,187,0.9973759280457697,0.9973678406679936,M2,150,TS
48,188,0.9973321944393155,0.9973287935769101,M2,150,TS
48,189,0.9972710896376513,0.9972969265454646,M2,150,TS
48,190,0.997206425075879,0.9972661607782406,M2,150,TS
48,191,0.9971491652492486,0.9972488528668465,M2,150,TS
48,192,0.9970898513976241,0.9972046428468284,M2,150,TS
48,193,0.9970181632555117,0.9971391044672916,M2,150,TS
48,194,0.996946796142985,0.9970935107523932,M2,150,TS
48,195,0.9969123433086611,0.9970219398921655,M2,150,TS
48,196,0.9968893841583129,0.9969736813417736,M2,150,TS
48,197,0.9968813043711017,0.9969278524878673,M2,150,TS
48,198,0.9968881039470249,0.9968844533304436,M2,150,TS
48,199,0.9969097828860826,0.9968434838695026,M2,150,TS
48,200,0.9969463411882747,0.9968049441050443,M2,150,TS
49,151,0.9982494182706154,0.9981950294112091,M2,150,TS
49,152,0.9982672540324139,0.9981906705862634,M2,150,TS
49,153,0.9982635657190787,0.9981831256966447,M2,150,TS
49,154,0.9982383533306097,0.9981723947423528,M2,150,TS
49,155,0.9981916168670071,0.9981584777233875,M2,150,TS
49,156,0.9981233563282732,0.9981413746397522,M2,150,TS
49,157,0.9979838303159803,0.9981289732299085,M2,150,TS
49,158,0.9979795181088469,0.9981026625317289,M2,150,TS
49,159,0.9977682451794418,0.9980797343336325,M2,150,TS
49,160,0.9976179730008696,0.9980501347653707,M2,150,TS
49,161,0.9975411716221545,0.9980164364076528,M2,150,TS
49,162,0.9974974797063673,0.997957643510896,M2,150,TS
49,163,0.9975246354796645,0.997902669753414,M2,150,TS
49,164,0.9976026178561183,0.9978646445609629,M2,150,TS
49,165,0.9977518884042447,0.9978360843030232,M2,150,TS
49,166,0.9977395166267558,0.9978278779474797,M2,150,TS
49,167,0.9978234926971821,0.9978256400893568,M2,150,TS
49,168,0.9979727421560629,0.9978402451774915,M2,150,TS
49,169,0.9979156285662332,0.9978429646202189,M2,150,TS
49,170,0.9979514226683506,0.9978463228390633,M2,150,TS
49,171,0.9979205056172775,0.9978140144127384,M2,150,TS
49,172,0.9978528254458763,0.9977536870105881,M2,150,TS
49,173,0.9977757194688859,0.997710427330589,M2,150,TS
49,174,0.9976966945879847,0.9976720428152079,M2,150,TS
49,175,0.9976509028790901,0.9976486305815374,M2,150,TS
49,176,0.9976372268296139,0.9976201245350171,M2,150,TS
49,177,0.99762649153408,0.9976148164045082,M2,150,TS
49,178,0.9976400851833088,0.9976298043156228,M2,150,TS
49,179,0.9976784513036971,0.997645196916027,M2,150,TS
49,180,0.9977138227512483,0.9976702349784011,M2,150,TS
49,181,0.9976765932759589,0.9976824967392381,M2,150,TS
49,182,0.9977371739812044,0.997691868536437,M2,150,TS
49,183,0.9975492416284254,0.9977061960967276,M2,150,TS
49,184,0.9973972999208337,0.9977009016888185,M2,150,TS
49,185,0.9973001052418815,0.9976896215941767,M2,150,TS
49,186,0.9972469862160156,0.9976488182386803,M2,150,TS
49,187,0.9971945194348506,0.9976085915666851,M2,150,TS
49,188,0.9971292645266627,0.9975750673510744,M2,150,TS
49,189,0.9970999143847763,0.9975473123710531,M2,150,TS
49,190,0.9971237750178441,0.9975190390647403,M2,150,TS
49,191,0.9971673893165116,0.9975039068873995,M2,150,TS
49,192,0.9972273047321621,0.997461351090423,M2,150,TS
49,193,0.9970486162087009,0.9974036116019727,M2,150,TS
49,194,0.9971124294386846,0.997359448785021,M2,150,TS
49,195,0.996932467298737,0.997296895987988,M2,150,TS
49,196,0.9968455042084748,0.9972554214103992,M2,150,TS
49,197,0.9967474610026495,0.9972171014917554,M2,150,TS
49,198,0.9966383376812582,0.9971819362320535,M2,150,TS
49,199,0.9965181342443007,0.9971499256312939,M2,150,TS
49,200,0.9963868506917772,0.9971210696894767,M2,150,TS
