draw,best_existing_prediction,optimized_candidate_prediction,candidate_minus_existing
1,2.0640836912862782e-05,2.202733169705353e-05,1.3864947841907475e-06
2,1.8329465666912833e-05,2.1768326079582703e-05,3.4388604126698703e-06
3,2.1094863318100024e-05,2.3096133894641628e-05,2.0012705765416037e-06
4,2.4579862830841358e-05,2.0121362860569455e-05,-4.458499970271903e-06
5,1.8727240199786695e-05,1.9606050730411064e-05,8.78810530624369e-07
6,1.8218733076200662e-05,2.1856956616647284e-05,3.6382235404466223e-06
7,1.5824177429468154e-05,1.945485593293059e-05,3.630678503462437e-06
8,2.1798853759224434e-05,2.1991463650204703e-05,1.9260989098026927e-07
9,2.3903995664389347e-05,2.3982155432008347e-05,7.815976761900046e-08
10,2.5653169554314057e-05,2.2770788925713027e-05,-2.8823806286010293e-06
11,2.0582309637361196e-05,2.1820918749913853e-05,1.2386091125526571e-06
12,1.969871677106721e-05,2.092878653937687e-05,1.23006976830966e-06
13,2.2123728973772894e-05,2.1648343367363195e-05,-4.7538560640969906e-07
14,1.5335967620606404e-05,1.6284588620949395e-05,9.486210003429912e-07
15,1.851198429666237e-05,2.147222681526774e-05,2.960242518605369e-06
16,2.240999198425463e-05,2.165208733284937e-05,-7.579046514052595e-07
17,1.7316137032589867e-05,1.9527635718022557e-05,2.21149868543269e-06
18,1.9172489589787472e-05,2.1128325495737336e-05,1.9558359059498637e-06
19,1.922666859153156e-05,1.864400231764811e-05,-5.826662738834489e-07
20,1.971877556951762e-05,2.0637433587163653e-05,9.18658017646031e-07
21,1.9897561164234966e-05,1.9831301315435697e-05,-6.625984879926933e-08
22,2.498392655524195e-05,2.1738886257489205e-05,-3.245040297752745e-06
23,2.603476356850094e-05,2.205821744442853e-05,-3.976546124072411e-06
24,1.8794986037436973e-05,2.175219787183653e-05,2.9572118343995554e-06
25,2.362704192177326e-05,2.2130945602582195e-05,-1.4960963191910642e-06
26,2.0045030166430682e-05,2.1444733298371007e-05,1.3997031319403243e-06
27,2.059113300083846e-05,2.2394796308319932e-05,1.8036633074814707e-06
28,2.1820288191885003e-05,2.0557414793248827e-05,-1.2628733986361756e-06
29,2.365430123859343e-05,1.886984833844927e-05,-4.7844529001441594e-06
30,2.07477312200793e-05,2.2438646008195906e-05,1.6909147881166043e-06
31,1.4805337040526678e-05,1.974552579242208e-05,4.940188751895404e-06
32,1.7809479904006208e-05,1.8600143214320545e-05,7.906633103143365e-07
33,1.9997493396144137e-05,1.9148794691061018e-05,-8.486987050831192e-07
34,2.15978642077274e-05,1.9391399729164094e-05,-2.2064644785633066e-06
35,1.6819841656322148e-05,1.7121150913842303e-05,3.013092575201553e-07
36,2.0777300465330237e-05,1.887026950894475e-05,-1.9070309563854861e-06
37,1.7316137032589867e-05,1.9527635718022557e-05,2.21149868543269e-06
38,2.1703379277886487e-05,2.389159317790979e-05,2.188213900023304e-06
39,1.9192309166085957e-05,1.9650811594327662e-05,4.585024282417058e-07
40,1.8795833427636297e-05,1.98217533652534e-05,1.025919937617102e-06
41,2.2458898670925125e-05,2.0229017919084428e-05,-2.229880751840697e-06
42,2.0197610929756555e-05,2.1482221746313208e-05,1.284610816556653e-06
43,2.058592052982483e-05,2.071281297593891e-05,1.268924461140779e-07
44,1.92686442904394e-05,2.184851739951075e-05,2.57987310907135e-06
45,1.928786616181375e-05,1.864901126232529e-05,-6.388548994884601e-07
46,2.01856805756607e-05,1.8327989663877825e-05,-1.8576909117828734e-06
47,1.5477362681915378e-05,1.9180923501351884e-05,3.7035608194365056e-06
48,2.1558640541121347e-05,1.991319299908336e-05,-1.6454475420379871e-06
49,2.1426466371150863e-05,2.0704006077589773e-05,-7.2246029356109e-07
50,1.8898985982628267e-05,1.712758612428931e-05,-1.7713998583389587e-06
51,1.8980911799032718e-05,2.416990633900332e-05,5.188994539970603e-06
52,1.8973826079725562e-05,1.9489237414240566e-05,5.154113345150037e-07
53,1.8013059286009965e-05,2.0821736320331285e-05,2.8086770343213205e-06
54,1.9306804577529216e-05,2.1150323022673496e-05,1.8435184451442803e-06
55,1.7858174503919873e-05,2.1707939841955082e-05,3.849765338035209e-06
56,1.9995711543491758e-05,1.8691017609278067e-05,-1.30469393421369e-06
57,2.0431949217858247e-05,2.411414021875481e-05,3.682191000896563e-06
58,1.809441459183201e-05,2.2633702097832677e-05,4.5392875060006676e-06
59,1.952201472816083e-05,1.869395368783886e-05,-8.280610403219698e-07
60,1.7133925692104845e-05,2.03865453248431e-05,3.2526196327382553e-06
61,2.0824199699957297e-05,2.0350524612647465e-05,-4.736750873098321e-07
62,1.999093621795458e-05,1.9480652194439388e-05,-5.102840235151936e-07
63,1.974272283184762e-05,1.8998704702955756e-05,-7.440181288918627e-07
64,2.465459264708477e-05,2.269953705856546e-05,-1.9550555885193095e-06
65,2.024756291331212e-05,1.9228067629601158e-05,-1.0194952837109606e-06
66,1.945631337593384e-05,2.1685886287686877e-05,2.229572911753037e-06
67,1.9485376114684604e-05,1.8729273887281476e-05,-7.561022274031284e-07
68,2.000646226559408e-05,2.0768199488165873e-05,7.617372225717925e-07
69,1.660320736023674e-05,1.9868293583979285e-05,3.2650862237425455e-06
70,2.0355958406939908e-05,2.107379944639727e-05,7.178410394573635e-07
71,2.0791943950070152e-05,2.3705460882453333e-05,2.913516932383181e-06
72,2.3705066665228582e-05,2.2112389823169215e-05,-1.5926768420593665e-06
73,1.8625032347751084e-05,1.9705469455352327e-05,1.0804371076012434e-06
74,1.9306151306505995e-05,1.9695167199831065e-05,3.8901589332507e-07
75,1.55061313800091e-05,1.799120549539472e-05,2.4850741153856197e-06
76,2.112720068839713e-05,1.9955661138604483e-05,-1.1715395497926474e-06
77,2.4258712083042302e-05,2.062652992454801e-05,-3.6321821584942907e-06
78,2.1133783620917046e-05,2.237846645089434e-05,1.2446828299772943e-06
79,2.0204374886744137e-05,2.3012901294464777e-05,2.8085264077206404e-06
80,2.0445199135127094e-05,1.869692495835923e-05,-1.7482741767678652e-06
81,1.8971953757472595e-05,1.9647103952950818e-05,6.751501954782227e-07
82,1.650261497200578e-05,1.676897205102104e-05,2.663570790152622e-07
83,1.9827594521848373e-05,1.84783992530908e-05,-1.349195268757571e-06
84,2.2013727740718247e-05,2.1286767041345688e-05,-7.269606993725588e-07
85,2.0291794099455876e-05,2.25622065868433e-05,2.270412487387424e-06
86,1.9484771759398892e-05,1.8607443499867744e-05,-8.773282595311483e-07
87,2.1811091863692873e-05,1.987263245480744e-05,-1.9384594088854326e-06
88,1.8982578089267403e-05,2.0595937643657685e-05,1.6133595543902824e-06
89,1.92447691310467e-05,2.163545881503421e-05,2.390689683987508e-06
90,2.2021419669903458e-05,2.1797197757763908e-05,-2.2422191213954972e-07
91,2.2194227370278737e-05,2.2450736251998838e-05,2.565088817201003e-07
92,1.749426854393729e-05,1.796845947963558e-05,4.7419093569829173e-07
93,2.1701358240802502e-05,1.935835938136628e-05,-2.3429988594362224e-06
94,1.7602547640746836e-05,1.9496250421321894e-05,1.893702780575058e-06
95,2.351285924422767e-05,1.9503333141221585e-05,-4.009526103006085e-06
96,2.2418788215230513e-05,2.335788521701115e-05,9.390970017806371e-07
97,2.3373578485841398e-05,2.2186088747542563e-05,-1.1874897382988348e-06
98,1.844387270424957e-05,2.1369069670704473e-05,2.925196966454902e-06
99,1.8172100021245208e-05,1.9916056663084242e-05,1.7439566418390347e-06
100,2.172502092416036e-05,2.136756508353815e-05,-3.5745584062221036e-07
101,2.1868048283174423e-05,2.0967111951294078e-05,-9.00936331880345e-07
102,1.8865479470768268e-05,2.2519883850868517e-05,3.6544043801002492e-06
103,1.95748694283998e-05,1.8603975464845063e-05,-9.708939635547385e-07
104,2.2827043240782235e-05,1.93513117382645e-05,-3.475731502517735e-06
105,2.5045828007912806e-05,2.7520874104346136e-05,2.4750460964333306e-06
106,2.130893511088017e-05,1.8220607933409693e-05,-3.088327177470478e-06
107,1.2303406898856027e-05,1.8759128816282857e-05,6.4557219174268306e-06
108,2.0442358743158672e-05,2.0253687569368242e-05,-1.886711737904299e-07
109,2.511090406811516e-05,2.3409977471445702e-05,-1.7009265966694563e-06
110,1.9152467843041077e-05,1.8002340493806484e-05,-1.1501273492345928e-06
111,2.0520602327598683e-05,1.940661528202366e-05,-1.113987045575022e-06
112,2.0854517013703148e-05,2.0086353762527742e-05,-7.681632511754056e-07
113,2.2901720221987443e-05,1.9796953801723805e-05,-3.1047664202636382e-06
114,2.0399982591089723e-05,1.914547451480813e-05,-1.2545080762815932e-06
115,1.6014790256009353e-05,1.875971059134041e-05,2.7449203353310564e-06
116,2.1952134680185494e-05,2.271427277745406e-05,7.621380972685657e-07
117,2.0758581294626495e-05,2.4196868101751206e-05,3.438286807124711e-06
118,1.86496940360981e-05,2.1362551797501453e-05,2.7128577614033523e-06
119,1.7024949456076618e-05,2.078532838254829e-05,3.7603789264716733e-06
120,2.1852291369498495e-05,2.1182278444515317e-05,-6.700129249831785e-07
121,1.68982993675679e-05,1.7439250587677474e-05,5.409512201095748e-07
122,2.3231529363227168e-05,2.089114072480151e-05,-2.3403886384256588e-06
123,2.2713854955695636e-05,2.1127411755240214e-05,-1.5864432004554223e-06
124,1.8167567395077554e-05,2.131377285561784e-05,3.1462054605402846e-06
125,2.1880742853636298e-05,2.1392472102891625e-05,-4.882707507446724e-07
126,1.9582149895578026e-05,1.948483203149482e-05,-9.731786408320522e-08
127,2.1282808550517084e-05,2.3564269447331272e-05,2.2814608968141872e-06
128,2.5200052405650297e-05,2.174912212084516e-05,-3.4509302848051383e-06
129,2.1589406521534062e-05,2.404103422183371e-05,2.451627700299647e-06
130,2.2648580918799295e-05,2.269466188741892e-05,4.6080968619625635e-08
131,1.8891238593283933e-05,1.8800603290512103e-05,-9.063530277182995e-08
132,1.9337759049645917e-05,1.8967666968686738e-05,-3.7009208095917855e-07
133,2.3447804995360234e-05,2.335070722045838e-05,-9.709777490185553e-08
134,1.609251852528065e-05,1.9553011628478498e-05,3.4604931031978485e-06
135,1.6659628643285225e-05,2.2301949251229347e-05,5.642320607944122e-06
136,2.6457248375584383e-05,1.9375663631970093e-05,-7.08158474361429e-06
137,2.165739794672292e-05,2.0021043046743704e-05,-1.636354899979216e-06
138,1.9480878417820748e-05,2.2652171707804814e-05,3.171293289984066e-06
139,2.110338305313582e-05,2.2103762502257916e-05,1.0003794491220973e-06
140,2.4970979942747926e-05,2.1583566704799102e-05,-3.387413237948824e-06
141,2.2943891982244354e-05,2.0137080082944366e-05,-2.8068118992999878e-06
142,2.498177580076577e-05,2.122249655857706e-05,-3.7592792421887075e-06
143,2.1637663905532675e-05,2.2680101276323658e-05,1.0424373707909833e-06
144,1.6183891611526022e-05,2.2767427331791898e-05,6.583535720265876e-06
145,2.08722099376641e-05,2.1554392332809372e-05,6.821823951452702e-07
146,2.1153799232493547e-05,1.9813249336317064e-05,-1.3405498961764834e-06
147,2.26288040961781e-05,2.1451020549348574e-05,-1.1777835468295267e-06
148,2.00290359664504e-05,1.9160947723351195e-05,-8.680882430992045e-07
149,1.777612967385229e-05,2.0738039330857144e-05,2.9619096570048537e-06
150,2.4376042691632e-05,2.2920432924972863e-05,-1.4556097666591375e-06
151,2.0205298901489755e-05,2.1029767996909948e-05,8.244690954201933e-07
152,2.305980681778121e-05,2.087463300674564e-05,-2.1851738110355684e-06
153,2.3609662173198252e-05,2.2138362307160548e-05,-1.4712998660377048e-06
154,2.013606181886851e-05,1.859257477989714e-05,-1.54348703897137e-06
155,2.3467429665540855e-05,2.1074304727920376e-05,-2.3931249376204797e-06
156,1.7983797626598593e-05,2.003031432140276e-05,2.0465166948041676e-06
157,2.0483178426933185e-05,2.019972914709897e-05,-2.834492798342159e-07
158,2.249842196060738e-05,2.1987280011937334e-05,-5.111419486700448e-07
159,2.0544289392739968e-05,1.9243883277108557e-05,-1.3004061156314103e-06
160,1.5760506201291284e-05,1.880856215862724e-05,3.048055957335955e-06
161,1.8869706055934322e-05,2.1249340024238765e-05,2.3796339683044436e-06
162,2.0265601430664426e-05,2.267362237736623e-05,2.4080209467018024e-06
163,2.215253532722607e-05,2.236288871196175e-05,2.1035338473567863e-07
164,2.2128471589546726e-05,2.049128750241349e-05,-1.6371840871332372e-06
165,2.1150460194476546e-05,2.116680705029473e-05,1.634685581818426e-08
166,1.9937259017633197e-05,2.0465208847407502e-05,5.279498297743049e-07
167,1.9282421545243193e-05,2.0682875684535717e-05,1.4004541392925238e-06
168,2.231703233673651e-05,2.340458761567409e-05,1.0875552789375818e-06
169,1.7030327677390597e-05,1.8124952589719536e-05,1.0946249123289387e-06
170,2.3316089288171517e-05,2.001214272994507e-05,-3.3039465582264453e-06
171,2.5717550563629315e-05,1.862951818794864e-05,-7.088032375680676e-06
172,2.236902794788444e-05,2.0336678839316146e-05,-2.0323491085682937e-06
173,2.3398006627059113e-05,2.2033465429449475e-05,-1.364541197609638e-06
174,1.8534038553699908e-05,1.954037869062504e-05,1.0063401369251327e-06
175,1.7182943523277187e-05,2.0048823507922548e-05,2.8658799846453605e-06
176,2.5162465037023535e-05,2.092260286636037e-05,-4.2398621706631654e-06
177,1.89169681191366e-05,2.0905349809926347e-05,1.9883816907897453e-06
178,2.2555296811457573e-05,2.2383506242649975e-05,-1.7179056880759793e-07
179,1.751092513700988e-05,1.9903068801932083e-05,2.3921436649222032e-06
180,2.150160974999772e-05,2.272704531907833e-05,1.2254355690806095e-06
181,2.180071123598087e-05,2.021077602047493e-05,-1.5899352155059431e-06
182,2.1336794898222407e-05,2.2804664168493905e-05,1.4678692702714983e-06
183,1.6925793762354746e-05,2.0270866594753145e-05,3.3450728323983995e-06
184,2.0145931187672534e-05,2.2498163706135484e-05,2.35223251846295e-06
185,1.975002705806658e-05,1.8680463877258817e-05,-1.0695631808077642e-06
186,2.940086924602674e-05,2.587887168067718e-05,-3.521997565349562e-06
187,2.562563351001835e-05,2.2587993029283703e-05,-3.037640480734646e-06
188,1.9419259252609403e-05,2.2095216233107033e-05,2.6759569804976307e-06
189,1.997028409673528e-05,1.866957886906012e-05,-1.3007052276751612e-06
190,2.0471287664292195e-05,2.130348276506998e-05,8.321951007777862e-07
191,1.7459739507275914e-05,2.0987731019110243e-05,3.5279915118343285e-06
192,1.8263042264319565e-05,2.288217107847169e-05,4.6191288141521255e-06
193,2.7135128525862073e-05,2.265188943963123e-05,-4.483239086230842e-06
194,2.567228954438904e-05,2.2167824499716225e-05,-3.5044650446728134e-06
195,1.743977839687836e-05,1.9719602652995133e-05,2.2798242561167733e-06
196,2.1357159539645728e-05,2.1109120474076093e-05,-2.480390655696353e-07
197,2.1760031927869106e-05,2.0682421379715913e-05,-1.077610548153193e-06
198,1.6708138182176222e-05,2.0774552649228102e-05,4.0664144670518806e-06
199,1.6290498327026997e-05,1.9442026630402488e-05,3.1515283033754906e-06
200,2.0539210218848603e-05,1.9783016219851752e-05,-7.561939989968503e-07
201,1.9642290997305136e-05,2.079656952429639e-05,1.154278526991255e-06
202,1.755595657480229e-05,1.7784399687850675e-05,2.284431130483853e-07
203,2.0820965251224223e-05,2.1786789498158402e-05,9.658242469341793e-07
204,2.284430044704548e-05,2.1601493137848985e-05,-1.242807309196496e-06
205,2.6605646162747197e-05,2.193394383810225e-05,-4.671702324644947e-06
206,2.354910323890556e-05,2.3650446064791284e-05,1.0134282588572288e-07
207,2.292209870746652e-05,2.290442224405024e-05,-1.7676463416278277e-08
208,2.4190780437511285e-05,2.1427792595845916e-05,-2.762987841665369e-06
209,2.3824332737813625e-05,1.9530037126026718e-05,-4.294295611786907e-06
210,2.0567270825365892e-05,2.0806541753823074e-05,2.392709284571818e-07
211,1.721633808758073e-05,1.8213437083430237e-05,9.970989958495063e-07
212,1.957141984185147e-05,2.104935733197326e-05,1.4779374901217907e-06
213,1.8639559451128272e-05,1.815358760235165e-05,-4.859718487766213e-07
214,1.701239520045713e-05,2.003860354008782e-05,3.026208339630691e-06
215,1.9112435552875253e-05,2.2121394032786472e-05,3.0089584799112187e-06
216,2.388459083794197e-05,2.2377384589969246e-05,-1.507206247972725e-06
217,2.0532537861952343e-05,2.0778159121308655e-05,2.45621259356312e-07
218,1.60370734680541e-05,1.98165586014606e-05,3.7794851334065023e-06
219,2.284171869986958e-05,2.0155769024099927e-05,-2.685949675769653e-06
220,1.3788183034049035e-05,1.858692990103391e-05,4.798746866984874e-06
221,1.9753917167218436e-05,2.2312954645479698e-05,2.5590374782612616e-06
222,1.875795084264192e-05,2.071249523401267e-05,1.95454439137075e-06
223,2.302060087332037e-05,2.1365602323678712e-05,-1.6549985496416562e-06
224,2.0652857019076296e-05,2.1954651461099875e-05,1.3017944420235796e-06
225,2.136373791954962e-05,2.0196004820043474e-05,-1.1677330995061468e-06
226,2.5487931867600034e-05,2.410108647882061e-05,-1.3868453887794235e-06
227,2.5373326246101602e-05,2.1212541310992395e-05,-4.160784935109207e-06
228,2.119767210152645e-05,2.0545593015399143e-05,-6.520790861273055e-07
229,1.661794848351576e-05,2.097474292416966e-05,4.356794440653897e-06
230,2.2022523985644066e-05,2.1417178084814258e-05,-6.053459008298077e-07
231,1.9154728988617863e-05,2.19665405498496e-05,2.811811561231738e-06
232,2.0814214521327508e-05,1.9666135742781867e-05,-1.1480787785456408e-06
233,2.0538551506162603e-05,2.2042256508847115e-05,1.5037050026845126e-06
234,1.7661483720190008e-05,1.9635729736454963e-05,1.974246016264955e-06
235,2.245523677072092e-05,1.9646758692248716e-05,-2.8084780784722037e-06
236,1.9753621460335435e-05,2.1608941193309498e-05,1.8553197329740632e-06
237,2.3176100372405977e-05,2.226607508135788e-05,-9.10025291048098e-07
238,2.04582992673083e-05,2.389931966304467e-05,3.441020395736369e-06
239,2.122468546470324e-05,2.0161872153738795e-05,-1.0628133109644449e-06
240,2.3823043318191152e-05,2.580425860464728e-05,1.9812152864561293e-06
241,2.6143137793590378e-05,2.3508129936075892e-05,-2.6350078575144855e-06
242,1.5267748455990857e-05,1.9156306086604258e-05,3.888557630613401e-06
243,1.6946715507536835e-05,1.8404857366138848e-05,1.4581418586020122e-06
244,2.0139003608613884e-05,1.9149947973007305e-05,-9.890556356065786e-07
245,2.1832713062535573e-05,2.0892975092932965e-05,-9.397379696026077e-07
246,1.9860391348497197e-05,2.0639538703759908e-05,7.791473552627105e-07
247,1.994550246107169e-05,2.3995431230659034e-05,4.049928769587342e-06
248,2.2450974545039587e-05,1.9988387785415892e-05,-2.462586759623695e-06
249,2.2620409227258803e-05,2.1171539567327542e-05,-1.448869659931261e-06
250,2.048805869389293e-05,2.2023859963306267e-05,1.535801269413336e-06
251,1.4660191661689237e-05,2.0064512960590525e-05,5.404321298901287e-06
252,1.4986532071756671e-05,1.8929566045419895e-05,3.943033973663224e-06
253,2.152221349979098e-05,2.2334034455472336e-05,8.118209556813579e-07
254,1.8502999854715532e-05,1.771939776515573e-05,-7.836020895598014e-07
255,2.0645117276602444e-05,1.8590861970641677e-05,-2.0542553059607674e-06
256,2.0950237083987453e-05,2.2996000490270125e-05,2.0457634062826722e-06
257,1.9855390919121705e-05,2.0027868591748114e-05,1.724776726264096e-07
258,1.4254121074365109e-05,1.7805878719823718e-05,3.551757645458609e-06
259,2.4475117675092583e-05,2.035326806944972e-05,-4.121849605642861e-06
260,2.0421161719809426e-05,2.2466056278334726e-05,2.0448945585253007e-06
261,1.7866877131003254e-05,2.2123496613215006e-05,4.256619482211752e-06
262,1.9072528892043062e-05,1.8032233924286604e-05,-1.040294967756458e-06
263,1.4891977595052866e-05,1.7710494165107646e-05,2.81851657005478e-06
264,1.935923005872169e-05,2.2273878294514213e-05,2.9146482357925244e-06
265,2.0008200767186562e-05,2.128025006206677e-05,1.2720492948802071e-06
266,1.5626000358009252e-05,1.8134139411882157e-05,2.5081390538729054e-06
267,1.9304831282306266e-05,2.0753294270555734e-05,1.448462988249468e-06
268,1.6662999825315622e-05,1.9638806599896962e-05,2.9758067745813396e-06
269,1.6671021620724156e-05,1.9463123655337234e-05,2.7921020346130785e-06
270,2.15848504175493e-05,2.0074808648985326e-05,-1.5100417685639739e-06
271,1.9726575359289503e-05,1.7908639030597486e-05,-1.8179363286920162e-06
272,2.347750111773334e-05,2.2454572610437594e-05,-1.0229285072957468e-06
273,2.1654965544985382e-05,2.129143742398351e-05,-3.635281210018726e-07
274,1.612763210885126e-05,1.839348570835366e-05,2.265853599502398e-06
275,2.1489273203003915e-05,1.965653835097994e-05,-1.8327348520239736e-06
276,2.0183135194932973e-05,1.8930712059484086e-05,-1.2524231354488875e-06
277,2.5113380473500306e-05,2.2286846678728833e-05,-2.826533794771473e-06
278,2.5864567663613352e-05,2.2497683021261906e-05,-3.3668846423514466e-06
279,2.406873539629878e-05,2.1704787285981234e-05,-2.3639481103175448e-06
280,2.085110023757814e-05,2.205242553749192e-05,1.2013252999137802e-06
281,1.666841849285852e-05,1.9653524312695524e-05,2.985105819837003e-06
282,1.7284846860190608e-05,2.1417669343389622e-05,4.132822483199014e-06
283,1.710215270253272e-05,1.9317930968758384e-05,2.2157782662256637e-06
284,1.954976511475542e-05,2.2515126286848827e-05,2.965361172093409e-06
285,2.1483761549452105e-05,2.1017582295490575e-05,-4.6617925396152967e-07
286,1.965960133902271e-05,2.1138116501412758e-05,1.4785151623900469e-06
287,2.0362314280371312e-05,2.201171466358053e-05,1.6494003832092163e-06
288,1.595601355054157e-05,2.139878073712041e-05,5.442767186578842e-06
289,2.4845996137968035e-05,2.0853891224111436e-05,-3.992104913856599e-06
290,2.1551400181879995e-05,2.2380025988891424e-05,8.286258070114291e-07
291,2.2198549787152077e-05,2.3753183460790536e-05,1.5546336736384595e-06
292,1.775145185061385e-05,2.0422356401794004e-05,2.670904551180154e-06
293,2.0602269078933902e-05,1.900193497382991e-05,-1.6003341051039937e-06
294,2.3219091445041405e-05,2.1643963721789968e-05,-1.575127723251437e-06
295,1.6824719905203687e-05,1.869223051695198e-05,1.8675106117482917e-06
296,2.2023355396125783e-05,2.0046144925755937e-05,-1.9772104703698463e-06
297,2.0129585167201983e-05,2.135433584201927e-05,1.224750674817287e-06
298,2.2736343271111233e-05,2.047046524414328e-05,-2.265878026967955e-06
299,1.641579695544353e-05,1.832152698303745e-05,1.9057300275939209e-06
300,2.191878884263259e-05,2.198078606725752e-05,6.199722462493041e-08
301,1.937526913056759e-05,1.949782834335627e-05,1.2255921278867847e-07
302,1.9327105163751195e-05,2.1186904272917244e-05,1.8597991091660494e-06
303,2.2930766067162897e-05,2.2270707681044104e-05,-6.600583861187924e-07
304,1.629796429939766e-05,2.054010700936544e-05,4.2421427099677794e-06
305,1.7906786891450224e-05,2.1242504944567544e-05,3.3357180531173194e-06
306,2.2479098238012088e-05,2.1630881201476237e-05,-8.48217036535851e-07
307,2.1034535611143788e-05,2.0648430411499698e-05,-3.861051996440901e-07
308,1.9476483242468632e-05,2.0458161225435942e-05,9.816779829673102e-07
309,1.865611732223369e-05,1.7830839385737773e-05,-8.252779364959174e-07
310,1.6447255285857842e-05,1.978029022601553e-05,3.3330349401576873e-06
311,2.0005155836222445e-05,2.0208297389947134e-05,2.0314155372468928e-07
312,2.182213472204245e-05,2.049817812807827e-05,-1.323956593964181e-06
313,1.965308686980801e-05,1.987470547913892e-05,2.2161860933090843e-07
314,1.8067710422400312e-05,1.9889525167208056e-05,1.8218147448077444e-06
315,1.8124184375785762e-05,1.893375067615463e-05,8.095663003688676e-07
316,1.9540931450439998e-05,1.961609729895914e-05,7.516584851914091e-08
317,2.2171009472952745e-05,1.8934548323163335e-05,-3.23646114978941e-06
318,2.200287646633284e-05,2.2349422558851973e-05,3.46546092519132e-07
319,1.9263482064344008e-05,1.9257797794204047e-05,-5.6842701399608786e-09
320,1.6904679782629126e-05,2.164053750958458e-05,4.735857726955455e-06
321,1.9446655628236576e-05,1.730811976228794e-05,-2.1385358659486353e-06
322,2.2100036956467768e-05,2.0356845410015993e-05,-1.7431915464517753e-06
323,2.016255163948137e-05,2.215669297112947e-05,1.9941413316481007e-06
324,1.9332546427203802e-05,2.3354581035885553e-05,4.022034608681751e-06
325,1.908706854226842e-05,2.113589925326914e-05,2.048830711000718e-06
326,2.039849873461169e-05,2.01643949122965e-05,-2.341038223151908e-07
327,2.1908293304736443e-05,2.2723429673806286e-05,8.151363690698431e-07
328,1.8268605103244768e-05,1.6807447915406534e-05,-1.4611571878382343e-06
329,2.144505040218388e-05,2.082107297729452e-05,-6.239774248893614e-07
330,2.2899001852783354e-05,2.202034281094481e-05,-8.786590418385454e-07
331,2.0287673351252188e-05,1.9260923575021808e-05,-1.0267497762303802e-06
332,2.1879834596734125e-05,2.3087562738846127e-05,1.2077281421120016e-06
333,1.7812907874131787e-05,2.1162942313762032e-05,3.3500344396302452e-06
334,2.1012432599829238e-05,1.8724648375468812e-05,-2.287784224360425e-06
335,1.980139239529814e-05,2.244254132095155e-05,2.641148925653409e-06
336,2.1595476448132262e-05,1.994805841407511e-05,-1.6474180340571515e-06
337,2.2588387661193004e-05,2.2571870905902253e-05,-1.651675529075049e-08
338,2.5201184576562037e-05,2.0291778174350064e-05,-4.909406402211973e-06
339,2.4092876480792942e-05,2.061092126314585e-05,-3.481955217647093e-06
340,2.1839415449922276e-05,2.011197903897032e-05,-1.7274364109519544e-06
341,2.035655759428317e-05,2.185003131537035e-05,1.4934737210871792e-06
342,2.7115074007378036e-05,2.433654977852886e-05,-2.778524228849176e-06
343,2.0656120745395236e-05,1.9758322544961832e-05,-8.977982004334042e-07
344,1.705046289353637e-05,2.1071380204338084e-05,4.020917310801715e-06
345,1.9944007280933764e-05,1.8202886326086902e-05,-1.7411209548468624e-06
346,2.058912890604356e-05,1.8908040629056444e-05,-1.6810882769871162e-06
347,2.0531288334814145e-05,2.1722260513343404e-05,1.190972178529259e-06
348,2.051554280346937e-05,1.973124132382905e-05,-7.84301479640319e-07
349,2.2438448091806066e-05,2.04922934944353e-05,-1.9461545973707646e-06
350,1.8901457166010757e-05,2.2149957751989256e-05,3.2485005859784986e-06
351,2.1751551124921398e-05,2.0127365805041574e-05,-1.6241853198798236e-06
352,1.994289078605588e-05,1.8233830895979397e-05,-1.7090598900764831e-06
353,2.0230731644240216e-05,2.115549094292716e-05,9.247592986869441e-07
354,2.618115043166285e-05,2.1503909643955874e-05,-4.677240787706976e-06
355,1.710816573208056e-05,1.969653179328917e-05,2.5883660612086108e-06
356,1.9132838956367606e-05,1.926072046146571e-05,1.2788150509810358e-07
357,1.7808228839535703e-05,1.9568434072696217e-05,1.760205233160514e-06
358,1.899194126020998e-05,2.1985807136942444e-05,2.993865876732463e-06
359,1.9266982930530515e-05,2.037368482455516e-05,1.1067018940246447e-06
360,2.353587943742078e-05,2.1076848124063838e-05,-2.4590313133569414e-06
361,1.643053996320655e-05,1.986072220619099e-05,3.430182242984439e-06
362,2.0470822908434068e-05,2.0704857604248274e-05,2.3403469581420616e-07
363,2.0210048265622643e-05,2.059771587648993e-05,3.876676108672861e-07
364,1.6788797912157668e-05,1.9716435060350937e-05,2.9276371481932694e-06
365,2.1360098807741745e-05,2.0822375385319825e-05,-5.377234224219202e-07
366,1.9410587635952555e-05,1.868946512783435e-05,-7.211225081182048e-07
367,2.3811116469074083e-05,2.1110956492723932e-05,-2.7001599763501512e-06
368,2.0779940855623308e-05,1.9999706731004782e-05,-7.802341246185258e-07
369,2.51810407053393e-05,2.05715114830602e-05,-4.609529222279101e-06
370,1.8749351537307137e-05,2.284809205994897e-05,4.098740522641834e-06
371,1.9716372855715845e-05,2.229715011590018e-05,2.5807772601843347e-06
372,2.236508429519171e-05,1.9968988686995815e-05,-2.396095608195896e-06
373,2.0856069798909692e-05,2.2426057832578666e-05,1.5699880336689742e-06
374,2.420224942331854e-05,2.1311007694232146e-05,-2.8912417290863936e-06
375,1.8880549853687188e-05,2.0300016217336432e-05,1.4194663636492446e-06
376,2.005159657936954e-05,1.9294647026311166e-05,-7.569495530583724e-07
377,1.9178385337918568e-05,1.9696107279082284e-05,5.177219411637162e-07
378,1.798197357014245e-05,2.1407575554519107e-05,3.425601984376659e-06
379,1.7991860759679615e-05,1.9281780701118353e-05,1.289919941438738e-06
380,1.710393228814214e-05,2.1507352000232276e-05,4.403419712090134e-06
381,2.140398842387339e-05,2.0702601017391484e-05,-7.013874064819067e-07
382,1.795327098025049e-05,1.9735924802283733e-05,1.7826538220332447e-06
383,2.205476611664542e-05,2.3569737156197958e-05,1.5149710395525378e-06
384,2.1659075598877104e-05,2.1025604618049606e-05,-6.33470980827498e-07
385,1.6925012795997807e-05,1.990578025636321e-05,2.980767460365402e-06
386,1.997802539484587e-05,1.9815935994869535e-05,-1.6208939997633664e-07
387,2.2834475127691773e-05,2.074163179640106e-05,-2.092843331290712e-06
388,1.638880514572263e-05,1.7310410784909108e-05,9.216056391864798e-07
389,2.4768687853913765e-05,2.3153391248038714e-05,-1.615296605875051e-06
390,1.6829043043374614e-05,1.7718224671784936e-05,8.891816284103211e-07
391,2.5462091129173358e-05,2.3454779058161406e-05,-2.007312071011952e-06
392,2.0157340669749596e-05,2.284674318077601e-05,2.689402511026416e-06
393,1.9513904967385372e-05,2.4738456601858942e-05,5.22455163447357e-06
394,2.040481372877576e-05,2.0176310562369662e-05,-2.2850316640609836e-07
395,1.9709532056933637e-05,2.184782000052211e-05,2.138287943588473e-06
396,2.1470896029218304e-05,1.9121999340470038e-05,-2.348896688748266e-06
397,1.7907656913010137e-05,1.9971947834967437e-05,2.0642909219573e-06
398,1.9637630865242623e-05,1.9941353335906003e-05,3.0372247066337983e-07
399,1.836996202206589e-05,2.173841464523306e-05,3.3684526231671694e-06
400,2.5457080488867006e-05,2.2508746713313224e-05,-2.948333775553782e-06
401,2.1013877491838615e-05,1.8066340417244665e-05,-2.9475370745939494e-06
402,2.378307799148399e-05,2.3929241228618665e-05,1.4616323713467392e-07
403,2.3370096692064604e-05,2.255036085861266e-05,-8.197358334519436e-07
404,2.3186006686558328e-05,1.886862959595518e-05,-4.317377090603148e-06
405,1.818357860297945e-05,1.81799096152427e-05,-3.668987736751703e-09
406,2.0819692653984386e-05,1.8395946954230114e-05,-2.423745699754272e-06
407,2.1667964765420315e-05,1.866448983372583e-05,-3.0034749316944848e-06
408,2.1133910014833023e-05,1.9861534622083222e-05,-1.2723753927498007e-06
409,2.3442930954706767e-05,2.2970996166223412e-05,-4.7193478848335434e-07
410,1.8954463008522386e-05,2.0472674101391985e-05,1.5182110928695989e-06
411,2.3164057645803655e-05,2.440734302731351e-05,1.2432853815098544e-06
412,1.9451595714753264e-05,2.186662633468523e-05,2.4150306199319674e-06
413,2.312664970295169e-05,2.1522989146909856e-05,-1.6036605560418359e-06
414,2.197511477406119e-05,1.8752648905490898e-05,-3.222465868570294e-06
415,1.9389369532930453e-05,1.8896685992617986e-05,-4.926835403124675e-07
416,1.9221122437415537e-05,1.9969744532322047e-05,7.486220949065097e-07
417,2.065312733790535e-05,2.153509814508812e-05,8.819708071827684e-07
418,1.9060297368760357e-05,2.2042288498196517e-05,2.98199112943616e-06
419,1.7359774212892507e-05,1.810198861061011e-05,7.422143977176045e-07
420,2.2631348756312323e-05,2.066595822334058e-05,-1.965390532971744e-06
421,2.035165761030195e-05,2.359066225650462e-05,3.2390046462026704e-06
422,2.0749084391304313e-05,2.0378525877506296e-05,-3.705585137980169e-07
423,2.1955878055501435e-05,2.0831920385737633e-05,-1.123957669763802e-06
424,2.1901923461674133e-05,2.026119104584102e-05,-1.6407324158331126e-06
425,1.3858562297189342e-05,1.6332661601614607e-05,2.4740993044252654e-06
426,2.142647443178622e-05,1.9663022010027547e-05,-1.7634524217586732e-06
427,2.5972795580787174e-05,2.139038269203458e-05,-4.582412888752594e-06
428,1.7947762722578366e-05,1.74398953566129e-05,-5.078673659654659e-07
429,1.7364573512559605e-05,1.8627808526582196e-05,1.2632350140225906e-06
430,1.9515886063037116e-05,2.225327781587651e-05,2.7373917528393944e-06
431,1.4531420396237875e-05,1.6639364270830738e-05,2.1079438745928632e-06
432,2.068159206679203e-05,2.1573295004980132e-05,8.917029381881012e-07
433,2.3020487598790805e-05,1.9340246595933802e-05,-3.6802410028570028e-06
434,2.182498651122219e-05,2.069725924830446e-05,-1.127727262917729e-06
435,1.502800959819353e-05,1.9725154182710082e-05,4.697144584516552e-06
436,2.45913274862394e-05,2.303302781443269e-05,-1.5582996718067084e-06
437,1.868299356578036e-05,2.2585993987709478e-05,3.903000421929117e-06
438,2.1656629564833294e-05,2.1734985690094093e-05,7.835612526079969e-08
439,2.005832213020859e-05,1.9403211753683524e-05,-6.55110376525065e-07
440,1.822615694215843e-05,1.9532341143249353e-05,1.3061842010909214e-06
441,1.6362362314813456e-05,1.796641100562059e-05,1.604048690807134e-06
442,2.1263153195598645e-05,2.0957449238468287e-05,-3.0570395713035853e-07
443,2.2759704101085423e-05,2.2022793169346507e-05,-7.369109317389156e-07
444,2.0765251752147668e-05,2.101967443066424e-05,2.5442267851657146e-07
445,1.9462166506197547e-05,2.1192854480552344e-05,1.7306879743547975e-06
446,1.9491840931328953e-05,2.010625321462133e-05,6.144122832923765e-07
447,1.987474095048331e-05,1.8600417312001752e-05,-1.2743236384815588e-06
448,2.1464437912840325e-05,2.105214884701473e-05,-4.122890658255961e-07
449,2.1935734825733142e-05,2.117986558987716e-05,-7.558692358559811e-07
450,2.4541138768293397e-05,2.1818524393583624e-05,-2.7226143747097728e-06
451,2.090163137010361e-05,2.10251179091111e-05,1.2348653900748962e-07
452,1.9826439860579983e-05,2.1006157272105138e-05,1.179717411525155e-06
453,1.9443166889788884e-05,2.0119499223385377e-05,6.763323335964925e-07
454,2.0034319887500134e-05,2.213651807859262e-05,2.1021981910924857e-06
455,1.967658938801095e-05,2.2568878320682554e-05,2.8922889326716034e-06
456,2.3106534383213493e-05,2.1152604331508796e-05,-1.9539300517046974e-06
457,2.3499818550285706e-05,2.2079119835188972e-05,-1.4206987150967332e-06
458,2.1748401900136657e-05,1.9253132244880113e-05,-2.4952696552565445e-06
459,1.6895899079445618e-05,2.0953607087515716e-05,4.057708008070098e-06
460,1.9275108482861973e-05,1.916278538205793e-05,-1.1232310080404445e-07
461,2.3154012924283695e-05,1.9623509958095136e-05,-3.53050296618856e-06
462,1.6223044145773212e-05,1.880764486268197e-05,2.5846007169087565e-06
463,1.9029321209865865e-05,1.9965060647090664e-05,9.357394372247992e-07
464,1.4776210540289273e-05,1.7669015202229276e-05,2.8928046619400036e-06
465,2.5286341369938605e-05,2.208083358180795e-05,-3.2055077881306565e-06
466,1.710576580599349e-05,2.0436322528987207e-05,3.330556722993718e-06
467,2.155208341399348e-05,2.0286781838805423e-05,-1.2653015751880556e-06
468,1.6798589744759142e-05,1.6967792252388566e-05,1.6920250762942414e-07
469,1.6973313642175655e-05,2.080621578102628e-05,3.832902138850625e-06
470,2.1689316856411875e-05,2.2197853161656012e-05,5.085363052441371e-07
471,1.820588101696948e-05,1.844493176358306e-05,2.390507466135786e-07
472,1.9490418963365524e-05,2.0745798101483202e-05,1.2553791381176777e-06
473,1.9805660390690647e-05,1.8450364324450868e-05,-1.3552960662397784e-06
474,2.3237935252468066e-05,2.303045379573991e-05,-2.0748145672815673e-07
475,1.714186037712844e-05,2.2175828041194582e-05,5.033967664066142e-06
476,2.0283459497219132e-05,2.006908982641194e-05,-2.1436967080719138e-07
477,1.9934460604153115e-05,2.0553735238326037e-05,6.19274634172922e-07
478,2.182652560560805e-05,2.03176197545004e-05,-1.5089058511076488e-06
479,1.896832983783004e-05,2.1947458459496622e-05,2.9791286216665806e-06
480,2.059941908395436e-05,2.1440285437805826e-05,8.408663538514673e-07
481,2.3368670232308713e-05,2.0623375017066184e-05,-2.745295215242529e-06
482,1.9687187625501314e-05,1.9313830180423527e-05,-3.7335744507778663e-07
483,2.0644419494358732e-05,2.179952731277683e-05,1.1551078184180984e-06
484,2.1002407906827612e-05,2.0076533190116674e-05,-9.258747167109377e-07
485,2.1414390453650032e-05,2.2890318831307275e-05,1.475928377657243e-06
486,1.8034495980818865e-05,2.1157524422122326e-05,3.123028441303461e-06
487,1.8938520594193473e-05,1.9355003103505547e-05,4.164825093120742e-07
488,1.814110036149509e-05,1.807884410655341e-05,-6.225625494167802e-08
489,2.3537684263809512e-05,2.0689692074341243e-05,-2.8479921894682686e-06
490,1.9175931561459823e-05,1.9762955448735074e-05,5.870238872752514e-07
491,2.145277767097201e-05,2.2651300956919657e-05,1.1985232859476487e-06
492,2.23067156643133e-05,1.9968959170318565e-05,-2.337756493994734e-06
493,2.0697309610205748e-05,1.9657765366867104e-05,-1.0395442433386434e-06
494,2.1248168037072223e-05,2.236726587803942e-05,1.119097840967198e-06
495,2.0326911928552655e-05,2.0970007982369693e-05,6.430960538170376e-07
496,2.5751743290520206e-05,2.0972223831187036e-05,-4.7795194593331695e-06
497,1.705083664882688e-05,1.765805045866448e-05,6.072138098376015e-07
498,1.722818551134864e-05,1.9730784880334156e-05,2.502599368985515e-06
499,2.430064511378688e-05,2.2900192156631116e-05,-1.400452957155765e-06
500,1.7144294423946788e-05,1.86894907765179e-05,1.5451963525711106e-06
501,1.8181769413532345e-05,2.130196311069101e-05,3.120193697158665e-06
502,1.9896678971421655e-05,2.216976963985026e-05,2.273090668428606e-06
503,1.882053497440071e-05,1.969296856635701e-05,8.724335919563026e-07
504,1.8739387392454725e-05,1.862383059645364e-05,-1.1555679600108482e-07
505,2.2638221922944382e-05,2.276771399914973e-05,1.2949207620534603e-07
506,2.0824916156055875e-05,1.8737643011845335e-05,-2.0872731442105397e-06
507,1.9206607158714702e-05,2.1961580813096208e-05,2.7549736543815064e-06
508,2.108200458835522e-05,2.0739150921056257e-05,-3.42853667298964e-07
509,2.182373929844765e-05,2.0371533871503783e-05,-1.4522054269438668e-06
510,2.2549755089045913e-05,2.170132658701023e-05,-8.484285020356826e-07
511,1.9213478821195842e-05,2.259461324024244e-05,3.3811344190465997e-06
512,2.466512126173131e-05,2.1062380052284964e-05,-3.602741209446346e-06
513,2.005824969770444e-05,1.917681906199216e-05,-8.81430635712281e-07
514,2.4353314771954648e-05,2.0829815494385927e-05,-3.523499277568721e-06
515,1.937241017288548e-05,2.008305115908351e-05,7.106409861980302e-07
516,1.9347843349558655e-05,1.9783014739868157e-05,4.351713903095019e-07
517,1.762005546949999e-05,2.035773035380248e-05,2.73767488430249e-06
518,2.2473708321709832e-05,2.1899714925761727e-05,-5.739933959481049e-07
519,2.1747709193514716e-05,2.1665229984101353e-05,-8.247920941336216e-08
520,1.8940991824699452e-05,2.256520047551436e-05,3.624208650814909e-06
521,1.668175026159785e-05,2.0148864218400602e-05,3.467113956802754e-06
522,1.8873845411719804e-05,2.0777968660654253e-05,1.904123248934449e-06
523,2.0091634351761638e-05,1.8614296475286197e-05,-1.4773378764754413e-06
524,2.126234389529249e-05,2.2422774514572045e-05,1.1604306192795558e-06
525,2.1303708985384652e-05,1.9622678156991615e-05,-1.681030828393037e-06
526,1.8932229881945058e-05,1.9089300469281413e-05,1.570705873363558e-07
527,2.146680860101495e-05,1.9642185024249725e-05,-1.8246235767652242e-06
528,2.157549580128652e-05,1.926898563760286e-05,-2.306510163683662e-06
529,1.9807234590536906e-05,1.8549578998984664e-05,-1.257655591552242e-06
530,2.2620999701432584e-05,2.0106830020685904e-05,-2.5141696807466804e-06
531,1.990907857986417e-05,1.8543620522539156e-05,-1.3654580573250121e-06
532,2.2747123232220365e-05,2.1915458778980235e-05,-8.316644532401293e-07
533,2.1039016383532693e-05,2.220090783315099e-05,1.1618914496182973e-06
534,2.0572573298657078e-05,1.849432335476922e-05,-2.0782499438878585e-06
535,2.0359128120535387e-05,1.9620027064153244e-05,-7.391010563821422e-07
536,2.4195317938578857e-05,2.160196987122072e-05,-2.593348067358136e-06
537,2.0984071370912036e-05,2.1752301399895633e-05,7.682300289835965e-07
538,2.1919932454650177e-05,2.1488551754258217e-05,-4.3138070039195993e-07
539,1.6401846882319183e-05,1.95878622119308e-05,3.1860153296116167e-06
540,2.177202566210717e-05,2.1401230332654558e-05,-3.707953294526106e-07
541,2.1908176500463893e-05,2.09636054611437e-05,-9.445710393201928e-07
542,2.443325645690253e-05,2.036642780556422e-05,-4.0668286513383105e-06
543,1.7909225448861627e-05,1.806937217699544e-05,1.601467281338122e-07
544,2.0760253307977287e-05,1.8700597044838702e-05,-2.059656263138584e-06
545,1.6495235947293476e-05,1.8936708332392405e-05,2.4414723850989287e-06
546,1.957850649459871e-05,1.812492002224815e-05,-1.4535864723505632e-06
547,2.1847655451131694e-05,2.106226450642956e-05,-7.853909447021347e-07
548,2.299207979074472e-05,2.2018697562285276e-05,-9.733822284594436e-07
549,1.8996165255903985e-05,2.1022160857890785e-05,2.0259956019868004e-06
550,1.980086971419364e-05,2.1823853657283782e-05,2.0229839430901402e-06
551,1.4868520400875957e-05,2.133618170871158e-05,6.4676613078356245e-06
552,2.2330122059937554e-05,2.1883051328400596e-05,-4.4707073153695806e-07
553,1.9319887406256872e-05,1.9924612883551274e-05,6.047254772944019e-07
554,2.1736707727205165e-05,1.9970850510420308e-05,-1.7658572167848575e-06
555,2.327589502697293e-05,1.97661543803815e-05,-3.5097406465914305e-06
556,2.006546722263104e-05,2.081783949412906e-05,7.523722714980203e-07
557,2.0039017894472676e-05,2.0790888064467113e-05,7.518701699944371e-07
558,2.2151082290086632e-05,2.2218721732199114e-05,6.763944211248145e-08
559,2.1612264480793937e-05,2.2200084693585096e-05,5.87820212791159e-07
560,2.3456591106935003e-05,2.1332548255916837e-05,-2.1240428510181663e-06
561,2.3385772289727968e-05,2.14945404302157e-05,-1.891231859512268e-06
562,1.9939099117299573e-05,2.0016270119922167e-05,7.717100262259413e-08
563,2.150177527989288e-05,2.126599578142963e-05,-2.357794984632477e-07
564,2.0534116096900543e-05,2.1011953903050024e-05,4.77837806149481e-07
565,2.1443772374593033e-05,2.133320416991288e-05,-1.1056820468015275e-07
566,1.8140273398869315e-05,1.9596236205935514e-05,1.4559628070661994e-06
567,2.5595137503435675e-05,2.3407006791459764e-05,-2.188130711975911e-06
568,2.6648339625682263e-05,2.1412366887160197e-05,-5.235972738522066e-06
569,2.1102357567038338e-05,1.921442891799318e-05,-1.887928649045158e-06
570,1.793149439975964e-05,1.7845356780517384e-05,-8.613761924225406e-08
571,1.7218509887018577e-05,2.0340980146989702e-05,3.1224702599711258e-06
572,2.1057737623610756e-05,2.1071111849366054e-05,1.337422575529816e-08
573,1.7773097311175672e-05,2.0407967636799622e-05,2.6348703256239497e-06
574,1.782944301947789e-05,1.7210588510041893e-05,-6.188545094359951e-07
575,2.094996881725241e-05,2.2840055149210433e-05,1.8900863319580218e-06
576,2.065590868388153e-05,2.2413340188612418e-05,1.7574315047308897e-06
577,2.0399812618160732e-05,2.2278264445862322e-05,1.8784518277015903e-06
578,1.4147538360532859e-05,1.862488774969311e-05,4.477349389160251e-06
579,1.8484738634765373e-05,2.0292491415298958e-05,1.8077527805335851e-06
580,1.944600274062119e-05,1.947176083860966e-05,2.5758097988471957e-08
581,2.2375491236307723e-05,1.9803628623858608e-05,-2.571862612449115e-06
582,2.1494102191335165e-05,2.0522863985494996e-05,-9.712382058401691e-07
583,2.1692524527518074e-05,2.0160399676647406e-05,-1.532124850870668e-06
584,2.5160107299857513e-05,2.0260816651660896e-05,-4.8992906481966165e-06
585,2.6334607635189488e-05,2.3339218634189347e-05,-2.995389001000141e-06
586,2.348782369621518e-05,1.9432600646070783e-05,-4.0552230501443955e-06
587,2.4573365807478838e-05,2.405055606999164e-05,-5.228097374871985e-07
588,1.9395605130606227e-05,2.1073266543956753e-05,1.6776614133505257e-06
589,1.9701996224683137e-05,2.1951421462062035e-05,2.2494252373788973e-06
590,2.0578997285353856e-05,2.170489675477714e-05,1.1258994694232837e-06
591,1.8126449062075904e-05,2.4002810351059975e-05,5.8763612889840705e-06
592,2.0327273415139796e-05,1.890492178914395e-05,-1.422351625995845e-06
593,1.8186343363220084e-05,2.0468866749038313e-05,2.282523385818229e-06
594,1.30931211089544e-05,1.8791680073651118e-05,5.698558964696718e-06
595,2.1476536415025797e-05,2.1667795568221515e-05,1.912591531957177e-07
596,1.8293911766258782e-05,2.1725311397476103e-05,3.4313996312173206e-06
597,2.116518908779967e-05,2.1230796295517296e-05,6.560720771762606e-08
598,1.9064269843583173e-05,2.2236190396996944e-05,3.171920553413771e-06
599,2.0996853626457857e-05,1.9798697182313768e-05,-1.1981564441440886e-06
600,2.0176561910014105e-05,1.990879110772497e-05,-2.677708022891355e-07
601,1.8534638435951982e-05,1.785089677367567e-05,-6.837416622763119e-07
602,2.0861901954683768e-05,2.1010342070442383e-05,1.4844011575861548e-07
603,1.616390453868999e-05,2.0264407620078907e-05,4.1005030813889165e-06
604,1.6591699849162588e-05,1.6616322057338336e-05,2.4622208175748147e-08
605,2.115263960898207e-05,1.957275519102823e-05,-1.57988441795384e-06
606,1.677780919677582e-05,1.8006023998433662e-05,1.2282148016578407e-06
607,1.7239955444134138e-05,1.9780911298303583e-05,2.5409558541694456e-06
608,1.9958017788913925e-05,2.2526335000703583e-05,2.5683172117896586e-06
609,1.6936204766671665e-05,2.0833415743831697e-05,3.897210977160032e-06
610,2.5962271251238237e-05,2.208556654224372e-05,-3.876704708994516e-06
611,2.392986971049852e-05,2.2748608084074975e-05,-1.181261626423543e-06
612,2.5336606480362973e-05,2.214126758723397e-05,-3.1953388931290024e-06
613,2.394047330558806e-05,2.2694529044934214e-05,-1.2459442606538453e-06
614,1.8093767043559458e-05,1.96155013405136e-05,1.5217342969541412e-06
615,1.756737408078431e-05,2.042085796236358e-05,2.85348388157927e-06
616,1.821462307708955e-05,1.94987317487892e-05,1.28410867169965e-06
617,2.1358581024594402e-05,1.9567244229910443e-05,-1.7913367946839592e-06
618,1.934689876512507e-05,2.062321655447131e-05,1.2763177893462425e-06
619,2.0259918110414995e-05,2.1952793106867848e-05,1.6928749964528533e-06
620,1.7825543402750548e-05,2.0247609517041813e-05,2.4220661142912656e-06
621,1.8617430266001262e-05,2.2970974044570856e-05,4.353543778569594e-06
622,1.8557052055712292e-05,1.8979720440808704e-05,4.22668385096412e-07
623,1.8144855024959398e-05,2.0615253877589604e-05,2.470398852630206e-06
624,1.9972752928958118e-05,2.174965335624704e-05,1.776900427288921e-06
625,2.172537389194256e-05,2.3659189713556013e-05,1.933815821613454e-06
626,1.9343312745931394e-05,1.9593978024297945e-05,2.506652783665514e-07
627,2.2798745042883136e-05,2.1786254379947233e-05,-1.012490662935903e-06
628,2.1248496278458762e-05,2.1081774537547845e-05,-1.6672174091091714e-07
629,2.4349786380322798e-05,2.3814002856324348e-05,-5.357835239984499e-07
630,1.7915094550031914e-05,2.209646525326199e-05,4.181370703230075e-06
631,2.333871421313545e-05,2.31252184644233e-05,-2.134957487121514e-07
632,1.7478558010786284e-05,1.912141759138855e-05,1.6428595806022661e-06
633,1.9004233265315297e-05,1.936480315429286e-05,3.6056988897756456e-07
634,1.719054817906289e-05,1.882718928014679e-05,1.6366411010839016e-06
635,2.203347019629884e-05,1.960965842058454e-05,-2.4238117757143e-06
636,2.1669769491635706e-05,2.442314313999211e-05,2.753373648356405e-06
637,1.641758075194838e-05,2.0750274389276413e-05,4.332693637328031e-06
638,1.9673765611639353e-05,1.9030908144030085e-05,-6.428574676092676e-07
639,1.6755634038902284e-05,1.9374897520730636e-05,2.619263481828352e-06
640,1.7739224005160406e-05,2.217817877972882e-05,4.438954774568415e-06
641,1.878047851428823e-05,1.9000367114309365e-05,2.19888600021133e-07
642,1.5479294278260084e-05,1.80388067446856e-05,2.559512466425517e-06
643,2.357071089553083e-05,2.4273852033199904e-05,7.031411376690736e-07
644,2.1818984008869355e-05,2.0668434534830142e-05,-1.1505494740392133e-06
645,2.33988470459414e-05,1.995778628114286e-05,-3.4410607647985373e-06
646,2.1022154263419966e-05,2.0010823898077122e-05,-1.011330365342844e-06
647,2.0004714218820737e-05,2.054379793430338e-05,5.390837154826419e-07
648,1.9464545122349565e-05,2.0625836719971073e-05,1.161291597621508e-06
649,1.8883999440235513e-05,1.7854634350208242e-05,-1.0293650900272711e-06
650,2.707185530032375e-05,2.224600841381623e-05,-4.825846886507518e-06
651,2.4362245410229585e-05,2.511174514675404e-05,7.494997365244558e-07
652,2.1171375025057332e-05,2.205627756862217e-05,8.849025435648382e-07
653,2.0623266674357803e-05,1.7961965637166368e-05,-2.661301037191435e-06
654,2.020572710975969e-05,2.0065099094201854e-05,-1.406280155578369e-07
655,1.9868830338819976e-05,2.013783859856017e-05,2.690082597401923e-07
656,2.0785365199068786e-05,1.962485334322641e-05,-1.1605118558423748e-06
657,2.0056818185882773e-05,2.09125187972715e-05,8.557006113887262e-07
658,2.490149032282844e-05,2.3936029573693086e-05,-9.654607491353526e-07
659,1.9413581077347675e-05,2.0326726528745112e-05,9.131454513974368e-07
660,2.065054618794909e-05,1.8733680878414527e-05,-1.916865309534563e-06
661,1.757056181869896e-05,2.1620032616803985e-05,4.0494707981050246e-06
662,1.595655115575412e-05,1.9832291519420924e-05,3.875740363666803e-06
663,1.860735834712489e-05,2.0592562673912457e-05,1.9852043267875677e-06
664,2.1771269662091538e-05,2.0277087551814478e-05,-1.49418211027706e-06
665,1.9430547355231068e-05,2.0795647899828016e-05,1.3651005445969483e-06
666,2.0212483821235492e-05,2.0172288141715944e-05,-4.01956795195473e-08
667,1.787955257321485e-05,1.9319583964422732e-05,1.4400313912078837e-06
668,1.9306052742132772e-05,1.87053435973169e-05,-6.007091448158716e-07
669,1.6423257076506504e-05,2.178897344845152e-05,5.365716371945017e-06
670,1.4673173682516347e-05,1.973795242579502e-05,5.0647787432786745e-06
671,2.1129619697016667e-05,2.1044743728370302e-05,-8.48759686463648e-08
672,2.262535329717941e-05,2.2604864471589414e-05,-2.048882558999452e-08
673,2.3675164302663017e-05,2.1835830084326325e-05,-1.839334218336692e-06
674,1.7911117366715066e-05,1.763760444803194e-05,-2.7351291868312494e-07
675,1.9665779877440895e-05,2.0875842842475005e-05,1.2100629650341099e-06
676,2.3509649339505347e-05,2.2364450321906885e-05,-1.1451990175984624e-06
677,1.7260329230278213e-05,2.0169727815891298e-05,2.909398585613085e-06
678,1.8458091665490003e-05,1.918415365065322e-05,7.260619851632175e-07
679,2.015825282024564e-05,2.0094889802212774e-05,-6.336301803286614e-08
680,2.0255384428430158e-05,2.021909360192291e-05,-3.6290826507249434e-08
681,2.157911031560934e-05,2.3238087606529443e-05,1.6589772909201024e-06
682,2.3137080862562352e-05,2.0173009796984026e-05,-2.964071065578326e-06
683,2.1192089139967044e-05,2.198006095077547e-05,7.879718108084251e-07
684,2.2846357887702314e-05,2.1660795079091902e-05,-1.1855628086104117e-06
685,2.4402126527075893e-05,2.2368403010478447e-05,-2.033723516597446e-06
686,1.4613978421560132e-05,2.09154393371764e-05,6.301460915616268e-06
687,1.80574662634218e-05,2.0543827240453672e-05,2.486360977031872e-06
688,2.052725612524516e-05,2.2258448709779174e-05,1.7311925845340143e-06
689,2.0002367623985116e-05,2.258915161388634e-05,2.5867839899012225e-06
690,2.3818988289541727e-05,2.0513494616676438e-05,-3.305493672865289e-06
691,1.706326989681789e-05,2.137439796780351e-05,4.31112807098562e-06
692,2.2311802212389785e-05,2.1272991440023794e-05,-1.0388107723659917e-06
693,2.0988465005273175e-05,1.9457457262905004e-05,-1.531007742368171e-06
694,2.2727006042327857e-05,2.145246093744642e-05,-1.2745451048814381e-06
695,1.6635605621141994e-05,1.7939993013611787e-05,1.3043873924697939e-06
696,2.1861902124352907e-05,1.86646684584105e-05,-3.1972336659424064e-06
697,1.8014185277887956e-05,1.72189942130499e-05,-7.951910648380555e-07
698,1.814864505835723e-05,2.408147536854134e-05,5.93283031018411e-06
699,1.962514630512216e-05,2.0095127783595205e-05,4.6998147847304386e-07
700,1.97370609690836e-05,2.0652647584966105e-05,9.155866158825046e-07
701,2.1329520704184935e-05,2.02891000179166e-05,-1.040420686268336e-06
702,1.9491093620449328e-05,1.879820554544919e-05,-6.928880750001379e-07
703,2.1076610542128267e-05,2.165662193871173e-05,5.800113965834632e-07
704,2.1718401771821603e-05,2.1804286924420177e-05,8.588515259857343e-08
705,2.413602867360274e-05,2.016571499973819e-05,-3.9703136738645494e-06
706,2.113054525031954e-05,2.0195232682720113e-05,-9.35312567599428e-07
707,2.0662730699902325e-05,2.3709069234124557e-05,3.046338534222232e-06
708,2.2809718386557887e-05,2.035542202892955e-05,-2.4542963576283356e-06
709,2.0592724221605858e-05,2.1930008899012957e-05,1.3372846774070994e-06
710,2.3489165393288324e-05,2.3909585691885833e-05,4.204202985975097e-07
711,2.6235660890413646e-05,2.2331811931914355e-05,-3.903848958499291e-06
712,2.1874108989266035e-05,2.2018443213401254e-05,1.4433422413521874e-07
713,2.4801281153746265e-05,2.5087538130970136e-05,2.862569772238702e-07
714,1.6673373816712686e-05,1.9829278368760073e-05,3.1559045520473865e-06
715,2.020577467471139e-05,1.924828085439511e-05,-9.57493820316281e-07
716,1.873209682611612e-05,1.9654397273207033e-05,9.223004470909113e-07
717,2.2711972956900597e-05,2.1450829067078647e-05,-1.2611438898219497e-06
718,2.2997835544262583e-05,2.215822828763479e-05,-8.396072566277916e-07
719,1.8567441286338004e-05,2.0376489588867283e-05,1.8090483025292796e-06
720,1.538006408399729e-05,1.9160761434709202e-05,3.7806973507119125e-06
721,1.9024305034065524e-05,1.96734797886872e-05,6.491747546216758e-07
722,2.0429825584888705e-05,2.043380784383918e-05,3.982258950473562e-09
723,2.1514056830767513e-05,2.170253576002964e-05,1.884789292621263e-07
724,2.070091826322959e-05,1.9135846672575165e-05,-1.5650715906544246e-06
725,1.8918584963802248e-05,2.3649661386848405e-05,4.731076423046157e-06
726,2.1766230517049928e-05,1.968019364895976e-05,-2.086036868090168e-06
727,1.7109445845262037e-05,1.933808748120733e-05,2.2286416359452927e-06
728,1.8735117882518603e-05,2.048267775411957e-05,1.7475598716009663e-06
729,1.7340880274958923e-05,1.9278613108474147e-05,1.937732833515224e-06
730,2.0979111675269052e-05,2.0108397681716437e-05,-8.707139935526155e-07
731,1.9514217118295033e-05,1.85172299813966e-05,-9.969871368984325e-07
732,2.1478960686047125e-05,1.98603453014141e-05,-1.6186153846330258e-06
733,2.2810541340234626e-05,2.1616216654442316e-05,-1.1943246857923098e-06
734,2.0441936761557545e-05,2.0439190120040644e-05,-2.746641516901101e-09
735,1.9632635290048874e-05,1.9350407585467695e-05,-2.8222770458117825e-07
736,1.696858378288677e-05,1.6672212016379936e-05,-2.9637176650683286e-07
737,2.2349503463452744e-05,1.9948381053480317e-05,-2.401122409972427e-06
738,2.0328173358110655e-05,2.135818145469639e-05,1.0300080965857343e-06
739,1.7533163946331272e-05,1.712420414536744e-05,-4.089598009638317e-07
740,1.7956005864993602e-05,2.277566209630359e-05,4.819656231309987e-06
741,2.018891651910749e-05,1.8502596556903353e-05,-1.6863199622041354e-06
742,2.2079306353723297e-05,2.0749423021251113e-05,-1.3298833324721843e-06
743,2.4570225479156048e-05,2.3928925488089934e-05,-6.412999910661132e-07
744,1.759089174554372e-05,1.976941560648539e-05,2.1785238609416712e-06
745,1.9763532577232485e-05,2.224834828431303e-05,2.484815707080544e-06
746,2.1093369355695927e-05,2.2926731191599046e-05,1.833361835903119e-06
747,1.4911935457384359e-05,1.881935869774964e-05,3.907423240365283e-06
748,1.7128580797147344e-05,2.0554507119986876e-05,3.4259263228395317e-06
749,1.9527811626969142e-05,2.1053736996398347e-05,1.5259253694292052e-06
750,1.5807345701401865e-05,1.908076007232223e-05,3.2734143709203658e-06
751,2.1408922810212674e-05,2.299118148195695e-05,1.582258671744275e-06
752,2.5216181574950456e-05,2.181076573541484e-05,-3.4054158395356154e-06
753,1.6309472200059933e-05,2.0386400793998932e-05,4.076928593938999e-06
754,1.774651106307454e-05,2.3100714781150188e-05,5.354203718075649e-06
755,2.240267734938162e-05,2.2571065995919624e-05,1.6838864653800277e-07
756,2.353732819200891e-05,2.1456424697369648e-05,-2.0809034946392626e-06
757,2.1899314535288536e-05,2.1456707607273875e-05,-4.4260692801466165e-07
758,1.9816282635872973e-05,2.1652178933074658e-05,1.8358962972016854e-06
759,2.0334910325577735e-05,2.1812683013167272e-05,1.4777726875895368e-06
760,2.161767548908686e-05,2.063211716239294e-05,-9.855583266939175e-07
761,2.3111820219440554e-05,2.1066279859743172e-05,-2.0455403596973814e-06
762,2.2589129004959567e-05,2.348119238380828e-05,8.920633788487129e-07
763,2.137471746622518e-05,1.9300666140480916e-05,-2.074051325744264e-06
764,1.8978984680448833e-05,1.842419279150536e-05,-5.547918889434723e-07
765,1.4132895292680906e-05,1.9799851310166117e-05,5.666956017485211e-06
766,2.146516195787502e-05,2.2556999888351182e-05,1.0918379304761617e-06
767,2.0162975495148198e-05,1.8608265458693325e-05,-1.5547100364548729e-06
768,2.1299203494082113e-05,2.312685305076606e-05,1.8276495566839476e-06
769,2.1001591706189882e-05,1.933190130982662e-05,-1.6696903963632617e-06
770,1.952133763706536e-05,1.9400765251996655e-05,-1.205723850687031e-07
771,1.822207213158946e-05,1.991313168874276e-05,1.691059557153298e-06
772,2.245057113176803e-05,2.188109875025817e-05,-5.694723815098587e-07
773,2.1239591005142785e-05,2.039803061497152e-05,-8.41560390171266e-07
774,2.290447722980786e-05,2.213694373523491e-05,-7.675334945729488e-07
775,2.2318745105242224e-05,2.25715766894193e-05,2.5283158417707536e-07
776,2.2076150928960702e-05,1.9309527624035755e-05,-2.766623304924947e-06
777,1.9130047284121342e-05,2.2785335952875144e-05,3.655288668753802e-06
778,2.6109129876175563e-05,2.497456385067591e-05,-1.1345660254996537e-06
779,1.581719009548728e-05,1.8881434776086685e-05,3.0642446805994068e-06
780,2.0629115523369586e-05,2.0998307044116082e-05,3.6919152074649643e-07
781,2.0277943418449887e-05,2.1394236063570478e-05,1.1162926451205905e-06
782,1.9556855717973098e-05,2.014969204584555e-05,5.928363278724514e-07
783,2.079080761379671e-05,1.951086961662833e-05,-1.2799379971683807e-06
784,2.054985296786293e-05,2.116984213636296e-05,6.199891685000312e-07
785,1.9034638338238226e-05,1.957330419373873e-05,5.386658555005049e-07
786,2.2934721140075685e-05,2.1094250006364184e-05,-1.8404711337115007e-06
787,2.212282503040117e-05,2.042223990022993e-05,-1.7005851301712416e-06
788,2.0123940570954794e-05,1.946062714210562e-05,-6.633134288491726e-07
789,2.162907173165458e-05,2.1078063634849896e-05,-5.510080968046856e-07
790,1.771415958821647e-05,1.9526259528321582e-05,1.8120999401051136e-06
791,1.5252250839162676e-05,1.8817504144107123e-05,3.5652533049444472e-06
792,1.8257444118661726e-05,1.8785795705207836e-05,5.283515865461103e-07
793,1.581179161000401e-05,1.9700333885975018e-05,3.888542275971008e-06
794,2.3004679154535533e-05,2.0896316909493505e-05,-2.1083622450420282e-06
795,1.6721728590385897e-05,2.0594918188435033e-05,3.873189598049136e-06
796,1.6679800608104918e-05,1.8587179619878192e-05,1.907379011773274e-06
797,2.122026736853101e-05,2.0432597166495676e-05,-7.876702020353325e-07
798,1.966888156300398e-05,2.0228236564034804e-05,5.593550010308225e-07
799,1.9521714299114267e-05,1.9534912099838528e-05,1.3197800724260391e-08
800,1.879225672494147e-05,1.8838068718210672e-05,4.581199326920342e-08
801,1.5875389628918925e-05,2.2419725456064087e-05,6.544335827145163e-06
802,1.883846925513779e-05,2.207305067631879e-05,3.2345814211809997e-06
803,2.1037994698698817e-05,2.346961270817945e-05,2.431618009480631e-06
804,1.1435289790647785e-05,1.85768441505694e-05,7.141554359921613e-06
805,1.890575847666089e-05,2.139095643775399e-05,2.4851979610931025e-06
806,1.8376769431297337e-05,2.0694045904311868e-05,2.317276473014531e-06
807,1.7611063236731252e-05,1.8958396868737977e-05,1.3473336320067253e-06
808,2.1544900209296804e-05,2.189677807458566e-05,3.518778652888548e-07
809,2.0682301004748287e-05,2.3195600846007264e-05,2.513299841258977e-06
810,2.4688880782947802e-05,2.2382149595024638e-05,-2.3067311879231643e-06
811,1.880447858411865e-05,1.9499066707703855e-05,6.945881235852061e-07
812,1.7849770969769564e-05,2.0089072942014943e-05,2.2393019722453794e-06
813,2.0258249239289893e-05,1.9920389013236584e-05,-3.3786022605330983e-07
814,2.2137624576110992e-05,2.1549496008302004e-05,-5.881285678089888e-07
815,2.3462003502293616e-05,2.3325059944484426e-05,-1.369435578091899e-07
816,1.8822301700563062e-05,2.090931268917353e-05,2.0870109886104686e-06
817,2.160123365212108e-05,2.163138241422099e-05,3.014876209990965e-08
818,1.792526130615259e-05,2.1462562804379075e-05,3.537301498226484e-06
819,2.1106961108008786e-05,2.1139262345036142e-05,3.230123702735644e-08
820,1.9633889314651935e-05,2.1153047264365055e-05,1.51915794971312e-06
821,2.039267040402829e-05,1.8578026225557567e-05,-1.8146441784707211e-06
822,1.997744896671362e-05,1.971879036061434e-05,-2.5865860609928045e-07
823,1.5519448251827968e-05,1.7655673020922317e-05,2.1362247690943497e-06
824,1.4907967867797543e-05,1.956193748292847e-05,4.653969615130927e-06
825,2.075862582580058e-05,1.8260048441375956e-05,-2.498577384424623e-06
826,2.2571162420541976e-05,2.2355124036932982e-05,-2.1603838360899396e-07
827,2.211357853307788e-05,2.317093576125073e-05,1.0573572281728511e-06
828,2.218387116884965e-05,2.0371069017758446e-05,-1.8128021510912023e-06
829,2.0816503292322144e-05,2.136834083872245e-05,5.518375464003052e-07
830,1.8345334429643614e-05,1.8606268336160852e-05,2.609339065172384e-07
831,1.8681902842634224e-05,1.7577417540229955e-05,-1.104485302404269e-06
832,1.97275754660406e-05,2.104442952012067e-05,1.3168540540800705e-06
833,1.9824984027302417e-05,1.841579777292671e-05,-1.4091862543757052e-06
834,1.923746141159826e-05,2.3603293358733028e-05,4.365831947134769e-06
835,2.019634172926571e-05,1.9665407190327574e-05,-5.309345389381347e-07
836,1.9596703403828605e-05,1.8568644024852872e-05,-1.028059378975733e-06
837,2.249742759728497e-05,2.214562240918713e-05,-3.5180518809784113e-07
838,1.9575671879404043e-05,2.0082138331085002e-05,5.064664516809591e-07
839,2.1735335325767988e-05,2.159726322772857e-05,-1.3807209803941647e-07
840,2.2494260869705583e-05,2.43135364305924e-05,1.8192755608868163e-06
841,1.724420268961358e-05,1.8414994199429773e-05,1.1707915098161928e-06
842,1.7350982614117e-05,2.0541567616788023e-05,3.190585002671022e-06
843,2.1094765516599724e-05,1.936145076584128e-05,-1.7333147507584447e-06
844,2.584479335815671e-05,2.1252096424250724e-05,-4.592696933905985e-06
845,2.219542235403566e-05,2.152453155778608e-05,-6.708907962495781e-07
846,2.2728902563661572e-05,2.0776848252758818e-05,-1.952054310902754e-06
847,2.7578366221054563e-05,2.3407946230797433e-05,-4.17041999025713e-06
848,2.0464257388381454e-05,1.903219565500455e-05,-1.4320617333769036e-06
849,1.8740514405691146e-05,1.803642674026925e-05,-7.040876654218972e-07
850,2.087190517077948e-05,2.266730680054415e-05,1.7954016297646688e-06
851,1.8216122559503124e-05,2.1612825286045218e-05,3.3967027265420934e-06
852,2.0127174477339375e-05,1.89762139899882e-05,-1.150960487351174e-06
853,2.4577445356165248e-05,2.1333873051341742e-05,-3.243572304823506e-06
854,1.6075729040227565e-05,1.8488274741809716e-05,2.412545701582151e-06
855,1.995469197299376e-05,2.3016270553863843e-05,3.0615785808700835e-06
856,1.6764818754824055e-05,1.908872038249432e-05,2.3239016276702648e-06
857,1.516683554567184e-05,1.727628959756481e-05,2.1094540518929703e-06
858,2.2721056439261296e-05,1.9125417108992173e-05,-3.5956393302691236e-06
859,2.2960293612511088e-05,2.4597133237587896e-05,1.6368396250768075e-06
860,1.895557481309536e-05,2.1426584088044926e-05,2.4710092749495664e-06
861,1.990998363798453e-05,2.042490518953381e-05,5.149215515492796e-07
862,1.7983507562254203e-05,2.0687018874692272e-05,2.7035113124380693e-06
863,2.208960579145129e-05,2.0555653810815274e-05,-1.533951980636015e-06
864,1.7725265353074207e-05,2.0901010462711178e-05,3.1757451096369705e-06
865,1.8655599529905772e-05,1.8509977976654353e-05,-1.4562155325141936e-07
866,2.3180248750903087e-05,2.1855594014126238e-05,-1.324654736776849e-06
867,1.8819556773825135e-05,1.90151282287599e-05,1.9557145493476468e-07
868,2.3871923669081507e-05,2.1107420550689972e-05,-2.764503118391535e-06
869,1.5922822138975833e-05,2.0105025442030147e-05,4.1822033030543145e-06
870,1.759180482265348e-05,1.6430535324820947e-05,-1.1612694978325326e-06
871,2.0254820878951625e-05,2.1699429940492283e-05,1.444609061540658e-06
872,1.767876252096411e-05,2.0752833623000413e-05,3.0740711020363016e-06
873,2.132083301253653e-05,2.2646298622591024e-05,1.3254656100544945e-06
874,1.9330501161946252e-05,2.026564476958389e-05,9.351436076376397e-07
875,2.313645610033773e-05,2.054037353063033e-05,-2.5960825697074023e-06
876,2.4331677582857997e-05,2.0485408544917505e-05,-3.846269037940492e-06
877,2.483431259855879e-05,2.1397594821172805e-05,-3.4367177773859854e-06
878,1.9539010736427078e-05,1.9349754325424163e-05,-1.8925641100291506e-07
879,1.6058285335757806e-05,2.0560888165077782e-05,4.502602829319976e-06
880,2.1948993965579237e-05,2.2309909505469438e-05,3.609155398902011e-07
881,1.7928649224008295e-05,2.0907449750559205e-05,2.978800526550909e-06
882,2.224308058577919e-05,2.0709666824613526e-05,-1.5334137611656634e-06
883,2.3183301678957123e-05,2.2177974404870858e-05,-1.0053272740862644e-06
884,1.894196861118277e-05,1.9118459053514543e-05,1.764904423317724e-07
885,2.0070505209621526e-05,2.186646144651963e-05,1.7959562368981043e-06
886,1.6636474509871846e-05,2.11678379879275e-05,4.531363478055652e-06
887,2.0580084144454008e-05,2.0509241361288106e-05,-7.084278316590167e-08
888,1.8108359510223983e-05,2.1687984950585262e-05,3.5796254403612794e-06
889,1.7855536812847406e-05,2.142386453147696e-05,3.568327718629554e-06
890,2.2914547618846853e-05,2.2384318317672793e-05,-5.302293011740601e-07
891,1.6425809100465405e-05,1.84759298961187e-05,2.0501207956532947e-06
892,1.626316219328983e-05,1.7604413807976843e-05,1.341251614687015e-06
893,1.8974073945656542e-05,2.0748397811876877e-05,1.7743238662203345e-06
894,1.4996978351268289e-05,1.9986329373684958e-05,4.989351022416669e-06
895,2.2447624786534446e-05,2.051290450416407e-05,-1.934720282370378e-06
896,2.0686490756433285e-05,2.1444672749016387e-05,7.581819925831014e-07
897,2.296392508648198e-05,2.1814929328082873e-05,-1.1489957583991063e-06
898,2.2316603508547415e-05,2.310959525901836e-05,7.929917504709467e-07
899,2.1201066696048687e-05,1.923233477903817e-05,-1.9687319170105184e-06
900,1.986299555743212e-05,2.2217099431744713e-05,2.354103874312592e-06
901,2.3963756774054312e-05,2.070531866291663e-05,-3.2584381111376817e-06
902,2.056666296567584e-05,2.1026550242807262e-05,4.5988727713142303e-07
903,2.233482006691009e-05,2.0537421314275077e-05,-1.7973987526350135e-06
904,2.2135549792640058e-05,2.16212494171544e-05,-5.143003754856596e-07
905,1.492794115576436e-05,2.0365810344689644e-05,5.437869188925284e-06
906,1.7208721179388664e-05,1.9543180951321024e-05,2.3344597719323606e-06
907,2.4767966176798894e-05,2.127723709056891e-05,-3.490729086229983e-06
908,2.72448120351239e-05,2.351903506233118e-05,-3.7257769727927202e-06
909,1.8424115325054423e-05,1.7061158629283094e-05,-1.3629566957713282e-06
910,2.085507869025793e-05,2.03795256038914e-05,-4.755530863665294e-07
911,1.9450293656757682e-05,1.966102423971605e-05,2.1073058295836752e-07
912,1.9598452475787315e-05,1.8621984999058124e-05,-9.764674767291904e-07
913,2.1066377233353676e-05,1.9127379661386946e-05,-1.9389975719667307e-06
914,1.5640298808663237e-05,1.980394537614822e-05,4.163646567484984e-06
915,2.403590560534919e-05,2.5185050890810724e-05,1.1491452854615334e-06
916,1.6929519365303704e-05,2.101543655472198e-05,4.085917189418276e-06
917,1.5886787055971323e-05,1.806022144365886e-05,2.173434387687537e-06
918,1.9347601312287977e-05,1.9176706473589157e-05,-1.708948386988196e-07
919,2.281909976169985e-05,2.0549645201008847e-05,-2.269454560691003e-06
920,2.169123275674876e-05,2.0638090776684138e-05,-1.0531419800646222e-06
921,2.21137826149599e-05,2.2363261717609484e-05,2.494791026495825e-07
922,1.950590284539794e-05,2.3818043456827805e-05,4.312140611429864e-06
923,2.1196498400050565e-05,1.989579562770216e-05,-1.3007027723484037e-06
924,2.4120570381223128e-05,2.1060398676473753e-05,-3.060171704749375e-06
925,1.670409895987056e-05,2.1628326020954157e-05,4.924227061083598e-06
926,2.197184145550002e-05,2.3244606819374598e-05,1.2727653638745799e-06
927,1.7070282602676758e-05,1.9056123111803e-05,1.9858405091262426e-06
928,2.392860689901444e-05,2.036993632025145e-05,-3.5586705787629913e-06
929,2.0205896877602473e-05,2.1686738596262142e-05,1.4808417186596695e-06
930,1.7320146620259726e-05,1.7435209807239082e-05,1.1506318697935563e-07
931,2.442813928547086e-05,2.226935870131551e-05,-2.1587805841553495e-06
932,2.291820179888572e-05,2.3528833492708597e-05,6.106316938228766e-07
933,1.8947699883773752e-05,2.1295984083170426e-05,2.348284199396674e-06
934,2.6310835686907028e-05,2.222381068565916e-05,-4.087025001247868e-06
935,2.0301396531545678e-05,2.156876206720787e-05,1.2673655356621908e-06
936,2.4702035294901572e-05,2.4315121509392114e-05,-3.869137855094581e-07
937,2.1561402215076616e-05,2.2497558334996013e-05,9.361561199193969e-07
938,1.4941243917142965e-05,1.832409175098321e-05,3.382847833840246e-06
939,1.8713818430758883e-05,1.8924062656411618e-05,2.1024422565273538e-07
940,1.7822027963777086e-05,1.994709145887542e-05,2.1250634950983333e-06
941,1.647346339995154e-05,2.0417425141026656e-05,3.943961741075117e-06
942,1.955179402463792e-05,2.252026555002327e-05,2.9684715253853496e-06
943,2.2953278866693343e-05,2.255648451308596e-05,-3.967943536073848e-07
944,2.3451628973545105e-05,2.180898312193764e-05,-1.6426458516074638e-06
945,2.0143093836855312e-05,2.2289674607978897e-05,2.1465807711235852e-06
946,2.2902534874495984e-05,1.9793721157025672e-05,-3.108813717470312e-06
947,1.830674387503573e-05,1.998219586591476e-05,1.6754519908790305e-06
948,2.1536503050868355e-05,2.3627526409786437e-05,2.0910233589180823e-06
949,2.415319288458265e-05,2.0820725414187555e-05,-3.332467470395094e-06
950,2.3361643716706108e-05,2.1892770177373706e-05,-1.4688735393324014e-06
951,2.2508873864051547e-05,2.1181500015817423e-05,-1.3273738482341243e-06
952,2.0985181406818037e-05,2.0876085713320178e-05,-1.0909569349785959e-07
953,2.1088095593211832e-05,1.9057238727624017e-05,-2.0308568655878146e-06
954,2.082483432333747e-05,2.275358982188192e-05,1.9287554985444476e-06
955,2.2158342944718793e-05,2.1673568779230228e-05,-4.847741654885654e-07
956,1.7645409157229668e-05,2.0593073822231413e-05,2.9476646650017455e-06
957,1.8913834162821144e-05,2.0742481631820342e-05,1.8286474689991986e-06
958,1.8549849250764196e-05,1.9826566050390496e-05,1.2767167996263e-06
959,1.978369078433156e-05,1.9867998549916552e-05,8.43077655849909e-08
960,2.0047834976063225e-05,2.1053616449915328e-05,1.0057814738521022e-06
961,1.8463055908599933e-05,1.8353079697958972e-05,-1.0997621064096137e-07
962,1.8342165774067055e-05,2.0411440775349052e-05,2.069275001281997e-06
963,2.056517498285075e-05,2.0008684809859585e-05,-5.564901729911649e-07
964,1.6438870997708773e-05,2.048661582303147e-05,4.047744825322699e-06
965,1.867798851102823e-05,2.2169707280345928e-05,3.4917187693176964e-06
966,2.2095327354781212e-05,2.4285301621581466e-05,2.1899742668002537e-06
967,2.21478246923044e-05,2.0969738490572536e-05,-1.1780862017318636e-06
968,1.8036042879531206e-05,1.921507951794747e-05,1.1790366384162627e-06
969,2.0463009220798133e-05,1.9629944430762075e-05,-8.330647900360583e-07
970,2.151721144751928e-05,2.0857094898843724e-05,-6.601165486755572e-07
971,2.2254566846646218e-05,2.185794211785115e-05,-3.966247287950671e-07
972,2.0155085263246156e-05,2.0910776842565307e-05,7.556915793191504e-07
973,2.0244520353682267e-05,2.2347417767090312e-05,2.102897413408045e-06
974,2.027410147876071e-05,2.2286764852772727e-05,2.0126633740120166e-06
975,2.0086185591238846e-05,2.094191226505728e-05,8.557266738184335e-07
976,1.8616684066262314e-05,1.9547992353210718e-05,9.313082869484038e-07
977,1.9712621085327032e-05,1.7824703568951015e-05,-1.8879175163760172e-06
978,2.0780668535549342e-05,2.3050577869522288e-05,2.269909333972946e-06
979,2.338793531718827e-05,2.0678443019110323e-05,-2.709492298077948e-06
980,1.7194719733343045e-05,1.9833155408537938e-05,2.638435675194893e-06
981,2.198474100177926e-05,2.076378969821703e-05,-1.220951303562229e-06
982,1.9605113281078365e-05,2.1910201535126354e-05,2.3050882540479896e-06
983,2.2004363178656624e-05,2.0734951953939493e-05,-1.2694112247171313e-06
984,1.8992895659235543e-05,1.8196576612463953e-05,-7.963190467715904e-07
985,2.017150784181694e-05,2.0323243947782237e-05,1.5173610596529798e-07
986,1.807975986494345e-05,2.022855097010245e-05,2.1487911051590024e-06
987,2.126778467559233e-05,2.177757739343776e-05,5.097927178454315e-07
988,2.2412249706964055e-05,2.25625240281128e-05,1.5027432114874363e-07
989,1.872641743641784e-05,2.2406167095295024e-05,3.679749658877184e-06
990,1.7397052280133865e-05,2.121528515975454e-05,3.818232879620674e-06
991,2.0844863776746153e-05,2.2766366563742886e-05,1.921502786996733e-06
992,1.9994720401506134e-05,2.007330272619362e-05,7.85823246874852e-08
993,2.057641168881594e-05,2.1643370442365343e-05,1.066958753549404e-06
994,1.7409148674652913e-05,2.0080193565741937e-05,2.671044891089024e-06
995,2.3941422802281772e-05,2.2915158890719104e-05,-1.0262639115626678e-06
996,2.0205217162933422e-05,2.2144741223662652e-05,1.9395240607292296e-06
997,2.2916124042534235e-05,2.0930926075715415e-05,-1.9851979668188197e-06
998,1.7749199779610168e-05,2.0324384045903718e-05,2.57518426629355e-06
999,1.625418140217163e-05,2.0129377243261508e-05,3.875195841089879e-06
1000,2.6878360530565745e-05,2.266680174342751e-05,-4.211558787138235e-06
1001,1.518827742448685e-05,2.121915594374922e-05,6.030878519262371e-06
1002,2.3300266516494672e-05,2.2009055693216463e-05,-1.2912108232782092e-06
1003,1.938850049229188e-05,1.808388867750361e-05,-1.3046118147882675e-06
1004,2.181420422341804e-05,2.4964140900987574e-05,3.1499366775695323e-06
1005,2.150959817771167e-05,1.9725117948231726e-05,-1.784480229479943e-06
1006,2.428708678886103e-05,2.2010503824261226e-05,-2.2765829645998043e-06
1007,1.640207005236425e-05,2.040635920964158e-05,4.00428915727733e-06
1008,1.9415655322146052e-05,2.1672731741091367e-05,2.2570764189453148e-06
1009,1.7830131837163017e-05,1.7302507618211982e-05,-5.276242189510344e-07
1010,1.8031589421829525e-05,1.8966757694933902e-05,9.351682731043777e-07
1011,2.3794813608587342e-05,2.1661291768855192e-05,-2.13352183973215e-06
1012,1.70387863345751e-05,1.8191688922447964e-05,1.1529025878728655e-06
1013,1.733544660061109e-05,1.8513854556154125e-05,1.178407955543036e-06
1014,1.8827158150227182e-05,1.917417869201407e-05,3.470205417868878e-07
1015,2.3215458018346412e-05,2.3196917067531492e-05,-1.854095081491982e-08
1016,2.222936527253721e-05,2.06467263370012e-05,-1.5826389355360094e-06
1017,1.9071917664097957e-05,2.0279507323651242e-05,1.2075896595532853e-06
1018,1.816028004123911e-05,2.2120923948628227e-05,3.9606439073891184e-06
1019,2.450243372225311e-05,2.2112899847257608e-05,-2.389533874995502e-06
1020,2.2007735462623272e-05,2.2485490131815768e-05,4.777546691924964e-07
1021,2.140618696377948e-05,2.205274017120365e-05,6.465532074241688e-07
1022,1.9732620645334788e-05,2.1333884611117167e-05,1.6012639657823788e-06
1023,2.0119528941599686e-05,2.160628461178823e-05,1.4867556701885455e-06
1024,1.940854304575782e-05,2.0740301079620045e-05,1.3317580338622239e-06
1025,2.5703019499790184e-05,2.2505639821195214e-05,-3.1973796785949706e-06
1026,1.9563914981460243e-05,2.0453002206039634e-05,8.890872245793908e-07
1027,2.4699380856491847e-05,1.934669550844682e-05,-5.352685348045028e-06
1028,1.8177808052905176e-05,1.7861650120444093e-05,-3.1615793246108314e-07
1029,1.8573329314981033e-05,1.9683680778682008e-05,1.110351463700975e-06
1030,2.156843510029309e-05,2.0503718806358456e-05,-1.064716293934633e-06
1031,2.5379437149199342e-05,2.132068543869368e-05,-4.058751710505661e-06
1032,1.982415228535166e-05,2.114209830470671e-05,1.3179460193550507e-06
1033,2.7284366472795542e-05,2.3674439291396845e-05,-3.609927181398697e-06
1034,1.989629920754199e-05,1.7728242679404645e-05,-2.168056528137345e-06
1035,2.3787728438612894e-05,2.0044579677531e-05,-3.7431487610818945e-06
1036,1.560367587745837e-05,2.0083028948524497e-05,4.4793530710661266e-06
1037,1.8464145201757578e-05,2.1628353597214023e-05,3.164208395456445e-06
1038,1.8526460081418498e-05,2.0543829923652787e-05,2.0173698422342893e-06
1039,1.9370941632360727e-05,2.1607251715720558e-05,2.236310083359831e-06
1040,2.1852471589467855e-05,1.9408172334856537e-05,-2.4442992546113177e-06
1041,1.7913710230761897e-05,2.440886545990349e-05,6.4951552291415945e-06
1042,1.6736412100824267e-05,1.710144631367102e-05,3.650342128467525e-07
1043,1.968066046427177e-05,2.0238523627740395e-05,5.578631634686266e-07
1044,2.6360891436198518e-05,2.4347727550413703e-05,-2.013163885784815e-06
1045,2.09064064943709e-05,1.828555977682259e-05,-2.620846717548311e-06
1046,1.796542706113847e-05,1.9892361932866942e-05,1.926934871728474e-06
1047,2.5844193782416158e-05,2.363750905259402e-05,-2.2066847298221373e-06
1048,2.0326101588164423e-05,2.1248675572830707e-05,9.225739846662837e-07
1049,2.1954781009183924e-05,2.0471072493880017e-05,-1.4837085153039073e-06
1050,2.0711144823055057e-05,2.3828554980850517e-05,3.117410157795461e-06
1051,1.963212748706504e-05,1.819551975505814e-05,-1.4366077320069012e-06
1052,2.2091594906700476e-05,2.2695167704264675e-05,6.035727975641993e-07
1053,2.1571975215656873e-05,2.069089243393824e-05,-8.810827817186346e-07
1054,1.7548604245077024e-05,2.128027323797554e-05,3.731668992898515e-06
1055,2.182213472204245e-05,2.049817812807827e-05,-1.323956593964181e-06
1056,1.8437230101404957e-05,1.9382379306028682e-05,9.451492046237252e-07
1057,2.104218883857537e-05,2.1651932890866034e-05,6.097440522906632e-07
1058,2.0818649785585787e-05,2.2114831685081297e-05,1.2961818994955093e-06
1059,2.4399025591809137e-05,2.232164790881814e-05,-2.0773776829909955e-06
1060,1.724672687657729e-05,2.0410434093973552e-05,3.1637072173962616e-06
1061,1.785177430548071e-05,1.8275015570288457e-05,4.232412648077461e-07
1062,2.3907394652911794e-05,2.0140164923205613e-05,-3.7672297297061814e-06
1063,2.18120797635813e-05,2.4159774591711604e-05,2.347694828130304e-06
1064,2.445111788861689e-05,2.0193963998640443e-05,-4.257153889976449e-06
1065,1.9613767180978864e-05,1.8532640446374676e-05,-1.0811267346041872e-06
1066,2.3567969791859858e-05,2.235311525236363e-05,-1.2148545394962279e-06
1067,1.8290217391651978e-05,1.974260277484767e-05,1.4523853831956916e-06
1068,2.1110676697432033e-05,2.10322764097991e-05,-7.840028763293335e-08
1069,2.1669910710485085e-05,2.0936273863627703e-05,-7.336368468573821e-07
1070,2.074982206186525e-05,2.242145398706761e-05,1.6716319252023594e-06
1071,2.010958192339517e-05,1.8654320374797205e-05,-1.4552615485979639e-06
1072,1.844133074031733e-05,1.9792415728337927e-05,1.3510849880205963e-06
1073,1.960345278237734e-05,1.8450240653805668e-05,-1.1532121285716703e-06
1074,1.778313297822457e-05,1.7199074690039756e-05,-5.840582881848153e-07
1075,1.719005155156231e-05,1.978749609091127e-05,2.597444539348958e-06
1076,2.2254588460200596e-05,2.2469375822652002e-05,2.1478736245140646e-07
1077,1.9468268648518017e-05,1.941049078578299e-05,-5.7777862735025604e-08
1078,2.5172303240418187e-05,2.168139725381576e-05,-3.490905986602426e-06
1079,2.3112389847952126e-05,2.1731995947104195e-05,-1.3803939008479306e-06
1080,1.724497843365344e-05,2.0366552385087142e-05,3.121573951433702e-06
1081,1.8762738980051225e-05,1.954411500456012e-05,7.81376024508895e-07
1082,2.3387637393653986e-05,2.5808726580404147e-05,2.421089186750161e-06
1083,2.267128498405838e-05,2.152553473904004e-05,-1.145750245018339e-06
1084,2.0778617727681842e-05,1.9778994925803222e-05,-9.996228018786202e-07
1085,1.7944368310332377e-05,2.1656960603557525e-05,3.712592293225148e-06
1086,2.020233025153381e-05,2.0305064073120066e-05,1.0273382158625655e-07
1087,2.0813107113141198e-05,2.1929253025947863e-05,1.1161459128066658e-06
1088,2.3530826582709617e-05,2.0056669222473247e-05,-3.4741573602363705e-06
1089,1.5438543447353243e-05,2.0679890839372094e-05,5.241347392018851e-06
1090,1.972392419836858e-05,1.8073642357375314e-05,-1.650281840993265e-06
1091,1.9182204767326888e-05,1.8046031071095773e-05,-1.1361736962311152e-06
1092,2.013562908083364e-05,2.0377185637135213e-05,2.415565563015741e-07
1093,1.9770395042888635e-05,2.1338131532423772e-05,1.5677364895351367e-06
1094,2.3654122680540877e-05,2.373128841297774e-05,7.716573243686113e-08
1095,2.160649649236627e-05,2.0428286715170274e-05,-1.1782097771959952e-06
1096,1.7824564132395404e-05,2.1563009832587384e-05,3.7384457001919807e-06
1097,2.156401590796009e-05,2.2738676241268716e-05,1.1746603333086249e-06
1098,2.075533819273427e-05,1.804506853416007e-05,-2.7102696585742e-06
1099,1.9407065621840494e-05,2.1297387338996434e-05,1.8903217171559407e-06
1100,1.513807188449028e-05,1.9422863055299114e-05,4.284791170808834e-06
1101,2.077036893054374e-05,2.0748540376078355e-05,-2.182855446538571e-08
1102,2.0770826743602336e-05,1.888584902392664e-05,-1.8849777196756959e-06
1103,2.253697303828285e-05,2.202620767372005e-05,-5.107653645628004e-07
1104,1.9680622766926598e-05,2.014790570127149e-05,4.672829343448922e-07
1105,1.9209005359639414e-05,1.8865017999906195e-05,-3.439873597332188e-07
1106,1.8810650863699238e-05,2.189072716736996e-05,3.0800763036707227e-06
1107,2.019635653918886e-05,1.8185486221378518e-05,-2.0108703178103423e-06
1108,1.8334690127806123e-05,2.3141772045301693e-05,4.80708191749557e-06
1109,1.690474047391325e-05,2.0348772343039742e-05,3.4440318691264915e-06
1110,2.550980142098489e-05,2.16475446041452e-05,-3.86225681683969e-06
1111,2.4800451321023827e-05,2.0176156965223647e-05,-4.62429435580018e-06
1112,2.1325631757933778e-05,2.191789646927954e-05,5.922647113457629e-07
1113,1.856628047803597e-05,1.9214100601061257e-05,6.478201230252867e-07
1114,2.229959147147178e-05,2.051490307461198e-05,-1.7846883968598018e-06
1115,2.0963429664515666e-05,2.1261964547603015e-05,2.985348830873488e-07
1116,2.56824558429198e-05,2.1004791517156398e-05,-4.677664325763402e-06
1117,1.965568670604576e-05,2.126145211805868e-05,1.605765412012921e-06
1118,2.2990994604230486e-05,2.1544543988664237e-05,-1.4464506155662497e-06
1119,2.2043515350761454e-05,1.8398625948352456e-05,-3.6448894024089982e-06
1120,2.153677774627423e-05,2.188167365871603e-05,3.448959124418008e-07
1121,2.3951081786485744e-05,2.3162446106279168e-05,-7.886356802065763e-07
1122,1.637083473582855e-05,1.8705870268425355e-05,2.335035532596807e-06
1123,1.7579690799468716e-05,2.093410073040992e-05,3.354409930941204e-06
1124,2.335341217426742e-05,2.148950378842242e-05,-1.8639083858449978e-06
1125,1.890486903212406e-05,2.2162828641045462e-05,3.2579596089214007e-06
1126,1.754051956870058e-05,1.6646461685030687e-05,-8.940578836698949e-07
1127,2.471226150511804e-05,2.0336028614453925e-05,-4.376232890664114e-06
1128,2.2045290919465214e-05,2.2434276000324624e-05,3.889850808594099e-07
1129,1.8384599305433925e-05,2.0853025494994853e-05,2.468426189560928e-06
1130,1.82523623562128e-05,2.1120305096771897e-05,2.867942740559098e-06
1131,1.5943366952665654e-05,2.0629962806519822e-05,4.686595853854168e-06
1132,1.8286246273369777e-05,2.012662112432609e-05,1.8403748509563114e-06
1133,1.6889550829391594e-05,1.896837249281641e-05,2.0788216634248156e-06
1134,1.8780090904752096e-05,1.9909261133296236e-05,1.12917022854414e-06
1135,2.1345814566172173e-05,1.926995327805622e-05,-2.0758612881159546e-06
1136,2.2170971311831875e-05,2.348666633426549e-05,1.3156950224336147e-06
1137,2.3986212623862727e-05,2.173803111297922e-05,-2.2481815108835087e-06
1138,1.4855087956980172e-05,1.9320022774066342e-05,4.46493481708617e-06
1139,1.8012616037867626e-05,2.0151357731879496e-05,2.1387416940118705e-06
1140,2.1170943924676516e-05,2.0514691077018257e-05,-6.562528476582587e-07
1141,2.098315729188015e-05,1.9173344488013793e-05,-1.8098128038663563e-06
1142,1.3046135065718094e-05,1.6488155285430316e-05,3.4420202197122217e-06
1143,1.4182509745142588e-05,1.6583128310226858e-05,2.4006185650842694e-06
1144,2.14350594345696e-05,2.1347417178365e-05,-8.76422562045972e-08
1145,2.12578587726713e-05,2.0110408284223513e-05,-1.1474504884477852e-06
1146,2.1456942522233962e-05,2.0773784969407928e-05,-6.83157552826034e-07
1147,2.2048564800762674e-05,2.3323224560215624e-05,1.2746597594529501e-06
1148,1.8086578060099932e-05,1.9984214814902984e-05,1.897636754803052e-06
1149,2.1031959322698827e-05,1.8081421236156015e-05,-2.950538086542812e-06
1150,2.1308030801660467e-05,1.9053961713891678e-05,-2.2540690877687895e-06
1151,2.166263014486985e-05,1.977442532283473e-05,-1.8882048220351221e-06
1152,1.8933011754747806e-05,2.291250135319647e-05,3.9794895984486635e-06
1153,2.1548391813356415e-05,2.4082070557889796e-05,2.533678744533381e-06
1154,2.2486292494173868e-05,1.9458503375268693e-05,-3.0277891189051756e-06
1155,1.7653223105986467e-05,2.1628143601960493e-05,3.974920495974026e-06
1156,1.600821441354669e-05,1.8459198522953604e-05,2.4509841094069127e-06
1157,2.1523635467754393e-05,2.169448956861046e-05,1.7085410085606684e-07
1158,2.4832997705827157e-05,2.310316011804374e-05,-1.7298375877834157e-06
1159,2.097565888238223e-05,2.0732426421916492e-05,-2.432324604657369e-07
1160,1.923061820004151e-05,2.147580882721413e-05,2.2451906271726195e-06
1161,2.0976837673964926e-05,2.0024862307764114e-05,-9.519753662008122e-07
1162,2.1612351120402443e-05,2.1723896873862573e-05,1.1154575346013028e-07
1163,1.9679269894118298e-05,2.2343731066208573e-05,2.6644611720902758e-06
1164,1.8119673123620117e-05,1.987476590073726e-05,1.7550927771171445e-06
1165,1.6475912310681696e-05,1.8971274883916558e-05,2.4953625732348623e-06
1166,2.2147459683596895e-05,2.078776096039735e-05,-1.359698723199547e-06
1167,2.2265847475138248e-05,2.3245444045798644e-05,9.795965706603968e-07
1168,1.652954302728687e-05,2.152935651113015e-05,4.99981348384328e-06
1169,2.1063636418349828e-05,2.1357573522661273e-05,2.939371043114453e-07
1170,1.8845139398944868e-05,2.2573040880910584e-05,3.727901481965716e-06
1171,1.7830600562495747e-05,1.9932067303335995e-05,2.1014667408402475e-06
1172,1.8503539563691946e-05,1.8703257866140428e-05,1.9971830244848242e-07
1173,2.2247815483791855e-05,1.9424080520577567e-05,-2.823734963214288e-06
1174,2.0484792653046047e-05,2.1094047813572605e-05,6.092551605265583e-07
1175,1.7590069757385428e-05,1.8095639363512504e-05,5.055696061270761e-07
1176,2.171243057746606e-05,1.8872428330957168e-05,-2.840002246508894e-06
1177,2.2004240010912188e-05,2.2880377446304583e-05,8.761374353923951e-07
1178,1.981601086210975e-05,1.9576283080456977e-05,-2.397277816527722e-07
1179,2.5516441083311383e-05,2.3808244121774438e-05,-1.7081969615369455e-06
1180,1.9730367256197475e-05,1.9728517661806553e-05,-1.8495943909216297e-09
1181,1.8116917487185815e-05,1.9605617481303054e-05,1.4886999941172391e-06
1182,1.6498935674829856e-05,1.8195535362089097e-05,1.6965996872592406e-06
1183,2.3871549050730183e-05,2.130091199692348e-05,-2.570637053806704e-06
1184,1.7983611846190683e-05,2.057579173075913e-05,2.592179884568448e-06
1185,2.0921190050967837e-05,2.136384074658833e-05,4.4265069562049355e-07
1186,2.175875097523418e-05,2.074115337271079e-05,-1.0175976025233924e-06
1187,1.6955146104290697e-05,2.4258410490596647e-05,7.30326438630595e-06
1188,2.4086264556993625e-05,2.2947752691883602e-05,-1.1385118651100223e-06
1189,1.7724250791189433e-05,2.2761247450286794e-05,5.0369966590973614e-06
1190,1.9996761635201006e-05,2.2737261649585715e-05,2.7405000143847085e-06
1191,2.0931041578068686e-05,2.0681470759297505e-05,-2.495708187711811e-07
1192,1.9582092301730624e-05,2.188856607156798e-05,2.306473769837358e-06
1193,2.3747953232343518e-05,2.2974917937099806e-05,-7.730352952437116e-07
1194,1.6857753065600165e-05,1.813263274661752e-05,1.2748796810173554e-06
1195,1.9463207100380776e-05,2.1046349838689974e-05,1.5831427383091975e-06
1196,1.9716524811532752e-05,2.2413543647701608e-05,2.697018836168856e-06
1197,2.248730893424844e-05,2.2181719681430373e-05,-3.055892528180666e-07
1198,2.309412208042361e-05,2.20196182778522e-05,-1.0745038025714115e-06
1199,2.001079375861893e-05,1.9013676112937103e-05,-9.971176456818256e-07
1200,2.087316752241623e-05,2.1933619136441512e-05,1.0604516140252834e-06
1201,2.2639101364571794e-05,2.174559683076857e-05,-8.935045338032246e-07
1202,2.0694136207701302e-05,2.226600780147839e-05,1.5718715937770874e-06
1203,2.2410758315227368e-05,2.098705774095427e-05,-1.4237005742730963e-06
1204,2.1439637680868873e-05,2.07670242736872e-05,-6.726134071816735e-07
1205,2.066495130191391e-05,2.2395469738147012e-05,1.7305184362331036e-06
1206,2.2798074878546727e-05,2.2962691294931317e-05,1.6461641638459057e-07
1207,2.4780377565611984e-05,2.1181233119968627e-05,-3.5991444456433573e-06
1208,2.0749559316862215e-05,1.99905420915298e-05,-7.590172253324147e-07
1209,2.306150745642404e-05,2.0899009337418304e-05,-2.1624981190057366e-06
1210,1.899461502488709e-05,1.9929556041639468e-05,9.349410167523794e-07
1211,1.8724991735938183e-05,2.1256155036087573e-05,2.5311633001493902e-06
1212,2.3530736481279513e-05,2.2297718456934184e-05,-1.2330180243453286e-06
1213,2.1748938540603385e-05,1.9667777065473596e-05,-2.081161475129789e-06
1214,1.6011687992385806e-05,1.8217718950137937e-05,2.2060309577521315e-06
1215,2.4295240460516215e-05,2.12106103439315e-05,-3.0846301165847133e-06
1216,1.7602083375119883e-05,1.8559176599430225e-05,9.570932243103424e-07
1217,2.126008453262957e-05,1.8922516353661976e-05,-2.3375681789675944e-06
1218,2.2129983760329828e-05,2.239530668710482e-05,2.65322926774993e-07
1219,2.126508941673371e-05,2.253789768607556e-05,1.2728082693418516e-06
1220,1.7601598858436646e-05,1.8718733385697643e-05,1.1171345272609974e-06
1221,2.43017826415575e-05,2.011908665550761e-05,-4.182695986049888e-06
1222,1.9434700253521378e-05,1.937796657310086e-05,-5.673368042051884e-08
1223,2.3423280021988354e-05,2.1684738941507597e-05,-1.7385410804807567e-06
1224,1.826392140287999e-05,2.2233010191579882e-05,3.969088788699892e-06
1225,2.293022112652045e-05,2.3312540098318333e-05,3.823189717978822e-07
1226,2.227038719529992e-05,2.3191889564229856e-05,9.215023689299368e-07
1227,2.3175258302913036e-05,2.1776075980376324e-05,-1.3991823225367115e-06
1228,2.5033360293643518e-05,2.160652578634307e-05,-3.4268345073004484e-06
1229,2.2581848000429885e-05,2.1274730763474848e-05,-1.3071172369550373e-06
1230,2.1721171568738936e-05,1.9829715820553727e-05,-1.8914557481852093e-06
1231,2.2567871851677956e-05,2.1616499774044687e-05,-9.513720776332691e-07
1232,1.7524576287454223e-05,1.9126230190456722e-05,1.6016539030024992e-06
1233,1.988789043384005e-05,1.8937980495921168e-05,-9.499099379188816e-07
1234,1.978343672722976e-05,1.86099042996641e-05,-1.1735324275656595e-06
1235,1.9720172694914054e-05,2.1001801734193436e-05,1.2816290392793817e-06
1236,2.092522336843817e-05,2.0127349920976213e-05,-7.978734474619569e-07
1237,2.7532097618487763e-05,2.4850682810171124e-05,-2.6814148083166393e-06
1238,2.5161750127389513e-05,2.1342216196000948e-05,-3.819533931388565e-06
1239,2.0762855509403176e-05,2.2856897677116827e-05,2.0940421677136506e-06
1240,2.1974852647113003e-05,2.0421346824994044e-05,-1.5535058221189588e-06
1241,2.7126713140978573e-05,2.5969801637559164e-05,-1.1569115034194082e-06
1242,2.0328645945063462e-05,1.895726655163872e-05,-1.3713793934247415e-06
1243,2.1653244312467298e-05,1.930376444006796e-05,-2.3494798723993387e-06
1244,1.8537415388233822e-05,2.1762389985112128e-05,3.2249745968783065e-06
1245,2.0873785258291536e-05,1.9722402111205687e-05,-1.151383147085849e-06
1246,2.2563180980015507e-05,2.3072315997365887e-05,5.091350173503796e-07
1247,2.02267995976574e-05,2.1156788131730738e-05,9.299885340733383e-07
1248,2.3266566864757056e-05,2.349061963826627e-05,2.2405277350921228e-07
1249,1.8439711241642578e-05,1.9111865035191027e-05,6.721537935484493e-07
1250,1.993253276608938e-05,2.2154739759930208e-05,2.2222069938408267e-06
1251,2.0756002727582692e-05,2.24214537529638e-05,1.6654510253811073e-06
1252,1.9297030333446426e-05,2.1478317126583803e-05,2.1812867931373765e-06
1253,2.0889772571458673e-05,2.3247566590843263e-05,2.3577940193845895e-06
1254,2.0334870630875992e-05,2.3883217091815622e-05,3.5483464609396297e-06
1255,2.825369118493242e-05,2.2304065509109115e-05,-5.949625675823306e-06
1256,2.0535760632300268e-05,2.222839808697994e-05,1.6926374546796722e-06
1257,2.0686026815482026e-05,1.9511066220050937e-05,-1.174960595431089e-06
1258,1.2111170461332007e-05,2.019454414225667e-05,8.083373680924664e-06
1259,2.2897267772386327e-05,2.3867215445474165e-05,9.699476730878376e-07
1260,2.453795742896544e-05,2.2597218451216765e-05,-1.9407389777486748e-06
1261,2.1591374929506245e-05,1.997799768707165e-05,-1.6133772424345964e-06
1262,1.948526579187242e-05,2.2520606301619344e-05,3.0353405097469254e-06
1263,2.3408172060557974e-05,2.0859127879615657e-05,-2.5490441809423168e-06
1264,2.0383199500100865e-05,2.154079053548884e-05,1.1575910353879753e-06
1265,1.7734496124663782e-05,1.9223169589764268e-05,1.4886734651004865e-06
1266,1.7610555798649166e-05,1.8762128430332803e-05,1.1515726316836374e-06
1267,1.969157787047681e-05,1.8837362068033672e-05,-8.542158024431377e-07
1268,1.5644804188875358e-05,1.74349208658554e-05,1.7901166769800433e-06
1269,2.1734216570570734e-05,2.024824721668449e-05,-1.4859693538862429e-06
1270,1.6347002962461024e-05,1.8125528639884505e-05,1.7785256774234816e-06
1271,2.0325293290752557e-05,1.8862748276576223e-05,-1.4625450141763345e-06
1272,1.9217382122112614e-05,2.0544275111757172e-05,1.326892989644558e-06
1273,1.2923522516370468e-05,1.9037529797246144e-05,6.114007280875677e-06
1274,2.1209035209154277e-05,1.9658539331490886e-05,-1.5504958776633911e-06
1275,1.8226818640846685e-05,1.86792458636964e-05,4.524272228497163e-07
1276,2.0250817669497104e-05,2.1822974752061844e-05,1.5721570825647405e-06
1277,1.878494259603473e-05,1.7724716445865398e-05,-1.060226150169331e-06
1278,2.0921211021455076e-05,2.255454939728728e-05,1.6333383758322057e-06
1279,2.017498823949907e-05,2.1198862619340453e-05,1.0238743798413824e-06
1280,2.2927524537786015e-05,2.0152316798251944e-05,-2.7752077395340707e-06
1281,2.029235940366322e-05,1.8386938684764307e-05,-1.9054207188989141e-06
1282,2.4857671898641918e-05,2.3138597930689134e-05,-1.7190739679527836e-06
1283,2.275491406703524e-05,2.0602144976682627e-05,-2.152769090352614e-06
1284,2.4116898900859764e-05,2.02217734791842e-05,-3.895125421675564e-06
1285,1.8535439648065794e-05,1.8888734678597438e-05,3.5329503053164324e-07
1286,2.002980216337131e-05,2.114405542710118e-05,1.1142532637298697e-06
1287,2.0269025189428145e-05,2.3312891329752963e-05,3.043866140324818e-06
1288,2.0019426727814603e-05,2.0247467087951654e-05,2.2804036013705168e-07
1289,2.1202103908866508e-05,2.0840525029310992e-05,-3.6157887955551575e-07
1290,2.2720775496268895e-05,2.0438405515165734e-05,-2.2823699811031608e-06
1291,2.242242504938045e-05,2.002509240812994e-05,-2.39733264125051e-06
1292,2.1865119313467162e-05,2.2226953370868606e-05,3.6183405740144433e-07
1293,2.618492380355014e-05,2.2017237516795958e-05,-4.167686286754181e-06
1294,2.3073119891736937e-05,2.1848470118122486e-05,-1.2246497736144514e-06
1295,2.2749961487919815e-05,2.3794689057977214e-05,1.0447275700573994e-06
1296,1.904890912013884e-05,1.8518558740623987e-05,-5.303503795148543e-07
1297,1.6987858611146623e-05,2.21199176078728e-05,5.132058996726176e-06
1298,1.8605148412605294e-05,2.0272201682647998e-05,1.6670532700427038e-06
1299,2.0458061025405344e-05,2.21071302212311e-05,1.6490691958257565e-06
1300,2.0618818932352552e-05,2.2481534952895482e-05,1.8627160205429295e-06
1301,1.5833391009324876e-05,1.9029333679526532e-05,3.195942670201656e-06
1302,1.671772261857374e-05,2.304116324863729e-05,6.323440630063551e-06
1303,2.3128180824076456e-05,2.1224360843867135e-05,-1.9038199802093208e-06
1304,1.937677361965988e-05,1.9986702890147034e-05,6.099292704871561e-07
1305,2.347852741885195e-05,2.1155829188757438e-05,-2.322698230094513e-06
1306,2.3856469501253674e-05,2.268661817083467e-05,-1.1698513304190042e-06
1307,1.789515826533972e-05,1.8967845015482788e-05,1.0726867501430667e-06
1308,1.858560912000772e-05,1.9924814894640323e-05,1.3392057746326021e-06
1309,1.8195730166302147e-05,1.752047604862073e-05,-6.75254117681419e-07
1310,1.8275677595273216e-05,1.9355668859612702e-05,1.079991264339486e-06
1311,2.146160018420203e-05,2.239434242367377e-05,9.327422394717389e-07
1312,2.0523361459939623e-05,2.1159721140365574e-05,6.363596804259515e-07
1313,2.0185723246076897e-05,2.111276299598771e-05,9.270397499108144e-07
1314,2.4162093333737596e-05,2.4591428358242373e-05,4.2933502450477685e-07
1315,2.0785493130135496e-05,2.0374791782424265e-05,-4.107013477112316e-07
1316,1.9746359898046522e-05,1.851964926035883e-05,-1.2267106376876908e-06
1317,1.8937169284242174e-05,1.796708821602714e-05,-9.700810682150335e-07
1318,2.4247975620519834e-05,2.1782316275704756e-05,-2.4656593448150785e-06
1319,1.9122556386625402e-05,2.0896213671344582e-05,1.7736572847191802e-06
1320,2.1355564849962266e-05,2.1363719303798157e-05,8.154453835891112e-09
1321,2.2267324090959953e-05,1.8247233766596175e-05,-4.020090324363778e-06
1322,1.9240253660880012e-05,2.129521808862509e-05,2.054964427745077e-06
1323,2.8093481502282612e-05,2.2679903951789426e-05,-5.413577550493186e-06
1324,2.034164478867017e-05,2.2190609435802397e-05,1.8489646471322267e-06
1325,1.7344610577378278e-05,2.1727464397512853e-05,4.3828538201345755e-06
1326,2.5664667459953637e-05,2.145849818445089e-05,-4.206169275502747e-06
1327,1.6215563642759154e-05,1.759273529332135e-05,1.3771716505621965e-06
1328,2.0183324936452795e-05,1.9904320327207926e-05,-2.7900460924486906e-07
1329,2.4534108524405092e-05,2.130473468612909e-05,-3.2293738382760016e-06
1330,2.299471231740667e-05,2.309706769856236e-05,1.0235538115568963e-07
1331,2.1702989905455844e-05,2.1061228975224002e-05,-6.417609302318421e-07
1332,2.161964222399896e-05,2.1424273467817754e-05,-1.9536875618120705e-07
1333,2.0265895243656357e-05,2.1564378336641156e-05,1.2984830929847982e-06
1334,2.6901849473778665e-05,2.1434054108907725e-05,-5.46779536487094e-06
1335,2.1415072613356887e-05,2.0782347878019602e-05,-6.327247353372846e-07
1336,2.4146810718007774e-05,2.2388996329808935e-05,-1.7578143881988389e-06
1337,1.8584758710799895e-05,1.8568281189256798e-05,-1.6477521543097892e-08
1338,1.9039875373683308e-05,2.0400326266079022e-05,1.3604508923957136e-06
1339,1.7248372223660343e-05,1.9472836717598872e-05,2.224464493938529e-06
1340,2.0033734785513253e-05,2.166092549930307e-05,1.6271907137898158e-06
1341,1.8395861862828714e-05,1.942751729295421e-05,1.0316554301254948e-06
1342,2.1440838610032658e-05,1.9124080649272547e-05,-2.316757960760111e-06
1343,1.7434956529848854e-05,2.0724735490600308e-05,3.289778960751454e-06
1344,2.639726807501352e-05,2.1334273805296676e-05,-5.062994269716845e-06
1345,1.5553807251016075e-05,2.0442152700230026e-05,4.888345449213951e-06
1346,1.9695648995643773e-05,2.000882346595504e-05,3.131744703112674e-07
1347,1.9542657019334897e-05,2.455632135621801e-05,5.013664336883113e-06
1348,1.9164429951215006e-05,1.842626920241217e-05,-7.381607488028376e-07
1349,2.438241738645107e-05,1.9392320294995377e-05,-4.990097091455692e-06
1350,2.327877580847815e-05,2.227106092104008e-05,-1.0077148874380677e-06
1351,1.6017492399002986e-05,1.9417789711069576e-05,3.4002973120665894e-06
1352,1.6599289300861778e-05,1.910472746564328e-05,2.5054381647815003e-06
1353,2.0571140801472586e-05,2.0320971425202684e-05,-2.501693762699024e-07
1354,2.562838197026118e-05,2.184743547660608e-05,-3.7809464936551e-06
1355,1.7704423464182053e-05,2.1374051577986703e-05,3.6696281138046493e-06
1356,1.6819549712630616e-05,2.1277894761803362e-05,4.458345049172747e-06
1357,1.7329478456529587e-05,2.039793897646621e-05,3.0684605199366227e-06
1358,2.1110676697432033e-05,2.10322764097991e-05,-7.840028763293335e-08
1359,1.8572896132853224e-05,2.031159690226955e-05,1.7387007694163274e-06
1360,2.4200797128259324e-05,2.1251586213864205e-05,-2.949210914395119e-06
1361,1.8599338952861963e-05,2.115303938043935e-05,2.553700427577389e-06
1362,2.741388196353766e-05,2.2659414839818565e-05,-4.754467123719096e-06
1363,1.962310337088882e-05,2.038283074765408e-05,7.59727376765262e-07
1364,2.0701289363503364e-05,1.9437290635895176e-05,-1.2639987276081877e-06
1365,2.3933463278644237e-05,2.355204977713438e-05,-3.8141350150985626e-07
1366,2.5507438552820854e-05,2.0393960809595072e-05,-5.113477743225781e-06
1367,1.7580565898560628e-05,1.7423959431133088e-05,-1.5660646742754006e-07
1368,1.3039311652602686e-05,1.8130565395286678e-05,5.091253742683992e-06
1369,2.1472213560959363e-05,1.9025610295665158e-05,-2.446603265294205e-06
1370,1.8870624709541496e-05,2.2478781250742976e-05,3.6081565412014797e-06
1371,2.1777215084294574e-05,2.2216482126488173e-05,4.3926704219359854e-07
1372,2.012332171058294e-05,2.1372027484784398e-05,1.248705774201457e-06
1373,2.634247937041365e-05,2.2870712198113624e-05,-3.471767172300026e-06
1374,1.9651861974922936e-05,2.210700337154914e-05,2.455141396626205e-06
1375,2.111353615311869e-05,1.9850705659949786e-05,-1.2628304931689038e-06
1376,1.9064276848316786e-05,2.1125318002454053e-05,2.061041154137267e-06
1377,2.0199526739801673e-05,2.149362578453364e-05,1.2940990447319681e-06
1378,2.1054688272473383e-05,1.9239990829428944e-05,-1.8146974430444386e-06
1379,2.319671823561003e-05,1.9089727797511076e-05,-4.106990438098955e-06
1380,1.778821262908334e-05,1.981217469455781e-05,2.02396206547447e-06
1381,1.955691437817463e-05,2.0346407120676958e-05,7.894927425023269e-07
1382,2.5178910644288145e-05,2.2372748405452105e-05,-2.80616223883604e-06
1383,2.221670705249747e-05,2.371906825372424e-05,1.5023612012267723e-06
1384,1.720234426519784e-05,2.0975840700832566e-05,3.773496435634726e-06
1385,2.1869655795588942e-05,2.042926056639132e-05,-1.4403952291976223e-06
1386,2.091526388468833e-05,1.907756670789668e-05,-1.837697176791649e-06
1387,2.556073857627792e-05,2.452582946004792e-05,-1.034909116229997e-06
1388,2.2837398428672126e-05,2.1805539344103896e-05,-1.0318590845682308e-06
1389,2.1979304322881437e-05,1.9323960591488942e-05,-2.655343731392495e-06
1390,2.1147169817679368e-05,2.1787811059104758e-05,6.406412414253904e-07
1391,2.4109975058323134e-05,2.1464912490130497e-05,-2.6450625681926374e-06
1392,1.6910463096007978e-05,2.169319882139105e-05,4.782735725383071e-06
1393,2.4648558538366018e-05,2.2947243789967887e-05,-1.7013147483981307e-06
1394,2.0398863470491285e-05,2.146478949963537e-05,1.0659260291440834e-06
1395,1.954563895366128e-05,1.894880115985791e-05,-5.968377938033694e-07
1396,1.7181853265936115e-05,1.932369468491614e-05,2.1418414189800252e-06
1397,2.172858005786394e-05,2.1311068264284277e-05,-4.175117935796633e-07
1398,2.389740126840261e-05,2.1365126804591912e-05,-2.5322744638106966e-06
1399,2.2386198181768897e-05,2.0053971124623224e-05,-2.3322270571456724e-06
1400,2.3435531009307805e-05,2.0545533436657053e-05,-2.889997572650752e-06
1401,1.973509006221342e-05,2.024775017316544e-05,5.12660110952019e-07
1402,2.094093134477492e-05,1.9517906477954842e-05,-1.4230248668200795e-06
1403,1.610970747956917e-05,1.9299010231583175e-05,3.1893027520140065e-06
1404,1.696014719602551e-05,1.7091292062473e-05,1.3114486644749112e-07
1405,1.8914012344128482e-05,2.1346054642461788e-05,2.4320422983333063e-06
1406,2.6268391871270788e-05,2.733002389576244e-05,1.0616320244916538e-06
1407,2.103176081104701e-05,2.175932943462266e-05,7.275686235756493e-07
1408,2.496418513292113e-05,2.2198431766336998e-05,-2.765753366584131e-06
1409,2.2032937273318103e-05,2.1495435213627693e-05,-5.375020596904101e-07
1410,1.9314525107383755e-05,2.216344404323906e-05,2.848918935855304e-06
1411,2.2689300407535855e-05,2.37794068700113e-05,1.0901064624754437e-06
1412,2.2145128491412367e-05,2.2798163140555245e-05,6.530346491428777e-07
1413,1.617503699549527e-05,2.0063716055088783e-05,3.888679059593513e-06
1414,2.2955651338987756e-05,2.2047625688291025e-05,-9.080256506967313e-07
1415,2.2454085765887192e-05,2.176276643661195e-05,-6.913193292752423e-07
1416,2.198382307469783e-05,1.968354943890434e-05,-2.3002736357934894e-06
1417,1.8586746847108637e-05,2.043864010551974e-05,1.8518932584111031e-06
1418,1.7384645310592046e-05,2.0474506980614697e-05,3.0898616700226504e-06
1419,1.92907945407055e-05,2.0813536790027154e-05,1.522742249321654e-06
1420,1.749470350165256e-05,1.9388400912310923e-05,1.8936974106583613e-06
1421,1.9224136859138264e-05,1.8877733453382538e-05,-3.4640340575572634e-07
1422,1.8295478512574413e-05,1.8807650806708852e-05,5.12172294134439e-07
1423,1.9740562925862463e-05,1.974200533966032e-05,1.4424137978560241e-09
1424,2.120104154592013e-05,2.278557570045604e-05,1.5845341545359108e-06
1425,1.5692329058529717e-05,1.7593869838065975e-05,1.9015407795362576e-06
1426,2.265672027482693e-05,2.2784128593180487e-05,1.274083183535589e-07
1427,2.1104748730535643e-05,2.082044842942313e-05,-2.843003011125149e-07
1428,2.1014226418804677e-05,2.2413025787211268e-05,1.3987993684065905e-06
1429,2.1504377238012993e-05,1.9339695615739e-05,-2.1646816222739925e-06
1430,1.558900489691347e-05,1.794507767695894e-05,2.356072780045468e-06
1431,2.2213474111444283e-05,2.2091452862431056e-05,-1.2202124901322659e-07
1432,1.89469560869638e-05,2.108592982930093e-05,2.138973742337131e-06
1433,2.3363230817612415e-05,2.0010162404963924e-05,-3.3530684126484913e-06
1434,2.109333554569694e-05,1.9170857726380638e-05,-1.9224778193163023e-06
1435,2.6239064040641938e-05,2.1881836676744806e-05,-4.357227363897131e-06
1436,2.2161445669748854e-05,2.2183998955836516e-05,2.2553286087661725e-08
1437,1.9339992844332392e-05,1.7920580093969907e-05,-1.4194127503624846e-06
1438,2.1249359484262988e-05,2.1232322499243635e-05,-1.7036985019352818e-08
1439,2.1856738112103673e-05,2.0552887043012572e-05,-1.3038510690911007e-06
1440,1.880874399489881e-05,2.1526658031101668e-05,2.717914036202857e-06
1441,2.713641520226642e-05,2.30339800887109e-05,-4.1024351135555195e-06
1442,2.1766852486515344e-05,2.0600883398418143e-05,-1.1659690880972005e-06
1443,2.5550310462110756e-05,2.0387472937070067e-05,-5.162837525040689e-06
1444,1.5684969496952833e-05,1.9249843598156708e-05,3.5648741012038752e-06
1445,2.4567010923643206e-05,2.1886272197897357e-05,-2.680738725745849e-06
1446,1.7470402610443777e-05,1.9172584759666323e-05,1.702182149222546e-06
1447,2.3077771165223194e-05,2.0737332351124142e-05,-2.340438814099052e-06
1448,2.251626805374986e-05,2.082264381315203e-05,-1.6936242405978308e-06
1449,1.960789565194262e-05,1.8804568475337186e-05,-8.033271766054345e-07
1450,2.0869047750733715e-05,2.015154182745583e-05,-7.175059232778843e-07
1451,1.9757592989925596e-05,2.159517275745393e-05,1.8375797675283342e-06
1452,2.427109989191468e-05,2.1862405846415846e-05,-2.4086940454988353e-06
1453,2.4673245786200372e-05,2.2998646526725452e-05,-1.6745992594749195e-06
1454,2.1683931945469586e-05,2.3211967731044725e-05,1.5280357855751389e-06
1455,2.0921957960813016e-05,2.070250651490043e-05,-2.1945144591258665e-07
1456,1.8141626975982364e-05,1.8372973763682975e-05,2.3134678770061166e-07
1457,2.202183923688635e-05,1.9800112403428145e-05,-2.2217268334582047e-06
1458,2.599322651249268e-05,2.4240032186156943e-05,-1.7531943263357354e-06
1459,2.1652939273553618e-05,1.9036480493576214e-05,-2.616458779977404e-06
1460,1.997133348087729e-05,2.0660205874436922e-05,6.888723935596317e-07
1461,2.137435371261478e-05,2.0425867436208043e-05,-9.484862764067368e-07
1462,2.0198854817047427e-05,1.959138585740134e-05,-6.074689596460857e-07
1463,2.058804407970582e-05,2.1017049320962752e-05,4.290052412569308e-07
1464,2.103008786003062e-05,2.0306376468905148e-05,-7.237113911254709e-07
1465,1.7421750183809354e-05,2.091726815044019e-05,3.4955179666308354e-06
1466,2.1962235105410188e-05,2.442676817393634e-05,2.4645330685261514e-06
1467,1.5565154298780795e-05,1.8564550783848167e-05,2.9993964850673725e-06
1468,2.629152511383889e-05,2.3293021160474803e-05,-2.9985039533640865e-06
1469,1.4970549673299655e-05,1.9251704982686654e-05,4.281155309386999e-06
1470,2.1855691300524224e-05,1.876903255707828e-05,-3.0866587434459446e-06
1471,1.9712744913680033e-05,2.141739958989168e-05,1.7046546762116484e-06
1472,1.8704003838034514e-05,2.1324250215450787e-05,2.6202463774162734e-06
1473,2.0714327519167798e-05,1.9719713227847217e-05,-9.946142913205808e-07
1474,2.3686299299095348e-05,2.3856462907708032e-05,1.7016360861268413e-07
1475,2.277877833721734e-05,2.1134804223204394e-05,-1.6439741140129475e-06
1476,1.895489468219383e-05,1.9560581052565027e-05,6.056863703711955e-07
1477,2.1153144969804904e-05,2.201909333595239e-05,8.65948366147487e-07
1478,1.75470344310538e-05,1.7479892965501218e-05,-6.714146555258113e-08
1479,1.9884689254680425e-05,1.9570649710692348e-05,-3.140395439880765e-07
1480,2.2468015496004554e-05,1.9807415168974444e-05,-2.66060032703011e-06
1481,2.2281052139360428e-05,2.0472549793404884e-05,-1.8085023459555439e-06
1482,1.6346117549223796e-05,1.7530643051514977e-05,1.1845255022911818e-06
1483,2.3683983336003986e-05,2.1561697364915582e-05,-2.122285971088404e-06
1484,1.5957815623577537e-05,1.8741044980882333e-05,2.783229357304796e-06
1485,2.1070740932441262e-05,1.9560112470401525e-05,-1.5106284620397374e-06
1486,2.0053873946305745e-05,2.197582474165031e-05,1.921950795344567e-06
1487,2.263562506639482e-05,2.0309496143440993e-05,-2.326128922953826e-06
1488,2.0890872057011684e-05,1.9220934183303714e-05,-1.66993787370797e-06
1489,1.727034634748869e-05,1.9564557327159118e-05,2.2942109796704292e-06
1490,2.1499866499273956e-05,2.115768802981695e-05,-3.4217846945700775e-07
1491,1.914542268416983e-05,2.1304207007144266e-05,2.1587843229744352e-06
1492,2.1722629113599333e-05,1.9485688088982603e-05,-2.23694102461673e-06
1493,1.9764389010792823e-05,2.1574838334031786e-05,1.8104493232389632e-06
1494,2.4166178963420847e-05,2.2543003927460588e-05,-1.6231750359602585e-06
1495,1.659247739301729e-05,2.1362620866082318e-05,4.770143473065029e-06
1496,1.7712764926398578e-05,2.0847922109434557e-05,3.135157183035979e-06
1497,2.167330564071685e-05,2.0217119269834087e-05,-1.4561863708827642e-06
1498,2.7961324702452224e-05,2.3799213104527796e-05,-4.162111597924429e-06
1499,1.9744298363924895e-05,2.1350796159029116e-05,1.606497795104221e-06
1500,1.6768453318391003e-05,1.8367887469679653e-05,1.5994341512886496e-06
1501,1.8727141875793437e-05,2.3602369374170223e-05,4.875227498376786e-06
1502,2.0229961964992098e-05,2.060053946019346e-05,3.705774952013631e-07
1503,1.8195330742792703e-05,2.068594221813083e-05,2.4906114753381285e-06
1504,1.7550516358525937e-05,1.9165347452700268e-05,1.614831094174331e-06
1505,2.3327046893398106e-05,2.0814505795616478e-05,-2.512541097781628e-06
1506,2.0144956225027903e-05,1.916528022228078e-05,-9.796760027471221e-07
1507,2.2457245169868536e-05,1.9534317277710858e-05,-2.922927892157678e-06
1508,2.1751947291492273e-05,1.892018877821594e-05,-2.831758513276332e-06
1509,1.9803470341911794e-05,2.1477500725130695e-05,1.6740303832189015e-06
1510,2.3615236366820834e-05,2.161221892860108e-05,-2.0030174382197535e-06
1511,1.6916216728758155e-05,1.969722927191195e-05,2.7810125431537945e-06
1512,2.232558992093859e-05,2.006188363157201e-05,-2.26370628936658e-06
1513,2.468047098688103e-05,2.124803227964142e-05,-3.4324387072396107e-06
1514,1.679453002305932e-05,2.1095410724518378e-05,4.30088070145906e-06
1515,2.1380335078308804e-05,2.6201719768028763e-05,4.821384689719959e-06
1516,2.0412440306742842e-05,2.0234548711092293e-05,-1.7789159565054897e-07
1517,2.1139814600049845e-05,2.017266431546187e-05,-9.671502845879759e-07
1518,2.5063236566624614e-05,2.0312303114453914e-05,-4.7509334521706995e-06
1519,2.237646676111066e-05,2.3077662762863175e-05,7.011960017525163e-07
1520,1.854574603325057e-05,1.7228226040895584e-05,-1.3175199923549858e-06
1521,2.2404374948229475e-05,2.24365114796593e-05,3.213653142982405e-08
1522,1.821543513906346e-05,2.2569639666847723e-05,4.354204527784262e-06
1523,1.74378621283037e-05,2.0234850373907734e-05,2.7969882456040345e-06
1524,1.973489717364939e-05,2.1020057287144157e-05,1.2851601134947677e-06
1525,2.412782713990063e-05,2.4274987126393973e-05,1.4715998649334286e-07
1526,2.0358442076178314e-05,2.0169685428743622e-05,-1.8875664743469198e-07
1527,2.153186258239995e-05,1.854575421550201e-05,-2.9861083668979423e-06
1528,1.8364731286605892e-05,1.9097230005855985e-05,7.324987192500936e-07
1529,2.2032541671737177e-05,1.8464788633598832e-05,-3.5677530381383443e-06
1530,1.7962300147916112e-05,2.1372143451985538e-05,3.4098433040694257e-06
1531,1.9821718132416975e-05,1.8539048610262577e-05,-1.2826695221543978e-06
1532,1.8389491434481013e-05,1.813672000152062e-05,-2.527714329603923e-07
1533,2.196238967431985e-05,2.2774792099231725e-05,8.124024249118737e-07
1534,2.1963542853074405e-05,1.8231667254809344e-05,-3.7318755982650616e-06
1535,2.516659328266467e-05,2.2362462218190457e-05,-2.804131064474214e-06
1536,2.073433887504031e-05,2.248107737540543e-05,1.7467385003651187e-06
1537,1.7624388115999252e-05,1.773959477105683e-05,1.1520665505757651e-07
1538,2.0848074186158092e-05,2.157194884213446e-05,7.23874655976369e-07
1539,2.2865395646465777e-05,2.16553746707187e-05,-1.210020975747076e-06
1540,2.1027982239674644e-05,2.0351095973867463e-05,-6.768862658071808e-07
1541,1.9626745710051734e-05,1.7231106828302292e-05,-2.3956388817494415e-06
1542,1.6007530247981764e-05,1.7154396928524197e-05,1.1468666805424325e-06
1543,2.0986095719813368e-05,2.0129647347089883e-05,-8.564483727234844e-07
1544,1.750387382845904e-05,1.9052821226861477e-05,1.548947398402438e-06
1545,2.0609903260466814e-05,2.048940652591942e-05,-1.2049673454739437e-07
1546,2.0516846397076583e-05,2.193753462644012e-05,1.4206882293635374e-06
1547,1.9565507163264794e-05,2.342725778634802e-05,3.861750623083227e-06
1548,1.8666658141303975e-05,1.952269339383254e-05,8.560352525285641e-07
1549,1.4574112779584404e-05,1.9926227534368468e-05,5.352114754784064e-06
1550,2.4368503208086112e-05,2.26306748701879e-05,-1.7378283378982127e-06
1551,2.0632629327518437e-05,2.072389339544562e-05,9.126406792718224e-08
1552,1.9379824874430248e-05,1.8406112307079492e-05,-9.737125673507555e-07
1553,2.1893065301677066e-05,2.2422751802536457e-05,5.296865008593919e-07
1554,1.6769208937247855e-05,1.846972746352866e-05,1.7005185262808055e-06
1555,2.0868491933554768e-05,2.1187959687633133e-05,3.1946775407836473e-07
1556,1.941058819867796e-05,1.912977599714046e-05,-2.8081220153750215e-07
1557,1.7085962818216854e-05,2.136238072011858e-05,4.276417901901727e-06
1558,1.8938835004129196e-05,1.8186914229506157e-05,-7.519207746230382e-07
1559,1.6924945437912836e-05,1.8314910422697264e-05,1.3899649847844282e-06
1560,2.213591143676573e-05,2.1260936341098816e-05,-8.749750956669123e-07
1561,2.0790242198421657e-05,1.7913248407935155e-05,-2.876993790486502e-06
1562,2.014181335857956e-05,2.187629407283186e-05,1.7344807142523e-06
1563,2.3661071112188552e-05,2.347314175997094e-05,-1.8792935221761218e-07
1564,2.0575515802708425e-05,2.1605607217372213e-05,1.0300914146637876e-06
1565,1.8904835798413732e-05,1.7210839766943385e-05,-1.6939960314703471e-06
1566,2.2268202053075362e-05,2.2724908873517294e-05,4.567068204419318e-07
1567,1.595213500077112e-05,2.0521563612260956e-05,4.569428611489836e-06
1568,2.7202769376831865e-05,2.223387148107528e-05,-4.968897895756584e-06
1569,2.2474321112844918e-05,2.2144494039070643e-05,-3.2982707377427457e-07
1570,1.839063903546041e-05,1.7670528572557467e-05,-7.20110462902944e-07
1571,2.1967151233736083e-05,2.0914556664394515e-05,-1.0525945693415686e-06
1572,2.138094943103528e-05,1.9689658321471678e-05,-1.691291109563604e-06
1573,2.0606333121850843e-05,2.0528941879874808e-05,-7.739124197603456e-08
1574,2.855663523147614e-05,2.321487558360781e-05,-5.34175964786833e-06
1575,2.4065197508304685e-05,2.2570907463244172e-05,-1.4942900450605125e-06
1576,1.7233497363048908e-05,1.9481133429056238e-05,2.24763606600733e-06
1577,1.547853727356619e-05,1.7552212837959595e-05,2.073675564393406e-06
1578,2.209341124243669e-05,2.0437342096248377e-05,-1.656069146188313e-06
1579,2.2335220763626315e-05,2.108627607031531e-05,-1.2489446933110036e-06
1580,1.889268006371921e-05,2.1212212713068147e-05,2.3195326493489366e-06
1581,1.7548194142146738e-05,1.9359604601072927e-05,1.8114104589261896e-06
1582,2.1086476364066714e-05,2.2333406823437545e-05,1.2469304593708314e-06
1583,2.0465373754086377e-05,2.1059212979794922e-05,5.938392257085452e-07
1584,2.125409922841333e-05,2.342405890499573e-05,2.169959676582399e-06
1585,1.996197186637839e-05,2.119159643245546e-05,1.2296245660770703e-06
1586,2.0675140892376726e-05,1.8718041401137794e-05,-1.957099491238932e-06
1587,2.065084418512261e-05,2.1073622569233037e-05,4.2277838411042593e-07
1588,1.5190927422930406e-05,1.781902913240477e-05,2.628101709474365e-06
1589,2.1154308993234507e-05,2.2870774305334863e-05,1.7164653121003556e-06
1590,1.5644795398031464e-05,1.7654319053115796e-05,2.0095236550843322e-06
1591,2.5414336215430918e-05,2.3799325166302396e-05,-1.6150110491285215e-06
1592,1.7133743884808597e-05,1.941526314344325e-05,2.2815192586346533e-06
1593,1.883089751322376e-05,2.0506506841315306e-05,1.675609328091547e-06
1594,2.083492939313214e-05,2.2789793262518517e-05,1.9548638693863764e-06
1595,2.2605567450577298e-05,2.23043649243408e-05,-3.012025262364965e-07
1596,2.2817394789650483e-05,2.214982401343797e-05,-6.675707762125138e-07
1597,2.0313413626197428e-05,2.230872823839945e-05,1.9953146122020235e-06
1598,2.1007476684975432e-05,2.127601281371439e-05,2.6853612873895644e-07
1599,1.7674616248142712e-05,1.8972390061931126e-05,1.2977738137884143e-06
1600,1.564295605912076e-05,2.014483418717365e-05,4.501878128052891e-06
1601,2.2425947993996474e-05,2.072520425062305e-05,-1.7007437433734243e-06
1602,2.082765791011004e-05,2.1031305352854624e-05,2.0364744274458345e-07
1603,2.5263094954060814e-05,2.149960667370767e-05,-3.7634882803531427e-06
1604,2.00921894352924e-05,2.0480626314713715e-05,3.8843687942131505e-07
1605,1.9292654241649453e-05,2.229218546994496e-05,2.999531228295507e-06
1606,1.6980601194181464e-05,2.07339834580792e-05,3.7533822638977373e-06
1607,2.5116224255664695e-05,2.4261915752241558e-05,-8.543085034231375e-07
1608,2.3032605425535035e-05,1.8825598035245586e-05,-4.207007390289449e-06
1609,2.1138760009776477e-05,2.124279703263548e-05,1.0403702285900239e-07
1610,2.2321284793551648e-05,2.1613905301549496e-05,-7.073794920021522e-07
1611,2.2056633596007573e-05,2.145926131361218e-05,-5.973722823953929e-07
1612,2.4008925832180626e-05,2.237484221145486e-05,-1.6340836207257662e-06
1613,1.9754319797010326e-05,1.962475221947831e-05,-1.2956757753201633e-07
1614,2.189014497236679e-05,1.996221541868148e-05,-1.9279295536853104e-06
1615,1.5110023877772016e-05,1.877637507861534e-05,3.666351200843325e-06
1616,1.6000784937870462e-05,1.832463785123794e-05,2.3238529133674773e-06
1617,1.7482464127447907e-05,2.0289885391246222e-05,2.807421263798315e-06
1618,2.6064871966073093e-05,2.180536650209261e-05,-4.2595054639804835e-06
1619,1.984502160239223e-05,2.2332609742660228e-05,2.487588140267999e-06
1620,1.7483071874324914e-05,2.0267196896196963e-05,2.7841250218720486e-06
1621,1.7270756774818933e-05,1.9836226096241153e-05,2.56546932142222e-06
1622,1.7562517817841603e-05,2.1076120073489894e-05,3.513602255648291e-06
1623,2.191201452332902e-05,1.993084622091455e-05,-1.981168302414472e-06
1624,1.754313987730761e-05,1.9174930128086967e-05,1.631790250779357e-06
1625,2.054961208327705e-05,2.021420786578676e-05,-3.354042174902895e-07
1626,1.7772425546472896e-05,1.9962768204313248e-05,2.1903426578403525e-06
1627,1.8183986711021237e-05,1.7902880601828374e-05,-2.8110610919286324e-07
1628,2.221593548086105e-05,1.9540911191891036e-05,-2.6750242889700126e-06
1629,2.1763629166069624e-05,2.0194550720795122e-05,-1.5690784452745018e-06
1630,2.1967200954563992e-05,2.1739271527435325e-05,-2.2792942712866694e-07
1631,2.039499414679102e-05,1.852101372463488e-05,-1.87398042215614e-06
1632,2.5083137724406217e-05,2.1216065292964152e-05,-3.867072431442065e-06
1633,2.121978944086261e-05,2.119540335810745e-05,-2.4386082755160628e-08
1634,1.943569723412948e-05,2.1757553181522794e-05,2.321855947393313e-06
1635,1.9655871184257045e-05,1.9037841013084966e-05,-6.180301711720791e-07
1636,2.510243116265011e-05,2.359036980542008e-05,-1.5120613572300285e-06
1637,2.183785692949919e-05,2.2859754301392573e-05,1.0218973718933828e-06
1638,1.808841041487094e-05,2.134628998464902e-05,3.2578795697780816e-06
1639,1.7592613055737303e-05,1.8599345367904607e-05,1.0067323121673038e-06
1640,2.4906250748498183e-05,2.182210176995474e-05,-3.084148978543443e-06
1641,1.9697686871371885e-05,1.963351778036405e-05,-6.416909100783586e-08
1642,2.1432097423338725e-05,1.8459457792857466e-05,-2.972639630481259e-06
1643,1.699582919724084e-05,2.1034661329349023e-05,4.038832132108182e-06
1644,2.2650087929125517e-05,2.2227969523180017e-05,-4.221184059455e-07
1645,2.068303167599747e-05,2.093117194848312e-05,2.4814027248565204e-07
1646,2.1422650234295558e-05,2.1707346281859185e-05,2.846960475636273e-07
1647,2.1324029384923247e-05,1.9301132910164777e-05,-2.02289647475847e-06
1648,2.0458258879936557e-05,2.143482486910998e-05,9.765659891734218e-07
1649,1.80474841328996e-05,2.0234854942180184e-05,2.187370809280584e-06
1650,1.8519006064617385e-05,2.1050518170405987e-05,2.5315121057886017e-06
1651,1.6535987682517597e-05,1.8966987138368444e-05,2.4309994558508466e-06
1652,2.054254340884678e-05,1.9056935609401496e-05,-1.485607799445285e-06
1653,2.594021301237917e-05,2.1504808930137972e-05,-4.4354040822411995e-06
1654,1.6208656072217893e-05,1.8373006638248465e-05,2.1643505660305724e-06
1655,2.1566963056020016e-05,2.1546807071591503e-05,-2.0155984428512095e-08
1656,2.220429215357854e-05,1.701672079880677e-05,-5.187571354771769e-06
1657,2.4026956388338835e-05,2.1663711047817423e-05,-2.3632453405214117e-06
1658,2.0883811334425028e-05,1.862354723471436e-05,-2.2602640997106696e-06
1659,2.4390954176124182e-05,2.103863176545024e-05,-3.3523224106739416e-06
1660,1.9458018113342473e-05,1.9706778365799576e-05,2.487602524571033e-07
1661,1.880359309749763e-05,1.7909783777929976e-05,-8.938093195676546e-07
1662,2.0169732318012705e-05,1.9696780512422308e-05,-4.729518055903963e-07
1663,1.568625707605183e-05,1.6808081990062227e-05,1.121824914010396e-06
1664,2.1113256222482737e-05,1.8147404195629574e-05,-2.965852026853164e-06
1665,2.055976388961775e-05,2.0411417471338313e-05,-1.483464182794374e-07
1666,2.200962910509291e-05,2.051254527700068e-05,-1.4970838280922298e-06
1667,2.0885574682156687e-05,2.010614501110981e-05,-7.794296710468776e-07
1668,1.811151893676362e-05,1.8491301327367185e-05,3.797823906035652e-07
1669,2.0808719737020635e-05,1.9902472990578074e-05,-9.06246746442561e-07
1670,2.1165161161708847e-05,2.2522514244876122e-05,1.3573530831672747e-06
1671,2.24500075448021e-05,2.284815422245205e-05,3.981466776499507e-07
1672,1.82344147267738e-05,2.197038996540679e-05,3.7359752386329907e-06
1673,1.9154228653270607e-05,1.922459652039464e-05,7.036786712403168e-08
1674,2.0027268951767222e-05,1.9790612665685564e-05,-2.3665628608165803e-07
1675,1.7457441734471747e-05,2.1291337972199333e-05,3.833896237727586e-06
1676,2.2507435977366564e-05,2.2369421571162767e-05,-1.3801440620379713e-07
1677,1.952452221970705e-05,1.839332912833804e-05,-1.1311930913690115e-06
1678,1.6885533720194795e-05,2.057629351997875e-05,3.690759799783955e-06
1679,2.0981492299676185e-05,1.9289273456529662e-05,-1.6922188431465227e-06
1680,1.951253117889354e-05,1.9351401538204255e-05,-1.6112964068928405e-07
1681,2.0116372541162116e-05,1.8406057941030893e-05,-1.7103146001312232e-06
1682,1.7419100828262633e-05,2.1241786699473684e-05,3.822685871211051e-06
1683,1.9638057046638268e-05,1.9547147907472702e-05,-9.090913916556578e-08
1684,2.0890161570113284e-05,2.1677007246881625e-05,7.86845676768341e-07
1685,2.570657097352822e-05,1.9252887735332372e-05,-6.4536832381958485e-06
1686,1.5326728047250635e-05,2.1636057918425556e-05,6.309329871174921e-06
1687,1.9915318235955178e-05,1.9562408477144338e-05,-3.5290975881083973e-07
1688,1.9037929213090398e-05,2.156443101290502e-05,2.526501799814621e-06
1689,2.174658869015699e-05,2.0967387115261018e-05,-7.792015748959729e-07
1690,2.6339985657096062e-05,2.0693876609355793e-05,-5.646109047740269e-06
1691,2.03334268690816e-05,2.0373182211978093e-05,3.9755342896493766e-08
1692,2.4494001900124175e-05,2.3876783144594943e-05,-6.172187555292323e-07
1693,2.0899063236818198e-05,1.9387059196769674e-05,-1.5120040400485235e-06
1694,1.884365333693868e-05,1.936727821166224e-05,5.236248747235607e-07
1695,2.2369488933059237e-05,2.163734596866671e-05,-7.321429643925275e-07
1696,2.418173480717846e-05,1.964116695839589e-05,-4.54056784878257e-06
1697,1.9846734921056204e-05,1.9662281443569075e-05,-1.8445347748712886e-07
1698,2.337996013560034e-05,2.3644944271946773e-05,2.64984136346434e-07
1699,2.628798887086123e-05,2.27948130013419e-05,-3.4931758695193315e-06
1700,2.0873368691268872e-05,2.0459191632054106e-05,-4.1417705921476615e-07
1701,2.1243298105902332e-05,2.067665273129368e-05,-5.66645374608651e-07
1702,1.9334075019624615e-05,2.0430103241230817e-05,1.096028221606202e-06
1703,2.1060778173877365e-05,2.3593701364349223e-05,2.5329231904718587e-06
1704,1.6761619982925727e-05,2.059337194375217e-05,3.831751960826442e-06
1705,1.7997792072817746e-05,2.175727997996891e-05,3.759487907151163e-06
1706,2.2916352171639126e-05,2.074465225684e-05,-2.171699914799126e-06
1707,2.2230946974882352e-05,2.060703794672302e-05,-1.6239090281593336e-06
1708,1.9493713036328303e-05,2.2037652935954367e-05,2.5439398996260644e-06
1709,2.185331076398949e-05,2.158375160171577e-05,-2.6955916227371766e-07
1710,2.025303391912591e-05,2.055600020156583e-05,3.029662824399182e-07
1711,1.7580915864953482e-05,2.0037409704406257e-05,2.456493839452775e-06
1712,2.5309417396087695e-05,2.197097201729701e-05,-3.338445378790686e-06
1713,1.4658191281448134e-05,1.8953134053752995e-05,4.2949427723048614e-06
1714,2.7802461960160106e-05,2.1396829381874895e-05,-6.405632578285212e-06
1715,1.9784226595807336e-05,1.7521957195077714e-05,-2.2622694007296226e-06
1716,1.9702226305869866e-05,1.8836134217498627e-05,-8.660920883712386e-07
1717,2.1093303512434237e-05,2.1975855788847507e-05,8.825522764132707e-07
1718,2.0597171663647116e-05,2.2444186650692407e-05,1.8470149870452905e-06
1719,1.782728281943922e-05,1.7045506043486063e-05,-7.817767759531586e-07
1720,2.1827798482434035e-05,2.143796278710303e-05,-3.8983569533100317e-07
1721,2.0584785076632005e-05,2.259341137437084e-05,2.0086262977388344e-06
1722,1.590419452130638e-05,1.8477942955898697e-05,2.573748434592317e-06
1723,2.0252914010151204e-05,2.1335360804223993e-05,1.082446794072789e-06
1724,1.945152356097154e-05,2.159005343575134e-05,2.1385298747797977e-06
1725,2.050351055083415e-05,2.1386485719908072e-05,8.829751690739221e-07
1726,2.7160994772182018e-05,2.3860481137337096e-05,-3.3005136348449214e-06
1727,1.9594070586952518e-05,2.1404004091496206e-05,1.8099335045436874e-06
1728,2.005014697499582e-05,1.9669261866174643e-05,-3.808851088211762e-07
1729,1.6980935700769427e-05,1.926112004658717e-05,2.2801843458177435e-06
1730,2.570218483110178e-05,2.197070764834494e-05,-3.731477182756842e-06
1731,2.3866084254367536e-05,1.9958152447608923e-05,-3.907931806758613e-06
1732,1.9217869847558405e-05,2.0819735117518736e-05,1.6018652699603304e-06
1733,2.159267104053094e-05,1.973155876801315e-05,-1.8611122725177916e-06
1734,2.276959374570274e-05,2.1265820761070508e-05,-1.5037729846322306e-06
1735,2.059279995416529e-05,2.0332594151970802e-05,-2.602058021944874e-07
1736,2.233647318206048e-05,2.0947691450404882e-05,-1.3887817316555985e-06
1737,2.217311046979409e-05,2.0134526586153877e-05,-2.0385838836402116e-06
1738,2.102489627966851e-05,2.045453081051046e-05,-5.703654691580492e-07
1739,2.1422187125963517e-05,2.1039896458276074e-05,-3.822906676874433e-07
1740,1.8478419638121583e-05,2.1052664551209527e-05,2.5742449130879445e-06
1741,1.999617325339967e-05,2.0307674266779692e-05,3.1150101338002183e-07
1742,1.600232016134426e-05,1.9799071731080736e-05,3.7967515697364746e-06
1743,1.5362369557789508e-05,1.8890642420031916e-05,3.528272862242408e-06
1744,2.117338309476581e-05,2.3057566785162657e-05,1.884183690396848e-06
1745,2.076855489672772e-05,2.4521653137198247e-05,3.753098240470527e-06
1746,2.023060856216015e-05,1.859044409694044e-05,-1.6401644652197103e-06
1747,2.1516035803750757e-05,1.977464204917378e-05,-1.7413937545769776e-06
1748,2.1273185574676602e-05,2.29078051145124e-05,1.6346195398357998e-06
1749,2.4770496934566262e-05,2.0024854924217245e-05,-4.745642010349017e-06
1750,2.3063136113666473e-05,2.1108323186433387e-05,-1.954812927233086e-06
1751,1.7726688419882223e-05,1.7819529804145135e-05,9.284138426291264e-08
1752,2.0147928183367123e-05,2.1861976246886383e-05,1.7140480635192604e-06
1753,1.9295454672028547e-05,2.1583645656721284e-05,2.2881909846927373e-06
1754,1.9204646031208958e-05,2.2524094518453543e-05,3.319448487244585e-06
1755,2.1665709067487295e-05,1.90971626776757e-05,-2.568546389811596e-06
1756,1.7510545945083568e-05,2.1322893043544656e-05,3.8123470984610878e-06
1757,2.3656120216596686e-05,2.431751755948658e-05,6.613973428898928e-07
1758,2.714231065960079e-05,2.3844151173825862e-05,-3.2981594857749262e-06
1759,1.667756760154603e-05,1.7999227644472386e-05,1.3216600429263577e-06
1760,2.4679348265657302e-05,2.2089314553901336e-05,-2.5900337117559657e-06
1761,1.7275368627475793e-05,1.7365083988405857e-05,8.971536093006419e-08
1762,1.9654757230878457e-05,1.849146451002372e-05,-1.163292720854736e-06
1763,2.002143466859209e-05,2.2822952052727696e-05,2.8015173841356046e-06
1764,2.4660405090873874e-05,2.3825044178829824e-05,-8.353609120440501e-07
1765,2.170534862892177e-05,2.0578869798875372e-05,-1.126478830046396e-06
1766,1.8820222220703626e-05,1.8738213015234672e-05,-8.200920546895434e-08
1767,2.0156932625410752e-05,1.8781614622346824e-05,-1.3753180030639277e-06
1768,2.100995145959161e-05,1.8995162646306468e-05,-2.0147888132851424e-06
1769,1.6191679725518033e-05,1.923041185960148e-05,3.038732134083448e-06
1770,1.8092466275868348e-05,2.128666186815806e-05,3.194195592289713e-06
1771,1.8481544574469986e-05,1.8882375101630647e-05,4.0083052716066174e-07
1772,1.883723960235919e-05,2.0778942681003065e-05,1.9417030786438754e-06
1773,1.617504815656754e-05,2.0278095792058786e-05,4.103047635491246e-06
1774,2.1090817409740795e-05,1.9359299634813864e-05,-1.7315177749269316e-06
1775,1.659157725186058e-05,1.9371044890906562e-05,2.7794676390459815e-06
1776,1.7468249350526043e-05,1.8582710452943552e-05,1.1144611024175091e-06
1777,2.4639723816125173e-05,2.3009046493481404e-05,-1.6306773226437688e-06
1778,1.9635885108064245e-05,1.8657256453358e-05,-9.786286547062436e-07
1779,1.2695067951337245e-05,1.8638672600028224e-05,5.94360464869098e-06
1780,2.2951331167227807e-05,2.07285553646703e-05,-2.222775802557507e-06
1781,1.7803366195727142e-05,1.9645069768963365e-05,1.841703573236223e-06
1782,1.989407365539577e-05,2.0321336620350007e-05,4.27262964954236e-07
1783,1.6401083899216833e-05,2.0676539100721407e-05,4.2754552015045746e-06
1784,2.1424730841683982e-05,2.242711375749156e-05,1.0023829158075772e-06
1785,2.043593060149833e-05,2.176691030286131e-05,1.3309797013629795e-06
1786,1.9202528510689772e-05,2.1147255009094793e-05,1.944726498405021e-06
1787,2.0106309506137964e-05,1.947783429763889e-05,-6.28475208499075e-07
1788,2.2905483753561648e-05,1.9924660148178432e-05,-2.980823605383216e-06
1789,2.2467834796970452e-05,2.169481462834328e-05,-7.730201686271724e-07
1790,1.561522473449659e-05,2.028062542690926e-05,4.665400692412671e-06
1791,2.5917085716866736e-05,2.266527584741317e-05,-3.2518098694535667e-06
1792,1.960759605040116e-05,1.8089690088782395e-05,-1.5179059616187663e-06
1793,1.5855114584788967e-05,2.0045914104013473e-05,4.190799519224506e-06
1794,2.2317280210464295e-05,2.085490882629535e-05,-1.462371384168946e-06
1795,1.5423768002462954e-05,2.17978579290842e-05,6.374089926621248e-06
1796,1.9771756656716112e-05,1.98930225852396e-05,1.212659285234893e-07
1797,1.983583414252169e-05,1.9346412480907345e-05,-4.89421661614345e-07
1798,2.591917864614601e-05,2.158333155497436e-05,-4.33584709117165e-06
1799,1.8898468017206114e-05,2.181148361250296e-05,2.9130155952968476e-06
1800,1.9692711410617807e-05,2.057046964021135e-05,8.777582295935442e-07
1801,1.90059057051874e-05,2.2553551664627844e-05,3.547645959440443e-06
1802,1.7665142264246642e-05,2.0313905349137124e-05,2.648763084890482e-06
1803,1.791883520785357e-05,2.0643885271430583e-05,2.7250500635770143e-06
1804,2.4982294681538047e-05,2.3035679756230615e-05,-1.9466149253074323e-06
1805,2.1832409439798726e-05,1.9689362431040353e-05,-2.143047008758373e-06
1806,1.906198059771786e-05,2.0535641760471343e-05,1.4736611627534836e-06
1807,1.676749983924049e-05,1.8734755909934494e-05,1.9672560706940036e-06
1808,1.9717094718916014e-05,1.9036137174891385e-05,-6.809575440246284e-07
1809,1.8809196749161365e-05,2.0644834744167547e-05,1.8356379950061822e-06
1810,1.7754939186589447e-05,1.805471130708573e-05,2.997721204962814e-07
1811,2.139051865481562e-05,2.039696598056528e-05,-9.935526742503374e-07
1812,2.3149158406807174e-05,2.1951863742532105e-05,-1.1972946642750685e-06
1813,1.6425522920486798e-05,1.83738044846644e-05,1.9482815641776017e-06
1814,2.0432471867520098e-05,2.2731533600125575e-05,2.299061732605477e-06
1815,2.145774151568861e-05,2.3211885340924703e-05,1.7541438252360942e-06
1816,2.0660535592028375e-05,2.0315728189704612e-05,-3.448074023237631e-07
1817,2.4196562641101732e-05,2.2496641660421082e-05,-1.6999209806806502e-06
1818,2.228232552807731e-05,2.0550011788004707e-05,-1.732313740072604e-06
1819,1.7998189662171818e-05,1.907304813064186e-05,1.0748584684700408e-06
1820,1.4541047742869515e-05,2.041858624628729e-05,5.877538503417776e-06
1821,1.9198663954325203e-05,1.9550464170743794e-05,3.5180021641859066e-07
1822,1.7607250702160592e-05,2.1379496612561732e-05,3.7722459104011395e-06
1823,2.0124614401838345e-05,2.1383015001686276e-05,1.2584005998479315e-06
1824,2.0690504193287056e-05,2.1563982365462793e-05,8.734781721757375e-07
1825,2.2028705504093805e-05,1.937266496352607e-05,-2.6560405405677354e-06
1826,2.175432474186349e-05,2.1186278411869212e-05,-5.680463299942762e-07
1827,2.404021225699129e-05,2.1619806634590524e-05,-2.420405622400767e-06
1828,2.225414971442238e-05,1.945608409630646e-05,-2.7980656181159173e-06
1829,1.908849867765002e-05,1.9866466051570453e-05,7.779673739204327e-07
1830,1.9347714586817537e-05,2.120206220133406e-05,1.8543476145165236e-06
1831,2.387963828565094e-05,2.1961543132694034e-05,-1.9180951529569055e-06
1832,1.835636831089224e-05,2.0171601107136435e-05,1.8152327962441945e-06
1833,2.0246515212252102e-05,1.87406665050066e-05,-1.5058487072455038e-06
1834,2.2230946974882352e-05,2.060703794672302e-05,-1.6239090281593336e-06
1835,2.1571367323574295e-05,2.2688396692905708e-05,1.1170293693314124e-06
1836,1.9170269191462592e-05,2.1095126193259117e-05,1.9248570017965246e-06
1837,1.818764460165611e-05,2.0698186801571604e-05,2.5105421999154938e-06
1838,2.012172271171163e-05,2.1652251897829183e-05,1.5305291861175544e-06
1839,1.9424780966558318e-05,2.081958961440078e-05,1.394808647842461e-06
1840,1.6158805066090232e-05,2.2581498012341414e-05,6.422692946251182e-06
1841,2.1664783940282333e-05,2.0821841870315552e-05,-8.429420699667814e-07
1842,2.1643154083439112e-05,2.2442043307058595e-05,7.988892236194831e-07
1843,1.728407782366212e-05,2.0113551332971412e-05,2.8294735093092934e-06
1844,1.8337837857027127e-05,2.0477401912073664e-05,2.1395640550465372e-06
1845,2.7269351175104166e-05,2.173330534710804e-05,-5.536045827996125e-06
1846,2.1260999738048483e-05,2.0159328162477875e-05,-1.1016715755706079e-06
1847,2.1657478287731743e-05,2.053989185625376e-05,-1.117586431477983e-06
1848,2.0567309804054848e-05,1.933465585156298e-05,-1.2326539524918669e-06
1849,2.1703176971068305e-05,2.095334322129111e-05,-7.498337497771946e-07
1850,1.8517621623849962e-05,2.0177313315105594e-05,1.659691691255632e-06
1851,1.6363643696497023e-05,1.7595254006896242e-05,1.231610310399219e-06
1852,1.614770712864775e-05,2.066068196264427e-05,4.5129748339965185e-06
1853,1.5465288960121193e-05,1.7603734004583135e-05,2.1384450444619413e-06
1854,2.072921243835325e-05,1.9757737408491637e-05,-9.71475029861612e-07
1855,1.8184385269563716e-05,1.9647937834868805e-05,1.463552565305089e-06
1856,1.6631720752348982e-05,1.8269544926462888e-05,1.637824174113906e-06
1857,2.084980100956817e-05,2.0510825217023612e-05,-3.389757925445574e-07
1858,1.5772024406067625e-05,2.3534428719223962e-05,7.762404313156337e-06
1859,2.1503103660199216e-05,2.109854714324028e-05,-4.0455651695893503e-07
1860,1.731461991642557e-05,1.8068881447430477e-05,7.542615310049077e-07
1861,2.219840994836347e-05,2.105536038392136e-05,-1.143049564442112e-06
1862,2.3959318361426362e-05,2.2485310927424208e-05,-1.4740074340021543e-06
1863,2.0532840015564238e-05,1.773057506248117e-05,-2.802264953083068e-06
1864,2.0810561818499467e-05,2.1802050635933068e-05,9.914888174336005e-07
1865,2.4393592681346013e-05,1.972681748245626e-05,-4.666775198889752e-06
1866,1.666927784618287e-05,1.959912696697212e-05,2.9298491207892507e-06
1867,1.423392880880642e-05,1.9130550238876667e-05,4.896621430070246e-06
1868,1.973637572063823e-05,2.21867790681591e-05,2.4504033475208683e-06
1869,2.0439412395275113e-05,2.140263819179121e-05,9.63225796516095e-07
1870,1.6425210842206236e-05,1.940219649684908e-05,2.976985654642845e-06
1871,2.013990796992512e-05,2.0068483717528714e-05,-7.142425239640735e-08
1872,2.148271888911618e-05,2.0812912510454436e-05,-6.698063786617436e-07
1873,2.0973681193626094e-05,2.292821075690756e-05,1.954529563281466e-06
1874,1.5385224933794636e-05,2.084223720965968e-05,5.457012275865043e-06
1875,2.0729448363449203e-05,2.1524949980285872e-05,7.955016168366688e-07
1876,2.0462554345220438e-05,2.0188254657834164e-05,-2.742996873862736e-07
1877,2.1589071687834925e-05,2.2230479187312445e-05,6.414074994775204e-07
1878,1.6298405318003267e-05,1.97840877177715e-05,3.485682399768235e-06
1879,2.1481603716230073e-05,1.912714912510769e-05,-2.354454591122383e-06
1880,2.1399931575204794e-05,2.0434898704876503e-05,-9.650328703282906e-07
1881,2.295380839995926e-05,2.0940072556404752e-05,-2.013735843554508e-06
1882,1.8511026929084647e-05,1.8874233945563933e-05,3.632070164792862e-07
1883,2.1381956305379283e-05,2.0081713592511483e-05,-1.3002427128678003e-06
1884,1.8798132946052355e-05,1.84818756623098e-05,-3.1625728374255397e-07
1885,1.821726990146199e-05,2.164078784231196e-05,3.4235179408499694e-06
1886,2.026471668335844e-05,2.195198968984779e-05,1.6872730064893492e-06
1887,1.931467467093345e-05,1.9766187123431225e-05,4.5151245249777384e-07
1888,1.9969156364723325e-05,2.1083364549095285e-05,1.1142081843719596e-06
1889,1.9837011334420273e-05,2.0759698887439724e-05,9.22687553019451e-07
1890,2.0855928971205932e-05,2.4053121383503873e-05,3.197192412297941e-06
1891,2.1897540180864168e-05,2.0687502604126585e-05,-1.210037576737583e-06
1892,2.4528542260509478e-05,2.0165788160511913e-05,-4.362754099997565e-06
1893,2.0799414830613906e-05,1.995727297121213e-05,-8.421418594017751e-07
1894,2.7280643787976528e-05,2.3426702069995007e-05,-3.853941717981521e-06
1895,2.4380748593639815e-05,2.267055970252389e-05,-1.7101888911159264e-06
1896,1.9717468565795916e-05,1.8725053240304856e-05,-9.924153254910602e-07
1897,2.103521407517493e-05,1.8949434325258824e-05,-2.0857797499161056e-06
1898,2.0434267156501865e-05,2.144374079191674e-05,1.0094736354148746e-06
1899,2.1301698630188326e-05,2.1395862152717146e-05,9.416352252881994e-08
1900,2.607109983298692e-05,2.1703601247525348e-05,-4.367498585461573e-06
1901,1.8547949755186935e-05,2.048229200074767e-05,1.934342245560734e-06
1902,1.7017698297710518e-05,2.0287497409857766e-05,3.269799112147248e-06
1903,1.5208705819529926e-05,2.241949035345731e-05,7.210784533927386e-06
1904,2.2948978631231564e-05,2.1021169256043467e-05,-1.9278093751880974e-06
1905,2.8709589187391196e-05,2.3268222740431305e-05,-5.441366446959891e-06
1906,1.6947169003742186e-05,2.0609491851210268e-05,3.6623228474680823e-06
1907,1.942117437541631e-05,1.8836349729280618e-05,-5.848246461356927e-07
1908,2.72771208433605e-05,2.2726590227501892e-05,-4.5505306158586065e-06
1909,1.9540926399981784e-05,1.9811924085194816e-05,2.7099768521303175e-07
1910,2.0220252900070134e-05,2.1058627166026327e-05,8.383742659561931e-07
1911,2.4067229288095304e-05,2.0528008689280738e-05,-3.5392205988145665e-06
1912,2.2705346135385166e-05,2.314000158190679e-05,4.3465544652162555e-07
1913,1.9685602143172196e-05,2.2586161954741454e-05,2.9005598115692585e-06
1914,1.9124321600656142e-05,2.3746909393932844e-05,4.6225877932767025e-06
1915,2.4367202364839704e-05,2.0482886962888686e-05,-3.884315401951019e-06
1916,1.679973532328356e-05,1.9697534836746544e-05,2.8977995134629855e-06
1917,1.9292509568658032e-05,1.7859192638808344e-05,-1.4333169298496886e-06
1918,2.0698075807126653e-05,2.1640873070617094e-05,9.42797263490441e-07
1919,2.3340864978632557e-05,2.1983427492796583e-05,-1.3574374858359735e-06
1920,1.9961316479415788e-05,2.024467543409411e-05,2.833589546783223e-07
1921,1.8771925515787703e-05,2.0379459191369013e-05,1.60753367558131e-06
1922,1.8636727407091554e-05,1.867576991998863e-05,3.904251289707652e-08
1923,1.9435683508780234e-05,2.4398934590902982e-05,4.9632510821227476e-06
1924,2.394549165502625e-05,2.2601812293593736e-05,-1.343679361432514e-06
1925,2.0436493309273783e-05,1.8968835308912868e-05,-1.4676580003609153e-06
1926,1.781086460522507e-05,1.8085987835060662e-05,2.7512322983559335e-07
1927,2.3828516811890304e-05,2.015883376154502e-05,-3.6696830503452836e-06
1928,2.0096876619281493e-05,1.9089450177888775e-05,-1.0074264413927187e-06
1929,1.7813103155123726e-05,1.997046891852877e-05,2.157365763405044e-06
1930,1.64483041612384e-05,1.8385831351864487e-05,1.9375271906260863e-06
1931,1.2044734978410166e-05,1.8136682601114606e-05,6.09194762270444e-06
1932,1.9434392867638002e-05,2.1235104969459495e-05,1.8007121018214925e-06
1933,2.1744862646765626e-05,2.1670007601993512e-05,-7.485504477211362e-08
1934,2.313923159023705e-05,2.0832476528668237e-05,-2.3067550615688123e-06
1935,2.2478929294132098e-05,2.306166930497228e-05,5.827400108401817e-07
1936,1.704153240450105e-05,1.9286662297603304e-05,2.2451298931022553e-06
1937,1.815075546687035e-05,2.0378426821979257e-05,2.2276713551089067e-06
1938,2.1645971290969366e-05,2.132790159519495e-05,-3.180696957744162e-07
1939,2.0204694373622855e-05,2.102147263733842e-05,8.16778263715565e-07
1940,1.8502866456119987e-05,2.1132286033516988e-05,2.629419577397001e-06
1941,1.8035480637265535e-05,1.9591817660369367e-05,1.5563370231038318e-06
1942,1.530743684776612e-05,1.9013462157084062e-05,3.706025309317943e-06
1943,1.632569637896795e-05,1.7570124219094208e-05,1.2444278401262592e-06
1944,2.2859183028251225e-05,2.2129610788644025e-05,-7.295722396072002e-07
1945,2.0842418754066228e-05,2.265163322387481e-05,1.8092144698085838e-06
1946,2.0827077682807678e-05,2.25346814218586e-05,1.7076037390509224e-06
1947,2.1165126588645248e-05,2.0100504452296996e-05,-1.0646221363482523e-06
1948,1.784495575428397e-05,2.198367545407546e-05,4.138719699791489e-06
1949,1.7207944484530664e-05,1.9001620335804226e-05,1.7936758512735612e-06
1950,1.582401794878846e-05,2.1614468941629736e-05,5.790450992841275e-06
1951,2.0219866574237218e-05,1.837301759323308e-05,-1.846848981004139e-06
1952,2.1769513000260308e-05,1.9566293397335082e-05,-2.203219602925226e-06
1953,2.032411807973813e-05,2.2055699942672315e-05,1.7315818629341851e-06
1954,1.963779698222464e-05,1.9766606434729514e-05,1.2880945250487433e-07
1955,2.0291656856500316e-05,1.983344876564646e-05,-4.582080908538554e-07
1956,2.1757699654197576e-05,2.0481407942713446e-05,-1.2762917114841302e-06
1957,1.8849024283097535e-05,1.9650234623596583e-05,8.01210340499048e-07
1958,1.6590884636603644e-05,1.848599179829197e-05,1.8951071616883243e-06
1959,1.7662533472634714e-05,2.0067380377400695e-05,2.4048469047659814e-06
1960,2.144684705461013e-05,1.923352601084281e-05,-2.2133210437673194e-06
1961,2.009896359308658e-05,1.8788018658700497e-05,-1.3109449343860812e-06
1962,2.415949461368768e-05,2.0283214475244346e-05,-3.876280138443335e-06
1963,1.9071001880785432e-05,2.14619126531122e-05,2.3909107723267675e-06
1964,1.784734034921888e-05,1.6233246900622128e-05,-1.6140934485967528e-06
1965,1.92313617893312e-05,2.0474530805602083e-05,1.2431690162708833e-06
1966,1.865729100996925e-05,2.0793293466112924e-05,2.1360024561436746e-06
1967,1.904555424831503e-05,2.1239495409354474e-05,2.1939411610394438e-06
1968,2.115782972090314e-05,2.1018861064844617e-05,-1.3896865605852286e-07
1969,2.2236711773359892e-05,2.3466186900859147e-05,1.2294751274992555e-06
1970,1.990503051588379e-05,2.2362767598969962e-05,2.457737083086173e-06
1971,2.258327883669114e-05,2.0572175700385395e-05,-2.0111031363057446e-06
1972,1.693592817064209e-05,1.979762566933161e-05,2.8616974986895213e-06
1973,2.2474009072512546e-05,2.1691688889279422e-05,-7.82320183233124e-07
1974,2.2840237008336247e-05,2.2343067509657233e-05,-4.97169498679014e-07
1975,1.95187833506333e-05,2.1735493966590133e-05,2.2167106159568325e-06
1976,2.202367263275062e-05,2.1633564095913156e-05,-3.9010853683746436e-07
1977,1.7154372473719408e-05,1.6565134301033756e-05,-5.892381726856522e-07
1978,2.0557474287996464e-05,2.02717352037071e-05,-2.8573908428936295e-07
1979,1.9898175750217376e-05,2.1822694574225767e-05,1.9245188240083903e-06
1980,1.777561774769028e-05,2.0025238725912318e-05,2.249620978222038e-06
1981,1.8909989029566156e-05,1.931066090901574e-05,4.006718794495843e-07
1982,2.577680918426453e-05,2.1925206204605194e-05,-3.851602979659338e-06
1983,2.3573066560887203e-05,2.1540768824460273e-05,-2.0322977364269303e-06
1984,2.065696517873813e-05,1.9252489535889406e-05,-1.4044756428487247e-06
1985,2.1444609284590598e-05,2.076525288482048e-05,-6.79356399770117e-07
1986,2.14797562801213e-05,2.104779411049881e-05,-4.319621696224893e-07
1987,2.1730064315030942e-05,2.3125902516296255e-05,1.395838201265313e-06
1988,1.6753574511884694e-05,1.7967584925467758e-05,1.2140104135830637e-06
1989,2.0166549596937594e-05,1.8384237396903532e-05,-1.7823122000340618e-06
1990,1.9172011559331934e-05,1.7673507459275716e-05,-1.4985041000562178e-06
1991,2.13363298392613e-05,2.0285573846526314e-05,-1.0507559927349847e-06
1992,2.04186855770277e-05,2.0280376322468148e-05,-1.3830925455955327e-07
1993,1.8939759284105705e-05,1.9606964249807735e-05,6.672049657020296e-07
1994,1.8811026788646964e-05,2.0255254675168055e-05,1.4442278865210907e-06
1995,1.9260594580841148e-05,2.0864973146664938e-05,1.6043785658237898e-06
1996,2.1855497885161637e-05,1.9449621578668076e-05,-2.4058763064935605e-06
1997,1.7218216423644248e-05,2.12772751694989e-05,4.059058745854653e-06
1998,1.9398297573735028e-05,2.140578653325531e-05,2.0074889595202825e-06
1999,2.3294849858488644e-05,2.050621632179914e-05,-2.788633536689504e-06
2000,2.127611013963591e-05,2.1621999132672872e-05,3.458889930369617e-07
2001,2.324420908945198e-05,2.0951180510742106e-05,-2.2930285787098738e-06
2002,1.7064581824914275e-05,1.82606709684417e-05,1.1960891435274258e-06
2003,2.1178782276535853e-05,1.933278945743278e-05,-1.845992819103073e-06
2004,2.0425638648107043e-05,2.053978184070214e-05,1.14143192595096e-07
2005,2.0230956700452042e-05,2.2153828564049656e-05,1.922871863597614e-06
2006,2.350279413198697e-05,2.2346004350202154e-05,-1.1567897817848156e-06
2007,1.9016103464360877e-05,1.8439395088585373e-05,-5.767083757755039e-07
2008,2.0462485960709412e-05,2.2354843290111047e-05,1.8923573294016346e-06
2009,2.5877399638186072e-05,2.154225531681056e-05,-4.335144321375514e-06
2010,1.799193044696945e-05,1.9481487799710617e-05,1.4895573527411678e-06
2011,2.4249486154079946e-05,2.239398216949114e-05,-1.8555039845888051e-06
2012,2.1355236908850418e-05,2.098779681585058e-05,-3.674400929998388e-07
2013,1.8874836507059573e-05,2.2519587057973508e-05,3.644750550913935e-06
2014,1.731616172797208e-05,1.931872164779522e-05,2.0025599198231382e-06
2015,1.882410689545681e-05,2.0754769275081612e-05,1.930662379624803e-06
2016,1.6828718059620223e-05,2.1353025084336233e-05,4.524307024716011e-06
2017,1.7707990478628015e-05,1.9945998018948428e-05,2.2380075403204133e-06
2018,1.787849890931289e-05,2.125784183749897e-05,3.3793429281860777e-06
2019,2.106869750070812e-05,1.950627797609207e-05,-1.5624195246160485e-06
2020,2.102253679293367e-05,1.953667180328431e-05,-1.4858649896493587e-06
2021,2.0882386492525122e-05,1.9326493710721358e-05,-1.5558927818037646e-06
2022,2.56871228313018e-05,2.153414097413884e-05,-4.15298185716296e-06
2023,2.128428445678892e-05,2.0472198722925725e-05,-8.120857338631935e-07
2024,2.3285946699216837e-05,2.049219241897956e-05,-2.7937542802372772e-06
2025,2.2948560307672666e-05,2.6603171360503718e-05,3.6546110528310515e-06
2026,2.178220078641834e-05,1.8848875989635372e-05,-2.9333247967829686e-06
2027,2.0562564043139615e-05,1.9604246173244987e-05,-9.583178698946279e-07
2028,1.6353328973196223e-05,1.850682048059697e-05,2.153491507400746e-06
2029,2.214551745277182e-05,2.13711465463601e-05,-7.743709064117206e-07
2030,1.8288527658061144e-05,2.024309865259886e-05,1.9545709945377155e-06
2031,1.8698176557492574e-05,2.159595306048532e-05,2.8977765029927473e-06
2032,1.6571588850073243e-05,2.146433142961318e-05,4.892742579539939e-06
2033,2.017331329325489e-05,2.180472545432689e-05,1.631412161072001e-06
2034,1.8749969425708876e-05,2.1196487029891546e-05,2.4465176041826695e-06
2035,2.403840120650993e-05,2.3502255266448136e-05,-5.361459400617928e-07
2036,2.1842318046421097e-05,1.9385975256291603e-05,-2.4563427901294945e-06
2037,2.1283002348712187e-05,2.3094808081270717e-05,1.8118057325585303e-06
2038,2.020590675954954e-05,2.075941736211524e-05,5.535106025657011e-07
2039,2.3612108683860706e-05,1.913871174602791e-05,-4.473396937832795e-06
2040,2.2964425803125065e-05,2.2332977706361993e-05,-6.314480967630721e-07
2041,1.8451705863644214e-05,1.780642708541163e-05,-6.452787782325828e-07
2042,2.21331237848417e-05,2.3260864137647476e-05,1.1277403528057757e-06
2043,2.200968140797861e-05,1.911711743834556e-05,-2.8925639696330505e-06
2044,1.638126364347966e-05,1.7739323368263272e-05,1.3580597247836137e-06
2045,2.033591256670522e-05,1.836711038107596e-05,-1.968802185629262e-06
2046,2.3379047703594832e-05,2.0831020972094142e-05,-2.54802673150069e-06
2047,1.711315783918249e-05,2.24827646684653e-05,5.369606829282809e-06
2048,1.6706739588287374e-05,2.059426555534801e-05,3.887525967060634e-06
2049,2.4567136583298827e-05,2.101364217716045e-05,-3.5534944061383757e-06
2050,2.400099900952039e-05,2.2374209528605288e-05,-1.6267894809151016e-06
2051,2.0328338060581657e-05,1.9019728919661615e-05,-1.3086091409200423e-06
2052,1.790458905570204e-05,1.9314474441052168e-05,1.4098853853501283e-06
2053,1.6145851981461477e-05,2.1485032274444434e-05,5.339180292982957e-06
2054,2.0519260821027243e-05,2.0749684718056323e-05,2.3042389702908046e-07
2055,2.166862533139714e-05,2.068723190154544e-05,-9.81393429851702e-07
2056,1.7599784159007813e-05,2.0915715850941708e-05,3.3159316919338942e-06
2057,1.9267193542183823e-05,2.03821978132659e-05,1.115004271082076e-06
2058,2.158191534190199e-05,2.0513937969100967e-05,-1.067977372801024e-06
2059,1.9241867866892684e-05,2.1037565537389294e-05,1.7956976704966093e-06
2060,1.723827543949251e-05,1.969556663277812e-05,2.45729119328561e-06
2061,2.199142709901624e-05,2.0365937772077866e-05,-1.6254893269383731e-06
2062,2.3007453477649422e-05,2.1784691928041278e-05,-1.222761549608144e-06
2063,1.862549305315699e-05,1.7882976563566676e-05,-7.425164895903143e-07
2064,2.2293938190547635e-05,2.0416985657688005e-05,-1.8769525328596293e-06
2065,2.434888240913931e-05,2.2613561174277473e-05,-1.7353212348618373e-06
2066,1.8355633912551923e-05,2.0595391789437185e-05,2.2397578768852623e-06
2067,2.159263384291494e-05,2.086533380484922e-05,-7.273000380657206e-07
2068,1.7718599137205013e-05,1.8646889712091243e-05,9.282905748862302e-07
2069,2.2734588475017027e-05,2.1498225248685572e-05,-1.236363226331455e-06
2070,1.6237161369876033e-05,2.032646216451663e-05,4.089300794640597e-06
2071,2.3803443804949173e-05,2.015316500201348e-05,-3.650278802935695e-06
2072,1.9608054362778587e-05,1.9462661553703445e-05,-1.453928090751428e-07
2073,2.0779492931798995e-05,2.1109082195993085e-05,3.295892641940902e-07
2074,2.002811653903313e-05,1.969467539582606e-05,-3.3344114320706897e-07
2075,2.1013156552395698e-05,2.2250865697139884e-05,1.2377091447441864e-06
2076,1.5219561198367282e-05,1.6384051792836212e-05,1.1644905944689301e-06
2077,1.6851694855578863e-05,1.8695704176021597e-05,1.8440093204427344e-06
2078,2.137315827995893e-05,2.4438497478474023e-05,3.065339198515093e-06
2079,2.373769072430097e-05,2.083033411475984e-05,-2.9073566095411295e-06
2080,1.8833351865004602e-05,2.1842728007537214e-05,3.009376142532612e-06
2081,1.6991312560649455e-05,2.023096523638375e-05,3.2396526757342938e-06
2082,1.8663907991978562e-05,1.8432354932346984e-05,-2.3155305963157795e-07
2083,1.7149056880607424e-05,2.0106212690614924e-05,2.9571558100075003e-06
2084,2.1794108716887833e-05,2.0906106247546676e-05,-8.880024693411571e-07
2085,1.3168647316949066e-05,1.8713388541412875e-05,5.544741224463809e-06
2086,1.8161304375027892e-05,2.0174263167080894e-05,2.012958792053002e-06
2087,2.121923545257407e-05,2.0349238955019045e-05,-8.69996497555023e-07
2088,2.183785692949919e-05,2.2859754301392573e-05,1.0218973718933828e-06
2089,2.0335207011750448e-05,1.920047435997198e-05,-1.1347326517784685e-06
2090,2.7101004882251023e-05,2.2004251181760058e-05,-5.096753700490965e-06
2091,1.8603124646716103e-05,1.7760562472005434e-05,-8.425621747106695e-07
2092,2.060337408503042e-05,1.842039690626337e-05,-2.182977178767052e-06
2093,2.4162318993431554e-05,2.3279741382617283e-05,-8.825776108142703e-07
2094,1.9602768835884432e-05,2.1417426373796765e-05,1.8146575379123326e-06
2095,1.741749595917708e-05,2.116718926512776e-05,3.749693305950679e-06
2096,1.913387956044681e-05,1.8832825258302733e-05,-3.0105430214407607e-07
2097,2.0991182679795793e-05,2.1993208252099086e-05,1.0020255723032928e-06
2098,2.028271363681373e-05,1.9918948821265644e-05,-3.6376481554808513e-07
2099,2.0976724166444838e-05,2.0309612972897197e-05,-6.671111935476409e-07
2100,1.9715472481496327e-05,1.9385703910536316e-05,-3.2976857096001096e-07
2101,2.6454248974435565e-05,2.4607391699307297e-05,-1.846857275128268e-06
2102,2.3431635764178224e-05,2.395998897338658e-05,5.283532092083573e-07
2103,2.1601552422445663e-05,1.8994961810908402e-05,-2.6065906115372617e-06
2104,1.444453879952755e-05,1.7416782761193375e-05,2.9722439616658253e-06
2105,2.4662586998498405e-05,1.9340336574272956e-05,-5.322250424225448e-06
2106,2.4235216548770436e-05,1.9622792226969694e-05,-4.6124243218007414e-06
2107,1.8383598044241682e-05,1.8768624797893463e-05,3.8502675365178135e-07
2108,2.122612575765989e-05,2.337271142767438e-05,2.146585670014489e-06
2109,1.9692952463128415e-05,2.0293962495054913e-05,6.010100319264985e-07
2110,1.6518074257324126e-05,2.0481185564544646e-05,3.96311130722052e-06
2111,2.025038237615847e-05,1.8742154045294307e-05,-1.5082283308641645e-06
2112,2.318898382885985e-05,2.094969094404821e-05,-2.2392928848116387e-06
2113,1.9913114953347382e-05,2.0054537400864143e-05,1.4142244751676108e-07
2114,1.682428869713619e-05,2.0312709383574267e-05,3.4884206864380755e-06
2115,1.857129325226631e-05,2.1536793089153285e-05,2.9654998368869744e-06
2116,2.0142692784794292e-05,2.0074195801429508e-05,-6.849698336478408e-08
2117,1.61490432414374e-05,1.7324066012401998e-05,1.1750227709645994e-06
2118,1.8193598466508182e-05,1.9075698940634715e-05,8.821004741265326e-07
2119,1.9973384531473293e-05,2.128582058040511e-05,1.3124360489318157e-06
2120,1.792797336676734e-05,2.209437700012272e-05,4.166403633355381e-06
2121,2.2202199474063124e-05,2.2169383238628414e-05,-3.281623543470964e-08
2122,2.033249829904669e-05,2.043867506087549e-05,1.0617676182879868e-07
2123,1.6782028892880204e-05,1.959912119548415e-05,2.8170923026039454e-06
2124,1.4195280892135264e-05,1.8417843700649106e-05,4.222562808513841e-06
2125,1.4967891308741685e-05,1.923381515034075e-05,4.265923841599064e-06
2126,2.0236856998572226e-05,2.0546217213265613e-05,3.0936021469338694e-07
2127,2.0922141612215712e-05,1.912006349950086e-05,-1.8020781127148512e-06
2128,1.8656633511118e-05,2.199034897599762e-05,3.3337154648796193e-06
2129,1.4863613594631197e-05,2.0183015477343717e-05,5.319401882712521e-06
2130,1.706746948958865e-05,2.0625701256599345e-05,3.558231767010696e-06
2131,2.2794913481279516e-05,2.066084744880015e-05,-2.1340660324793673e-06
2132,1.9619570777525683e-05,2.1190529306861476e-05,1.5709585293357923e-06
2133,1.8406970138070375e-05,2.120822136833235e-05,2.8012512302619755e-06
2134,1.8556517807376034e-05,2.2654760178865395e-05,4.098242371489361e-06
2135,2.4016244704510237e-05,2.1407806779720227e-05,-2.608437924790011e-06
2136,2.437032330250064e-05,2.129457960972615e-05,-3.075743692774491e-06
2137,1.642005477014077e-05,1.9399894283099418e-05,2.979839512958648e-06
2138,2.162396587591527e-05,1.8926697613297378e-05,-2.697268262617891e-06
2139,1.912250566516337e-05,1.9403919667735955e-05,2.814140025725834e-07
2140,1.9647990821151644e-05,2.09744693927745e-05,1.3264785716228557e-06
2141,1.9329960415971914e-05,1.9839443117160164e-05,5.094827011882495e-07
2142,2.0399406831455574e-05,1.9113569815071722e-05,-1.2858370163838517e-06
2143,2.0963933724598364e-05,2.036232236637758e-05,-6.016113582207853e-07
2144,2.1063636418349828e-05,2.1357573522661273e-05,2.939371043114453e-07
2145,2.019064154875381e-05,2.2237366318584662e-05,2.046724769830852e-06
2146,2.1196189778879418e-05,2.2390097373084714e-05,1.1939075942052962e-06
2147,2.142401929125189e-05,1.933387285457103e-05,-2.090146436680861e-06
2148,1.901743215789272e-05,2.2041609707484185e-05,3.024177549591464e-06
2149,2.1073837943009023e-05,1.946209698983785e-05,-1.6117409531711726e-06
2150,2.120730500253917e-05,2.276788405769091e-05,1.5605790551517407e-06
2151,1.998792433991074e-05,2.1601685296420467e-05,1.6137609565097249e-06
2152,1.976605001398006e-05,1.8938748602445834e-05,-8.273014115342244e-07
2153,2.4229044536655273e-05,2.106028039185949e-05,-3.1687641447957836e-06
2154,2.7849229137120533e-05,2.5625628386478224e-05,-2.223600750642309e-06
2155,1.4808533270118945e-05,1.9308810930296396e-05,4.500277660177451e-06
2156,2.2369293666475613e-05,2.2353627779324992e-05,-1.566588715062124e-08
2157,2.124751813078824e-05,2.0605126594219096e-05,-6.423915365691424e-07
2158,1.7912572307126698e-05,1.8770841198250208e-05,8.582688911235099e-07
2159,2.2588374089234888e-05,2.1521264578152247e-05,-1.0671095110826414e-06
2160,1.949584806256017e-05,1.9004246090926326e-05,-4.916019716338451e-07
2161,2.200645938959667e-05,1.984842537588609e-05,-2.158034013710582e-06
2162,2.250896392901025e-05,2.0000219530117285e-05,-2.508744398892964e-06
2163,1.9312162840395283e-05,1.7800160392065222e-05,-1.5120024483300604e-06
2164,2.1895175008077565e-05,1.9634223344845313e-05,-2.2609516632322528e-06
2165,1.7085185153200792e-05,1.784583426733986e-05,7.606491141390668e-07
2166,1.749014457217179e-05,1.824803251487332e-05,7.578879427015301e-07
2167,2.5062915920020124e-05,2.1300913476907075e-05,-3.7620024431130495e-06
2168,1.6847522483262245e-05,2.1055044706627663e-05,4.207522223365417e-06
2169,1.976248165292136e-05,1.9081794997221465e-05,-6.806866556998937e-07
2170,2.2944393194209982e-05,2.3758108977406267e-05,8.137157831962852e-07
2171,2.329486216214027e-05,2.0974317283591367e-05,-2.3205448785489015e-06
2172,2.216865401936562e-05,2.198486891193782e-05,-1.8378510742780174e-07
2173,2.0830827625606267e-05,2.1695425253969206e-05,8.645976283629388e-07
2174,1.6338363819184796e-05,1.927875701754789e-05,2.940393198363096e-06
2175,2.1804099695553062e-05,2.0160176082730574e-05,-1.6439236128224886e-06
2176,2.048222472686339e-05,1.9585531736256205e-05,-8.966929906071858e-07
2177,2.0886853721333783e-05,2.120611838599291e-05,3.1926466465912736e-07
2178,1.6979260561642813e-05,1.974928450735994e-05,2.7700239457171257e-06
2179,2.5743918620501655e-05,2.1088014153347994e-05,-4.655904467153661e-06
2180,2.0010864209852064e-05,1.9567916030328963e-05,-4.4294817952310043e-07
2181,2.8136209217527352e-05,2.163046699150949e-05,-6.505742226017863e-06
2182,1.917768873816739e-05,2.1499786616752026e-05,2.3220978785846377e-06
2183,2.254765931138641e-05,2.0518943018376958e-05,-2.0287162930094523e-06
2184,1.8828033429652923e-05,2.071286230118258e-05,1.8848288715296577e-06
2185,1.785312684158046e-05,1.869004379475379e-05,8.369169531733304e-07
2186,2.621130443935611e-05,2.262848252649563e-05,-3.582821912860482e-06
2187,2.364586102936293e-05,2.112312477483144e-05,-2.5227362545314903e-06
2188,2.709207500394239e-05,2.1415773754538693e-05,-5.676301249403696e-06
2189,1.593867172456197e-05,1.8276271478780095e-05,2.3375997542181263e-06
2190,1.9674088835057388e-05,2.1847105655501915e-05,2.173016820444527e-06
2191,2.1354595185682494e-05,2.191067019428447e-05,5.560750086019766e-07
2192,2.1048521011402426e-05,1.914962170736305e-05,-1.8988993040393766e-06
2193,1.906752551947576e-05,2.1338847894637048e-05,2.271322375161287e-06
2194,1.7814027349332166e-05,2.098248729541311e-05,3.1684599460809446e-06
2195,2.2398862877819287e-05,1.928486051602148e-05,-3.1140023617978074e-06
2196,1.981931014648647e-05,1.964553417557037e-05,-1.737759709160998e-07
2197,2.134190431504583e-05,2.046080362592857e-05,-8.811006891172617e-07
2198,2.2249566511601976e-05,2.0840715035123244e-05,-1.408851476478732e-06
2199,2.0982205701591784e-05,2.1639446048956997e-05,6.572403473652137e-07
2200,2.303669875552194e-05,2.146450281304192e-05,-1.5721959424800193e-06
2201,2.1096478512490817e-05,2.0483822573810377e-05,-6.126559386804403e-07
2202,2.074531562942787e-05,2.0854116003287224e-05,1.0880037385935484e-07
2203,2.3516813390926177e-05,2.3367421774079565e-05,-1.4939161684661184e-07
2204,2.014353626133656e-05,1.8811186935121964e-05,-1.3323493262145953e-06
2205,2.2445063474881495e-05,2.1414829318190183e-05,-1.0302341566913124e-06
2206,1.6455280659651523e-05,1.6969435984148645e-05,5.141553244971222e-07
2207,1.967296324194505e-05,2.206521815985105e-05,2.3922549179060015e-06
2208,1.6345965516773127e-05,1.6884725474219357e-05,5.387599574462298e-07
2209,2.222658200349523e-05,2.110500861028046e-05,-1.1215733932147702e-06
2210,2.23989301339334e-05,1.9765815050359393e-05,-2.633115083574008e-06
2211,1.9756346538718428e-05,2.1180653885958435e-05,1.4243073472400065e-06
2212,2.1852048298613295e-05,2.1895003445796253e-05,4.295514718295857e-08
2213,2.11496652903861e-05,1.99700144653347e-05,-1.1796508250514002e-06
2214,2.0144767916552672e-05,1.9784772017329255e-05,-3.599958992234172e-07
2215,2.187060878424885e-05,2.1253830007231393e-05,-6.167787770174584e-07
2216,2.030912903969749e-05,2.0577987545778107e-05,2.6885850608061564e-07
2217,2.1341060891937595e-05,2.2567892473864792e-05,1.2268315819271978e-06
2218,1.9151817115810602e-05,1.997956276864489e-05,8.277456528342882e-07
2219,2.036236774039832e-05,2.158513168356351e-05,1.2227639431651898e-06
2220,2.0676544561444688e-05,2.0981492399364366e-05,3.0494783791967876e-07
2221,2.116065017121456e-05,2.1610643376847225e-05,4.499932056326656e-07
2222,2.4881490013458904e-05,2.1590847980954967e-05,-3.2906420325039375e-06
2223,2.1994132502376828e-05,2.3536729760385343e-05,1.5425972580085155e-06
2224,2.0629235432344296e-05,2.021894644145791e-05,-4.10288990886388e-07
2225,2.1669441532034877e-05,2.1431863781835503e-05,-2.3757775019937465e-07
2226,1.842635518563839e-05,1.8805169768391928e-05,3.7881458275353686e-07
2227,2.140086907953145e-05,2.290650302054119e-05,1.5056339410097398e-06
2228,2.3332018343032303e-05,2.1601014378637216e-05,-1.731003964395087e-06
2229,2.2712709743273534e-05,2.1002453540467362e-05,-1.7102562028061718e-06
2230,1.988854870938548e-05,2.1606118307063798e-05,1.7175695976783167e-06
2231,2.260008850504103e-05,2.4781715030395565e-05,2.181626525354534e-06
2232,2.014234761788293e-05,2.1231837133016614e-05,1.0894895151336852e-06
2233,2.5703723624493965e-05,2.343815304189829e-05,-2.265570582595677e-06
2234,2.2151797309954758e-05,1.95542417243976e-05,-2.5975555855571567e-06
2235,1.7651947412655256e-05,1.9690934382369556e-05,2.0389869697142994e-06
2236,2.2250710249207865e-05,1.9716226307259942e-05,-2.534483941947923e-06
2237,2.1042934342573247e-05,1.951553642923328e-05,-1.5273979133399672e-06
2238,1.6041424916671623e-05,1.8261409527427225e-05,2.2199846107556023e-06
2239,1.9596670105175244e-05,1.9289643798145136e-05,-3.070263070301074e-07
2240,2.165678024441422e-05,1.9094454958739438e-05,-2.562325285674783e-06
2241,1.770279793381609e-05,1.889083601084921e-05,1.18803807703312e-06
2242,1.8696943642965287e-05,2.437065142811271e-05,5.6737077851474246e-06
2243,1.744391401787786e-05,1.9252596017572395e-05,1.8086819996945354e-06
2244,1.4285277036405273e-05,1.9190759982316767e-05,4.905482945911494e-06
2245,2.1418268834966675e-05,2.0644245290081647e-05,-7.740235448850287e-07
2246,1.8383669830266635e-05,1.8083037886959882e-05,-3.0063194330675263e-07
2247,1.610610990001921e-05,2.028793219273383e-05,4.181822292714618e-06
2248,1.8603124646716103e-05,1.7760562472005434e-05,-8.425621747106695e-07
2249,2.3951931835184144e-05,2.3883629879379244e-05,-6.830195580490009e-08
2250,2.4222665359210405e-05,2.2151282081341587e-05,-2.071383277868818e-06
2251,2.0292505947559003e-05,2.0109121629573573e-05,-1.8338431798543007e-07
2252,1.9510048638096678e-05,2.2364619764655644e-05,2.8545711265589658e-06
2253,1.9831064375237068e-05,1.9649967678453394e-05,-1.810966967836746e-07
2254,1.942975877833203e-05,2.256362127356844e-05,3.13386249523641e-06
2255,1.7761135348963186e-05,2.103710191526347e-05,3.275966566300283e-06
2256,2.0588812397926166e-05,2.253521679730421e-05,1.9464043993780436e-06
2257,1.7123616444005384e-05,1.826690770576173e-05,1.1432912617563471e-06
2258,1.778880163319071e-05,1.7867896176602976e-05,7.909454341226705e-08
2259,1.8373443411601763e-05,1.7761530112458807e-05,-6.119132991429555e-07
2260,1.9985687915095103e-05,1.9552521396543845e-05,-4.3316651855125775e-07
2261,2.1349519825166007e-05,2.108370419366271e-05,-2.6581563150329736e-07
2262,1.9924615445411506e-05,2.0863867830439306e-05,9.392523850277996e-07
2263,2.0242289133073488e-05,1.8520298408973508e-05,-1.72199072409998e-06
2264,2.242908395401369e-05,2.0028843283774192e-05,-2.4002406702394993e-06
2265,1.8111844532947362e-05,1.9345010286782472e-05,1.2331657538351093e-06
2266,1.8109602230734254e-05,2.16044163900315e-05,3.4948141592972452e-06
2267,2.207372259376117e-05,2.105407625357751e-05,-1.01964634018366e-06
2268,2.206419874156443e-05,2.3732902830027775e-05,1.6687040884633459e-06
2269,2.114565750811611e-05,1.9965811338094886e-05,-1.1798461700212246e-06
2270,2.036896545819246e-05,1.8992769329181033e-05,-1.3761961290114268e-06
2271,2.2455958679245134e-05,2.051438065862748e-05,-1.9415780206176544e-06
2272,2.4713644951342924e-05,2.4201453989193895e-05,-5.121909621490286e-07
2273,2.3187497905242413e-05,2.0603620197680866e-05,-2.583877707561547e-06
2274,2.354146666230938e-05,2.0688810541588155e-05,-2.8526561207212264e-06
2275,2.4099634576299176e-05,2.2302384543509927e-05,-1.797250032789249e-06
2276,1.71535764240231e-05,1.797320842721025e-05,8.196320031871501e-07
2277,2.0201655383047486e-05,1.972885603583811e-05,-4.727993472093766e-07
2278,2.400685202764697e-05,2.2816424950115074e-05,-1.1904270775318955e-06
2279,2.2396659853205327e-05,2.0512506719229242e-05,-1.884153133976085e-06
2280,1.8831842803727134e-05,2.1643431300978597e-05,2.8115884972514633e-06
2281,2.454072916920109e-05,2.340273343500115e-05,-1.1379957341999404e-06
2282,2.5101277963531857e-05,2.2905160848203184e-05,-2.196117115328673e-06
2283,2.042112142486918e-05,2.0447754039269266e-05,2.663261440008651e-08
2284,2.065205972282875e-05,1.8072316359778027e-05,-2.5797433630507245e-06
2285,2.041642329883663e-05,1.9933603282054053e-05,-4.82820016782575e-07
2286,2.031687059365428e-05,1.9684156205309097e-05,-6.32714388345182e-07
2287,2.0138923782714538e-05,2.2455756822509106e-05,2.3168330397945682e-06
2288,2.211333846358916e-05,2.3480372966603052e-05,1.3670345030138923e-06
2289,1.7033262495654666e-05,1.9208912263813227e-05,2.1756497681585613e-06
2290,2.1866056000061685e-05,2.1702336157908872e-05,-1.6371984215281279e-07
2291,2.1289265743691564e-05,1.960344140273444e-05,-1.6858243409571233e-06
2292,2.2667365799050716e-05,1.97498526342519e-05,-2.9175131647988176e-06
2293,1.9336474220085142e-05,1.9158629462930125e-05,-1.7784475715501704e-07
2294,1.6028710649136213e-05,1.9674216503141365e-05,3.645505854005151e-06
2295,1.802951466297432e-05,2.0089883662066487e-05,2.060368999092167e-06
2296,1.604429986026254e-05,1.89241498970257e-05,2.8798500367631603e-06
2297,1.905139710108735e-05,1.85016397954288e-05,-5.497573056585493e-07
2298,1.829882256942263e-05,1.7691174032550392e-05,-6.076485368722387e-07
2299,2.1917587908044672e-05,1.9871489745678714e-05,-2.0460981623659586e-06
2300,1.833690382297418e-05,1.849810415069428e-05,1.612003277200977e-07
2301,1.7688575050711236e-05,1.745625337721531e-05,-2.3232167349592555e-07
2302,1.7263928852784625e-05,1.7127761605722248e-05,-1.3616724706237715e-07
2303,2.3798986803041134e-05,1.9281366478304264e-05,-4.517620324736871e-06
2304,2.231454297777503e-05,2.3496328706100235e-05,1.181785728325205e-06
2305,1.6784954289198282e-05,1.9420651738879194e-05,2.6356974496809124e-06
2306,2.116652715068481e-05,2.0514891899529272e-05,-6.516352511555363e-07
2307,1.6708777343448118e-05,1.8059893234263178e-05,1.3511158908150595e-06
2308,2.1206947441921724e-05,2.127001490769614e-05,6.30674657744146e-08
2309,2.1359568121382512e-05,2.0324715749841554e-05,-1.0348523715409578e-06
2310,1.7944877323781558e-05,2.074798176515005e-05,2.8031044413684905e-06
2311,2.180803233064068e-05,2.3586900900229225e-05,1.7788685695885454e-06
2312,2.0515358595671118e-05,2.1276222692641973e-05,7.608640969708556e-07
2313,1.9581426606589357e-05,1.82721179614667e-05,-1.3093086451226574e-06
2314,2.1878990314062237e-05,1.948497384488508e-05,-2.3940164691771584e-06
2315,1.981999225766022e-05,2.2341810401300227e-05,2.521818143640006e-06
2316,1.8984487233330586e-05,2.0826654940690318e-05,1.8421677073597321e-06
2317,2.4061197984316853e-05,2.2407125759221864e-05,-1.6540722250949891e-06
2318,2.2237238235830864e-05,2.025229933430174e-05,-1.984938901529125e-06
2319,1.570944041985456e-05,1.789892026596478e-05,2.1894798461102226e-06
2320,2.1467354973949577e-05,1.972040075929672e-05,-1.7469542146528563e-06
2321,2.1929860258642363e-05,2.0395787134667014e-05,-1.5340731239753494e-06
2322,2.069728958248949e-05,2.0420538135450193e-05,-2.767514470392966e-07
2323,1.8027308221859868e-05,2.111299601048713e-05,3.085687788627262e-06
2324,1.849935265504338e-05,2.073606448760931e-05,2.2367118325659313e-06
2325,1.712559923732393e-05,2.1522921383545827e-05,4.397322146221898e-06
2326,1.605455070271732e-05,1.9989674888043784e-05,3.935124185326463e-06
2327,1.8259287581851263e-05,2.0815654417586696e-05,2.5563668357354337e-06
2328,1.6311035801184486e-05,1.7833938537622927e-05,1.5229027364384412e-06
2329,1.9493988371607226e-05,2.0528933641870755e-05,1.0349452702635299e-06
2330,1.9641679199121177e-05,1.8698679068589462e-05,-9.430001305317151e-07
2331,2.2319994967012115e-05,2.374732603682812e-05,1.4273310698160034e-06
2332,1.8397547793691755e-05,2.0586718868352384e-05,2.189171074660628e-06
2333,2.0095389924564875e-05,1.9808728390696456e-05,-2.866615338684191e-07
2334,1.9868830338819976e-05,2.013783859856017e-05,2.690082597401923e-07
2335,2.1498885419814896e-05,2.1850503819856212e-05,3.516184000413157e-07
2336,2.2868997551382134e-05,2.1349235898132024e-05,-1.5197616532501102e-06
2337,1.6743856255612968e-05,1.8133806525990498e-05,1.3899502703775298e-06
2338,2.0314451863316996e-05,2.0970740646775475e-05,6.562887834584791e-07
2339,1.8872448860724734e-05,1.840276031205813e-05,-4.696885486666051e-07
2340,2.0743914361612393e-05,2.2312299970132087e-05,1.5683856085196932e-06
2341,2.0478061248537105e-05,2.0470863201684856e-05,-7.19804685224857e-09
2342,2.1812716633446806e-05,1.962433891188996e-05,-2.1883777215568454e-06
2343,2.4441837716294643e-05,2.03749988182581e-05,-4.066838898036542e-06
2344,1.7995785236662734e-05,2.4319231575292354e-05,6.32344633862962e-06
2345,1.869166729392598e-05,1.973710306571554e-05,1.045435771789558e-06
2346,1.8115142720855498e-05,1.827688384285178e-05,1.6174112199628275e-07
2347,2.075889913055341e-05,2.140042971384887e-05,6.415305832954589e-07
2348,2.1063636418349828e-05,2.1357573522661273e-05,2.939371043114453e-07
2349,2.1566614419371795e-05,2.0005582594707607e-05,-1.5610318246641884e-06
2350,1.8395973200717356e-05,2.028193108556162e-05,1.8859578848442652e-06
2351,2.2811621024799974e-05,2.3433810123701532e-05,6.221890989015579e-07
2352,1.5770677157783527e-05,1.7612483940128903e-05,1.8418067823453761e-06
2353,2.3348037984051753e-05,2.0980194287381433e-05,-2.3678436966703204e-06
2354,1.7900014903989096e-05,1.971857217408583e-05,1.8185572700967354e-06
2355,1.9838632156272575e-05,2.1099532990058046e-05,1.2609008337854706e-06
2356,2.1861902124352907e-05,1.86646684584105e-05,-3.1972336659424064e-06
2357,2.0823870055069932e-05,2.0245005978896672e-05,-5.7886407617326e-07
2358,2.1071556458390226e-05,1.8921055160364826e-05,-2.1505012980254002e-06
2359,2.3295287566993136e-05,2.0181867556652042e-05,-3.1134200103410943e-06
2360,1.3064060316931837e-05,1.8619116044136322e-05,5.555055727204484e-06
2361,1.8861281332548784e-05,2.0266868248561994e-05,1.4055869160132104e-06
2362,2.021842626644492e-05,2.1473657827084586e-05,1.2552315606396653e-06
2363,2.652327302789585e-05,2.3405680793862477e-05,-3.117592234033374e-06
2364,2.3595766333936677e-05,2.2138156366865098e-05,-1.457609967071579e-06
2365,2.0327177970554798e-05,2.053900426726709e-05,2.1182629671229194e-07
2366,1.9874168866375716e-05,2.147657926773039e-05,1.602410401354674e-06
2367,2.494733417299794e-05,2.374141127740195e-05,-1.2059228955959871e-06
2368,1.7354156647418968e-05,2.1041993422887596e-05,3.6878367754686284e-06
2369,1.8941624517059893e-05,1.8666494927740915e-05,-2.75129589318978e-07
2370,1.6914413624214734e-05,1.8312824245904447e-05,1.3984106216897122e-06
2371,2.0188374639627213e-05,2.4018811857356894e-05,3.830437217729681e-06
2372,2.089490897512522e-05,2.136088524107658e-05,4.6597626595136035e-07
2373,1.950806270560454e-05,2.181689727078361e-05,2.3088345651790684e-06
2374,1.8518955458538417e-05,1.8621784028699985e-05,1.0282857016156833e-07
2375,1.9154570489384208e-05,2.1916000424976838e-05,2.76142993559263e-06
2376,2.582981122007996e-05,2.0299214853916027e-05,-5.530596366163934e-06
2377,1.5697687120969784e-05,1.6909085538327537e-05,1.2113984173577524e-06
2378,2.3855037747093325e-05,2.231511452255454e-05,-1.539923224538783e-06
2379,2.2031813779889262e-05,2.019799475951829e-05,-1.8338190203709709e-06
2380,1.969690078772869e-05,1.8710537441870933e-05,-9.863633458577554e-07
2381,1.6799283091200905e-05,1.9315351900279587e-05,2.516068809078682e-06
2382,2.1130085935136837e-05,2.1423975106329023e-05,2.9388917119218633e-07
2383,2.0201237608375167e-05,1.9691619080484537e-05,-5.096185278906299e-07
2384,2.2212457671369712e-05,1.9368236556269373e-05,-2.844221115100339e-06
2385,2.2297022900020625e-05,1.9928695407470455e-05,-2.36832749255017e-06
2386,2.0619347669910138e-05,2.0388872548779887e-05,-2.304751211302504e-07
2387,1.7031874665244983e-05,1.9770870618673375e-05,2.7389959534283916e-06
2388,2.191629190856221e-05,2.1950433010690277e-05,3.4141102128065916e-08
2389,2.2913839679663683e-05,2.1140754430839484e-05,-1.7730852488241993e-06
2390,2.2507159275722694e-05,2.071305232760191e-05,-1.7941069481207832e-06
2391,2.0540938764152544e-05,2.254523632723169e-05,2.004297563079147e-06
2392,1.929152864604663e-05,2.1148701590127206e-05,1.8571729440805747e-06
2393,1.9924195466392862e-05,1.826872026658121e-05,-1.6554751998116532e-06
2394,1.9373067514588493e-05,1.9441423114358233e-05,6.835559976973995e-08
2395,2.096179822681904e-05,2.1699288693636234e-05,7.374904668171946e-07
2396,2.129665447727023e-05,2.3662454406728613e-05,2.3657999294583815e-06
2397,2.4177008532317393e-05,2.0382787274251787e-05,-3.794221258065605e-06
2398,1.877652593574222e-05,2.0097295203858592e-05,1.3207692681163713e-06
2399,2.1946810195109173e-05,1.9341748986297215e-05,-2.605061208811958e-06
2400,2.081312785552849e-05,1.9726989641707905e-05,-1.0861382138205861e-06
2401,1.8151050112550756e-05,2.0232296669135098e-05,2.081246556584342e-06
2402,2.5594110698798665e-05,2.241405536477541e-05,-3.1800553340232555e-06
2403,1.93860049356669e-05,1.9064019767954667e-05,-3.2198516771223245e-07
2404,2.1912962248826223e-05,2.056225292683293e-05,-1.3507093219932917e-06
2405,1.759894355931008e-05,2.0721274916980284e-05,3.122331357670203e-06
2406,2.828080829320413e-05,2.096224368248546e-05,-7.318564610718673e-06
2407,2.0424796294298938e-05,2.006426438754549e-05,-3.605319067534482e-07
2408,2.0185272172637845e-05,2.0066215586348402e-05,-1.1905658628944313e-07
2409,1.869545201402292e-05,2.0372828814145537e-05,1.6773768001226156e-06
2410,2.3117431379668446e-05,2.4875190024394455e-05,1.7577586447260096e-06
2411,1.832101869059466e-05,1.8462413809445352e-05,1.4139511885069076e-07
2412,1.9380352293541555e-05,1.9711274003254295e-05,3.3092170971273964e-07
2413,2.1620912313441812e-05,2.13514173791643e-05,-2.694949342775119e-07
2414,1.8414378506450328e-05,1.781382982758221e-05,-6.005486788681183e-07
2415,2.326775038184593e-05,2.221401764435267e-05,-1.0537327374932614e-06
2416,1.4840428667368807e-05,2.0960939654901742e-05,6.120510987532936e-06
2417,1.689571302509328e-05,1.8927004282748232e-05,2.0312912576549516e-06
2418,2.0545680288744896e-05,2.0739994439700676e-05,1.9431415095577998e-07
2419,2.0753486409238397e-05,2.1346381010241547e-05,5.928946010031502e-07
2420,1.8163395278600794e-05,1.929211248702936e-05,1.1287172084285653e-06
2421,1.8765307316728456e-05,1.911097549790468e-05,3.4566818117622564e-07
2422,1.8235888620596158e-05,1.8099771061664134e-05,-1.3611755893202403e-07
2423,2.2779339058091353e-05,2.1439647110953163e-05,-1.3396919471381898e-06
2424,2.0631125446867818e-05,2.379926308836934e-05,3.168137641501523e-06
2425,1.4928686659762243e-05,1.82294138830569e-05,3.300727223294657e-06
2426,1.7280118642576616e-05,2.0833407788122174e-05,3.553289145545558e-06
2427,2.4453897690321886e-05,2.1314102173177104e-05,-3.1397955171447814e-06
2428,2.0551139168262276e-05,1.9765768412624666e-05,-7.8537075563761e-07
2429,1.8393517368624354e-05,2.1803337604329503e-05,3.4098202357051496e-06
2430,1.680602342909719e-05,1.9972367919982794e-05,3.166344490885606e-06
2431,1.792897974463632e-05,2.013660213661179e-05,2.2076223919754697e-06
2432,1.9075495057533653e-05,2.1677136071794968e-05,2.6016410142613153e-06
2433,2.117242100800642e-05,2.2993016766865638e-05,1.8205957588592167e-06
2434,2.0924826394953074e-05,1.9377800743628465e-05,-1.5470256513246082e-06
2435,1.7944341006581835e-05,2.048154779282161e-05,2.5372067862397763e-06
2436,1.970248019535486e-05,2.3092271444574454e-05,3.389791249219595e-06
2437,2.3649560703173084e-05,2.0833713962785995e-05,-2.815846740387088e-06
2438,1.783581942109936e-05,1.698419127742681e-05,-8.516281436725532e-07
2439,2.153543891613834e-05,2.0371425368890917e-05,-1.1640135472474246e-06
2440,1.8278272921388048e-05,2.1119088065966343e-05,2.8408151445782947e-06
2441,2.0624882750173405e-05,1.829800834339119e-05,-2.326874406782215e-06
2442,1.9983696847231938e-05,2.012213824011541e-05,1.384413928834736e-07
2443,1.8754154679323566e-05,2.4350141821179897e-05,5.595987141856331e-06
2444,2.002445944511798e-05,2.093650360700608e-05,9.120441618880991e-07
2445,2.5075604441439117e-05,2.1187937416820755e-05,-3.887667024618362e-06
2446,1.8980457292101244e-05,1.993887401004225e-05,9.58416717941004e-07
2447,1.8928914328923947e-05,2.0074666989785266e-05,1.1457526608613198e-06
2448,1.9029362271519237e-05,1.9527038906795352e-05,4.976766352761145e-07
2449,1.6742051275411478e-05,1.9260875972533132e-05,2.518824697121654e-06
2450,2.1817184025907358e-05,2.2834133162676993e-05,1.0169491367696352e-06
2451,2.11100146524366e-05,2.184166491210082e-05,7.316502596642197e-07
2452,2.5054462446232676e-05,2.2701200847449873e-05,-2.353261598782803e-06
2453,2.2580285300923315e-05,2.0787985675745566e-05,-1.7922996251777494e-06
2454,2.4404681172868015e-05,2.2067972024644925e-05,-2.3367091482230904e-06
2455,2.0482224629630846e-05,1.968021172115082e-05,-8.02012908480027e-07
2456,1.7846606456051e-05,1.701093949196191e-05,-8.356669640890921e-07
2457,2.4983276073704195e-05,2.3189028033834563e-05,-1.7942480398696326e-06
2458,2.0991228648324357e-05,2.174579427380574e-05,7.54565625481382e-07
2459,1.6857621414771804e-05,2.1590069919417727e-05,4.732448504645923e-06
2460,2.1030830451339687e-05,2.1687008426216008e-05,6.561779748763205e-07
2461,1.9151152912146412e-05,1.9437480774562797e-05,2.8632786241638506e-07
2462,1.9169016033266896e-05,2.1486723235532637e-05,2.317707202265741e-06
2463,1.8474074270085094e-05,1.7928841176972866e-05,-5.452330931122276e-07
2464,1.9296355927830523e-05,2.201952061609109e-05,2.723164688260568e-06
2465,2.3017921294561683e-05,2.109776104667955e-05,-1.920160247882135e-06
2466,1.9412064655241992e-05,2.0559992914045974e-05,1.147928258803981e-06
2467,2.4294526675987048e-05,2.3576659372660014e-05,-7.178673033270335e-07
2468,2.2116234317340636e-05,2.1903729860069514e-05,-2.1250445727112217e-07
2469,1.9614114571967808e-05,2.0394243975363436e-05,7.801294033956283e-07
2470,2.1864734525086207e-05,2.0608338952087982e-05,-1.2563955729982258e-06
2471,1.9366683781617794e-05,2.3254436121477817e-05,3.8877523398600225e-06
2472,1.6835476207423325e-05,1.9478381756961528e-05,2.6429055495382033e-06
2473,2.4361494920129354e-05,2.033911019510447e-05,-4.022384725024885e-06
2474,1.662410782822633e-05,2.2283778830610498e-05,5.659671002384167e-06
2475,1.5374130866629754e-05,1.813156648622509e-05,2.757435619595335e-06
2476,2.1147392294415342e-05,2.2279684018641656e-05,1.1322917242263139e-06
2477,2.2205573458901074e-05,2.1063310990818145e-05,-1.1422624680829295e-06
2478,2.15568291749087e-05,2.0017191517123417e-05,-1.5396376577852844e-06
2479,1.9783291984249757e-05,1.8327950232889623e-05,-1.4553417513601336e-06
2480,2.75216318793366e-05,2.1877302205224913e-05,-5.644329674111688e-06
2481,2.2428047070018936e-05,2.4113079749914278e-05,1.6850326798953414e-06
2482,1.9650948341795192e-05,2.1234506967202502e-05,1.5835586254073099e-06
2483,1.8916055574421807e-05,2.1526583551103164e-05,2.610527976681357e-06
2484,2.0736146621156503e-05,1.9293098005340676e-05,-1.4430486158158268e-06
2485,1.6987611181309045e-05,1.935912900829822e-05,2.3715178269891754e-06
2486,2.1328920140914037e-05,1.890780851511559e-05,-2.4211116257984477e-06
2487,1.8432128808953408e-05,1.9066100723951864e-05,6.339719149984559e-07
2488,1.7842574462536273e-05,1.9652643214876453e-05,1.8100687523401803e-06
2489,2.1846009074461245e-05,2.052418863940491e-05,-1.3218204350563348e-06
2490,1.860676752749614e-05,1.8972389319172014e-05,3.6562179167587416e-07
2491,2.1337880894558075e-05,2.1815981939899895e-05,4.781010453418202e-07
2492,2.489654277301877e-05,2.2485530483266363e-05,-2.411012289752408e-06
2493,2.4455375714921904e-05,2.5969836725434112e-05,1.514461010512208e-06
2494,2.0291408359092105e-05,1.9564056332807015e-05,-7.273520262850904e-07
2495,2.104558180325089e-05,2.042463226014099e-05,-6.209495431098992e-07
2496,2.0133691130693886e-05,2.0002538602662147e-05,-1.311525280317386e-07
2497,1.5327413406769237e-05,1.893664758156498e-05,3.609234174795744e-06
2498,1.9792712307896413e-05,2.206179696759047e-05,2.2690846596940583e-06
2499,2.1214574544439572e-05,2.0488799953172813e-05,-7.257745912667592e-07
2500,2.1337716376782055e-05,2.240676839338224e-05,1.069052016600184e-06
2501,2.236466268203024e-05,2.0151706873417497e-05,-2.2129558086127432e-06
2502,1.6765028943677227e-05,1.9179633521557426e-05,2.4146045778801982e-06
2503,2.1256993876786752e-05,2.0641009608482444e-05,-6.159842683043082e-07
2504,2.2287069182106348e-05,2.1112185962532666e-05,-1.1748832195736825e-06
2505,2.3721815185072316e-05,2.173898116326524e-05,-1.982834021807077e-06
2506,2.6088412782895188e-05,2.4046929729206908e-05,-2.0414830536882796e-06
2507,2.1235522889777893e-05,2.1221493273669475e-05,-1.402961610841774e-08
2508,2.121592700856902e-05,1.9614919662640793e-05,-1.6010073459282281e-06
2509,2.2998232466879485e-05,2.124318823211748e-05,-1.7550442347620047e-06
2510,2.3643564404085202e-05,2.098387180145421e-05,-2.6596926026309915e-06
2511,2.054629105925002e-05,2.0219489753292216e-05,-3.2680130595780533e-07
2512,2.3912087052148605e-05,2.173041818737754e-05,-2.1816688647710663e-06
2513,2.0623677008917835e-05,2.1293486595183303e-05,6.698095862654684e-07
2514,1.854887790825606e-05,1.9349157641751e-05,8.00279733494939e-07
2515,2.1791233531006384e-05,1.8702330039309594e-05,-3.08890349169679e-06
2516,2.2057291026197413e-05,2.114815806950032e-05,-9.09132956697092e-07
2517,2.3617836893031984e-05,2.08601420983796e-05,-2.757694794652385e-06
2518,2.0086408773916684e-05,2.1251231712383686e-05,1.1648229384670026e-06
2519,1.9049811573475687e-05,1.9635304925840387e-05,5.854933523647004e-07
2520,2.1504761760939276e-05,2.1647689588576614e-05,1.4292782763733827e-07
2521,1.7740141690302194e-05,1.941501870702143e-05,1.6748770167192346e-06
2522,2.31719179785927e-05,2.0366276063320046e-05,-2.8056419152726535e-06
2523,1.8826554307510823e-05,1.7846085787703877e-05,-9.804685198069463e-07
2524,2.0746543241714614e-05,1.8749462736716925e-05,-1.997080504997689e-06
2525,1.9668295151040587e-05,1.9461386342702732e-05,-2.069088083378546e-07
2526,2.5227511656043388e-05,2.0004411163144032e-05,-5.2231004928993556e-06
2527,2.4257004784628346e-05,2.253110682066633e-05,-1.7258979639620153e-06
2528,2.25945034437399e-05,2.2640292335818015e-05,4.578889207811464e-08
2529,1.5164632456717246e-05,1.9934912016620708e-05,4.770279559903462e-06
2530,2.051241379469204e-05,2.0488263117295754e-05,-2.4150677396285458e-08
2531,2.1537441502850346e-05,2.263471232674215e-05,1.0972708238918056e-06
2532,1.966027314571023e-05,1.9869984636599003e-05,2.0971149088877203e-07
2533,2.065585635032952e-05,1.859167731361375e-05,-2.06417903671577e-06
2534,2.130525299765255e-05,1.889034166517888e-05,-2.414911332473669e-06
2535,2.4621373134538425e-05,2.1580440958040603e-05,-3.0409321764978214e-06
2536,1.637541098809362e-05,2.0301710935466873e-05,3.9262999473732535e-06
2537,1.6521524332943505e-05,2.0164777897958493e-05,3.6432535650149886e-06
2538,1.813853775099061e-05,2.2072509817057444e-05,3.933972066066835e-06
2539,2.224959375432998e-05,1.9747170877152437e-05,-2.502422877177544e-06
2540,2.1666052041971656e-05,2.1753816780878643e-05,8.776473890698681e-08
2541,2.1192068442592004e-05,1.8646809622457595e-05,-2.545258820134409e-06
2542,1.8888177678737127e-05,1.8402647360345665e-05,-4.855303183914613e-07
2543,1.6169281535959002e-05,1.970139919713073e-05,3.532117661171729e-06
2544,1.944598399609797e-05,2.2191312939365097e-05,2.7453289432671274e-06
2545,1.7332138858893696e-05,1.7821461641359638e-05,4.893227824659422e-07
2546,1.934821774119519e-05,2.0686672508475596e-05,1.338454767280406e-06
2547,2.0557202523351445e-05,1.9291231972945426e-05,-1.2659705504060197e-06
2548,1.701110497165208e-05,2.0533697834172007e-05,3.5225928625199254e-06
2549,1.4717136020751325e-05,1.91219569961081e-05,4.4048209753567755e-06
2550,2.113766621140339e-05,1.996713414446486e-05,-1.1705320669385296e-06
2551,1.7766485222009503e-05,1.9196675772973787e-05,1.4301905509642844e-06
2552,2.4614009931376287e-05,2.3557276708552815e-05,-1.0567332228234719e-06
2553,2.1602764969507377e-05,1.9647878564719467e-05,-1.95488640478791e-06
2554,2.2791940409676908e-05,1.9922632745719688e-05,-2.8693076639572202e-06
2555,2.070212111765168e-05,2.1587232349822808e-05,8.851112321711272e-07
2556,1.8504488387685604e-05,2.1421892860946714e-05,2.9174044732611104e-06
2557,1.7087998153949645e-05,1.900850547537645e-05,1.9205073214268032e-06
2558,2.3620969137080642e-05,2.1096867650357678e-05,-2.5241014867229644e-06
2559,2.018690255189716e-05,1.941407279772938e-05,-7.728297541677817e-07
2560,2.1511509155414713e-05,2.161154371626773e-05,1.0003456085301544e-07
2561,1.9885479293047772e-05,2.1239796196557707e-05,1.354316903509935e-06
2562,1.8640602287794153e-05,2.2422908551008953e-05,3.7823062632147997e-06
2563,2.3843626175077462e-05,2.2096210352856512e-05,-1.7474158222209507e-06
2564,1.832780505337021e-05,1.9990444630827216e-05,1.6626395774570072e-06
2565,2.009092637987736e-05,2.182698027894039e-05,1.7360538990630302e-06
2566,1.9114272083615082e-05,1.8202698988664912e-05,-9.115730949501701e-07
2567,2.4713600342541625e-05,2.401287984001809e-05,-7.007205025235358e-07
2568,1.8022994833930544e-05,2.0368314655177496e-05,2.3453198212469516e-06
2569,1.972492981366636e-05,2.1453195340299647e-05,1.7282655266332881e-06
2570,2.454739284651418e-05,2.260386386736929e-05,-1.9435289791448887e-06
2571,1.9026999017130127e-05,2.07992997184579e-05,1.7723007013277728e-06
2572,1.646314737523299e-05,1.9902129270368776e-05,3.438981895135786e-06
2573,1.9645734294514508e-05,2.1848233991330928e-05,2.2024996968164197e-06
2574,2.0278645237172965e-05,2.052600398847167e-05,2.47358751298704e-07
2575,2.1171582968267763e-05,2.0920942309742005e-05,-2.506406585257581e-07
2576,1.7013041480600508e-05,2.0354019801722933e-05,3.3409783211224254e-06
2577,2.3946821652722413e-05,2.1263757863501918e-05,-2.683063789220496e-06
2578,2.0675116616352752e-05,1.9361351416972473e-05,-1.3137651993802785e-06
2579,1.7976179261816178e-05,2.0458972389882352e-05,2.4827931280661743e-06
2580,1.866262875725134e-05,2.012856141818338e-05,1.4659326609320396e-06
2581,1.7395106449459292e-05,2.3331348096049243e-05,5.9362416465899505e-06
2582,1.825915283455462e-05,2.126585881971868e-05,3.0067059851640613e-06
2583,1.9366932400385573e-05,2.1540282003095213e-05,2.17334960270964e-06
2584,2.1116324077584195e-05,2.1576559291042324e-05,4.602352134581288e-07
2585,1.7856160749488454e-05,1.8001124358976024e-05,1.4496360948756986e-07
2586,1.801884148790013e-05,1.848552478990459e-05,4.666833020044612e-07
2587,1.9736372686238182e-05,1.9304596278316677e-05,-4.3177640792150526e-07
2588,1.9843869191717658e-05,2.1926555062398333e-05,2.082685870680676e-06
2589,1.2730750963326946e-05,1.912121544267351e-05,6.390464479346564e-06
2590,1.9583452365435074e-05,2.099847380454481e-05,1.4150214391097369e-06
2591,2.1857465654948602e-05,1.9538237560225565e-05,-2.319228094723037e-06
2592,1.815320990913986e-05,1.9672047465498123e-05,1.518837556358261e-06
2593,2.3618377332198022e-05,2.1661138806855446e-05,-1.957238525342576e-06
2594,1.9049540129661294e-05,1.9598354300955244e-05,5.488141712939505e-07
2595,1.8882926362927054e-05,2.132262085390744e-05,2.4396944909803846e-06
2596,2.037823696225251e-05,2.2033093639789916e-05,1.6548566775374055e-06
2597,1.9634255226304716e-05,1.9650936700345344e-05,1.6681474040627632e-08
2598,2.3739302061663365e-05,2.1262970916515776e-05,-2.4763311451475897e-06
2599,2.4880494669234854e-05,2.5584073924051133e-05,7.035792548162796e-07
2600,2.1491060724696987e-05,2.0481858179209962e-05,-1.0092025454870251e-06
2601,1.853777002510292e-05,2.00809416765866e-05,1.5431716514836783e-06
2602,2.037286886712388e-05,1.9432525395091677e-05,-9.403434720322028e-07
2603,1.816082172439619e-05,2.3805736729620798e-05,5.644915005224606e-06
2604,1.574826374952548e-05,1.747699752600505e-05,1.7287337764795678e-06
2605,2.0255573768460463e-05,1.9162234951025788e-05,-1.0933388174346743e-06
2606,2.137222022379578e-05,2.1202082008061106e-05,-1.7013821573467455e-07
2607,1.7445866736008377e-05,1.939026300943876e-05,1.944396273430384e-06
2608,2.4144046094054952e-05,2.3935542864754594e-05,-2.0850322930035826e-07
2609,1.6906073315098618e-05,1.848070236603154e-05,1.5746290509329207e-06
2610,1.8860209299914787e-05,1.9024382062600012e-05,1.6417276268522438e-07
2611,2.4345159602024188e-05,2.0599138748480265e-05,-3.7460208535439226e-06
2612,2.1561077931814684e-05,2.0305311869785608e-05,-1.255766062029076e-06
2613,2.0511608254942657e-05,1.9729922407493987e-05,-7.816858474486696e-07
2614,1.9307574525107833e-05,2.10958030188164e-05,1.7882284937085668e-06
2615,2.157349095881839e-05,2.349432631176401e-05,1.920835352945618e-06
2616,2.1679682554907678e-05,1.878445952032255e-05,-2.8952230345851297e-06
2617,2.126042408179238e-05,1.9971247724703637e-05,-1.2891763570887436e-06
2618,2.6763414328178616e-05,2.261387094949041e-05,-4.149543378688206e-06
2619,2.390079959825253e-05,2.0480187880291647e-05,-3.4206117179608835e-06
2620,2.0861799100705232e-05,2.3196219113521926e-05,2.3344200128166933e-06
2621,2.2101496479439233e-05,2.231776315568985e-05,2.1626667625061733e-07
2622,1.8455502854536445e-05,1.96998067627473e-05,1.2443039082108564e-06
2623,2.2178748400140583e-05,2.3329847066379326e-05,1.151098666238743e-06
2624,2.1731609993970075e-05,2.2359190829141816e-05,6.275808351717408e-07
2625,2.0166029843742444e-05,2.0741326561510672e-05,5.752967177682285e-07
2626,2.3599194552243143e-05,1.9090612134878016e-05,-4.5085824173651275e-06
2627,2.2272075295875295e-05,2.2288756853171675e-05,1.668155729638032e-08
2628,2.1667202214321084e-05,2.1349836457327232e-05,-3.1736575699385213e-07
2629,1.959192061836111e-05,2.3250413888988623e-05,3.6584932706275143e-06
2630,1.906202789739172e-05,2.1443071604993915e-05,2.381043707602194e-06
2631,1.933927423327026e-05,1.948053126217667e-05,1.4125702890640932e-07
2632,1.9440600885649154e-05,1.8950969396658625e-05,-4.89631488990529e-07
2633,2.0315440434559406e-05,1.9911258046380955e-05,-4.0418238817845157e-07
2634,2.038009238748411e-05,2.1028433379385807e-05,6.483409919016983e-07
2635,1.755989924846649e-05,2.147095394657973e-05,3.911054698113237e-06
2636,1.7448038881692726e-05,1.7506842242689435e-05,5.8803360996709264e-08
2637,2.0770926644340313e-05,2.237300550913595e-05,1.6020788647956374e-06
2638,1.784138323475042e-05,1.7610396474071387e-05,-2.3098676067903268e-07
2639,1.9798680677692558e-05,2.156118991007729e-05,1.7625092323847326e-06
2640,2.451255982871172e-05,2.222785901616205e-05,-2.284700812549669e-06
2641,2.155209762407852e-05,2.1525913909059976e-05,-2.6183715018542573e-08
2642,1.894764293286086e-05,2.0118763869963877e-05,1.1711209371030167e-06
2643,2.2974781465215083e-05,1.9864794637276107e-05,-3.1099868279389755e-06
2644,2.3301720092354756e-05,2.1241999266450255e-05,-2.059720825904501e-06
2645,1.8485614058426208e-05,1.862595696649838e-05,1.4034290807217182e-07
2646,1.7534690955745133e-05,1.8563459229261804e-05,1.0287682735166713e-06
2647,1.5606257501663546e-05,1.7893010478106274e-05,2.2867529764427276e-06
2648,1.4617501379254404e-05,1.8833389714952875e-05,4.215888335698471e-06
2649,2.140683052464184e-05,2.069823980731284e-05,-7.08590717328999e-07
2650,1.9053212963224084e-05,1.921341595810195e-05,1.6020299487786688e-07
2651,1.8941882466140662e-05,2.1081092061029878e-05,2.1392095948892157e-06
2652,1.6942031449006974e-05,2.0867541872767247e-05,3.925510423760272e-06
2653,2.274185954944951e-05,1.9836392525016022e-05,-2.9054670244334896e-06
2654,1.9595434869381144e-05,1.9400875137598182e-05,-1.9455973178296205e-07
2655,1.3029592767302047e-05,1.898701989587999e-05,5.957427128577943e-06
2656,1.4618320672519017e-05,1.9314208939701727e-05,4.69588826718271e-06
2657,2.1606112767731987e-05,2.0224161271092222e-05,-1.3819514966397647e-06
2658,2.2196495154169723e-05,2.1385135535646535e-05,-8.113596185231888e-07
2659,2.2784410089176807e-05,2.0523123150872536e-05,-2.261286938304271e-06
2660,2.4787690510126886e-05,2.1791525295084993e-05,-2.9961652150418933e-06
2661,1.875155541908928e-05,2.0514366019150712e-05,1.7628106000614334e-06
2662,1.744612757146606e-05,2.1627355107654112e-05,4.181227536188051e-06
2663,2.1500105901337654e-05,2.1325715175171312e-05,-1.7439072616634203e-07
2664,2.228392380588284e-05,2.141840416066281e-05,-8.655196452200317e-07
2665,1.9279165057577628e-05,1.9311063999729716e-05,3.189894215208756e-08
2666,2.2822671679307825e-05,2.20646959961206e-05,-7.579756831872241e-07
2667,2.3573066560887203e-05,2.1540768824460273e-05,-2.0322977364269303e-06
2668,2.0694074611869914e-05,1.9105701475057905e-05,-1.5883731368120088e-06
2669,2.024079494167561e-05,1.9554113961498403e-05,-6.866809801772058e-07
2670,1.8403649936012222e-05,1.8804355173583027e-05,4.00705237570805e-07
2671,2.3074328324262258e-05,2.0738703204306607e-05,-2.335625119955651e-06
2672,2.21781896209968e-05,2.06769474292587e-05,-1.5012421917381015e-06
2673,2.0500403240934266e-05,2.0394604510871504e-05,-1.0579873006276192e-07
2674,2.525550611752499e-05,2.060237998626808e-05,-4.653126131256909e-06
2675,2.3829498823315815e-05,2.2261883035380415e-05,-1.5676157879354003e-06
2676,2.4155546174083318e-05,2.0152640376135894e-05,-4.002905797947424e-06
2677,1.9779031434939512e-05,2.0655064443600712e-05,8.760330086611999e-07
2678,2.1915030514564643e-05,2.167740209057501e-05,-2.3762842398963215e-07
2679,1.8831105470867957e-05,2.2578780713801204e-05,3.747675242933247e-06
2680,2.3258157889116518e-05,2.2239216774055752e-05,-1.018941115060766e-06
2681,1.9965259192496766e-05,1.8356244987540632e-05,-1.6090142049561346e-06
2682,2.2334365806752697e-05,1.933711409235884e-05,-2.9972517143938577e-06
2683,2.0372992466502224e-05,2.514613952395894e-05,4.773147057456717e-06
2684,1.611374639535845e-05,1.9741990410775988e-05,3.6282440154175385e-06
2685,1.909565401790266e-05,1.962658518225166e-05,5.309311643489999e-07
2686,1.5100474049974372e-05,2.0244186911707433e-05,5.143712861733061e-06
2687,2.1567648517752214e-05,2.0359258335516173e-05,-1.2083901822360413e-06
2688,2.2420950553381496e-05,2.2329805738017514e-05,-9.114481536398139e-08
2689,2.104118410626492e-05,1.9069523090926108e-05,-1.9716610153388113e-06
2690,2.034949333617862e-05,1.931541255218242e-05,-1.0340807839962025e-06
2691,2.1884609556754006e-05,2.0688409958298875e-05,-1.1961995984551312e-06
2692,2.1026263917390856e-05,2.038073516254254e-05,-6.455287548483144e-07
2693,2.559939704536772e-05,2.0410117192872522e-05,-5.189279852495199e-06
2694,2.0229732423534134e-05,2.151530796077684e-05,1.2855755372427068e-06
2695,2.2032754447593173e-05,2.2395624180130364e-05,3.628697325371911e-07
2696,1.8974073945656542e-05,2.0748397811876877e-05,1.7743238662203345e-06
2697,2.1674983799593148e-05,2.109438503781241e-05,-5.805987617807383e-07
2698,2.0028202706694477e-05,1.86317153952675e-05,-1.3964873114269778e-06
2699,1.4091999759380911e-05,1.9383956766912103e-05,5.291957007531192e-06
2700,1.9601524011151288e-05,2.071931676276301e-05,1.1177927516117206e-06
2701,2.3227278988637327e-05,1.905192760977673e-05,-4.1753513788605985e-06
2702,1.9651502272196177e-05,1.824357072787522e-05,-1.4079315443209583e-06
2703,1.913140007132276e-05,1.997662511011959e-05,8.45225038796828e-07
2704,1.7815237113066443e-05,1.73726793400007e-05,-4.425577730657448e-07
2705,2.3099824816316115e-05,2.2591274057465955e-05,-5.085507588501602e-07
2706,2.0457965593549316e-05,1.899421591021345e-05,-1.4637496833358663e-06
2707,2.2650759256469123e-05,2.098627415453995e-05,-1.664485101929173e-06
2708,2.2482199594225593e-05,2.1844944537917304e-05,-6.372550563082889e-07
2709,1.8874228299651627e-05,2.169831264782921e-05,2.824084348177584e-06
2710,1.9938635509709647e-05,1.7888276629935615e-05,-2.0503588797740317e-06
2711,2.241878767459774e-05,1.9298838968857105e-05,-3.1199487057406367e-06
2712,1.8140102309872968e-05,2.2208892678676125e-05,4.068790368803156e-06
2713,2.0292926707244913e-05,2.1926107026322117e-05,1.6331803190772047e-06
2714,1.540640554183249e-05,1.971095615260908e-05,4.304550610776589e-06
2715,1.9641685338049695e-05,1.828985112506594e-05,-1.3518342129837537e-06
2716,1.8375346732753145e-05,2.049401697016253e-05,2.1186702374093846e-06
2717,2.0453357039007408e-05,1.8494107445923292e-05,-1.959249593084115e-06
2718,1.7608765694790407e-05,2.1349663914400332e-05,3.740898219609925e-06
2719,1.958895580285169e-05,1.883953605582156e-05,-7.494197470301287e-07
2720,2.2805826264816234e-05,2.1887282314109894e-05,-9.185439507063401e-07
2721,2.0961358080937295e-05,2.272035485093575e-05,1.7589967699984554e-06
2722,2.401672638375513e-05,2.2793852950762432e-05,-1.2228734329926963e-06
2723,2.237671736637484e-05,2.211089623726889e-05,-2.658211291059485e-07
2724,2.0783798294761672e-05,2.0270461639058442e-05,-5.133366557032299e-07
2725,2.0073939407725124e-05,2.0350029674422465e-05,2.760902666973409e-07
2726,1.8680638390047162e-05,2.0844046498854387e-05,2.1634081088072255e-06
2727,2.0103572871292264e-05,2.002829764717376e-05,-7.527522411850484e-08
2728,1.4155547129738368e-05,1.7295180560347537e-05,3.1396334306091682e-06
2729,2.3065857908192102e-05,2.0492856909373652e-05,-2.57300099881845e-06
2730,2.2586754480868603e-05,1.9746798733886076e-05,-2.839955746982527e-06
2731,2.4593061901207182e-05,2.1260308677377383e-05,-3.332753223829799e-06
2732,2.0367347510629312e-05,2.1768401380354178e-05,1.4010538697248657e-06
2733,1.7985911671684195e-05,1.8267166721325273e-05,2.812550496410778e-07
2734,2.5476653547291905e-05,2.3415005941457425e-05,-2.0616476058344804e-06
2735,1.8057285326156202e-05,1.960138381568366e-05,1.5440984895274577e-06
2736,2.283939803869899e-05,2.023743321122113e-05,-2.601964827477858e-06
2737,1.645177505414207e-05,2.0819441113197468e-05,4.367666059055397e-06
2738,1.7793908718096218e-05,2.098012287843426e-05,3.186214160338043e-06
2739,1.6997253944385035e-05,1.9068677727784755e-05,2.0714237833997205e-06
2740,2.128824508562787e-05,2.461115090768755e-05,3.3229058220596804e-06
2741,1.9013213440510497e-05,1.886836385758473e-05,-1.4484958292576672e-07
2742,2.369222982153122e-05,2.19536831498944e-05,-1.7385466716368213e-06
2743,2.382734856686094e-05,2.150126114503546e-05,-2.32608742182548e-06
2744,1.5836626322273995e-05,2.0723940528217084e-05,4.887314205943089e-06
2745,1.870082451667734e-05,1.992820292332495e-05,1.2273784066476102e-06
2746,1.619447939608417e-05,1.8912746956797198e-05,2.7182675607130263e-06
2747,2.43741711128965e-05,2.540772345104722e-05,1.0335523381507196e-06
2748,1.922397537187468e-05,1.861434177921433e-05,-6.096335926603494e-07
2749,1.7745642672977322e-05,1.8133910600482263e-05,3.8826792750494045e-07
2750,1.984953432537837e-05,2.0018495533954348e-05,1.6896120857597932e-07
2751,1.7342586271405017e-05,1.959732298880997e-05,2.254736717404952e-06
2752,2.4094383722728963e-05,2.1839030033377185e-05,-2.2553536893517775e-06
2753,1.9254699246802512e-05,2.0984218353822966e-05,1.7295191070204542e-06
2754,2.7188878936884823e-05,2.2802160251847582e-05,-4.386718685037241e-06
2755,1.9229668424185117e-05,2.1522641937500425e-05,2.292973513315308e-06
2756,1.777647545085243e-05,2.1382001243688244e-05,3.605525792835815e-06
2757,2.2953566596178187e-05,2.0124989017691602e-05,-2.828577578486585e-06
2758,2.587140279832618e-05,2.4780579515351475e-05,-1.0908232829747064e-06
2759,2.701352480765745e-05,2.421642625915082e-05,-2.797098548506629e-06
2760,2.0498264529618492e-05,2.2213642411086965e-05,1.715377881468473e-06
2761,2.060856287588583e-05,2.2065263000440256e-05,1.4567001245544254e-06
2762,1.4990870164824267e-05,2.0635751194281022e-05,5.644881029456755e-06
2763,2.2900705705817603e-05,2.2779102985437706e-05,-1.2160272037989634e-07
2764,2.2678753717950722e-05,2.158424297766399e-05,-1.0945107402867332e-06
2765,2.1470922566836872e-05,2.1849834405779944e-05,3.789118389430719e-07
2766,1.9757139665042312e-05,1.9051572282783433e-05,-7.055673822588796e-07
2767,1.6717193915918028e-05,2.0310214919429747e-05,3.593021003511719e-06
2768,2.0080942999788733e-05,1.9685750012816544e-05,-3.951929869721895e-07
2769,2.4208748784924858e-05,2.231353356614642e-05,-1.8952152187784385e-06
2770,1.464740798858058e-05,1.989545898837238e-05,5.2480509997918e-06
2771,1.6289017872072514e-05,1.747852400815244e-05,1.1895061360799248e-06
2772,2.33824087229037e-05,2.3003005130146135e-05,-3.794035927575664e-07
2773,1.6719928503573893e-05,1.984049021253e-05,3.120561708956106e-06
2774,1.888787858154884e-05,2.0280761520219688e-05,1.3928829386708488e-06
2775,1.893221747955495e-05,1.8552577019753645e-05,-3.796404598013068e-07
2776,2.0825567571901653e-05,1.939848995729816e-05,-1.4270776146034938e-06
2777,2.2849323741450522e-05,2.033713470398731e-05,-2.512189037463213e-06
2778,2.1701358240802502e-05,1.935835938136628e-05,-2.3429988594362224e-06
2779,2.2708596952079575e-05,2.1887599807135426e-05,-8.209971449441487e-07
2780,2.0995629875251523e-05,2.0506668754459233e-05,-4.889611207922904e-07
2781,2.2115174994328982e-05,1.9561677922481492e-05,-2.5534970718474898e-06
2782,1.7840101883196614e-05,1.884401051852801e-05,1.0039086353313948e-06
2783,1.6966546625188778e-05,1.9486080234244097e-05,2.5195336090553193e-06
2784,2.2208831009541614e-05,2.213390909687671e-05,-7.492191266490454e-08
2785,1.607800067158462e-05,1.9952203758027755e-05,3.874203086443137e-06
2786,2.25820603305293e-05,2.2323920127423015e-05,-2.5814020310628607e-07
2787,2.1219072967101434e-05,2.0973568328308145e-05,-2.4550463879328925e-07
2788,1.5768023137540903e-05,1.7414113613434578e-05,1.6460904758936745e-06
2789,2.074870644977502e-05,2.327196017286332e-05,2.5232537230883015e-06
2790,2.1792643581468792e-05,2.1433074479638883e-05,-3.5956910182990886e-07
2791,2.1660806020756004e-05,2.258097347205753e-05,9.201674513015241e-07
2792,2.229916179782851e-05,2.1072158399938407e-05,-1.2270033978901035e-06
2793,1.8669032464662788e-05,2.0357519209619358e-05,1.6884867449565706e-06
2794,2.1146030421786195e-05,2.0938713751593956e-05,-2.073166701922386e-07
2795,2.1696468433539855e-05,2.1388280801003837e-05,-3.0818763253601843e-07
2796,1.936140893425585e-05,1.836308688454052e-05,-9.983220497153287e-07
2797,2.250652132453861e-05,2.2756407811587678e-05,2.4988648704906834e-07
2798,1.831455249551478e-05,2.0509106551708977e-05,2.194554056194197e-06
2799,2.0639648720018333e-05,2.0297203570271357e-05,-3.4244514974697684e-07
2800,2.0183820840563814e-05,2.0090254768276983e-05,-9.356607228683077e-08
2801,1.602982034007471e-05,1.9948451796728684e-05,3.918631456653973e-06
2802,2.1301660978482368e-05,1.9178718818603542e-05,-2.1229421598788252e-06
2803,2.0751267119703972e-05,2.137908940980905e-05,6.27822290105079e-07
2804,2.1103436364571055e-05,1.9092866421631783e-05,-2.0105699429392717e-06
2805,1.9799237733304408e-05,2.0775590452968457e-05,9.76352719664049e-07
2806,2.0291980685084303e-05,2.067062974282694e-05,3.786490577426366e-07
2807,2.1680665347445995e-05,2.0788506626312152e-05,-8.921587211338424e-07
2808,1.94939580706833e-05,1.9759520947348812e-05,2.65562876665513e-07
2809,1.885232523906067e-05,2.3017715654912657e-05,4.165390415851986e-06
2810,2.0867561056017097e-05,2.087082004026352e-05,3.2589842464221183e-09
2811,2.0759858497047244e-05,2.1952762785656845e-05,1.1929042886096015e-06
2812,1.5574838539618937e-05,1.839524583409369e-05,2.8204072944747515e-06
2813,1.9209551728173367e-05,1.858140805623333e-05,-6.281436719400351e-07
2814,1.965124565063972e-05,2.1824136320377875e-05,2.1728906697381535e-06
2815,1.9146816275989275e-05,1.979416115690363e-05,6.473448809143533e-07
2816,2.0831225581133584e-05,2.6699138042891194e-05,5.86791246175761e-06
2817,2.1963444132976537e-05,2.063593454807236e-05,-1.3275095849041768e-06
2818,1.6241138159655112e-05,1.882670414030578e-05,2.585565980650669e-06
2819,1.8277580663648818e-05,1.8187618601701216e-05,-8.996206194760234e-08
2820,1.9753063885636624e-05,1.9063515028264154e-05,-6.895488573724705e-07
2821,1.5826097412123948e-05,1.856328956089517e-05,2.737192148771223e-06
2822,2.144531104876954e-05,2.2783764467893687e-05,1.338453419124146e-06
2823,2.0234484881554843e-05,1.94352821881669e-05,-7.99202693387943e-07
2824,1.92941237927191e-05,1.872259140454399e-05,-5.715323881751085e-07
2825,1.981429267532951e-05,1.9487251310457052e-05,-3.2704136487245677e-07
2826,1.9786800040102194e-05,1.9316989680083554e-05,-4.698103600186394e-07
2827,1.8868968603972944e-05,1.904563457778625e-05,1.7666597381330712e-07
2828,1.761010375767555e-05,2.06337595184123e-05,3.0236557607367492e-06
2829,1.678286834893856e-05,1.7694902136401643e-05,9.120337874630828e-07
2830,1.743832370415331e-05,2.058913666733101e-05,3.1508129631776983e-06
2831,1.6445056745951738e-05,1.8430151072203356e-05,1.9850943262516186e-06
2832,1.8077201018531305e-05,1.973533658796268e-05,1.6581355694313761e-06
2833,1.996327623286987e-05,2.1714044644518757e-05,1.7507684116488875e-06
2834,2.0642790275207433e-05,1.8433232917575788e-05,-2.2095573576316445e-06
2835,1.7224635566329847e-05,2.0136671047959636e-05,2.912035481629789e-06
2836,2.3482712978556412e-05,2.0594866222666868e-05,-2.8878467558895447e-06
2837,2.1839265575510387e-05,1.951935546771675e-05,-2.3199101077936385e-06
2838,1.8701782288561155e-05,2.469711720375465e-05,5.995334915193495e-06
2839,2.5726788576667626e-05,2.078055572638415e-05,-4.946232850283478e-06
2840,2.1023269093435138e-05,2.1810409975742553e-05,7.871408823074148e-07
2841,2.2481593710718816e-05,1.981308460770618e-05,-2.668509103012635e-06
2842,2.476102879439065e-05,2.615067456870358e-05,1.38964577431293e-06
2843,1.9088230363681544e-05,1.9020130649781572e-05,-6.809971389997203e-08
2844,2.1561577170078586e-05,2.0236036823499556e-05,-1.32554034657903e-06
2845,1.9665462252732107e-05,2.0996063147662826e-05,1.3306008949307195e-06
2846,2.0462751341911645e-05,1.8592863375902673e-05,-1.869887966008972e-06
2847,1.762334618519532e-05,2.037498216377372e-05,2.751635978578399e-06
2848,2.125796922473429e-05,2.124985783615086e-05,-8.11138858342972e-09
2849,2.339159780142114e-05,2.3178133346912228e-05,-2.1346445450891324e-07
2850,1.681885829212431e-05,1.976360443178839e-05,2.9447461396640795e-06
2851,1.9007649335087482e-05,2.001404076876816e-05,1.006391433680679e-06
2852,1.9254746621836868e-05,2.4260173158002637e-05,5.0054265361657695e-06
2853,1.7036904100399205e-05,1.990796566934763e-05,2.871061568948426e-06
2854,1.4499465681618685e-05,1.7995839055369248e-05,3.4963733737505626e-06
2855,2.548014530560768e-05,2.1348858388565543e-05,-4.131286917042139e-06
2856,1.683449934450348e-05,2.2308786543087972e-05,5.474287198584493e-06
2857,2.0715953435001777e-05,2.0564698690546837e-05,-1.5125474445494043e-07
2858,2.1755070812598858e-05,2.278576679021915e-05,1.030695977620291e-06
2859,2.0721075367986897e-05,2.1394288874794435e-05,6.732135068075386e-07
2860,1.8317465022086953e-05,1.7474747514310653e-05,-8.427175077763003e-07
2861,2.1632298245926605e-05,2.0819504147834938e-05,-8.127940980916672e-07
2862,2.377815564989801e-05,2.0576005431640554e-05,-3.2021502182574574e-06
2863,1.932811571416711e-05,1.8923435255774587e-05,-4.04680458392525e-07
2864,2.1683953222363763e-05,2.0503930468533836e-05,-1.1800227538299267e-06
2865,2.2866384324360403e-05,2.0151425187013802e-05,-2.7149591373466005e-06
2866,1.91375639430354e-05,1.89305223956198e-05,-2.0704154741560003e-07
2867,2.3052186569906817e-05,2.0893276432475524e-05,-2.1589101374312935e-06
2868,2.4870065928988178e-05,2.4704030971761403e-05,-1.660349572267747e-07
2869,2.246525755365298e-05,2.0052023383677343e-05,-2.4132341699756386e-06
2870,1.95434836498628e-05,2.146059372549458e-05,1.9171100756317816e-06
2871,2.2817263893714225e-05,2.071843848167335e-05,-2.098825412040874e-06
2872,2.3467250816860337e-05,2.0618131116871004e-05,-2.8491196999893336e-06
2873,1.9878018628715224e-05,1.9230480746090696e-05,-6.475378826245277e-07
2874,2.7504816422528293e-05,2.174030205911609e-05,-5.764514363412202e-06
2875,1.905953398186626e-05,1.9353868262077276e-05,2.9433428021101595e-07
2876,1.727130222394955e-05,2.0043140786531675e-05,2.771838562582126e-06
2877,1.9377877638245194e-05,1.824421704793901e-05,-1.1336605903061849e-06
2878,1.6245106819918346e-05,1.6991226757033093e-05,7.461199371147469e-07
2879,1.8824913928382668e-05,2.3050894971543487e-05,4.225981043160819e-06
2880,2.1387167605009827e-05,2.193851337087702e-05,5.513457658671932e-07
2881,1.617146382405793e-05,1.68955478256543e-05,7.240840015963708e-07
2882,1.7267234078134116e-05,1.7257348232007013e-05,-9.885846127103445e-09
2883,2.3764971307887855e-05,1.9762458348014163e-05,-4.002512959873691e-06
2884,2.1874301067075927e-05,2.2433491712172342e-05,5.591906450964156e-07
2885,1.8343251418877495e-05,2.0173015042901032e-05,1.8297636240235374e-06
2886,2.377747598405409e-05,2.2815463528008817e-05,-9.620124560452745e-07
2887,2.0316349000903494e-05,2.1169360918361946e-05,8.530119174584516e-07
2888,2.0629490291026157e-05,1.9482880314758536e-05,-1.1466099762676217e-06
2889,2.138156594944601e-05,1.897680961421613e-05,-2.4047563352298813e-06
2890,1.8045676022996216e-05,1.810516907106945e-05,5.949304807323553e-08
2891,2.0290971672284633e-05,2.1185129157962877e-05,8.941574856782444e-07
2892,2.2072704045818933e-05,2.0781034895640783e-05,-1.2916691501781505e-06
2893,2.163929529901554e-05,1.9672729621477518e-05,-1.9665656775380225e-06
2894,2.3333736487737534e-05,2.263485489094363e-05,-6.988815967939044e-07
2895,1.6839435888457476e-05,1.955171888826061e-05,2.712282999803134e-06
2896,1.8219810656053264e-05,2.079967328285481e-05,2.5798626268015467e-06
2897,1.9672976848904924e-05,2.0199383800707592e-05,5.26406951802668e-07
2898,1.8909509056288796e-05,2.022078222330694e-05,1.3112731670181445e-06
2899,2.2806898579381498e-05,2.0646544154519013e-05,-2.160354424862485e-06
2900,1.9903824640868065e-05,2.1607739739610098e-05,1.7039150987420324e-06
2901,2.147229478484634e-05,2.165817002935976e-05,1.858752445134203e-07
2902,2.386744200998138e-05,2.1606159970568025e-05,-2.2612820394133568e-06
2903,1.8107201497379323e-05,1.9279615465665167e-05,1.1724139682858438e-06
2904,1.909008855235823e-05,2.0945047607131084e-05,1.8549590547728531e-06
2905,2.1106507044154375e-05,1.915129059603505e-05,-1.9552164481193265e-06
2906,1.659162362557393e-05,1.952855897665612e-05,2.9369353510821916e-06
2907,1.7349329365635066e-05,2.0171174396923708e-05,2.821845031288642e-06
2908,2.150268700378981e-05,2.0780661923776933e-05,-7.220250800128761e-07
2909,2.1666590143124217e-05,2.2106442000678728e-05,4.3985185755451094e-07
2910,2.1630534538155473e-05,2.0249717745125953e-05,-1.3808167930295206e-06
2911,1.9452489412852085e-05,2.2701171263853276e-05,3.248681851001191e-06
2912,2.1652201398074408e-05,2.0625019873571132e-05,-1.027181524503276e-06
2913,1.744156535670409e-05,2.0863032391921603e-05,3.421467035217513e-06
2914,1.971404928017151e-05,2.193984780195499e-05,2.225798521783479e-06
2915,2.1285238326035607e-05,2.1330372464874136e-05,4.513413883852933e-08
2916,2.6181197128741186e-05,2.4237497545979584e-05,-1.943699582761602e-06
2917,1.8051909219011387e-05,2.0133471465966018e-05,2.081562246954631e-06
2918,2.21819430957672e-05,1.883783826322585e-05,-3.3441048325413502e-06
2919,2.057757300988767e-05,2.196180914537201e-05,1.3842361354843408e-06
2920,1.712092783419716e-05,1.961907451703469e-05,2.4981466828375297e-06
2921,1.9681316147973547e-05,2.156839751425036e-05,1.8870813662768117e-06
2922,1.7341283190606987e-05,1.9436184327066002e-05,2.0949011364590156e-06
2923,2.2592346538276366e-05,1.8357536727286334e-05,-4.234809810990032e-06
2924,2.2952588540754875e-05,2.16745097966633e-05,-1.2780787440915732e-06
2925,2.2145871242800227e-05,1.970040316020386e-05,-2.445468082596366e-06
2926,1.9879993254740094e-05,1.7695851302357718e-05,-2.1841419523823758e-06
2927,1.8967841957487948e-05,1.902268779367156e-05,5.484583618361189e-08
2928,1.7175245138188398e-05,1.9914090443868296e-05,2.7388453056798975e-06
2929,1.9441907889370852e-05,2.0863349743517418e-05,1.4214418541465656e-06
2930,1.8891864288641502e-05,2.0892504953791246e-05,2.000640665149744e-06
2931,1.3760047755748172e-05,2.0445436325535298e-05,6.6853885697871265e-06
2932,1.8636297567935498e-05,2.0641436199709654e-05,2.0051386317741565e-06
2933,2.1256328535538277e-05,1.9469878288443702e-05,-1.7864502470945748e-06
2934,1.9102960202779597e-05,1.8842503737053576e-05,-2.60456465726021e-07
2935,2.2984471731619064e-05,2.423801709840562e-05,1.2535453667865543e-06
2936,2.2093174152509993e-05,2.0412607416039644e-05,-1.680566736470349e-06
2937,1.7622470027416702e-05,2.0881109788058628e-05,3.2586397606419254e-06
2938,1.9984918571838077e-05,2.318756961186586e-05,3.2026510400277836e-06
2939,2.0588317577238565e-05,2.1864257373431455e-05,1.2759397961928904e-06
2940,1.818916410073046e-05,2.1284644366393944e-05,3.0954802656634844e-06
2941,2.3371714128278204e-05,2.2061249968016793e-05,-1.3104641602614105e-06
2942,2.242792583074496e-05,2.37541448828968e-05,1.3262190521518419e-06
2943,1.6553243679895986e-05,2.0977312918422577e-05,4.424069238526591e-06
2944,1.9991911704293548e-05,1.9986365990984814e-05,-5.545713308733669e-09
2945,2.0481571597430967e-05,2.0170835732077928e-05,-3.1073586535303933e-07
2946,1.9331360083091093e-05,2.0282525669352184e-05,9.511655862610909e-07
2947,1.7936835490355982e-05,2.0942190737735495e-05,3.005355247379513e-06
2948,2.1743870435590926e-05,1.9815429814602406e-05,-1.92844062098852e-06
2949,2.033835991212606e-05,1.936730114603908e-05,-9.710587660869789e-07
2950,2.153192804392161e-05,2.0251883651150956e-05,-1.2800443927706531e-06
2951,2.0347194922096022e-05,2.0729756851186464e-05,3.8256192909044175e-07
2952,1.576020137608677e-05,1.6386628573367708e-05,6.264271972809379e-07
2953,1.83914107500837e-05,1.8314866193710462e-05,-7.654455637323774e-08
2954,1.9033459601970677e-05,1.9754899228712997e-05,7.214396267423201e-07
2955,2.1506529862856184e-05,1.9144889371253494e-05,-2.36164049160269e-06
2956,1.7216125006411458e-05,1.7911824904397175e-05,6.956998979857176e-07
2957,2.483428705212646e-05,2.0292967532966212e-05,-4.541319519160248e-06
2958,2.431916608433478e-05,2.2709380207092923e-05,-1.6097858772418573e-06
2959,2.1044980612246932e-05,1.986715865642337e-05,-1.1778219558235635e-06
2960,2.1951819155461765e-05,2.4422757643927303e-05,2.470938488465538e-06
2961,1.8176158400519938e-05,1.833016483136472e-05,1.5400643084478106e-07
2962,2.3999673751342618e-05,2.191456756653018e-05,-2.0851061848124394e-06
2963,1.7778620670909286e-05,1.841417116449675e-05,6.35550493587465e-07
2964,2.099240195068942e-05,2.0896083415818863e-05,-9.631853487055583e-08
2965,2.023610989691134e-05,2.3367194345969512e-05,3.1310844490581736e-06
2966,2.3232685513142125e-05,1.89719956620942e-05,-4.260689851047925e-06
2967,2.0353515927539582e-05,2.1146633231555947e-05,7.931173040163648e-07
2968,1.575178826156042e-05,1.762837265628316e-05,1.8765843947227384e-06
2969,2.1957101710221446e-05,2.2257274305726358e-05,3.00172595504912e-07
2970,1.987564531839389e-05,2.2803612867710044e-05,2.927967549316153e-06
2971,2.2703692111444415e-05,2.1636789611517617e-05,-1.0669024999267978e-06
2972,2.298941370837136e-05,2.090283808569331e-05,-2.0865756226780494e-06
2973,2.2662862530290417e-05,2.068392925452462e-05,-1.978933275765795e-06
2974,2.7252284213033187e-05,2.2904873874576522e-05,-4.347410338456665e-06
2975,2.156161638831204e-05,2.2324561140094845e-05,7.629447517828043e-07
2976,1.938810690641924e-05,1.829296580766423e-05,-1.0951410987550067e-06
2977,2.1675147745930163e-05,2.1763295935968e-05,8.81481900378367e-08
2978,2.0558988416604683e-05,2.231107051219836e-05,1.7520820955936757e-06
2979,1.5863882632894446e-05,1.9937514909754607e-05,4.073632276860161e-06
2980,2.729315955121787e-05,2.2972356656717255e-05,-4.320802894500616e-06
2981,2.3605911494184057e-05,2.0894662507252732e-05,-2.7112489869313246e-06
2982,1.9244107279212875e-05,1.920974682138697e-05,-3.436045782590378e-08
2983,1.651102877152913e-05,2.1248003415828856e-05,4.736974644299726e-06
2984,2.343566996313084e-05,2.5934655794305117e-05,2.498985831174278e-06
2985,1.9393260654410113e-05,2.0031009835593194e-05,6.377491811830814e-07
2986,2.0215587060682526e-05,2.0680619097678937e-05,4.6503203699641097e-07
2987,1.8136267480473033e-05,1.788475412032429e-05,-2.515133601487443e-07
2988,2.190717301538318e-05,2.1786826270333185e-05,-1.203467450499961e-07
2989,1.9080482255502117e-05,1.8841098676855286e-05,-2.393835786468309e-07
2990,1.7422661282658362e-05,1.8641473735525905e-05,1.218812452867543e-06
2991,1.8029271991399516e-05,1.8714797968720923e-05,6.855259773214076e-07
2992,1.812306453903795e-05,1.936164315931969e-05,1.2385786202817412e-06
2993,1.9225334353993615e-05,2.18703311108933e-05,2.644996756899685e-06
2994,1.8350374270753257e-05,1.8857985128070132e-05,5.076108573168749e-07
2995,2.3084951246073272e-05,2.2005579776863505e-05,-1.0793714692097668e-06
2996,2.123304564653371e-05,2.2016556739484566e-05,7.835110929508548e-07
2997,1.9257789944467466e-05,2.0788772854898912e-05,1.5309829104314458e-06
2998,2.2413472194083615e-05,2.280881911866267e-05,3.953469245790561e-07
2999,2.1434158584105596e-05,1.845870731303115e-05,-2.975451271074448e-06
3000,2.0743813160704348e-05,2.1675079889859896e-05,9.312667291555489e-07
3001,1.9889298760612565e-05,1.878700443993656e-05,-1.1022943206760061e-06
3002,2.1342818085228747e-05,1.9552387953636323e-05,-1.7904301315924241e-06
3003,1.4126178209916428e-05,1.652324584560126e-05,2.397067635684831e-06
3004,2.1323707621742952e-05,2.14944966730971e-05,1.7078905135414904e-07
3005,2.259026560469349e-05,2.15939660181421e-05,-9.962995865513897e-07
3006,2.3319012589151877e-05,2.1076050277647903e-05,-2.242962311503974e-06
3007,2.2022460449885136e-05,2.0848935178329724e-05,-1.173525271555412e-06
3008,2.019789481551053e-05,1.9860617219215007e-05,-3.372775962955228e-07
3009,1.8535148909857092e-05,2.188719796664752e-05,3.352049056790427e-06
3010,2.0979703408743528e-05,2.1294168327048612e-05,3.1446491830508446e-07
3011,2.2896384984386864e-05,1.9937755099630347e-05,-2.958629884756517e-06
3012,1.777535071149641e-05,1.9257486647630385e-05,1.4821359361339757e-06
3013,2.0558512139651328e-05,2.2342756620542414e-05,1.7842444808910865e-06
3014,1.8596922281224132e-05,1.825898517816676e-05,-3.379371030573706e-07
3015,1.9883338562090526e-05,2.316386688858437e-05,3.2805283264938437e-06
3016,2.0072675451029446e-05,1.9949257614149226e-05,-1.2341783688021998e-07
3017,2.249777289010891e-05,2.0264077701245165e-05,-2.2336951888637443e-06
3018,1.622930355327811e-05,2.0953952248251196e-05,4.7246486949730844e-06
3019,1.755572095863395e-05,2.0351939935683945e-05,2.7962189770499954e-06
3020,1.8088162601182878e-05,2.0231795702412756e-05,2.1436331012298778e-06
3021,2.3052648000501953e-05,2.40974120020022e-05,1.0447640015002465e-06
3022,2.0604776122330505e-05,2.09786830299482e-05,3.7390690761769676e-07
3023,2.0994181016603043e-05,2.0790546723201822e-05,-2.036342934012207e-07
3024,2.0139202784245713e-05,1.8641494658151516e-05,-1.4977081260941961e-06
3025,2.1271705991246997e-05,1.9631282459369746e-05,-1.6404235318772512e-06
3026,1.7690194549385996e-05,1.813680407036221e-05,4.466095209762147e-07
3027,2.0264986603163615e-05,1.894706752678899e-05,-1.3179190763746247e-06
3028,2.533916658424537e-05,2.0659231164175848e-05,-4.679935420069522e-06
3029,1.709703848542769e-05,1.685773379115792e-05,-2.393046942697697e-07
3030,1.7720460819957503e-05,2.109410427141649e-05,3.373643451458988e-06
3031,2.0528224103748173e-05,2.1083085444098426e-05,5.548613403502527e-07
3032,1.654315871635649e-05,1.670441351911593e-05,1.612548027594385e-07
3033,2.09992495509644e-05,2.21803182152409e-05,1.181068664276499e-06
3034,1.806638487220662e-05,2.156460431440656e-05,3.4982194421999386e-06
3035,2.3883745552371492e-05,2.0177497514403766e-05,-3.7062480379677265e-06
3036,1.8120075812553388e-05,2.1129486334170063e-05,3.0094105216166746e-06
3037,1.9696687902101055e-05,2.06282559989333e-05,9.315680968322463e-07
3038,1.9144357594631035e-05,1.8971580118806954e-05,-1.7277747582408173e-07
3039,2.3263536205952826e-05,2.0933788145382807e-05,-2.3297480605700186e-06
3040,1.642561585079961e-05,2.0124663750724298e-05,3.699047899924688e-06
3041,2.285481422484094e-05,2.1628850141448633e-05,-1.2259640833923076e-06
3042,2.0686894975147887e-05,2.1214438997517758e-05,5.275440223698708e-07
3043,1.9920181850220374e-05,2.1108298616429146e-05,1.1881167662087722e-06
3044,2.000707533170322e-05,1.9585157531338166e-05,-4.2191780036505375e-07
3045,1.896906247840552e-05,1.9947327483491416e-05,9.782650050858955e-07
3046,2.061876130952842e-05,2.0442419026361662e-05,-1.7634228316675842e-07
3047,1.8525654293911175e-05,1.7806428449893984e-05,-7.192258440171914e-07
3048,2.6192528029259873e-05,2.0609737876669273e-05,-5.5827901525906e-06
3049,2.3639767590968382e-05,2.130690495508794e-05,-2.3328626358804427e-06
3050,2.3840437064546795e-05,2.0595593774488056e-05,-3.244843290058739e-06
3051,2.437933095261878e-05,2.0122755762715683e-05,-4.256575189903097e-06
3052,1.8196941259372812e-05,1.8906700801904238e-05,7.097595425314255e-07
3053,1.9168362554111153e-05,1.9270437741052763e-05,1.0207518694160993e-07
3054,2.111327139133523e-05,2.1701638188637893e-05,5.883667973026634e-07
3055,2.6974550925136904e-05,2.447397130910834e-05,-2.5005796160285636e-06
3056,2.016135754758505e-05,2.1383897509866474e-05,1.222539962281423e-06
3057,1.9203180103657817e-05,2.0556084856683987e-05,1.3529047530261708e-06
3058,1.6172424302483604e-05,1.8488743084459948e-05,2.316318781976344e-06
3059,2.3505055564860177e-05,2.347570928918337e-05,-2.934627567680571e-08
3060,2.2506260171168058e-05,2.094038210954471e-05,-1.565878061623349e-06
3061,2.1359446496510365e-05,2.2587005736790097e-05,1.227559240279733e-06
3062,1.9095283320633582e-05,2.1447940280693056e-05,2.3526569600594737e-06
3063,2.428414392235975e-05,2.0545857759967337e-05,-3.738286162392414e-06
3064,2.0992265857501292e-05,2.0352030181923456e-05,-6.402356755778359e-07
3065,2.029528372258268e-05,1.831139711795688e-05,-1.9838866046258005e-06
3066,2.160270033365694e-05,2.2860609030969897e-05,1.2579086973129574e-06
3067,2.4388739534009478e-05,2.085810029011823e-05,-3.530639243891248e-06
3068,2.0797165814140268e-05,2.3637190084694916e-05,2.8400242705546483e-06
3069,1.972001431833731e-05,2.038959763100639e-05,6.695833126690814e-07
3070,1.7926804187522913e-05,1.9816713016706578e-05,1.8899088291836647e-06
3071,1.7330186806584204e-05,2.045983262816162e-05,3.129645821577416e-06
3072,1.8945426133879088e-05,2.0941000410758438e-05,1.99557427687935e-06
3073,2.0774441507648137e-05,1.9455492324672e-05,-1.3189491829761378e-06
3074,2.406011674561081e-05,2.227429673144292e-05,-1.7858200141678869e-06
3075,2.0411233107234e-05,1.9277673454362506e-05,-1.1335596528714946e-06
3076,2.247392234622169e-05,2.041277397941306e-05,-2.061148366808632e-06
3077,2.684354994465914e-05,2.0557646577768797e-05,-6.285903366890344e-06
3078,2.3009876018712895e-05,2.0301909167433908e-05,-2.7079668512789867e-06
3079,1.7764839915673133e-05,2.0616275877769224e-05,2.851435962096092e-06
3080,2.1276242729631765e-05,2.016680000911599e-05,-1.1094427205157743e-06
3081,2.4258690560023963e-05,2.1153610115924266e-05,-3.1050804440996965e-06
3082,1.8152170495404306e-05,1.7527200046656574e-05,-6.249704487477314e-07
3083,2.04425600163125e-05,1.979234858007361e-05,-6.502114362388909e-07
3084,2.038827886744093e-05,2.126580474206153e-05,8.775258746205983e-07
3085,2.2626406016831348e-05,2.17642274222871e-05,-8.621785945442467e-07
3086,1.9089625690886438e-05,1.9279062195386055e-05,1.89436504499617e-07
3087,1.9791356864604915e-05,1.9302510642731325e-05,-4.888462218735893e-07
3088,2.1681590750324335e-05,2.271178809551145e-05,1.0301973451871163e-06
3089,2.0861281198834165e-05,2.2687724862226023e-05,1.8264436633918583e-06
3090,2.6357965251069946e-05,2.2334891287992507e-05,-4.0230739630774385e-06
3091,1.9220631756977816e-05,2.1861872927610864e-05,2.641241170633049e-06
3092,1.7867497483762305e-05,1.8983754009572367e-05,1.116256525810062e-06
3093,2.3726200842233838e-05,2.2972817445921848e-05,-7.533833963119899e-07
3094,2.1912292502319627e-05,2.1084027290064594e-05,-8.282652122550329e-07
3095,2.36366266255912e-05,2.1257985076833584e-05,-2.3786415487576167e-06
3096,2.1118503890981658e-05,2.461537338307924e-05,3.4968694920975827e-06
3097,1.4482600152252115e-05,2.0320883127335544e-05,5.83828297508343e-06
3098,1.9661295132055344e-05,2.0393327989916564e-05,7.320328578612199e-07
3099,1.872578222609334e-05,2.144824000954591e-05,2.7224577834525693e-06
3100,1.9402359378097832e-05,1.9701158846968775e-05,2.9879946887094276e-07
3101,2.3124534403044468e-05,2.311953858325845e-05,-4.995819786018761e-09
3102,1.9873525984381874e-05,2.0208191098056982e-05,3.346651136751076e-07
3103,1.8628112230123475e-05,2.1144018606187276e-05,2.5159063760638012e-06
3104,2.028449349863079e-05,2.0042100441728023e-05,-2.423930569027658e-07
3105,2.315386812884324e-05,2.2580051475954274e-05,-5.738166528889655e-07
3106,2.0932193559391824e-05,2.1340529932721242e-05,4.083363733294184e-07
3107,1.9863840009797854e-05,2.092042988019767e-05,1.0565898703998174e-06
3108,1.9685964754805638e-05,2.0178128415709526e-05,4.921636609038884e-07
3109,1.6402439925003608e-05,1.96452685898525e-05,3.2428286648488917e-06
3110,2.1524931627474065e-05,2.0419964526325673e-05,-1.1049671011483921e-06
3111,2.0736002571054653e-05,2.536168206011103e-05,4.625679489056378e-06
3112,2.3960944129939055e-05,2.1602526849060256e-05,-2.3584172808787994e-06
3113,1.9645318378102134e-05,2.1829130559126895e-05,2.1838121810247615e-06
3114,2.394162049332728e-05,2.1637093400584416e-05,-2.3045270927428624e-06
3115,1.7647273573413322e-05,1.9825522130088095e-05,2.178248556674773e-06
3116,1.8042527411699194e-05,1.8998528428314093e-05,9.560010166148986e-07
3117,1.4568359955179724e-05,1.9875413597283235e-05,5.3070536421035106e-06
3118,1.7647514677512217e-05,2.3019716857725193e-05,5.372202180212976e-06
3119,2.280766753465049e-05,2.225224172246377e-05,-5.554258121867198e-07
3120,2.2593928903339148e-05,2.3372865869657728e-05,7.7893696631858e-07
3121,1.7808474968118753e-05,1.8739942138190462e-05,9.314671700717094e-07
3122,1.8744933019904652e-05,2.0070169694786898e-05,1.325236674882246e-06
3123,1.893968814279595e-05,1.935049974746359e-05,4.108116046676387e-07
3124,1.9732386840199197e-05,1.936463565482076e-05,-3.677511853784352e-07
3125,1.969912426925022e-05,1.995637482976311e-05,2.572505605128906e-07
3126,2.1344158149762594e-05,1.985828961698997e-05,-1.4858685327726256e-06
3127,2.218048791141179e-05,1.999471579686877e-05,-2.1857721145430207e-06
3128,1.930310467308983e-05,2.1596094144703197e-05,2.2929894716133657e-06
3129,2.1253742154794178e-05,2.2065808117267686e-05,8.120659624735086e-07
3130,1.8698066502818117e-05,2.1598419839020868e-05,2.9003533362027504e-06
3131,1.5055779813591363e-05,1.9629393008916102e-05,4.573613195324739e-06
3132,1.9002690418678567e-05,2.1322247642152807e-05,2.3195572234742403e-06
3133,2.1724666742773098e-05,2.171605904977659e-05,-8.607692996506907e-09
3134,2.088364459991508e-05,2.2064858108684042e-05,1.1812135087689612e-06
3135,1.9950949138331146e-05,1.9873446312422205e-05,-7.750282590894097e-08
3136,1.951327070452264e-05,2.17212620237835e-05,2.207991319260862e-06
3137,2.279011297158868e-05,1.765609665460838e-05,-5.134016316980301e-06
3138,1.9926348269252527e-05,2.0559737805700355e-05,6.333895364478287e-07
3139,1.6560284029242912e-05,1.972434396861191e-05,3.1640599393689984e-06
3140,1.876803132475785e-05,2.0750488092474156e-05,1.982456767716304e-06
3141,2.4325073983341773e-05,2.2728330823421276e-05,-1.5967431599204968e-06
3142,2.0871998046022696e-05,1.9437668677959087e-05,-1.4343293680636086e-06
3143,1.76463570989307e-05,2.102747503212817e-05,3.381117933197469e-06
3144,1.9609982258339243e-05,1.8669297557979077e-05,-9.406847003601653e-07
3145,2.4676419925604274e-05,2.1380136649558306e-05,-3.2962832760459685e-06
3146,1.9620820882228205e-05,1.8744399090619366e-05,-8.764217916088385e-07
3147,2.4143200808484477e-05,2.1735655789189114e-05,-2.407545019295363e-06
3148,1.995444273889123e-05,2.201348476648899e-05,2.05904202759776e-06
3149,2.457857940094347e-05,2.1107726037954685e-05,-3.4708533629887857e-06
3150,2.6828610031501108e-05,2.201218676936794e-05,-4.816423262133166e-06
3151,2.4418780077686334e-05,2.167448436257269e-05,-2.744295715113644e-06
3152,2.1410336794834477e-05,2.2148688942782237e-05,7.383521479477601e-07
3153,1.8683205198506543e-05,1.8362264925714942e-05,-3.209402727916007e-07
3154,2.085221007993354e-05,1.952232835648429e-05,-1.3298817234492515e-06
3155,1.774530312268782e-05,2.2062382095088073e-05,4.317078972400254e-06
3156,2.1500471498902758e-05,2.1133461075434427e-05,-3.670104234683307e-07
3157,2.1053495608271026e-05,2.1336933259964453e-05,2.834376516934269e-07
3158,2.2072507419895545e-05,2.0581345550479142e-05,-1.491161869416403e-06
3159,1.5819838620343103e-05,1.8945006065345806e-05,3.1251674450027026e-06
3160,1.6063616906909784e-05,1.755312170297069e-05,1.4895047960609041e-06
3161,2.5917425804513786e-05,2.4175885090662553e-05,-1.7415407138512325e-06
3162,1.7839288975867144e-05,2.0671532500215657e-05,2.832243524348513e-06
3163,2.1911475554109598e-05,2.1281531139640613e-05,-6.299444144689853e-07
3164,2.2175493580063133e-05,2.4087359985357653e-05,1.9118664052945196e-06
3165,2.210270248306087e-05,2.2210175078348404e-05,1.0747259528753384e-07
3166,2.184529528763262e-05,2.2838457207724463e-05,9.93161920091842e-07
3167,2.1263153195598645e-05,2.0957449238468287e-05,-3.0570395713035853e-07
3168,2.8978559508628413e-05,2.2524724939323564e-05,-6.453834569304849e-06
3169,2.1122170778798657e-05,1.8897046411981787e-05,-2.22512436681687e-06
3170,1.9921445729915276e-05,2.019974792932473e-05,2.7830219940945444e-07
3171,2.1018899142706092e-05,1.8098296144915043e-05,-2.9206029977910485e-06
3172,1.875029815535554e-05,1.8186259988617547e-05,-5.640381667379925e-07
3173,1.6493314309057025e-05,2.019066056148417e-05,3.6973462524271433e-06
3174,2.26288040961781e-05,2.1451020549348574e-05,-1.1777835468295267e-06
3175,2.207462708209394e-05,2.1073909748982117e-05,-1.0007173331118224e-06
3176,1.8536689471818675e-05,1.981296491720595e-05,1.2762754453872759e-06
3177,1.794323552200305e-05,2.0490408939113124e-05,2.547173417110073e-06
3178,2.048050339539356e-05,2.0950315402435907e-05,4.6981200704234675e-07
3179,2.5070739683272575e-05,2.367792409477569e-05,-1.3928155884968846e-06
3180,1.781888999314072e-05,2.0905851599145962e-05,3.0869616060052424e-06
3181,1.682293401814997e-05,1.998302435399167e-05,3.1600903358417024e-06
3182,1.9241397149642285e-05,1.8895792917382097e-05,-3.45604232260188e-07
3183,1.7688325771927416e-05,1.844735884312082e-05,7.590330711934048e-07
3184,1.9761122969945942e-05,2.0645026184298127e-05,8.839032143521854e-07
3185,2.2937129822307758e-05,2.1236678545477826e-05,-1.7004512768299313e-06
3186,2.036546967206559e-05,1.9046100752653853e-05,-1.3193689194117351e-06
3187,1.8467311361425627e-05,1.8464345284559887e-05,-2.966076865739656e-09
3188,1.9918436055770886e-05,2.2674328741855684e-05,2.7558926860847983e-06
3189,2.2207526643050132e-05,2.1611460884813407e-05,-5.960657582367251e-07
3190,2.05350612863082e-05,2.1112155538880007e-05,5.770942525718064e-07
3191,1.9266712663774065e-05,1.845683867062474e-05,-8.098739931493256e-07
3192,1.908437388600533e-05,2.0070061488405807e-05,9.856876024004783e-07
3193,2.4772141762756074e-05,2.0641979868725203e-05,-4.130161894030872e-06
3194,1.662725927576261e-05,1.7457201549064174e-05,8.299422733015622e-07
3195,1.8768335268505064e-05,1.872490767349617e-05,-4.3427595008892705e-08
3196,1.670471237189454e-05,1.9041162881529146e-05,2.336450509634605e-06
3197,2.371936746703014e-05,2.3395162094364978e-05,-3.2420537266516207e-07
3198,1.8556906687763013e-05,2.202450252337331e-05,3.467595835610298e-06
3199,2.78066760984804e-05,2.3578522420910578e-05,-4.228153677569823e-06
3200,1.9900707296107143e-05,2.1540474067827536e-05,1.6397667717203929e-06
3201,1.693967138251483e-05,1.9620957208516845e-05,2.6812858260020135e-06
3202,1.9345134928356626e-05,2.0183769197706465e-05,8.386342693498386e-07
3203,1.6392354327933972e-05,1.7335093734442445e-05,9.427394065084725e-07
3204,1.7875048997630986e-05,1.887058314035131e-05,9.955341427203257e-07
3205,2.3155347557025563e-05,2.2776587180327493e-05,-3.7876037669807026e-07
3206,2.2219502929083906e-05,2.220664559422011e-05,-1.2857334863796511e-08
3207,2.3411803329078266e-05,2.026958066931306e-05,-3.1422226597652065e-06
3208,2.4202399078556513e-05,2.201831340269957e-05,-2.184085675856944e-06
3209,2.367272910186925e-05,2.09653880746209e-05,-2.707341027248351e-06
3210,2.0823663010603996e-05,1.9417053317296884e-05,-1.4066096933071118e-06
3211,1.951397237060044e-05,2.234922523891322e-05,2.8352528683127783e-06
3212,2.4741151274352202e-05,2.1751821404124916e-05,-2.9893298702272857e-06
3213,1.9922958356023368e-05,1.9660034800543006e-05,-2.6292355548036134e-07
3214,1.7354965973506625e-05,1.9243804062908274e-05,1.8888380894016495e-06
3215,1.5132047793967497e-05,2.4006307290227295e-05,8.874259496259797e-06
3216,1.523753478082698e-05,1.895149728057266e-05,3.7139624997456795e-06
3217,1.9725770454123458e-05,2.3676258992747274e-05,3.9504885386238155e-06
3218,2.2753936257192187e-05,2.1104703334594616e-05,-1.6492329225975716e-06
3219,2.053699445753909e-05,2.0114501296454926e-05,-4.224931610841644e-07
3220,1.961380219295688e-05,2.0072820763937934e-05,4.5901857098105346e-07
3221,2.165463813515006e-05,2.0838736045234967e-05,-8.159020899150941e-07
3222,2.004984661066069e-05,1.897604715844847e-05,-1.073799452212219e-06
3223,1.7550604570426585e-05,1.7983102173440058e-05,4.324976030134733e-07
3224,2.1734887920083066e-05,2.3786162786392187e-05,2.0512748663091207e-06
3225,2.6251695927801118e-05,2.4225850670126587e-05,-2.0258452576745308e-06
3226,2.082996965187681e-05,2.119300892253569e-05,3.6303927065887824e-07
3227,1.8945210030701912e-05,2.173028915129269e-05,2.785079120590777e-06
3228,2.0430899987731007e-05,2.17380834370962e-05,1.3071834493651918e-06
3229,2.061036508708736e-05,2.0488249425612442e-05,-1.2211566147491784e-07
3230,1.901049268610709e-05,1.8121197544872338e-05,-8.892951412347528e-07
3231,1.7031874665244983e-05,1.9770870618673375e-05,2.7389959534283916e-06
3232,2.0013838528448032e-05,1.917065675602249e-05,-8.431817724255402e-07
3233,1.83778340009824e-05,2.0439227877092415e-05,2.061393876110014e-06
3234,2.158024551069736e-05,2.1402224370604272e-05,-1.7802114009308792e-07
3235,1.869102439358933e-05,1.877361433028436e-05,8.25899366950318e-08
3236,1.4185509857264929e-05,1.79378324507586e-05,3.75232259349367e-06
3237,1.6649818235196018e-05,1.8684117984334534e-05,2.034299749138516e-06
3238,2.2355927483687852e-05,2.0785775723247042e-05,-1.5701517604408097e-06
3239,1.6995602321612734e-05,1.8820787925260308e-05,1.825185603647574e-06
3240,1.8508316537908904e-05,2.037241050338774e-05,1.864093965478835e-06
3241,1.9381621494032405e-05,2.152808855923994e-05,2.146467065207534e-06
3242,1.7771993087903297e-05,1.8766621029414664e-05,9.946279415113676e-07
3243,2.1719943732281273e-05,2.139438327846797e-05,-3.255604538133036e-07
3244,1.865085493732767e-05,1.9713269989304587e-05,1.062415051976916e-06
3245,2.0086659104802566e-05,2.0547592096743805e-05,4.609329919412383e-07
3246,1.888393240840701e-05,1.958468473571019e-05,7.007523273031807e-07
3247,1.5368118406168685e-05,1.7990906300325303e-05,2.622787894156618e-06
3248,1.9130032814773344e-05,1.854919273876247e-05,-5.808400760108756e-07
3249,2.0812424285803157e-05,2.155066583063471e-05,7.382415448315525e-07
3250,1.8609944223870523e-05,2.069131867150163e-05,2.0813744476311076e-06
3251,2.0713857988584405e-05,2.097240032438207e-05,2.5854233579766626e-07
3252,1.596295195720378e-05,1.730811232910132e-05,1.3451603718975396e-06
3253,1.7081483089082962e-05,2.00032546795356e-05,2.9217715904526377e-06
3254,1.9044065935003025e-05,2.2337009507484806e-05,3.292943572481781e-06
3255,2.01811124755421e-05,2.08605474236425e-05,6.794349481003988e-07
3256,2.3314426149487406e-05,2.2467517759107588e-05,-8.469083903798185e-07
3257,1.7361580759058017e-05,1.9600257403616436e-05,2.238676644558419e-06
3258,1.946646260441024e-05,1.8675957257410617e-05,-7.905053469996226e-07
3259,2.2338421971826447e-05,2.0231282541688406e-05,-2.1071394301380408e-06
3260,2.4572838208341347e-05,2.392114482837174e-05,-6.516933799696052e-07
3261,2.025620398037286e-05,1.879583615985505e-05,-1.460367820517811e-06
3262,2.080530776271367e-05,2.162567207168251e-05,8.203643089688383e-07
3263,1.99237761069524e-05,2.1391954927313892e-05,1.468178820361493e-06
3264,2.166465761998178e-05,2.0415574038325697e-05,-1.249083581656083e-06
3265,1.565944335176482e-05,1.6976210891346244e-05,1.3167675395814245e-06
3266,2.177099403352186e-05,2.0881082450891647e-05,-8.899115826302133e-07
3267,2.215689982896038e-05,2.1134650990985278e-05,-1.022248837975102e-06
3268,1.830212065680089e-05,2.1780664744604202e-05,3.478544087803311e-06
3269,2.163136479930459e-05,2.2557599075982446e-05,9.26234276677855e-07
3270,2.2040829418321695e-05,2.1198532927853905e-05,-8.422964904677902e-07
3271,1.8553988417995594e-05,2.0531682343120148e-05,1.977693925124554e-06
3272,2.1012490940954544e-05,2.478091669572539e-05,3.768425754770847e-06
3273,1.8707920850093405e-05,2.3000160587214082e-05,4.2922397371206774e-06
3274,2.022240378412177e-05,2.0092587419340627e-05,-1.2981636478114276e-07
3275,1.9940866033080812e-05,2.053566429131533e-05,5.947982582345189e-07
3276,1.9849787316825347e-05,2.0440802253785418e-05,5.910149369600702e-07
3277,1.8741773978686323e-05,2.0117966884709156e-05,1.3761929060228326e-06
3278,2.797344993684201e-05,2.1890738546716394e-05,-6.082711390125617e-06
3279,2.196076362686919e-05,2.086108180254634e-05,-1.0996818243228491e-06
3280,1.937468701326325e-05,2.012197380750514e-05,7.472867942418904e-07
3281,2.4334350648579333e-05,2.283258538493578e-05,-1.5017652636435524e-06
3282,2.1590360642976618e-05,1.9684363679331106e-05,-1.905996963645512e-06
3283,2.1752486887680134e-05,2.2444913865795965e-05,6.924269781158307e-07
3284,2.121592700856902e-05,1.9614919662640793e-05,-1.6010073459282281e-06
3285,1.8297001733598235e-05,1.9926520301879735e-05,1.6295185682815002e-06
3286,2.0381472813549645e-05,2.041374099354162e-05,3.2268179991975924e-08
3287,2.2110416122779684e-05,1.980180904648343e-05,-2.308607076296255e-06
3288,1.923157539494864e-05,1.8556568186296278e-05,-6.750072086523621e-07
3289,1.9318104892406115e-05,1.9773081134158316e-05,4.5497624175220124e-07
3290,2.5906586268968762e-05,2.4468151584148486e-05,-1.4384346848202757e-06
3291,2.314259194857901e-05,2.26037412778544e-05,-5.388506707246105e-07
3292,2.2534246056390583e-05,2.223741210250203e-05,-2.968339538885529e-07
3293,2.2079958578097063e-05,2.3317591974409088e-05,1.2376333963120252e-06
3294,2.229656317757977e-05,2.1287791665480724e-05,-1.0087715120990474e-06
3295,1.8970983435434487e-05,1.786534515502947e-05,-1.1056382804050181e-06
3296,1.5368269947893133e-05,1.942027284162375e-05,4.052002893730616e-06
3297,2.0129138743511224e-05,1.9865748948359785e-05,-2.633897951514387e-07
3298,1.5144309114737499e-05,1.8549600062906063e-05,3.4052909481685647e-06
3299,2.5148800613448025e-05,2.1255841700810245e-05,-3.89295891263778e-06
3300,1.756748578853966e-05,1.8597076758600986e-05,1.0295909700613255e-06
3301,2.210202579702024e-05,1.9364414456998004e-05,-2.737611340022236e-06
3302,2.0167557509361513e-05,2.0502571683347682e-05,3.3501417398616894e-07
3303,1.8827749339847864e-05,1.9039355662906683e-05,2.1160632305881964e-07
3304,2.2871744691639353e-05,2.0543594643618017e-05,-2.328150048021336e-06
3305,2.019572193668056e-05,1.874355719585147e-05,-1.452164740829091e-06
3306,1.9994720401506134e-05,2.007330272619362e-05,7.85823246874852e-08
3307,2.007914789057001e-05,2.1528004651780844e-05,1.4488567612108324e-06
3308,2.0643500831830406e-05,1.9096805770763048e-05,-1.5466950610673583e-06
3309,2.2171327779413954e-05,2.0047038000991832e-05,-2.1242897784221224e-06
3310,2.310830318127638e-05,2.2625755471022648e-05,-4.825477102537309e-07
3311,2.0267267132170274e-05,2.097403001863659e-05,7.067628864663162e-07
3312,2.1605821459901766e-05,1.996849170895077e-05,-1.6373297509509962e-06
3313,2.0770265127076122e-05,2.0074113911154446e-05,-6.96151215921676e-07
3314,2.254286378294025e-05,2.010610642360789e-05,-2.4367573593323615e-06
3315,1.652220532988664e-05,1.9664486905381438e-05,3.142281575494798e-06
3316,1.8489082180932563e-05,2.2278199074091588e-05,3.7891168931590254e-06
3317,1.8381629553539886e-05,2.1118057308171873e-05,2.736427754631987e-06
3318,1.5837067426207126e-05,1.890158865091378e-05,3.064521224706655e-06
3319,1.9827749792808785e-05,1.8703979438016436e-05,-1.1237703547923493e-06
3320,1.9294449059030102e-05,2.1655451479822808e-05,2.3610024207927058e-06
3321,1.6483264771608228e-05,2.1263147632863833e-05,4.779882861255605e-06
3322,2.5649531427161518e-05,2.185632985641101e-05,-3.7932015707505075e-06
3323,1.6785862624247806e-05,2.0151942510782268e-05,3.3660798865344616e-06
3324,2.1364908608640333e-05,2.2756335759724362e-05,1.391427151084029e-06
3325,2.2586522635820296e-05,2.2300369909808052e-05,-2.861527260122436e-07
3326,2.4359316801041626e-05,2.1789149766200836e-05,-2.5701670348407903e-06
3327,1.7479194843505967e-05,1.8013935094378745e-05,5.347402508727779e-07
3328,1.7975815309402202e-05,1.967107485326646e-05,1.6952595438642582e-06
3329,2.1533412592889215e-05,2.0889139868339065e-05,-6.442727245501501e-07
3330,1.8133366665648524e-05,1.921063804282164e-05,1.077271377173117e-06
3331,1.5404805771656467e-05,1.9368309349633886e-05,3.963503577977419e-06
3332,1.8210177745220882e-05,1.892736365847153e-05,7.171859132506486e-07
3333,2.05893127247247e-05,2.1090532350255257e-05,5.012196255305585e-07
3334,2.153229795076116e-05,2.032250549063656e-05,-1.2097924601245986e-06
3335,2.1804682033479515e-05,1.9519589989387952e-05,-2.2850920440915624e-06
3336,2.1197494145370896e-05,2.2912545585148013e-05,1.7150514397771168e-06
3337,1.6607243488102285e-05,2.096631069384971e-05,4.359067205747423e-06
3338,1.5412307401474536e-05,2.285899398897329e-05,7.446686587498755e-06
3339,2.0993345497502465e-05,2.1565480187024713e-05,5.721346895222483e-07
3340,2.1991562590841294e-05,2.0145662367197174e-05,-1.8459002236441203e-06
3341,2.275128327375408e-05,2.1367363306112273e-05,-1.3839199676418067e-06
3342,2.3781153045693074e-05,2.1274448509605235e-05,-2.5067045360878386e-06
3343,1.933700620895814e-05,1.9133913252750236e-05,-2.0309295620790432e-07
3344,1.8936618851054863e-05,1.84920129122935e-05,-4.446059387613633e-07
3345,1.9342978051740988e-05,2.192341131991046e-05,2.5804332681694725e-06
3346,1.7053781940719945e-05,2.1290853481007115e-05,4.23707154028717e-06
3347,1.8388658467237855e-05,2.130994256234495e-05,2.9212840951070937e-06
3348,2.272749688593085e-05,2.3780335731247012e-05,1.0528388453161623e-06
3349,1.774875139191657e-05,1.8037621462602818e-05,2.888700706862491e-07
3350,2.3383434003563e-05,2.063707902501041e-05,-2.7463549785525887e-06
3351,1.885447964192916e-05,2.1565358241793307e-05,2.710878599864147e-06
3352,2.1675114764795227e-05,2.0137413859986646e-05,-1.5377009048085806e-06
3353,1.4633258484291555e-05,1.8647722703379694e-05,4.01446421908814e-06
3354,2.6604335558640737e-05,2.2259848427505204e-05,-4.344487131135533e-06
3355,2.428679084942296e-05,2.140485060446131e-05,-2.8819402449616502e-06
3356,1.6608925631606968e-05,2.025983157309832e-05,3.650905941491354e-06
3357,2.3934940017594632e-05,2.045112898173707e-05,-3.483811035857563e-06
3358,2.031611251688652e-05,2.0781971761114447e-05,4.6585924422792643e-07
3359,1.874576412360333e-05,2.0631494681433416e-05,1.8857305578300849e-06
3360,1.8340342327206442e-05,1.842784725792121e-05,8.750493071476738e-08
3361,2.24250304508377e-05,2.322990306972133e-05,8.0487261888363e-07
3362,1.9282667774518457e-05,2.0309782913867405e-05,1.0271151393489478e-06
3363,1.6985915201132687e-05,1.793370551713124e-05,9.477903159985538e-07
3364,2.121463649248562e-05,1.938203074840662e-05,-1.832605744079e-06
3365,1.9484761753609706e-05,1.7957640269263183e-05,-1.5271214843465226e-06
3366,2.0530171260767356e-05,1.7861191244158033e-05,-2.668980016609323e-06
3367,2.3539434500117837e-05,2.1135705412648406e-05,-2.4037290874694313e-06
3368,2.2075398777200783e-05,2.1941402662153768e-05,-1.3399611504701488e-07
3369,1.7047653882295072e-05,2.0139593281868367e-05,3.091939399573295e-06
3370,2.311274014613603e-05,2.0595732084265454e-05,-2.5170080618705747e-06
3371,2.0119810625182104e-05,1.9176246818392385e-05,-9.435638067897184e-07
3372,1.5771271860941225e-05,2.0856363076385293e-05,5.085091215444069e-06
3373,1.867431394560905e-05,1.8383676690398015e-05,-2.9063725521103525e-07
3374,2.1058937484057304e-05,2.088317667012106e-05,-1.7576081393624258e-07
3375,1.8520650109556946e-05,1.855584501348884e-05,3.519490393189372e-08
3376,1.580317510362299e-05,2.123809962153233e-05,5.4349245179093375e-06
3377,1.7556833097776555e-05,2.1432670318002623e-05,3.875837220226068e-06
3378,1.8848334351689442e-05,1.9896630385028242e-05,1.0482960333388006e-06
3379,2.21375131024972e-05,2.0964369158591897e-05,-1.1731439439053017e-06
3380,2.5044038295204975e-05,2.1442830331799525e-05,-3.60120796340545e-06
3381,1.7631945731256926e-05,2.1262701563049287e-05,3.6307558317923608e-06
3382,2.1427982905232753e-05,2.1791323379317948e-05,3.633404740851942e-07
3383,2.2215338371518525e-05,2.024861584745419e-05,-1.9667225240643357e-06
3384,2.389385009727642e-05,2.1047537887647153e-05,-2.8463122096292666e-06
3385,2.3470896044371602e-05,2.0386989565665048e-05,-3.0839064787065545e-06
3386,2.2680472664613707e-05,1.8474532421566937e-05,-4.205940243046769e-06
3387,2.1504048985942496e-05,2.2127226844721054e-05,6.231778587785581e-07
3388,2.109958051715407e-05,1.9755323105988474e-05,-1.3442574111655972e-06
3389,1.7227470986752775e-05,1.9266522218921936e-05,2.0390512321691607e-06
3390,2.1407396857307305e-05,2.1407466098314154e-05,6.924100684902856e-11
3391,1.748783932987032e-05,1.946695540992696e-05,1.9791160800566412e-06
3392,2.0302836522953273e-05,2.116008258578359e-05,8.572460628303172e-07
3393,1.6905929831273238e-05,2.109871126625905e-05,4.192781434985811e-06
3394,2.1088754189978466e-05,2.0823939495353e-05,-2.6481469462546494e-07
3395,1.4533324866141866e-05,1.801439593871709e-05,3.481071072575223e-06
3396,1.7373138568673406e-05,2.0396529554186555e-05,3.023390985513149e-06
3397,1.8272446805035723e-05,1.9767916279525096e-05,1.4954694744893728e-06
3398,1.815157269659016e-05,2.1606833248666107e-05,3.4552605520759473e-06
3399,1.7113667467563757e-05,2.198019279866089e-05,4.866525331097132e-06
3400,1.813533810207678e-05,2.200650963710848e-05,3.8711715350317e-06
3401,2.3780727839650867e-05,2.360977475088632e-05,-1.7095308876454698e-07
3402,2.143562336613056e-05,2.0520686994983165e-05,-9.149363711473933e-07
3403,2.2263661935795314e-05,2.2603820094710606e-05,3.4015815891529256e-07
3404,2.461228611029586e-05,2.333288862624435e-05,-1.2793974840515112e-06
3405,2.14116182618495e-05,1.888265889841103e-05,-2.52895936343847e-06
3406,1.560730107541782e-05,1.98091982431492e-05,4.2018971677313816e-06
3407,1.6863570757438725e-05,2.069895264738851e-05,3.835381889949784e-06
3408,1.9504699751296378e-05,1.869470733575732e-05,-8.099924155390585e-07
3409,1.9114143611203177e-05,1.9934945333710186e-05,8.208017225070084e-07
3410,1.6761368679204683e-05,1.9405128049080472e-05,2.643759369875789e-06
3411,1.5198312209388556e-05,1.957484450751144e-05,4.376532298122884e-06
3412,1.941658645343029e-05,2.0408247395082486e-05,9.916609416521957e-07
3413,2.0768684013129718e-05,2.035633582314278e-05,-4.1234818998693955e-07
3414,1.907445436547265e-05,2.06194685422359e-05,1.5450141767632514e-06
3415,2.8259571539784096e-05,2.225185363667708e-05,-6.007717903107016e-06
3416,2.234946384258773e-05,2.3005844920315883e-05,6.563810777281519e-07
3417,2.6513280455778564e-05,2.505917152889557e-05,-1.4541089268829926e-06
3418,2.3469664232963562e-05,2.0919430796227034e-05,-2.5502334367365285e-06
3419,1.972479308847356e-05,2.1247257316821017e-05,1.5224642283474577e-06
3420,2.27220207889275e-05,2.143848461617e-05,-1.2835361727574999e-06
3421,1.8505786869103465e-05,2.1639035923212586e-05,3.1332490541091218e-06
3422,2.131838445104583e-05,1.95383598168755e-05,-1.7800246341703274e-06
3423,2.407616653134229e-05,2.0495042483202e-05,-3.5811240481402885e-06
3424,2.3525293538771058e-05,2.304458741246648e-05,-4.807061263045794e-07
3425,1.841189313626013e-05,1.7792517265352684e-05,-6.193758709074462e-07
3426,1.9621634805406037e-05,2.208228006648483e-05,2.4606452610787948e-06
3427,2.5513554111288284e-05,2.1408685230960636e-05,-4.1048688803276485e-06
3428,2.0576152832909483e-05,2.1261133111095522e-05,6.849802781860398e-07
3429,1.7390983470857237e-05,1.7657445659434802e-05,2.6646218857756505e-07
3430,2.1198042344852894e-05,2.1182423833821238e-05,-1.5618511031656403e-08
3431,2.1812321382098804e-05,2.2910768858944138e-05,1.098447476845334e-06
3432,2.4536470884921587e-05,2.2152351529659332e-05,-2.3841193552622556e-06
3433,1.8453007836860312e-05,2.0041474615123014e-05,1.5884667782627019e-06
3434,2.178005453137897e-05,2.191496492506656e-05,1.349103936875901e-07
3435,2.125634895451512e-05,2.1166612217112536e-05,-8.973673740258283e-08
3436,2.253649601755939e-05,1.9892938727998236e-05,-2.6435572895611525e-06
3437,2.0725182250674e-05,1.990194090357425e-05,-8.23241347099751e-07
3438,2.2167412090388885e-05,1.911903750732366e-05,-3.048374583065224e-06
3439,2.0603624625686852e-05,2.0942504473574334e-05,3.3887984788748184e-07
3440,1.9614121056909064e-05,1.865667274921049e-05,-9.574483076985721e-07
3441,1.8299701422435517e-05,1.9156404271706834e-05,8.567028492713168e-07
3442,2.2534296599970405e-05,2.1753398949563943e-05,-7.808976504064625e-07
3443,1.7747202267648788e-05,1.6443803589776557e-05,-1.3033986778722308e-06
3444,1.7943659610012424e-05,2.0099509493699832e-05,2.1558498836874083e-06
3445,2.3535771947173756e-05,2.3936674377954354e-05,4.00902430780598e-07
3446,1.8944611648463913e-05,1.8031110070629227e-05,-9.135015778346857e-07
3447,2.427397812388289e-05,2.0957941909685295e-05,-3.3160362141975954e-06
3448,1.9966899170828654e-05,2.1789738043598835e-05,1.8228388727701818e-06
3449,2.2856855802011826e-05,2.0506086042145227e-05,-2.350769759866599e-06
3450,1.8212811909854948e-05,2.049443898713575e-05,2.2816270772808018e-06
3451,1.864427191659746e-05,1.9570274541432777e-05,9.260026248353171e-07
3452,2.3635058725539968e-05,2.021692557006252e-05,-3.4181331554774484e-06
3453,2.0613497991829188e-05,2.157815337142903e-05,9.646553795998428e-07
3454,2.267929776862522e-05,2.069742953469013e-05,-1.981868233935092e-06
3455,2.5177579723832334e-05,2.281794441133239e-05,-2.359635312499944e-06
3456,2.1968644697497495e-05,1.989657260783659e-05,-2.072072089660904e-06
3457,1.9351369105142133e-05,2.20439768911297e-05,2.6926077859875685e-06
3458,1.6289908079371083e-05,1.9276718127373878e-05,2.9868100480027943e-06
3459,1.7985295239627e-05,1.7609118751874626e-05,-3.7617648775237515e-07
3460,1.5566528839513643e-05,1.8208033484290718e-05,2.6415046447770743e-06
3461,1.7628076330717525e-05,1.7343156852801147e-05,-2.849194779163785e-07
3462,1.6450090218843247e-05,2.140358533141505e-05,4.9534951125718024e-06
3463,2.1485202859165723e-05,2.19678603278871e-05,4.826574687213755e-07
3464,1.6959693969130402e-05,1.752302825783218e-05,5.633342887017762e-07
3465,1.5084950252560809e-05,1.8983405081524836e-05,3.898454828964028e-06
3466,1.8695957679310958e-05,2.297910134459595e-05,4.28314366528499e-06
3467,1.8076738058721586e-05,2.1088919728413768e-05,3.0121816696921827e-06
3468,1.98863461444374e-05,1.984618018820866e-05,-4.016595622873936e-08
3469,1.9944892749125297e-05,2.2868659224394662e-05,2.9237664752693644e-06
3470,2.0136532563170198e-05,2.1721900823510005e-05,1.5853682603398073e-06
3471,2.4020322646132166e-05,2.2339642977081128e-05,-1.6806796690510385e-06
3472,1.6325232486522774e-05,1.864288618131602e-05,2.317653694793247e-06
3473,2.0230767243419494e-05,2.1760841335655656e-05,1.5300740922361617e-06
3474,2.320161555150304e-05,2.175939427209145e-05,-1.4422212794115904e-06
3475,2.3041141499610404e-05,2.1340726650787158e-05,-1.700414848823246e-06
3476,2.005360239622497e-05,2.304272094187022e-05,2.989118545645249e-06
3477,1.6211737422751983e-05,2.0521280552940358e-05,4.309543130188375e-06
3478,2.2774503603292358e-05,2.3072974592894714e-05,2.9847098960235677e-07
3479,2.1586390262364993e-05,2.3247344967684748e-05,1.6609547053197551e-06
3480,1.8191837655821123e-05,1.7663936355796837e-05,-5.279013000242858e-07
3481,1.8158293986149252e-05,1.897583390495255e-05,8.175399188032993e-07
3482,2.074036062751689e-05,2.1331386231456878e-05,5.910256039399869e-07
3483,1.9438814564243198e-05,1.8374502265574404e-05,-1.0643122986687931e-06
3484,2.4778550197367076e-05,2.1593471990819816e-05,-3.1850782065472605e-06
3485,2.01018248961309e-05,2.0300035576124673e-05,1.9821067999377246e-07
3486,2.079364247585196e-05,2.2716158331928142e-05,1.922515856076181e-06
3487,2.6312718847777275e-05,2.5110686148091614e-05,-1.2020326996856611e-06
3488,2.259065727294638e-05,2.3451295167037042e-05,8.606378940906633e-07
3489,1.7956778105092703e-05,1.9777898147642725e-05,1.8211200425500224e-06
3490,2.424407049620795e-05,1.9639798293359347e-05,-4.6042722028486015e-06
3491,1.977537957390769e-05,2.0244581384865222e-05,4.6920181095753104e-07
3492,1.8405048334633026e-05,1.8619272133311713e-05,2.142237986786874e-07
3493,1.9254699246802512e-05,2.0984218353822966e-05,1.7295191070204542e-06
3494,1.703866514358681e-05,1.9916424341620158e-05,2.877759198033348e-06
3495,2.0908872202734973e-05,2.1652349980209512e-05,7.434777774745383e-07
3496,1.894237735774766e-05,1.850024864367741e-05,-4.4212871407024883e-07
3497,2.2265847475138248e-05,2.3245444045798644e-05,9.795965706603968e-07
3498,2.1535347465665015e-05,1.9659907404292492e-05,-1.8754400613725228e-06
3499,1.9876223560412862e-05,2.0777344107785876e-05,9.011205473730145e-07
3500,1.9250759670994923e-05,1.8307442785577764e-05,-9.433168854171587e-07
3501,2.1911188727494218e-05,1.9921128059181282e-05,-1.990060668312936e-06
3502,2.040295693928197e-05,2.010893519824082e-05,-2.9402174104115145e-07
3503,2.2694325888951258e-05,1.9896841740065847e-05,-2.7974841488854116e-06
3504,2.2560242370543385e-05,2.0497368782802416e-05,-2.0628735877409694e-06
3505,2.0523458400404935e-05,2.114044610979816e-05,6.169877093932261e-07
3506,1.857706802555695e-05,1.803458629869989e-05,-5.424817268570596e-07
3507,2.2039966212517462e-05,2.104798496615811e-05,-9.919812463593511e-07
3508,2.328748367370677e-05,2.164863917032445e-05,-1.6388445033823215e-06
3509,2.012354015640053e-05,1.961314554402711e-05,-5.10394612373421e-07
3510,1.7264595650686004e-05,1.9973946572711042e-05,2.7093509220250378e-06
3511,1.9837434977657565e-05,2.1023583626795057e-05,1.1861486491374922e-06
3512,1.959656262125638e-05,1.9335905502345316e-05,-2.6065711891106396e-07
3513,2.592949192476765e-05,2.3303410136844595e-05,-2.6260817879230544e-06
3514,2.2645750573884675e-05,2.067963127892512e-05,-1.9661192949595558e-06
3515,1.828398655288971e-05,2.032693167263962e-05,2.04294511974991e-06
3516,2.0063818956917124e-05,1.972761509251856e-05,-3.3620386439856277e-07
3517,1.7673352706279796e-05,2.081355235924272e-05,3.140199652962925e-06
3518,2.3159082499342532e-05,2.060571194912574e-05,-2.553370550216793e-06
3519,1.7545063365175658e-05,2.0723106472042318e-05,3.1780431068666606e-06
3520,2.064084025130882e-05,2.2540490938161642e-05,1.8996506868528214e-06
3521,2.7657480516196494e-05,2.028319982530491e-05,-7.374280690891585e-06
3522,2.2357666849404932e-05,2.192990674007815e-05,-4.277601093267832e-07
3523,2.1025701091163975e-05,1.8895982223991684e-05,-2.129718867172291e-06
3524,2.147260374607219e-05,2.136322170794452e-05,-1.0938203812767034e-07
3525,2.0285988433838165e-05,1.8868719022086238e-05,-1.4172694117519273e-06
3526,2.4495098399458322e-05,2.3448366139062336e-05,-1.0467322603959856e-06
3527,1.9758106852485684e-05,2.1496753327400608e-05,1.738646474914924e-06
3528,1.9014235847767414e-05,1.737178667663846e-05,-1.6424491711289535e-06
3529,2.165440335750465e-05,2.0473607540379908e-05,-1.1807958171247427e-06
3530,2.1476845160683743e-05,2.2100101987010954e-05,6.232568263272109e-07
3531,1.942181161297191e-05,1.9707571075138045e-05,2.8575946216613407e-07
3532,1.9800895975807815e-05,2.0018260640860772e-05,2.173646650529572e-07
3533,2.1625576661513917e-05,1.9355225858306524e-05,-2.2703508032073925e-06
3534,2.418736424390604e-05,2.283800584118756e-05,-1.3493584027184803e-06
3535,2.1608899951965354e-05,2.0248785254324652e-05,-1.3601146976407018e-06
3536,2.6189544973535015e-05,2.183596680168356e-05,-4.3535781718514534e-06
3537,2.1947261622876963e-05,2.1634393006885122e-05,-3.128686159918402e-07
3538,1.7272821808599504e-05,1.905543505207735e-05,1.7826132434778464e-06
3539,2.075067253916769e-05,1.8918690785878485e-05,-1.8319817532892056e-06
3540,2.0623825288423733e-05,2.1096383327965367e-05,4.725580395416338e-07
3541,1.7766525904260562e-05,1.6409237038252404e-05,-1.3572888660081575e-06
3542,1.8330762574013757e-05,2.0250482205255222e-05,1.9197196312414647e-06
3543,2.9511378861826998e-05,2.315250252694266e-05,-6.358876334884337e-06
3544,1.8264468676245315e-05,2.2734493588225057e-05,4.4700249119797425e-06
3545,1.8552957940149142e-05,2.344762027054476e-05,4.894662330395618e-06
3546,2.0892506627937552e-05,2.10246890909547e-05,1.3218246301714966e-07
3547,1.703851518062555e-05,2.0732004595005302e-05,3.6934894143797505e-06
3548,2.1498934929621754e-05,2.1554847217171185e-05,5.591228754943042e-08
3549,2.2342398992133306e-05,2.2541378958465993e-05,1.9897996633268795e-07
3550,1.9965102642115008e-05,2.1244534772228855e-05,1.2794321301138466e-06
3551,2.3975635977297955e-05,2.50210078666556e-05,1.0453718893576446e-06
3552,2.2613038827853596e-05,1.9114017599489757e-05,-3.499021228363839e-06
3553,2.3043334180018608e-05,2.000579188690276e-05,-3.037542293115847e-06
3554,1.8166661319447688e-05,2.0221924636763025e-05,2.0552633173153362e-06
3555,1.4017901329986577e-05,1.7949876430590097e-05,3.93197510060352e-06
3556,1.735608824376367e-05,1.9899876666221313e-05,2.5437884224576433e-06
3557,2.3301566454190018e-05,2.4073146959958124e-05,7.715805057681058e-07
3558,1.8844223632979388e-05,1.883958037663776e-05,-4.643256341627154e-09
3559,2.2957676650069896e-05,1.9859156211757702e-05,-3.0985204383121934e-06
3560,1.793494071356757e-05,1.8893255289811443e-05,9.58314576243872e-07
3561,2.3716447137719857e-05,2.0934625710509992e-05,-2.7818214272098644e-06
3562,2.267939249787915e-05,2.336655421660462e-05,6.871617187254695e-07
3563,1.998721346154838e-05,2.1090028991578218e-05,1.1028155300298368e-06
3564,1.5989570110020667e-05,1.9281315943219246e-05,3.291745833198579e-06
3565,1.8984921243541345e-05,1.7932697429233093e-05,-1.0522238143082523e-06
3566,1.9476065841346455e-05,2.1107128887070612e-05,1.6310630457241573e-06
3567,2.3125968041134296e-05,2.4581454097486773e-05,1.4554860563524768e-06
3568,2.124652901455746e-05,2.1682652046990457e-05,4.3612303243299695e-07
3569,1.7642374550521442e-05,1.8201518936653967e-05,5.591443861325252e-07
3570,2.4320841097846852e-05,2.3435685844077638e-05,-8.851552537692141e-07
3571,2.2219101814466544e-05,1.8989607751017722e-05,-3.2294940634488228e-06
3572,1.9733511660058976e-05,1.9591341342132158e-05,-1.4217031792681826e-07
3573,1.812981362991962e-05,1.928808830906134e-05,1.158274679141721e-06
3574,1.8869632910816338e-05,2.2592533470815245e-05,3.722900559998907e-06
3575,2.7329938999922097e-05,2.1362489691726266e-05,-5.967449308195832e-06
3576,2.5493219905939725e-05,2.1401395096666593e-05,-4.091824809273133e-06
3577,1.929414022614806e-05,1.778031256326556e-05,-1.513827662882502e-06
3578,1.6823720935932864e-05,1.968696873552124e-05,2.8632477995883773e-06
3579,1.904229305007183e-05,1.9236532074305266e-05,1.9423902423343538e-07
3580,1.8645559799062637e-05,2.098949511361275e-05,2.343935314550112e-06
3581,2.0941987213858185e-05,1.9770962257178695e-05,-1.1710249566794905e-06
3582,1.77794474620799e-05,1.781360190997135e-05,3.415444789144718e-08
3583,1.8578007562776296e-05,2.1027634808348e-05,2.449627245571702e-06
3584,1.5178583068077045e-05,1.9690043347483815e-05,4.51146027940677e-06
3585,1.7254169496133235e-05,2.032399243880147e-05,3.0698229426682347e-06
3586,2.5351042341159057e-05,2.3228099056408233e-05,-2.122943284750824e-06
3587,2.1493120162563675e-05,2.0740975550505532e-05,-7.521446120581433e-07
3588,2.1752288658863242e-05,2.082373633959868e-05,-9.285523192645617e-07
3589,1.960586859634623e-05,1.977726819310991e-05,1.7139959676368022e-07
3590,2.2376031850102065e-05,2.0024625058690096e-05,-2.3514067914119687e-06
3591,1.6628741599878848e-05,1.8589722107005187e-05,1.9609805071263393e-06
3592,1.9814532667164118e-05,2.133357906521196e-05,1.5190463980478423e-06
3593,1.8344014410988505e-05,2.0298493678963087e-05,1.9544792679745825e-06
3594,1.613612088338552e-05,1.6919511448309e-05,7.833905649234803e-07
3595,1.6439486098245145e-05,1.8777334099035018e-05,2.337848000789873e-06
3596,1.5538418363049464e-05,1.9964353360398976e-05,4.425934997349512e-06
3597,1.9655410501901677e-05,1.994662033286615e-05,2.912098309644742e-07
3598,1.7209980763600024e-05,1.929136900666202e-05,2.0813882430619968e-06
3599,2.167781185171891e-05,2.0593918897534795e-05,-1.0838929541841157e-06
3600,2.559549878879009e-05,2.0763526512002675e-05,-4.8319722767874165e-06
3601,2.2312749584759076e-05,1.85538555752714e-05,-3.758894009487676e-06
3602,1.8499549779323094e-05,1.8913593842545633e-05,4.140440632225393e-07
3603,1.8306403281846655e-05,1.808592250615198e-05,-2.2048077569467467e-07
3604,1.8046355183201166e-05,1.8664689820395642e-05,6.183346371944769e-07
3605,1.4466090409713346e-05,2.1052715083525997e-05,6.586624673812651e-06
3606,1.9066873128732967e-05,2.0616292545680637e-05,1.5494194169476698e-06
3607,1.916802121690374e-05,2.0041046214124514e-05,8.730249972207748e-07
3608,2.443075813936488e-05,2.2828568853004807e-05,-1.6021892863600737e-06
3609,2.1285974408069488e-05,1.8734229927530768e-05,-2.5517444805387198e-06
3610,1.7503997119258328e-05,1.9971463343775215e-05,2.4674662245168874e-06
3611,2.224208297117558e-05,2.0310837597009726e-05,-1.931245374165853e-06
3612,1.860710157957943e-05,1.906742641229052e-05,4.603248327110892e-07
3613,1.9926065985284103e-05,2.0817252797263246e-05,8.911868119791436e-07
3614,1.5266956152460727e-05,1.812227113155086e-05,2.8553149790901317e-06
3615,2.088571623824462e-05,2.1105639156563954e-05,2.1992291831933282e-07
3616,2.4565836493269975e-05,2.1625246257734006e-05,-2.940590235535969e-06
3617,2.3169199609388607e-05,2.2589665072541056e-05,-5.795345368475505e-07
3618,2.4512873462521406e-05,2.210663641556442e-05,-2.4062370469569845e-06
3619,1.9100288130113644e-05,2.1928178840157565e-05,2.8278907100439212e-06
3620,1.993939450242922e-05,1.794562486108388e-05,-1.9937696413453376e-06
3621,2.096378510783645e-05,1.881789620793245e-05,-2.145888899903998e-06
3622,2.0551780048771358e-05,2.0215652982821415e-05,-3.361270659499435e-07
3623,2.021308803009179e-05,2.0009415674472105e-05,-2.0367235561968426e-07
3624,2.1879579508114444e-05,2.0790333649692004e-05,-1.0892458584224397e-06
3625,2.720189329304305e-05,2.3833451620823204e-05,-3.3684416722198467e-06
3626,2.104046288368137e-05,2.064343617275068e-05,-3.970267109306913e-07
3627,1.641058454805614e-05,1.9377103394425184e-05,2.966518846369045e-06
3628,2.396245932680354e-05,2.253423080567857e-05,-1.4282285211249701e-06
3629,1.8776226599249338e-05,1.932800495099968e-05,5.517783517503436e-07
3630,2.1856463493069207e-05,2.0349016671530487e-05,-1.5074468215387202e-06
3631,1.7903597745839372e-05,2.117121728840878e-05,3.2676195425694084e-06
3632,1.9499265643987375e-05,2.0927526389677213e-05,1.4282607456898378e-06
3633,2.6426977138340816e-05,2.217057061020853e-05,-4.256406528132285e-06
3634,2.161398563292584e-05,1.984291445742869e-05,-1.7710711754971508e-06
3635,2.3772677985279784e-05,1.893463825258594e-05,-4.8380397326938435e-06
3636,2.4380707710346547e-05,2.326028628331727e-05,-1.1204214270292762e-06
3637,2.290371131885042e-05,2.0923071655102688e-05,-1.9806396637477324e-06
3638,2.4446143620328388e-05,2.1169510158358646e-05,-3.276633461969742e-06
3639,2.3438458177664972e-05,2.186450717866762e-05,-1.5739509989973517e-06
3640,2.1829962871950067e-05,2.0399561992082163e-05,-1.430400879867904e-06
3641,1.934351726023704e-05,2.0307826430495795e-05,9.643091702587536e-07
3642,2.2633357759465978e-05,2.30944756300892e-05,4.6111787062322264e-07
3643,1.9892105371358854e-05,1.8005995866251145e-05,-1.8861095051077084e-06
3644,2.093759875702294e-05,2.0967672220388997e-05,3.007346336605791e-08
3645,1.6813162198726777e-05,2.1808120057041293e-05,4.994957858314516e-06
3646,2.0711452865716416e-05,1.9090140861450642e-05,-1.6213120042657735e-06
3647,2.0548362879250093e-05,1.8851901319374516e-05,-1.6964615598755777e-06
3648,1.95748694283998e-05,1.8603975464845063e-05,-9.708939635547385e-07
3649,1.5925009913460028e-05,2.0441400224108147e-05,4.516390310648119e-06
3650,2.2749486032761565e-05,2.0537864169145605e-05,-2.21162186361596e-06
3651,1.955973034061777e-05,1.9279800415592346e-05,-2.7992992502542336e-07
3652,2.624786580562313e-05,2.3469949962668785e-05,-2.777915842954345e-06
3653,1.884911013140961e-05,2.2480758208272766e-05,3.6316480768631566e-06
3654,1.3616413573220856e-05,1.8259594673186117e-05,4.643181099965261e-06
3655,2.125926193810871e-05,2.3129575455305892e-05,1.8703135171971828e-06
3656,2.0805167766419593e-05,2.2001101481518533e-05,1.1959337150989397e-06
3657,1.917797554642571e-05,2.1501414970569845e-05,2.323439424144134e-06
3658,2.384177397809934e-05,2.3558603868414837e-05,-2.8317010968450425e-07
3659,2.129178480788764e-05,2.141761508099466e-05,1.2583027310702065e-07
3660,2.005104811644871e-05,2.1083987134885095e-05,1.0329390184363852e-06
3661,2.1775574117515573e-05,1.98690625607569e-05,-1.9065115567586725e-06
3662,2.7193489722755148e-05,2.2440084792887672e-05,-4.753404929867476e-06
3663,1.6319640858994856e-05,2.1210596846565187e-05,4.890955987570331e-06
3664,2.1068161502170648e-05,2.3105834301459417e-05,2.037672799288769e-06
3665,1.8523342522388665e-05,1.7694603777561568e-05,-8.287387448270973e-07
3666,2.340423269975677e-05,2.172478364294868e-05,-1.679449056808091e-06
3667,1.9382485996587082e-05,2.1239641492873898e-05,1.8571554962868156e-06
3668,2.1356969609970822e-05,2.3057809396402664e-05,1.700839786431842e-06
3669,2.1879990898676763e-05,2.1491274158798028e-05,-3.887167398787349e-07
3670,2.03560656011747e-05,2.210836664568808e-05,1.75230104451338e-06
3671,1.6984794077559314e-05,1.9218510155304988e-05,2.2337160777456737e-06
3672,1.733579619794952e-05,1.9974826669019715e-05,2.639030471070196e-06
3673,1.7127134105683285e-05,1.7422946131025275e-05,2.9581202534199007e-07
3674,1.9780971246221873e-05,1.9390155148680005e-05,-3.9081609754186813e-07
3675,2.6084118124614168e-05,2.177652350720097e-05,-4.307594617413197e-06
3676,2.19875893551613e-05,2.035343075275128e-05,-1.634158602410019e-06
3677,2.2382764250867232e-05,2.0611354078290433e-05,-1.7714101725767987e-06
3678,1.7124170348803552e-05,2.1070470529229667e-05,3.946300180426115e-06
3679,2.432062837787664e-05,2.0904452721993406e-05,-3.4161756558832333e-06
3680,2.262535329717941e-05,2.2604864471589414e-05,-2.048882558999452e-08
3681,2.3176061076128994e-05,2.2378289721407538e-05,-7.977713547214555e-07
3682,1.9870986923916866e-05,2.003332180893397e-05,1.623348850171028e-07
3683,2.7479649718523834e-05,2.329350531298372e-05,-4.1861444055401144e-06
3684,2.6629653722502345e-05,2.097869006341053e-05,-5.650963659091816e-06
3685,2.0253327221250913e-05,1.9862891673923114e-05,-3.904355473277992e-07
3686,1.8901183624048798e-05,2.0259196486367487e-05,1.3580128623186892e-06
3687,2.2308609385594473e-05,2.0222373451647157e-05,-2.086235933947316e-06
3688,1.9968764667390513e-05,1.914343950275286e-05,-8.253251646376538e-07
3689,1.914127264411397e-05,2.1643025743881747e-05,2.5017530997677775e-06
3690,1.7388456398439783e-05,1.959004890935818e-05,2.201592510918396e-06
3691,1.5624067927141042e-05,2.121462486915992e-05,5.590556942018876e-06
3692,2.2254991413332757e-05,2.1924920900395944e-05,-3.3007051293681356e-07
3693,1.953028455668593e-05,2.1165055117399202e-05,1.6347705607132711e-06
3694,1.6709954695938446e-05,2.1131223001987896e-05,4.42126830604945e-06
3695,1.7598985911247007e-05,1.9399085314137735e-05,1.8000994028907272e-06
3696,2.3051104508321996e-05,2.6163753867643224e-05,3.1126493593212276e-06
3697,2.1490830560942385e-05,2.0601293282874306e-05,-8.89537278068079e-07
3698,2.005863285352372e-05,1.885754933099082e-05,-1.2010835225328985e-06
3699,1.8956001883501363e-05,1.9106818349700304e-05,1.5081646619894063e-07
3700,1.5701135394817486e-05,1.7064058431383333e-05,1.3629230365658462e-06
3701,2.4341379503139945e-05,2.240203435023915e-05,-1.939345152900794e-06
3702,1.675340954089256e-05,2.0093724933646572e-05,3.3403153927540126e-06
3703,2.55782286904786e-05,2.2915918476231547e-05,-2.662310214247054e-06
3704,1.9932325315429602e-05,1.7994615121595086e-05,-1.9377101938345156e-06
3705,2.267519827588571e-05,2.241401575284949e-05,-2.6118252303621866e-07
3706,1.797648291769641e-05,1.9594490882597566e-05,1.618007964901156e-06
3707,2.4675996634749717e-05,2.3866967760498035e-05,-8.09028874251682e-07
3708,2.254355996684633e-05,2.2059557194438653e-05,-4.840027724076772e-07
3709,1.9674085872850214e-05,1.9202178803602794e-05,-4.7190706924742066e-07
3710,2.438521544852682e-05,2.271484760146531e-05,-1.6703678470615125e-06
3711,2.169446323898411e-05,1.8319092249705506e-05,-3.375370989278605e-06
3712,1.761387035600864e-05,2.0758451881971105e-05,3.144581525962464e-06
3713,1.642201702324661e-05,2.0936157622220588e-05,4.514140598973979e-06
3714,1.9196103246735635e-05,2.224276604875856e-05,3.046662802022926e-06
3715,2.0159527758953457e-05,1.8710074255403305e-05,-1.449453503550152e-06
3716,2.1373158945802104e-05,2.204844140290317e-05,6.752824571010666e-07
3717,1.9444137809165208e-05,2.0536286909930528e-05,1.0921491007653196e-06
3718,2.0408502187152003e-05,2.2643025526843514e-05,2.2345233396915114e-06
3719,2.2366755099479318e-05,1.9208364123470165e-05,-3.1583909760091526e-06
3720,2.237642078169055e-05,2.3584151774639467e-05,1.2077309929489184e-06
3721,2.0932046757743553e-05,1.964557909211964e-05,-1.2864676656239128e-06
3722,2.1566161128016948e-05,1.9770846162077223e-05,-1.795314965939725e-06
3723,1.91126493150368e-05,2.136118604397347e-05,2.248536728936672e-06
3724,2.3692363480350578e-05,1.995748061897997e-05,-3.7348828613706074e-06
3725,2.042073063266875e-05,2.1343309449859185e-05,9.22578817190435e-07
3726,2.0237601076358496e-05,2.0593056845296236e-05,3.554557689377399e-07
3727,2.1299339143582338e-05,2.068134263967511e-05,-6.179965039072277e-07
3728,2.144044892152042e-05,2.133158794724135e-05,-1.0886097427906689e-07
3729,1.889175387671338e-05,2.078800691995684e-05,1.8962530432434601e-06
3730,2.0553396493543396e-05,1.970970918270004e-05,-8.43687310843356e-07
3731,2.041510893931229e-05,2.3645586263661357e-05,3.2304773243490675e-06
3732,2.045358144772421e-05,1.8961861231200203e-05,-1.491720216524006e-06
3733,2.178037483145601e-05,2.0453093359310343e-05,-1.3272814721456665e-06
3734,1.8215287712744113e-05,1.863859228286977e-05,4.233045701256566e-07
3735,2.019857723773689e-05,1.903862195996502e-05,-1.1599552777718708e-06
3736,1.931152750160955e-05,1.88484325718726e-05,-4.630949297369521e-07
3737,1.790655775099051e-05,2.1685094225731933e-05,3.7785364747414243e-06
3738,1.994289078605588e-05,1.8233830895979397e-05,-1.7090598900764831e-06
3739,2.044880711544115e-05,1.9882161821770878e-05,-5.666452936702721e-07
3740,1.6657855316431037e-05,1.754189527585268e-05,8.84039959421643e-07
3741,2.0356787557932348e-05,2.1068203934176633e-05,7.114163762442849e-07
3742,1.4894646733538603e-05,1.9625328747926945e-05,4.730682014388341e-06
3743,2.2489949100775508e-05,2.2845431817912227e-05,3.5548271713671886e-07
3744,2.0393176044074615e-05,1.91940703236183e-05,-1.199105720456315e-06
3745,2.0706221756564054e-05,2.199726877213206e-05,1.291047015568005e-06
3746,2.6172440158389835e-05,2.183032837616516e-05,-4.342111782224675e-06
3747,2.291504780514764e-05,2.0222204044776698e-05,-2.692843760370943e-06
3748,1.8171189746139315e-05,2.120964778453336e-05,3.038458038394045e-06
3749,1.9419563196356598e-05,2.0069635814129035e-05,6.500726177724373e-07
3750,2.3575454641314024e-05,2.3278850867779706e-05,-2.9660377353431757e-07
3751,2.4156675424437802e-05,2.20216380706614e-05,-2.1350373537764024e-06
3752,2.1052121464014005e-05,2.172177240256839e-05,6.696509385543842e-07
3753,1.9559923578876314e-05,2.1321299850968346e-05,1.761376272092032e-06
3754,1.4804100523764838e-05,2.041444468848049e-05,5.610344164715653e-06
3755,2.288680549461623e-05,2.011194401943456e-05,-2.774861475181668e-06
3756,1.8850172245588842e-05,2.0804657413754158e-05,1.9544851681653155e-06
3757,1.9137232786425766e-05,1.768907699454384e-05,-1.448155791881925e-06
3758,1.9697090855233227e-05,2.0083801076677253e-05,3.8671022144402627e-07
3759,2.0592309019838563e-05,2.2520822346959555e-05,1.9285133271209927e-06
3760,2.1540139863685033e-05,2.0207330215854835e-05,-1.3328096478301983e-06
3761,2.2038435995446013e-05,2.2089745768630103e-05,5.1309773184090354e-08
3762,1.7757670327088595e-05,2.1405784088899768e-05,3.6481137618111722e-06
3763,2.073040029943917e-05,2.025052841602367e-05,-4.798718834155019e-07
3764,2.0285988433838165e-05,1.8868719022086238e-05,-1.4172694117519273e-06
3765,2.2446465318409358e-05,2.306424336712964e-05,6.177780487202806e-07
3766,2.3778908490585785e-05,2.0409759147577053e-05,-3.3691493430087317e-06
3767,2.65600669461456e-05,2.2034909272390095e-05,-4.525157673755506e-06
3768,1.5508689705826225e-05,2.0789830581529915e-05,5.28114087570369e-06
3769,2.031685223690651e-05,2.0222572814193336e-05,-9.427942271317399e-08
3770,2.1546440486237017e-05,2.073612227071223e-05,-8.103182155247863e-07
3771,1.8029802462003815e-05,1.782332795600745e-05,-2.064745059963655e-07
3772,1.882669509008306e-05,1.7078824310211437e-05,-1.7478707798716221e-06
3773,1.651001786861066e-05,1.9879968150372457e-05,3.3699502817617963e-06
3774,1.2059100344351244e-05,1.8587882463930275e-05,6.528782119579031e-06
3775,1.9165944850931995e-05,1.971202676479576e-05,5.460819138637649e-07
3776,2.350285737605862e-05,2.3565081927686066e-05,6.22245516274454e-08
3777,2.429207074501998e-05,2.0546490442816915e-05,-3.7455803022030652e-06
3778,2.1208985459076393e-05,2.077256243182957e-05,-4.3642302724682154e-07
3779,1.925596832823335e-05,2.0941252138467885e-05,1.685283810234535e-06
3780,2.424290090152822e-05,2.2699024168035168e-05,-1.543876733493051e-06
3781,2.2630566239171876e-05,2.139196491248353e-05,-1.2386013266883441e-06
3782,1.6804970499650645e-05,1.91769111170176e-05,2.3719406173669562e-06
3783,1.8645263496182347e-05,1.9820717670825847e-05,1.1754541746434994e-06
3784,2.0522988412472045e-05,2.089368931871417e-05,3.7070090624212544e-07
3785,1.968092304827036e-05,2.208132042857328e-05,2.4003973803029195e-06
3786,1.3854207630019656e-05,1.632712118659664e-05,2.4729135565769846e-06
3787,1.7605359651357142e-05,2.0129586328442033e-05,2.52422667708489e-06
3788,1.562207394176468e-05,1.8623542778083527e-05,3.0014688363188486e-06
3789,2.3292414095276474e-05,2.010198569093998e-05,-3.1904284043364924e-06
3790,2.0846053195774784e-05,2.2387046990956205e-05,1.5409937951814207e-06
3791,2.1991713428481544e-05,2.13403913089932e-05,-6.513221194883445e-07
3792,2.088113029125863e-05,2.0700467070936068e-05,-1.806632203225618e-07
3793,1.806989323140821e-05,2.1536999939702368e-05,3.467106708294157e-06
3794,1.7192824021686606e-05,1.8454997150525836e-05,1.2621731288392295e-06
3795,1.774955701399673e-05,1.787678834498403e-05,1.272313309872984e-07
3796,2.026725245025007e-05,1.8372275824909082e-05,-1.8949766253409882e-06
3797,2.459374082777384e-05,2.292420160622288e-05,-1.6695392215509625e-06
3798,2.0490414070922998e-05,2.1298635857147214e-05,8.082217862242157e-07
3799,2.153836468730239e-05,1.9584151262978957e-05,-1.954213424323433e-06
3800,1.8701389063497818e-05,2.0319863060269722e-05,1.6184739967719036e-06
3801,2.1784488869599096e-05,2.0068440546454902e-05,-1.716048323144194e-06
3802,2.0517209335097224e-05,2.1876886639752264e-05,1.3596773046550408e-06
3803,2.0349944849976187e-05,1.9446637943992547e-05,-9.033069059836401e-07
3804,1.7998762862501372e-05,1.8528423960614072e-05,5.296610981126998e-07
3805,1.618100680989661e-05,2.060134203058684e-05,4.420335220690231e-06
3806,2.1966683752937468e-05,2.073493248408275e-05,-1.2317512688547185e-06
3807,2.113510573462143e-05,1.9082684930436455e-05,-2.0524208041849747e-06
3808,1.3031036163012558e-05,1.9739433602748726e-05,6.708397439736169e-06
3809,1.8785690540309765e-05,2.0742456264643172e-05,1.956765724333407e-06
3810,1.915394543231645e-05,2.090287397886464e-05,1.7489285465481882e-06
3811,2.1455839900786938e-05,2.0609211797372316e-05,-8.466281034146214e-07
3812,1.964270468521865e-05,2.1588012652854185e-05,1.9453079676355335e-06
3813,1.776807502852835e-05,1.8003054911078658e-05,2.3497988255030878e-07
3814,2.3216928848820954e-05,2.041937896168478e-05,-2.797549887136175e-06
3815,1.528292820322005e-05,1.991118104869528e-05,4.62825284547523e-06
3816,2.2061464657780434e-05,2.0207627243708584e-05,-1.85383741407185e-06
3817,2.2518311485482993e-05,2.087647830746148e-05,-1.641833178021513e-06
3818,2.412873255077787e-05,2.117285734654943e-05,-2.9558752042284408e-06
3819,1.8699893069428954e-05,1.981014461182634e-05,1.1102515423973863e-06
3820,2.1163023250606885e-05,2.203590696765542e-05,8.728837170485348e-07
3821,1.597297797953774e-05,1.6357758735206678e-05,3.847807556689365e-07
3822,1.85702646148469e-05,1.932510038808547e-05,7.548357732385702e-07
3823,1.8679086532347363e-05,2.2846775170125417e-05,4.167688637778053e-06
3824,2.232510204521716e-05,2.1068700282888876e-05,-1.2564017623282835e-06
3825,2.043466658001131e-05,1.827827462240665e-05,-2.1563919576046593e-06
3826,2.1377990778813683e-05,1.9946811993611118e-05,-1.431178785202565e-06
3827,1.5079502386718736e-05,1.957226926883949e-05,4.492766882120754e-06
3828,1.7006736715058925e-05,1.979103829540768e-05,2.7843015803487565e-06
3829,2.4712006646436182e-05,2.1072094741153305e-05,-3.6399119052828768e-06
3830,1.746050603086026e-05,2.085971809565416e-05,3.3992120647938996e-06
3831,1.7592536160291075e-05,1.8274628529860985e-05,6.820923695699104e-07
3832,2.483022162476274e-05,1.9349332090493573e-05,-5.480889534269166e-06
3833,2.4138370475249597e-05,2.095142481327779e-05,-3.186945661971808e-06
3834,1.9294920015542694e-05,1.8059872580770762e-05,-1.2350474347719316e-06
3835,1.5815440085862063e-05,1.885822618549312e-05,3.042786099631057e-06
3836,2.1482407805792233e-05,2.47836717997144e-05,3.301263993922166e-06
3837,1.7799265556814775e-05,1.9235033346654117e-05,1.4357677898393417e-06
3838,2.1726724747151736e-05,1.9150443666188628e-05,-2.576281080963108e-06
3839,1.643213644824775e-05,1.8723767850115302e-05,2.2916314018675533e-06
3840,2.0034475317103227e-05,2.0413373574237773e-05,3.788982571345459e-07
3841,2.3623390888578732e-05,2.266550335050353e-05,-9.578875380752005e-07
3842,2.236277172936804e-05,2.086216437603472e-05,-1.5006073533333189e-06
3843,2.0859470836743154e-05,1.9649437415670173e-05,-1.2100334210729806e-06
3844,1.8086129398931995e-05,1.8366847693520616e-05,2.807182945886212e-07
3845,1.5108799137455135e-05,2.0852257401322282e-05,5.743458263867147e-06
3846,2.0716859433493993e-05,2.3406227917331617e-05,2.6893684838376243e-06
3847,2.046024238836285e-05,2.0627800499268364e-05,1.6755811090551356e-07
3848,1.832780505337021e-05,1.9990444630827216e-05,1.6626395774570072e-06
3849,1.6444202663788285e-05,1.920327188245427e-05,2.7590692186659842e-06
3850,1.8100909078844662e-05,2.276435654766276e-05,4.663447468818098e-06
3851,1.5601992859983236e-05,1.7536921409825137e-05,1.9349285498419008e-06
3852,2.0818999343217024e-05,2.1957174784256106e-05,1.1381754410390818e-06
3853,2.1070460593085305e-05,2.026477463755672e-05,-8.056859555285847e-07
3854,1.9529635519107644e-05,2.138723390613138e-05,1.8575983870237347e-06
3855,2.592998891459725e-05,2.381970662190822e-05,-2.1102822926890296e-06
3856,2.095979165907262e-05,2.1315182722832238e-05,3.5539106375961777e-07
3857,2.2621306399344972e-05,2.138791559437542e-05,-1.233390804969552e-06
3858,2.2737223372463636e-05,1.9696965201491146e-05,-3.0402581709724896e-06
3859,1.8485352051909784e-05,2.0804137662413362e-05,2.3187856105035787e-06
3860,1.9452587869210664e-05,2.1200900671971527e-05,1.7483128027608638e-06
3861,2.362224305018235e-05,2.1707291924802844e-05,-1.914951125379508e-06
3862,1.9858115974067215e-05,1.976650247872283e-05,-9.161349534438627e-08
3863,1.6775270733707582e-05,1.779872504438428e-05,1.023454310676698e-06
3864,1.8414314428449637e-05,1.984649371733636e-05,1.4321792888867248e-06
3865,1.9439657236341293e-05,2.0784209635198333e-05,1.34455239885704e-06
3866,1.9343461401664205e-05,2.106936600705927e-05,1.725904605395065e-06
3867,2.153413454964687e-05,1.9848977156827618e-05,-1.685157392819252e-06
3868,1.8299912385185702e-05,2.0509041862703153e-05,2.2091294775174514e-06
3869,2.5788415277281795e-05,2.133653407512119e-05,-4.451881202160603e-06
3870,2.3497390234984567e-05,2.333610205941504e-05,-1.6128817556952847e-07
3871,2.1844159274994682e-05,1.97983383774126e-05,-2.0458208975820826e-06
3872,1.732816404052683e-05,2.1824930331338246e-05,4.496766290811416e-06
3873,2.0273907786754595e-05,2.1614038466293e-05,1.3401306795384056e-06
3874,2.013243994290594e-05,1.88271401968609e-05,-1.3052997460450407e-06
3875,1.7705125656844095e-05,2.2146803892613536e-05,4.441678235769441e-06
3876,1.5817211309424414e-05,1.8838098732599033e-05,3.020887423174619e-06
3877,2.021749679127763e-05,1.8703670219049625e-05,-1.5138265722280052e-06
3878,1.6893494590124128e-05,1.8195558083518446e-05,1.3020634933943178e-06
3879,1.8663097645327724e-05,2.1522039768757997e-05,2.8589421234302735e-06
3880,2.1726146255655988e-05,2.2362336397960242e-05,6.361901423042542e-07
3881,1.7241419163184278e-05,2.0126321319082334e-05,2.884902155898056e-06
3882,2.059520701160359e-05,2.0973250636815573e-05,3.7804362521198247e-07
3883,1.944556085658385e-05,1.8249081688993007e-05,-1.1964791675908426e-06
3884,2.041513704836536e-05,2.1723227160822073e-05,1.3080901124567133e-06
3885,1.744362485863113e-05,2.2109438415743767e-05,4.665813557112635e-06
3886,2.4592885209030576e-05,2.12775477175839e-05,-3.315337491446676e-06
3887,1.9146288153979867e-05,2.1927467452517716e-05,2.781179298537849e-06
3888,1.7888462922152592e-05,1.9206760284085134e-05,1.3182973619325424e-06
3889,1.4599351665949643e-05,1.736192628871229e-05,2.7625746227626465e-06
3890,2.218281337598596e-05,2.1279565009612597e-05,-9.032483663733641e-07
3891,1.697421685318053e-05,2.2823008121032677e-05,5.848791267852146e-06
3892,1.8235888620596158e-05,1.8099771061664134e-05,-1.3611755893202403e-07
3893,2.213077363300857e-05,2.2941397659915145e-05,8.106240269065752e-07
3894,1.9819841100535826e-05,2.1042406602132646e-05,1.2225655015968195e-06
3895,1.920425271585305e-05,1.8486623094703765e-05,-7.176296211492848e-07
3896,2.570879443545424e-05,2.412304045856354e-05,-1.5857539768907e-06
3897,1.949971015639514e-05,1.979462590583666e-05,2.949157494415216e-07
3898,2.1532204467405257e-05,2.1807690254401854e-05,2.75485786996597e-07
3899,2.2530472863078625e-05,2.0962711605528965e-05,-1.56776125754966e-06
3900,2.4459241105264305e-05,2.1385446987265556e-05,-3.0737941179987483e-06
3901,1.8929919676506484e-05,2.2487343652682198e-05,3.557423976175714e-06
3902,1.9728847695492853e-05,1.836987546557691e-05,-1.3589722299159416e-06
3903,1.8264814205226586e-05,1.7890327649846995e-05,-3.7448655537959105e-07
3904,1.7416228629561345e-05,2.3155027717404717e-05,5.738799087843372e-06
3905,1.834628637142732e-05,2.1511264035437812e-05,3.164977664010491e-06
3906,2.2765238822973763e-05,2.0694839303349746e-05,-2.070399519624017e-06
3907,2.1200698008917915e-05,2.1394624813813432e-05,1.9392680489551732e-07
3908,2.2428834856737835e-05,2.1802327226885124e-05,-6.265076298527109e-07
3909,1.9452755140367442e-05,2.0679964574069946e-05,1.2272094337025042e-06
3910,1.9937171267967828e-05,2.1134326839550573e-05,1.1971555715827452e-06
3911,2.1965386255135153e-05,2.393625399267939e-05,1.9708677375442367e-06
3912,2.0179605715083787e-05,2.1800984423306714e-05,1.621378708222927e-06
3913,2.4787235557819268e-05,2.200470520654539e-05,-2.7825303512738785e-06
3914,2.2394791764654124e-05,2.1583929873577514e-05,-8.1086189107661e-07
3915,2.3278541058694728e-05,2.0145226200549686e-05,-3.1333148581450413e-06
3916,2.757682993824008e-05,2.1505966487979622e-05,-6.070863450260457e-06
3917,2.4475800710468966e-05,2.1134355493451663e-05,-3.341445217017303e-06
3918,2.2250132210827337e-05,2.1766420147461677e-05,-4.837120633656603e-07
3919,1.807892283267034e-05,2.024018525240842e-05,2.1612624197380818e-06
3920,2.1169988487536575e-05,1.9935083021766238e-05,-1.2349054657703371e-06
3921,1.5782594896537446e-05,2.088144891113021e-05,5.098854014592765e-06
3922,1.7077388935111845e-05,1.7855647031073405e-05,7.782580959615594e-07
3923,2.3073962705937627e-05,2.212658819491069e-05,-9.473745110269365e-07
3924,1.927175324275388e-05,2.108033600951302e-05,1.8085827667591392e-06
3925,2.0336385521303198e-05,2.0116028539838656e-05,-2.2035698146454183e-07
3926,2.2221478975194813e-05,2.1250507731091625e-05,-9.70971244103188e-07
3927,2.04626738855537e-05,2.050384480697244e-05,4.1170921418740475e-08
3928,1.807149450505647e-05,1.7911175496044534e-05,-1.6031900901193702e-07
3929,1.627601245221056e-05,1.7948862166641965e-05,1.6728497144314058e-06
3930,2.128812881303427e-05,2.0922599830342948e-05,-3.6552898269132334e-07
3931,2.3491436278723156e-05,2.0460688829698153e-05,-3.030747449025003e-06
3932,2.066702307186014e-05,2.2504975620012695e-05,1.8379525481525543e-06
3933,1.4098473453189657e-05,1.9643245749402824e-05,5.544772296213166e-06
3934,2.0714630182469022e-05,1.9367190443905687e-05,-1.3474397385633345e-06
3935,2.4397822162461565e-05,2.3056224341109262e-05,-1.3415978213523035e-06
3936,1.9609734385241934e-05,1.828201973372423e-05,-1.3277146515177047e-06
3937,1.924853334609499e-05,1.894026864369948e-05,-3.0826470239550863e-07
3938,2.3300830117945636e-05,2.048120632208714e-05,-2.819623795858495e-06
3939,2.0653969322156375e-05,2.033171547968474e-05,-3.222538424716342e-07
3940,1.6265989682480927e-05,2.03397455220137e-05,4.073755839532774e-06
3941,2.160384515606412e-05,2.1093277719846248e-05,-5.105674362178728e-07
3942,2.019259863233511e-05,1.7832862825134177e-05,-2.3597358072009344e-06
3943,1.9387626933141878e-05,1.9203087121955428e-05,-1.8453981118644994e-07
3944,1.9230858443550962e-05,2.0342011742910947e-05,1.1111532993599853e-06
3945,1.9098923490120745e-05,2.051156202031128e-05,1.4126385301905338e-06
3946,1.8363229917053773e-05,2.0254080984457218e-05,1.8908510674034448e-06
3947,1.662583600549296e-05,2.336901876143399e-05,6.743182755941029e-06
3948,1.1074440878036541e-05,1.7102473611434155e-05,6.028032733397614e-06
3949,1.6146264883524014e-05,2.146322122080685e-05,5.316956337282837e-06
3950,2.189544217334129e-05,2.261815324000204e-05,7.227110666607501e-07
3951,2.1822181474647442e-05,2.0383471744454933e-05,-1.4387097301925092e-06
3952,1.4978836391959677e-05,1.6909004270617195e-05,1.930167878657519e-06
3953,2.2997696581829148e-05,2.4551787885702897e-05,1.5540913038737488e-06
3954,2.4970933755634005e-05,2.1992090609766078e-05,-2.978843145867927e-06
3955,2.2076264203490266e-05,2.133488335178066e-05,-7.413808517096073e-07
3956,2.1943581570753998e-05,2.2219968534706583e-05,2.763869639525858e-07
3957,1.928581156236221e-05,2.1244608967939323e-05,1.9587974055771128e-06
3958,1.727910638244467e-05,1.9080046400933016e-05,1.800940018488345e-06
3959,2.259850216520499e-05,1.981729173893638e-05,-2.7812104262686095e-06
3960,2.065442625909662e-05,1.9022287942270276e-05,-1.632138316826343e-06
3961,1.987831442306941e-05,2.0190584705003475e-05,3.1227028193406435e-07
3962,2.173125649365282e-05,2.0800384513664572e-05,-9.308719799882485e-07
3963,1.614670511933936e-05,1.871460984357726e-05,2.5679047242379004e-06
3964,1.9318809194765807e-05,1.8352831318566553e-05,-9.659778761992539e-07
3965,1.9071383964052665e-05,1.9690234674940067e-05,6.18850710887402e-07
3966,2.29675844088515e-05,2.163015488476957e-05,-1.3374295240819319e-06
3967,2.1632420852758525e-05,2.0402791894012982e-05,-1.2296289587455434e-06
3968,1.549206840753225e-05,2.0421221554567505e-05,4.929153147035255e-06
3969,1.85627069152155e-05,2.2027561334519487e-05,3.464854419303988e-06
3970,1.8264398928981103e-05,1.9142320912244082e-05,8.779219832629786e-07
3971,2.241138827555391e-05,2.132398572518549e-05,-1.0874025503684205e-06
3972,1.4621770748138396e-05,1.8997801273115568e-05,4.376030524977172e-06
3973,2.0947072800958337e-05,2.18445437196103e-05,8.974709186519622e-07
3974,1.4467005721551761e-05,1.801081265567592e-05,3.543806934124158e-06
3975,1.5572567087072544e-05,2.0072893461552772e-05,4.500326374480228e-06
3976,2.353633335719117e-05,2.1268224823325003e-05,-2.2681085338661656e-06
3977,2.313161360834076e-05,2.1018778588932375e-05,-2.1128350194083846e-06
3978,1.911937086396892e-05,2.0133592523900477e-05,1.014221659931557e-06
3979,2.5129997870364046e-05,2.157253304260792e-05,-3.5574648277561266e-06
3980,1.9924333724431598e-05,2.0288245559508616e-05,3.63911835077018e-07
3981,1.9250550758640924e-05,2.1430845201974255e-05,2.1802944433333316e-06
3982,2.2080591344830313e-05,2.3726288419993915e-05,1.6456970751636017e-06
3983,1.9835870270986218e-05,2.0387536272861773e-05,5.51666001875555e-07
3984,1.7766452900457343e-05,1.954195836110071e-05,1.7755054606433682e-06
3985,2.198754643840856e-05,2.0330952073950084e-05,-1.6565943644584776e-06
3986,1.4717349281107758e-05,1.8754150541442678e-05,4.03680126033492e-06
3987,2.2711972956900597e-05,2.1450829067078647e-05,-1.2611438898219497e-06
3988,2.1784319954267e-05,2.3498745292532104e-05,1.7144253382651046e-06
3989,2.290257081271245e-05,2.067856897920973e-05,-2.2240018335027212e-06
3990,1.4258652519004749e-05,1.5362348093305333e-05,1.1036955743005836e-06
3991,2.225432084376913e-05,2.3231908181331867e-05,9.77587337562738e-07
3992,2.1186305535969236e-05,2.222656249886849e-05,1.040256962899252e-06
3993,2.20634689167854e-05,2.1502023261699816e-05,-5.614456550855854e-07
3994,1.9083550518449912e-05,2.0389643759390207e-05,1.3060932409402956e-06
3995,1.8694904927099808e-05,2.167438235786464e-05,2.9794774307648306e-06
3996,2.23571715134295e-05,2.0386199684601104e-05,-1.970971828828396e-06
3997,2.1961538504347527e-05,1.8955026032321244e-05,-3.006512472026283e-06
3998,2.388027619437865e-05,2.0603705226360103e-05,-3.2765709680185456e-06
3999,2.130641189191651e-05,2.2395409188792392e-05,1.0889972968758808e-06
4000,1.6639914748751844e-05,1.956876144797602e-05,2.928846699224174e-06
4001,1.700772067318059e-05,1.7401216001130646e-05,3.934953279500544e-07
4002,2.051041339857313e-05,2.0721914713667407e-05,2.1150131509427669e-07
4003,2.2396421975855903e-05,2.279429311623874e-05,3.9787114038283513e-07
4004,2.4084459003198756e-05,1.9517995688474043e-05,-4.566463314724714e-06
4005,1.9499784423155823e-05,2.3209271638394176e-05,3.709487215238353e-06
4006,1.924506412933131e-05,2.0676289192307078e-05,1.4312250629757672e-06
4007,1.9362876370274495e-05,2.131881972996177e-05,1.9559433596872762e-06
4008,2.3824865896242973e-05,2.396290230300453e-05,1.3803640676155496e-07
4009,2.162030296956062e-05,2.256623210787487e-05,9.459291383142494e-07
4010,1.8139253737508337e-05,2.1726726367766663e-05,3.5874726302583264e-06
4011,2.770153767461547e-05,2.3199482248412264e-05,-4.502055426203207e-06
4012,2.5024427831115658e-05,2.107580802553538e-05,-3.948619805580276e-06
4013,1.581050720196043e-05,1.9867672511691234e-05,4.057165309730804e-06
4014,1.7273437045153643e-05,1.9369111828235064e-05,2.095674783081421e-06
4015,1.7356627208648938e-05,1.7382573499103527e-05,2.5946290454589063e-08
4016,2.0004527115235284e-05,2.1429991934188333e-05,1.4254648189530495e-06
4017,2.3133707114051835e-05,2.2728329343437677e-05,-4.053777706141582e-07
4018,1.7466879355903196e-05,2.0986316263843394e-05,3.519436907940197e-06
4019,1.8527069575220924e-05,1.8855738790186513e-05,3.28669214965589e-07
4020,2.029689966240921e-05,1.832933981960022e-05,-1.9675598428089896e-06
4021,2.2561269279257e-05,2.237081118449522e-05,-1.9045809476177987e-07
4022,1.6328385525521477e-05,2.0079941707043103e-05,3.7515561815216266e-06
4023,2.2793450674778627e-05,2.1489193338524095e-05,-1.3042573362545323e-06
4024,1.435378467130796e-05,1.7386675123379977e-05,3.0328904520720163e-06
4025,2.1253358922267312e-05,2.1005138841280683e-05,-2.482200809866295e-07
4026,2.103406485067839e-05,2.0426249545741514e-05,-6.078153049368777e-07
4027,2.2240543917541046e-05,1.968688024132682e-05,-2.5536636762142262e-06
4028,2.1367713418272876e-05,2.236521891126869e-05,9.975054929958136e-07
4029,1.8524248018489644e-05,2.009897368565261e-05,1.5747256671629653e-06
4030,1.8982796981199296e-05,1.9065217597611402e-05,8.242061641210575e-08
4031,1.6682611260956904e-05,1.7337684342313774e-05,6.550730813568702e-07
4032,1.7881369671046663e-05,2.1051886236550812e-05,3.170516565504149e-06
4033,2.596137036822122e-05,2.369882605909957e-05,-2.2625443091216497e-06
4034,2.218839615101596e-05,1.95267517415385e-05,-2.6616444094774603e-06
4035,2.452520537178752e-05,2.2141951604818548e-05,-2.3832537669689734e-06
4036,2.1332404797554714e-05,1.947413082482288e-05,-1.8582739727318353e-06
4037,1.7452476519696072e-05,1.806582039019996e-05,6.133438705038887e-07
4038,2.431744230894348e-05,2.1645762262870737e-05,-2.671680046072743e-06
4039,1.4295561144364649e-05,2.1688280623934233e-05,7.3927194795695835e-06
4040,1.2479383684408342e-05,1.4897851771406091e-05,2.418468086997749e-06
4041,2.238374560745853e-05,2.0880793961902073e-05,-1.5029516455564588e-06
4042,2.1110605366609393e-05,2.4008265394140818e-05,2.8976600275314253e-06
4043,2.117264678403941e-05,2.0517119527110923e-05,-6.555272569284859e-07
4044,1.909643162783425e-05,2.1920454757839547e-05,2.824023130005295e-06
4045,2.478108198881454e-05,2.299513028032994e-05,-1.7859517084846003e-06
4046,1.8110709662057107e-05,2.20074514283176e-05,3.8967417662604935e-06
4047,1.8624600647479376e-05,2.0278613910817267e-05,1.6540132633378917e-06
4048,1.8975440305838428e-05,2.0383556080714205e-05,1.4081157748757778e-06
4049,1.8189604639107762e-05,1.9216508952492435e-05,1.0269043133846734e-06
4050,2.0523454943295526e-05,1.967453637660028e-05,-8.489185666952474e-07
4051,2.447543851530655e-05,2.0989172644700197e-05,-3.4862658706063537e-06
4052,1.9640413955619527e-05,2.193442156220936e-05,2.2940076065898325e-06
4053,2.0862588879996223e-05,2.312643591520245e-05,2.2638470352062253e-06
4054,2.0878523480265204e-05,1.951076894721329e-05,-1.367754533051913e-06
4055,2.2663027748498462e-05,2.4314696383226276e-05,1.651668634727814e-06
4056,2.1673539001896505e-05,1.9678977081220945e-05,-1.99456192067556e-06
4057,1.8361583720410904e-05,1.9137665205666836e-05,7.760814852559316e-07
4058,2.102318689673651e-05,2.2264964014982935e-05,1.2417771182464255e-06
4059,1.9414097554320905e-05,2.088148016923536e-05,1.4673826149144538e-06
4060,1.9329273171118007e-05,1.977937950387056e-05,4.5010633275255387e-07
4061,1.9370586374350875e-05,1.971193738519589e-05,3.4135101084501593e-07
4062,1.822550788900188e-05,1.9160427514470832e-05,9.34919625468951e-07
4063,1.7876118375111257e-05,2.083601573651989e-05,2.9598973614086336e-06
4064,2.3453996270644454e-05,2.05750195375416e-05,-2.8789767331028536e-06
4065,2.1263288164799507e-05,2.352751068429186e-05,2.2642225194923518e-06
4066,2.0641656867196298e-05,2.1469653183562116e-05,8.279963163658184e-07
4067,2.2753261935317227e-05,2.1361124967208854e-05,-1.3921369681083737e-06
4068,1.999089642332127e-05,2.1615026824714364e-05,1.6241304013930935e-06
4069,2.2844376614877312e-05,2.225620514160105e-05,-5.881714732762605e-07
4070,1.711420666723553e-05,1.7446673790117456e-05,3.324671228819262e-07
4071,2.080629123496374e-05,2.0340486353344884e-05,-4.6580488161885675e-07
4072,2.4217174062774267e-05,2.2771268378430224e-05,-1.4459056843440435e-06
4073,2.3603777084964075e-05,2.3264476227120377e-05,-3.393008578436985e-07
4074,2.270539852446436e-05,2.388591169394353e-05,1.1805131694791722e-06
4075,2.2725236430510414e-05,2.063653036260017e-05,-2.088706067910242e-06
4076,2.2545620753739862e-05,2.2529642772752312e-05,-1.5977980987550306e-08
4077,2.2681653634714976e-05,2.248730218000183e-05,-1.9435145471314634e-07
4078,1.490315315241221e-05,1.93395167404721e-05,4.43636358805989e-06
4079,1.991358325864657e-05,2.1126826320354217e-05,1.213243061707646e-06
4080,2.0449331448755652e-05,2.042187137574358e-05,-2.7460073012071552e-08
4081,1.9283099938714386e-05,2.0542055729768037e-05,1.2589557910536506e-06
4082,2.1619296448819456e-05,2.0316812118940676e-05,-1.3024843298787798e-06
4083,2.539706318320845e-05,2.2382286787732254e-05,-3.0147763954761947e-06
4084,2.1977111681779696e-05,2.0559630736009e-05,-1.4174809457706969e-06
4085,1.8806195968048764e-05,1.8671019537994247e-05,-1.35176430054517e-07
4086,1.5110752054762218e-05,1.695277373493138e-05,1.842021680169162e-06
4087,1.820261525412669e-05,1.943846190511506e-05,1.2358466509883694e-06
4088,1.80597402726665e-05,1.8774288872392126e-05,7.145485997256246e-07
4089,1.7961670202625967e-05,2.1965797379977568e-05,4.004127177351601e-06
4090,2.2397948287240964e-05,1.9463858864227672e-05,-2.9340894230132915e-06
4091,1.7863749596655856e-05,1.7900022132164714e-05,3.627253550885756e-08
4092,1.5923572028013075e-05,1.7864879754445146e-05,1.9413077264320713e-06
4093,2.112706239065179e-05,2.16085835918741e-05,4.815212012223086e-07
4094,2.0273226124373018e-05,2.0760889379465444e-05,4.876632550924263e-07
4095,2.2648540945950323e-05,2.219543536267738e-05,-4.531055832729432e-07
4096,2.1468728792066513e-05,1.936132327178151e-05,-2.1074055202850038e-06
4097,2.126149288076019e-05,2.1739597648646656e-05,4.781047678864655e-07
4098,1.8782594643745754e-05,2.041807466385111e-05,1.6354800201053571e-06
4099,2.161567023874478e-05,1.985695305752244e-05,-1.7587171812223404e-06
4100,2.4509706665040346e-05,2.202742858153102e-05,-2.4822780835093253e-06
4101,1.7921234790133448e-05,1.7398857120276303e-05,-5.223776698571453e-07
4102,1.8792104236985504e-05,1.926170921228968e-05,4.696049753041751e-07
4103,2.3561038796329373e-05,2.092363642290344e-05,-2.6374023734259318e-06
4104,2.1204788684194872e-05,2.169281131496866e-05,4.88022630773787e-07
4105,2.372833228688721e-05,2.241985513544859e-05,-1.3084771514386183e-06
4106,1.9794147366335078e-05,2.0643441460560065e-05,8.492940942249877e-07
4107,1.4723995399214674e-05,1.6365567892126695e-05,1.641572492912021e-06
4108,2.295362107392696e-05,2.298698593047577e-05,3.3364856548810396e-08
4109,1.7442935044240827e-05,1.932425707639217e-05,1.8813220321513432e-06
4110,1.4875302656240587e-05,1.6837914760855986e-05,1.9626121046153994e-06
4111,2.0888438055428412e-05,2.2749294078379956e-05,1.8608560229515443e-06
4112,2.574019788187996e-05,2.1686673342604874e-05,-4.053524539275086e-06
4113,2.095012584706763e-05,2.2863287797811117e-05,1.9131619507434857e-06
4114,1.8290753297186154e-05,1.7970747185554564e-05,-3.2000611163159027e-07
4115,1.9676843211841556e-05,2.0165669681931167e-05,4.888264700896101e-07
4116,2.1793239911035495e-05,2.2173502487763122e-05,3.802625767276269e-07
4117,1.9745026672427404e-05,2.2102476648504045e-05,2.357449976076641e-06
4118,2.106176021497171e-05,2.2902332528739582e-05,1.8405723137678723e-06
4119,2.7176664564344187e-05,2.448969952560521e-05,-2.686965038738978e-06
4120,2.1844946095929684e-05,2.322384278241209e-05,1.3788966864824061e-06
4121,1.820880023175394e-05,1.8774608038583418e-05,5.658078068294768e-07
4122,2.5364272401608113e-05,2.1689122461515336e-05,-3.6751499400927764e-06
4123,1.968586428936125e-05,2.19482385420008e-05,2.2623742526395496e-06
4124,2.166223674559466e-05,2.150279027215767e-05,-1.5944647343699026e-07
4125,2.2257428150408424e-05,2.2138637072059786e-05,-1.187910783486384e-07
4126,2.0716539582096658e-05,2.016456946584739e-05,-5.51970116249267e-07
4127,1.976498220324164e-05,2.0953242650138583e-05,1.1882604468969418e-06
4128,2.0918567943694006e-05,2.0140773231496823e-05,-7.777947121971824e-07
4129,2.0965278254670238e-05,2.107056998758398e-05,1.0529173291374245e-07
4130,2.232736036399461e-05,2.046886118931132e-05,-1.8584991746832895e-06
4131,2.385145631171175e-05,2.1555425623236192e-05,-2.2960306884755574e-06
4132,1.9111941083150325e-05,2.171600647721279e-05,2.6040653940624634e-06
4133,2.319664535926278e-05,2.0800333052027127e-05,-2.396312307235654e-06
4134,2.0542043222545993e-05,2.12190498822976e-05,6.770066597516081e-07
4135,2.282953105777117e-05,1.9308306892139196e-05,-3.5212241656319752e-06
4136,1.9889369292045557e-05,2.1773330860433363e-05,1.883961568387806e-06
4137,2.777191617678337e-05,2.434197888301097e-05,-3.429937293772399e-06
4138,2.3418615622453695e-05,1.9820442498107373e-05,-3.598173124346322e-06
4139,2.1936938256081747e-05,2.4385244049351638e-05,2.448305793269891e-06
4140,2.304925380969001e-05,2.1005266862134373e-05,-2.043986947555637e-06
4141,2.3789858634219435e-05,2.04990623464525e-05,-3.2907962877669363e-06
4142,2.306598357963555e-05,2.137082753939694e-05,-1.6951560402386118e-06
4143,2.4586294495970038e-05,2.2759037677423478e-05,-1.82725681854656e-06
4144,1.79979380978602e-05,1.8590229047608906e-05,5.922909497487063e-07
4145,2.5260244735780895e-05,2.3614357035482276e-05,-1.6458877002986194e-06
4146,2.0427813338837763e-05,1.9603484159701868e-05,-8.243291791358954e-07
4147,2.211322775814394e-05,1.9399782663341016e-05,-2.7134450948029225e-06
4148,2.0562335535766354e-05,2.031020201128119e-05,-2.5213352448516326e-07
4149,1.843548868400395e-05,1.6983179467392363e-05,-1.4523092166115875e-06
4150,1.9034638338238226e-05,1.957330419373873e-05,5.386658555005049e-07
4151,2.4947108078409276e-05,2.0817360347976102e-05,-4.129747730433174e-06
4152,2.4895300967931317e-05,2.288538622220463e-05,-2.009914745726686e-06
4153,2.1619282969033744e-05,2.3670702679835324e-05,2.0514197108015796e-06
4154,1.565657587256454e-05,1.691568540803035e-05,1.2591095354658104e-06
4155,1.404316808016641e-05,1.6014079898911542e-05,1.970911818745132e-06
4156,1.9193958301991347e-05,2.138008517312056e-05,2.186126871129212e-06
4157,1.700844271150502e-05,2.0109748175743517e-05,3.101305464238498e-06
4158,1.75898861851994e-05,1.9447452141110012e-05,1.8575659559106113e-06
4159,2.019565154340288e-05,2.3391201867561722e-05,3.1955503241588417e-06
4160,1.956472437079746e-05,1.922744093036494e-05,-3.3728344043251895e-07
4161,2.16720544529289e-05,1.9041720864032833e-05,-2.6303335888960663e-06
4162,2.110649230983833e-05,2.201243121619323e-05,9.059389063549013e-07
4163,1.7198712053079436e-05,1.853795926956171e-05,1.3392472164822726e-06
4164,1.771404877726545e-05,1.9186934528719427e-05,1.4728857514539762e-06
4165,2.1947179566336882e-05,2.367726996852142e-05,1.7300904021845366e-06
4166,2.261392423372921e-05,2.1928781176827568e-05,-6.851430569016428e-07
4167,2.417569575905761e-05,2.0315259444739687e-05,-3.860436314317924e-06
4168,2.1552075221868895e-05,2.1940125172188312e-05,3.8804995031941746e-07
4169,1.5974393255480656e-05,1.906325559629065e-05,3.0888623408099943e-06
4170,1.618490792406344e-05,2.1867516444606636e-05,5.682608520543197e-06
4171,1.9842124331217587e-05,1.9854352118985184e-05,1.2227787767597103e-08
4172,1.7614147986170177e-05,1.810620765141403e-05,4.920596652438536e-07
4173,2.0209591746465124e-05,1.9721209639576582e-05,-4.883821068885422e-07
4174,2.2127070060349496e-05,2.400204835181031e-05,1.874978291460813e-06
4175,2.279988927778908e-05,2.159533083187933e-05,-1.2045584459097517e-06
4176,2.0919816364118213e-05,2.12405250844995e-05,3.207087203812881e-07
4177,2.3613782861178436e-05,2.11015884928976e-05,-2.512194368280835e-06
4178,2.2318205414531974e-05,2.123531378115289e-05,-1.0828916333790827e-06
4179,1.84790249627766e-05,2.0946547412214698e-05,2.4675224494380974e-06
4180,2.4005385572871934e-05,1.9408414430028497e-05,-4.596971142843437e-06
4181,1.7178183636345785e-05,2.244412148992255e-05,5.265937853576766e-06
4182,2.084277054269298e-05,2.0269908133261914e-05,-5.728624094310665e-07
4183,1.9407891295346135e-05,2.0819953952627004e-05,1.4120626572808693e-06
4184,2.034097513626574e-05,1.9842125802179598e-05,-4.988493340861422e-07
4185,2.3126886218915844e-05,2.202392870398075e-05,-1.1029575149350948e-06
4186,2.3852763214160367e-05,2.023074592976776e-05,-3.6220172843926064e-06
4187,1.3056150151823431e-05,1.9105748234719684e-05,6.049598082896253e-06
4188,2.1819330405207672e-05,2.1969794464898893e-05,1.5046405969122107e-07
4189,2.4722456150679232e-05,2.144386353598455e-05,-3.2785926146946805e-06
4190,1.5862756132227365e-05,1.9318656249042535e-05,3.4559001168151695e-06
4191,1.5279235285439502e-05,1.838920173425167e-05,3.1099664488121667e-06
4192,2.256210884443091e-05,2.07455748727797e-05,-1.8165339716512116e-06
4193,2.4906459838273123e-05,2.1389244431978484e-05,-3.517215406294639e-06
4194,2.133500078936715e-05,2.634506458869284e-05,5.01006379932569e-06
4195,2.1012526907429643e-05,2.4389448963612377e-05,3.376922056182735e-06
4196,2.0721943264322967e-05,2.143777069074853e-05,7.158274264255622e-07
4197,2.1396823553895045e-05,1.9653389525837258e-05,-1.7434340280577874e-06
4198,1.915608204491564e-05,2.0059091485952046e-05,9.030094410364075e-07
4199,1.9245707745958847e-05,2.085736179469252e-05,1.6116540487336723e-06
4200,1.9278681858384493e-05,1.8901031132462762e-05,-3.776507259217316e-07
4201,1.8869632910816338e-05,2.2592533470815245e-05,3.722900559998907e-06
4202,2.0423863813053934e-05,2.096314664824695e-05,5.392828351930165e-07
4203,2.7000228774121513e-05,2.1813489860453676e-05,-5.186738913667836e-06
4204,1.7392142306500526e-05,2.179386302448476e-05,4.4017207179842356e-06
4205,2.7130369890136e-05,2.273050311412987e-05,-4.39986677600613e-06
4206,1.7998219193167275e-05,2.00383992996328e-05,2.040180106465526e-06
4207,1.5180906034591327e-05,2.0193349677807422e-05,5.0124436432160956e-06
4208,1.9901351257692506e-05,1.8614726824289646e-05,-1.2866244334028604e-06
4209,1.824289358017663e-05,2.188613318623869e-05,3.6432396060620613e-06
4210,2.1986881421112136e-05,2.171507416456969e-05,-2.718072565424464e-07
4211,1.9096831573517926e-05,1.92037913996376e-05,1.0695982611967533e-07
4212,1.5398245256963837e-05,1.844092824549339e-05,3.0426829885295517e-06
4213,2.108801945063584e-05,2.182502086079905e-05,7.370014101632086e-07
4214,1.681040165870266e-05,1.8134343602820227e-05,1.323941944117568e-06
4215,1.642006286155531e-05,2.025181259203019e-05,3.831749730474881e-06
4216,2.1689506786086785e-05,2.0249164239329434e-05,-1.4403425467573503e-06
4217,2.4312077611720016e-05,2.3150419530692027e-05,-1.1616580810279895e-06
4218,1.8615258550422924e-05,2.1678166550704277e-05,3.062908000281353e-06
4219,1.6602006586164077e-05,2.0930416514855417e-05,4.32840992869134e-06
4220,1.8992125830452574e-05,2.1381106728482508e-05,2.3889808980299336e-06
4221,2.2100083566195164e-05,1.9947800042960755e-05,-2.1522835232344098e-06
4222,2.6065078557741447e-05,2.2012007443923562e-05,-4.053071113817885e-06
4223,1.6053454443513125e-05,1.8967061374168175e-05,2.9136069306550503e-06
4224,1.836046709072661e-05,1.923399173737645e-05,8.735246466498378e-07
4225,1.6407883838580483e-05,1.96417459457521e-05,3.2338621071716186e-06
4226,2.0505782111943132e-05,1.961376908295331e-05,-8.92013028989821e-07
4227,1.596942352503491e-05,1.9837731180232517e-05,3.868307655197607e-06
4228,1.750517782671273e-05,1.8530754774865492e-05,1.0255769481527639e-06
4229,1.843877610578855e-05,2.170024721123259e-05,3.261471105444038e-06
4230,1.975002412116749e-05,1.9651815230281988e-05,-9.820889088550013e-08
4231,2.338758139650296e-05,1.981077387700116e-05,-3.576807519501802e-06
4232,1.8975808353312886e-05,1.8248120536470947e-05,-7.276878168419394e-07
4233,1.714217460559377e-05,1.9092534295202312e-05,1.950359689608542e-06
4234,2.2002904761347142e-05,1.9120315358199698e-05,-2.882589403147444e-06
4235,1.8238120482049946e-05,1.8820362256731986e-05,5.822417746820405e-07
4236,1.964073767557665e-05,2.1543205712150683e-05,1.9024680365740322e-06
4237,2.0586104827878842e-05,2.071717424303179e-05,1.3106941515294622e-07
4238,2.021420624793758e-05,2.0032826631832504e-05,-1.8137961610507469e-07
4239,1.9847836562216596e-05,1.985916093649117e-05,1.1324374274575798e-08
4240,1.949882793548289e-05,2.1251875154824325e-05,1.753047219341435e-06
4241,1.8804549142385656e-05,2.0953088025361923e-05,2.1485388829762674e-06
4242,1.679037617740437e-05,2.068611689486997e-05,3.895740717465597e-06
4243,1.8882300610162237e-05,1.9298145108613934e-05,4.15844498451697e-07
4244,2.5514315142263227e-05,2.2458263777912525e-05,-3.0560513643507026e-06
4245,1.8149222544757042e-05,2.1287366770933772e-05,3.13814422617673e-06
4246,1.8878432219622063e-05,2.0431015843253844e-05,1.5525836236317813e-06
4247,2.3738640879626324e-05,2.369910098180051e-05,-3.953989782581519e-08
4248,2.162143958593552e-05,2.115921935114596e-05,-4.6222023478955914e-07
4249,2.481218897761893e-05,2.011270246425433e-05,-4.699486513364599e-06
4250,1.9656108294448268e-05,2.1747500624110723e-05,2.0913923296624547e-06
4251,1.887005311772425e-05,1.8966357601279064e-05,9.630448355481472e-08
4252,1.4105450824159479e-05,2.080098826038064e-05,6.69553743622116e-06
4253,2.3882819638301847e-05,2.0491791845226234e-05,-3.3910277930756127e-06
4254,2.061168522983182e-05,1.932936984989377e-05,-1.2823153799380487e-06
4255,2.2400707102995333e-05,1.9796983830642698e-05,-2.6037232723526358e-06
4256,2.1780393236046693e-05,2.0403684969248877e-05,-1.376708266797816e-06
4257,1.939358891919561e-05,1.9362780435080366e-05,-3.080848411524524e-08
4258,2.6542509287694402e-05,2.2858356908907617e-05,-3.6841523787867844e-06
4259,1.6105308870640885e-05,1.958686626245295e-05,3.481557391812064e-06
4260,2.208523362626088e-05,2.0744428782502092e-05,-1.3408048437587889e-06
4261,2.142676603044751e-05,2.286956814376471e-05,1.4428021133172006e-06
4262,2.767093913544911e-05,2.2701492262876805e-05,-4.969446872572305e-06
4263,2.2100599307353068e-05,2.210138712864197e-05,7.878212889015832e-10
4264,2.106162423775458e-05,1.900401196950946e-05,-2.0576122682451208e-06
4265,1.7716384135096946e-05,1.8933941056082113e-05,1.2175569209851675e-06
4266,2.1863826765095114e-05,2.0586025668115354e-05,-1.2778010969797592e-06
4267,2.5905869089558593e-05,2.1729617157993406e-05,-4.176251931565187e-06
4268,2.3841695982606227e-05,2.0078254260771732e-05,-3.7634417218344955e-06
4269,2.4263074297288653e-05,2.002948444085268e-05,-4.233589856435971e-06
4270,2.2757343743421754e-05,2.1653881051126025e-05,-1.1034626922957283e-06
4271,1.5564483968639377e-05,1.7324794513212097e-05,1.7603105445727197e-06
4272,2.2044557895977118e-05,2.1072559980410817e-05,-9.719979155663003e-07
4273,1.8518591878447364e-05,1.7507164483645122e-05,-1.011427394802242e-06
4274,1.870878833132959e-05,1.726079118715875e-05,-1.4479971441708374e-06
4275,2.1927182499101516e-05,2.09687291043912e-05,-9.584533947103154e-07
4276,1.4501866329565684e-05,2.1232175559173392e-05,6.730309229607708e-06
4277,1.4243586548062486e-05,1.8646341917806592e-05,4.402755369744106e-06
4278,1.9722980011897607e-05,2.172189647439681e-05,1.9989164624992025e-06
4279,2.3554293187714648e-05,2.2118650339440873e-05,-1.4356428482737745e-06
4280,1.8864423178733105e-05,2.015404027397917e-05,1.289617095246065e-06
4281,2.2913537384554196e-05,2.0033231743964956e-05,-2.8803056405892396e-06
4282,1.991793423019916e-05,2.2186900212214363e-05,2.268965982015202e-06
4283,2.3703024633955594e-05,2.1294898145429722e-05,-2.408126488525872e-06
4284,2.310796276478272e-05,2.3598476095651086e-05,4.90513330868366e-07
4285,2.373799769517189e-05,2.0740522704452477e-05,-2.9974749907194137e-06
4286,2.1662256023829548e-05,2.0076634811606004e-05,-1.5856212122235438e-06
4287,2.3972713921399307e-05,2.2758562912206344e-05,-1.2141510091929624e-06
4288,2.7015100003549144e-05,2.0700980987443206e-05,-6.314119016105938e-06
4289,1.5032090254513648e-05,1.7145882307759757e-05,2.1137920532461087e-06
4290,1.9666130589827984e-05,1.8413485348132986e-05,-1.2526452416949988e-06
4291,2.2992108248112062e-05,2.0650200722125492e-05,-2.3419075259865702e-06
4292,1.999373780936484e-05,1.978039059338415e-05,-2.1334721598068797e-07
4293,2.316103593061012e-05,2.24597992341405e-05,-7.012366964696199e-07
4294,1.757608148692365e-05,1.7495987085458703e-05,-8.009440146494634e-08
4295,2.1120529995440406e-05,2.0910221522696564e-05,-2.1030847274384204e-07
4296,2.207854737574573e-05,2.234684887200079e-05,2.683014962550602e-07
4297,2.1152503626209675e-05,2.122064154460418e-05,6.813791839450553e-08
4298,2.111080282294939e-05,1.920295358421668e-05,-1.907849238732712e-06
4299,1.6770706245802044e-05,1.751944157196115e-05,7.487353261591073e-07
4300,1.8835232322046578e-05,1.8351773579194897e-05,-4.834587428516808e-07
4301,1.580394422823714e-05,1.9083357366371386e-05,3.279413138134245e-06
4302,2.1314297706485525e-05,2.073370299174999e-05,-5.805947147355347e-07
4303,2.1568840141702295e-05,2.2504277636950292e-05,9.354374952479966e-07
4304,2.0761085826841727e-05,1.8996947914691926e-05,-1.7641379121498012e-06
4305,2.0500326345488034e-05,2.0069887672827876e-05,-4.3043867266015867e-07
4306,1.8438738638427422e-05,2.0611239726357617e-05,2.172501087930195e-06
4307,1.6168699219820714e-05,2.0807414049012618e-05,4.638714829191904e-06
4308,2.0899628462794823e-05,1.8715695341165153e-05,-2.1839331216296705e-06
4309,2.0795693039548384e-05,2.2650725751297426e-05,1.855032711749042e-06
4310,2.3957590762695698e-05,2.0805775741260028e-05,-3.15181502143567e-06
4311,2.0225897121474863e-05,2.21110510865396e-05,1.885153965064737e-06
4312,2.3631554633533556e-05,2.0431562458585425e-05,-3.199992174948131e-06
4313,1.796808804877712e-05,1.931500990057654e-05,1.3469218517994216e-06
4314,1.6267780157007273e-05,2.0298553253961837e-05,4.030773096954564e-06
4315,1.5718961579166885e-05,2.192833808791761e-05,6.2093765087507254e-06
4316,2.2687328401953053e-05,1.9566560446869715e-05,-3.1207679550833385e-06
4317,2.503496392632887e-05,2.169647452415935e-05,-3.3384894021695207e-06
4318,2.050715940943731e-05,1.829219571393787e-05,-2.214963695499438e-06
4319,1.5452957769663045e-05,1.986523395519966e-05,4.4122761855366136e-06
4320,1.8337389410159423e-05,1.949191962985352e-05,1.154530219694098e-06
4321,1.878923346137063e-05,2.1076093263284854e-05,2.286859801914224e-06
4322,1.9917737506769677e-05,2.4382062365343068e-05,4.464324858573391e-06
4323,2.307601991311687e-05,2.248279012291049e-05,-5.9322979020638e-07
4324,1.9494678473783435e-05,2.2605694896225737e-05,3.111016422442302e-06
4325,1.8979758680401464e-05,1.9724979321696934e-05,7.452206412954704e-07
4326,2.5994135119574318e-05,2.1395898938925774e-05,-4.598236180648544e-06
4327,2.4948619861288927e-05,2.1718802870441745e-05,-3.229816990847183e-06
4328,1.9492435683521276e-05,1.8793212719511535e-05,-6.992229640097408e-07
4329,2.3349408302787474e-05,2.343055293549829e-05,8.114463271081487e-08
4330,1.5495643959603164e-05,2.069034849009896e-05,5.194704530495797e-06
4331,1.8831184793599866e-05,2.207016668383668e-05,3.2389818902368135e-06
4332,2.2545495693068652e-05,2.030850436243068e-05,-2.2369913306379704e-06
4333,1.9847054628924615e-05,2.015496433994243e-05,3.0790971101781503e-07
4334,1.427979087905882e-05,1.8239084433783556e-05,3.9592935547247354e-06
4335,2.169558472933422e-05,2.3583486242964527e-05,1.8879015136303052e-06
4336,1.80892285323182e-05,2.070791238324976e-05,2.618683850931558e-06
4337,2.0879843232495806e-05,2.14501769475934e-05,5.70333715097595e-07
4338,1.9787595758459366e-05,1.8816314166269162e-05,-9.712815921902034e-07
4339,2.092646096587893e-05,2.1181555651279456e-05,2.55094685400525e-07
4340,1.9893744092481228e-05,1.9358372530254217e-05,-5.353715622270116e-07
4341,1.792076797972382e-05,2.0888509573715852e-05,2.967741593992033e-06
4342,2.0553300297995317e-05,1.981776994753107e-05,-7.355303504642479e-07
4343,2.248815923077144e-05,2.14857465569499e-05,-1.0024126738215386e-06
4344,1.9501324480596243e-05,1.9448805364255937e-05,-5.251911634030588e-08
4345,1.9977932909124086e-05,2.0991651573403924e-05,1.0137186642798386e-06
4346,2.2525026732304703e-05,1.9342598970347102e-05,-3.182427761957601e-06
4347,2.5051357663266023e-05,2.0879829525848403e-05,-4.17152813741762e-06
4348,1.6660398184684064e-05,1.943205378387167e-05,2.7716555991876064e-06
4349,1.5751390569467243e-05,2.098076803268106e-05,5.229377463213816e-06
4350,2.12722218633791e-05,2.026503158524637e-05,-1.00719027813273e-06
4351,1.892601304771997e-05,2.0019765080491103e-05,1.0937520327711338e-06
4352,1.9656478537774717e-05,2.238433144253281e-05,2.7278529047580937e-06
4353,2.2027713140976882e-05,1.978795833720904e-05,-2.239754803767842e-06
4354,2.2922930064321912e-05,2.4335086099189867e-05,1.4121560348679548e-06
4355,1.936590688358868e-05,2.0228290056288785e-05,8.623831727001049e-07
4356,2.2487295714021883e-05,2.3686979757168045e-05,1.1996840431461618e-06
4357,2.113296127602572e-05,1.9161092270982845e-05,-1.971869005042874e-06
4358,1.8361596113043024e-05,2.0696968679954927e-05,2.3353725669119025e-06
4359,2.014461932695796e-05,2.0557746905062995e-05,4.1312757810503653e-07
4360,2.032896140355214e-05,2.1402824623123962e-05,1.0738632195718231e-06
4361,1.961440431719924e-05,1.9877701279887845e-05,2.6329696268860504e-07
4362,2.375720942741591e-05,2.2444796068792995e-05,-1.3124133586229147e-06
4363,1.8208775536371734e-05,1.898352210881076e-05,7.747465724390251e-07
4364,1.9403017825838086e-05,1.8876754846015504e-05,-5.262629798225817e-07
4365,2.2127342253639034e-05,2.0514267701662806e-05,-1.6130745519762287e-06
4366,2.3319322384950974e-05,2.1674544180463626e-05,-1.644778204487348e-06
4367,2.0816570162742532e-05,1.8462558475249607e-05,-2.3540116874929244e-06
4368,1.6588904680748803e-05,1.8292689783402936e-05,1.7037851026541331e-06
4369,1.5161412834192578e-05,1.9972751062176737e-05,4.811338227984159e-06
4370,2.086080323746443e-05,2.0048962646001183e-05,-8.118405914632465e-07
4371,1.8149542748599616e-05,1.9573667838677287e-05,1.4241250900776719e-06
4372,1.5703733576107515e-05,2.1627660216647796e-05,5.923926640540281e-06
4373,2.2310336738685023e-05,2.2102560157356165e-05,-2.0777658132885843e-07
4374,2.1810670719730718e-05,2.1260559233554457e-05,-5.501114861762612e-07
4375,2.0534998188746046e-05,2.1837561899323668e-05,1.3025637105776222e-06
4376,1.6652659029370473e-05,2.175882855757794e-05,5.106169528207466e-06
4377,2.219334086760535e-05,1.9930165935911917e-05,-2.263174931693434e-06
4378,1.6312926158961225e-05,1.951492785392396e-05,3.202001694962734e-06
4379,1.7380939628527837e-05,1.8333204400630037e-05,9.522647721021995e-07
4380,2.0745065295076135e-05,1.9437924582206963e-05,-1.3071407128691719e-06
4381,1.6980261620282645e-05,1.8881032017614537e-05,1.9007703973318918e-06
4382,1.9777376916693532e-05,2.155358294903372e-05,1.776206032340187e-06
4383,1.7839288975867144e-05,2.0671532500215657e-05,2.832243524348513e-06
4384,2.25105174704623e-05,2.315833231155284e-05,6.478148410905393e-07
4385,2.4963459300090194e-05,2.3529330651523906e-05,-1.4341286485662874e-06
4386,2.3188882627951797e-05,2.031247086377601e-05,-2.8764117641757864e-06
4387,2.405253425092885e-05,2.1672742316485887e-05,-2.379791934442962e-06
4388,1.9458018113342473e-05,1.9706778365799576e-05,2.487602524571033e-07
4389,1.8527779057488633e-05,2.0607285877657085e-05,2.0795068201684527e-06
4390,1.960152207962172e-05,1.9840280311576156e-05,2.3875823195443666e-07
4391,1.900205034369983e-05,2.250528892082195e-05,3.503238577122122e-06
4392,2.186020929457914e-05,1.9339153314568864e-05,-2.521055980010275e-06
4393,2.090024383689962e-05,2.1677250259908648e-05,7.77006423009029e-07
4394,1.7843725861272745e-05,2.0510713354554015e-05,2.6669874932812695e-06
4395,2.3538353117569233e-05,2.0300577020321896e-05,-3.2377760972473367e-06
4396,2.109025052181623e-05,2.0326476732275118e-05,-7.637737895411116e-07
4397,2.4953124532981142e-05,2.2418527004556905e-05,-2.534597528424238e-06
4398,2.3911407721326887e-05,2.224828578559781e-05,-1.6631219357290758e-06
4399,1.8941183805183063e-05,1.822549997690208e-05,-7.156838282809837e-07
4400,2.169268608229538e-05,1.9897436967980032e-05,-1.7952491143153498e-06
4401,1.8228755956470784e-05,2.0964879472168483e-05,2.736123515697699e-06
4402,1.9079147224541164e-05,1.8432797175854017e-05,-6.463500486871465e-07
4403,1.874464934354759e-05,2.0537167221108407e-05,1.7925178775608177e-06
4404,1.6909174524585678e-05,2.0896960535263447e-05,3.9877860106777695e-06
4405,1.908171215971598e-05,2.077012787289058e-05,1.6884157131745993e-06
4406,2.0662113911819213e-05,1.839866636605164e-05,-2.2634475457675747e-06
4407,1.7978528990940288e-05,1.8786440795413275e-05,8.07911804472987e-07
4408,1.763033292110842e-05,1.909601447907827e-05,1.465681557969852e-06
4409,2.012491819562414e-05,2.0235073128708708e-05,1.1015493308456789e-07
4410,1.693973272728844e-05,2.2192485065399204e-05,5.252752338110765e-06
4411,2.2268068391089745e-05,2.003809227336687e-05,-2.229976117722877e-06
4412,2.066264952421429e-05,1.9329151678754166e-05,-1.3334978454601241e-06
4413,2.0403999217300292e-05,2.2162278980897495e-05,1.7582797635972024e-06
4414,1.6761576036500276e-05,1.771291607886e-05,9.513400423597229e-07
4415,2.6433375124176214e-05,2.503619251167151e-05,-1.3971826125047045e-06
4416,2.3856390320465707e-05,2.0065627376465044e-05,-3.790762944000663e-06
4417,2.1781166414837287e-05,1.839789627232528e-05,-3.3832701425120058e-06
4418,1.8953486065225846e-05,2.3536254957880084e-05,4.582768892654239e-06
4419,1.967595654954464e-05,2.3584496928343387e-05,3.908540378798746e-06
4420,1.8720140416004044e-05,2.2278771705112714e-05,3.5586312891086705e-06
4421,2.014736080718603e-05,2.0298457917056305e-05,1.5109710987027438e-07
4422,2.061356853079107e-05,1.8244903262290386e-05,-2.3686652685006834e-06
4423,2.1578855349814556e-05,2.1710841333340764e-05,1.3198598352620846e-07
4424,2.2209199405706272e-05,2.1699377079746727e-05,-5.098223259595454e-07
4425,2.0441053983468587e-05,2.0402790414029383e-05,-3.82635694392048e-08
4426,2.0312349562899166e-05,2.139654457632488e-05,1.0841950134257147e-06
4427,2.0771707528704348e-05,2.2160329801774552e-05,1.3886222730702041e-06
4428,2.010698898100223e-05,2.16078824227858e-05,1.5008934417835713e-06
4429,2.200696380914717e-05,1.8455757364930372e-05,-3.5512064442167973e-06
4430,1.36672010550393e-05,1.9534515586349672e-05,5.867314531310373e-06
4431,2.2655359712545797e-05,2.0691401855839968e-05,-1.963957856705829e-06
4432,2.3486040549419547e-05,2.1015974095324982e-05,-2.4700664540945652e-06
4433,1.943534737467821e-05,1.993596863937691e-05,5.006212646987014e-07
4434,1.9907285416284348e-05,2.2056853422883293e-05,2.1495680065989454e-06
4435,2.077109820280866e-05,1.9835200593339654e-05,-9.358976094690054e-07
4436,2.2246795740735637e-05,1.9807252524930297e-05,-2.43954321580534e-06
4437,1.7093943387920327e-05,2.0047376926890138e-05,2.9534335389698102e-06
4438,2.038014432894212e-05,1.95681011166382e-05,-8.120432123039185e-07
4439,2.0007065306965585e-05,1.9838543355726622e-05,-1.685219512389631e-07
4440,2.3478396753836366e-05,2.128317836439112e-05,-2.1952183894452457e-06
4441,1.5827492011896444e-05,2.0400844173367542e-05,4.573352161471098e-06
4442,2.0400570504557923e-05,2.0273900794162187e-05,-1.2666971039573677e-07
4443,2.1084596187258013e-05,2.201225503325044e-05,9.27658845992428e-07
4444,1.8681133390973878e-05,1.9153003690111948e-05,4.718702991380702e-07
4445,2.4506035383681298e-05,2.149924186974521e-05,-3.0067935139360894e-06
4446,2.0459500010020105e-05,1.9347206577908167e-05,-1.1122934321119373e-06
4447,1.5278222302431717e-05,1.9530701085644706e-05,4.252478783212989e-06
4448,1.9422394994062196e-05,2.3069351311050863e-05,3.6469563169886674e-06
4449,2.2654897885925262e-05,2.069255895614695e-05,-1.9623389297783122e-06
4450,1.9792281046514162e-05,1.6138339952948733e-05,-3.653941093565429e-06
4451,1.9703428363501575e-05,2.0174000950971412e-05,4.7057258746983644e-07
4452,2.189925389354935e-05,1.9518024335431624e-05,-2.3812295581177266e-06
4453,1.6612522358107035e-05,1.7880127087790105e-05,1.2676047296830703e-06
4454,1.9169847841341773e-05,1.9145238870995447e-05,-2.460897034632623e-08
4455,1.884159901435011e-05,1.9292934445854947e-05,4.5133543150483726e-07
4456,1.9927763471335212e-05,1.9776635621878233e-05,-1.5112784945697918e-07
4457,1.6437817664426386e-05,2.008531193437147e-05,3.6474942699450826e-06
4458,1.780860323117223e-05,2.0472091841303666e-05,2.663488610131435e-06
4459,1.9343272749116174e-05,2.1994044386888655e-05,2.650771637772481e-06
4460,1.758798337140755e-05,2.1999129674428405e-05,4.411146303020855e-06
4461,1.8097380612212293e-05,2.0167283589001296e-05,2.0699029767890036e-06
4462,2.445432664664582e-05,2.200811253136238e-05,-2.4462141152834427e-06
4463,2.7039232664537044e-05,2.4372360343636006e-05,-2.6668723209010374e-06
4464,1.925556024616156e-05,1.8173038477736138e-05,-1.0825217684254227e-06
4465,1.7328341233319725e-05,2.0433002369171393e-05,3.104661135851668e-06
4466,2.2424806299400487e-05,2.11613220755614e-05,-1.2634842238390868e-06
4467,1.5528404581613448e-05,1.8073745198483976e-05,2.545340616870528e-06
4468,1.5945569480718513e-05,1.884890166301724e-05,2.9033321822987264e-06
4469,2.444476635543264e-05,2.1424101022582755e-05,-3.0206653328498847e-06
4470,2.4501907244340788e-05,2.236923383362158e-05,-2.1326734107192087e-06
4471,1.830062285643101e-05,1.8154365032437233e-05,-1.4625782399377778e-07
4472,1.989521288352036e-05,1.843921115012568e-05,-1.4560017333946788e-06
4473,1.7490893032618805e-05,2.1767098379849884e-05,4.276205347231079e-06
4474,2.162146779253193e-05,2.0146165904716424e-05,-1.4753018878155054e-06
4475,2.1888907462316023e-05,1.8173559798566853e-05,-3.7153476637491698e-06
4476,2.3731775181391516e-05,2.1582501859448304e-05,-2.1492733219432127e-06
4477,1.9512417904363972e-05,1.732604581045934e-05,-2.1863720939046306e-06
4478,2.320585233776936e-05,1.9766733517902753e-05,-3.4391188198666066e-06
4479,2.2703652882158976e-05,2.0454274902873554e-05,-2.249377979285422e-06
4480,1.553203780324882e-05,1.5868867638540778e-05,3.368298352919585e-07
4481,2.3640911420647098e-05,2.1246531772971875e-05,-2.394379647675223e-06
4482,2.243263192021581e-05,1.9460016798155908e-05,-2.972615122059901e-06
4483,2.1836236007151592e-05,2.159308693542607e-05,-2.431490717255219e-07
4484,2.3161656982173163e-05,2.2511481559269e-05,-6.501754229041612e-07
4485,2.6628926261296386e-05,2.2355286569507973e-05,-4.2736396917884125e-06
4486,1.7831908258701422e-05,1.907528685113173e-05,1.243378592430309e-06
4487,1.6872816760242315e-05,1.74373539012698e-05,5.645371410274847e-07
4488,1.859801282982497e-05,2.0621054635640377e-05,2.0230418058154055e-06
4489,1.8580207672487868e-05,2.148133027724466e-05,2.901122604756793e-06
4490,2.0746851975476853e-05,2.397105757670352e-05,3.2242056012266684e-06
4491,1.788085472104715e-05,2.124229464308104e-05,3.3614399220338876e-06
4492,2.1747150922767546e-05,1.9856243343712616e-05,-1.8909075790549297e-06
4493,1.8471957639012265e-05,2.059689924999034e-05,2.1249416109780746e-06
4494,1.751138997102028e-05,1.9106631475390454e-05,1.595241504370173e-06
4495,1.8800807384763453e-05,2.141236475099171e-05,2.611557366228257e-06
4496,2.180536103712067e-05,2.029121347715607e-05,-1.5141475599645993e-06
4497,1.4899070070011155e-05,1.7831286824122585e-05,2.93221675411143e-06
4498,2.4285303528033584e-05,2.3840553253583536e-05,-4.447502744500483e-07
4499,2.0995237101185522e-05,2.0270008186303886e-05,-7.252289148816359e-07
4500,1.9378175828509033e-05,1.9930544439807813e-05,5.523686112987796e-07
4501,1.653113567684649e-05,1.908664429801829e-05,2.555508621171803e-06
4502,1.9261016583336122e-05,2.0038048643219952e-05,7.770320598838305e-07
4503,2.361837062566895e-05,2.3829961296918798e-05,2.1159067124984883e-07
4504,2.1404368701199468e-05,1.9319847347153553e-05,-2.0845213540459154e-06
4505,2.2273320888720382e-05,2.245921395198387e-05,1.8589306326348667e-07
4506,2.1377174238345684e-05,2.1194348170599137e-05,-1.828260677465477e-07
4507,2.302902650330297e-05,2.106623995763546e-05,-1.962786545667511e-06
4508,1.883475846212157e-05,2.1049456951840723e-05,2.2146984897191548e-06
4509,2.1865398407979572e-05,1.8952874493306017e-05,-2.9125239146735553e-06
4510,1.950561375100353e-05,2.2287914635062057e-05,2.782300884058528e-06
4511,2.078175486302854e-05,2.0216627144748992e-05,-5.651277182795478e-07
4512,2.0738404468407846e-05,1.997764516616628e-05,-7.607593022415648e-07
4513,2.6095893989267797e-05,2.2124294148597536e-05,-3.971599840670261e-06
4514,2.2117306986605345e-05,2.1142317590054622e-05,-9.749893965507222e-07
4515,1.89423565862918e-05,2.212270204186676e-05,3.18034545557496e-06
4516,1.6541901336496423e-05,2.1134445215776333e-05,4.59254387927991e-06
4517,1.885746625405573e-05,2.2210866048630697e-05,3.3533997945749683e-06
4518,1.91300145761058e-05,2.1669029791331015e-05,2.5390152152252155e-06
4519,1.9747060674745074e-05,2.1386256388390283e-05,1.63919571364521e-06
4520,1.7830569630644534e-05,1.6935927271508323e-05,-8.946423591362113e-07
4521,2.029301410917134e-05,2.022451862750716e-05,-6.84954816641817e-08
4522,2.0041175325960127e-05,1.8651318625287936e-05,-1.389856700672191e-06
4523,2.1821125605564168e-05,2.0130415965231076e-05,-1.6907096403330915e-06
4524,1.7783548942098973e-05,1.8928873017723663e-05,1.1453240756246902e-06
4525,2.2571888004110695e-05,2.143121006729178e-05,-1.1406779368189152e-06
4526,1.5624966148509237e-05,1.717788236846485e-05,1.552916219955612e-06
4527,1.3146239075224955e-05,1.828575949161165e-05,5.139520416386694e-06
4528,1.9616561471452468e-05,1.8691823004882155e-05,-9.247384665703134e-07
4529,1.935483236173572e-05,2.0918769125299343e-05,1.5639367635636225e-06
4530,1.7757070836838483e-05,1.9729936853458838e-05,1.972866016620355e-06
4531,2.096032924814737e-05,2.28979856589882e-05,1.9376564108408286e-06
4532,1.9623769702770763e-05,2.1833442755411075e-05,2.2096730526403123e-06
4533,1.745488060588941e-05,2.0494335977125692e-05,3.0394553712362827e-06
4534,2.1582013315007352e-05,2.0509388245090187e-05,-1.0726250699171646e-06
4535,2.0335207011750448e-05,1.920047435997198e-05,-1.1347326517784685e-06
4536,1.8242098848431254e-05,2.1049947868073156e-05,2.8078490196419024e-06
4537,2.1777548961571443e-05,2.019990605471282e-05,-1.577642906858625e-06
4538,2.0655747090493708e-05,2.0880401454357282e-05,2.246543638635741e-07
4539,2.2579978578203718e-05,2.1356722947405716e-05,-1.2232556307980016e-06
4540,1.558225342781259e-05,1.826976651159761e-05,2.6875130837850194e-06
4541,2.298024575810379e-05,2.0583892929796207e-05,-2.3963528283075814e-06
4542,1.9314338981050557e-05,1.8369457591875666e-05,-9.448813891748913e-07
4543,2.024624398405366e-05,1.8952315463671974e-05,-1.2939285203816855e-06
4544,2.1733903571607655e-05,2.1225759579448446e-05,-5.081439921592089e-07
4545,2.734227515761916e-05,2.4693560727750062e-05,-2.6487144298690976e-06
4546,2.1006190927662456e-05,2.1981482838072735e-05,9.752919104102793e-07
4547,1.787118569848057e-05,1.858731609131668e-05,7.16130392836107e-07
4548,1.8815792153704464e-05,2.050049449470849e-05,1.684702341004026e-06
4549,2.3325032428687988e-05,2.1384444578074174e-05,-1.9405878506138137e-06
4550,1.9707525508480518e-05,2.1492793979713434e-05,1.7852684712329164e-06
4551,2.2334339807049408e-05,1.993677751865301e-05,-2.397562288396397e-06
4552,2.2077568569981744e-05,2.1857331563843964e-05,-2.2023700613777987e-07
4553,2.075575816517623e-05,2.13515098355945e-05,5.957516704182713e-07
4554,2.1086563013971108e-05,1.9540279368486934e-05,-1.546283645484174e-06
4555,2.3541325915473514e-05,2.1398058582837238e-05,-2.143267332636276e-06
4556,2.5387747241622948e-05,2.0229778755675464e-05,-5.157968485947484e-06
4557,2.3685953056730883e-05,2.2523259893928214e-05,-1.162693162802669e-06
4558,1.5632597299300517e-05,1.7663602649542015e-05,2.0310053502414982e-06
4559,2.1111646754143762e-05,2.2831009016371e-05,1.7193622622272366e-06
4560,2.4365894077507052e-05,2.1911881246774393e-05,-2.454012830732659e-06
4561,2.424506767425878e-05,2.116735442023544e-05,-3.0777132540233394e-06
4562,2.131003639111383e-05,1.9351716733261637e-05,-1.958319657852194e-06
4563,1.6314583135599432e-05,1.75861299811311e-05,1.2715468455316682e-06
4564,2.183241202896673e-05,2.3134811033946815e-05,1.3023990049800864e-06
4565,1.988219299465173e-05,2.1944024371675053e-05,2.0618313770233223e-06
4566,1.61085454503598e-05,1.7552730017554342e-05,1.4441845671945407e-06
4567,1.7870009441969318e-05,1.9786980821696217e-05,1.916971379726899e-06
4568,2.1892253834295122e-05,2.2691440776029482e-05,7.991869417343605e-07
4569,1.6914602404557045e-05,2.004304981349268e-05,3.1284474089356356e-06
4570,1.9708423800489654e-05,1.8661500732094877e-05,-1.0469230683947778e-06
4571,2.1372292329747497e-05,1.9958703499350396e-05,-1.4135888303971016e-06
4572,2.1671690015824023e-05,2.0799040668357857e-05,-8.726493474661657e-07
4573,1.7805014198310553e-05,2.1986397858615284e-05,4.181383660304731e-06
4574,2.3783973573328657e-05,2.1025561163851155e-05,-2.7584124094775023e-06
4575,2.166875325353419e-05,2.008032961553173e-05,-1.588423638002461e-06
4576,1.9491717730469276e-05,1.902126787055282e-05,-4.704498599164561e-07
4577,2.5966377251665533e-05,2.126414966666439e-05,-4.702227585001144e-06
4578,2.7627777750258305e-05,2.4256364292716526e-05,-3.371413457541779e-06
4579,2.4119411276739008e-05,2.0880028635859112e-05,-3.2393826408798957e-06
4580,2.168120740199993e-05,2.198884348470494e-05,3.0763608270501056e-07
4581,1.9319247659316336e-05,1.8320619524727784e-05,-9.986281345885522e-07
4582,1.8560438520760108e-05,2.1354565413426246e-05,2.794126892666138e-06
4583,2.041791376298075e-05,1.924728556395297e-05,-1.1706281990277774e-06
4584,1.9086415664252712e-05,2.1217113115025647e-05,2.130697450772935e-06
4585,1.9318498939344132e-05,1.883136388959841e-05,-4.871350497457231e-07
4586,1.4555002907704187e-05,2.0090939522035687e-05,5.5359366143315e-06
4587,1.8019564974282735e-05,2.1085386672246948e-05,3.065821697964213e-06
4588,1.4416060840250893e-05,1.8836849805140978e-05,4.4207889648900845e-06
4589,2.1099296964907908e-05,2.3496486337264124e-05,2.397189372356217e-06
4590,1.7518211506631962e-05,2.0476625712509656e-05,2.958414205877694e-06
4591,2.1795920059541656e-05,2.0692151571358452e-05,-1.1037684881832043e-06
4592,1.9754954609719344e-05,1.9186608877451397e-05,-5.683457322679474e-07
4593,1.9234222642339463e-05,1.9119081270086324e-05,-1.1514137225313888e-07
4594,2.2651724113356018e-05,1.9735366523077452e-05,-2.9163575902785657e-06
4595,2.02768708827486e-05,1.9756798985324383e-05,-5.200718974242173e-07
4596,2.071133052895566e-05,2.109214114135915e-05,3.8081061240348814e-07
4597,1.63963656139393e-05,1.9924479824172414e-05,3.5281142102331126e-06
4598,1.8618845240915057e-05,2.1121945894068834e-05,2.5031006531537767e-06
4599,1.830804298967532e-05,2.17043076718385e-05,3.3962646821631796e-06
4600,1.7396025720510507e-05,2.099449354114776e-05,3.5984678206372518e-06
4601,2.0249063576991347e-05,1.897409993956363e-05,-1.2749636374277184e-06
4602,2.1131482916950066e-05,2.0632029188962413e-05,-4.994537279876527e-07
4603,2.398331484447039e-05,2.0682829368512696e-05,-3.300485475957695e-06
4604,2.063421696962603e-05,2.274127883059476e-05,2.1070618609687285e-06
4605,2.1664629585751982e-05,2.053849702005799e-05,-1.1261325656939931e-06
4606,1.9298381258302053e-05,1.903677570192925e-05,-2.6160555637280334e-07
4607,2.579425692042981e-05,2.351654462561897e-05,-2.2777122948108402e-06
4608,2.3255469221696813e-05,2.2216450137138767e-05,-1.0390190845580455e-06
4609,1.9938556725704597e-05,2.2139542278077256e-05,2.200985552372659e-06
4610,2.2653300020025677e-05,2.0383695218792838e-05,-2.2696048012328394e-06
4611,1.709168877890866e-05,1.7950793798707243e-05,8.591050197985823e-07
4612,1.887909892269075e-05,1.9792969417935963e-05,9.138704952452119e-07
4613,1.9712021748867952e-05,2.0737806772047404e-05,1.0257850231794515e-06
4614,1.420599358921232e-05,1.9425101324551842e-05,5.219107735339522e-06
4615,2.1167867612041438e-05,1.987343306229805e-05,-1.2944345497433888e-06
4616,2.2242233398284913e-05,2.361143301543876e-05,1.3691996171538476e-06
4617,2.383661061473347e-05,1.945926317609957e-05,-4.377347438633899e-06
4618,2.068713752201598e-05,2.2199862469010566e-05,1.5127249469945874e-06
4619,1.6039840702073858e-05,1.8495107508861648e-05,2.45526680678779e-06
4620,2.205579061793986e-05,1.9642006734313708e-05,-2.4137838836261502e-06
4621,1.897985888304342e-05,1.977771263181975e-05,7.978537487763285e-07
4622,1.8937649080655897e-05,2.0363249908841852e-05,1.4256008281859546e-06
4623,2.168648681893053e-05,2.0612279250092537e-05,-1.0742075688379927e-06
4624,1.910989728317942e-05,2.061765731884406e-05,1.5077600356646373e-06
4625,2.1174556783534697e-05,1.927162217310225e-05,-1.9029346104324484e-06
4626,2.356927415835133e-05,2.287556346442693e-05,-6.937106939244005e-07
4627,2.1087206559352173e-05,1.952259666648233e-05,-1.5646098928698437e-06
4628,1.906558302186805e-05,2.0189409756519262e-05,1.1238267346512133e-06
4629,1.7665561927537394e-05,2.2474943291430686e-05,4.809381363893292e-06
4630,2.1813890018537977e-05,2.2966097052014174e-05,1.152207033476197e-06
4631,1.6899198252455382e-05,1.9378967386868795e-05,2.4797691344134135e-06
4632,1.9847424316194006e-05,2.0672893213923698e-05,8.254688977296919e-07
4633,2.1485194981918816e-05,2.0741926136820036e-05,-7.432688450987807e-07
4634,1.9843902847194975e-05,2.0983593731616144e-05,1.1396908844211692e-06
4635,1.8242904226140184e-05,1.9412647896441903e-05,1.1697436703017193e-06
4636,1.7525554024809915e-05,2.006340864456855e-05,2.5378546197586346e-06
4637,2.2414012115615314e-05,2.2251427349621417e-05,-1.6258476599389707e-07
4638,2.000249810042812e-05,2.0865734288424207e-05,8.632361879960867e-07
4639,2.5847539362071168e-05,2.3262080690834557e-05,-2.5854586712366116e-06
4640,1.833050866605829e-05,1.9410776312499502e-05,1.0802676464412138e-06
4641,2.823380348797518e-05,2.4235103912285e-05,-3.998699575690181e-06
4642,2.1370401930905097e-05,2.0543382756194154e-05,-8.270191747109429e-07
4643,2.1873063405019684e-05,2.1744743041535263e-05,-1.2832036348442107e-07
4644,2.176375743459228e-05,2.1167406995431263e-05,-5.963504391610161e-07
4645,1.965136555961443e-05,2.1044775717719707e-05,1.393410158105276e-06
4646,2.1286833286931335e-05,2.2072126715896647e-05,7.852934289653128e-07
4647,2.4770853377825983e-05,2.2051759581590815e-05,-2.7190937962351684e-06
4648,1.649265955395698e-05,1.9287469509814054e-05,2.7948099558570742e-06
4649,1.4528663851262665e-05,2.0553870501764108e-05,6.025206650501443e-06
4650,2.1966779364651597e-05,2.0434210892404723e-05,-1.532568472246874e-06
4651,1.505056272716585e-05,1.9571824557020938e-05,4.521261829855089e-06
4652,1.9170831137507994e-05,1.8803945182866093e-05,-3.6688595464190053e-07
4653,2.130200893071143e-05,2.2694015426499115e-05,1.3920064957876855e-06
4654,2.0941987213858185e-05,1.9770962257178695e-05,-1.1710249566794905e-06
4655,1.4772420690298339e-05,1.9255623049135543e-05,4.483202358837204e-06
4656,2.0643022889092462e-05,2.1407411937639622e-05,7.643890485471603e-07
4657,2.810915417930312e-05,2.3972460627562013e-05,-4.136693551741105e-06
4658,2.097191062993081e-05,2.173113988961641e-05,7.59229259685601e-07
4659,1.9470536672830133e-05,1.9757108795209428e-05,2.865721223792948e-07
4660,2.2346105778157798e-05,1.9475339790342905e-05,-2.8707659878148924e-06
4661,1.7058917572099178e-05,1.8471175156161676e-05,1.4122575840624978e-06
4662,1.7808177265062163e-05,1.9284523313010872e-05,1.4763460479487095e-06
4663,1.766360435089515e-05,2.0003368879846856e-05,2.339764528951705e-06
4664,1.9251936585387136e-05,2.053114522642848e-05,1.2792086410413427e-06
4665,2.0778013297087545e-05,1.9448568199410836e-05,-1.3294450976767098e-06
4666,1.9887489069303584e-05,2.2236592021649357e-05,2.349102952345773e-06
4667,2.352866021004214e-05,2.24087073089187e-05,-1.1199529011234394e-06
4668,2.0681511682092517e-05,2.451704220015799e-05,3.835530518065472e-06
4669,2.2765766095467476e-05,2.05026412753314e-05,-2.2631248201360744e-06
4670,2.2747498327938966e-05,2.0790263606079415e-05,-1.957234721859552e-06
4671,2.063742157356985e-05,2.007975829011003e-05,-5.576632834598183e-07
4672,2.050195182190154e-05,1.8562943135926862e-05,-1.9390086859746787e-06
4673,2.02048059981028e-05,2.012256217388736e-05,-8.224382421543984e-08
4674,2.0846987890460536e-05,1.960915670595266e-05,-1.2378311845078774e-06
4675,2.4393592812294697e-05,2.3663500255707315e-05,-7.300925565873823e-07
4676,2.6917216237545332e-05,2.1643970433888476e-05,-5.273245803656856e-06
4677,2.033076595634441e-05,1.9763158562291166e-05,-5.676073940532426e-07
4678,2.2071523937663267e-05,2.0693665960616836e-05,-1.3778579770464313e-06
4679,1.915443080869409e-05,2.0220680674917597e-05,1.066249866223506e-06
4680,2.115394397547354e-05,2.0095203403091533e-05,-1.0587405723820059e-06
4681,2.3073797267271483e-05,2.2445740712883132e-05,-6.280565543883508e-07
4682,1.9617947753951347e-05,1.8492122550139855e-05,-1.1258252038114926e-06
4683,1.805969617509416e-05,1.939573606827123e-05,1.3360398931770716e-06
4684,1.852888533417805e-05,2.004510883807193e-05,1.51622350389388e-06
4685,1.7157746493991078e-05,1.810574680128055e-05,9.48000307289474e-07
4686,2.223218479145596e-05,2.1469377733664386e-05,-7.628070577915754e-07
4687,2.0163414754764295e-05,2.174009943786627e-05,1.576684683101976e-06
4688,2.0017343117072672e-05,1.8698493579681565e-05,-1.3188495373911077e-06
4689,2.2371454307182805e-05,2.1074242325356618e-05,-1.2972119818261877e-06
4690,1.6233582042726392e-05,1.7689195043215363e-05,1.4556130004889708e-06
4691,1.9243213962050072e-05,1.9836883285761642e-05,5.936693237115701e-07
4692,1.986027327493805e-05,2.00779839279103e-05,2.1771065297224786e-07
4693,1.7507974467371413e-05,1.946285764917072e-05,1.954883181799309e-06
4694,1.872352807723618e-05,1.9185753193685386e-05,4.6222511644920745e-07
4695,2.309866863555057e-05,2.0072237037559737e-05,-3.0264315979908343e-06
4696,2.5999143199260575e-05,2.089599932344867e-05,-5.103143875811904e-06
4697,2.096173315458513e-05,1.8118313414579857e-05,-2.8434197400052717e-06
4698,2.3153649404367907e-05,2.385811818609554e-05,7.044687817276343e-07
4699,1.6761008346408042e-05,1.7939784365265293e-05,1.1787760188572512e-06
4700,2.068821826269674e-05,2.0872955747937535e-05,1.8473748524079414e-07
4701,1.5581756842573007e-05,1.8508711355560536e-05,2.926954512987529e-06
4702,2.0136726649368056e-05,1.9657289774092395e-05,-4.79436875275661e-07
4703,2.1304009719550727e-05,2.1820230242328263e-05,5.162205227775355e-07
4704,1.965810502910307e-05,1.906774721639647e-05,-5.90357812706601e-07
4705,1.7016556428357045e-05,2.0590899062168512e-05,3.5743426338114667e-06
4706,1.859627027361273e-05,2.1262232421090072e-05,2.6659621474773407e-06
4707,1.8190711546175605e-05,2.0649107704548844e-05,2.458396158373239e-06
4708,1.701283565390195e-05,2.0364133106124914e-05,3.3512974522229637e-06
4709,2.0177646267051315e-05,2.240822386572605e-05,2.2305775986747343e-06
4710,1.8773636968692308e-05,1.7199588324190457e-05,-1.5740486445018504e-06
4711,1.9041828705074794e-05,2.2752636379235913e-05,3.71080767416112e-06
4712,2.192731550100332e-05,2.0073058616138306e-05,-1.854256884865013e-06
4713,2.0036988457704497e-05,2.3046188138156136e-05,3.0091996804516384e-06
4714,1.9047086471058344e-05,2.1259876021486424e-05,2.212789550428081e-06
4715,1.6905842013800557e-05,1.7308591795634623e-05,4.0274978183406617e-07
4716,1.9489085294667728e-05,1.895931638438338e-05,-5.297689102843486e-07
4717,2.1071603923154665e-05,2.031190984321258e-05,-7.596940799420844e-07
4718,2.2856075557216333e-05,2.022275755057322e-05,-2.6333180066431133e-06
4719,1.8693202600365425e-05,2.000534167474701e-05,1.3121390743815856e-06
4720,2.2059968418861128e-05,2.0307986082848514e-05,-1.7519823360126138e-06
4721,2.030595558887359e-05,1.948554833260282e-05,-8.204072562707692e-07
4722,1.8347444642044462e-05,2.0189958158789045e-05,1.8425135167445827e-06
4723,2.1509797192620622e-05,2.2680750010940133e-05,1.170952818319511e-06
4724,1.5248099865234944e-05,1.8593553854382302e-05,3.3454539891473577e-06
4725,1.762039588599365e-05,1.9385009729174038e-05,1.7646138431803896e-06
4726,2.1764408237210208e-05,2.3288941424404136e-05,1.524533187193928e-06
4727,2.4089101288103345e-05,2.2115611112273294e-05,-1.9734901758300502e-06
4728,1.496010021107943e-05,1.715873345476726e-05,2.198633243687828e-06
4729,2.042752566406045e-05,1.9662800919011687e-05,-7.647247450487628e-07
4730,2.3670420333032854e-05,2.5291040297744497e-05,1.6206199647116426e-06
4731,2.094410629625163e-05,2.0950143790101253e-05,6.037493849621458e-09
4732,2.3786728573289555e-05,2.0179046986338957e-05,-3.6076815869505972e-06
4733,1.6763648414525918e-05,1.8087482457332892e-05,1.3238340428069738e-06
4734,1.9139237289915406e-05,1.8774489842750272e-05,-3.647474471651341e-07
4735,2.0736467573994144e-05,2.0251833301736966e-05,-4.846342722571772e-07
4736,1.818448910166836e-05,1.8298676937436803e-05,1.1418783576844325e-07
4737,2.0447136975449544e-05,1.956891760817772e-05,-8.782193672718222e-07
4738,2.478665174366673e-05,2.2626510543499367e-05,-2.160141200167362e-06
4739,2.3410007611473353e-05,2.366286025112473e-05,2.5285263965137806e-07
4740,2.526677682644512e-05,2.345635039587949e-05,-1.8104264305656308e-06
4741,1.6569482639885296e-05,1.757040402419392e-05,1.000921384308623e-06
4742,2.277422652459073e-05,2.0919935112368026e-05,-1.8542914122227044e-06
4743,2.3407011027711708e-05,2.143968485382676e-05,-1.967326173884946e-06
4744,2.0192666859835953e-05,2.0048896842051343e-05,-1.437700177846102e-07
4745,1.929693351888964e-05,2.089730662108581e-05,1.6003731021961703e-06
4746,1.836938382189331e-05,1.8052936443119387e-05,-3.1644737877392106e-07
4747,2.0590992903043653e-05,2.0132801145531103e-05,-4.5819175751254956e-07
4748,1.9309157315521813e-05,1.884955178061761e-05,-4.596055349042015e-07
4749,2.1278549020235885e-05,1.9355556607806433e-05,-1.9229924124294525e-06
4750,2.1362580462598726e-05,1.9340060571947497e-05,-2.022519890651229e-06
4751,2.503397781712572e-05,2.0811743736572343e-05,-4.222234080553377e-06
4752,2.087262050828942e-05,2.0788088568922146e-05,-8.453193936727404e-08
4753,2.129153416670336e-05,2.185017317893051e-05,5.586390122271493e-07
4754,2.1856934471401168e-05,2.1139822210069657e-05,-7.171122613315107e-07
4755,2.3167157831141227e-05,2.1442613445921223e-05,-1.7245443852200038e-06
4756,2.3675816678124076e-05,1.9888748641979467e-05,-3.787068036144609e-06
4757,1.8443702483144022e-05,2.1171824110362652e-05,2.72812162721863e-06
4758,2.446508346590723e-05,2.2383938351503425e-05,-2.0811451144038063e-06
4759,1.820371815733044e-05,2.0115600754999803e-05,1.9118825976693633e-06
4760,2.460845427509577e-05,2.0954971683987053e-05,-3.6534825911087174e-06
4761,2.1112040431851888e-05,2.0954356539019475e-05,-1.576838928324121e-07
4762,1.8589831628831e-05,1.7839180567468922e-05,-7.506510613620775e-07
4763,2.2103857436005425e-05,1.969466464104296e-05,-2.4091927949624662e-06
4764,1.8141031877519885e-05,1.9914979240571347e-05,1.7739473630514624e-06
4765,2.1469255947847583e-05,2.0786939001571774e-05,-6.823169462758088e-07
4766,2.4467971068276755e-05,2.0394282228535296e-05,-4.073688839741459e-06
4767,2.0873056612988313e-05,2.1487583644238786e-05,6.145270312504737e-07
4768,1.788366724250405e-05,1.985636812921727e-05,1.9727008867132176e-06
4769,1.6756831959487928e-05,1.8795508701916093e-05,2.038676742428165e-06
4770,2.549583807218452e-05,2.2965250211720783e-05,-2.5305878604637357e-06
4771,2.018470630177209e-05,1.9113813812219746e-05,-1.070892489552343e-06
4772,1.913848452200602e-05,1.9452569578722873e-05,3.140850567168551e-07
4773,1.9210348832770857e-05,1.9417451852177914e-05,2.0710301940705792e-07
4774,1.7544759375982356e-05,1.985548082123386e-05,2.310721445251504e-06
4775,2.1089318833031707e-05,2.204170514954883e-05,9.523863165171232e-07
4776,1.7610812374568625e-05,1.9832083370938123e-05,2.2212709963694974e-06
4777,2.0132542626205853e-05,1.8140698380676124e-05,-1.991844245529729e-06
4778,1.639946634811755e-05,1.916603611095172e-05,2.766569762834169e-06
4779,1.7624206906877454e-05,1.984503283139856e-05,2.220825924521106e-06
4780,2.320200485326062e-05,2.210930008927567e-05,-1.092704763984953e-06
4781,1.5543983403206764e-05,1.9313671180302887e-05,3.7696877770961235e-06
4782,1.9306368107146877e-05,1.9793568215760548e-05,4.872001086136704e-07
4783,2.0851570350009684e-05,2.283556077756352e-05,1.983990427553835e-06
4784,2.4644494088784165e-05,2.403408597139122e-05,-6.104081173929443e-07
4785,2.177228052078902e-05,2.0665164205955175e-05,-1.1071163148338443e-06
4786,2.1892327033634812e-05,1.996954820870256e-05,-1.922778824932253e-06
4787,2.2231935773215377e-05,2.1132931245032642e-05,-1.0990045281827341e-06
4788,2.0922099516900946e-05,2.170200066035457e-05,7.799011434536238e-07
4789,2.3934165052643883e-05,2.5323558951740153e-05,1.3893938990962693e-06
4790,2.1158743302414136e-05,2.1246574240578932e-05,8.783093816479664e-08
4791,1.9023021093539178e-05,2.078716983528299e-05,1.7641487417438113e-06
4792,1.4109507004752882e-05,1.8229145531780608e-05,4.119638527027726e-06
4793,1.950141615284124e-05,2.0113335786172493e-05,6.11919633331253e-07
4794,2.169342152127381e-05,1.906098880681813e-05,-2.6324327144556786e-06
4795,2.1529563395625556e-05,2.119504042332402e-05,-3.3452297230153594e-07
4796,2.4345107007385562e-05,2.0913257071890123e-05,-3.431849935495439e-06
4797,2.1103804474680964e-05,2.1283275741535002e-05,1.7947126685403822e-07
4798,2.2261527962860336e-05,1.9412620091154842e-05,-2.848907871705494e-06
4799,2.107684347964804e-05,1.83008061787887e-05,-2.77603730085934e-06
4800,2.2022523985644066e-05,2.1417178084814258e-05,-6.053459008298077e-07
4801,2.275733793274081e-05,2.0929251212079664e-05,-1.828086720661146e-06
4802,2.278839596755867e-05,1.9420444841312807e-05,-3.3679511262458646e-06
4803,1.87129907544703e-05,2.0688473718262624e-05,1.975482963792325e-06
4804,1.7726181242087967e-05,2.1511356134712498e-05,3.7851748926245307e-06
4805,1.5586950009769476e-05,1.8168552316711477e-05,2.5816023069420003e-06
4806,2.2102656514532316e-05,2.2457589056641767e-05,3.5493254210945135e-07
4807,1.8154765200407116e-05,2.1216953338805815e-05,3.0621881383986985e-06
4808,1.3954291714394369e-05,1.899053637304068e-05,5.0362446586463126e-06
4809,1.8037915373814308e-05,2.2341572768552444e-05,4.303657394738136e-06
4810,1.7251788961931615e-05,1.990216633782241e-05,2.650377375890794e-06
4811,2.247009134880394e-05,1.942645840577335e-05,-3.043632943030593e-06
4812,2.2710550988937172e-05,2.209037395394052e-05,-6.201770349966519e-07
4813,2.4709837698161533e-05,2.1998478593077883e-05,-2.7113591050836498e-06
4814,1.8757307284535548e-05,1.925424235509676e-05,4.969350705612133e-07
4815,2.1525916626114622e-05,1.9323625405520162e-05,-2.2022912205944604e-06
4816,2.2728590485381013e-05,2.1805240264943485e-05,-9.233502204375279e-07
4817,2.3910197436025502e-05,2.4031127790391266e-05,1.2093035436576383e-07
4818,2.6788745356693346e-05,2.1512100358479665e-05,-5.276644998213681e-06
4819,2.2899665484483714e-05,2.3042139553505586e-05,1.4247406902187184e-07
4820,2.0643987025145544e-05,2.1337044840822945e-05,6.930578156774012e-07
4821,1.6531697571631895e-05,1.8621391773718505e-05,2.0896942020866096e-06
4822,2.2255456382299143e-05,2.2769738839885836e-05,5.142824575866937e-07
4823,1.8071507499646254e-05,1.920059754385018e-05,1.1290900442039272e-06
4824,1.7706315550922248e-05,2.0345585827843852e-05,2.6392702769216045e-06
4825,2.3692540114830105e-05,2.289371451107845e-05,-7.988256037516559e-07
4826,1.8915952333543735e-05,1.84865145920909e-05,-4.2943774145283575e-07
4827,1.9413581077347675e-05,2.0326726528745112e-05,9.131454513974368e-07
4828,1.9642357674738147e-05,2.195045233390312e-05,2.3080946591649726e-06
4829,2.0566754121450913e-05,2.2979410490263117e-05,2.4126563688122037e-06
4830,2.2479759857532658e-05,2.1962894704710317e-05,-5.16865152822341e-07
4831,2.268336883957293e-05,1.955566675609536e-05,-3.1277020834775696e-06
4832,1.8356968777326465e-05,2.057875937814429e-05,2.221790600817826e-06
4833,2.19616759603615e-05,2.094526933343727e-05,-1.0164066269242284e-06
4834,1.3744999423985955e-05,2.1056668483796228e-05,7.311669059810272e-06
4835,1.674532177599517e-05,1.7495295474192525e-05,7.499736981973567e-07
4836,1.8134789641912702e-05,2.0042961387861168e-05,1.908171745948466e-06
4837,1.848885875467161e-05,2.1324953321404376e-05,2.8360945667327655e-06
4838,1.8053050847618865e-05,2.019858874625935e-05,2.1455378986404857e-06
4839,1.8400592397334447e-05,2.031876559914361e-05,1.9181732018091615e-06
4840,2.0185072773150696e-05,2.2520387654612683e-05,2.3353148814619866e-06
4841,2.5394424656319665e-05,2.1079854212026908e-05,-4.3145704442927576e-06
4842,2.2588985784215323e-05,2.0354026010151327e-05,-2.2349597740639956e-06
4843,2.0305319277448043e-05,1.8003640615028733e-05,-2.3016786624193095e-06
4844,2.468913290853278e-05,2.1538945433401102e-05,-3.1501874751316767e-06
4845,2.1385722270678222e-05,2.0553039443040777e-05,-8.32682827637445e-07
4846,1.9387626933141878e-05,1.9203087121955428e-05,-1.8453981118644994e-07
4847,2.0620528035690777e-05,2.165876314917819e-05,1.0382351134874144e-06
4848,2.46831471115447e-05,2.3445075071043806e-05,-1.238072040500895e-06
4849,1.8388143371154183e-05,1.9311850510288657e-05,9.23707139134474e-07
4850,2.6334334623686835e-05,2.2084408292778744e-05,-4.249926330908091e-06
4851,1.7683278949195685e-05,2.0394219812591945e-05,2.7109408633962592e-06
4852,2.1333525147549226e-05,2.0807197205056876e-05,-5.2632794249235e-07
4853,2.1783006928930175e-05,2.0644802875521587e-05,-1.138204053408588e-06
4854,1.9234848337697032e-05,2.1210982933365474e-05,1.976134595668442e-06
4855,2.3984387425658e-05,2.2802071623384872e-05,-1.1823158022731292e-06
4856,2.2442910603737088e-05,2.3221845112210458e-05,7.7893450847337e-07
4857,2.10738991835733e-05,2.229287170581232e-05,1.2189725222390206e-06
4858,2.3483898952724738e-05,2.1553992664924047e-05,-1.9299062878006905e-06
4859,2.3221655997084826e-05,2.0255491826946806e-05,-2.9661641701380197e-06
4860,2.261800869971892e-05,2.077490787555669e-05,-1.8431008241622303e-06
4861,2.11267072872613e-05,1.9564435689098116e-05,-1.562271598163186e-06
4862,1.905412868121234e-05,1.9243965250021387e-05,1.89836568809046e-07
4863,2.1545459143774834e-05,1.9709898962186802e-05,-1.8355601815880316e-06
4864,1.674057816098273e-05,2.0147072117212882e-05,3.4064939562301507e-06
4865,1.9527095580990183e-05,1.9213476403194784e-05,-3.1361917779539893e-07
4866,1.7519878557278393e-05,1.9023630674153656e-05,1.5037521168752623e-06
4867,2.271689031893837e-05,2.2501863292886576e-05,-2.1502702605179358e-07
4868,2.016001952561627e-05,2.1804410628585378e-05,1.644391102969109e-06
4869,2.3153562777746358e-05,2.3602289002728655e-05,4.487262249822972e-07
4870,1.8557602731761974e-05,1.855265092565168e-05,-4.9518061102953774e-09
4871,2.0484797948306486e-05,2.1351207751411007e-05,8.664098031045213e-07
4872,2.327873119967685e-05,2.2082486771864268e-05,-1.1962444278125816e-06
4873,2.2393213890019032e-05,2.052807707676501e-05,-1.8651368132540207e-06
4874,2.4516563158331434e-05,2.1662391594228117e-05,-2.854171564103317e-06
4875,2.0352919469302516e-05,2.0399193893296247e-05,4.6274423993731385e-08
4876,2.034064167511368e-05,2.335903057772622e-05,3.0183889026125407e-06
4877,2.462757837137964e-05,2.0255710243435728e-05,-4.37186812794391e-06
4878,1.8167113834771217e-05,1.9293425469289533e-05,1.1263116345183166e-06
4879,1.954223000112812e-05,1.7640097698539363e-05,-1.9021323025887553e-06
4880,1.9520827304128005e-05,2.2120195929304026e-05,2.599368625176021e-06
4881,2.03578949892552e-05,2.147123897246272e-05,1.1133439832075197e-06
4882,2.4135220293716654e-05,2.040300049904573e-05,-3.732219794670922e-06
4883,2.0861150612180045e-05,2.2550183286793646e-05,1.6890326746136017e-06
4884,1.8182723920572552e-05,2.0002826780608436e-05,1.820102860035884e-06
4885,1.821263869689907e-05,1.7996560418185425e-05,-2.1607827871364613e-07
4886,2.4608901263379776e-05,2.2626822292682713e-05,-1.982078970697063e-06
4887,2.0844963762035685e-05,1.9031392217734563e-05,-1.813571544301122e-06
4888,1.629079412138119e-05,2.040213058931526e-05,4.111336467934069e-06
4889,1.71178464161241e-05,1.9906609845273143e-05,2.7887634291490444e-06
4890,2.0812164996626584e-05,2.0644439950119966e-05,-1.6772504650661857e-07
4891,2.3103431877755508e-05,2.169938401028756e-05,-1.4040478674679464e-06
4892,2.1074454132002282e-05,2.105396730655616e-05,-2.0486825446122106e-08
4893,1.8683894624688204e-05,1.9510609280696484e-05,8.267146560082796e-07
4894,1.9355878331772365e-05,1.896812130941596e-05,-3.877570223564036e-07
4895,2.6037583685096155e-05,2.1848562755239095e-05,-4.18902092985706e-06
4896,1.9787785158679825e-05,1.8794423855938178e-05,-9.93361302741647e-07
4897,1.6310975242651384e-05,1.8741006168682605e-05,2.430030926031222e-06
4898,2.0059187365448113e-05,2.263474431609157e-05,2.5755569506434565e-06
4899,2.540130940942441e-05,2.142206858793143e-05,-3.97924082149298e-06
4900,1.935626926528083e-05,1.935527939656672e-05,-9.898687141095047e-10
4901,1.9939253207287626e-05,1.991914885547278e-05,-2.0104351814847636e-08
4902,1.8957578930723237e-05,1.876540305983935e-05,-1.921758708838869e-07
4903,2.047319359660869e-05,1.9294893781483268e-05,-1.178299815125422e-06
4904,2.006157400727892e-05,2.1782479365718658e-05,1.720905358439738e-06
4905,1.8603124646716103e-05,1.7760562472005434e-05,-8.425621747106695e-07
4906,2.2194597954558936e-05,2.290297927738158e-05,7.083813228226431e-07
4907,2.137914620522516e-05,1.9402271389121735e-05,-1.976874816103424e-06
4908,1.98876089782783e-05,2.1457231418991193e-05,1.569622440712892e-06
4909,2.397955536162766e-05,2.1602884069476985e-05,-2.3766712921506737e-06
4910,2.067164922102002e-05,2.217822251523538e-05,1.506573294215359e-06
4911,1.4880863839114985e-05,1.8932762444040995e-05,4.05189860492601e-06
4912,2.119396602096227e-05,1.9553699066541268e-05,-1.6402669544210029e-06
4913,2.3530580559215106e-05,2.2546348870151498e-05,-9.842316890636078e-07
4914,2.3331471008990668e-05,2.1596630531336834e-05,-1.7348404776538341e-06
4915,2.814808722443278e-05,2.4110222761708634e-05,-4.037864462724147e-06
4916,2.1221029624198113e-05,1.9590481654189027e-05,-1.6305479700090862e-06
4917,1.5455416606796912e-05,2.0017697551471983e-05,4.562280944675071e-06
4918,2.2540380259186814e-05,2.1795408175777158e-05,-7.449720834096558e-07
4919,2.0952625478916435e-05,1.8549498671099268e-05,-2.403126807817167e-06
4920,2.0166247588645383e-05,2.1831910660626865e-05,1.665663071981482e-06
4921,1.9553269521876423e-05,1.882505166739858e-05,-7.282178544778425e-07
4922,1.9479357669696948e-05,2.1928854798357332e-05,2.449497128660384e-06
4923,1.3660696844738516e-05,1.8278434050736397e-05,4.61773720599788e-06
4924,2.0438746462982473e-05,1.9739165853045895e-05,-6.995806099365782e-07
4925,2.2756771539518475e-05,2.0140715768039416e-05,-2.616055771479059e-06
4926,2.4094835483606106e-05,2.2653823425937757e-05,-1.441012057668349e-06
4927,2.063697468086626e-05,1.9436421288800173e-05,-1.2005533920660875e-06
4928,3.0462097356097966e-05,2.504560212521634e-05,-5.416495230881626e-06
4929,2.0871594336844507e-05,1.9689986628906823e-05,-1.181607707937684e-06
4930,2.1483326893367614e-05,2.1813349291168305e-05,3.30022397800691e-07
4931,1.749124210581585e-05,1.8243117898818236e-05,7.518757930023862e-07
4932,2.1650090020953255e-05,2.34698577223802e-05,1.8197677014269457e-06
4933,1.8363535532832354e-05,2.1499172850482373e-05,3.135637317650019e-06
4934,2.1754858738163266e-05,2.278003760419152e-05,1.025178866028252e-06
4935,1.7652763342692407e-05,1.871568256997839e-05,1.062919227285982e-06
4936,2.0873720053511264e-05,2.001108792314821e-05,-8.626321303630547e-07
4937,2.2976778630417813e-05,2.227212010374282e-05,-7.04658526674992e-07
4938,2.4774729355351e-05,2.244759847123532e-05,-2.3271308841156792e-06
4939,1.9436318058189034e-05,1.662049147499475e-05,-2.8158265831942854e-06
4940,2.155674789385121e-05,2.380412575870345e-05,2.247377864852239e-06
4941,2.539495054141217e-05,2.0349987371849034e-05,-5.044963169563137e-06
4942,2.6493075354318043e-05,2.42264093083348e-05,-2.2666660459832437e-06
4943,2.46850389588026e-05,2.0962720435847752e-05,-3.7223185229548475e-06
4944,1.908587322539077e-05,2.1473564015721452e-05,2.3876907903306815e-06
4945,1.9490532324915625e-05,1.9812298282441403e-05,3.21765957525778e-07
4946,1.6223029376337185e-05,2.0425666228042022e-05,4.202636851704837e-06
4947,2.2018577692528717e-05,1.895052066211222e-05,-3.0680570304164968e-06
4948,2.195209055297656e-05,2.0276600557240325e-05,-1.6754899957362365e-06
4949,1.8822680157576152e-05,1.8937970187891703e-05,1.1529003031555114e-07
4950,2.1348348711470323e-05,2.112905105853815e-05,-2.1929765293217428e-07
4951,1.527409611379082e-05,1.7156614575046788e-05,1.8825184612559693e-06
4952,2.1109768787911184e-05,2.1271508307912797e-05,1.6173952000161262e-07
4953,2.1551386416312414e-05,1.970490472343779e-05,-1.846481692874626e-06
4954,2.44979952661753e-05,2.045068542380167e-05,-4.0473098423736314e-06
4955,1.9873556285305794e-05,2.0977603792578926e-05,1.1040475072731313e-06
4956,2.094292046002411e-05,2.1657420371404244e-05,7.144999113801347e-07
4957,1.973639406046711e-05,1.9725683721169465e-05,-1.0710339297644923e-08
4958,2.1102835703236683e-05,1.8625502773549693e-05,-2.4773329296869898e-06
4959,1.644800722222482e-05,1.930053937629959e-05,2.852532154074769e-06
4960,2.4745343844872894e-05,2.0965453582740967e-05,-3.7798902621319267e-06
4961,1.9949685456195495e-05,1.9971376030448813e-05,2.1690574253317957e-08
4962,1.716371030513441e-05,1.9502823981678337e-05,2.339113676543926e-06
4963,1.9391743972618145e-05,1.7813910365067314e-05,-1.5778336075508315e-06
4964,2.2966191333236818e-05,2.2058036296689058e-05,-9.081550365477601e-07
4965,2.2394604210868014e-05,2.0959686054863053e-05,-1.4349181560049609e-06
4966,1.977534850516737e-05,1.952628369563397e-05,-2.4906480953340164e-07
4967,1.9697954155952773e-05,1.9655995029387736e-05,-4.1959126565036984e-08
4968,2.0829569987081906e-05,1.9585288717884354e-05,-1.2442812691975525e-06
4969,2.1972740455536694e-05,2.2487936349214612e-05,5.151958936779177e-07
4970,1.917492307417063e-05,1.8541632324401814e-05,-6.332907497688168e-07
4971,1.745062299537054e-05,2.468823324214045e-05,7.237610246769911e-06
4972,2.5918726265117705e-05,2.1255609219086547e-05,-4.663117046031158e-06
4973,2.577370417646541e-05,2.3414222945895682e-05,-2.3594812305697287e-06
4974,1.8443202170794984e-05,1.7890607222306616e-05,-5.525949484883673e-07
4975,2.0875190872818018e-05,2.048828666633573e-05,-3.869042064822877e-07
4976,1.9205931191109203e-05,1.896794833254203e-05,-2.3798285856717195e-07
4977,2.089784711687698e-05,1.947620239568913e-05,-1.4216447211878499e-06
4978,1.9116080193518477e-05,2.0332384859775648e-05,1.2163046662571714e-06
4979,2.3365205490379098e-05,2.2055427642051133e-05,-1.309777848327965e-06
4980,2.1370258280332262e-05,2.2711035406129207e-05,1.3407771257969452e-06
4981,2.0915369423638567e-05,2.1497904137021258e-05,5.825347133826911e-07
4982,2.379750674101421e-05,2.1221908891755158e-05,-2.575597849259053e-06
4983,2.1749354227270778e-05,2.0859514177805955e-05,-8.898400494648223e-07
4984,2.274273490383721e-05,2.1362267998323308e-05,-1.3804669055139028e-06
4985,2.30372953752398e-05,2.0462015765774186e-05,-2.5752796094656146e-06
4986,2.173360517988072e-05,2.177667524491968e-05,4.307006503896161e-08
4987,1.6191619895129783e-05,1.804684217055093e-05,1.8552222754211474e-06
4988,1.7057515955978404e-05,2.014980561875664e-05,3.092289662778237e-06
4989,1.9743452116173615e-05,1.9716724507191206e-05,-2.672760898240944e-08
4990,1.797765434464339e-05,2.0723241243121648e-05,2.745586898478257e-06
4991,2.1160476003534536e-05,2.3316586821131017e-05,2.1561108175964808e-06
4992,1.9731996658922606e-05,2.1862173327252326e-05,2.1301766683297203e-06
4993,2.1754356279542464e-05,2.2336453734434567e-05,5.820974548921029e-07
4994,2.018378849409671e-05,2.234121216737889e-05,2.1574236732821802e-06
4995,1.837061717785572e-05,1.8043795540267176e-05,-3.2682163758854265e-07
4996,2.3428691829145526e-05,2.0634811483794528e-05,-2.7938803453509984e-06
4997,1.90950278186193e-05,1.983848911111289e-05,7.434612924935893e-07
4998,1.822260785372183e-05,1.796098844953479e-05,-2.616194041870391e-07
4999,1.8610489583372906e-05,1.8029204497646674e-05,-5.812850857262323e-07
5000,1.8852323129640478e-05,1.983861766706846e-05,9.86294537427983e-07
