C1,Q1,C2,T_theoretical_0_80,A,E_L_50,E_H_50,D_50,nearest_standardized_distance,A_z,D_z,selection_q50,selection_q90,selection_q95,point_prediction
3.7,31.0,5.9,10.010077874484654,5.0475,4.536,5.9,1.3640000000000008,0.0,2.0916337255105524,1.9898813253957448,0.0001924483405945085,0.00021657470977094146,0.00021666737310605222,0.00019248896670348402
4.1,32.0,5.6,9.825783972125437,5.0,4.64,5.6,0.96,0.7699205568615792,1.4955181137400453,1.4924109940468078,0.00015449894812811395,0.00017326307888347757,0.00017349097251667778,0.00015448135160223147
4.2,31.0,5.5,9.774025974025975,4.99625,4.694,5.5,0.806,0.9841259761879446,1.4484563549160563,1.3027812142751838,0.00014727019514551614,0.00016499972453633854,0.00016526483478624017,0.00014723658723596715
4.2,32.0,5.5,9.80779220779221,4.9799999999999995,4.668,5.5,0.8319999999999999,0.985256524862209,1.2445220666787749,1.334796631639224,0.00013997063781196975,0.00015673229194450145,0.00015706080047140494,0.00013994164978658856
4.2,33.0,5.5,9.84155844155844,4.96375,4.642,5.5,0.8579999999999997,0.9886404139577758,1.0405877784415045,1.366812049003264,0.00013263456027598643,0.00014858885767845745,0.00014909814457310443,0.0001326467123372104
4.3,31.0,5.4,9.77002583979328,4.97375,4.718,5.4,0.6820000000000004,1.2003936362251189,1.1660858019721343,1.1500923006928374,0.0001316196087896542,0.00014716574266962764,0.00014750351762378262,0.00013157458735118936
4.3,32.0,5.4,9.798449612403102,4.96,4.696,5.4,0.7040000000000006,1.2013206752010244,0.9935260196175157,1.1771822692316412,0.0001254382362018465,0.00014019797735365658,0.00014065879467318982,0.00012540194797094613
4.3,33.0,5.4,9.82687338501292,4.94625,4.6739999999999995,5.4,0.7260000000000009,1.2040975097526323,0.8209662372628973,1.204272237770445,0.00011922314350698321,0.00013332336414762118,0.00013391997459571197,0.00011922930859070287
4.4,32.0,5.3,9.797598627787307,4.9399999999999995,4.724,5.3,0.5759999999999996,1.4177801305293132,0.7425299725562454,1.0195679068240562,0.00011091094669642517,0.00012366113062461614,0.00012425856426239788,0.00011086224615530316
4.4,33.0,5.3,9.820754716981131,4.92875,4.706,5.3,0.5939999999999994,1.4201337778007963,0.60134469608429,1.0417324265376224,0.00010581467029289871,0.00011804905882117446,0.00011875510395518856,0.00010581190484419524
4.4,34.0,5.3,9.843910806174957,4.9174999999999995,4.688000000000001,5.3,0.6119999999999992,1.4240478786646082,0.4601594196123233,1.0638969462511887,0.00010076077406886005,0.00011241719712101256,0.00011328835963819403,0.00010076156353308687
4.5,32.0,5.3,9.70062893081761,4.9799999999999995,4.788,5.3,0.5119999999999996,1.537670708306929,1.2445220666787749,0.9407607256202644,0.00012887154932004731,0.00014404690771351096,0.00014444878822855256,0.00012881901526146547
4.5,33.0,5.2,9.823076923076922,4.91125,4.7379999999999995,5.2,0.46200000000000063,1.636519865350068,0.3817231549056826,0.8791926153048033,9.241240300865985e-05,0.00010278473109356443,0.00010356342551891813,9.23945010976877e-05
4.5,33.0,5.3,9.720754716981133,4.97,4.772,5.3,0.5279999999999996,1.539841113723159,1.1190240431481453,0.9604625209212123,0.00012439974639545307,0.00013891329789647295,0.00013928881906850535,0.000124329822984925
4.5,34.0,5.2,9.841025641025642,4.902500000000001,4.724,5.2,0.476,1.6399175843815488,0.2719123843163901,0.896431686193132,8.847994996621351e-05,9.843594365074693e-05,9.931551444189259e-05,8.846645785571511e-05
4.5,34.0,5.3,9.740880503144655,4.96,4.756,5.3,0.5439999999999996,1.5434516738111976,0.9935260196175157,0.9801643162221603,0.0001199022327218371,0.00013379927585175361,0.00013420614959217214,0.00011984063070838454
4.5,35.0,5.2,9.858974358974361,4.89375,4.71,5.2,0.4900000000000002,1.644662598527001,0.1621016137270753,0.9136707570814617,8.455003724241867e-05,9.404521978821004e-05,9.504961388163924e-05,8.453841461374165e-05
4.6,30.0,5.2,9.68227424749164,4.975,4.84,5.2,0.3600000000000003,1.7530238516654486,1.1817730549134602,0.7535936702612597,0.00012106559110326286,0.00013515766764815384,0.00013567497479731257,0.00012101310186063373
4.6,31.0,5.2,9.69732441471572,4.9675,4.828,5.2,0.3719999999999999,1.7523886959611108,1.0876495372654935,0.7683700167369701,0.00011771054152849198,0.0001313252884478062,0.00013177328134335298,0.00011764620765322859
4.6,32.0,5.2,9.712374581939798,4.96,4.816,5.2,0.38400000000000034,1.7530238516654486,0.9935260196175157,0.7831463632126816,0.00011435554181894899,0.0001274722586631701,0.00012789924444646492,0.00011427931344582303
4.6,33.0,5.1,9.83375959079284,4.89375,4.77,5.1,0.33000000000000007,1.8409634786017501,0.1621016137270753,0.716652804071982,7.901090631970753e-05,8.752535407061313e-05,8.840215127758021e-05,7.897709735118011e-05
4.6,33.0,5.2,9.727424749163879,4.952500000000001,4.804,5.2,0.3959999999999999,1.754927939499229,0.8994025019695492,0.7979227096883921,0.00011100913121755198,0.00012362414418309157,0.0001240779776602143,0.00011091241923841789
4.6,34.0,5.1,9.846547314578007,4.8875,4.76,5.1,0.33999999999999986,1.8561344766408598,0.08366534902043458,0.7289664261350741,7.619013422327869e-05,8.439305505908314e-05,8.53472712439586e-05,7.617135217834241e-05
4.6,34.0,5.2,9.742474916387962,4.945,4.792,5.2,0.40800000000000036,1.75809683655748,0.8052789843215714,0.8126990561641035,0.00010763047399668299,0.00011980430517179439,0.00012027051082739696,0.00010754552503101232
4.6,35.0,5.1,9.859335038363174,4.88125,4.75,5.1,0.34999999999999964,1.860328082571623,0.005229084313782734,0.7412800481981663,7.337757803322678e-05,8.127931740428054e-05,8.231178579433968e-05,7.336560700550428e-05
4.6,35.0,5.2,9.757525083612041,4.9375,4.78,5.2,0.41999999999999993,1.762523720732062,0.7111554666735936,0.827475402639814,0.00010425622067100603,0.00011600335761500757,0.0001165020883615345,0.00010417863082360673
4.6,36.0,5.1,9.872122762148338,4.875,4.74,5.1,0.35999999999999943,1.8657060110815284,-0.07320718039285797,0.7535936702612586,7.058058899213544e-05,7.815664490764801e-05,7.926616601863452e-05,7.055986183266659e-05
4.6,36.0,5.2,9.772575250836121,4.93,4.768,5.2,0.4320000000000004,1.768199143514194,0.6170319490256159,0.8422517491155256,0.00010089142848870777,0.00011219821005246677,0.00011276555442556662,0.00010081173661620118
4.6,37.0,5.1,9.884910485933505,4.8687499999999995,4.7299999999999995,5.1,0.3700000000000001,1.8722580565504983,-0.1516434450995098,0.7659072923243518,6.777895803806075e-05,7.500946960547965e-05,7.621903921921289e-05,6.775411665982849e-05
4.6,37.0,5.2,9.787625418060202,4.9225,4.756,5.2,0.44399999999999995,1.7751111293822788,0.5229084313776493,0.8570280955912359,9.750157576887642e-05,0.00010840477526014891,0.00010908696328427876,9.744484240879602e-05
4.6,38.0,5.2,9.802675585284282,4.915,4.744,5.2,0.4560000000000004,1.7832452993743437,0.4287849137296715,0.8718044420669475,9.411367239580853e-05,0.0001046762233781368,0.00010540187987857632,9.407794820139047e-05
4.7,30.0,5.1,9.712140175219025,4.949999999999999,4.859999999999999,5.1,0.2400000000000002,1.6653352286346192,0.868027996086875,0.6058302055041498,0.00010432638553530964,0.00011601958747283534,0.0001165078200497937,0.00010422880390672056
4.7,31.0,5.1,9.722152690863581,4.945,4.852,5.1,0.24799999999999933,1.680639916095117,0.8052789843215714,0.6156811031546227,0.00010209070596219042,0.00011346569900218408,0.00011396158682393554,0.00010198420776845075
4.7,32.0,5.1,9.732165206508135,4.9399999999999995,4.843999999999999,5.1,0.2560000000000002,1.6971189106730997,0.7425299725562454,0.6255320008050977,9.985454242079597e-05,0.0001108948347537319,0.00011141698115780285,9.97396116301801e-05
4.7,33.0,5.1,9.742177722152691,4.935,4.836,5.1,0.26399999999999935,1.7147383566910899,0.6797809607909306,0.6353828984555707,9.761053690865477e-05,0.00010834068734496439,0.00010885894014552924,9.749501549190984e-05
4.7,34.0,5.0,9.860425531914895,4.8725000000000005,4.795999999999999,5.0,0.20400000000000063,1.6710168183491103,-0.10458168627550979,0.5615011660770174,6.390491332251532e-05,7.037755051895087e-05,7.139130627770622e-05,6.38762465009702e-05
4.7,34.0,5.1,9.752190237797247,4.93,4.827999999999999,5.1,0.27200000000000024,1.7334634788199124,0.6170319490256159,0.6452337961060458,9.535843901869087e-05,0.00010580455482317236,0.00010633772731224833,9.525041935363963e-05
4.7,35.0,5.0,9.86808510638298,4.86875,4.79,5.0,0.20999999999999996,1.6915431337248605,-0.15164344509949867,0.5688893393148721,6.222036097983326e-05,6.851288858844782e-05,6.957395862122162e-05,6.219279939726739e-05
4.7,35.0,5.1,9.762202753441803,4.925,4.82,5.1,0.27999999999999936,1.7532588509540086,0.5542829372603011,0.6550846937565187,9.312073304692083e-05,0.00010327452733520305,0.00010383151862287115,9.300582321536936e-05
4.7,36.0,5.0,9.875744680851065,4.865,4.784,5.0,0.2160000000000002,1.7131234937532152,-0.19870520392348753,0.5762775125527279,6.053675208834851e-05,6.66636845268971e-05,6.774191603248966e-05,6.0509352293564614e-05
4.7,36.0,5.1,9.77221526908636,4.92,4.811999999999999,5.1,0.28800000000000026,1.7740886477417277,0.4915339254949863,0.6649355914069938,9.086190643244539e-05,0.00010074600002878699,0.00010133180668163162,9.076122707709917e-05
4.7,37.0,5.0,9.88340425531915,4.86125,4.7780000000000005,5.0,0.22199999999999953,1.7357185837566202,-0.24576696274747642,0.5836656857905825,5.8854234037964914e-05,6.484252301111711e-05,6.592809386858829e-05,5.882590518986181e-05
4.7,37.0,5.1,9.782227784730916,4.915,4.804,5.1,0.2959999999999994,1.795916876471441,0.4287849137296715,0.6747864890574666,8.861089780735355e-05,9.821588146534835e-05,9.883165349724357e-05,8.85166309388289e-05
4.7,38.0,5.0,9.891063829787234,4.8575,4.772,5.0,0.22799999999999976,1.754927939499229,-0.2928287215714653,0.5910538590284383,5.716580663868867e-05,6.301297080284446e-05,6.4116006409409e-05,5.714245808615903e-05
4.7,38.0,5.1,9.792240300375468,4.909999999999999,4.796,5.1,0.3039999999999994,1.8187075877928167,0.36603590196434554,0.6846373867079406,8.634901170100114e-05,9.567496766651076e-05,9.637552846441667e-05,8.627203480055822e-05
4.7,39.0,5.0,9.89872340425532,4.853750000000001,4.766,5.0,0.23399999999999999,1.75809683655748,-0.33989048039544306,0.598442032266294,5.5494405676984255e-05,6.118156550031346e-05,6.230074730585862e-05,5.5459010982456696e-05
4.7,39.0,5.1,9.802252816020026,4.905,4.788,5.1,0.3119999999999994,1.8424250644590023,0.3032868901990419,0.6944882843584146,8.409410824739805e-05,9.314662874204413e-05,9.392055985819094e-05,8.402743866228843e-05
4.7,40.0,5.0,9.906382978723403,4.85,4.76,5.0,0.2400000000000002,1.762523720732062,-0.38695223921944305,0.6058302055041498,5.381162803268271e-05,5.9348492927083626e-05,6.053135030978711e-05,5.377556387875347e-05
4.7,40.0,5.1,9.812265331664582,4.8999999999999995,4.78,5.1,0.3199999999999994,1.860328082571622,0.240537878433716,0.7043391820088886,8.183916927691654e-05,9.065072193309449e-05,9.146700909528285e-05,8.178284252401775e-05
4.7,41.0,5.0,9.91404255319149,4.84625,4.7540000000000004,5.0,0.24599999999999955,1.768199143514194,-0.4340139980434208,0.6132183787420045,5.2109566492490455e-05,5.7494690490331005e-05,5.878008783087217e-05,5.2092116775051104e-05
4.7,41.0,5.1,9.822277847309138,4.8950000000000005,4.772,5.1,0.3279999999999994,1.8657060110815276,0.17778886666841234,0.7141900796593625,7.957507029061042e-05,8.815398624459835e-05,8.901986986010576e-05,7.953824638574797e-05
4.7,42.0,5.1,9.832290362953692,4.89,4.764,5.1,0.3359999999999994,1.8577571425042483,0.11503985490308641,0.7240409773098366,7.730676417018612e-05,8.564031490392532e-05,8.655948030371592e-05,7.729365024747729e-05
4.7,43.0,5.1,9.842302878598248,4.885,4.756,5.1,0.3439999999999994,1.8122569884951225,0.05229084313777161,0.7338918749603106,7.507255593948038e-05,8.31638819804895e-05,8.413881908771265e-05,7.504905410920706e-05
4.8,31.0,5.0,9.755,4.9225,4.8759999999999994,5.0,0.12400000000000055,1.4867337687783069,0.5229084313776493,0.4629921895722775,8.645573920888799e-05,9.561707356551317e-05,9.620272951799245e-05,8.632220788367297e-05
4.8,32.0,5.0,9.760000000000002,4.92,4.872,5.0,0.1280000000000001,1.5053369618187797,0.4915339254949863,0.46791763839751394,8.533498477942511e-05,9.433689521193056e-05,9.493399731557173e-05,8.519990981453761e-05
4.8,33.0,5.0,9.765,4.9174999999999995,4.868,5.0,0.13199999999999967,1.5251735650611062,0.4601594196123233,0.4728430872227504,8.41994697940666e-05,9.307645820199608e-05,9.364668493387961e-05,8.407761174540226e-05
4.8,34.0,5.0,9.77,4.915,4.864,5.0,0.13600000000000012,1.5461961078905802,0.4287849137296715,0.47776853604798797,8.308523375458127e-05,9.179903593053595e-05,9.2398918819344e-05,8.295531367626738e-05
4.8,35.0,4.9,9.885204081632654,4.85625,4.83,4.9,0.07000000000000028,1.5147240802844113,-0.3085159745127912,0.3964986304315778,5.1055787631200724e-05,5.588027157890579e-05,5.685750739584338e-05,5.1019991789030054e-05
4.8,35.0,5.0,9.775,4.9125000000000005,4.86,5.0,0.13999999999999968,1.5683569013786742,0.3974104078470197,0.4826939848732244,8.196260920244183e-05,9.052776653544856e-05,9.114486445040825e-05,8.183301560713248e-05
4.8,36.0,4.9,9.887755102040817,4.855,4.828,4.9,0.07200000000000006,1.5369465587356805,-0.3242032274541171,0.39896135484419604,5.047941454005615e-05,5.526772544589001e-05,5.625508482292487e-05,5.0458842754462594e-05
4.8,36.0,5.0,9.780000000000001,4.909999999999999,4.856,5.0,0.14400000000000013,1.59160840086361,0.36603590196434554,0.48761943369846195,8.083841206090383e-05,8.927690370932282e-05,8.989209736514536e-05,8.07107175379967e-05
4.8,37.0,4.9,9.89030612244898,4.85375,4.8260000000000005,4.9,0.07399999999999984,1.537670708306929,-0.33989048039545416,0.4014240792568142,4.992452169958314e-05,5.467767497204431e-05,5.564939390753463e-05,4.98976937198947e-05
4.8,37.0,5.0,9.785000000000002,4.9075,4.852,5.0,0.1479999999999997,1.6159035239916035,0.33466139608169376,0.4925448825236984,7.970534289212211e-05,8.800704081111932e-05,8.863878912604043e-05,7.95884194688618e-05
4.8,38.0,4.9,9.892857142857144,4.8525,4.824,4.9,0.07600000000000051,1.5398411137231587,-0.3555777333367801,0.4038868036694336,4.935577226489133e-05,5.407343577324309e-05,5.5047197693136536e-05,4.9336544685327274e-05
4.8,38.0,5.0,9.790000000000001,4.904999999999999,4.848,5.0,0.15200000000000014,1.636519865350068,0.30328689019903077,0.4974703313489359,7.857776568981865e-05,8.674189216356006e-05,8.739603146576279e-05,7.846612139972647e-05
4.8,39.0,4.8,10.000000000000002,4.8,4.8,4.8,0.0,1.4568460967808325,-1.0144423568726022,0.3103032759899301,2.0325803358147464e-05,2.422974473852303e-05,2.539938208007566e-05,2.0206967970927594e-05
4.8,39.0,4.9,9.895408163265305,4.85125,4.821999999999999,4.9,0.07800000000000118,1.5434516738111976,-0.371264986278106,0.4063495280820529,4.879444245168843e-05,5.3455457884264415e-05,5.4449434020518635e-05,4.877539565075985e-05
4.8,39.0,5.0,9.795,4.9025,4.843999999999999,5.0,0.15600000000000058,1.6399175843815488,0.27191238431637893,0.5023957801741734,7.745485546858133e-05,8.549343204889443e-05,8.615924713446228e-05,7.734382333059159e-05
4.8,40.0,4.8,10.000000000000002,4.8,4.8,4.8,0.0,1.4621853265353606,-1.0144423568726022,0.3103032759899301,2.0325803358147464e-05,2.422974473852303e-05,2.539938208007566e-05,2.0206967970927594e-05
4.8,40.0,4.9,9.897959183673471,4.85,4.819999999999999,4.9,0.08000000000000096,1.5484923147437186,-0.38695223921944305,0.4088122524946711,4.824030190694734e-05,5.2847279800188265e-05,5.385046291456919e-05,4.8214246616191955e-05
4.8,40.0,5.0,9.8,4.8999999999999995,4.84,5.0,0.16000000000000014,1.644662598527001,0.240537878433716,0.5073212289994099,7.632803168974248e-05,8.42246423685618e-05,8.490982662884171e-05,7.622152526145624e-05
4.8,41.0,4.8,10.000000000000002,4.8,4.8,4.8,0.0,1.469021536301104,-1.0144423568726022,0.3103032759899301,2.0325803358147464e-05,2.422974473852303e-05,2.539938208007566e-05,2.0206967970927594e-05
4.8,41.0,4.9,9.900510204081634,4.84875,4.818,4.9,0.08200000000000074,1.554949129007601,-0.402639492160769,0.4112749769072893,4.7663577240112034e-05,5.225326448172713e-05,5.3269700769394066e-05,4.7653097581624495e-05
4.8,41.0,5.0,9.805000000000001,4.8975,4.835999999999999,5.0,0.1640000000000006,1.650743289544054,0.20916337255106415,0.5122466778246475,7.520435980850227e-05,8.294333521536124e-05,8.366396913129362e-05,7.509922719232136e-05
4.8,42.0,4.8,10.000000000000002,4.8,4.8,4.8,0.0,1.4773339448645173,-1.0144423568726022,0.3103032759899301,2.0325803358147464e-05,2.422974473852303e-05,2.539938208007566e-05,2.0206967970927594e-05
4.8,42.0,4.9,9.903061224489797,4.8475,4.816000000000001,4.9,0.08399999999999963,1.5628045637039834,-0.4183267451020949,0.41373770131990645,4.710445797114149e-05,5.166948052377265e-05,5.268299058435926e-05,4.709194854705701e-05
4.8,42.0,5.0,9.81,4.8950000000000005,4.832,5.0,0.16800000000000015,1.6581449630557712,0.17778886666841234,0.5171721266498839,7.40747352481055e-05,8.167419876845577e-05,8.243931242252504e-05,7.397692912318645e-05
4.8,43.0,4.8,10.000000000000002,4.8,4.8,4.8,0.0,1.487097797971882,-1.0144423568726022,0.3103032759899301,2.0325803358147464e-05,2.422974473852303e-05,2.539938208007566e-05,2.0206967970927594e-05
4.8,43.0,4.9,9.90561224489796,4.84625,4.814,4.9,0.0860000000000003,1.572037652353741,-0.4340139980434208,0.4162004257325258,4.653556187073125e-05,5.1070206024801864e-05,5.210319080218348e-05,4.653079951248959e-05
4.8,43.0,5.0,9.815000000000001,4.8925,4.828,5.0,0.1719999999999997,1.6668500216249478,0.14641436078574938,0.5220975754751204,7.2939613871031e-05,8.040450687465188e-05,8.120640857742861e-05,7.28546310540511e-05
4.8,44.0,4.8,10.000000000000002,4.8,4.8,4.8,0.0,1.4982847200609264,-1.0144423568726022,0.3103032759899301,2.0325803358147464e-05,2.422974473852303e-05,2.539938208007566e-05,2.0206967970927594e-05
4.8,44.0,4.9,9.908163265306122,4.845,4.812,4.9,0.08800000000000008,1.582624283288074,-0.4497012509847578,0.418663150145144,4.59627113330046e-05,5.046701285701821e-05,5.1514508010556116e-05,4.596965047792169e-05
4.8,44.0,5.0,9.82,4.890000000000001,4.824,5.0,0.17600000000000016,1.676838166379307,0.11503985490309755,0.5270230243003579,7.180895798832471e-05,7.91418204641087e-05,7.99654924011359e-05,7.173233298491622e-05
4.8,45.0,4.8,10.000000000000002,4.8,4.8,4.8,0.0,1.510863100864747,-1.0144423568726022,0.3103032759899301,2.0325803358147464e-05,2.422974473852303e-05,2.539938208007566e-05,2.0206967970927594e-05
4.8,45.0,4.9,9.910714285714285,4.84375,4.8100000000000005,4.9,0.08999999999999986,1.5945374969688486,-0.4653885039260838,0.42112587455776224,4.5389695886075166e-05,4.9856446980633386e-05,5.09263466147156e-05,4.540850144335423e-05
4.8,45.0,5.0,9.825000000000001,4.8875,4.82,5.0,0.17999999999999972,1.6798599909476553,0.08366534902043458,0.5319484731255943,7.067983763807328e-05,7.789184481163152e-05,7.874815246563109e-05,7.061003491578087e-05
4.8,46.0,4.8,10.000000000000002,4.8,4.8,4.8,0.0,1.498284720060926,-1.0144423568726022,0.3103032759899301,2.0325803358147464e-05,2.422974473852303e-05,2.539938208007566e-05,2.0206967970927594e-05
4.8,46.0,4.9,9.91326530612245,4.8425,4.808,4.9,0.09200000000000053,1.607747804221059,-0.48107575686740967,0.42358859897038154,4.48256584238964e-05,4.925503257332012e-05,5.033817188655397e-05,4.4847352408786803e-05
4.8,46.0,5.0,9.83,4.885,4.816,5.0,0.18400000000000016,1.6334938866321502,0.05229084313777161,0.5368739219508318,6.955059561840433e-05,7.662991907641365e-05,7.75201025159872e-05,6.948773684664554e-05
4.8,47.0,4.8,10.000000000000002,4.8,4.8,4.8,0.0,1.4870977979718818,-1.0144423568726022,0.3103032759899301,2.0325803358147464e-05,2.422974473852303e-05,2.539938208007566e-05,2.0206967970927594e-05
4.8,47.0,4.9,9.915816326530614,4.84125,4.806,4.9,0.0940000000000003,1.5646922349016883,-0.4967630098087467,0.4260513233829998,4.4249553555874196e-05,4.868131681837137e-05,4.973615237817945e-05,4.428620337421891e-05
4.8,47.0,5.0,9.835,4.8825,4.811999999999999,5.0,0.1880000000000006,1.5871760871730407,0.020916337255119793,0.5417993707760694,6.84278412793718e-05,7.538041904376358e-05,7.629812989388746e-05,6.836543877751066e-05
4.8,48.0,4.8,10.000000000000002,4.8,4.8,4.8,0.0,1.4773339448645169,-1.0144423568726022,0.3103032759899301,2.0325803358147464e-05,2.422974473852303e-05,2.539938208007566e-05,2.0206967970927594e-05
4.8,48.0,4.9,9.918367346938776,4.84,4.804,4.9,0.09600000000000009,1.51774187843069,-0.5124502627500727,0.42851404779561797,4.3647172447604235e-05,4.809375227857799e-05,4.914161613826961e-05,4.372505433965145e-05
4.8,49.0,4.8,10.000000000000002,4.8,4.8,4.8,0.0,1.4627542334344028,-1.0144423568726022,0.3103032759899301,2.0325803358147464e-05,2.422974473852303e-05,2.539938208007566e-05,2.0206967970927594e-05
4.8,49.0,4.9,9.920918367346939,4.83875,4.802,4.9,0.09800000000000075,1.4708065796270977,-0.5281375156913986,0.4309767722082373,4.3078932669099236e-05,4.750810771796608e-05,4.8560244445729516e-05,4.3163905305084024e-05
4.8,50.0,4.8,10.000000000000002,4.8,4.8,4.8,0.0,1.415568613001035,-1.0144423568726022,0.3103032759899301,2.0325803358147464e-05,2.422974473852303e-05,2.539938208007566e-05,2.0206967970927594e-05
4.8,50.0,4.9,9.923469387755102,4.8374999999999995,4.8,4.9,0.10000000000000053,1.423887827519348,-0.5438247686327357,0.4334394966208555,4.252423730923856e-05,4.692167293878504e-05,4.7968791390492966e-05,4.2602756270516124e-05
4.8,51.0,4.8,10.000000000000002,4.8,4.8,4.8,0.0,1.3683829925676672,-1.0144423568726022,0.3103032759899301,2.0325803358147464e-05,2.422974473852303e-05,2.539938208007566e-05,2.0206967970927594e-05
4.8,51.0,4.9,9.926020408163264,4.83625,4.8,4.896666666666667,0.09666666666666757,1.3769873135190966,-0.5595120215740615,0.4293349559331585,4.1771831847814715e-05,4.613427961177802e-05,4.71680435198866e-05,4.185622999386331e-05
4.8,52.0,4.8,10.000000000000002,4.8,4.8,4.8,0.0,1.321197372134299,-1.0144423568726022,0.3103032759899301,2.0325803358147464e-05,2.422974473852303e-05,2.539938208007566e-05,2.0206967970927594e-05
4.8,52.0,4.9,9.928571428571429,4.835,4.8,4.893333333333334,0.0933333333333346,1.3301069668935173,-0.5751992745153874,0.42523041524546146,4.101660745787345e-05,4.5334846688318107e-05,4.640875765934856e-05,4.110970371721049e-05
4.8,53.0,4.8,10.000000000000002,4.8,4.8,4.8,0.0,1.2740117517009315,-1.0144423568726022,0.3103032759899301,2.0325803358147464e-05,2.422974473852303e-05,2.539938208007566e-05,2.0206967970927594e-05
4.8,53.0,4.9,9.931122448979593,4.833749999999999,4.8,4.890000000000001,0.09000000000000075,1.2832489979408404,-0.5908865274567244,0.42112587455776335,4.026814550453804e-05,4.4536417476191605e-05,4.5622801010387635e-05,4.03631774405572e-05
4.8,54.0,4.8,10.000000000000002,4.8,4.8,4.8,0.0,1.2268261312675635,-1.0144423568726022,0.3103032759899301,2.0325803358147464e-05,2.422974473852303e-05,2.539938208007566e-05,2.0206967970927594e-05
4.8,54.0,4.9,9.933673469387756,4.8325000000000005,4.8,4.886666666666668,0.08666666666666778,1.2364159508858787,-0.6065737803980392,0.4170213338700663,3.9518690484269543e-05,4.3746859024745025e-05,4.480871805581869e-05,3.961665116390483e-05
4.8,55.0,4.8,10.000000000000002,4.8,4.8,4.8,0.0,1.1796405108341959,-1.0144423568726022,0.3103032759899301,2.0325803358147464e-05,2.422974473852303e-05,2.539938208007566e-05,2.0206967970927594e-05
4.8,55.0,4.9,9.936224489795919,4.83125,4.8,4.883333333333334,0.08333333333333393,1.1896107691363833,-0.6222610333393763,0.4129167931823681,3.8772781739351353e-05,4.294199332777656e-05,4.401859760650106e-05,3.8870124887251527e-05
4.8,56.0,4.8,10.000000000000002,4.8,4.8,4.8,0.0,1.1324548904008278,-1.0144423568726022,0.3103032759899301,2.0325803358147464e-05,2.422974473852303e-05,2.539938208007566e-05,2.0206967970927594e-05
4.8,56.0,4.9,9.938775510204081,4.829999999999999,4.8,4.88,0.08000000000000007,1.1428368763899972,-0.6379482862807133,0.40881225249467,3.800238590265296e-05,4.214376315285355e-05,4.3211376447421877e-05,3.812359861059823e-05
4.8,57.0,4.8,10.000000000000002,4.8,4.8,4.799999999999999,-8.881784197001252e-16,1.08526926996746,-1.0144423568726022,0.310303275989929,2.032580335814743e-05,2.4229744738522995e-05,2.5399382080075622e-05,2.0206967970927563e-05
4.8,57.0,4.9,9.941326530612246,4.82875,4.8,4.876666666666666,0.07666666666666622,1.0960982782487154,-0.6536355392220281,0.4047077118069719,3.724930832256439e-05,4.136108100074649e-05,4.245851741773575e-05,3.737707233394583e-05
4.8,58.0,4.8,10.000000000000002,4.8,4.8,4.799999999999999,-8.881784197001252e-16,1.0380836495340922,-1.0144423568726022,0.310303275989929,2.032580335814743e-05,2.4229744738522995e-05,2.5399382080075622e-05,2.0206967970927563e-05
4.8,58.0,4.9,9.943877551020408,4.8275,4.8,4.873333333333333,0.07333333333333325,1.0493996906203635,-0.6693227921633652,0.40060317111927485,3.648556464160169e-05,4.0596823069728234e-05,4.164847714565942e-05,3.663054605729256e-05
4.8,59.0,4.8,10.000000000000002,4.8,4.8,4.799999999999999,-8.881784197001252e-16,0.9908980291007244,-1.0144423568726022,0.310303275989929,2.032580335814743e-05,2.4229744738522995e-05,2.5399382080075622e-05,2.0206967970927563e-05
4.8,59.0,4.9,9.946428571428573,4.82625,4.8,4.87,0.07000000000000028,1.0027467034699216,-0.6850100451046911,0.3964986304315778,3.5738803992051655e-05,3.979545905797404e-05,4.0858671447616034e-05,3.588401978063974e-05
4.8,60.0,4.8,10.000000000000002,4.8,4.8,4.8,0.0,0.9437124086673566,-1.0144423568726022,0.3103032759899301,2.0325803358147464e-05,2.422974473852303e-05,2.539938208007566e-05,2.0206967970927594e-05
4.8,60.0,4.9,9.948979591836736,4.825,4.8,4.866666666666667,0.06666666666666732,0.956145991738102,-0.700697298046017,0.39239408974388074,3.500201875238663e-05,3.9042022985872994e-05,4.009226194378455e-05,3.513749350398693e-05
4.8,61.0,4.8,10.000000000000002,4.8,4.8,4.8,0.0,0.8965267882339887,-1.0144423568726022,0.3103032759899301,2.0325803358147464e-05,2.422974473852303e-05,2.539938208007566e-05,2.0206967970927594e-05
4.8,61.0,4.9,9.951530612244898,4.82375,4.8,4.863333333333333,0.06333333333333346,0.9096055899483281,-0.7163845509873429,0.3882895490561826,3.4251204473499426e-05,3.827889386044424e-05,3.9320323322405764e-05,3.439096722733408e-05
4.8,62.0,4.8,10.000000000000002,4.8,4.8,4.8,0.0,0.8493411678006209,-1.0144423568726022,0.3103032759899301,2.0325803358147464e-05,2.422974473852303e-05,2.539938208007566e-05,2.0206967970927594e-05
4.8,62.0,4.9,9.954081632653063,4.822500000000001,4.8,4.86,0.0600000000000005,0.8631352539231711,-0.7320718039286688,0.38418500836848557,3.352032254376263e-05,3.752399280533707e-05,3.8555688274753623e-05,3.364444095068126e-05
4.8,63.0,4.8,10.000000000000002,4.8,4.8,4.8,0.0,0.802155547367253,-1.0144423568726022,0.3103032759899301,2.0325803358147464e-05,2.422974473852303e-05,2.539938208007566e-05,2.0206967970927594e-05
4.8,63.0,4.9,9.956632653061225,4.82125,4.8,4.856666666666667,0.05666666666666753,0.8167469433160751,-0.7477590568700059,0.38008046768078857,3.278066162998151e-05,3.6740570575158e-05,3.7781649218351966e-05,3.289791467402799e-05
4.8,64.0,4.8,10.000000000000002,4.8,4.8,4.8,0.0,0.7549699269338852,-1.0144423568726022,0.3103032759899301,2.0325803358147464e-05,2.422974473852303e-05,2.539938208007566e-05,2.0206967970927594e-05
4.8,65.0,4.8,10.000000000000002,4.8,4.8,4.8,0.0,0.7077843065005174,-1.0144423568726022,0.3103032759899301,2.0325803358147464e-05,2.422974473852303e-05,2.539938208007566e-05,2.0206967970927594e-05
4.8,66.0,4.8,10.000000000000002,4.8,4.8,4.8,0.0,0.6605986860671496,-1.0144423568726022,0.3103032759899301,2.0325803358147464e-05,2.422974473852303e-05,2.539938208007566e-05,2.0206967970927594e-05
4.8,67.0,4.8,10.000000000000002,4.8,4.8,4.8,0.0,0.6134130656337817,-1.0144423568726022,0.3103032759899301,2.0325803358147464e-05,2.422974473852303e-05,2.539938208007566e-05,2.0206967970927594e-05
4.8,68.0,4.8,10.000000000000002,4.8,4.8,4.8,0.0,0.5662274452004139,-1.0144423568726022,0.3103032759899301,2.0325803358147464e-05,2.422974473852303e-05,2.539938208007566e-05,2.0206967970927594e-05
4.8,69.0,4.8,10.000000000000002,4.8,4.8,4.8,0.0,0.5190418247670461,-1.0144423568726022,0.3103032759899301,2.0325803358147464e-05,2.422974473852303e-05,2.539938208007566e-05,2.0206967970927594e-05
4.8,70.0,4.8,10.000000000000002,4.8,4.8,4.8,0.0,0.47185620433367825,-1.0144423568726022,0.3103032759899301,2.0325803358147464e-05,2.422974473852303e-05,2.539938208007566e-05,2.0206967970927594e-05
4.8,71.0,4.8,10.000000000000002,4.8,4.8,4.8,0.0,0.4246705839003104,-1.0144423568726022,0.3103032759899301,2.0325803358147464e-05,2.422974473852303e-05,2.539938208007566e-05,2.0206967970927594e-05
4.8,72.0,4.8,10.000000000000002,4.8,4.8,4.8,0.0,0.3774849634669426,-1.0144423568726022,0.3103032759899301,2.0325803358147464e-05,2.422974473852303e-05,2.539938208007566e-05,2.0206967970927594e-05
4.8,73.0,4.8,10.000000000000002,4.8,4.8,4.8,0.0,0.3302993430335748,-1.0144423568726022,0.3103032759899301,2.0325803358147464e-05,2.422974473852303e-05,2.539938208007566e-05,2.0206967970927594e-05
4.8,74.0,4.8,10.000000000000002,4.8,4.8,4.8,0.0,0.28311372260020695,-1.0144423568726022,0.3103032759899301,2.0325803358147464e-05,2.422974473852303e-05,2.539938208007566e-05,2.0206967970927594e-05
4.8,75.0,4.8,10.000000000000002,4.8,4.8,4.8,0.0,0.23592810216683913,-1.0144423568726022,0.3103032759899301,2.0325803358147464e-05,2.422974473852303e-05,2.539938208007566e-05,2.0206967970927594e-05
4.8,76.0,4.8,10.000000000000002,4.8,4.8,4.8,0.0,0.1887424817334713,-1.0144423568726022,0.3103032759899301,2.0325803358147464e-05,2.422974473852303e-05,2.539938208007566e-05,2.0206967970927594e-05
4.8,77.0,4.8,10.000000000000002,4.8,4.8,4.8,0.0,0.14155686130010348,-1.0144423568726022,0.3103032759899301,2.0325803358147464e-05,2.422974473852303e-05,2.539938208007566e-05,2.0206967970927594e-05
4.8,78.0,4.8,10.000000000000002,4.8,4.8,4.8,0.0,0.09437124086673565,-1.0144423568726022,0.3103032759899301,2.0325803358147464e-05,2.422974473852303e-05,2.539938208007566e-05,2.0206967970927594e-05
4.8,79.0,4.8,10.000000000000002,4.8,4.8,4.8,0.0,0.047185620433367825,-1.0144423568726022,0.3103032759899301,2.0325803358147464e-05,2.422974473852303e-05,2.539938208007566e-05,2.0206967970927594e-05
4.8,80.0,4.8,10.000000000000002,4.8,4.8,4.8,0.0,0.0,-1.0144423568726022,0.3103032759899301,2.0325803358147464e-05,2.422974473852303e-05,2.539938208007566e-05,2.0206967970927594e-05
4.9,31.0,4.9,9.795918367346939,4.9,4.9,4.9,0.0,1.300266226530424,0.24053787843372712,0.3103032759899301,7.080753170459389e-05,7.77969975468165e-05,7.84675018629068e-05,7.066020799889514e-05
4.9,32.0,4.9,9.795918367346937,4.9,4.9,4.9,0.0,1.3214970031171898,0.24053787843372712,0.3103032759899301,7.080753170459389e-05,7.77969975468165e-05,7.84675018629068e-05,7.066020799889514e-05
4.9,33.0,4.9,9.795918367346939,4.9,4.9,4.9,0.0,1.3440496137386908,0.24053787843372712,0.3103032759899301,7.080753170459389e-05,7.77969975468165e-05,7.84675018629068e-05,7.066020799889514e-05
4.9,33.0,5.0,9.680816326530612,4.95875,4.934,5.0,0.06599999999999984,1.4042163988857932,0.9778387666761899,0.39157318160634025,0.0001026614828234417,0.0001141622897332682,0.00011493786661773837,0.00010259552988613247
4.9,34.0,4.9,9.795918367346939,4.9,4.9,4.9,0.0,1.367858678623599,0.24053787843372712,0.3103032759899301,7.080753170459389e-05,7.77969975468165e-05,7.84675018629068e-05,7.066020799889514e-05
4.9,34.0,5.0,9.683265306122449,4.9575,4.932,5.0,0.06799999999999962,1.4270219673833193,0.9621515137348527,0.3940359060189585,0.00010210276018866076,0.00011353393124418505,0.00011427980521226233,0.00010203438085156457
4.9,35.0,4.8,9.910714285714286,4.84375,4.87,4.8,-0.07000000000000028,1.3229731587748377,-0.4653885039260838,0.22410792154828243,3.9843913730469784e-05,4.342955005440369e-05,4.43353304024335e-05,3.984718418079269e-05
4.9,35.0,4.9,9.795918367346939,4.9,4.9,4.9,0.0,1.3928597670734968,0.24053787843372712,0.3103032759899301,7.080753170459389e-05,7.77969975468165e-05,7.84675018629068e-05,7.066020799889514e-05
4.9,35.0,5.0,9.685714285714285,4.956250000000001,4.930000000000001,5.0,0.0699999999999994,1.451004018409562,0.9464642607935381,0.3964986304315767,0.0001015479926346333,0.00011291452064455593,0.00011361732045741926,0.00010147323181699757
4.9,36.0,4.8,9.908163265306122,4.845,4.872,4.8,-0.07200000000000006,1.3221314216306146,-0.4497012509847578,0.22164519713566422,4.0415648148128754e-05,4.403914888983969e-05,4.495139296300666e-05,4.040833321536014e-05
4.9,36.0,4.9,9.795918367346939,4.9,4.9,4.9,0.0,1.4169947126746911,0.24053787843372712,0.3103032759899301,7.080753170459389e-05,7.77969975468165e-05,7.84675018629068e-05,7.066020799889514e-05
4.9,36.0,5.0,9.688163265306123,4.955,4.928,5.0,0.07200000000000006,1.4761052106940744,0.930777007852201,0.39896135484419604,0.0001009859895858043,0.00011226124726162833,0.00011295460997985427,0.0001009120827824297
4.9,37.0,4.8,9.90561224489796,4.84625,4.8740000000000006,4.8,-0.07400000000000073,1.3229731587748377,-0.4340139980434208,0.2191824727230449,4.098586304303303e-05,4.464415577014078e-05,4.5534403487367203e-05,4.096948224992801e-05
4.9,37.0,4.9,9.795918367346937,4.9,4.9,4.9,0.0,1.4177801305293118,0.24053787843372712,0.3103032759899301,7.080753170459389e-05,7.77969975468165e-05,7.84675018629068e-05,7.066020799889514e-05
4.9,38.0,4.8,9.903061224489797,4.8475,4.876,4.8,-0.07600000000000051,1.3254951630110605,-0.4183267451020949,0.21671974831042667,4.1559851574433555e-05,4.523909859650024e-05,4.614034479008018e-05,4.153063128449546e-05
4.9,38.0,4.9,9.795918367346939,4.9,4.9,4.9,0.0,1.4201337778007952,0.24053787843372712,0.3103032759899301,7.080753170459389e-05,7.77969975468165e-05,7.84675018629068e-05,7.066020799889514e-05
4.9,39.0,4.8,9.900510204081634,4.84875,4.878,4.8,-0.07800000000000029,1.329687873541805,-0.402639492160769,0.21425702389780846,4.214408840351942e-05,4.583961893606262e-05,4.673204896276293e-05,4.209178031906292e-05
4.9,39.0,4.9,9.795918367346939,4.9,4.9,4.9,0.0,1.4240478786646071,0.24053787843372712,0.3103032759899301,7.080753170459389e-05,7.77969975468165e-05,7.84675018629068e-05,7.066020799889514e-05
4.9,40.0,4.8,9.897959183673471,4.85,4.88,4.8,-0.08000000000000007,1.3355355556756623,-0.38695223921944305,0.21179429948519024,4.271036635276772e-05,4.6435537268599386e-05,4.730894743255147e-05,4.265292935363037e-05
4.9,40.0,4.9,9.795918367346937,4.9,4.9,4.9,0.0,1.4295096152733429,0.24053787843372712,0.3103032759899301,7.080753170459389e-05,7.77969975468165e-05,7.84675018629068e-05,7.066020799889514e-05
4.9,41.0,4.8,9.895408163265305,4.85125,4.882,4.8,-0.08199999999999985,1.343016591652924,-0.371264986278106,0.209331575072572,4.328364981451458e-05,4.703269456071089e-05,4.7896954907824305e-05,4.321407838819827e-05
4.9,41.0,4.9,9.795918367346939,4.9,4.9,4.9,0.0,1.436501334889765,0.24053787843372712,0.3103032759899301,7.080753170459389e-05,7.77969975468165e-05,7.84675018629068e-05,7.066020799889514e-05
4.9,42.0,4.8,9.892857142857142,4.8525,4.884,4.8,-0.08400000000000052,1.3521038702657193,-0.3555777333367801,0.2068688506599527,4.3852857462703705e-05,4.762197840461358e-05,4.850295463533523e-05,4.37752274227657e-05
4.9,42.0,4.9,9.795918367346937,4.9,4.9,4.9,0.0,1.4450008289522112,0.24053787843372712,0.3103032759899301,7.080753170459389e-05,7.77969975468165e-05,7.84675018629068e-05,7.066020799889514e-05
4.9,43.0,4.8,9.89030612244898,4.853750000000001,4.886,4.8,-0.0860000000000003,1.362765259342709,-0.33989048039544306,0.20440612624733445,4.441879866276905e-05,4.8212481660453e-05,4.9089766827751366e-05,4.43363764573336e-05
4.9,43.0,4.9,9.795918367346939,4.9,4.9,4.9,0.0,1.4549816740276977,0.24053787843372712,0.3103032759899301,7.080753170459389e-05,7.77969975468165e-05,7.84675018629068e-05,7.066020799889514e-05
4.9,44.0,4.8,9.887755102040817,4.855,4.888,4.8,-0.08800000000000008,1.3749641426985029,-0.3242032274541171,0.20194340183471624,4.498394549247047e-05,4.881443901156548e-05,4.968028810806472e-05,4.489752549190105e-05
4.9,44.0,4.9,9.795918367346939,4.9,4.9,4.9,0.0,1.4664136228880549,0.24053787843372712,0.3103032759899301,7.080753170459389e-05,7.77969975468165e-05,7.84675018629068e-05,7.066020799889514e-05
4.9,45.0,4.7,9.978289188015632,4.8125,4.88,4.7,-0.17999999999999972,1.3098771605369608,-0.8575698274593095,0.08865807885426591,2.0398561620901976e-05,2.3543604383985714e-05,2.4513589194685537e-05,2.0257141054041873e-05
4.9,45.0,4.8,9.885204081632654,4.85625,4.89,4.8,-0.08999999999999986,1.3886600019058737,-0.3085159745127912,0.19948067742209802,4.554659876568611e-05,4.9413206486009304e-05,5.027415992107717e-05,4.5458674526468505e-05
4.9,45.0,4.9,9.795918367346937,4.9,4.9,4.9,0.0,1.4792630329249297,0.24053787843372712,0.3103032759899301,7.080753170459389e-05,7.77969975468165e-05,7.84675018629068e-05,7.066020799889514e-05
4.9,46.0,4.7,9.973078593139384,4.815,4.884,4.7,-0.18400000000000016,1.2953485895733936,-0.8261953215766465,0.08373263002902837,2.150472599927039e-05,2.457082630594687e-05,2.5446658566318734e-05,2.1379439123177195e-05
4.9,46.0,4.8,9.88265306122449,4.857500000000001,4.892,4.8,-0.09200000000000053,1.4038090232047862,-0.2928287215714542,0.1970179530094787,4.6114944861215465e-05,5.00049742944827e-05,5.0890243828523394e-05,4.601982356103638e-05
4.9,46.0,4.9,9.795918367346939,4.9,4.9,4.9,0.0,1.4934933188053494,0.24053787843372712,0.3103032759899301,7.080753170459389e-05,7.77969975468165e-05,7.84675018629068e-05,7.066020799889514e-05
4.9,47.0,4.7,9.967867998263134,4.8175,4.888,4.7,-0.18799999999999972,1.2823925790780888,-0.7948208156939948,0.07880718120379192,2.262821034036079e-05,2.55925215227533e-05,2.6437008939076724e-05,2.2501737192312105e-05
4.9,47.0,4.8,9.880102040816327,4.858750000000001,4.894,4.8,-0.0940000000000003,1.4138109617399237,-0.27714146863012823,0.19455522859686047,4.666942556972849e-05,5.0603927904979724e-05,5.1501833642579034e-05,4.658097259560383e-05
4.9,47.0,4.9,9.795918367346939,4.9,4.9,4.9,0.0,1.50906541660908,0.24053787843372712,0.3103032759899301,7.080753170459389e-05,7.77969975468165e-05,7.84675018629068e-05,7.066020799889514e-05
4.9,48.0,4.7,9.962657403386887,4.82,4.8919999999999995,4.7,-0.19199999999999928,1.2710572177485513,-0.7634463098113318,0.07388173237855547,2.3751046046905164e-05,2.6633471012757582e-05,2.7446660991639787e-05,2.3624035261447465e-05
4.9,48.0,4.8,9.877551020408163,4.859999999999999,4.896,4.8,-0.09600000000000009,1.4035373737282895,-0.2614542156888135,0.19209250418424226,4.723059937262313e-05,5.123543728799737e-05,5.2103392195370946e-05,4.714212163017083e-05
4.9,48.0,4.9,9.795918367346939,4.9,4.9,4.9,0.0,1.5255040009080325,0.24053787843372712,0.3103032759899301,7.080753170459389e-05,7.77969975468165e-05,7.84675018629068e-05,7.066020799889514e-05
4.9,49.0,4.7,9.957446808510639,4.822500000000001,4.896000000000001,4.7,-0.19600000000000062,1.2613861979022076,-0.7320718039286688,0.06895628355331683,2.4880055494826554e-05,2.7687431226045646e-05,2.8501641596085834e-05,2.4746333330582757e-05
4.9,49.0,4.8,9.875000000000002,4.86125,4.898000000000001,4.8,-0.09800000000000075,1.3947852339767595,-0.24576696274747642,0.18962977977162293,4.779945918655553e-05,5.185019900658682e-05,5.271753727667821e-05,4.770327066473871e-05
4.9,49.0,4.9,9.795918367346939,4.9,4.9,4.9,0.0,1.4788150803661888,0.24053787843372712,0.3103032759899301,7.080753170459389e-05,7.77969975468165e-05,7.84675018629068e-05,7.066020799889514e-05
4.9,50.0,4.7,9.95223621363439,4.825,4.9,4.7,-0.20000000000000018,1.253418044898449,-0.700697298046017,0.06403083472808038,2.5960311483943197e-05,2.8725851781063095e-05,2.9538618386779626e-05,2.5868631399717663e-05
4.9,50.0,4.8,9.872448979591837,4.862500000000001,4.9,4.8,-0.10000000000000053,1.3875833322501632,-0.23007970980613937,0.1871670553590047,4.837095997775938e-05,5.246538960532355e-05,5.332707299417583e-05,4.826441969930661e-05
4.9,50.0,4.9,9.795918367346937,4.9,4.9,4.9,0.0,1.4321587176712864,0.24053787843372712,0.3103032759899301,7.080753170459389e-05,7.77969975468165e-05,7.84675018629068e-05,7.066020799889514e-05
4.9,51.0,4.7,9.947025618758142,4.8275,4.9,4.706666666666667,-0.19333333333333336,1.2471853975441172,-0.6693227921633652,0.07223991610347556,2.7421183944834205e-05,3.022086077672372e-05,3.100883232832489e-05,2.7361683953023328e-05
4.9,51.0,4.8,9.869897959183675,4.86375,4.9,4.803333333333334,-0.09666666666666668,1.3769873135190966,-0.2143924568648246,0.19127159604670285,4.912649230211852e-05,5.329874619450418e-05,5.4163280340562806e-05,4.901094597595901e-05
4.9,51.0,4.9,9.795918367346939,4.9,4.9,4.9,0.0,1.385538201868369,0.24053787843372712,0.3103032759899301,7.080753170459389e-05,7.77969975468165e-05,7.84675018629068e-05,7.066020799889514e-05
4.9,52.0,4.7,9.941815023881894,4.830000000000001,4.9,4.713333333333334,-0.18666666666666654,1.2427143686176918,-0.6379482862806911,0.08044899747887073,2.887018772137598e-05,3.1728237219196386e-05,3.249389290351898e-05,2.885473650632989e-05
4.9,52.0,4.8,9.86734693877551,4.865,4.9,4.806666666666667,-0.09333333333333371,1.3301069668935173,-0.19870520392348753,0.19537613673439988,4.987505696910629e-05,5.41413069864984e-05,5.498964060005103e-05,4.975747225261228e-05
4.9,52.0,4.9,9.795918367346937,4.9,4.9,4.9,0.0,1.3389572773702554,0.24053787843372712,0.3103032759899301,7.080753170459389e-05,7.77969975468165e-05,7.84675018629068e-05,7.066020799889514e-05
4.9,53.0,4.7,9.936604429005644,4.8325000000000005,4.9,4.720000000000001,-0.17999999999999972,1.240024013332735,-0.6065737803980392,0.08865807885426591,3.0331163768765372e-05,3.325199707601505e-05,3.40321009448355e-05,3.0347789059635562e-05
4.9,53.0,4.8,9.864795918367346,4.866250000000001,4.9,4.81,-0.09000000000000075,1.2832489979408404,-0.18301795098215048,0.1994806774220969,5.061841224428862e-05,5.4983664072025436e-05,5.58250078877484e-05,5.0503998529265546e-05
4.9,54.0,4.7,9.931393834129397,4.835,4.9,4.7266666666666675,-0.1733333333333329,1.2391259301887525,-0.5751992745153874,0.09686716022966108,3.1801193602940004e-05,3.4802415596785274e-05,3.559849308543131e-05,3.1840841612941224e-05
4.9,54.0,4.8,9.862244897959185,4.8675,4.9,4.8133333333333335,-0.08666666666666689,1.2364159508858787,-0.16733069804083572,0.20358521810979505,5.137758558398751e-05,5.583194725817426e-05,5.665455846217067e-05,5.125052480591794e-05
4.9,55.0,4.7,9.926183239253149,4.8374999999999995,4.9,4.733333333333334,-0.16666666666666607,1.19949815726801,-0.5438247686327357,0.10507624160505626,3.331320788834587e-05,3.636476687349197e-05,3.7164261236832065e-05,3.333389416624689e-05
4.9,55.0,4.8,9.85969387755102,4.86875,4.9,4.816666666666667,-0.08333333333333304,1.1896107691363833,-0.15164344509949867,0.20768975879749318,5.212791682755093e-05,5.666748364162939e-05,5.749056575285624e-05,5.199705108257124e-05
4.9,56.0,4.7,9.9209726443769,4.840000000000001,4.9,4.74,-0.16000000000000014,1.153125393563484,-0.5124502627500614,0.11328532298045033,3.480475864537955e-05,3.7933203599896285e-05,3.874323056431804e-05,3.4826946719553434e-05
4.9,56.0,4.8,9.857142857142858,4.870000000000001,4.9,4.82,-0.08000000000000007,1.1428368763899972,-0.1359561921581616,0.21179429948519024,5.288474100472029e-05,5.751987307341565e-05,5.832875548435675e-05,5.274357735922451e-05
4.9,57.0,4.7,9.915762049500652,4.8425,4.9,4.746666666666666,-0.1533333333333342,1.106821341872252,-0.48107575686740967,0.12149440435584441,3.631350259181889e-05,3.947407283244364e-05,4.030994144548523e-05,3.631999927285906e-05
4.9,57.0,4.8,9.854591836734695,4.87125,4.9,4.823333333333333,-0.0766666666666671,1.0960982782487154,-0.12026893921684685,0.21589884017288727,5.361976271066123e-05,5.835620687753868e-05,5.9162490384906944e-05,5.3490103635876876e-05
4.9,58.0,4.6,9.971606033717835,4.8175,4.9,4.68,-0.22000000000000064,1.0268207501125624,-0.7948208156939948,0.03940359060189486,2.1559085871947148e-05,2.446094400390267e-05,2.526422688994376e-05,2.1389473739799764e-05
4.9,58.0,4.7,9.910551454624404,4.845,4.9,4.753333333333334,-0.1466666666666665,1.060595001835389,-0.4497012509847578,0.1297034857312407,3.782652617458348e-05,4.1083280850282246e-05,4.192575496914624e-05,3.7813051826164764e-05
4.9,58.0,4.8,9.85204081632653,4.8725000000000005,4.9,4.826666666666666,-0.07333333333333414,1.0493996906203635,-0.10458168627550979,0.2200033808605843,5.4365447015652174e-05,5.920046233271884e-05,6.0002074486250344e-05,5.4236629912530144e-05
4.9,59.0,4.6,9.963620230700977,4.82125,4.9,4.69,-0.20999999999999996,1.0082215260919267,-0.7477590568700059,0.051717212664988174,2.37623269488577e-05,2.6573480535353463e-05,2.7362641069830826e-05,2.3629052569758727e-05
4.9,59.0,4.7,9.905340859748154,4.8475,4.9,4.760000000000001,-0.13999999999999968,1.014456996902229,-0.4183267451020949,0.13791256710663585,3.9343127015413804e-05,4.265465896152029e-05,4.351518745699818e-05,3.930610437947087e-05
4.9,59.0,4.8,9.849489795918368,4.873749999999999,4.9,4.829999999999999,-0.07000000000000117,1.0027467034699216,-0.08889443333419503,0.22410792154828135,5.511161913570389e-05,6.004561460515385e-05,6.084415195109316e-05,5.498315618918251e-05
4.9,60.0,4.6,9.955634427684117,4.825,4.9,4.7,-0.20000000000000018,0.9915207532068634,-0.700697298046017,0.06403083472808038,2.5960311483943197e-05,2.8725851781063095e-05,2.9538618386779626e-05,2.5868631399717663e-05
4.9,60.0,4.7,9.900130264871907,4.8500000000000005,4.9,4.7666666666666675,-0.13333333333333286,0.9684199526862987,-0.3869522392194319,0.14612164848203102,4.086108745869095e-05,4.428418872857211e-05,4.508762674220573e-05,4.079915693277699e-05
4.9,60.0,4.8,9.846938775510203,4.875,4.9,4.833333333333333,-0.06666666666666732,0.956145991738102,-0.07320718039285797,0.2282124622359795,5.5862266897602545e-05,6.0889509619572154e-05,6.169107345665804e-05,5.572968246583581e-05
4.9,61.0,4.6,9.94764862466726,4.82875,4.9,4.71,-0.1900000000000004,0.9601408845797704,-0.6536355392220281,0.0763444567911726,2.8152425047822884e-05,3.0989148907505146e-05,3.175406677330988e-05,2.81082102296766e-05
4.9,61.0,4.7,9.894919669995657,4.8525,4.9,4.773333333333334,-0.12666666666666604,0.9224989845573491,-0.3555777333367801,0.1543307298574262,4.238040174213272e-05,4.591574159390355e-05,4.672562000700703e-05,4.2292209486082656e-05
4.9,61.0,4.8,9.844387755102042,4.876250000000001,4.9,4.836666666666666,-0.06333333333333435,0.9096055899483281,-0.05751992745152091,0.23231700292367652,5.660915655181368e-05,6.174023283469383e-05,6.252755301824474e-05,5.647620874248908e-05
4.9,62.0,4.6,9.9396628216504,4.8325000000000005,4.9,4.72,-0.1800000000000006,0.9162372266729808,-0.6065737803980392,0.08865807885426481,3.033116376876535e-05,3.325199707601502e-05,3.403210094483546e-05,3.0347789059635532e-05
4.9,62.0,4.7,9.88970907511941,4.855,4.9,4.78,-0.1200000000000001,0.8767123324153205,-0.3242032274541171,0.16253981123282027,4.3876562240419964e-05,4.753012187908993e-05,4.837945138233105e-05,4.378526203938874e-05
4.9,62.0,4.8,9.841836734693878,4.8775,4.9,4.84,-0.0600000000000005,0.8631352539231711,-0.041832674510195,0.23642154361137466,5.735556774227104e-05,6.257727515809368e-05,6.337017758364704e-05,5.722273501914193e-05
4.9,63.0,4.6,9.93167701863354,4.83625,4.9,4.73,-0.16999999999999993,0.872676204781894,-0.5595120215740615,0.10097170091735812,3.254745337505405e-05,3.558551740204104e-05,3.6381557561929206e-05,3.2587367889594044e-05
4.9,63.0,4.7,9.88449848024316,4.857500000000001,4.9,4.786666666666667,-0.11333333333333329,0.8310821960914856,-0.2928287215714542,0.17074889260821546,4.536549079052355e-05,4.9149932134669696e-05,5.0022958935878915e-05,4.527831459269486e-05
4.9,63.0,4.8,9.839285714285714,4.87875,4.9,4.843333333333334,-0.05666666666666664,0.8167469433160751,-0.026145421568869086,0.2405260842990728,5.809861732385699e-05,6.341651845412287e-05,6.420034949751214e-05,5.7969261295794775e-05
4.9,64.0,4.5,9.970068027210884,4.82,4.9,4.686666666666667,-0.21333333333333293,0.7963740159796734,-0.7634463098113318,0.04761267197729113,2.304122255971506e-05,2.5873355590920622e-05,2.6670876043747805e-05,2.2882526293105913e-05
4.9,64.0,4.6,9.92369121561668,4.84,4.9,4.74,-0.16000000000000014,0.8295118002747331,-0.5124502627500727,0.11328532298045033,3.480475864537909e-05,3.793320359989577e-05,3.874323056431754e-05,3.482694671955298e-05
4.9,64.0,4.7,9.879287885366914,4.86,4.9,4.793333333333334,-0.10666666666666647,0.7856358476181857,-0.26145421568880234,0.17895797398361063,4.6862256548978404e-05,5.080142983481932e-05,5.1671464791927806e-05,4.677136714600053e-05
4.9,64.0,4.8,9.83673469387755,4.88,4.9,4.846666666666667,-0.05333333333333368,0.7704554742609405,-0.010458168627543176,0.24463062498676982,5.883972863384354e-05,6.426551633518435e-05,6.503393510509393e-05,5.871578757244759e-05
4.9,65.0,4.5,9.95918367346939,4.825,4.9,4.7,-0.20000000000000018,0.7893536339621069,-0.700697298046017,0.06403083472808038,2.5960311483943197e-05,2.8725851781063095e-05,2.9538618386779626e-05,2.5868631399717663e-05
4.9,65.0,4.6,9.915705412599824,4.84375,4.9,4.75,-0.15000000000000036,0.7868092912192199,-0.4653885039260838,0.12559894504354255,3.707035121777741e-05,4.02717560573266e-05,4.111422717364276e-05,3.706652554951191e-05
4.9,65.0,4.7,9.874077290490666,4.862500000000001,4.9,4.800000000000001,-0.09999999999999964,0.7404071305819572,-0.23007970980613937,0.1871670553590058,4.837095997775941e-05,5.246538960532358e-05,5.332707299417586e-05,4.826441969930664e-05
4.9,65.0,4.8,9.834183673469388,4.8812500000000005,4.9,4.8500000000000005,-0.04999999999999982,0.7242794155383081,0.005229084313793881,0.24873516567446796,5.958557372727777e-05,6.511558403809386e-05,6.588032350452203e-05,5.946231384910089e-05
4.9,66.0,4.5,9.948299319727893,4.830000000000001,4.9,4.713333333333334,-0.18666666666666654,0.7851112730830823,-0.6379482862806911,0.08044899747887073,2.887018772137598e-05,3.1728237219196386e-05,3.249389290351898e-05,2.885473650632989e-05
4.9,66.0,4.6,9.907719609582964,4.8475,4.9,4.760000000000001,-0.13999999999999968,0.7446481452700445,-0.4183267451020949,0.13791256710663585,3.9343127015413804e-05,4.265465896152029e-05,4.351518745699818e-05,3.930610437947087e-05
4.9,66.0,4.7,9.868866695614415,4.865,4.9,4.8066666666666675,-0.09333333333333282,0.6954385080809327,-0.19870520392348753,0.19537613673440096,4.9875056969106325e-05,5.414130698649843e-05,5.498964060005107e-05,4.9757472252612305e-05
4.9,66.0,4.8,9.831632653061225,4.8825,4.9,4.853333333333334,-0.04666666666666597,0.6782423396380818,0.020916337255119793,0.2528397063621661,6.034101801305772e-05,6.596144686839895e-05,6.671030173106887e-05,6.0208840125753745e-05
4.9,67.0,4.4,9.976808905380334,4.8187500000000005,4.9,4.683333333333334,-0.21666666666666679,0.6336993002596789,-0.7791335627526577,0.043508131289593,2.2289946102839928e-05,2.5166785715574213e-05,2.5962606335630664e-05,2.2136000016453062e-05
4.9,67.0,4.5,9.937414965986394,4.835,4.9,4.726666666666667,-0.17333333333333378,0.7826212759254497,-0.5751992745153874,0.09686716022965998,3.180119360293997e-05,3.480241559678524e-05,3.559849308543127e-05,3.18408416129412e-05
4.9,67.0,4.6,9.899733806566106,4.85125,4.9,4.7700000000000005,-0.1299999999999999,0.7031257535538767,-0.371264986278106,0.15022618916972807,4.161636771285102e-05,4.509598368972142e-05,4.588929567348888e-05,4.154568320942981e-05
4.9,67.0,4.7,9.863656100738169,4.867500000000001,4.9,4.813333333333334,-0.086666666666666,0.6507838992925558,-0.16733069804082457,0.20358521810979616,5.137758558398798e-05,5.583194725817482e-05,5.6654558462171205e-05,5.125052480591842e-05
4.9,67.0,4.8,9.829081632653061,4.88375,4.9,4.856666666666667,-0.043333333333333,0.6323746012723226,0.036603590196445705,0.25694424704986313,6.109067224015409e-05,6.680948712793844e-05,6.754376793897542e-05,6.095536640240656e-05
4.9,68.0,4.4,9.962894248608535,4.825,4.9,4.7,-0.20000000000000018,0.635453606430311,-0.700697298046017,0.06403083472808038,2.5960311483943197e-05,2.8725851781063095e-05,2.9538618386779626e-05,2.5868631399717663e-05
4.9,68.0,4.5,9.926530612244898,4.84,4.9,4.74,-0.16000000000000014,0.7462131010235163,-0.5124502627500727,0.11328532298045033,3.480475864537909e-05,3.793320359989577e-05,3.874323056431754e-05,3.482694671955298e-05
4.9,68.0,4.6,9.891748003549246,4.855,4.9,4.78,-0.1200000000000001,0.6623622542979488,-0.3242032274541171,0.16253981123282027,4.3876562240419964e-05,4.753012187908993e-05,4.837945138233105e-05,4.378526203938874e-05
4.9,68.0,4.7,9.85844550586192,4.87,4.9,4.82,-0.08000000000000007,0.6065126661384549,-0.13595619215817276,0.21179429948519024,5.288474100471984e-05,5.751987307341516e-05,5.832875548435625e-05,5.274357735922406e-05
4.9,68.0,4.8,9.826530612244898,4.885,4.9,4.86,-0.040000000000000036,0.58671591672826,0.05229084313777161,0.2610487877375602,6.183738388331671e-05,6.764561184217158e-05,6.83752441572843e-05,6.170189267905937e-05
4.9,69.0,4.3,9.983863312766967,4.8175,4.9,4.680000000000001,-0.21999999999999975,0.49510241722665,-0.7948208156939948,0.03940359060189596,2.1559085871947175e-05,2.4460944003902706e-05,2.5264226889943798e-05,2.1389473739799794e-05
4.9,69.0,4.4,9.948979591836734,4.83125,4.9,4.716666666666667,-0.18333333333333357,0.6406877041526037,-0.6222610333393763,0.08455353816656777,2.9598406913191893e-05,3.248852120290935e-05,3.325562482986326e-05,2.9601262782982264e-05
4.9,69.0,4.5,9.9156462585034,4.845,4.9,4.753333333333333,-0.1466666666666674,0.7110730541220429,-0.4497012509847578,0.12970348573123958,3.782652617458345e-05,4.108328085028221e-05,4.19257549691462e-05,3.781305182616473e-05
4.9,69.0,4.6,9.883762200532386,4.858750000000001,4.9,4.79,-0.11000000000000032,0.6225067486204289,-0.27714146863012823,0.1748534332959125,4.610819688948932e-05,4.9966643127586406e-05,5.084404827190716e-05,4.6024840869347674e-05
4.9,69.0,4.7,9.853234910985671,4.8725,4.9,4.826666666666667,-0.07333333333333325,0.562715301325363,-0.10458168627552093,0.2200033808605854,5.436544701565176e-05,5.920046233271837e-05,6.000207448624987e-05,5.423662991252973e-05
4.9,70.0,4.4,9.935064935064934,4.8375,4.9,4.733333333333334,-0.16666666666666607,0.6493174478871975,-0.5438247686327244,0.10507624160505626,3.3313207888346326e-05,3.636476687349248e-05,3.716426123683248e-05,3.333389416624734e-05
4.9,70.0,4.5,9.904761904761907,4.8500000000000005,4.9,4.766666666666667,-0.13333333333333375,0.6773985163912973,-0.3869522392194319,0.14612164848202994,4.0861087458690925e-05,4.4284188728572075e-05,4.50876267422057e-05,4.079915693277696e-05
4.9,70.0,4.6,9.875776397515528,4.862500000000001,4.9,4.8,-0.10000000000000053,0.5837452473371058,-0.23007970980613937,0.1871670553590047,4.837095997775938e-05,5.246538960532355e-05,5.332707299417583e-05,4.826441969930661e-05
4.9,70.0,4.7,9.848024316109424,4.875,4.9,4.833333333333333,-0.06666666666666732,0.5195116669107394,-0.07320718039285797,0.2282124622359795,5.5862266897602545e-05,6.0889509619572154e-05,6.169107345665804e-05,5.572968246583581e-05
4.9,71.0,4.4,9.921150278293137,4.84375,4.9,4.75,-0.15000000000000036,0.6612098967502804,-0.4653885039260838,0.12559894504354255,3.707035121777741e-05,4.02717560573266e-05,4.111422717364276e-05,3.706652554951191e-05
4.9,71.0,4.5,9.893877551020408,4.855,4.9,4.78,-0.1200000000000001,0.6454189161088908,-0.3242032274541171,0.16253981123282027,4.3876562240419964e-05,4.753012187908993e-05,4.837945138233105e-05,4.378526203938874e-05
4.9,71.0,4.6,9.86779059449867,4.86625,4.9,4.8100000000000005,-0.08999999999999986,0.5463106634971565,-0.18301795098216164,0.19948067742209802,5.061841224428821e-05,5.498366407202493e-05,5.582500788774791e-05,5.0503998529265126e-05
4.9,71.0,4.7,9.842813721233176,4.8775,4.9,4.840000000000001,-0.05999999999999961,0.4770630978376127,-0.041832674510195,0.23642154361137574,5.7355567742271065e-05,6.257727515809372e-05,6.337017758364707e-05,5.7222735019141955e-05
4.9,72.0,4.4,9.907235621521336,4.8500000000000005,4.9,4.766666666666667,-0.13333333333333375,0.6761929255335738,-0.3869522392194319,0.14612164848202994,4.0861087458690925e-05,4.4284188728572075e-05,4.50876267422057e-05,4.079915693277696e-05
4.9,72.0,4.5,9.88299319727891,4.86,4.9,4.793333333333333,-0.10666666666666735,0.6153985457283627,-0.26145421568880234,0.17895797398360952,4.686225654897838e-05,5.080142983481928e-05,5.167146479192777e-05,4.6771367146000495e-05
4.9,72.0,4.6,9.85980479148181,4.87,4.9,4.82,-0.08000000000000007,0.5104949890685626,-0.13595619215817276,0.21179429948519024,5.288474100471984e-05,5.751987307341516e-05,5.832875548435625e-05,5.274357735922406e-05
4.9,72.0,4.7,9.837603126356926,4.88,4.9,4.846666666666667,-0.05333333333333368,0.4355903949030879,-0.010458168627543176,0.24463062498676982,5.883972863384354e-05,6.426551633518435e-05,6.503393510509393e-05,5.871578757244759e-05
4.9,73.0,4.4,9.893320964749536,4.85625,4.9,4.783333333333333,-0.11666666666666714,0.6940664111410043,-0.3085159745127912,0.16664435192051733,4.461961784090271e-05,4.833669213627419e-05,4.9198847233736806e-05,4.453178831604156e-05
4.9,73.0,4.5,9.872108843537415,4.865,4.9,4.806666666666667,-0.09333333333333371,0.5876377527434363,-0.19870520392348753,0.19537613673439988,4.987505696910629e-05,5.41413069864984e-05,5.498964060005103e-05,4.975747225261228e-05
4.9,73.0,4.6,9.851818988464952,4.873749999999999,4.9,4.83,-0.07000000000000028,0.47666329020481946,-0.08889443333419503,0.22410792154828243,5.5111619135703916e-05,6.0045614605153885e-05,6.0844151951093197e-05,5.4983156189182544e-05
4.9,73.0,4.7,9.832392531480677,4.8825,4.9,4.853333333333334,-0.04666666666666597,0.39540074670718584,0.020916337255119793,0.2528397063621661,6.034101801305772e-05,6.596144686839895e-05,6.671030173106887e-05,6.0208840125753745e-05
4.9,74.0,4.5,9.861224489795918,4.870000000000001,4.9,4.82,-0.08000000000000007,0.5624712013654493,-0.1359561921581616,0.21179429948519024,5.288474100472029e-05,5.751987307341565e-05,5.832875548435675e-05,5.274357735922451e-05
4.9,74.0,4.6,9.84383318544809,4.8775,4.9,4.84,-0.0600000000000005,0.44526802731054,-0.041832674510195,0.23642154361137466,5.735556774227104e-05,6.257727515809368e-05,6.337017758364704e-05,5.722273501914193e-05
4.9,74.0,4.7,9.827181936604429,4.885,4.9,4.86,-0.040000000000000036,0.35692782801672385,0.05229084313777161,0.2610487877375602,6.183738388331671e-05,6.764561184217158e-05,6.83752441572843e-05,6.170189267905937e-05
5.0,28.0,4.9,9.72734693877551,4.9350000000000005,4.9559999999999995,4.9,-0.05599999999999916,1.1150503265837302,0.6797809607909417,0.24134699243661328,8.647895385994248e-05,9.571170834971677e-05,9.634015885346797e-05,8.637238096678724e-05
5.0,29.0,4.9,9.724897959183673,4.936249999999999,4.958,4.9,-0.05799999999999983,1.1338608395885443,0.6954682137322565,0.23888426802399398,8.703599558136282e-05,9.635803681526677e-05,9.700150629322974e-05,8.693353000135422e-05
5.0,30.0,4.9,9.722448979591837,4.9375,4.96,4.9,-0.05999999999999961,1.1542948244888553,0.7111554666735936,0.23642154361137574,8.759240125579501e-05,9.699785953508038e-05,9.764084621256503e-05,8.749467903592212e-05
5.0,31.0,4.9,9.72,4.938750000000001,4.962,4.9,-0.06199999999999939,1.1762676760340056,0.7268427196149306,0.23395881919875752,8.815755830097796e-05,9.763405260763875e-05,9.82911423542841e-05,8.805582807049002e-05
5.0,32.0,4.8,9.84,4.88,4.928,4.8,-0.1280000000000001,1.149416146943314,-0.010458168627543176,0.1526889135823463,5.627445843211789e-05,6.128276261951683e-05,6.201588139543458e-05,5.612050618325221e-05
5.0,32.0,4.9,9.717551020408164,4.94,4.964,4.9,-0.06400000000000006,1.1996948424805731,0.7425299725562566,0.2314960947861382,8.871456085769041e-05,9.826225173136536e-05,9.893458728532572e-05,8.861697710505745e-05
5.0,33.0,4.8,9.835,4.8825,4.932,4.8,-0.13200000000000056,1.1752755054868727,0.020916337255119793,0.14776346475710875,5.7405026935610253e-05,6.253296035621804e-05,6.329882480570348e-05,5.724280425238754e-05
5.0,33.0,4.9,9.715102040816326,4.94125,4.966,4.9,-0.06599999999999984,1.2244928542126725,0.7582172254975825,0.22903337037351998,8.926599702736152e-05,9.889395128323493e-05,9.95964906019682e-05,8.91781261396249e-05
5.0,34.0,4.8,9.83,4.885,4.936,4.8,-0.13600000000000012,1.2024310850490343,0.05229084313777161,0.14283801593187231,5.852261747532621e-05,6.379185449200256e-05,6.453121850947865e-05,5.836510232152245e-05
5.0,34.0,4.9,9.712653061224492,4.942500000000001,4.968,4.9,-0.06799999999999962,1.2505801655682338,0.7739044784389195,0.22657064596090176,8.982513338285796e-05,9.954328962113337e-05,0.00010025288788506455,8.97392751741928e-05
5.0,35.0,4.8,9.825000000000001,4.8875,4.94,4.8,-0.14000000000000057,1.2013206752010244,0.08366534902043458,0.13791256710663477,5.964573095791658e-05,6.507228248852186e-05,6.577714779812736e-05,5.948740039065777e-05
5.0,35.0,4.9,9.710204081632654,4.9437500000000005,4.970000000000001,4.9,-0.07000000000000028,1.2778778175392234,0.7895917313802455,0.22410792154828243,9.039338005245271e-05,0.00010018622438545688,0.00010092641601822118,9.030042420876021e-05
5.0,36.0,4.7,9.937021276595745,4.835,4.916,4.7,-0.2160000000000002,1.108307925033884,-0.5751992745153874,0.044329039427132406,3.0350103905775967e-05,3.3151362789971385e-05,3.3863186225285874e-05,3.0357823676258127e-05
5.0,36.0,4.8,9.82,4.89,4.944,4.8,-0.14400000000000013,1.2003936362251189,0.11503985490308641,0.1329871182813983,6.0765556631760526e-05,6.634275566118756e-05,6.704014581620168e-05,6.060969845979268e-05
5.0,36.0,4.9,9.707755102040817,4.945,4.9719999999999995,4.9,-0.07199999999999918,1.3041424008039935,0.8052789843215714,0.2216451971356653,9.094691015449331e-05,0.00010081693508766921,0.00010159741723211692,9.086157324332771e-05
5.0,37.0,4.7,9.92936170212766,4.83875,4.922000000000001,4.7,-0.22200000000000042,1.1093119216291671,-0.5281375156913986,0.03694086618927664,3.20359120004405e-05,3.485146934390461e-05,3.5582679349172775e-05,3.20412707799609e-05
5.0,37.0,4.8,9.815000000000001,4.8925,4.948,4.8,-0.14800000000000058,1.2013206752010244,0.14641436078574938,0.12806166945616076,6.190305080923018e-05,6.761421055459914e-05,6.831964023764253e-05,6.1731996528928e-05
5.0,37.0,4.9,9.705306122448981,4.94625,4.974,4.9,-0.07399999999999984,1.304995741123505,0.8209662372628973,0.219182472723046,9.150528296086585e-05,0.00010145886118926014,0.00010226145192751611,9.142272227789513e-05
5.0,38.0,4.7,9.921702127659575,4.8425,4.928,4.7,-0.22799999999999976,1.1123184740871839,-0.48107575686740967,0.029552692951421967,3.373994103027996e-05,3.6587381748690304e-05,3.731147633487263e-05,3.372471788366371e-05
5.0,38.0,4.8,9.81,4.895,4.952,4.8,-0.15200000000000014,1.2040975097526325,0.17778886666840119,0.12313622063092432,6.303477855073435e-05,6.889252977402602e-05,6.959237920080682e-05,6.285429459806291e-05
5.0,38.0,4.9,9.702857142857141,4.9475,4.976,4.9,-0.07599999999999962,1.3075524206231777,0.8366534902042232,0.21671974831042776,9.206114587288438e-05,0.00010209499960331869,0.0001029181615480574,9.19838713124626e-05
5.0,39.0,4.7,9.91404255319149,4.84625,4.934,4.7,-0.23399999999999999,1.1173114166041849,-0.4340139980434208,0.022164519713566203,3.542267615843298e-05,3.8308744177145376e-05,3.9074275775276956e-05,3.540816498736649e-05
5.0,39.0,4.8,9.805000000000001,4.8975,4.956,4.8,-0.15600000000000058,1.2087113910569802,0.20916337255106415,0.11821077180568677,6.41456853759861e-05,7.016888789802272e-05,7.086458669023049e-05,6.397659266719824e-05
5.0,39.0,4.9,9.700408163265307,4.94875,4.978,4.9,-0.0779999999999994,1.3118024800083055,0.8523407431455603,0.21425702389780954,9.262569886857913e-05,0.00010271506396040398,0.0001035714961007257,9.254502034703049e-05
5.0,40.0,4.7,9.906382978723403,4.85,4.9399999999999995,4.7,-0.23999999999999932,1.1242642843672583,-0.38695223921944305,0.014776346475711532,3.714573206243957e-05,4.007154824749918e-05,4.082218884299263e-05,3.709161209106886e-05
5.0,40.0,4.8,9.8,4.8999999999999995,4.96,4.8,-0.16000000000000014,1.2151413935426087,0.240537878433716,0.11328532298045033,6.525984349587729e-05,7.14410201837554e-05,7.214577019029477e-05,6.509889073633314e-05
5.0,41.0,4.7,9.89872340425532,4.85375,4.946,4.7,-0.24599999999999955,1.1331410000899975,-0.33989048039545416,0.007388173237855766,3.885391408843678e-05,4.186197650900705e-05,4.2615655273200614e-05,3.877505919477164e-05
5.0,41.0,4.8,9.795,4.9025,4.9639999999999995,4.8,-0.1639999999999997,1.2233588808202642,0.27191238431637893,0.10835987415521388,6.638068007622675e-05,7.271390034184639e-05,7.341428192116492e-05,6.62211888054685e-05
5.0,42.0,4.7,9.891063829787234,4.8575,4.952,4.7,-0.2519999999999998,1.1438967770815076,-0.2928287215714653,0.0,4.055980444099914e-05,4.367708549152691e-05,4.4437709867883295e-05,4.0458506298474416e-05
5.0,42.0,4.8,9.790000000000001,4.905,4.968,4.8,-0.16800000000000015,1.2333281241479537,0.3032868901990419,0.10343442532997635,6.74964884163e-05,7.4002985690468e-05,7.469697238006474e-05,6.734348687460382e-05
5.0,43.0,4.7,9.88340425531915,4.86125,4.958,4.7,-0.258,1.1564791881833951,-0.24576696274747642,-0.007388173237855766,4.226550592323387e-05,4.5486649367834554e-05,4.6254283108973034e-05,4.2141953402177195e-05
5.0,43.0,4.8,9.785000000000002,4.9075,4.9719999999999995,4.8,-0.1719999999999997,1.2450070433126772,0.33466139608169376,0.0985089765047399,6.861925065628207e-05,7.528260419527411e-05,7.597923522799291e-05,6.846578494373874e-05
5.0,44.0,4.7,9.875744680851064,4.865,4.964,4.7,-0.26400000000000023,1.1708293446683649,-0.19870520392348753,-0.014776346475711532,4.3969660287843206e-05,4.735047614111363e-05,4.8123953078252116e-05,4.382540050587997e-05
5.0,44.0,4.8,9.780000000000001,4.91,4.976,4.8,-0.17600000000000016,1.2583480359317936,0.3660359019643567,0.09358352767950236,6.974202070815203e-05,7.656998743518447e-05,7.724678598479782e-05,6.958808301287405e-05
5.0,45.0,4.6,9.96521739130435,4.825,4.96,4.6,-0.3600000000000003,1.1150503265837293,-0.700697298046017,-0.1329871182813994,2.0531664205425575e-05,2.307369743406163e-05,2.3774498310804553e-05,2.0307314137156114e-05
5.0,45.0,4.7,9.86808510638298,4.86875,4.97,4.7,-0.2699999999999996,1.1868831288392063,-0.15164344509949867,-0.022164519713566203,4.566117776072662e-05,4.921064011136912e-05,4.9986477819839283e-05,4.550884760958278e-05
5.0,45.0,4.8,9.774999999999999,4.9125,4.9799999999999995,4.8,-0.17999999999999972,1.273298859938229,0.39741040784700854,0.08865807885426591,7.085459348771849e-05,7.7821831177286e-05,7.852011704469378e-05,7.071038108200897e-05
5.0,46.0,4.6,9.954782608695654,4.83,4.968,4.6,-0.3680000000000003,1.097946730778816,-0.6379482862807022,-0.1428380159318734,2.2747454155993734e-05,2.508621830108354e-05,2.5780166567371784e-05,2.2551910275426347e-05
5.0,46.0,4.7,9.860425531914895,4.8725000000000005,4.976,4.7,-0.2759999999999998,1.2045724279847598,-0.10458168627550979,-0.029552692951421967,4.7356700275420515e-05,5.109025763111145e-05,5.184469438960948e-05,4.719229471328556e-05
5.0,46.0,4.8,9.77,4.915,4.984,4.8,-0.18400000000000016,1.2898035352168753,0.4287849137296715,0.08373263002902837,7.19723013580237e-05,7.912147084336144e-05,7.978008569481737e-05,7.183267915114428e-05
5.0,47.0,4.6,9.944347826086958,4.835,4.975999999999999,4.6,-0.37599999999999945,1.0826309537384666,-0.5751992745153874,-0.1526889135823463,2.4952363690896017e-05,2.7205923865392108e-05,2.790841531567944e-05,2.479650641369661e-05
5.0,47.0,4.7,9.85276595744681,4.87625,4.981999999999999,4.7,-0.28199999999999914,1.2162139598631037,-0.05751992745153205,-0.03694086618927664,4.904668677117303e-05,5.298401956466275e-05,5.3754576251382367e-05,4.8875741816987925e-05
5.0,47.0,4.8,9.765,4.9174999999999995,4.9879999999999995,4.8,-0.18799999999999972,1.3078032335742515,0.4601594196123233,0.07880718120379192,7.308543268750076e-05,8.041218812268456e-05,8.107849258179771e-05,7.295497722027919e-05
5.0,48.0,4.6,9.933913043478261,4.84,4.984,4.6,-0.38400000000000034,1.0691798286110703,-0.5124502627500727,-0.16253981123282138,2.7161483717561794e-05,2.9393573620522685e-05,3.0044591519161092e-05,2.704110255196681e-05
5.0,48.0,4.7,9.845106382978724,4.88,4.9879999999999995,4.7,-0.28799999999999937,1.2042558366402163,-0.010458168627543176,-0.044329039427132406,5.075079082773641e-05,5.4886720327043025e-05,5.565012771877863e-05,5.05591889206907e-05
5.0,48.0,4.8,9.760000000000002,4.92,4.992,4.8,-0.19200000000000017,1.3272371308805186,0.4915339254949863,0.07388173237855437,7.420632560602093e-05,8.169484155938378e-05,8.236501931301115e-05,7.407727528941453e-05
5.0,49.0,4.6,9.923478260869567,4.845,4.992,4.6,-0.39200000000000035,1.0576645003857779,-0.4497012509847578,-0.17239070888329536,2.9378346411878087e-05,3.165296586907712e-05,3.2288364647596474e-05,2.928569869023705e-05
5.0,49.0,4.7,9.83744680851064,4.88375,4.994000000000001,4.7,-0.2940000000000005,1.194043889289471,0.036603590196445705,-0.051717212664989264,5.242891953835855e-05,5.679674088792753e-05,5.755923091768625e-05,5.224263602439344e-05
5.0,49.0,4.8,9.755,4.9225,4.996,4.8,-0.19600000000000062,1.334193208726136,0.5229084313776493,0.06895628355331683,7.531911411709891e-05,8.297481395688229e-05,8.36707109292465e-05,7.519957335854984e-05
5.0,50.0,4.6,9.913043478260871,4.85,5.0,4.6,-0.40000000000000036,1.0481487730256427,-0.38695223921944305,-0.18224160653376936,3.1606756213065036e-05,3.392073102846885e-05,3.456166946440017e-05,3.1530294828507275e-05
5.0,50.0,4.7,9.829787234042554,4.8875,5.0,4.7,-0.2999999999999998,1.1856232388783503,0.08366534902043458,-0.059105385902843935,5.410718422715987e-05,5.870915088605304e-05,5.947868741120781e-05,5.3926083128096256e-05
5.0,50.0,4.8,9.750000000000002,4.925,5.0,4.8,-0.20000000000000018,1.3266624187146503,0.5542829372603011,0.06403083472808038,7.64348859940115e-05,8.426720774099416e-05,8.497084851057235e-05,7.632187142768475e-05
5.0,51.0,4.6,9.902608695652175,4.8549999999999995,5.0,4.613333333333333,-0.3866666666666667,1.0406874991876223,-0.3242032274541283,-0.165823443782979,3.4603330694951166e-05,3.711147255177388e-05,3.772545028450504e-05,3.451639993511906e-05
5.0,51.0,4.7,9.82212765957447,4.89125,5.0,4.71,-0.29000000000000004,1.179032266368744,0.13072710784442346,-0.04679176383975173,5.6334028444563524e-05,6.125751815060693e-05,6.202401731977763e-05,5.616566195805519e-05
5.0,51.0,4.8,9.745000000000001,4.9275,5.0,4.806666666666667,-0.19333333333333336,1.3207754516949628,0.5856574431429641,0.07223991610347556,7.792073198470394e-05,8.597585742041908e-05,8.669178587425359e-05,7.781492398099088e-05
5.0,52.0,4.6,9.892173913043479,4.859999999999999,5.0,4.626666666666666,-0.37333333333333396,1.0353250972940713,-0.2614542156888135,-0.14940528103218975,3.7599838696434795e-05,4.031740170647513e-05,4.0973658339213834e-05,3.750250504173081e-05
5.0,52.0,4.7,9.814468085106384,4.8950000000000005,5.0,4.720000000000001,-0.27999999999999936,1.1743017803189295,0.17778886666841234,-0.034478141776658415,5.8564590386924824e-05,6.382041919118058e-05,6.457041604800078e-05,5.8405240788014155e-05
5.0,52.0,4.8,9.740000000000002,4.93,5.0,4.8133333333333335,-0.18666666666666654,1.3165543588935564,0.6170319490256159,0.08044899747887073,7.94198926383708e-05,8.76640124683895e-05,8.838086044278495e-05,7.930797653429653e-05
5.0,53.0,4.5,9.96,4.83125,5.0,4.55,-0.4500000000000002,0.8974274840202378,-0.6222610333393763,-0.2438097168492315,2.0598483498790153e-05,2.2915283592996224e-05,2.3563568985786676e-05,2.033240067871303e-05
5.0,53.0,4.6,9.881739130434784,4.865,5.0,4.64,-0.3600000000000003,1.0320942828830768,-0.19870520392348753,-0.1329871182813994,4.062009954093767e-05,4.3574269806213666e-05,4.430058940737941e-05,4.048861014834304e-05
5.0,53.0,4.7,9.806808510638298,4.898750000000001,5.0,4.73,-0.2699999999999996,1.1714543196101,0.22485062549240123,-0.022164519713566203,6.080892304497983e-05,6.637240359348043e-05,6.711408382613388e-05,6.064481961797309e-05
5.0,53.0,4.8,9.735,4.9325,5.0,4.82,-0.17999999999999972,1.310570155485182,0.6484064549082789,0.08865807885426591,8.090270595901185e-05,8.93525500444988e-05,9.011148732076113e-05,8.080102908760266e-05
5.0,54.0,4.5,9.946666666666669,4.8374999999999995,5.0,4.566666666666666,-0.43333333333333357,0.8961861448935775,-0.5438247686327357,-0.22328701341074414,2.4244953589536216e-05,2.639026955765626e-05,2.7035552791418788e-05,2.4065032061977626e-05
5.0,54.0,4.6,9.871304347826088,4.869999999999999,5.0,4.653333333333333,-0.3466666666666667,1.0310150949352053,-0.13595619215818391,-0.11656895553060906,4.363962553655275e-05,4.689257659370428e-05,4.76661531842982e-05,4.3474715254954376e-05
5.0,54.0,4.7,9.799148936170214,4.902500000000001,5.0,4.74,-0.2599999999999998,1.1705036267169273,0.2719123843163901,-0.00985089765047399,6.305451397644614e-05,6.89308231213619e-05,6.965511349752153e-05,6.288439844793203e-05
5.0,54.0,4.8,9.73,4.9350000000000005,5.0,4.826666666666666,-0.17333333333333378,1.264749202544645,0.6797809607909417,0.09686716022965998,8.239054523085458e-05,9.106663173270384e-05,9.183744799212866e-05,8.229408164090874e-05
5.0,55.0,4.5,9.933333333333334,4.84375,5.0,4.583333333333333,-0.41666666666666696,0.8974274840202378,-0.4653885039260838,-0.20276430997225675,2.792562702188188e-05,3.009543635986948e-05,3.071569097331055e-05,2.7797663445242678e-05
5.0,55.0,4.6,9.860869565217392,4.875,5.0,4.666666666666666,-0.3333333333333339,1.0320942828830768,-0.07320718039285797,-0.10015079277981981,4.664520838994268e-05,5.0246175616715336e-05,5.101227548157291e-05,4.646082036156657e-05
5.0,55.0,4.7,9.791489361702128,4.906249999999999,5.0,4.75,-0.25,1.1714543196101,0.31897414314035666,0.0024627244126182238,6.527339678151216e-05,7.146236608320268e-05,7.21920738272847e-05,6.512397727789005e-05
5.0,55.0,4.8,9.725000000000001,4.9375,5.0,4.833333333333333,-0.16666666666666696,1.2190323719153404,0.7111554666735936,0.10507624160505516,8.388203727128349e-05,9.276984628640224e-05,9.357556660438294e-05,8.37871341942144e-05
5.0,56.0,4.5,9.92,4.8500000000000005,5.0,4.6000000000000005,-0.39999999999999947,0.9011412416496871,-0.3869522392194319,-0.18224160653376825,3.1606756213065564e-05,3.39207310284694e-05,3.456166946440073e-05,3.1530294828507756e-05
5.0,56.0,4.6,9.850434782608698,4.88,5.0,4.68,-0.3200000000000003,1.0353250972940713,-0.010458168627543176,-0.08373263002902946,4.963497517410135e-05,5.361569459047356e-05,5.438737595838324e-05,4.944692546817836e-05
5.0,56.0,4.7,9.783829787234042,4.909999999999999,5.0,4.76,-0.2400000000000002,1.1743017803189295,0.36603590196434554,0.014776346475710437,6.751291201868118e-05,7.402774154981526e-05,7.471753550727947e-05,6.736355610784899e-05
5.0,56.0,4.8,9.720000000000002,4.9399999999999995,5.0,4.84,-0.16000000000000014,1.1734318334565197,0.7425299725562454,0.11328532298045033,8.536884680031108e-05,9.446116480345307e-05,9.531576098608737e-05,8.528018674752007e-05
5.0,57.0,4.5,9.906666666666668,4.856249999999999,5.0,4.616666666666667,-0.38333333333333286,0.9017757252613025,-0.3085159745128024,-0.16171890309528086,3.5346106815774186e-05,3.7912010628355217e-05,3.853851515376039e-05,3.526292621177191e-05
5.0,57.0,4.6,9.84,4.885,5.0,4.6933333333333325,-0.30666666666666753,1.0358773954264984,0.05229084313777161,-0.0673144672782402,5.26042255099748e-05,5.7014763309159206e-05,5.7788606587493054e-05,5.2433030574790113e-05
5.0,57.0,4.7,9.776170212765958,4.913749999999999,5.0,4.77,-0.23000000000000043,1.138384655797932,0.41309766078833443,0.02708996853880265,6.974073140426472e-05,7.659202436459914e-05,7.728452980109148e-05,6.960313493780792e-05
5.0,58.0,4.4,9.96,4.835,5.0,4.5600000000000005,-0.4399999999999995,0.7471933221969687,-0.5751992745153874,-0.2314960947861382,2.2773023657081245e-05,2.496917349490691e-05,2.5624231760948236e-05,2.2571979508671992e-05
5.0,58.0,4.5,9.893333333333333,4.862500000000001,5.0,4.633333333333333,-0.36666666666666714,0.8780069965168801,-0.23007970980613937,-0.14119619965679459,3.90991357681355e-05,4.195780665211573e-05,4.2642141513098646e-05,3.899555759503737e-05
5.0,58.0,4.6,9.829565217391306,4.89,5.0,4.706666666666666,-0.2933333333333339,1.0152530746654407,0.11503985490308641,-0.05089630452744986,5.5596605644491977e-05,6.0400815951361535e-05,6.117802160356185e-05,5.541913568140189e-05
5.0,58.0,4.7,9.768510638297872,4.9174999999999995,5.0,4.78,-0.21999999999999975,1.09349343832073,0.4601594196123233,0.03940359060189596,7.197126758633591e-05,7.914752052033966e-05,7.983166333223447e-05,7.184271376776689e-05
5.0,59.0,4.4,9.943636363636363,4.8425,5.0,4.58,-0.41999999999999993,0.7214205802090424,-0.48107575686740967,-0.20686885065995378,2.7179980019309945e-05,2.9341493169012364e-05,2.9971139368313624e-05,2.7051137168589857e-05
5.0,59.0,4.5,9.88,4.8687499999999995,5.0,4.6499999999999995,-0.35000000000000053,0.8561811016052627,-0.1516434450995098,-0.1206734962183072,4.2889509329932995e-05,4.605666896975678e-05,4.681785830957597e-05,4.272818897830153e-05
5.0,59.0,4.6,9.81913043478261,4.895,5.0,4.72,-0.28000000000000025,0.9964379551337049,0.17778886666840119,-0.03447814177665951,5.856459038692436e-05,6.382041919118004e-05,6.457041604800025e-05,5.840524078801368e-05
5.0,59.0,4.7,9.760851063829787,4.92125,5.0,4.79,-0.20999999999999996,1.0488036709967088,0.5072211784363122,0.051717212664988174,7.420254051387597e-05,8.169972500312994e-05,8.240172868134962e-05,7.408229259772582e-05
5.0,60.0,4.4,9.927272727272728,4.8500000000000005,5.0,4.6000000000000005,-0.39999999999999947,0.6978899712088744,-0.3869522392194319,-0.18224160653376825,3.1606756213065564e-05,3.39207310284694e-05,3.456166946440073e-05,3.1530294828507756e-05
5.0,60.0,4.5,9.866666666666667,4.875,5.0,4.666666666666667,-0.33333333333333304,0.8364501402419472,-0.07320718039285797,-0.10015079277981871,4.664520838994271e-05,5.024617561671537e-05,5.101227548157294e-05,4.646082036156661e-05
5.0,60.0,4.6,9.808695652173915,4.9,5.0,4.733333333333333,-0.2666666666666666,0.9795362968240694,0.24053787843372712,-0.01805997902586916,6.156088820984226e-05,6.722436663202935e-05,6.79696150461783e-05,6.13913458946259e-05
5.0,60.0,4.7,9.753191489361702,4.925,5.0,4.800000000000001,-0.1999999999999993,1.0043422456977582,0.5542829372603011,0.06403083472808148,7.643488599401152e-05,8.426720774099419e-05,8.497084851057239e-05,7.632187142768479e-05
5.0,61.0,4.3,9.971162790697674,4.833749999999999,5.0,4.556666666666666,-0.44333333333333425,0.5410654351567812,-0.5908865274567244,-0.23560063547383744,2.204197307678678e-05,2.427031633301283e-05,2.492402639741599e-05,2.1825453232018666e-05
5.0,61.0,4.4,9.91090909090909,4.8575,5.0,4.62,-0.3799999999999999,0.6768353831102947,-0.2928287215714653,-0.15761436240758384,3.60895973072693e-05,3.8729453902382824e-05,3.936481845828201e-05,3.6009452488425174e-05
5.0,61.0,4.5,9.853333333333335,4.88125,5.0,4.683333333333334,-0.31666666666666643,0.8189655432476443,0.005229084313782734,-0.07962808934133132,5.0381246206460226e-05,5.446751772547056e-05,5.524159000964261e-05,5.019345174483121e-05
5.0,61.0,4.6,9.798260869565217,4.904999999999999,5.0,4.746666666666666,-0.25333333333333385,0.9646486825326344,0.30328689019903077,-0.0016418162750799097,6.4524407000056e-05,7.061983144388455e-05,7.13527710234876e-05,6.437745100123721e-05
5.0,61.0,4.7,9.745531914893617,4.92875,5.0,4.8100000000000005,-0.1899999999999995,0.9601408845797702,0.60134469608429,0.07634445679117369,7.867716696525992e-05,8.682099760311775e-05,8.753683709928438e-05,7.856145025764372e-05
5.0,62.0,4.3,9.951627906976745,4.8425,5.0,4.58,-0.41999999999999993,0.5179386977132492,-0.48107575686740967,-0.20686885065995378,2.7179980019309945e-05,2.9341493169012364e-05,2.9971139368313624e-05,2.7051137168589857e-05
5.0,62.0,4.4,9.894545454545455,4.865,5.0,4.640000000000001,-0.35999999999999943,0.6584943623885925,-0.19870520392348753,-0.1329871182813983,4.0620099540937695e-05,4.357426980621371e-05,4.430058940737944e-05,4.0488610148343073e-05
5.0,62.0,4.5,9.84,4.8875,5.0,4.7,-0.2999999999999998,0.8038739021105291,0.08366534902043458,-0.059105385902843935,5.410718422715987e-05,5.870915088605304e-05,5.947868741120781e-05,5.3926083128096256e-05
5.0,62.0,4.6,9.787826086956523,4.91,5.0,4.76,-0.2400000000000002,0.9518696182668331,0.3660359019643567,0.014776346475710437,6.751291201868162e-05,7.402774154981576e-05,7.471753550728e-05,6.736355610784944e-05
5.0,62.0,4.7,9.737872340425533,4.9325,5.0,4.82,-0.17999999999999972,0.9162372266729807,0.6484064549082789,0.08865807885426591,8.090270595901185e-05,8.93525500444988e-05,9.011148732076113e-05,8.080102908760266e-05
5.0,63.0,4.3,9.932093023255815,4.85125,5.0,4.6033333333333335,-0.3966666666666665,0.49821897756685246,-0.371264986278106,-0.17813706584607122,3.2344837663520566e-05,3.470452782943725e-05,3.5344277380917876e-05,3.227682110516057e-05
5.0,63.0,4.4,9.878181818181819,4.8725,5.0,4.66,-0.33999999999999986,0.6430991216884238,-0.10458168627552093,-0.10835987415521388,4.51491538529577e-05,4.856616945702041e-05,4.933090855405794e-05,4.496776780826049e-05
5.0,63.0,4.5,9.826666666666668,4.89375,5.0,4.716666666666666,-0.2833333333333341,0.7913121416440366,0.1621016137270753,-0.03858268246435764,5.782936633456269e-05,6.29715274299906e-05,6.372011721871305e-05,5.7658714511360826e-05
5.0,63.0,4.6,9.777391304347827,4.915,5.0,4.773333333333333,-0.22666666666666657,0.9123759642410653,0.4287849137296715,0.031194509226500786,7.04846733216308e-05,7.744397350288224e-05,7.81234838995843e-05,7.034966121446121e-05
5.0,63.0,4.7,9.730212765957447,4.93625,5.0,4.83,-0.16999999999999993,0.8726762047818938,0.6954682137322677,0.10097170091735812,8.314465023555837e-05,9.191920610169955e-05,9.270404564623347e-05,8.304060791756159e-05
5.0,64.0,4.2,9.965714285714286,4.84,5.0,4.573333333333334,-0.42666666666666586,0.33841769155514734,-0.5124502627500727,-0.21507793203534786,2.5703334346151013e-05,2.7853061887744216e-05,2.8486017265501543e-05,2.5558084615283775e-05
5.0,64.0,4.3,9.912558139534884,4.86,5.0,4.626666666666666,-0.37333333333333396,0.4823243412663172,-0.26145421568880234,-0.14940528103218975,3.7599838696435235e-05,4.0317401706475586e-05,4.097365833921434e-05,3.750250504173126e-05
5.0,64.0,4.4,9.861818181818183,4.88,5.0,4.680000000000001,-0.3199999999999994,0.6308653587625882,-0.010458168627543176,-0.08373263002902837,4.963497517410138e-05,5.36156945904736e-05,5.4387375958383274e-05,4.9446925468178384e-05
5.0,64.0,4.5,9.813333333333334,4.9,5.0,4.733333333333334,-0.2666666666666657,0.7814022818519912,0.24053787843372712,-0.01805997902586807,6.156088820984229e-05,6.722436663202939e-05,6.796961504617833e-05,6.139134589462594e-05
5.0,64.0,4.6,9.766956521739132,4.92,5.0,4.786666666666666,-0.21333333333333382,0.8711807898061759,0.4915339254949863,0.047612671977290036,7.345643476369291e-05,8.084565265882777e-05,8.153768468604877e-05,7.333576632107298e-05
5.0,64.0,4.7,9.72255319148936,4.94,5.0,4.840000000000001,-0.15999999999999925,0.829511800274733,0.7425299725562566,0.11328532298045142,8.536884680031157e-05,9.446116480345361e-05,9.531576098608792e-05,8.528018674752056e-05
5.0,65.0,4.1,9.995121951219513,4.83125,5.0,4.55,-0.4500000000000002,0.18035514505226002,-0.6222610333393763,-0.2438097168492315,2.0598483498790153e-05,2.2915283592996224e-05,2.3563568985786676e-05,2.033240067871303e-05
5.0,65.0,4.2,9.942857142857143,4.85,5.0,4.6000000000000005,-0.39999999999999947,0.3215495608442119,-0.38695223921944305,-0.18224160653376825,3.1606756213065076e-05,3.3920731028468886e-05,3.456166946440021e-05,3.153029482850731e-05
5.0,65.0,4.3,9.893023255813954,4.8687499999999995,5.0,4.6499999999999995,-0.35000000000000053,0.47064249308745754,-0.1516434450995098,-0.1206734962183072,4.2889509329932995e-05,4.605666896975678e-05,4.681785830957597e-05,4.272818897830153e-05
5.0,65.0,4.4,9.845454545454546,4.8875,5.0,4.7,-0.2999999999999998,0.6219796516030407,0.08366534902043458,-0.059105385902843935,5.410718422715987e-05,5.870915088605304e-05,5.947868741120781e-05,5.3926083128096256e-05
5.0,65.0,4.5,9.8,4.906249999999999,5.0,4.75,-0.25,0.774246157371859,0.31897414314035666,0.0024627244126182238,6.527339678151216e-05,7.146236608320268e-05,7.21920738272847e-05,6.512397727789005e-05
5.0,65.0,4.6,9.756521739130436,4.925,5.0,4.8,-0.20000000000000018,0.8306232614616417,0.5542829372603011,0.06403083472808038,7.64348859940115e-05,8.426720774099416e-05,8.497084851057235e-05,7.632187142768475e-05
5.0,65.0,4.7,9.714893617021277,4.94375,5.0,4.8500000000000005,-0.14999999999999947,0.7868092912192197,0.7895917313802343,0.12559894504354363,8.760641015834983e-05,9.700045830403616e-05,9.788788841726772e-05,8.751976557747904e-05
5.0,66.0,4.1,9.968780487804878,4.8425,5.0,4.58,-0.41999999999999993,0.16077478042210533,-0.48107575686740967,-0.20686885065995378,2.7179980019309945e-05,2.9341493169012364e-05,2.9971139368313624e-05,2.7051137168589857e-05
5.0,66.0,4.2,9.92,4.86,5.0,4.626666666666667,-0.3733333333333331,0.31098982580152035,-0.26145421568880234,-0.14940528103218867,3.7599838696435276e-05,4.031740170647561e-05,4.0973658339214377e-05,3.750250504173129e-05
5.0,66.0,4.3,9.873488372093025,4.8774999999999995,5.0,4.673333333333333,-0.3266666666666671,0.4634920797300984,-0.04183267451020614,-0.09194171140442463,4.8142822295192164e-05,5.193856951027098e-05,5.2692163144766336e-05,4.795387291487224e-05
5.0,66.0,4.4,9.82909090909091,4.8950000000000005,5.0,4.720000000000001,-0.27999999999999936,0.6165867649254193,0.17778886666841234,-0.034478141776658415,5.8564590386924824e-05,6.382041919118058e-05,6.457041604800078e-05,5.8405240788014155e-05
5.0,66.0,4.5,9.786666666666667,4.9125000000000005,5.0,4.766666666666667,-0.2333333333333334,0.769920556861579,0.3974104078470197,0.022985427851105612,6.899741387861281e-05,7.574186824411268e-05,7.642667770476755e-05,6.885660866115555e-05
5.0,66.0,4.6,9.746086956521738,4.930000000000001,5.0,4.8133333333333335,-0.18666666666666654,0.7908014934143718,0.617031949025627,0.08044899747887073,7.941989263837127e-05,8.766401246839003e-05,8.838086044278548e-05,7.930797653429698e-05
5.0,67.0,4.0,9.99,4.8374999999999995,5.0,4.566666666666666,-0.43333333333333357,0.0,-0.5438247686327357,-0.22328701341074414,2.4244953589536216e-05,2.639026955765626e-05,2.7035552791418788e-05,2.4065032061977626e-05
5.0,67.0,4.1,9.942439024390245,4.85375,5.0,4.609999999999999,-0.39000000000000057,0.15369465587356745,-0.33989048039545416,-0.16992798447067714,3.385147490162948e-05,3.631132059611911e-05,3.6933287527929505e-05,3.376987365846621e-05
5.0,67.0,4.2,9.897142857142857,4.869999999999999,5.0,4.653333333333334,-0.3466666666666658,0.30738931174713624,-0.13595619215818391,-0.11656895553060796,4.363962553655279e-05,4.689257659370432e-05,4.7666153184298234e-05,4.34747152549544e-05
5.0,67.0,4.3,9.853953488372094,4.8862499999999995,5.0,4.696666666666667,-0.3033333333333328,0.46108396762070364,0.06797809607909752,-0.06320992659054098,5.335504411210873e-05,5.785946102191722e-05,5.863626047187304e-05,5.317955685144299e-05
5.0,67.0,4.4,9.812727272727273,4.9025,5.0,4.74,-0.2599999999999998,0.6147786234942725,0.27191238431637893,-0.00985089765047399,6.305451397644574e-05,6.893082312136136e-05,6.9655113497521e-05,6.288439844793157e-05
5.0,67.0,4.5,9.773333333333333,4.91875,5.0,4.783333333333333,-0.21666666666666679,0.7684732793678398,0.47584667255366037,0.043508131289593,7.271482672894269e-05,8.000138478791013e-05,8.0683888227603e-05,7.258924004442015e-05
5.0,67.0,4.6,9.735652173913044,4.935,5.0,4.826666666666666,-0.17333333333333378,0.7518324062202896,0.6797809607909306,0.09686716022965998,8.239054523085415e-05,9.106663173270334e-05,9.183744799212813e-05,8.22940816409083e-05
5.0,68.0,4.2,9.874285714285715,4.88,5.0,4.680000000000001,-0.3199999999999994,0.31098982580152035,-0.010458168627543176,-0.08373263002902837,4.963497517410138e-05,5.36156945904736e-05,5.4387375958383274e-05,4.9446925468178384e-05
5.0,68.0,4.3,9.834418604651164,4.8950000000000005,5.0,4.720000000000001,-0.27999999999999936,0.4634920797300984,0.17778886666841234,-0.034478141776658415,5.8564590386924824e-05,6.382041919118058e-05,6.457041604800078e-05,5.8405240788014155e-05
5.0,68.0,4.4,9.796363636363637,4.91,5.0,4.760000000000001,-0.23999999999999932,0.6165867649254193,0.3660359019643567,0.014776346475711532,6.751291201868165e-05,7.40277415498158e-05,7.471753550728002e-05,6.736355610784947e-05
5.0,68.0,4.5,9.760000000000002,4.925,5.0,4.800000000000001,-0.1999999999999993,0.769920556861579,0.5542829372603011,0.06403083472808148,7.643488599401152e-05,8.426720774099419e-05,8.497084851057239e-05,7.632187142768479e-05
5.0,68.0,4.6,9.72521739130435,4.94,5.0,4.84,-0.16000000000000014,0.7138556560334477,0.7425299725562566,0.11328532298045033,8.536884680031154e-05,9.446116480345357e-05,9.53157609860879e-05,8.528018674752052e-05
5.0,69.0,4.4,9.780000000000001,4.9174999999999995,5.0,4.78,-0.21999999999999975,0.6219796516030407,0.4601594196123233,0.03940359060189596,7.197126758633591e-05,7.914752052033966e-05,7.983166333223447e-05,7.184271376776689e-05
5.0,69.0,4.5,9.746666666666666,4.93125,5.0,4.816666666666667,-0.18333333333333268,0.7592700639632338,0.632719201966953,0.08455353816656887,8.016602495836925e-05,8.850679656101728e-05,8.923550922660307e-05,8.005450281094983e-05
5.1,28.0,4.8,9.794117647058824,4.904999999999999,4.968,4.8,-0.16800000000000015,0.9302604339156704,0.30328689019903077,0.10343442532997635,6.749648841629957e-05,7.400298569046752e-05,7.46969723800642e-05,6.734348687460337e-05
5.1,29.0,4.8,9.786764705882353,4.9087499999999995,4.974,4.8,-0.17400000000000038,0.9527264285443785,0.35034864902301965,0.09604625209212057,6.918467279085202e-05,7.591996317941169e-05,7.661946946587795e-05,6.902693397830615e-05
5.1,30.0,4.8,9.779411764705882,4.9125,4.9799999999999995,4.8,-0.17999999999999972,0.9769563889633179,0.39741040784700854,0.08865807885426591,7.085459348771849e-05,7.7821831177286e-05,7.852011704469378e-05,7.071038108200897e-05
5.1,31.0,4.8,9.772058823529413,4.91625,4.986,4.8,-0.18599999999999994,1.0028224617433181,0.4444721666709974,0.08126990561641013,7.252330660342698e-05,7.977110432938606e-05,8.04361489293622e-05,7.239382818571175e-05
5.1,32.0,4.8,9.764705882352942,4.92,4.992,4.8,-0.19200000000000017,1.0302014167962374,0.4915339254949863,0.07388173237855437,7.420632560602093e-05,8.169484155938378e-05,8.236501931301115e-05,7.407727528941453e-05
5.1,33.0,4.7,9.882352941176473,4.865,4.964,4.7,-0.26400000000000023,0.9942546363930176,-0.19870520392348753,-0.014776346475711532,4.3969660287843206e-05,4.735047614111363e-05,4.8123953078252116e-05,4.382540050587997e-05
5.1,33.0,4.8,9.757352941176473,4.92375,4.998,4.8,-0.1980000000000004,1.0589759176262628,0.5385956843189752,0.06649355914069861,7.588473600571682e-05,8.3625209873485e-05,8.433193982696047e-05,7.576072239311731e-05
5.1,34.0,4.7,9.872340425531917,4.87,4.9719999999999995,4.7,-0.27199999999999935,0.9886404139577758,-0.13595619215817276,-0.024627244126184427,4.6219614220828996e-05,4.983251493059439e-05,5.060380516297722e-05,4.6069996644150233e-05
5.1,34.0,4.8,9.750000000000002,4.9275,5.004,4.8,-0.20399999999999974,1.0890353504855381,0.5856574431429641,0.059105385902843935,7.7559080812013e-05,8.554758797185443e-05,8.626786578117194e-05,7.744416949682012e-05
5.1,35.0,4.7,9.862327909887359,4.875,4.9799999999999995,4.7,-0.27999999999999936,0.985256524862209,-0.07320718039285797,-0.034478141776658415,4.848814349217616e-05,5.2372672624436996e-05,5.312128190988696e-05,4.8314592782420466e-05
5.1,35.0,4.8,9.74264705882353,4.9312499999999995,5.01,4.8,-0.20999999999999996,1.0878091951166833,0.6327192019669418,0.051717212664988174,7.922902924123164e-05,8.744535979393128e-05,8.823190792911858e-05,7.912761660052245e-05
5.1,36.0,4.7,9.852315394242803,4.88,4.9879999999999995,4.7,-0.28799999999999937,0.9841259761879445,-0.010458168627543176,-0.044329039427132406,5.075079082773641e-05,5.4886720327043025e-05,5.565012771877863e-05,5.05591889206907e-05
5.1,36.0,4.8,9.735294117647062,4.935,5.016,4.8,-0.2160000000000002,1.0867853340033278,0.6797809607909306,0.044329039427132406,8.090798190918695e-05,8.937632781279666e-05,9.0234235661168e-05,8.081106370422523e-05
5.1,37.0,4.6,9.961636828644503,4.83125,4.97,4.6,-0.3700000000000001,0.8974274840202379,-0.6222610333393763,-0.1453007403444916,2.329682563903387e-05,2.560006728113591e-05,2.631264590851109e-05,2.3113059309993803e-05
5.1,37.0,4.7,9.842302878598248,4.885,4.9959999999999996,4.7,-0.2959999999999994,0.985256524862209,0.05229084313777161,-0.0541799370776064,5.298366700765918e-05,5.743102837345872e-05,5.820482811834221e-05,5.280378505896093e-05
5.1,37.0,4.8,9.72794117647059,4.938749999999999,5.021999999999999,4.8,-0.22199999999999953,1.0878091951166833,0.7268427196149084,0.036940866189277735,8.258632095205605e-05,9.127933899426273e-05,9.221410943935444e-05,8.249451080792757e-05
5.1,38.0,4.6,9.948849104859338,4.8374999999999995,4.9799999999999995,4.6,-0.3799999999999999,0.9011412416496872,-0.5438247686327357,-0.15761436240758384,2.6065436164545076e-05,2.8290741461381142e-05,2.8958824085238105e-05,2.5918804482831485e-05
5.1,38.0,4.7,9.832290362953694,4.89,5.004,4.7,-0.3039999999999994,0.9886404139577758,0.11503985490308641,-0.06403083472808038,5.5218795839111583e-05,5.998582768183053e-05,6.0756972336681696e-05,5.504838119723116e-05
5.1,39.0,4.6,9.93606138107417,4.84375,4.989999999999999,4.6,-0.3899999999999997,0.9072970579035012,-0.4653885039260838,-0.16992798447067606,2.8820379412541144e-05,3.1081886860586945e-05,3.1730749968521296e-05,2.8724549655669624e-05
5.1,39.0,4.7,9.822277847309138,4.8950000000000005,5.012,4.7,-0.3119999999999994,0.9942546363930176,0.17778886666841234,-0.07388173237855437,5.7461450936078365e-05,6.255206883181502e-05,6.331482910798452e-05,5.729297733550185e-05
5.1,40.0,4.6,9.923273657289004,4.85,5.0,4.6,-0.40000000000000036,0.9158456915387669,-0.38695223921944305,-0.18224160653376936,3.1606756213065036e-05,3.392073102846885e-05,3.456166946440017e-05,3.1530294828507275e-05
5.1,40.0,4.7,9.812265331664582,4.8999999999999995,5.02,4.7,-0.3199999999999994,1.0020617053948249,0.240537878433716,-0.08373263002902837,5.969828815805357e-05,6.51001710137373e-05,6.586332922071538e-05,5.9537573473771626e-05
5.1,41.0,4.6,9.910485933503837,4.856249999999999,5.01,4.6,-0.41000000000000014,0.9267209265422136,-0.3085159745128024,-0.19455522859686156,3.4417350752610685e-05,3.691097245302966e-05,3.750699310547735e-05,3.433604000134497e-05
5.1,41.0,4.7,9.802252816020026,4.905,5.028,4.7,-0.3279999999999994,1.0120108726688273,0.3032868901990419,-0.09358352767950236,6.192915580747865e-05,6.767906756055952e-05,6.841292024227084e-05,6.17821696120423e-05
5.1,42.0,4.6,9.897698209718671,4.8625,5.02,4.6,-0.41999999999999993,0.9398420006701975,-0.2300797098061505,-0.20686885065995378,3.7248359244612675e-05,3.9898170857183026e-05,4.0569675064938307e-05,3.71417851741831e-05
5.1,42.0,4.7,9.792240300375468,4.909999999999999,5.036,4.7,-0.3359999999999994,1.0240397047636491,0.36603590196434554,-0.10343442532997635,6.416343179112072e-05,7.023806011446313e-05,7.099447186371953e-05,6.402676575031209e-05
5.1,43.0,4.6,9.884910485933505,4.8687499999999995,5.029999999999999,4.6,-0.4299999999999997,0.9551163606114302,-0.1516434450995098,-0.219182472723046,4.006024167800093e-05,4.294942992134422e-05,4.36854525178074e-05,3.9947530347020785e-05
5.1,43.0,4.7,9.782227784730914,4.915,5.044,4.7,-0.3439999999999994,1.0380759090819351,0.4287849137296715,-0.11328532298045033,6.639287192335555e-05,7.282187818476735e-05,7.360955195016489e-05,6.627136188858277e-05
5.1,44.0,4.6,9.872122762148338,4.875,5.039999999999999,4.6,-0.4399999999999995,0.9724425453171265,-0.07320718039285797,-0.2314960947861382,4.290185987681898e-05,4.6104035619601924e-05,4.684525426609759e-05,4.275327551985892e-05
5.1,44.0,4.7,9.77221526908636,4.92,5.052,4.7,-0.3519999999999994,1.0540392946430004,0.4915339254949863,-0.12313622063092432,6.863030872835e-05,7.535823781244597e-05,7.620428433656055e-05,6.851595802685302e-05
5.1,45.0,4.5,9.960784313725492,4.8374999999999995,5.04,4.5,-0.54,0.9302604339156701,-0.5438247686327357,-0.35463231541706364,2.0641455376702344e-05,2.2827931404199227e-05,2.3430392980763173e-05,2.0357487220269936e-05
5.1,45.0,4.6,9.859335038363174,4.88125,5.05,4.6,-0.4500000000000002,0.9917130185338111,0.005229084313782734,-0.2438097168492315,4.5697677462380044e-05,4.9236013811174956e-05,5.002735453543532e-05,4.5559020692696575e-05
5.1,45.0,4.7,9.762202753441803,4.925,5.06,4.7,-0.35999999999999943,1.0718437581280704,0.5542829372603011,-0.1329871182813983,7.086872398953e-05,7.792776474387642e-05,7.887039311136904e-05,7.076055416512323e-05
5.1,46.0,4.5,9.945098039215686,4.845,5.052,4.5,-0.5519999999999996,0.9096891049816851,-0.4497012509847578,-0.36940866189277405,2.3934008077448817e-05,2.595358907519109e-05,2.6535509762523594e-05,2.372438142767553e-05
5.1,46.0,4.6,9.846547314578007,4.8875,5.06,4.6,-0.45999999999999996,1.012816806667128,0.08366534902043458,-0.25612333891232375,4.8513879074946226e-05,5.240863064112032e-05,5.321112144169475e-05,4.836476586553471e-05
5.1,47.0,4.5,9.929411764705884,4.8525,5.064,4.5,-0.5640000000000001,0.8911436618677998,-0.3555777333367801,-0.38418500836848557,2.7256130312710944e-05,2.9264893345419523e-05,2.981518342386874e-05,2.7091275635081086e-05
5.1,47.0,4.6,9.833759590792841,4.89375,5.07,4.6,-0.47000000000000064,1.026635059683912,0.1621016137270753,-0.268436960975417,5.1322432613901294e-05,5.560857096060776e-05,5.63866576713088e-05,5.1170511038372365e-05
5.1,48.0,4.5,9.913725490196079,4.86,5.0760000000000005,4.5,-0.5760000000000005,0.8747529651297485,-0.26145421568880234,-0.39896135484419715,3.057290371281287e-05,3.276214836928635e-05,3.3346727086890846e-05,3.0458169842486645e-05
5.1,48.0,4.6,9.820971867007673,4.8999999999999995,5.08,4.6,-0.4800000000000004,1.0124402548735039,0.240537878433716,-0.28075058303850925,5.4111893998274536e-05,5.8801670082549284e-05,5.9624001043156654e-05,5.397625621121005e-05
5.1,49.0,4.5,9.898039215686275,4.8675,5.087999999999999,4.5,-0.5879999999999992,0.8606401335464124,-0.16733069804083572,-0.41373770131990645,3.38881222993158e-05,3.635290323662362e-05,3.7056800871882665e-05,3.382506404989181e-05
5.1,49.0,4.6,9.808184143222508,4.906249999999999,5.089999999999999,4.6,-0.4899999999999993,1.0002719426015232,0.31897414314035666,-0.29306420510160036,5.6915201290284326e-05,6.201915478699246e-05,6.286588566126725e-05,5.678200138404776e-05
5.1,50.0,4.5,9.882352941176473,4.875,5.1,4.5,-0.5999999999999996,0.8489187796778028,-0.07320718039285797,-0.42851404779561797,3.7256543985303225e-05,4.005537466457274e-05,4.0779320693608276e-05,3.7191958257297375e-05
5.1,50.0,4.6,9.795396419437342,4.9125,5.1,4.6,-0.5,0.9902048344533004,0.39741040784700854,-0.3053778271646937,5.970828159632725e-05,6.521530948785824e-05,6.616988817994921e-05,5.9587746556885875e-05
5.1,51.0,4.5,9.866666666666667,4.8825,5.1,4.52,-0.5800000000000001,0.8396890585567237,0.020916337255119793,-0.4038868036694336,4.1741781754569166e-05,4.50080842048333e-05,4.5693197280832544e-05,4.167111591721524e-05
5.1,51.0,4.6,9.782608695652174,4.91875,5.1,4.616666666666666,-0.4833333333333334,0.9823035349345512,0.47584667255366037,-0.2848551237262063,6.342972687881719e-05,6.945504368597697e-05,7.050185707441553e-05,6.332037794015092e-05
5.1,52.0,4.4,9.93582887700535,4.8549999999999995,5.1,4.446666666666667,-0.6533333333333324,0.6937916661250826,-0.3242032274541283,-0.4941866987987772,2.5449899700293663e-05,2.7509245729809517e-05,2.8077869386712343e-05,2.5247537830849854e-05
5.1,52.0,4.5,9.850980392156863,4.89,5.1,4.54,-0.5599999999999996,0.833033793541095,0.11503985490308641,-0.379259559543248,4.625233346748876e-05,4.9998033272654385e-05,5.077609582398954e-05,4.6150273577132685e-05
5.1,53.0,4.4,9.917112299465241,4.86375,5.1,4.47,-0.6299999999999999,0.6889611220218252,-0.2143924568648246,-0.46545491398489575,3.058864856330851e-05,3.2845980566171495e-05,3.349562897076126e-05,3.0473221767420536e-05
5.1,53.0,4.5,9.83529411764706,4.8975,5.1,4.5600000000000005,-0.5399999999999991,0.8290149895233633,0.20916337255106415,-0.3546323154170625,5.076193226079744e-05,5.5056431320887876e-05,5.587940926682418e-05,5.0629431237050585e-05
5.1,54.0,4.4,9.898395721925134,4.8725,5.1,4.493333333333334,-0.6066666666666656,0.6873433966234713,-0.10458168627552093,-0.4367231291710121,3.575485024774097e-05,3.84302161172825e-05,3.9163618614038356e-05,3.569890570399129e-05
5.1,54.0,4.5,9.819607843137256,4.904999999999999,5.1,4.58,-0.5199999999999996,0.8276710518549868,0.30328689019903077,-0.3300050712908781,5.524391498157963e-05,6.012743797374518e-05,6.098008022458906e-05,5.5108588896968e-05
5.1,55.0,4.3,9.958960328317374,4.85,5.1,4.433333333333333,-0.666666666666667,0.5561592370435917,-0.38695223921944305,-0.5106048615495686,2.2505300848782798e-05,2.4630462920202272e-05,2.5173707437382452e-05,2.2261432724238043e-05
5.1,55.0,4.4,9.879679144385028,4.88125,5.1,4.5166666666666675,-0.5833333333333321,0.6889611220218252,0.005229084313782734,-0.4079913443571295,4.0983282919671154e-05,4.4178133079595076e-05,4.486488136669641e-05,4.0924589640562006e-05
5.1,55.0,4.5,9.803921568627453,4.9125,5.1,4.6000000000000005,-0.4999999999999991,0.8290149895233633,0.39741040784700854,-0.3053778271646926,5.970828159632728e-05,6.521530948785827e-05,6.616988817994923e-05,5.95877465568859e-05
5.1,56.0,4.3,9.937072503419973,4.859999999999999,5.1,4.46,-0.6399999999999997,0.562132142183629,-0.2614542156888135,-0.47776853604798797,2.837309053834432e-05,3.0511391465276393e-05,3.1124420040182136e-05,2.8233642937461604e-05
5.1,56.0,4.4,9.86096256684492,4.89,5.1,4.54,-0.5599999999999996,0.6937916661250826,0.11503985490308641,-0.379259559543248,4.625233346748876e-05,4.9998033272654385e-05,5.077609582398954e-05,4.6150273577132685e-05
5.1,56.0,4.5,9.788235294117648,4.92,5.1,4.62,-0.47999999999999954,0.833033793541095,0.4915339254949863,-0.28075058303850814,6.418124857403886e-05,7.029985817372784e-05,7.136117082759955e-05,6.406690421680377e-05
5.1,57.0,4.3,9.915184678522573,4.869999999999999,5.1,4.486666666666666,-0.6133333333333333,0.5719483885407537,-0.13595619215818391,-0.44493221054640836,3.426013678693691e-05,3.682819008696202e-05,3.7515992965234805e-05,3.420585315068514e-05
5.1,57.0,4.4,9.842245989304814,4.89875,5.1,4.5633333333333335,-0.5366666666666662,0.7017686868641457,0.22485062549239007,-0.35052777472936547,5.1505570454150926e-05,5.5893387473181634e-05,5.673440556716366e-05,5.1375957513703405e-05
5.1,58.0,4.2,9.96638655462185,4.8525,5.1,4.4399999999999995,-0.6600000000000001,0.47391993243971714,-0.3555777333367801,-0.5023957801741734,2.3974875355165995e-05,2.6047919518462884e-05,2.6606111610263033e-05,2.375448527754416e-05
5.1,58.0,4.3,9.893296853625172,4.88,5.1,4.513333333333333,-0.5866666666666669,0.5854146723341823,-0.010458168627543176,-0.41209588504482875,4.02355520564359e-05,4.334979169887876e-05,4.4038929506248874e-05,4.017806336390912e-05
5.1,58.0,4.4,9.823529411764708,4.9075,5.1,4.586666666666666,-0.5133333333333336,0.7127865524073812,0.33466139608169376,-0.321795989915484,5.672118658381719e-05,6.181685889205728e-05,6.271090606740329e-05,5.660164145027409e-05
5.1,59.0,4.2,9.941176470588237,4.86375,5.1,4.47,-0.6299999999999999,0.49460938865412046,-0.2143924568648246,-0.46545491398489575,3.058864856330851e-05,3.2845980566171495e-05,3.349562897076126e-05,3.0473221767420536e-05
5.1,59.0,4.3,9.871409028727772,4.89,5.1,4.54,-0.5599999999999996,0.6022862139923798,0.11503985490308641,-0.379259559543248,4.625233346748876e-05,4.9998033272654385e-05,5.077609582398954e-05,4.6150273577132685e-05
5.1,59.0,4.4,9.8048128342246,4.91625,5.1,4.61,-0.4899999999999993,0.7267069658906107,0.4444721666709974,-0.29306420510160036,6.193686771015893e-05,6.776211978570498e-05,6.878015012635602e-05,6.182732538684483e-05
5.1,60.0,4.1,9.985652797704448,4.85,5.1,4.433333333333333,-0.666666666666667,0.39540074670718545,-0.38695223921944305,-0.5106048615495686,2.2505300848782798e-05,2.4630462920202272e-05,2.5173707437382452e-05,2.2261432724238043e-05
5.1,60.0,4.2,9.915966386554624,4.875,5.1,4.5,-0.5999999999999996,0.4766632902048191,-0.07320718039285797,-0.42851404779561797,3.7256543985303225e-05,4.005537466457274e-05,4.0779320693608276e-05,3.7191958257297375e-05
5.1,60.0,4.3,9.84952120383037,4.8999999999999995,5.1,4.566666666666666,-0.5333333333333332,0.587637752743436,0.240537878433716,-0.34642323404166847,5.2247492030008076e-05,5.6752407320500735e-05,5.7591010526268636e-05,5.212248379035622e-05
5.1,61.0,4.1,9.956958393113345,4.862499999999999,5.1,4.466666666666666,-0.6333333333333337,0.35692782801672324,-0.23007970980616166,-0.46955945467259386,2.985017854609079e-05,3.20690890039944e-05,3.26812028258671e-05,2.9726695490767245e-05
5.1,61.0,4.2,9.89075630252101,4.8862499999999995,5.1,4.53,-0.5699999999999994,0.4452680273105395,0.06797809607909752,-0.39157318160634025,4.399772014429831e-05,4.750425291676529e-05,4.823866700924294e-05,4.391069474717375e-05
5.1,61.0,4.3,9.82763337893297,4.909999999999999,5.1,4.593333333333333,-0.5066666666666668,0.5624712013654488,0.36603590196434554,-0.31358690854008886,5.821722508035852e-05,6.350861251448392e-05,6.44391150045879e-05,5.809469400357975e-05
5.1,62.0,4.1,9.92826398852224,4.875,5.1,4.5,-0.5999999999999996,0.32078990613832464,-0.07320718039285797,-0.42851404779561797,3.7256543985303225e-05,4.005537466457274e-05,4.0779320693608276e-05,3.7191958257297375e-05
5.1,62.0,4.2,9.865546218487397,4.8975,5.1,4.5600000000000005,-0.5399999999999991,0.41686005518941116,0.20916337255106415,-0.3546323154170625,5.076193226079744e-05,5.5056431320887876e-05,5.587940926682418e-05,5.0629431237050585e-05
5.1,62.0,4.3,9.80574555403557,4.92,5.1,4.62,-0.47999999999999954,0.5402615494674694,0.4915339254949863,-0.28075058303850814,6.418124857403886e-05,7.029985817372784e-05,7.136117082759955e-05,6.406690421680377e-05
5.1,63.0,4.1,9.899569583931134,4.887499999999999,5.1,4.533333333333332,-0.5666666666666673,0.2878677107615552,0.08366534902042344,-0.3874686409186443,4.475707223271553e-05,4.8320872141966554e-05,4.908899101713393e-05,4.465722102382654e-05
5.1,63.0,4.2,9.840336134453784,4.9087499999999995,5.1,4.59,-0.5099999999999998,0.39208922534466845,0.35034864902301965,-0.31769144922778586,5.746378034731686e-05,6.265832260720944e-05,6.357161232371077e-05,5.734816772692694e-05
5.2,25.0,4.8,9.759615384615385,4.925,5.0,4.8,-0.20000000000000018,0.7433668843891529,0.5542829372603011,0.06403083472808038,7.64348859940115e-05,8.426720774099416e-05,8.497084851057235e-05,7.632187142768475e-05
5.2,26.0,4.8,9.750000000000002,4.93,5.008,4.8,-0.20800000000000018,0.7625867825305527,0.6170319490256159,0.0541799370776064,7.86700952912044e-05,8.6806658178163e-05,8.757081112015992e-05,7.856646756595498e-05
5.2,27.0,4.8,9.740384615384615,4.9350000000000005,5.016,4.8,-0.2160000000000002,0.7841784506893366,0.6797809607909417,0.044329039427132406,8.090798190918738e-05,8.937632781279715e-05,9.023423566116853e-05,8.081106370422566e-05
5.2,29.0,4.7,9.856792144026187,4.88125,4.99,4.7,-0.29000000000000004,0.7900778953481687,0.005229084313782734,-0.04679176383975173,5.1317522619457486e-05,5.5529744320034125e-05,5.628288969368482e-05,5.1120337955258124e-05
5.2,30.0,4.7,9.844517184942717,4.8875,5.0,4.7,-0.2999999999999998,0.8191332120034635,0.08366534902043458,-0.059105385902843935,5.410718422715987e-05,5.870915088605304e-05,5.947868741120781e-05,5.3926083128096256e-05
5.2,31.0,4.7,9.832242225859247,4.893750000000001,5.01,4.7,-0.3099999999999996,0.849816640721864,0.16210161372708642,-0.07141900796593616,5.6896765090850977e-05,6.19110555123374e-05,6.266901852072297e-05,5.673182830093439e-05
5.2,32.0,4.7,9.819967266775778,4.9,5.0200000000000005,4.7,-0.3200000000000003,0.8819582712576828,0.24053787843372712,-0.08373263002902946,5.9698288158053974e-05,6.51001710137378e-05,6.586332922071582e-05,5.9537573473772046e-05
5.2,33.0,4.6,9.938127090301004,4.8475,4.996,4.6,-0.3960000000000008,0.7814022818519907,-0.4183267451020949,-0.1773161577085329,3.0496727946068693e-05,3.278268639267199e-05,3.340206984089787e-05,3.0407996759372366e-05
5.2,33.0,4.7,9.807692307692308,4.90625,5.03,4.7,-0.33000000000000007,0.8808767545985988,0.3189741431403678,-0.09604625209212167,6.249449736575873e-05,6.831821757400992e-05,6.90432216653369e-05,6.234331864660973e-05
5.2,34.0,4.6,9.923076923076925,4.855,5.008,4.6,-0.40800000000000036,0.7742461573718584,-0.3242032274541171,-0.19209250418424334,3.384661919896267e-05,3.630726132247838e-05,3.690295846404595e-05,3.3774890966777954e-05
5.2,34.0,4.7,9.79541734860884,4.9125000000000005,5.04,4.7,-0.33999999999999986,0.8745349866722033,0.3974104078470197,-0.10835987415521388,6.52832506079107e-05,7.153308825905853e-05,7.230070078822557e-05,6.514906381944786e-05
5.2,35.0,4.6,9.908026755852845,4.8625,5.02,4.6,-0.41999999999999993,0.7699205568615785,-0.2300797098061505,-0.20686885065995378,3.7248359244612675e-05,3.9898170857183026e-05,4.0569675064938307e-05,3.71417851741831e-05
5.2,35.0,4.7,9.783142389525368,4.91875,5.05,4.7,-0.34999999999999964,0.8707077549825231,0.47584667255366037,-0.1206734962183061,6.807941105835551e-05,7.47245824638511e-05,7.554007967589965e-05,6.795480899228555e-05
5.2,36.0,4.6,9.892976588628763,4.869999999999999,5.032,4.6,-0.4320000000000004,0.7684732793678393,-0.13595619215818391,-0.2216451971356653,4.0629185306566444e-05,4.358383227776865e-05,4.4306682854165715e-05,4.0508679381588204e-05
5.2,36.0,4.7,9.770867430441898,4.925,5.0600000000000005,4.7,-0.3600000000000003,0.869428267202662,0.5542829372603011,-0.1329871182813994,7.086872398952998e-05,7.792776474387638e-05,7.887039311136901e-05,7.076055416512321e-05
5.2,37.0,4.6,9.877926421404682,4.8774999999999995,5.044,4.6,-0.44399999999999995,0.7699205568615785,-0.04183267451020614,-0.23642154361137574,4.4030941678302416e-05,4.733680567549536e-05,4.81135810895032e-05,4.3875573588993796e-05
5.2,38.0,4.6,9.862876254180604,4.885,5.056,4.6,-0.4560000000000004,0.7742461573718584,0.05229084313777161,-0.25119789008708726,4.739986335356377e-05,5.116304465597495e-05,5.193710518244539e-05,4.7242467796399354e-05
5.2,39.0,4.5,9.966666666666665,4.84125,5.046,4.5,-0.5460000000000003,0.7017686868641446,-0.4967630098087467,-0.36202048865491937,2.2284819617431744e-05,2.4355126921907002e-05,2.4942228499092443e-05,2.2040934323972722e-05
5.2,39.0,4.6,9.847826086956522,4.892499999999999,5.068,4.6,-0.46799999999999997,0.7814022818519907,0.14641436078573822,-0.26597423656279773,5.076401113955854e-05,5.497238802554009e-05,5.5749292402010236e-05,5.060936200380449e-05
5.2,40.0,4.5,9.94871794871795,4.85,5.06,4.5,-0.5599999999999996,0.7127865524073802,-0.38695223921944305,-0.379259559543248,2.6162013803274907e-05,2.8139466747529162e-05,2.869428008334927e-05,2.596897756594576e-05
5.2,40.0,4.6,9.832775919732441,4.8999999999999995,5.08,4.6,-0.4800000000000004,0.791312141644036,0.240537878433716,-0.28075058303850925,5.4111893998274536e-05,5.8801670082549284e-05,5.9624001043156654e-05,5.397625621121005e-05
5.2,41.0,4.5,9.930769230769231,4.858750000000001,5.074000000000001,4.5,-0.5740000000000007,0.7267069658906097,-0.27714146863012823,-0.3964986304315789,3.002162891968566e-05,3.216821500113453e-05,3.275525223162418e-05,2.9897020807919188e-05
5.2,41.0,4.6,9.817725752508363,4.9075,5.0920000000000005,4.6,-0.4920000000000009,0.8038739021105286,0.33466139608169376,-0.29552692951422077,5.748039579569245e-05,6.264476878617546e-05,6.351980641372848e-05,5.734315041861561e-05
5.2,42.0,4.5,9.912820512820513,4.8675,5.088000000000001,4.5,-0.588000000000001,0.7433668843891529,-0.16733069804083572,-0.41373770131990867,3.388812229931573e-05,3.635290323662355e-05,3.70568008718826e-05,3.382506404989175e-05
5.2,42.0,4.6,9.802675585284282,4.915,5.104,4.6,-0.5040000000000004,0.8189655432476437,0.4287849137296715,-0.31030327598993124,6.0819241170208175e-05,6.649253216748747e-05,6.750914800680758e-05,6.071004462602119e-05
5.2,43.0,4.5,9.894871794871795,4.876250000000001,5.102,4.5,-0.6020000000000003,0.7625867825305526,-0.05751992745152091,-0.4309767722082373,3.78170956312004e-05,4.068187451015957e-05,4.141129692798148e-05,3.775310729186524e-05
5.2,44.0,4.5,9.876923076923077,4.885,5.1160000000000005,4.5,-0.6160000000000005,0.7841784506893366,0.05229084313777161,-0.4482158430965671,4.171757736831126e-05,4.508461834167661e-05,4.578197217817898e-05,4.1681150533837805e-05
5.2,45.0,4.4,9.965034965034965,4.8500000000000005,5.120000000000001,4.4,-0.7200000000000006,0.7628367505435462,-0.3869522392194319,-0.576277512552729,2.070835264901158e-05,2.2983356183349515e-05,2.3562088560315527e-05,2.040766030338463e-05
5.2,45.0,4.5,9.85897435897436,4.893750000000001,5.130000000000001,4.5,-0.6300000000000008,0.8079517619958012,0.16210161372708642,-0.4654549139848968,4.567001715957943e-05,4.950254577709017e-05,5.030121343550246e-05,4.5609193775811264e-05
5.2,46.0,4.4,9.944055944055945,4.86,5.136000000000001,4.4,-0.7360000000000007,0.7376108057731027,-0.26145421568880234,-0.5959793078536769,2.5095599357598125e-05,2.7327023287597485e-05,2.7936930343838126e-05,2.4896852579925096e-05
5.2,46.0,4.5,9.841025641025642,4.902500000000001,5.144,4.5,-0.6440000000000001,0.833720110378822,0.2719123843163901,-0.48269398487322546,4.957758610361396e-05,5.393184280984355e-05,5.485936785758286e-05,4.9537237017784316e-05
5.2,47.0,4.4,9.923076923076925,4.87,5.152,4.4,-0.7519999999999998,0.7146135033415041,-0.13595619215817276,-0.6156811031546238,2.9489248375656937e-05,3.194301788554746e-05,3.26959867348023e-05,2.9386044856465594e-05
5.2,48.0,4.4,9.902097902097902,4.88,5.168,4.4,-0.7679999999999998,0.6940664111410044,-0.010458168627543176,-0.6353828984555717,3.392234548279606e-05,3.679146424859548e-05,3.762589372610235e-05,3.387523713300606e-05
5.2,49.0,4.4,9.881118881118882,4.890000000000001,5.184,4.4,-0.7839999999999998,0.6761929255335738,0.11503985490309755,-0.6550846937565198,3.835362010825572e-05,4.178570696252409e-05,4.2614930429485894e-05,3.836442940954697e-05
5.2,50.0,4.3,9.955277280858677,4.8625,5.2,4.3,-0.9000000000000004,0.5213868015704407,-0.2300797098061505,-0.7979227096883932,2.0732625740094692e-05,2.3509627533075764e-05,2.432361867783659e-05,2.0457833386498457e-05
5.2,51.0,4.3,9.931127012522362,4.873749999999999,5.2,4.33,-0.8700000000000001,0.5062201274367517,-0.08889443333419503,-0.7609818434991155,2.7324686472384123e-05,3.0022132345569333e-05,3.084709933052341e-05,2.7176569876374834e-05
5.2,52.0,4.3,9.906976744186046,4.885,5.2,4.359999999999999,-0.8400000000000007,0.49510241722665,0.05229084313777161,-0.7240409773098387,3.391534540055066e-05,3.7037103338244914e-05,3.79278889801755e-05,3.389530636625164e-05
5.2,53.0,4.2,9.972527472527474,4.862500000000001,5.2,4.3,-0.9000000000000004,0.34689583306254096,-0.23007970980613937,-0.7979227096883932,2.0732625740095092e-05,2.3509627533076245e-05,2.432361867783705e-05,2.0457833386498904e-05
5.2,53.0,4.3,9.882826475849733,4.89625,5.2,4.39,-0.8100000000000005,0.4883103062772956,0.19347611960973826,-0.687100111120561,4.0579536085125075e-05,4.435714338361412e-05,4.522363717905372e-05,4.061404285612847e-05
5.2,54.0,4.2,9.945054945054947,4.875,5.2,4.333333333333334,-0.8666666666666663,0.34367169831173533,-0.07320718039285797,-0.7568773028114173,2.804702013813823e-05,3.076929993880863e-05,3.1619257403775144e-05,2.7923096153028136e-05
5.2,55.0,4.2,9.917582417582418,4.8875,5.2,4.366666666666667,-0.833333333333333,0.34689583306254096,0.08366534902043458,-0.7158318959344425,3.5388745008347976e-05,3.864577955034188e-05,3.9558787544809406e-05,3.5388358919557785e-05
5.2,56.0,4.1,9.97373358348968,4.87,5.2,4.32,-0.8799999999999999,0.23695996621985765,-0.13595619215817276,-0.7732954655622076,2.5136760742976796e-05,2.7818668437107254e-05,2.8582548304740334e-05,2.4936991046416356e-05
5.2,57.0,4.1,9.942776735459663,4.88375,5.2,4.356666666666666,-0.8433333333333346,0.2593885877777305,0.036603590196445705,-0.7281455179975369,3.3173476040687964e-05,3.6231553117242206e-05,3.711107441562412e-05,3.314878008959879e-05
5.2,58.0,4.1,9.911819887429644,4.8975,5.2,4.393333333333333,-0.8066666666666675,0.2878677107615552,0.20916337255106415,-0.682995570432864,4.1310439915523344e-05,4.519287333149467e-05,4.6058867866041454e-05,4.136056913278129e-05
5.3,26.0,4.7,9.83701324769169,4.8950000000000005,5.012,4.7,-0.3119999999999994,0.5876377527434365,0.17778886666841234,-0.07388173237855437,5.7461450936078365e-05,6.255206883181502e-05,6.331482910798452e-05,5.729297733550185e-05
5.3,27.0,4.7,9.822561220393416,4.9025,5.024,4.7,-0.32399999999999984,0.615398545728363,0.27191238431637893,-0.08865807885426591,6.081786108530111e-05,6.639345392097352e-05,6.711680792078511e-05,6.0659871542906946e-05
5.3,28.0,4.7,9.808109193095143,4.91,5.036,4.7,-0.3359999999999994,0.645418916108891,0.3660359019643567,-0.10343442532997635,6.416343179112114e-05,7.023806011446365e-05,7.099447186372006e-05,6.402676575031254e-05
5.3,29.0,4.7,9.79365716579687,4.9174999999999995,5.048,4.7,-0.34799999999999986,0.6773985163912976,0.4601594196123233,-0.11821077180568787,6.752069847260907e-05,7.410079455842352e-05,7.488961689722591e-05,6.739365995771765e-05
5.3,30.0,4.6,9.917965545529125,4.862499999999999,5.02,4.6,-0.41999999999999993,0.6942642444014782,-0.23007970980616166,-0.20686885065995378,3.724835924461223e-05,3.9898170857182545e-05,4.056967506493779e-05,3.714178517418265e-05
5.3,30.0,4.7,9.779205138498595,4.925,5.06,4.7,-0.35999999999999943,0.7110730541220431,0.5542829372603011,-0.1329871182813983,7.086872398953e-05,7.792776474387642e-05,7.887039311136904e-05,7.076055416512323e-05
5.3,31.0,4.6,9.90073831009024,4.87125,5.034,4.6,-0.43400000000000016,0.6934399179350341,-0.12026893921684685,-0.22410792154828355,4.119470086140342e-05,4.421550701089673e-05,4.494792897415757e-05,4.106982841615611e-05
5.3,32.0,4.6,9.883511074651356,4.88,5.048,4.6,-0.4480000000000004,0.6788376645447791,-0.010458168627543176,-0.24134699243661328,4.5146564094589125e-05,4.860228603099396e-05,4.9395615112801234e-05,4.4997871658129115e-05
5.3,33.0,4.6,9.866283839212471,4.88875,5.062,4.6,-0.46200000000000063,0.6672594663059019,0.09935260196176049,-0.25858606332494305,4.908002985396858e-05,5.304666997756569e-05,5.382925683519632e-05,4.892591490010213e-05
5.3,34.0,4.5,9.98238993710692,4.84,5.044,4.5,-0.5439999999999996,0.5621321421836292,-0.5124502627500727,-0.35955776424230007,2.1732193805131768e-05,2.38318056756763e-05,2.444246721502941e-05,2.1479785289405296e-05
5.3,34.0,4.6,9.849056603773587,4.8975,5.076,4.6,-0.476,0.6588647672295338,0.20916337255106415,-0.2758251342132717,5.300103245634789e-05,5.7522147216033955e-05,5.8322757237811445e-05,5.285395814207518e-05
5.3,35.0,4.5,9.962264150943398,4.85,5.06,4.5,-0.5599999999999996,0.5561592370435919,-0.38695223921944305,-0.379259559543248,2.6162013803274907e-05,2.8139466747529162e-05,2.869428008334927e-05,2.596897756594576e-05
5.3,35.0,4.6,9.831829368334702,4.906249999999999,5.09,4.6,-0.4900000000000002,0.6537762103115884,0.31897414314035666,-0.29306420510160147,5.691520129028429e-05,6.201915478699242e-05,6.286588566126721e-05,5.678200138404773e-05
5.3,36.0,4.5,9.942138364779874,4.859999999999999,5.0760000000000005,4.5,-0.5760000000000005,0.554153962516942,-0.2614542156888135,-0.39896135484419715,3.057290371281253e-05,3.276214836928596e-05,3.3346727086890406e-05,3.045816984248619e-05
5.3,36.0,4.6,9.814602132895818,4.915,5.104,4.6,-0.5040000000000004,0.6520712004019963,0.4287849137296715,-0.31030327598993124,6.0819241170208175e-05,6.649253216748747e-05,6.750914800680758e-05,6.071004462602119e-05
5.3,37.0,4.5,9.922012578616352,4.869999999999999,5.092,4.5,-0.5919999999999996,0.5561592370435919,-0.13595619215818391,-0.418663150145144,3.5013019969390547e-05,3.758410391684626e-05,3.8306538190292125e-05,3.494736211902669e-05
5.3,38.0,4.5,9.90188679245283,4.88,5.108,4.5,-0.6079999999999997,0.5621321421836292,-0.010458168627543176,-0.438364945446092,3.948843739103117e-05,4.2558286319753396e-05,4.324042576491844e-05,3.94365543955676e-05
5.3,39.0,4.5,9.88176100628931,4.890000000000001,5.1240000000000006,4.5,-0.6240000000000006,0.5719483885407538,0.11503985490309755,-0.45806674074704107,4.398388971965026e-05,4.759875435591726e-05,4.837199218988879e-05,4.3925746672108485e-05
5.3,40.0,4.4,9.982847341337909,4.8500000000000005,5.12,4.4,-0.7199999999999998,0.5213868015704414,-0.3869522392194319,-0.5762775125527279,2.0708352649011615e-05,2.298335618334955e-05,2.356208856031555e-05,2.0407660303384662e-05
5.3,40.0,4.5,9.861635220125786,4.8999999999999995,5.14,4.5,-0.6399999999999997,0.5854146723341824,0.240537878433716,-0.47776853604798797,4.8448734663931125e-05,5.266424687168428e-05,5.356217677816285e-05,4.8414938948648536e-05
5.3,41.0,4.4,9.959691252144083,4.86125,5.138,4.4,-0.7379999999999995,0.54026154946747,-0.24576696274747642,-0.598442032266294,2.5655905292351223e-05,2.78960603314912e-05,2.8529205122570938e-05,2.5458001614492586e-05
5.3,42.0,4.4,9.936535162950257,4.8725000000000005,5.156000000000001,4.4,-0.7560000000000002,0.5624712013654495,-0.10458168627550979,-0.6206065519798614,3.0581839014680415e-05,3.312196172711719e-05,3.390730862856743e-05,3.0508342925600917e-05
5.3,43.0,4.4,9.913379073756431,4.88375,5.1739999999999995,4.4,-0.7739999999999991,0.5876377527434364,0.036603590196445705,-0.6427710716934264,3.559355645317651e-05,3.866980425572045e-05,3.949831102811192e-05,3.5558684236708865e-05
5.3,44.0,4.4,9.890222984562607,4.8950000000000005,5.192,4.4,-0.7919999999999998,0.615398545728363,0.17778886666841234,-0.6649355914069938,4.056367447736915e-05,4.430722538065754e-05,4.51496299511879e-05,4.06090255478172e-05
5.3,45.0,4.3,9.97806055287407,4.862499999999999,5.199999999999999,4.3,-0.8999999999999995,0.6268520798618129,-0.23007970980616166,-0.7979227096883921,2.073262574009432e-05,2.3509627533075316e-05,2.4323618677836152e-05,2.045783338649804e-05
5.3,46.0,4.3,9.95173321632295,4.875,5.22,4.3,-0.9199999999999999,0.5958970740324953,-0.07320718039285797,-0.8225499538145776,2.6240722290964858e-05,2.9106434627294975e-05,2.9912349527626935e-05,2.6069323732174274e-05
5.3,47.0,4.3,9.925405879771832,4.8875,5.239999999999999,4.3,-0.9399999999999995,0.5671825818951611,0.08366534902043458,-0.847177197940762,3.1723658138860055e-05,3.496868045155288e-05,3.5979001917880685e-05,3.16808140778501e-05
5.3,54.0,4.0,10.013207547169811,4.8774999999999995,5.3,4.173333333333334,-1.126666666666666,0.0,-0.04183267451020614,-1.0770314764518214,2.04008689031567e-05,2.4051657152664585e-05,2.511346598980873e-05,2.014728660206457e-05
5.4,22.0,4.7,9.848699763593382,4.8925,5.008000000000001,4.7,-0.3080000000000007,0.3716834421945761,0.14641436078574938,-0.06895628355331902,5.633362578076703e-05,6.127307597309093e-05,6.203641853004837e-05,5.6170679266366454e-05
5.4,23.0,4.7,9.832151300236408,4.90125,5.022,4.7,-0.32200000000000006,0.392089225344668,0.25622513137505304,-0.08619535444164768,6.0256447657231813e-05,6.573882215205324e-05,6.649171582347544e-05,6.009872250833949e-05
5.4,24.0,4.7,9.815602836879433,4.910000000000001,5.0360000000000005,4.7,-0.3360000000000003,0.4168600551894108,0.36603590196436786,-0.10343442532997743,6.416343179112154e-05,7.023806011446412e-05,7.099447186372055e-05,6.402676575031297e-05
5.4,25.0,4.7,9.799054373522457,4.91875,5.050000000000001,4.7,-0.35000000000000053,0.44526802731053927,0.47584667255366037,-0.1206734962183072,6.807941105835548e-05,7.472458246385106e-05,7.554007967589961e-05,6.795480899228551e-05
5.4,26.0,4.6,9.932367149758454,4.859999999999999,5.016,4.6,-0.41600000000000037,0.4512048813840433,-0.2614542156888135,-0.20194340183471732,3.610729181796954e-05,3.868363294596186e-05,3.9329263004879935e-05,3.601948710504774e-05
5.4,26.0,4.7,9.782505910165485,4.9275,5.064,4.7,-0.3639999999999999,0.47666329020481885,0.5856574431429641,-0.13791256710663585,7.198490216734659e-05,7.920783269966737e-05,8.019723535559256e-05,7.188285223425857e-05
5.4,27.0,4.6,9.913043478260871,4.869999999999999,5.032,4.6,-0.4320000000000004,0.48680908641891274,-0.13595619215818391,-0.2216451971356653,4.0629185306566444e-05,4.358383227776865e-05,4.4306682854165715e-05,4.0508679381588204e-05
5.4,28.0,4.6,9.893719806763285,4.88,5.048,4.6,-0.4480000000000004,0.524245451870217,-0.010458168627543176,-0.24134699243661328,4.5146564094589125e-05,4.860228603099396e-05,4.9395615112801234e-05,4.4997871658129115e-05
5.4,29.0,4.6,9.874396135265702,4.89,5.064,4.6,-0.4640000000000004,0.5631487073096798,0.11503985490308641,-0.2610487877375613,4.963995351313907e-05,5.369202399163505e-05,5.4460884104189425e-05,4.9487063934669586e-05
5.4,30.0,4.5,10.0,4.8374999999999995,5.04,4.5,-0.54,0.5187771755554618,-0.5438247686327357,-0.35463231541706364,2.0641455376702344e-05,2.2827931404199227e-05,2.3430392980763173e-05,2.0357487220269936e-05
5.4,30.0,4.6,9.855072463768117,4.8999999999999995,5.08,4.6,-0.4800000000000004,0.6032351157168176,0.240537878433716,-0.28075058303850925,5.4111893998274536e-05,5.8801670082549284e-05,5.9624001043156654e-05,5.397625621121005e-05
5.4,31.0,4.5,9.977777777777778,4.84875,5.058,4.5,-0.5579999999999998,0.4946093886541196,-0.402639492160769,-0.37679683513062984,2.560122983213128e-05,2.7593808027981078e-05,2.8143163765384755e-05,2.5407828531378304e-05
5.4,31.0,4.6,9.835748792270532,4.909999999999999,5.096,4.6,-0.49600000000000044,0.6022862139923791,0.36603590196434554,-0.3004523783394572,5.858595509509685e-05,6.392512570036713e-05,6.484198915799e-05,5.846544848775051e-05
5.4,32.0,4.5,9.955555555555556,4.86,5.0760000000000005,4.5,-0.5760000000000005,0.4739199324397162,-0.26145421568880234,-0.39896135484419715,3.057290371281287e-05,3.276214836928635e-05,3.3346727086890846e-05,3.0458169842486645e-05
5.4,33.0,4.5,9.933333333333334,4.87125,5.094,4.5,-0.5940000000000003,0.45718128016563864,-0.12026893921684685,-0.42112587455776335,3.556010027341554e-05,3.819202082643664e-05,3.8924797814070676e-05,3.550851115359456e-05
5.4,34.0,4.5,9.911111111111111,4.8825,5.112,4.5,-0.6120000000000001,0.4448396442039343,0.020916337255119793,-0.44329039427132955,4.060401206222534e-05,4.3813205015051474e-05,4.450264442348778e-05,4.055885246470293e-05
5.4,35.0,4.5,9.88888888888889,4.89375,5.13,4.5,-0.6299999999999999,0.43726749333610115,0.1621016137270753,-0.46545491398489575,4.5670017159579016e-05,4.950254577708968e-05,5.030121343550204e-05,4.5609193775810844e-05
5.4,36.0,4.4,10.000000000000002,4.8500000000000005,5.12,4.4,-0.7199999999999998,0.34367169831173483,-0.3869522392194319,-0.5762775125527279,2.0708352649011615e-05,2.298335618334955e-05,2.356208856031555e-05,2.0407660303384662e-05
5.4,36.0,4.5,9.866666666666667,4.905,5.148,4.5,-0.6479999999999997,0.4347141336013305,0.3032868901990419,-0.48761943369846195,5.069464900970005e-05,5.520487810419186e-05,5.618940268381324e-05,5.065953508691921e-05
5.4,37.0,4.4,9.974747474747476,4.862500000000001,5.140000000000001,4.4,-0.7400000000000002,0.34689583306254046,-0.23007970980613937,-0.6009047566789134,2.620697068982455e-05,2.847826785617223e-05,2.9092758540159425e-05,2.601915064906045e-05
5.4,38.0,4.4,9.94949494949495,4.875,5.16,4.4,-0.7599999999999998,0.35639327620368977,-0.07320718039285797,-0.6255320008050977,3.169139572986577e-05,3.4341638259529296e-05,3.513987517756061e-05,3.1630640994735826e-05
5.4,39.0,4.4,9.924242424242424,4.8875,5.180000000000001,4.4,-0.7800000000000002,0.3716834421945761,0.08366534902043458,-0.6501592449312833,3.724218941152325e-05,4.05273889090663e-05,4.137438674201674e-05,3.724213134041162e-05
5.4,41.0,4.3,9.997416020671835,4.86375,5.202,4.3,-0.9020000000000001,0.3874922687853576,-0.2143924568648246,-0.8003854341010114,2.127971192448607e-05,2.4072277493253906e-05,2.487624739580627e-05,2.1018982421065906e-05
5.4,42.0,4.3,9.968992248062015,4.8774999999999995,5.224,4.3,-0.9240000000000004,0.4179013865745414,-0.04183267451020614,-0.8274754026398151,2.733125343089093e-05,3.025332253287121e-05,3.11456076180203e-05,2.7191621801309153e-05
5.4,45.0,4.2,10.000000000000002,4.875,5.28,4.2,-1.08,0.5463106634971555,-0.07320718039285797,-1.0195679068240573,2.0764907708859147e-05,2.4189496142304407e-05,2.521255087837542e-05,2.0508006469612732e-05
5.5,23.0,4.6,9.943873517786562,4.85875,5.014,4.6,-0.4140000000000006,0.2434045432094563,-0.2771414686301394,-0.1994806774220991,3.553812270761364e-05,3.809751310480459e-05,3.872241981798593e-05,3.5458338070480286e-05
5.5,24.0,4.6,9.922529644268776,4.869999999999999,5.032,4.6,-0.4320000000000004,0.28157435365484,-0.13595619215818391,-0.2216451971356653,4.0629185306566444e-05,4.358383227776865e-05,4.4306682854165715e-05,4.0508679381588204e-05
5.5,25.0,4.6,9.90118577075099,4.88125,5.05,4.6,-0.4500000000000002,0.3221419363706647,0.005229084313782734,-0.2438097168492315,4.5697677462380044e-05,4.9236013811174956e-05,5.002735453543532e-05,4.5559020692696575e-05
5.5,26.0,4.6,9.879841897233202,4.8925,5.068,4.6,-0.46799999999999997,0.36430715509375544,0.14641436078574938,-0.26597423656279773,5.076401113955898e-05,5.4972388025540635e-05,5.5749292402010724e-05,5.060936200380494e-05
5.5,27.0,4.5,10.012121212121214,4.8374999999999995,5.04,4.5,-0.54,0.4355903949030875,-0.5438247686327357,-0.35463231541706364,2.0641455376702344e-05,2.2827931404199227e-05,2.3430392980763173e-05,2.0357487220269936e-05
5.5,27.0,4.6,9.858498023715416,4.90375,5.086,4.6,-0.48600000000000065,0.4075744654510797,0.2875996372577049,-0.28813875627636504,5.579870523903799e-05,6.073894956944397e-05,6.159277867960595e-05,5.565970331491283e-05
5.5,28.0,4.5,9.987878787878788,4.85,5.06,4.5,-0.5599999999999996,0.4770630978376124,-0.38695223921944305,-0.379259559543248,2.6162013803274907e-05,2.8139466747529162e-05,2.869428008334927e-05,2.596897756594576e-05
5.5,28.0,4.6,9.837154150197629,4.915,5.103999999999999,4.6,-0.5039999999999996,0.4516272268966133,0.4287849137296715,-0.3103032759899301,6.081924117020821e-05,6.64925321674875e-05,6.750914800680762e-05,6.0710044626021214e-05
5.5,29.0,4.5,9.963636363636365,4.862499999999999,5.08,4.5,-0.5800000000000001,0.47666329020481907,-0.23007970980616166,-0.4038868036694336,3.1676448566608235e-05,3.395653474340158e-05,3.4575737349966376e-05,3.1580467911621103e-05
5.5,30.0,4.5,9.939393939393938,4.875,5.1,4.5,-0.5999999999999996,0.44526802731053955,-0.07320718039285797,-0.42851404779561797,3.7256543985303225e-05,4.005537466457274e-05,4.0779320693608276e-05,3.7191958257297375e-05
5.5,31.0,4.5,9.915151515151516,4.8875,5.12,4.5,-0.6200000000000001,0.4168600551894111,0.08366534902043458,-0.4531412919218035,4.285448352257107e-05,4.6328489646200824e-05,4.7073739380223335e-05,4.280344860297316e-05
5.5,32.0,4.5,9.89090909090909,4.8999999999999995,5.14,4.5,-0.6399999999999997,0.3920892253446684,0.240537878433716,-0.47776853604798797,4.8448734663931125e-05,5.266424687168428e-05,5.356217677816285e-05,4.8414938948648536e-05
5.5,33.0,4.4,10.009090909090908,4.853750000000001,5.126,4.4,-0.726,0.2593885877777312,-0.33989048039544306,-0.5836656857905836,2.2354752135067085e-05,2.4564089281141325e-05,2.5158395148940785e-05,2.209110740708744e-05
5.5,34.0,4.4,9.98181818181818,4.867500000000001,5.148,4.4,-0.7479999999999993,0.23695996621985851,-0.16733069804082457,-0.6107556543293863,2.8402300062310045e-05,3.077746636695947e-05,3.146593148345534e-05,2.8263746787330712e-05
5.5,35.0,4.4,9.954545454545453,4.88125,5.17,4.4,-0.7699999999999996,0.2224198221019676,0.005229084313782734,-0.63784562286819,3.4479536945266535e-05,3.741539857194255e-05,3.824869967925902e-05,3.443638616757351e-05
5.5,36.0,4.4,9.927272727272728,4.8950000000000005,5.192,4.4,-0.7919999999999998,0.2173570668006657,0.17778886666841234,-0.6649355914069938,4.056367447736915e-05,4.430722538065754e-05,4.51496299511879e-05,4.06090255478172e-05
5.5,38.0,4.3,10.005919661733616,4.869999999999999,5.212,4.3,-0.9119999999999999,0.18035514505226002,-0.13595619215818391,-0.8126990561641035,2.4041247522057168e-05,2.6818429015194494e-05,2.763368143272782e-05,2.3824727593903595e-05
5.5,39.0,4.3,9.975475687103595,4.885,5.236,4.3,-0.9359999999999999,0.20895069328727064,0.05229084313777161,-0.8422517491155256,3.0618196348812044e-05,3.374894123046161e-05,3.4776767673346814e-05,3.055851600871474e-05
5.6,19.0,4.6,9.992236024844724,4.8374999999999995,4.9799999999999995,4.6,-0.3799999999999999,0.0,-0.5438247686327357,-0.15761436240758384,2.6065436164545076e-05,2.8290741461381142e-05,2.8958824085238105e-05,2.5918804482831485e-05
5.6,36.0,4.3,9.996677740863788,4.885,5.236,4.3,-0.9359999999999999,0.0,0.05229084313777161,-0.8422517491155256,3.0618196348812044e-05,3.374894123046161e-05,3.4776767673346814e-05,3.055851600871474e-05
