split,draw,intercept,beta_A,beta_D
selection,1,4.459710693574542e-05,2.9587036747569993e-05,2.4308155455793026e-05
selection,2,4.6280158531143756e-05,3.336086635417541e-05,1.9600934243360223e-05
selection,3,4.6768050570729526e-05,3.314414770817727e-05,1.964370809818327e-05
selection,4,5.8130356437184314e-05,5.103917032846948e-05,2.5955175374965402e-05
selection,5,5.708892488898583e-05,4.0782789216062596e-05,3.7157095848985165e-05
selection,6,4.676949475498697e-05,3.099130284128409e-05,2.1601248252298193e-05
selection,7,4.384528053227513e-05,3.1746696123296346e-05,2.2344500636508356e-05
selection,8,4.6502825296200794e-05,3.0834867209990426e-05,2.2108230358213257e-05
selection,9,4.582940843593762e-05,2.9383387066535168e-05,2.3932355595072147e-05
selection,10,5.674440861584376e-05,4.6215629128305127e-05,3.1788241605355495e-05
selection,11,5.006003150396516e-05,3.142651532004882e-05,1.9518182129403703e-05
selection,12,5.370906844209424e-05,3.644367122895814e-05,3.151763056963845e-05
selection,13,5.249367315853992e-05,4.142500463613342e-05,2.6914587868739206e-05
selection,14,5.2381152866096245e-05,4.178711359750845e-05,2.6546062717937123e-05
selection,15,4.595908888401429e-05,2.9024380511988186e-05,2.4180478409047402e-05
selection,16,5.409849779424297e-05,3.7049093432003085e-05,3.05865294086302e-05
selection,17,5.38643513427484e-05,4.160160326150005e-05,2.60390320752821e-05
selection,18,5.767564208829629e-05,4.494131286946876e-05,3.2679504484082144e-05
selection,19,5.545384800451629e-05,4.4800429674378994e-05,3.3831463985135715e-05
selection,20,5.199437745587575e-05,3.8077630612820936e-05,3.066254966102695e-05
selection,21,5.77020931591706e-05,4.8037155100344746e-05,2.9341452980133115e-05
selection,22,4.528835233862251e-05,3.081046426512738e-05,2.262874591619948e-05
selection,23,5.795629765587719e-05,4.735377446781117e-05,2.9768832822633594e-05
selection,24,5.671189302149958e-05,4.7199159123548485e-05,3.0709980655051115e-05
selection,25,4.561240798157959e-05,3.4424172987692185e-05,1.88291547454795e-05
selection,26,5.0462505048596286e-05,4.155503372763962e-05,2.7760392469511746e-05
selection,27,5.112393795344326e-05,3.9492298737139214e-05,2.9482744220668192e-05
selection,28,4.471471743555865e-05,3.3607117694035526e-05,2.0027825922619576e-05
selection,29,5.173524786098987e-05,3.5806636181116836e-05,3.306749392737168e-05
selection,30,5.1955481346163645e-05,3.9416731079735965e-05,2.906667654473541e-05
selection,31,5.1843642237030706e-05,4.04901518743077e-05,2.8010062170290398e-05
selection,32,5.402755278871546e-05,4.056854444865494e-05,2.694232809472591e-05
selection,33,5.30490999226007e-05,4.30374940628854e-05,2.45246379994947e-05
selection,34,4.81427851262273e-05,3.106353365153345e-05,2.0941422655687716e-05
selection,35,5.210620055613112e-05,4.2201730311166344e-05,2.6154025489537693e-05
selection,36,5.467825851306929e-05,4.908922135422796e-05,2.975980899413165e-05
selection,37,5.451265416017779e-05,4.4941415665585646e-05,3.407065742834219e-05
selection,38,5.091697445646478e-05,3.879413751696098e-05,3.030447768405539e-05
selection,39,5.4728528588331175e-05,4.70262435076192e-05,3.189139202488648e-05
selection,40,4.5036303029609435e-05,3.020536691055743e-05,2.33887232538764e-05
selection,41,5.255112721170591e-05,4.143851041356159e-05,2.660856188083626e-05
selection,42,5.568103641996595e-05,4.767843646089736e-05,3.067897671247219e-05
selection,43,5.172964666241328e-05,4.1812024423327454e-05,2.674229902870152e-05
selection,44,5.723787701972088e-05,4.5039540703992546e-05,3.265999169168724e-05
selection,45,5.041370457807124e-05,4.183905979950338e-05,2.738135652736817e-05
selection,46,4.821636895974447e-05,3.059802976323162e-05,2.1189454963739873e-05
selection,47,5.810448806480777e-05,4.132894970512951e-05,3.615024923576591e-05
selection,48,5.311525998784073e-05,4.126930279373939e-05,2.6653197110645772e-05
selection,49,5.533590209349826e-05,3.9955671795487105e-05,2.689956476500597e-05
selection,50,4.8074563426440764e-05,3.1570130433291634e-05,2.052376268345121e-05
selection,51,5.6227774469267406e-05,4.416402214251041e-05,3.418539291206744e-05
selection,52,5.816877733829344e-05,4.6618844358732265e-05,3.055212266113425e-05
selection,53,4.5293106981031274e-05,3.302033290875893e-05,2.039268732046624e-05
selection,54,4.5723670179377084e-05,3.246751728689721e-05,2.0877662536101346e-05
selection,55,5.512828381286277e-05,4.75680102057986e-05,3.102745602874332e-05
selection,56,5.222487267009516e-05,3.8675256474526836e-05,2.979180709952328e-05
selection,57,5.6228357671170484e-05,4.5935758188980884e-05,3.2320450397500155e-05
selection,58,5.770669596149275e-05,3.8598697875154237e-05,3.9109049433566596e-05
selection,59,4.5264315577290915e-05,3.395383728738792e-05,1.9480677656135484e-05
selection,60,5.215733282753492e-05,3.6590387201648186e-05,3.191644731891079e-05
selection,61,5.17229480827051e-05,4.223493102152174e-05,2.62928784126892e-05
selection,62,5.519720326273503e-05,4.7627896267691435e-05,3.104877394766488e-05
selection,63,5.716707000186785e-05,4.6074692339594366e-05,3.150395021348802e-05
selection,64,5.6008368777009496e-05,4.556417361128805e-05,3.277058771415859e-05
selection,65,5.565029341420828e-05,4.561713191594085e-05,3.291044719311286e-05
selection,66,5.204187338654707e-05,3.714548163839404e-05,3.152068329189224e-05
selection,67,5.396428571968774e-05,4.029461714081725e-05,2.736254211913558e-05
selection,68,5.570558886318113e-05,4.443889522588443e-05,3.4088807441230776e-05
selection,69,5.103948251951603e-05,4.026014005404807e-05,2.869066758557882e-05
selection,70,5.2087774608859136e-05,3.761419821292889e-05,3.095670499977302e-05
selection,71,4.58319251560836e-05,2.9727550992540383e-05,2.3488979403425995e-05
selection,72,5.334874060742085e-05,4.153474487262941e-05,2.6319331164343642e-05
selection,73,4.6929715148751454e-05,3.059616905702806e-05,2.2103772494322492e-05
selection,74,4.4010375660097024e-05,3.1441653014525435e-05,2.2757925328465116e-05
selection,75,5.282415395336898e-05,3.9752461435765176e-05,2.81666734650374e-05
selection,76,5.1618367490992606e-05,4.3146808184554256e-05,2.5409002694425368e-05
selection,77,5.726527697897252e-05,4.274686811139113e-05,3.519410125886861e-05
selection,78,5.7542644850565475e-05,4.367641151688145e-05,3.40612157847803e-05
selection,79,5.021057262871678e-05,4.0060106200092685e-05,2.9279362779760807e-05
selection,80,5.055247824612175e-05,4.00430461351888e-05,2.921111988915227e-05
selection,81,4.787870490209649e-05,3.278535661669057e-05,1.9263164721628283e-05
selection,82,4.315897981506744e-05,3.229017217372852e-05,2.216699574691004e-05
selection,83,5.15019596978345e-05,3.9882533740628546e-05,2.8878259222363156e-05
selection,84,5.279977114884253e-05,4.148623394348742e-05,2.6655083135100158e-05
selection,85,5.2973234592140116e-05,3.8823186989494503e-05,2.9313305661261393e-05
selection,86,4.501215566418977e-05,3.3101105877490125e-05,2.0416764579337948e-05
selection,87,5.854163091449358e-05,4.270969069955443e-05,3.452298784761369e-05
selection,88,4.496141869854528e-05,3.163164541825657e-05,2.1865241232071775e-05
selection,89,5.7403038422398725e-05,4.769489120071013e-05,2.99028870216416e-05
selection,90,5.1247411654973224e-05,4.1551368605472855e-05,2.730991927370424e-05
selection,91,5.4498368659874654e-05,4.703211079483788e-05,3.1881173289503015e-05
selection,92,4.569850580052177e-05,2.947152264393689e-05,2.3978502543940147e-05
selection,93,5.4224166611957095e-05,4.387773439918655e-05,3.5407064129505866e-05
selection,94,4.8511169402305616e-05,3.058358320016205e-05,2.1175613058089157e-05
selection,95,5.29983662499201e-05,4.024468105764433e-05,2.78247823021112e-05
selection,96,5.771114167289631e-05,4.42450737471316e-05,3.347031533502553e-05
selection,97,5.294006293543924e-05,4.114739780715649e-05,2.693939428689634e-05
selection,98,5.198399943753002e-05,3.847211468631416e-05,3.012106569341785e-05
selection,99,5.7794495771150007e-05,5.025362895816123e-05,2.697080005764841e-05
selection,100,5.245679900852004e-05,4.065656332757396e-05,2.764981399392453e-05
selection,101,5.215615379007943e-05,4.139515934150921e-05,2.7105652197380695e-05
selection,102,5.3299604319753845e-05,3.875930605975337e-05,2.920543636146595e-05
selection,103,5.42363524255584e-05,3.580333954293889e-05,3.178883091638347e-05
selection,104,5.649517977987165e-05,4.58664978673563e-05,3.216173201155604e-05
selection,105,5.697210701936788e-05,4.876661444065444e-05,2.9087161503323974e-05
selection,106,5.629103031507663e-05,4.511428552496772e-05,3.2923815449838584e-05
selection,107,5.3062893715238657e-05,4.344107152286966e-05,2.4560615476967584e-05
selection,108,5.5573183449540394e-05,4.7111929921616155e-05,3.138993284066251e-05
selection,109,5.4132347858803004e-05,3.96383699310145e-05,2.79363582724344e-05
selection,110,5.671109996512368e-05,5.0588117106478083e-05,2.7025225124160087e-05
selection,111,5.571778475338391e-05,4.5632050789994565e-05,3.2871988845477036e-05
selection,112,5.058491963481007e-05,2.902118643573727e-05,2.1809462191141707e-05
selection,113,4.592547307932815e-05,3.434937038488403e-05,1.858821727734024e-05
selection,114,5.1133273186866513e-05,3.866520566091707e-05,3.031202298051387e-05
selection,115,4.374523336429647e-05,3.37386674410471e-05,2.0255045817517906e-05
selection,116,5.761910278266543e-05,4.739400015149381e-05,3.002639180325652e-05
selection,117,5.6348152570923055e-05,4.362531406403817e-05,3.4499567884340216e-05
selection,118,5.3540132793521614e-05,4.036265890062981e-05,2.744478495661733e-05
selection,119,5.5697445568924725e-05,4.598487010438157e-05,3.2670386698145704e-05
selection,120,5.841974095939062e-05,4.9075889630652376e-05,2.7797640827676167e-05
selection,121,4.592593383191083e-05,3.1089049057960114e-05,2.2062640799748848e-05
selection,122,5.1270881963216e-05,4.079791876001262e-05,2.7985003466911817e-05
selection,123,4.714998998413305e-05,3.431394035895958e-05,1.8156978046394304e-05
selection,124,5.459892167777777e-05,4.04539514325063e-05,2.6647643815363764e-05
selection,125,5.088675430857148e-05,3.905081006046089e-05,3.0007063304925127e-05
selection,126,5.151768189761944e-05,4.123924401760069e-05,2.735012149630359e-05
selection,127,5.8323314463216016e-05,4.6845550572362444e-05,3.0279597680529098e-05
selection,128,4.6505906285198244e-05,3.057895713994426e-05,2.2468157779915244e-05
selection,129,4.574784554499026e-05,3.229780949797027e-05,2.0962229393569647e-05
selection,130,5.601319249085816e-05,4.553991895596492e-05,3.278711104621041e-05
selection,131,5.338699752036969e-05,4.02259240720803e-05,2.760518386970538e-05
selection,132,5.472805431916927e-05,4.28968625385842e-05,2.397774936249382e-05
selection,133,4.580754702749379e-05,3.138794780381962e-05,2.1834086922504382e-05
selection,134,5.602551250744983e-05,4.601563178779735e-05,3.219132562581961e-05
selection,135,5.2002848288469336e-05,4.0822396919673795e-05,2.776333179003601e-05
selection,136,5.690089478148454e-05,4.608927109693443e-05,3.1707879691324586e-05
selection,137,5.2765372320478403e-05,3.7314008259216785e-05,3.109085027608324e-05
selection,138,4.528095419731007e-05,3.2982421147676524e-05,2.040747800787491e-05
selection,139,5.537194367234187e-05,4.543520072774905e-05,3.309940389033656e-05
selection,140,4.461733795196911e-05,3.2694513968256236e-05,2.103071722572367e-05
selection,141,4.6249838503936414e-05,3.0320790217005456e-05,2.272273760777363e-05
selection,142,5.1901009508738486e-05,3.947020819158727e-05,2.9145032798511146e-05
selection,143,5.6670035977343606e-05,4.4919031684135196e-05,3.3116761301848364e-05
selection,144,4.561104013171783e-05,2.8626068910427854e-05,2.474284685383693e-05
selection,145,5.387983503843141e-05,3.8513951941420556e-05,2.9101065858833376e-05
selection,146,4.4538682169734966e-05,3.213178219871489e-05,2.1466114891137905e-05
selection,147,5.816651694723875e-05,4.385196715540018e-05,3.356780624822432e-05
selection,148,5.484275817397304e-05,4.730758213998369e-05,3.1517281266191785e-05
selection,149,5.604353204301089e-05,4.774980488053057e-05,3.046361343316493e-05
selection,150,5.4988639660905417e-05,4.1871279735582815e-05,2.4992996585363062e-05
selection,151,4.590407329532893e-05,3.007202113996635e-05,2.312075589585245e-05
selection,152,5.237936363905891e-05,4.04271332662474e-05,2.7842239974497842e-05
selection,153,5.254055411727379e-05,4.144422882363103e-05,2.6828044366594763e-05
selection,154,4.5784198716369444e-05,2.9531063344404804e-05,2.3711694010950766e-05
selection,155,5.5556251596296316e-05,4.356757661225184e-05,3.506382566395181e-05
selection,156,5.1624066122103736e-05,3.896315555286385e-05,2.959412026819383e-05
selection,157,5.257052276600633e-05,4.177218755742566e-05,2.655696242944756e-05
selection,158,5.3605189837900004e-05,3.94097052831827e-05,2.8323316288082472e-05
selection,159,5.6797890191236864e-05,4.264513585450973e-05,3.5410476965126596e-05
selection,160,5.2839140623273734e-05,4.1254830896099234e-05,2.688094178190591e-05
selection,161,4.469777128272099e-05,3.4057632276025e-05,1.957651004064864e-05
selection,162,5.7432978106125006e-05,4.420822751011107e-05,3.351793548859692e-05
selection,163,5.4085305034600885e-05,4.084414304149154e-05,2.6727649826461345e-05
selection,164,4.69644227093957e-05,3.3857224926412156e-05,1.8528036604488066e-05
selection,165,5.02476440594924e-05,4.137509451253095e-05,2.7932731427682157e-05
selection,166,4.54978289024138e-05,2.859756683710121e-05,2.4970298726158244e-05
selection,167,5.560647315826507e-05,4.819520465022646e-05,3.0125220861492574e-05
selection,168,4.632196557271896e-05,3.2503635019414985e-05,2.0456491959398896e-05
selection,169,5.0780609355959685e-05,4.1352429751641804e-05,2.755976957509779e-05
selection,170,5.185766079130817e-05,3.6757877093251314e-05,3.19258213273993e-05
selection,171,5.2443128074989144e-05,3.848123717391598e-05,2.9917198855021068e-05
selection,172,5.0813514043935506e-05,4.1669523634779516e-05,2.7317295299184424e-05
selection,173,5.411596456945662e-05,3.382136880263683e-05,3.3929013035101386e-05
selection,174,5.4617875443322946e-05,3.5508180037918316e-05,3.174664851069673e-05
selection,175,5.2321293420525354e-05,4.231987179206877e-05,2.6083165697925816e-05
selection,176,5.790722442184728e-05,4.386516373209636e-05,3.36439235272155e-05
selection,177,5.1581211995020754e-05,4.1587309178151404e-05,2.712752349392383e-05
selection,178,5.516300919780316e-05,3.8427890210777845e-05,2.8524463077894552e-05
selection,179,5.231586349368539e-05,3.749161061343386e-05,3.099163443532949e-05
selection,180,5.5589349471084754e-05,4.7818512779769494e-05,3.070659329951958e-05
selection,181,5.028996930510129e-05,4.174112431330377e-05,2.7573890961597297e-05
selection,182,5.486246180474534e-05,4.019365480523223e-05,2.6821757330866767e-05
selection,183,5.610505606731733e-05,4.453218043325953e-05,3.377063282683627e-05
selection,184,5.1945511079436785e-05,4.1897039953563694e-05,2.673387900751856e-05
selection,185,5.6729775489923835e-05,4.6978384502669175e-05,3.09703107018113e-05
selection,186,5.4947970732977326e-05,3.9334118813504215e-05,2.7732204116673482e-05
selection,187,4.5244524116730636e-05,2.8274179406691354e-05,2.5239530877232514e-05
selection,188,5.785112356696503e-05,4.772926550208026e-05,2.9526285017633747e-05
selection,189,5.582395484899962e-05,4.688977422017326e-05,3.154754802800732e-05
selection,190,4.575216445343494e-05,3.082561775869751e-05,2.2403918852535612e-05
selection,191,4.627814887490632e-05,3.2244073200471195e-05,2.073460736522612e-05
selection,192,4.564558676007694e-05,3.113348188700464e-05,2.2220446215260346e-05
selection,193,5.607078214288729e-05,4.6694181405228686e-05,3.160762674460781e-05
selection,194,5.3016421799402374e-05,4.2235895169391214e-05,2.5827649333074877e-05
selection,195,4.499983649747342e-05,3.442853572571938e-05,1.9046351714254502e-05
selection,196,5.2207066816239726e-05,3.976240591753973e-05,2.8712244817858588e-05
selection,197,5.352719510092349e-05,4.0416840920010045e-05,2.7419847421381154e-05
selection,198,5.240345605603777e-05,4.0383170562033074e-05,2.79929422668445e-05
selection,199,4.706921377405151e-05,3.0635382103079484e-05,2.187506196225585e-05
selection,200,5.658443180961624e-05,4.6026614611429895e-05,3.2062461028325446e-05
selection,201,5.174487941179332e-05,3.746143471370427e-05,3.1271078525383955e-05
selection,202,5.728559906447724e-05,4.495531021559562e-05,3.2844391293013784e-05
selection,203,4.952011327890165e-05,3.056662128706074e-05,2.0868508679254142e-05
selection,204,4.6453463752777205e-05,3.286979035447913e-05,2.002557733502592e-05
selection,205,5.2276231521461107e-05,3.902045240259311e-05,2.94244868946695e-05
selection,206,5.166154433259591e-05,3.79726650324172e-05,3.0763532958830785e-05
selection,207,5.3426445398401666e-05,4.2647702208076036e-05,2.5065192240702084e-05
selection,208,5.24083785939571e-05,4.3314901757686527e-05,2.4810466879213615e-05
selection,209,5.599216220485826e-05,4.76701570504565e-05,3.0680083291050175e-05
selection,210,4.563391260362542e-05,3.243169115336664e-05,2.082576040253003e-05
selection,211,5.6304394656592984e-05,4.495327697766321e-05,3.330635200038384e-05
selection,212,5.56232983247659e-05,4.46572114259919e-05,3.389306918595316e-05
selection,213,4.637645708154719e-05,2.9270842047553283e-05,2.3740500496868433e-05
selection,214,4.6323540479736436e-05,3.163949550406657e-05,2.1315289544377134e-05
selection,215,5.045214851413083e-05,4.4155594447318985e-05,2.501757605045625e-05
selection,216,4.455116696859525e-05,3.10116585082932e-05,2.2841049572845913e-05
selection,217,5.2028070860307263e-05,4.298491581269982e-05,2.5430531171772645e-05
selection,218,5.4407235216986916e-05,3.752562470723969e-05,2.9938516621590617e-05
selection,219,5.4215680851427444e-05,4.206331432387217e-05,2.5294781286307038e-05
selection,220,5.157487500629022e-05,3.905050091261052e-05,2.9889178586682224e-05
selection,221,5.3300102229054365e-05,3.74806638453608e-05,3.052899062636579e-05
selection,222,5.255953487549259e-05,4.3576072138533195e-05,2.4630979684312166e-05
selection,223,5.824782031260203e-05,4.08833154691387e-05,3.6560203540169625e-05
selection,224,5.1957214957108256e-05,4.009398338956754e-05,2.8282044563600725e-05
selection,225,4.436343766003898e-05,2.69423024363354e-05,2.708416327013764e-05
selection,226,5.706522763433449e-05,4.463536475099932e-05,3.325777909456875e-05
selection,227,5.1805595315320385e-05,3.9779468481545535e-05,2.8867531430407916e-05
selection,228,5.8256048599452126e-05,4.66588813350326e-05,3.0679059081024275e-05
selection,229,5.241140981333577e-05,4.1613254310891366e-05,2.674230315080109e-05
selection,230,5.6085081068447896e-05,4.5393997985267557e-05,3.281118965421442e-05
selection,231,5.226172319743255e-05,4.1914281328917e-05,2.6385700802530304e-05
selection,232,5.4437949874000074e-05,3.6608513811756684e-05,3.08895665081032e-05
selection,233,5.279862747909003e-05,4.2468847175275434e-05,2.5574757626180857e-05
selection,234,5.332176181673419e-05,3.623439442244477e-05,3.1759728840708e-05
selection,235,5.10428187383923e-05,3.8964595175035546e-05,3.003827495193888e-05
selection,236,5.552678988732091e-05,4.665177978629564e-05,3.180167014274234e-05
selection,237,5.6395756970871745e-05,4.278570900093041e-05,3.53475467993269e-05
selection,238,4.5135419814972086e-05,3.335301315768929e-05,2.0019716241417788e-05
selection,239,5.607165741123257e-05,4.808663776013047e-05,3.021963382160087e-05
selection,240,5.22124152564986e-05,4.0382839804329065e-05,2.8074118446089765e-05
selection,241,5.146315086998365e-05,3.857914031225297e-05,3.0358610481155133e-05
selection,242,5.892301116892341e-05,4.2176080587652177e-05,3.476371065599057e-05
selection,243,5.65236089090237e-05,4.74541453224451e-05,3.062005466172531e-05
selection,244,5.3864595910569104e-05,4.328162519770914e-05,2.413622078624531e-05
selection,245,5.02726352100117e-05,4.087186655306367e-05,2.854289279730909e-05
selection,246,5.56891084045115e-05,4.765477855165096e-05,3.082201400047691e-05
selection,247,4.446933117207722e-05,3.319463101053218e-05,2.0559545545396287e-05
selection,248,5.243485781035696e-05,4.070601625770318e-05,2.7609579716605828e-05
selection,249,5.1884187065318205e-05,4.186941348285449e-05,2.669001166142824e-05
selection,250,5.095370387351423e-05,3.978950003577766e-05,2.923236290715281e-05
selection,251,5.0573970433456905e-05,3.99472283921789e-05,2.9227271697669476e-05
selection,252,4.687715621603974e-05,3.120850616987165e-05,2.1530882785379033e-05
selection,253,5.590769125192653e-05,4.482620612158339e-05,3.3554881494625846e-05
selection,254,4.921120718499577e-05,3.707451249192949e-05,3.300806247624026e-05
selection,255,5.3494229309872224e-05,3.98870279104431e-05,2.8007800480205695e-05
selection,256,5.132746703995765e-05,4.078432662220074e-05,2.8056368834515674e-05
selection,257,5.9672236223213944e-05,4.546775010100961e-05,3.103671837718296e-05
selection,258,5.29418648671618e-05,4.0471261889160036e-05,2.7464854106731917e-05
selection,259,4.7261358093535734e-05,2.9776575278778557e-05,2.2615793239054092e-05
selection,260,5.042178193306266e-05,4.157887361493612e-05,2.757022403832209e-05
selection,261,5.495207944091606e-05,4.761070010720614e-05,3.1174377565963524e-05
selection,262,5.2996007459733845e-05,3.694367074739818e-05,3.123412530401727e-05
selection,263,5.406974284102704e-05,3.9523313340901776e-05,2.799025410864279e-05
selection,264,5.735420301563679e-05,4.588438415802238e-05,3.182500779039199e-05
selection,265,5.2866022057153946e-05,4.003669825625733e-05,2.8133370891676973e-05
selection,266,4.547851800462537e-05,2.8189933958985268e-05,2.523507016675811e-05
selection,267,4.566764734899427e-05,3.2372192696318145e-05,2.078190069118711e-05
selection,268,5.342481010038099e-05,4.174578258132408e-05,2.605823706671356e-05
selection,269,5.416662718277698e-05,4.013434841387599e-05,2.7287938205209155e-05
selection,270,5.427265111379028e-05,4.2228828498128056e-05,2.4967385095389716e-05
selection,271,5.630284589996428e-05,4.5938034626263783e-05,3.22337708969513e-05
selection,272,5.226529079889229e-05,3.809978879851194e-05,3.0429628178157294e-05
selection,273,5.6292176306258366e-05,4.6896005409701176e-05,3.124058898794316e-05
selection,274,5.207081423147651e-05,3.8430305324726185e-05,3.0149814799798083e-05
selection,275,5.090626225059249e-05,4.190507328468676e-05,2.6946361305566306e-05
selection,276,5.603186497636668e-05,4.4846246379364803e-05,3.349831644547826e-05
selection,277,5.206114087973625e-05,4.205609797700231e-05,2.637571200783153e-05
selection,278,5.3545539354409127e-05,3.7284339396420484e-05,3.061465809971976e-05
selection,279,5.210991072295439e-05,4.064407345729781e-05,2.7738077045899165e-05
selection,280,5.519077650204114e-05,4.656911359560838e-05,3.214308575500992e-05
selection,281,5.0951028380949325e-05,4.1232883316047023e-05,2.7732690822972376e-05
selection,282,4.5311296802219954e-05,3.3513827547974994e-05,1.9772098592988313e-05
selection,283,5.46360598892014e-05,4.7607696881391e-05,3.116372013440354e-05
selection,284,4.5400979054407024e-05,3.0712995470066106e-05,2.2668384707670953e-05
selection,285,5.321360797294466e-05,4.130549554346553e-05,2.6685891274658368e-05
selection,286,5.1835944630790765e-05,4.082320626242109e-05,2.77770678237232e-05
selection,287,4.566697497466696e-05,3.0506561457145274e-05,2.269943003009221e-05
selection,288,5.210820210668267e-05,4.1213284082707086e-05,2.71732945230845e-05
selection,289,5.6837171116305185e-05,4.289899642047247e-05,3.512187064253158e-05
selection,290,5.374356993546427e-05,4.613585147381753e-05,3.340059534138005e-05
selection,291,4.592698626267563e-05,3.207906000344332e-05,2.1021937008061193e-05
selection,292,5.164533672461295e-05,3.62054595642872e-05,3.2663918965370626e-05
selection,293,4.662413084487003e-05,3.306526720859524e-05,1.9526770039915308e-05
selection,294,5.758042664919252e-05,4.240116408419127e-05,3.529625753069477e-05
selection,295,5.673162630058628e-05,4.7415629240706563e-05,3.0408065047413776e-05
selection,296,4.742225462394765e-05,3.089773265431781e-05,2.1588527013308028e-05
selection,297,5.262377738231632e-05,4.0786839208151056e-05,2.762650683035947e-05
selection,298,5.379588240498908e-05,3.624081162888829e-05,3.1652297546993264e-05
selection,299,5.2559777345062935e-05,3.8571045978122135e-05,2.982946078569668e-05
selection,300,5.3615184953327767e-05,3.9416241741178565e-05,2.8434947648213294e-05
selection,301,5.281804817926588e-05,3.984413490601012e-05,2.8314429209305535e-05
selection,302,5.67293281451762e-05,4.793183035190871e-05,3.0068935651353783e-05
selection,303,5.33627223723203e-05,3.726746153976238e-05,3.063609940045427e-05
selection,304,5.670715653082441e-05,4.726042791184782e-05,3.072073079475859e-05
selection,305,4.456375604854868e-05,3.1086996684697245e-05,2.2867156109583793e-05
selection,306,5.279115564533004e-05,4.124830807005286e-05,2.6931553849677726e-05
selection,307,5.42901427426444e-05,3.9253742243913174e-05,2.8181882384096268e-05
selection,308,5.5056216489956776e-05,4.221194396674023e-05,3.665678170489435e-05
selection,309,5.1285332776801545e-05,4.249478375938927e-05,2.634411421268201e-05
selection,310,4.6019097202584416e-05,3.1649801987849247e-05,2.1478635935820025e-05
selection,311,5.5431842266678615e-05,3.404960277166597e-05,3.307196009996063e-05
selection,312,4.623926136625027e-05,3.0533583599035756e-05,2.2511854258594037e-05
selection,313,4.754213995658073e-05,3.1385649624889755e-05,2.1016238135146185e-05
selection,314,5.397472839808733e-05,4.0577333139759575e-05,2.6985443456106038e-05
selection,315,5.088521893357763e-05,4.237524605770355e-05,2.6631141756767057e-05
selection,316,4.483986486377046e-05,3.195871835866823e-05,2.149930848639159e-05
selection,317,5.1532308328484144e-05,4.114559324242977e-05,2.7602937704937882e-05
selection,318,5.369142470436373e-05,4.1241252891071975e-05,2.6218566156118882e-05
selection,319,5.630243019013788e-05,4.660804950996456e-05,3.1337396905990084e-05
selection,320,5.1625962142177e-05,3.921646802713208e-05,2.952399149691861e-05
selection,321,4.569330258166566e-05,3.142827811694647e-05,2.174680872097667e-05
selection,322,5.7459908611032055e-05,4.620350390214492e-05,3.137903054697314e-05
selection,323,4.652870429324264e-05,3.082653880859794e-05,2.196614258210314e-05
selection,324,5.498341885594007e-05,3.617033151594298e-05,3.109248819097714e-05
selection,325,5.704187670975002e-05,4.5782303273706214e-05,3.19947652312833e-05
selection,326,4.611774772815117e-05,3.316165789713195e-05,1.9878465777751395e-05
selection,327,5.266941609991076e-05,4.047879410775866e-05,2.7772458345141e-05
selection,328,4.514789945564474e-05,3.289364356776562e-05,2.0402511388378518e-05
selection,329,5.416172606638723e-05,4.3803688026833864e-05,3.549455637795561e-05
selection,330,4.579108935836626e-05,3.42797950958228e-05,1.8706412744821692e-05
selection,331,4.545410604864568e-05,3.359008862284666e-05,1.971882615840072e-05
selection,332,5.578364502336499e-05,4.5092159662786174e-05,3.352610355926306e-05
selection,333,5.199170010692764e-05,3.867495002553343e-05,3.0109804169689795e-05
selection,334,5.3456144114468546e-05,3.985977214831939e-05,2.801098335190374e-05
selection,335,4.75217766319639e-05,3.188846121703439e-05,2.0437247518779376e-05
selection,336,4.6005231986205925e-05,3.528748113942522e-05,1.7537468774214943e-05
selection,337,5.731714702452302e-05,4.646828766010785e-05,3.119920998903302e-05
selection,338,5.29711439806977e-05,4.318694645578381e-05,2.486023502696401e-05
selection,339,5.3968672024281325e-05,4.1172438969872074e-05,2.6292459290866846e-05
selection,340,4.999457112036433e-05,3.8597153951906294e-05,3.089757441658181e-05
selection,341,5.2568009009985394e-05,4.010780280170061e-05,2.8186809473823282e-05
selection,342,4.7792016594336764e-05,3.477160138555843e-05,1.708079787952088e-05
selection,343,5.790090034592205e-05,4.387012689512342e-05,3.3408004192151776e-05
selection,344,5.3002261605470324e-05,4.0293093089438124e-05,2.7809005040959282e-05
selection,345,5.221298334392738e-05,4.034260250737385e-05,2.8125073735173172e-05
selection,346,5.690259790654379e-05,4.7058286712312856e-05,3.0633131362233106e-05
selection,347,5.558334159422273e-05,4.694844209372041e-05,3.160198648898431e-05
selection,348,4.5990387518654784e-05,3.2737676578005936e-05,2.0392289434853072e-05
selection,349,5.621045482644523e-05,4.5334279595280396e-05,3.293347474851834e-05
selection,350,5.3848078956191286e-05,3.9299414151595516e-05,2.833757785127819e-05
selection,351,5.639189453828885e-05,4.609448649716402e-05,3.205830639470242e-05
selection,352,5.4859258242802066e-05,4.157884601031951e-05,2.5584752168582916e-05
selection,353,4.541682080748643e-05,3.046198517997329e-05,2.2905976157917138e-05
selection,354,5.2620264798588724e-05,4.148070140980899e-05,2.6671508276396685e-05
selection,355,5.360405313786971e-05,3.7307977479217624e-05,3.0634965360436905e-05
selection,356,5.381853215707566e-05,3.731242133530377e-05,3.045173239909513e-05
selection,357,4.555987595892333e-05,3.157004856423188e-05,2.1682436877864096e-05
selection,358,5.24080064820331e-05,3.979540231047857e-05,2.8582893995200976e-05
selection,359,5.590268563640205e-05,4.632679469611164e-05,3.207525909946973e-05
selection,360,5.293604382512718e-05,3.629219135181747e-05,3.188718207158389e-05
selection,361,5.272962607462399e-05,4.187975862859952e-05,2.6088106281218874e-05
selection,362,5.332166860891224e-05,4.008461918010161e-05,2.7777811219381994e-05
selection,363,5.345922071366304e-05,3.884767494336521e-05,2.9073199586147906e-05
selection,364,4.528042968324001e-05,3.1516599831934076e-05,2.1949446215807345e-05
selection,365,5.1183155347998464e-05,3.9615629355489814e-05,2.9269824236544523e-05
selection,366,5.2291861362084304e-05,3.9908313147088126e-05,2.8478587130557654e-05
selection,367,5.5463103168328536e-05,4.743284717579928e-05,3.112409395632611e-05
selection,368,5.179826400099682e-05,4.327770035622119e-05,2.5303500425077192e-05
selection,369,4.469124353448092e-05,3.110275118553089e-05,2.2640598928376007e-05
selection,370,5.647618893698881e-05,4.335708315766776e-05,3.492618280022836e-05
selection,371,4.6587075712745135e-05,3.465241592674375e-05,1.790248288591391e-05
selection,372,5.46531321711591e-05,4.662907388400944e-05,3.231603593440111e-05
selection,373,5.775442101940606e-05,4.557525397516337e-05,3.187804500263844e-05
selection,374,5.2808484052421436e-05,3.9054791324544116e-05,2.91409802565748e-05
selection,375,5.2758166199562995e-05,3.833872968018809e-05,2.987361920348391e-05
selection,376,5.260877436874631e-05,3.836276801713214e-05,3.0017043713934054e-05
selection,377,5.420796696966954e-05,4.0996514114181706e-05,2.6358312222045632e-05
selection,378,5.280209608828949e-05,4.050702476836591e-05,2.7676295915153815e-05
selection,379,5.229236036568515e-05,4.2474903071145134e-05,2.590763270105475e-05
selection,380,4.7170305355447834e-05,3.3304657585823276e-05,1.9163365140863593e-05
selection,381,5.3250672575483195e-05,3.8558819033254466e-05,2.9332108246881595e-05
selection,382,5.375313336226575e-05,3.8055582585791e-05,2.9427256332052973e-05
selection,383,5.117391501018226e-05,4.120087433517363e-05,2.769905574378286e-05
selection,384,5.869462403573426e-05,4.5196884228934775e-05,3.194606909384245e-05
selection,385,5.233984802177973e-05,4.1126453686945534e-05,2.721296642129573e-05
selection,386,5.262026218957169e-05,4.151875805791429e-05,2.6743496825497736e-05
selection,387,4.7000131324589865e-05,3.4183993584699435e-05,1.8244221431832218e-05
selection,388,5.260238807001648e-05,4.180921360302241e-05,2.6320247805474978e-05
selection,389,5.14589277108205e-05,3.938273748381503e-05,2.942766825122736e-05
selection,390,5.508977490933176e-05,4.189999137106715e-05,2.5085587706462243e-05
selection,391,5.295224651270544e-05,3.674760200491866e-05,3.161521327335205e-05
selection,392,5.00517936299556e-05,4.0353478342399116e-05,2.9174464839084246e-05
selection,393,5.150788175433527e-05,4.0061813283349555e-05,2.8669453138406375e-05
selection,394,5.0355364511635416e-05,4.120309372871047e-05,2.811467374682157e-05
selection,395,5.115820340253228e-05,3.99642315746392e-05,2.913327841565431e-05
selection,396,4.5175246628161294e-05,3.118370558848932e-05,2.233193676871325e-05
selection,397,4.562403128325261e-05,2.92105557233166e-05,2.4267593976853288e-05
selection,398,5.199012885303353e-05,4.013111200274885e-05,2.8502989651151416e-05
selection,399,4.497293072331147e-05,3.252387255943851e-05,2.1042464934684884e-05
selection,400,5.25434987510266e-05,4.082108188911828e-05,2.744963492734437e-05
selection,401,4.4231803152771886e-05,3.291988586017318e-05,2.104288815163184e-05
selection,402,5.079099175089535e-05,3.952795524864505e-05,2.9681369809188818e-05
selection,403,5.6319880765663664e-05,4.2862633378744625e-05,3.538918094107309e-05
selection,404,5.5814863272382816e-05,3.99846065817157e-05,3.854498995336469e-05
selection,405,5.5301494945055824e-05,4.832218502654027e-05,3.0135017663110556e-05
selection,406,4.4841171608844885e-05,3.326926616864633e-05,2.0343460608559413e-05
selection,407,5.271699624461504e-05,4.399627345588306e-05,2.3936103299657703e-05
selection,408,5.259166581485599e-05,3.859760121562232e-05,2.9801594823614417e-05
selection,409,5.2635088772420404e-05,4.2725541677066023e-05,2.5393067804299368e-05
selection,410,5.3042675960068435e-05,3.884459830054346e-05,2.9262835781369316e-05
selection,411,4.5657966546573226e-05,3.439052515248523e-05,1.8743085728604872e-05
selection,412,4.749597774248886e-05,3.0256955184604328e-05,2.2117662853820567e-05
selection,413,5.6488714890399305e-05,4.799049822545586e-05,3.0123374112330764e-05
selection,414,4.756235029064643e-05,3.172035767580264e-05,2.0716068697605797e-05
selection,415,5.712119870384011e-05,4.54698333769447e-05,3.222194617509109e-05
selection,416,5.351357877497257e-05,3.9139240584680825e-05,2.8730507162650754e-05
selection,417,4.392562980624686e-05,3.0749672681482e-05,2.3418351536250022e-05
selection,418,5.004589324473865e-05,3.8829479354954104e-05,3.078472154261974e-05
selection,419,5.276344441044149e-05,4.033383357680894e-05,2.78733556523653e-05
selection,420,5.156702122004252e-05,4.118415595193292e-05,2.734974184686741e-05
selection,421,5.291764911455949e-05,4.152247624535813e-05,2.650609510713671e-05
selection,422,5.734844789867215e-05,4.74522888383845e-05,3.0338658978294902e-05
selection,423,5.7454517087458425e-05,4.477969227863359e-05,3.2886575447719454e-05
selection,424,5.140101572942089e-05,4.145180812214498e-05,2.7233901108692236e-05
selection,425,5.273245821048923e-05,4.224399673218998e-05,2.583304490087722e-05
selection,426,5.7957832383344124e-05,4.7047416047163936e-05,3.0275526647256916e-05
selection,427,5.7109860648251334e-05,4.633227506106481e-05,3.1426897967528026e-05
selection,428,5.489593904832091e-05,4.8731411753058724e-05,3.0086072494111628e-05
selection,429,4.686938430523119e-05,3.4700134095688604e-05,1.7962489888929775e-05
selection,430,4.5582195964540254e-05,3.229741216361216e-05,2.1021100616753618e-05
selection,431,5.744151766885115e-05,4.803629651762667e-05,2.9320338416324176e-05
selection,432,4.589846259822246e-05,3.104461264511675e-05,2.2133921082031857e-05
selection,433,4.9845728213027925e-05,4.062918522703973e-05,2.891257395219381e-05
selection,434,4.541299087455398e-05,3.1210350708064255e-05,2.2139640219302573e-05
selection,435,5.171515153709915e-05,4.227665183885685e-05,2.634305929731869e-05
selection,436,4.5865729455995535e-05,3.374493881928325e-05,1.92856318023619e-05
selection,437,5.6705245518500794e-05,4.6192319957296186e-05,3.17945006532536e-05
selection,438,5.460320702985855e-05,4.656600394996122e-05,3.241243663731211e-05
selection,439,5.73372859576743e-05,4.876489157191944e-05,2.8905270389844384e-05
selection,440,4.6478923650924724e-05,2.832655218043158e-05,2.4668238254922696e-05
selection,441,5.1089178629486404e-05,4.0079732698761994e-05,2.885109678256783e-05
selection,442,4.676141905592329e-05,3.371130774768768e-05,1.9026546936608512e-05
selection,443,4.7620085801315666e-05,2.978686625572089e-05,2.2646631079444544e-05
selection,444,5.080498957400497e-05,3.9636475056499785e-05,2.9460779462746012e-05
selection,445,5.25001745015657e-05,4.084074266759115e-05,2.747740019889298e-05
selection,446,5.097966806311013e-05,3.897800253130895e-05,3.005022753174771e-05
selection,447,5.203105732542789e-05,3.9803626464873464e-05,2.8770878005017287e-05
selection,448,4.57363941757371e-05,3.3003219907285906e-05,2.024085942255816e-05
selection,449,5.659278965614098e-05,4.4851117047009524e-05,3.3236678599317436e-05
selection,450,5.3822173742612786e-05,4.0727401076059325e-05,2.6816814265061758e-05
selection,451,4.7533756838294645e-05,3.0498542766901538e-05,2.1924486722588915e-05
selection,452,4.899226482766345e-05,3.893639554923273e-05,3.115138848190425e-05
selection,453,5.6403110732528766e-05,4.3935080232109326e-05,3.427984096550254e-05
selection,454,5.07791421331849e-05,3.957149505508472e-05,2.9640971786704466e-05
selection,455,4.445934265662149e-05,3.086475929529958e-05,2.3012875672794966e-05
selection,456,5.6959456576162695e-05,4.4937777686199455e-05,3.2953946960438335e-05
selection,457,4.5610473535771825e-05,3.236902837069007e-05,2.069708183908369e-05
selection,458,4.948052646133207e-05,4.253734335466164e-05,2.720357664680857e-05
selection,459,4.534903363439956e-05,3.2445673774360834e-05,2.0930062713185557e-05
selection,460,4.697623877952815e-05,3.036400916170166e-05,2.2340896677847885e-05
selection,461,5.3946058645835504e-05,4.062649215954036e-05,2.703453385314094e-05
selection,462,5.634337075065619e-05,4.774861694673152e-05,3.040349461320016e-05
selection,463,5.0336128268285046e-05,4.3771598879137347e-05,2.5349694531499092e-05
selection,464,5.66592094699911e-05,4.4338942157767643e-05,3.375226248426001e-05
selection,465,5.040808260848335e-05,3.972921172311205e-05,2.9569204287876804e-05
selection,466,4.634134258156301e-05,3.312265038701221e-05,1.9696014666557007e-05
selection,467,4.8159075039378524e-05,2.978072532929101e-05,2.2366579354872025e-05
selection,468,5.59186949244121e-05,3.959892457279428e-05,2.6854449728950282e-05
selection,469,5.112214812220655e-05,3.995935687566876e-05,2.899700642060629e-05
selection,470,5.154394104418954e-05,4.107315942956839e-05,2.7766859404513264e-05
selection,471,4.6397297008109096e-05,3.052420109805423e-05,2.2178809339129583e-05
selection,472,5.151149666345873e-05,3.796031288786091e-05,3.091359481345566e-05
selection,473,4.660783289460149e-05,3.0402427854624534e-05,2.2432834231621864e-05
selection,474,4.7180008739227765e-05,3.322099987435112e-05,1.9272117356010212e-05
selection,475,5.081588307397842e-05,3.918555826187733e-05,2.9753049421866123e-05
selection,476,5.495767330720092e-05,4.236450543203407e-05,2.4584078377565733e-05
selection,477,5.642711488202697e-05,4.465890043535108e-05,3.3534742111055504e-05
selection,478,5.272985936455536e-05,3.7538467775375935e-05,3.074697992624671e-05
selection,479,5.6159083101798455e-05,4.767807294075011e-05,3.057366901290672e-05
selection,480,5.331179187490041e-05,3.7276476714697374e-05,3.074053796827611e-05
selection,481,5.17480565959667e-05,4.279838682264149e-05,2.5737672501139667e-05
selection,482,5.32467009097256e-05,3.9132767397842955e-05,2.884380174558251e-05
selection,483,5.5226472607396987e-05,4.6551906381259315e-05,3.2147140624040735e-05
selection,484,5.355334355156204e-05,3.856662962884454e-05,2.9248739484612157e-05
selection,485,5.205327905762701e-05,3.756287489867533e-05,3.1065690402954406e-05
selection,486,5.2626138942599194e-05,3.689857541411777e-05,3.141790718576466e-05
selection,487,4.4469400443093226e-05,3.217626780833993e-05,2.1641293479848396e-05
selection,488,5.366347503937588e-05,3.4791331063063146e-05,3.311239087553461e-05
selection,489,5.029866650277708e-05,4.075735249694018e-05,2.8431566852163376e-05
selection,490,4.965320164698189e-05,4.0055430559517464e-05,2.9645655913895014e-05
selection,491,5.3047036591513194e-05,3.820155179138877e-05,2.9881582098568515e-05
selection,492,4.821534450159476e-05,3.231175278232281e-05,1.9625477976964163e-05
selection,493,5.68603404411984e-05,4.52976916910448e-05,3.267999825450836e-05
selection,494,5.1031152000725774e-05,4.253631885127956e-05,2.6411079678651496e-05
selection,495,5.473235066265953e-05,3.493058694252102e-05,3.246549433153041e-05
selection,496,5.635435177751771e-05,4.3558502218338584e-05,3.46768557802401e-05
selection,497,5.2137011271502455e-05,3.927322376830456e-05,2.9056688346882922e-05
selection,498,5.3418031276101123e-05,3.9567210628599735e-05,2.8145772442555634e-05
selection,499,5.441532601756469e-05,4.0871689112940446e-05,2.6389124836054262e-05
selection,500,5.0786591274149005e-05,4.0199796711439246e-05,2.8880282559444624e-05
selection,501,4.680029957045053e-05,3.0312021286440544e-05,2.247101952496576e-05
selection,502,4.7466168175687815e-05,2.911092178220942e-05,2.3369372042077026e-05
selection,503,5.8652301503607346e-05,4.4499082386867004e-05,3.251588872613624e-05
selection,504,4.542475345339368e-05,2.7801112926105523e-05,2.573437149571499e-05
selection,505,4.6740598311047404e-05,3.209921274770517e-05,2.064309171174403e-05
selection,506,4.4721259280997884e-05,3.0278508990135267e-05,2.3615557242538036e-05
selection,507,5.506790146054974e-05,4.6998705743937e-05,3.168035714802956e-05
selection,508,4.768268407267365e-05,3.078851848956016e-05,2.1564921317368285e-05
selection,509,5.314238167468416e-05,4.1281227420262465e-05,2.6719697189082446e-05
selection,510,5.5863696178176844e-05,4.476084941469934e-05,3.3664537014713495e-05
selection,511,4.831907211142907e-05,3.6547633785019984e-05,1.5120538756367993e-05
selection,512,4.664155993996034e-05,2.823954212331443e-05,2.465884383957562e-05
selection,513,5.414652769757556e-05,3.8175213532545954e-05,2.9341136562705472e-05
selection,514,5.54723710754993e-05,4.550447791246361e-05,3.3015663977238244e-05
selection,515,5.8540365834074384e-05,4.587315708228552e-05,3.123023177736456e-05
selection,516,5.204515899880512e-05,3.937421990409786e-05,2.918490677000852e-05
selection,517,4.484551875655774e-05,3.2934578569499236e-05,2.0663073167843263e-05
selection,518,5.533474857750791e-05,4.5579046935568976e-05,3.305201370959551e-05
selection,519,5.2341824559700174e-05,4.021986494026369e-05,2.813449225661625e-05
selection,520,5.07293838208843e-05,4.1663077087919744e-05,2.7424809708623027e-05
selection,521,4.6259713926650876e-05,3.0593149503879644e-05,2.24086014728915e-05
selection,522,5.187468983985753e-05,3.997048648236521e-05,2.8550958440547037e-05
selection,523,5.841848477751007e-05,4.5559889419888144e-05,3.180068407322286e-05
selection,524,5.4574067823596365e-05,3.828395238222875e-05,2.911277524298934e-05
selection,525,5.160454510002154e-05,4.0578372395575175e-05,2.8138143203243606e-05
selection,526,4.710981733615776e-05,2.9308973509635638e-05,2.343529853659609e-05
selection,527,5.261249503250959e-05,4.3352838668224665e-05,2.4693355962242686e-05
selection,528,5.1993069597402204e-05,4.2261025803378844e-05,2.614204466509608e-05
selection,529,5.28260086864944e-05,4.125631789090391e-05,2.6907912882158363e-05
selection,530,5.660117073865629e-05,4.246733321910355e-05,3.566656179854679e-05
selection,531,5.626875136794532e-05,4.795080914663526e-05,2.9917040643268568e-05
selection,532,4.7940690464261346e-05,3.0736491634590736e-05,2.142540295593517e-05
selection,533,5.514434291689291e-05,4.709403455852424e-05,3.165801192093571e-05
selection,534,4.8145436175474124e-05,3.2350741598240316e-05,1.9610424806170262e-05
selection,535,4.504671152082059e-05,3.163042735509027e-05,2.192820814966456e-05
selection,536,4.615790167256505e-05,3.3355599901303216e-05,1.9337893235559765e-05
selection,537,5.6306881103820804e-05,4.8394661405562336e-05,2.966775256867909e-05
selection,538,5.376608321807598e-05,4.636479643038269e-05,3.3011145089539436e-05
selection,539,5.33318562392988e-05,4.093473894595834e-05,2.6879154218980036e-05
selection,540,4.734292836970743e-05,2.980163635101819e-05,2.273604485681605e-05
selection,541,5.1490097679095494e-05,3.7863398575733934e-05,3.094943063416129e-05
selection,542,4.9628466030016274e-05,4.236231219452246e-05,2.7208888216583838e-05
selection,543,5.224308003184957e-05,4.246341230079911e-05,2.586552980369962e-05
selection,544,5.3372497597364636e-05,4.3722286836851626e-05,2.3888580425543494e-05
selection,545,5.2297258668638705e-05,4.2983554472318284e-05,2.5205042265441015e-05
selection,546,5.3834123292178075e-05,3.976458135603903e-05,2.7796679801054762e-05
selection,547,5.437914387516351e-05,4.626739808905556e-05,3.2796812464517764e-05
selection,548,5.306772330004614e-05,4.066601520721138e-05,2.721043228994881e-05
selection,549,5.208668692696789e-05,3.9251232242972094e-05,2.9272634731849803e-05
selection,550,5.32110671379675e-05,4.00095519423367e-05,2.7749771977223894e-05
selection,551,5.773838656711219e-05,4.4238308601386476e-05,3.33707980672853e-05
selection,552,4.6940571726122914e-05,3.274107389111421e-05,1.9752296921856168e-05
selection,553,5.526021786996945e-05,4.6590524906657344e-05,3.209261587511784e-05
selection,554,5.676773846595494e-05,4.854393075006551e-05,2.9257470438389468e-05
selection,555,4.6150117968324295e-05,3.1544367819025754e-05,2.1490454238760815e-05
selection,556,5.4448384979296025e-05,3.952728717123222e-05,2.7868803130813374e-05
selection,557,5.885261363336387e-05,4.1662135102473305e-05,3.5479446492707875e-05
selection,558,5.132482014694403e-05,3.983317895055217e-05,2.8988253656847406e-05
selection,559,5.289866720353339e-05,3.7568071558723814e-05,3.058106137744385e-05
selection,560,5.1039962081659975e-05,4.297298148509865e-05,2.5870160508902706e-05
selection,561,5.415821646800516e-05,4.203331439406472e-05,2.5254096023881547e-05
selection,562,4.508691524709267e-05,3.4282451290209454e-05,1.908645535646483e-05
selection,563,5.299561959428063e-05,4.4316597167456835e-05,2.3534774711739047e-05
selection,564,5.4869869876626994e-05,4.428044996567115e-05,3.4646662678599766e-05
selection,565,4.6921387052996174e-05,3.3341607940096645e-05,1.9176982034774694e-05
selection,566,5.0732247834296815e-05,4.425893019387394e-05,2.4619505882653546e-05
selection,567,5.2434984125065e-05,4.326318020935806e-05,2.487053033798208e-05
selection,568,5.2148228296015674e-05,3.819423089941543e-05,3.0242117316343898e-05
selection,569,5.3703283647067935e-05,4.255640201703494e-05,2.4928008996082683e-05
selection,570,5.645234886198725e-05,4.725919981260314e-05,3.087564649415239e-05
selection,571,5.009650964364308e-05,3.5819137347706366e-05,3.381796999696888e-05
selection,572,5.2785684704178965e-05,3.868740789961906e-05,2.9456798163955153e-05
selection,573,4.658821083036235e-05,3.391897104843984e-05,1.8738141546984846e-05
selection,574,4.944489321497197e-05,3.997866831568023e-05,2.9736975337095455e-05
selection,575,5.1479186256065075e-05,4.09947849725778e-05,2.7727199420056857e-05
selection,576,5.144940537962475e-05,4.137051739552956e-05,2.7515321356572866e-05
selection,577,4.7151176869802485e-05,2.9241023843475852e-05,2.3302466411589683e-05
selection,578,5.020875147841717e-05,3.909040670235517e-05,3.033228802106822e-05
selection,579,5.244947481099345e-05,4.061142387318088e-05,2.7722489876287447e-05
selection,580,4.998396743468006e-05,4.029241410448382e-05,2.9171288933618495e-05
selection,581,4.467273818505715e-05,3.428565494415581e-05,1.9317894462444062e-05
selection,582,4.670173532521904e-05,3.1135677206391014e-05,2.1637337441376524e-05
selection,583,5.31398217673325e-05,4.775684376190764e-05,3.1865098548599186e-05
selection,584,5.345958637170034e-05,3.904793572748749e-05,2.877436804436955e-05
selection,585,5.6006864490367155e-05,4.398030609745292e-05,3.436160092372358e-05
selection,586,5.554844481722272e-05,4.59619744000652e-05,3.258386590627849e-05
selection,587,4.6610399219480495e-05,2.988646276559541e-05,2.299859402804453e-05
selection,588,4.23556694381165e-05,3.284671841107454e-05,2.1888640279518713e-05
selection,589,5.842230932597947e-05,4.3457884575669164e-05,3.37805068236398e-05
selection,590,5.446526371605287e-05,4.071668198021835e-05,2.6591039471018955e-05
selection,591,4.4070030718443566e-05,2.8369137618875675e-05,2.588280744117674e-05
selection,592,5.367412097282207e-05,3.895253051198273e-05,2.8779987132850023e-05
selection,593,5.632383658137246e-05,4.697534481417761e-05,3.1254693224291395e-05
selection,594,5.213696659110568e-05,4.094732662242967e-05,2.752211053619685e-05
selection,595,5.187399801612606e-05,4.036143220452476e-05,2.8242306131842283e-05
selection,596,5.2821712347005616e-05,4.14367810133582e-05,2.669531741241886e-05
selection,597,4.752711439941381e-05,3.248247769383452e-05,1.9748431209036568e-05
selection,598,5.684825207730702e-05,4.600171993059698e-05,3.197130810396893e-05
selection,599,4.644187018153194e-05,3.2205313410671684e-05,2.065894621239914e-05
selection,600,5.145004069016364e-05,3.858569900303833e-05,3.0271202731273028e-05
selection,601,5.113845022535709e-05,4.00118663271226e-05,2.8875056345262695e-05
selection,602,5.100294027519723e-05,4.204778650567649e-05,2.7006668525525396e-05
selection,603,4.4534660387742494e-05,3.281094264743262e-05,2.0940611653248784e-05
selection,604,5.2784369654647774e-05,4.2451985568541963e-05,2.5716453598098663e-05
selection,605,4.5191918962693344e-05,3.192931716866968e-05,2.1544382858009567e-05
selection,606,4.7265589892872385e-05,3.329955105085622e-05,1.921481124874331e-05
selection,607,5.6141818631806206e-05,4.288140858351971e-05,3.5409582432327945e-05
selection,608,5.8517840014472574e-05,4.780567982543529e-05,2.9074673672577995e-05
selection,609,5.070800822916596e-05,4.173980509141686e-05,2.7282925914872058e-05
selection,610,5.159682369499293e-05,4.163161818182941e-05,2.706468529879531e-05
selection,611,5.569531587592978e-05,4.895938695521967e-05,2.9218073575111532e-05
selection,612,5.6615917971556393e-05,4.562342362332239e-05,3.244490326705577e-05
selection,613,5.8247676411373005e-05,4.628037013256549e-05,3.1007704312267474e-05
selection,614,5.8090371197802925e-05,4.2489159219087614e-05,3.4794534476815e-05
selection,615,4.531071871426997e-05,3.335636470175035e-05,2.0045600632810722e-05
selection,616,4.981205704886528e-05,3.0277930522903673e-05,2.075507451586582e-05
selection,617,5.274231897186853e-05,4.083771003327116e-05,2.7347535451486685e-05
selection,618,5.307918297308875e-05,4.113634721645364e-05,2.6911820908212152e-05
selection,619,5.288503293083837e-05,3.956274555825936e-05,2.8512068674209776e-05
selection,620,4.6634599430206875e-05,2.4867670205689903e-05,2.8074242020246772e-05
selection,621,5.711665860622017e-05,4.721228643611719e-05,3.042842990824545e-05
selection,622,5.4093809493650136e-05,3.8893886466348015e-05,2.862613666001818e-05
selection,623,5.344458881955013e-05,4.278675258340733e-05,2.489711678827403e-05
selection,624,5.6529846222491704e-05,4.83653996589886e-05,2.9399331012397692e-05
selection,625,5.225969359992685e-05,3.9278814688593096e-05,2.9190525858488993e-05
selection,626,5.569489308791964e-05,4.2073784119519466e-05,3.647251926769826e-05
selection,627,5.297236858608993e-05,4.067493643563147e-05,2.738734227991579e-05
selection,628,5.17008363370971e-05,4.2919685868152264e-05,2.5606167182495944e-05
selection,629,5.3388618593691486e-05,4.3868680033550786e-05,2.3888929935207742e-05
selection,630,4.3627457355131124e-05,3.255963155472178e-05,2.1784230565418666e-05
selection,631,5.434997873059021e-05,4.903614462088857e-05,2.9983356815196812e-05
selection,632,5.7186609048517895e-05,4.497177235864044e-05,3.2847817736000454e-05
selection,633,5.30124683373592e-05,3.791412152708043e-05,3.0216074533336913e-05
selection,634,5.6904737384623986e-05,4.60375482845466e-05,3.1878252576672334e-05
selection,635,4.980056155611226e-05,4.289544747983737e-05,2.6682899273319675e-05
selection,636,5.495389498986971e-05,4.536889984750079e-05,3.353294866712061e-05
selection,637,5.589161828634783e-05,4.626181657989973e-05,3.2062478000187655e-05
selection,638,4.702973818442289e-05,3.141777366401546e-05,2.103688559454733e-05
selection,639,4.446919879796897e-05,2.958729348986377e-05,2.4243544257775544e-05
selection,640,5.304916205079221e-05,4.0501423365947155e-05,2.7485323659230786e-05
selection,641,5.651901285548023e-05,4.8114192813207194e-05,2.9980664900799296e-05
selection,642,5.4648216613954715e-05,3.338735739724849e-05,3.423792710689082e-05
selection,643,5.21616921009345e-05,3.9111567731937e-05,2.9398597249126056e-05
selection,644,5.229397994616077e-05,4.0789125269958725e-05,2.7614559915275867e-05
selection,645,5.67595025002791e-05,4.4868245367824716e-05,3.3164453893110756e-05
selection,646,5.3639131493657826e-05,4.367675429936231e-05,2.3764302296026215e-05
selection,647,4.726728738715974e-05,2.9565350374830517e-05,2.3028267406411888e-05
selection,648,5.409482743592155e-05,4.514143825835391e-05,3.4077567548578297e-05
selection,649,4.490932534198513e-05,3.1728004053858105e-05,2.188206727920602e-05
selection,650,5.771583063073531e-05,4.6331748150384554e-05,3.123122357837593e-05
selection,651,5.496618023949863e-05,4.330250401086814e-05,3.558472114965949e-05
selection,652,4.545460725130612e-05,3.241988275584013e-05,2.0928422880928002e-05
selection,653,5.404574252459701e-05,4.875674431452316e-05,3.0387572968239395e-05
selection,654,4.533456288109934e-05,3.255753947186216e-05,2.07603992298557e-05
selection,655,5.040238061951986e-05,4.180596138049709e-05,2.743943604280609e-05
selection,656,5.658350369199906e-05,4.5755266716391674e-05,3.234644465947382e-05
selection,657,5.583251310373727e-05,4.4987401524339075e-05,3.345802111680054e-05
selection,658,5.014694529518265e-05,4.145616845110144e-05,2.78938041139666e-05
selection,659,5.687937455562356e-05,4.5014637337716755e-05,3.2784226133117755e-05
selection,660,4.574029527604045e-05,2.7456439267847583e-05,2.5936339111858616e-05
selection,661,4.531599471314287e-05,3.207424664284674e-05,2.1379407142209144e-05
selection,662,5.1400080876426666e-05,3.780869040875333e-05,3.1051769720041954e-05
selection,663,5.2950209510562144e-05,3.847782359815056e-05,2.9685027853627168e-05
selection,664,5.8240678161569305e-05,4.066054602782755e-05,3.675409577490905e-05
selection,665,4.67424300002486e-05,3.388774922403706e-05,1.8863324093917975e-05
selection,666,5.315008024972786e-05,3.802733800363692e-05,3.005153722507151e-05
selection,667,5.242874959256947e-05,4.1582382519464416e-05,2.6645293891317197e-05
selection,668,4.910145557547288e-05,2.9586555322018066e-05,2.1983981862395312e-05
selection,669,5.583713025217014e-05,4.7461797055896726e-05,3.093676140992696e-05
selection,670,4.9512769065615136e-05,4.012226945358533e-05,2.9710095554713974e-05
selection,671,4.4018112591884835e-05,3.3184606780388954e-05,2.080338582461215e-05
selection,672,5.0784449685509126e-05,4.1835133906004105e-05,2.7260580687778207e-05
selection,673,5.3725607588242e-05,4.359736563132952e-05,2.401920041468658e-05
selection,674,5.1182613587076004e-05,3.9952066176101e-05,2.8979919848607285e-05
selection,675,5.104378124397737e-05,4.054698497304127e-05,2.8450158102002444e-05
selection,676,5.3482818156381376e-05,3.880804786852325e-05,2.9096920428532227e-05
selection,677,5.2852454574735e-05,4.24930821510421e-05,2.5464514183844606e-05
selection,678,4.462054417564655e-05,3.1226996112887266e-05,2.2724789259736442e-05
selection,679,5.2569734391411356e-05,4.325904496334738e-05,2.4658028514769e-05
selection,680,5.987603785882296e-05,4.625088829717712e-05,2.9953531777906428e-05
selection,681,5.1666566716334345e-05,3.8328678866578325e-05,3.0393835084474504e-05
selection,682,4.7772982975950524e-05,3.380470807070327e-05,1.845589723064728e-05
selection,683,5.359619854583216e-05,4.18637850967524e-05,2.5759231049577852e-05
selection,684,4.556714917408284e-05,3.1284309815112164e-05,2.2062619093744046e-05
selection,685,5.591135822669379e-05,4.4609431545159036e-05,3.37147078411256e-05
selection,686,5.1010076778012416e-05,3.884478178158578e-05,3.0276940626025765e-05
selection,687,5.270464649627734e-05,4.7195015488645405e-05,3.2615420300974334e-05
selection,688,4.735591626144745e-05,2.9045666784337096e-05,2.3510332455259977e-05
selection,689,5.768724943442114e-05,4.530134986057378e-05,3.2389353158702265e-05
selection,690,5.2786468046896446e-05,4.190122459069371e-05,2.621537991178815e-05
selection,691,5.8289406393303155e-05,4.350411353963632e-05,3.372898247335635e-05
selection,692,5.183905199747805e-05,3.726782156107499e-05,3.140061784554272e-05
selection,693,5.8353855651117094e-05,4.5429628799388977e-05,3.185362652595175e-05
selection,694,5.255187245839562e-05,3.684313630024818e-05,3.1587935273364094e-05
selection,695,4.532602743107959e-05,3.044420576178646e-05,2.3014234346392437e-05
selection,696,5.766623523073344e-05,3.97338842013746e-05,3.7968460472296354e-05
selection,697,5.105748860571979e-05,4.005017347975488e-05,2.8914668602027517e-05
selection,698,4.628015637484071e-05,3.02488195912024e-05,2.2751331527219437e-05
selection,699,4.738715570087297e-05,3.518929245316634e-05,1.6938304119803813e-05
selection,700,5.487447401568985e-05,4.639042721692869e-05,3.2289885562805204e-05
selection,701,5.400398133118492e-05,4.191407411044877e-05,2.544331617492046e-05
selection,702,5.472578238608768e-05,4.319886602216069e-05,3.581325332089915e-05
selection,703,4.721640822698316e-05,3.216953250624319e-05,2.0283352081404757e-05
selection,704,5.629909395506668e-05,4.330905761086946e-05,3.493295258229203e-05
selection,705,4.6421157120541365e-05,2.7866877330535698e-05,2.5095947808938725e-05
selection,706,5.159676730559987e-05,3.8590081250179546e-05,3.016846797419798e-05
selection,707,5.698298800776351e-05,4.822168230048375e-05,2.9558532125870003e-05
selection,708,5.7668397492064394e-05,4.4586974848157435e-05,3.302967528117371e-05
selection,709,5.580582237354852e-05,4.341510962930795e-05,3.514079580291507e-05
selection,710,5.613559702647139e-05,4.77523859819229e-05,3.046802951870834e-05
selection,711,5.5101898467936585e-05,4.0327834026407645e-05,2.6628373817893093e-05
selection,712,4.9183075626592045e-05,3.0401596498812464e-05,2.1098087894222994e-05
selection,713,5.703030333625075e-05,4.614691252973297e-05,3.1644764511472125e-05
selection,714,4.522697095099666e-05,3.295024060019451e-05,2.0578392928568343e-05
selection,715,5.3957196834845025e-05,4.015807791536159e-05,2.749665587440503e-05
selection,716,5.312629894960067e-05,3.996219892178368e-05,2.8086533840683612e-05
selection,717,5.237833261413023e-05,4.240235716311745e-05,2.597521797937291e-05
selection,718,4.590877074309051e-05,3.3632731352055786e-05,1.9308345297619784e-05
selection,719,4.737479911417276e-05,3.3253066233213163e-05,1.9112130092563105e-05
selection,720,5.7739205623435526e-05,4.409273594655677e-05,3.351832005352642e-05
selection,721,4.989895483771161e-05,3.960323704957879e-05,2.9912255381612305e-05
selection,722,5.6356260025105994e-05,4.6636228125671794e-05,3.1433283899482416e-05
selection,723,5.3220274269341154e-05,3.8572587160580914e-05,2.943378168728854e-05
selection,724,5.5840201730839384e-05,4.652853415101817e-05,3.183758517010188e-05
selection,725,4.417184580843702e-05,3.4681661433456016e-05,1.918068874038519e-05
selection,726,5.672009773896334e-05,4.731358431878043e-05,3.066222864946715e-05
selection,727,5.3691019238680044e-05,3.975650337615935e-05,2.8018276875667435e-05
selection,728,5.16581318563587e-05,3.924550858148488e-05,2.9490028744581775e-05
selection,729,5.22658171008097e-05,4.1198443930206554e-05,2.721200414402464e-05
selection,730,4.5736811015230766e-05,3.347856495110794e-05,1.9716787090603125e-05
selection,731,5.240759313147973e-05,3.7689148448321355e-05,3.062625704729712e-05
selection,732,5.218723836286136e-05,4.1820145776916765e-05,2.6549101589296026e-05
selection,733,5.3163896599205774e-05,4.0960379199486e-05,2.698276268653506e-05
selection,734,5.28826268652767e-05,3.7784041567246135e-05,3.040209324212463e-05
selection,735,5.223249302887922e-05,4.203878407321376e-05,2.6253255886250503e-05
selection,736,4.445867406043282e-05,3.25892737300439e-05,2.1204357420456732e-05
selection,737,5.2856620589596466e-05,3.700780037238629e-05,3.122828140773997e-05
selection,738,4.6991467166196526e-05,3.314457257155121e-05,1.9416484173640893e-05
selection,739,5.233272585432497e-05,3.9580594625820354e-05,2.8886272436856265e-05
selection,740,5.180057068530903e-05,4.026201463332308e-05,2.839720026916299e-05
selection,741,4.524690239317357e-05,3.350859969601056e-05,1.9946974406678644e-05
selection,742,5.238948721621578e-05,3.8924423128353084e-05,2.936470668031287e-05
selection,743,5.3636946919521736e-05,3.746238163035678e-05,3.0381973200585697e-05
selection,744,5.097124095072631e-05,4.012287246855895e-05,2.8875225947259248e-05
selection,745,4.698584713957957e-05,3.0189220216550512e-05,2.2474400812738338e-05
selection,746,5.681223040329645e-05,4.79228182405405e-05,3.0030844511242298e-05
selection,747,4.5514761006388485e-05,3.261382477744626e-05,2.071930428458593e-05
selection,748,5.2338368216471324e-05,4.179602326646215e-05,2.658374952974884e-05
selection,749,5.350818772339512e-05,4.292345144394723e-05,2.479448127002611e-05
selection,750,5.4759928054425445e-05,4.5230758260053676e-05,3.371603519777901e-05
selection,751,5.211606354044143e-05,4.184579258508222e-05,2.665189954457246e-05
selection,752,5.153614239921587e-05,3.999640867259595e-05,2.8763368501809236e-05
selection,753,5.180359728758274e-05,4.076703373721263e-05,2.771054941392399e-05
selection,754,5.028740063884984e-05,4.0031260114223546e-05,2.941789365175386e-05
selection,755,4.613635150494302e-05,3.326233089053549e-05,1.9759943007233778e-05
selection,756,4.658310967238567e-05,2.9335861510862706e-05,2.3566493074551662e-05
selection,757,5.3857902839930444e-05,4.0790964289887036e-05,2.6793243588130612e-05
selection,758,5.1880236589097934e-05,3.9883759318396494e-05,2.8697769012590704e-05
selection,759,5.682780291691584e-05,4.622474708923094e-05,3.156992453151739e-05
selection,760,5.5489705286326334e-05,4.4472895562408774e-05,3.410275581704891e-05
selection,761,4.548369710109863e-05,3.1032062103235305e-05,2.2410476135010156e-05
selection,762,5.6499802590299514e-05,4.651363879474305e-05,3.156747143298689e-05
selection,763,4.818085339927766e-05,3.186290307982534e-05,2.0244863435492248e-05
selection,764,5.1627228177665265e-05,4.186269515769492e-05,2.673445934579409e-05
selection,765,5.109495728459249e-05,3.968029218211732e-05,2.932661758136674e-05
selection,766,5.2175292566680003e-05,4.193797384021107e-05,2.6489184467851374e-05
selection,767,5.6104762640692436e-05,4.346531208560518e-05,3.478378463096898e-05
selection,768,4.713683071529718e-05,3.0309892675318404e-05,2.2330753528024264e-05
selection,769,5.402796789872836e-05,3.9581979214174196e-05,2.77219794768991e-05
selection,770,5.401104783923848e-05,3.9544792658196295e-05,2.800767385291913e-05
selection,771,5.028081906823469e-05,3.94511339257217e-05,2.9881963391419775e-05
selection,772,5.167614834941598e-05,3.9501569183290005e-05,2.9298693094324707e-05
selection,773,5.5720607401496276e-05,4.658406678338419e-05,3.1704541382951605e-05
selection,774,5.411333897250746e-05,3.886117335747197e-05,2.865302924307704e-05
selection,775,4.564601558898089e-05,3.138277932986977e-05,2.177818995793685e-05
selection,776,5.5657106526906795e-05,4.9095067773853604e-05,2.9112415503799243e-05
selection,777,4.688965656971031e-05,3.0261055752819144e-05,2.2486511050781356e-05
selection,778,5.6226261646653826e-05,3.9746800258729565e-05,2.65671289273552e-05
selection,779,5.270683767163636e-05,4.1291638241199964e-05,2.6888119761804827e-05
selection,780,4.471138488613533e-05,3.1641377374168614e-05,2.2036045883220255e-05
selection,781,4.608151121801398e-05,2.9765651062636963e-05,2.3334202803681364e-05
selection,782,4.479381659758902e-05,3.252330020152812e-05,2.0971633785107488e-05
selection,783,5.297079551120241e-05,3.81675389424635e-05,2.995581572273662e-05
selection,784,4.735923272094237e-05,2.9828052808764848e-05,2.27144346609532e-05
selection,785,4.512986278413724e-05,3.2857128871217585e-05,2.0471046129207246e-05
selection,786,5.2353271164931836e-05,3.7715662003389465e-05,3.059271433319312e-05
selection,787,4.681325651207589e-05,2.8694366369811642e-05,2.399624032948117e-05
selection,788,4.7649015680769336e-05,3.3108266917830316e-05,1.9211693071037735e-05
selection,789,5.5908578093610803e-05,4.449902451936354e-05,3.391152120073539e-05
selection,790,5.516731452454477e-05,4.676292323889254e-05,3.1839992184322004e-05
selection,791,5.7032782391205824e-05,4.603254056442568e-05,3.152777671548352e-05
selection,792,5.33567805300547e-05,3.884980802190319e-05,2.8978500225504793e-05
selection,793,4.447993726482855e-05,3.364732360813344e-05,1.9930061948232084e-05
selection,794,4.563645136685844e-05,3.242847331275024e-05,2.0842425937370177e-05
selection,795,4.7040268793960116e-05,3.26173908057305e-05,1.9978781041818004e-05
selection,796,5.393939210699101e-05,3.772713817109113e-05,3.001569851261535e-05
selection,797,5.304562172227894e-05,4.326992374972298e-05,2.4654052645193636e-05
selection,798,4.4475436561341666e-05,3.0274157109718005e-05,2.35800343108359e-05
selection,799,4.647086995140752e-05,3.0844027277697704e-05,2.2083116536507334e-05
selection,800,5.272696665482724e-05,3.98487702406871e-05,2.83674991273774e-05
selection,801,4.52216321655561e-05,2.9676474166213335e-05,2.384492057287119e-05
selection,802,5.0402670716744456e-05,4.023181954148694e-05,2.9052365068562436e-05
selection,803,4.4507209242756333e-05,3.138413576917766e-05,2.2306836165925484e-05
selection,804,5.520779510852941e-05,4.6380163054215576e-05,3.237765452448354e-05
selection,805,5.266140423960041e-05,3.715780895058085e-05,3.1030954113243706e-05
selection,806,5.121141599287906e-05,3.9550224744736214e-05,2.9363739599947383e-05
selection,807,5.1826403898669855e-05,4.052810663446349e-05,2.807108640936116e-05
selection,808,5.61581380133979e-05,4.632808367424608e-05,3.188292232801531e-05
selection,809,5.783657506150435e-05,4.361119100168072e-05,3.3958297150104275e-05
selection,810,5.585308311618858e-05,4.655367407475995e-05,3.177422391902375e-05
selection,811,4.651772082115217e-05,3.0005324162651804e-05,2.2883360417900377e-05
selection,812,5.600025167424334e-05,4.751888470623617e-05,3.0803281184489615e-05
selection,813,5.1453861469360816e-05,3.7370719431616944e-05,3.1556280123847e-05
selection,814,5.623971955034783e-05,4.7430390550327726e-05,3.079344997489969e-05
selection,815,4.487021998381721e-05,2.957193883996281e-05,2.4184042009426212e-05
selection,816,4.4450783920752676e-05,3.2075680813849524e-05,2.160386793306421e-05
selection,817,4.533637219044075e-05,3.0797748676955775e-05,2.2608922644060726e-05
selection,818,5.163090229886722e-05,4.1874777789620544e-05,2.6552035495069594e-05
selection,819,5.259477501738206e-05,4.183403999840649e-05,2.638722821288106e-05
selection,820,5.4826364365601845e-05,3.8932446026117596e-05,2.824172239038196e-05
selection,821,4.5965429426638405e-05,3.1764170048157524e-05,2.138031014268816e-05
selection,822,5.123071769608319e-05,4.2891519636035176e-05,2.5950066205103906e-05
selection,823,5.2967561388151355e-05,4.569007970651528e-05,2.205752595807208e-05
selection,824,5.050531737166335e-05,3.733833880338179e-05,3.209668479700287e-05
selection,825,5.377735687156543e-05,3.7061368277216546e-05,3.0609781649977116e-05
selection,826,4.597480162382799e-05,3.05659188804923e-05,2.2602635873024558e-05
selection,827,5.1910702007232546e-05,3.9395957891239525e-05,2.9180221163636133e-05
selection,828,4.6613862630160875e-05,3.16458670813809e-05,2.1265729391746295e-05
selection,829,4.46066007831148e-05,3.145603696689601e-05,2.2400631321320497e-05
selection,830,4.597908107831257e-05,2.9894299980825952e-05,2.3174729864027653e-05
selection,831,5.3907091261007524e-05,3.6358603378074683e-05,3.135081306148024e-05
selection,832,5.122089156049735e-05,4.325460230473334e-05,2.550213287974642e-05
selection,833,5.488230885080225e-05,4.6492537699043014e-05,3.220869339793982e-05
selection,834,5.332566824563433e-05,3.956336554519165e-05,2.8426757557134823e-05
selection,835,5.322815594258459e-05,4.136786698003409e-05,2.651359872652667e-05
selection,836,5.2538567213234224e-05,4.0097805408928955e-05,2.8209975073852156e-05
selection,837,4.6241773329744154e-05,2.9687970732860735e-05,2.332205243300377e-05
selection,838,5.40086209454445e-05,3.961235443173168e-05,2.7799835011059892e-05
selection,839,4.462159633311151e-05,3.25870909019153e-05,2.122969916582425e-05
selection,840,5.182270200952142e-05,3.962385103347769e-05,2.901769765122892e-05
selection,841,5.550858995835545e-05,4.234258963322182e-05,3.649568754750794e-05
selection,842,5.855042405385005e-05,4.160081987021797e-05,3.576035874075565e-05
selection,843,4.6892214599486115e-05,3.1067803810456644e-05,2.1653336600105652e-05
selection,844,5.78206404801391e-05,4.246990384620341e-05,3.512197064194669e-05
selection,845,5.589690225295932e-05,4.589164725926617e-05,3.250946688552095e-05
selection,846,4.444223471694938e-05,3.5737967672865333e-05,1.793415566239265e-05
selection,847,5.1473832444566167e-05,4.0841736154239195e-05,2.8009221260296342e-05
selection,848,4.655516927267626e-05,3.25622160058175e-05,2.029452793039378e-05
selection,849,4.566694417157115e-05,2.9061030036375458e-05,2.440045104490938e-05
selection,850,5.4032078132172045e-05,3.803269364493066e-05,2.9455708319254614e-05
selection,851,4.6230526757189486e-05,3.2864327291310924e-05,2.0153463702826084e-05
selection,852,5.6285339161720804e-05,4.7194554937200436e-05,3.1008931397299623e-05
selection,853,5.476190407912525e-05,3.599026127754679e-05,3.136541536373962e-05
selection,854,5.27791138072958e-05,3.905627091108856e-05,2.9056682029113955e-05
selection,855,5.038329977055183e-05,4.314284782493287e-05,2.607399313680051e-05
selection,856,5.2029747180777786e-05,4.307666741063726e-05,2.5399401520243664e-05
selection,857,5.423332116407484e-05,3.910217803135699e-05,2.844129356739083e-05
selection,858,4.338940238733747e-05,3.150029562795438e-05,2.2866271486211744e-05
selection,859,5.111748223796561e-05,4.000428146647389e-05,2.8969369923083952e-05
selection,860,5.496044721077792e-05,3.977591905637124e-05,2.7457019514565848e-05
selection,861,4.4099084734840136e-05,3.2599449547052515e-05,2.1490348688093325e-05
selection,862,4.5537564029842025e-05,3.092191849892249e-05,2.2328481236120703e-05
selection,863,4.7502300575078004e-05,2.9978853054299078e-05,2.249224291955316e-05
selection,864,5.042067388819376e-05,3.878179011694182e-05,3.0529740824680855e-05
selection,865,5.73693424166946e-05,4.35201388199541e-05,3.436052937251084e-05
selection,866,5.4320282209487334e-05,4.19300152558459e-05,2.537894108397088e-05
selection,867,4.5864103624705645e-05,3.419889379874549e-05,1.8778438972365597e-05
selection,868,4.852808552312066e-05,3.10361638589095e-05,2.086772364204758e-05
selection,869,5.620864992221667e-05,4.485630544378497e-05,3.3481814253046695e-05
selection,870,5.6566761273268375e-05,4.708306798047705e-05,3.0991820693779484e-05
selection,871,5.127075310308197e-05,4.156252625603276e-05,2.7190179207926777e-05
selection,872,4.9889096455436164e-05,3.3449454753690824e-05,1.7552242123808593e-05
selection,873,5.204684345495931e-05,3.845128500788902e-05,3.0180440049102476e-05
selection,874,5.4762563948128236e-05,4.549072019400708e-05,3.3449796301719934e-05
selection,875,5.682004023339776e-05,4.7091529980261405e-05,3.0719475511699286e-05
selection,876,5.1469114900323364e-05,4.096993451256708e-05,2.7810091111314683e-05
selection,877,5.548298521567168e-05,4.7687355685340535e-05,3.0689663081014484e-05
selection,878,5.1006476733696694e-05,3.948360301426186e-05,2.9553037372699024e-05
selection,879,5.262212641037736e-05,4.343294854756163e-05,2.447613234273311e-05
selection,880,5.258712400781726e-05,4.234965490400479e-05,2.590942168904122e-05
selection,881,5.2355266676396436e-05,3.90792044676937e-05,2.9182080102380715e-05
selection,882,4.738059740882256e-05,3.2821760915588225e-05,1.9680076083978362e-05
selection,883,4.694120506101281e-05,3.0967967300060245e-05,2.169278890128523e-05
selection,884,5.213261123309555e-05,4.1559594605530496e-05,2.691839390624475e-05
selection,885,5.179505728639927e-05,4.233762415658113e-05,2.617275830552499e-05
selection,886,5.243897058747412e-05,4.26101722167492e-05,2.5686604226419977e-05
selection,887,5.217066451407762e-05,3.8556445192822624e-05,2.99570133939761e-05
selection,888,5.302923995665511e-05,4.231368149267267e-05,2.55581590203588e-05
selection,889,5.232367717832336e-05,4.04379676709786e-05,2.7856530446102033e-05
selection,890,4.585058236724365e-05,3.494035161458621e-05,1.810415610397798e-05
selection,891,4.809054641692488e-05,3.0405618833296104e-05,2.167559169457245e-05
selection,892,5.306406683951792e-05,3.64013374226888e-05,3.168988895766416e-05
selection,893,4.322930544547698e-05,3.308593701367137e-05,2.134820972295694e-05
selection,894,5.255676398425687e-05,3.8756062783017954e-05,2.9456348206754484e-05
selection,895,5.4236599066490195e-05,4.56242069063189e-05,3.371584492686158e-05
selection,896,5.774479937825789e-05,4.426879141102458e-05,3.3328918276048845e-05
selection,897,5.758036027565265e-05,4.880573845208798e-05,2.8779129992084764e-05
selection,898,5.142921772635162e-05,4.186007776047489e-05,2.6830455655721632e-05
selection,899,5.240293915317002e-05,4.071569213431362e-05,2.753212186872366e-05
selection,900,5.088647655222223e-05,3.973834201508084e-05,2.942825657128595e-05
selection,901,5.229945788975878e-05,4.036616094852312e-05,2.8012540966291543e-05
selection,902,5.6783508955169284e-05,4.654649039567567e-05,3.118040026007159e-05
selection,903,5.118384888792989e-05,3.942693856154351e-05,2.95312403314191e-05
selection,904,5.76673503440524e-05,4.081792871007645e-05,3.6885075252695267e-05
selection,905,4.8617611277498046e-05,2.7597445173669e-05,2.4376258650631683e-05
selection,906,5.198570349278853e-05,3.893268571355328e-05,2.9719574715051744e-05
selection,907,5.1135815073079055e-05,4.008694730915517e-05,2.8672287968183156e-05
selection,908,5.175812271541741e-05,3.9458217271552665e-05,2.9209601849744816e-05
selection,909,5.339726066119913e-05,4.143428438393664e-05,2.644533259259111e-05
selection,910,4.5181163155848945e-05,3.1763902178323435e-05,2.1744765686027833e-05
selection,911,4.7435079730068985e-05,2.639418000267199e-05,2.613727383578719e-05
selection,912,5.293959644857388e-05,4.027064825821116e-05,2.7794714757937422e-05
selection,913,4.726412001611947e-05,3.319184257996836e-05,1.8995870183749422e-05
selection,914,5.216126166029762e-05,4.272314045421325e-05,2.570253638834748e-05
selection,915,4.528414730089631e-05,3.241886964983069e-05,2.090090820339776e-05
selection,916,5.751474521348629e-05,4.5697674085324275e-05,3.187448776059126e-05
selection,917,5.814733035664164e-05,4.630933712979896e-05,3.105191767162896e-05
selection,918,5.213878865238044e-05,3.709137041800061e-05,3.153671131826854e-05
selection,919,5.811887736248927e-05,4.577208616702612e-05,3.13413351273046e-05
selection,920,4.9850570546603064e-05,4.0760339714404796e-05,2.8766993075740953e-05
selection,921,5.2990311737830177e-05,3.812588031946425e-05,3.0001746545755532e-05
selection,922,4.841929441381902e-05,3.1005239648424625e-05,2.082531177875463e-05
selection,923,5.183755713941419e-05,4.197497218781783e-05,2.6587660048097394e-05
selection,924,5.692861681715907e-05,4.869167915029938e-05,2.901069632636435e-05
selection,925,4.6851087507324536e-05,3.0593125907023255e-05,2.213969553787437e-05
selection,926,5.129023085125641e-05,4.11797437756897e-05,2.7673369843139083e-05
selection,927,5.033696605360176e-05,4.055783441985801e-05,2.875407358602964e-05
selection,928,5.577846486999291e-05,4.586164717226154e-05,3.2421056234130044e-05
selection,929,5.109211302645735e-05,3.836308149640221e-05,3.0635582725890654e-05
selection,930,5.468322608032425e-05,4.399787656086656e-05,3.507770849911894e-05
selection,931,5.4192877962548114e-05,4.250492127939897e-05,3.6865902856063065e-05
selection,932,4.520380783785858e-05,3.3841751141812964e-05,1.9462032640142807e-05
selection,933,5.051139138681034e-05,4.279338308763758e-05,2.637562378649058e-05
selection,934,5.2763119679524255e-05,3.96063382045376e-05,2.8651688522471412e-05
selection,935,4.851748459052688e-05,3.1452886396235365e-05,2.0445128013521948e-05
selection,936,4.531018524706336e-05,3.0068490489434385e-05,2.326288008666609e-05
selection,937,5.1080462146829315e-05,4.18649821848617e-05,2.7177672890067455e-05
selection,938,5.056632772085482e-05,4.1659302646084025e-05,2.7509229587092404e-05
selection,939,5.672848825240868e-05,4.643062135342178e-05,3.161203558991683e-05
selection,940,5.032149715265748e-05,4.054312685860328e-05,2.8750868052944176e-05
selection,941,5.27425861076606e-05,4.0096330601149033e-05,2.803952209708056e-05
selection,942,4.9417885428759817e-05,3.02450145181487e-05,2.1154441764954656e-05
selection,943,4.3947155601086945e-05,2.9809661345908374e-05,2.4439942996638896e-05
selection,944,4.533157378602532e-05,3.059312716585882e-05,2.2682548407919032e-05
selection,945,4.598353470415999e-05,2.780075623712626e-05,2.5368490905180535e-05
selection,946,5.3936031830199575e-05,4.156509029799881e-05,2.592772186499655e-05
selection,947,5.159305226156392e-05,4.364717289005165e-05,2.4989172702740503e-05
selection,948,4.6299158688473994e-05,2.7612207546463894e-05,2.5437560576825377e-05
selection,949,5.3355386137386666e-05,4.5444046303228315e-05,3.413859100956533e-05
selection,950,4.58379183220485e-05,2.9665897758974404e-05,2.34557318816232e-05
selection,951,5.319926793872576e-05,3.907548722178385e-05,2.8953686567717716e-05
selection,952,5.551081835693068e-05,4.133203597956869e-05,3.731613954331063e-05
selection,953,4.746724920186522e-05,3.15145526585993e-05,2.0895492122404916e-05
selection,954,5.312842645111445e-05,4.235414297510648e-05,2.5641850193541498e-05
selection,955,5.438868441392868e-05,4.575536210753965e-05,3.337435598715606e-05
selection,956,4.533365275207945e-05,3.3525028910243755e-05,1.9844803885820654e-05
selection,957,5.106424736097481e-05,4.197173663012301e-05,2.6959431914045176e-05
selection,958,4.719312458552514e-05,3.2298229218437554e-05,2.0128968793834303e-05
selection,959,5.3954066082227125e-05,3.825833587831008e-05,2.9420046497404708e-05
selection,960,5.063500314857421e-05,4.022264587067337e-05,2.9007222346093084e-05
selection,961,5.139730816006215e-05,4.001730828482001e-05,2.8814389617661788e-05
selection,962,5.2792348207324125e-05,4.085734257060637e-05,2.728495528099999e-05
selection,963,5.48455643471861e-05,4.411023674219403e-05,3.479858055097064e-05
selection,964,5.215733317858518e-05,3.704039480399639e-05,3.1576454056667e-05
selection,965,5.04535148235124e-05,4.070886175913817e-05,2.8519326840462276e-05
selection,966,4.804400219851417e-05,3.166526368700391e-05,2.0430735075777895e-05
selection,967,4.457416689550288e-05,3.27163248112919e-05,2.1053916151789103e-05
selection,968,4.60859336415896e-05,2.7267012298266407e-05,2.586627147580536e-05
selection,969,5.4635671749919566e-05,4.0797812660430244e-05,2.6555723378521193e-05
selection,970,5.139983209850724e-05,4.165726144822884e-05,2.7225072563983577e-05
selection,971,5.1486948129356325e-05,3.956560549734967e-05,2.9187817409526398e-05
selection,972,5.0141433002449813e-05,3.282694809567642e-05,1.8162823385800713e-05
selection,973,5.7647465065217326e-05,4.348573773065013e-05,3.4198275150793304e-05
selection,974,5.0773792956048015e-05,3.984938232911239e-05,2.923749441359259e-05
selection,975,5.107386435154876e-05,4.101341850141521e-05,2.7839968752530593e-05
selection,976,5.30460926522078e-05,4.351821327073638e-05,2.4265902009656995e-05
selection,977,4.554770724930337e-05,2.926224197859777e-05,2.4114277869836495e-05
selection,978,4.691063799545363e-05,3.1372140652277e-05,2.1115486178841062e-05
selection,979,5.0660854902791895e-05,4.149933416046798e-05,2.763973318205164e-05
selection,980,5.47932098858682e-05,3.921090561825065e-05,2.8059445019525015e-05
selection,981,5.6489122364008724e-05,4.250068481891213e-05,3.568423908732111e-05
selection,982,5.3681807027737846e-05,4.873074655022415e-05,3.059678472457058e-05
selection,983,5.518085548450603e-05,4.34470685091052e-05,3.533668556360597e-05
selection,984,5.2303163025749764e-05,3.9853867351976e-05,2.858075085799376e-05
selection,985,5.986578263044547e-05,4.139560304271922e-05,3.527777400674808e-05
selection,986,5.118387046218749e-05,4.088221782966624e-05,2.810015853298752e-05
selection,987,5.1930499285598664e-05,3.7186549185579147e-05,3.1433334849808934e-05
selection,988,5.227942770391931e-05,4.148372183320397e-05,2.6898536830477822e-05
selection,989,4.998163440205243e-05,4.162887018329226e-05,2.7863380528280273e-05
selection,990,5.668249627867158e-05,4.795006421796401e-05,2.988845636523829e-05
selection,991,5.328368017275413e-05,4.193451243016375e-05,2.5837214326378622e-05
selection,992,5.0633267257204216e-05,3.9372938691371406e-05,2.9904107476763668e-05
selection,993,5.349623102304425e-05,4.2134146391410746e-05,2.56811333678326e-05
selection,994,4.5457304881733685e-05,2.7453338703376506e-05,2.6056130120915893e-05
selection,995,5.3490052570651436e-05,4.4554157944787194e-05,2.306861966560011e-05
selection,996,4.6311987105120635e-05,3.1135168302108326e-05,2.1840616153880993e-05
selection,997,5.1999547729242985e-05,3.720348344375174e-05,3.159356389927511e-05
selection,998,5.0184866549674335e-05,4.040648306895447e-05,2.9041333491924894e-05
selection,999,4.6073335541147456e-05,2.8807313889805573e-05,2.4244785878075266e-05
selection,1000,4.5367484855870433e-05,3.035309420865798e-05,2.310039944673005e-05
selection,1001,5.125862837294832e-05,4.106763642150062e-05,2.795857922191929e-05
selection,1002,4.654406609440072e-05,3.318929675768207e-05,1.960601506187293e-05
selection,1003,5.0761600909458054e-05,3.9911052209136446e-05,2.9222869825359972e-05
selection,1004,5.126725143100243e-05,3.73771613539288e-05,3.170219100286279e-05
selection,1005,4.784725682761973e-05,2.8499179907052783e-05,2.3819487455954575e-05
selection,1006,5.5217114134516186e-05,4.612625182375355e-05,3.24092442583965e-05
selection,1007,4.9968960657258786e-05,3.922761075739158e-05,3.0449778260378335e-05
selection,1008,5.728704434653971e-05,4.656660793763144e-05,3.100965675473951e-05
selection,1009,5.585518625352568e-05,4.501792497382061e-05,3.3299007852061145e-05
selection,1010,5.774145741809778e-05,4.744286642670498e-05,2.9910080025528172e-05
selection,1011,5.3691683699303266e-05,4.2630028641501406e-05,2.4930179688311983e-05
selection,1012,5.6314752813418506e-05,4.379033970847109e-05,3.4462716362569575e-05
selection,1013,5.302124973304495e-05,3.9292934475383944e-05,2.8567465281435565e-05
selection,1014,4.555771075058661e-05,2.876939189654156e-05,2.4669925382161236e-05
selection,1015,5.311922204003735e-05,4.328648278555176e-05,2.4592897097754824e-05
selection,1016,5.281016518592457e-05,4.2559494865792655e-05,2.5497868241361894e-05
selection,1017,4.571047883700433e-05,3.2328987092987425e-05,2.089907680675364e-05
selection,1018,4.577975908921648e-05,3.0265941202198247e-05,2.3073698363842288e-05
selection,1019,5.454143885546416e-05,3.620651916603167e-05,3.122284743525411e-05
selection,1020,4.553872495925723e-05,3.3177495238838814e-05,2.0082247698008255e-05
selection,1021,4.5667905712476055e-05,3.441268284048397e-05,1.8714622937432348e-05
selection,1022,5.257880166587029e-05,3.995107853612304e-05,2.8281820688937438e-05
selection,1023,5.630473886351762e-05,4.737279104930552e-05,3.088506604595045e-05
selection,1024,5.8473054903717946e-05,4.782461185340978e-05,2.9082697233086395e-05
selection,1025,5.0854224364507216e-05,3.983371642139072e-05,2.9165670959721156e-05
selection,1026,4.5552820114565086e-05,3.314437315188173e-05,2.0187350164982234e-05
selection,1027,4.623868116873442e-05,3.284737638944028e-05,2.0132134709209316e-05
selection,1028,4.8285839262642546e-05,2.98935486486885e-05,2.223226589759565e-05
selection,1029,5.360428605828803e-05,3.900780420001285e-05,2.878676589463346e-05
selection,1030,4.7695952821403113e-05,3.459692195769897e-05,1.745854641738434e-05
selection,1031,5.112923909536673e-05,4.161976789981827e-05,2.7276544945032236e-05
selection,1032,4.487065654264661e-05,3.232151110658872e-05,2.131191315703639e-05
selection,1033,5.4610044616444884e-05,4.571204969729497e-05,3.338949281257251e-05
selection,1034,4.6388368791080855e-05,3.3636196371925124e-05,1.9195784296443913e-05
selection,1035,4.335859041332207e-05,3.2800489771893544e-05,2.1506791097501686e-05
selection,1036,5.288449050085615e-05,3.981844810394611e-05,2.8247900263221683e-05
selection,1037,4.685942853153793e-05,2.8257422895455115e-05,2.4411918336908688e-05
selection,1038,5.658804299295808e-05,4.520690314014931e-05,3.288564828330547e-05
selection,1039,5.4519634785695583e-05,4.3154799169058235e-05,3.5901137261150905e-05
selection,1040,5.940236984041606e-05,4.801121207169426e-05,2.8614671585434648e-05
selection,1041,5.6370366310629023e-05,4.54699809036519e-05,3.270831567251635e-05
selection,1042,5.281495808915934e-05,3.962033761004661e-05,2.8469295588489474e-05
selection,1043,5.0358184710819815e-05,3.9554420997700833e-05,2.964077921192686e-05
selection,1044,5.747435609850573e-05,4.667648609331709e-05,3.0953772810466174e-05
selection,1045,5.4384884242107296e-05,3.8268910962110345e-05,2.923597143698605e-05
selection,1046,5.219480316245742e-05,3.918652926744137e-05,2.9465125525574533e-05
selection,1047,4.673817948443474e-05,3.3842072306770325e-05,1.856539041759091e-05
selection,1048,5.84042562672277e-05,4.518175703321594e-05,3.207527288943452e-05
selection,1049,5.765756653993055e-05,4.381903521570687e-05,3.380131012380343e-05
selection,1050,4.682342480930694e-05,3.273451945823721e-05,1.988237411440839e-05
selection,1051,4.566532363104463e-05,3.2323212282941024e-05,2.0928707456125786e-05
selection,1052,5.9443452235037524e-05,4.822185121413862e-05,2.8193347917273868e-05
selection,1053,5.312616229223218e-05,3.988333093472132e-05,2.8143512490655373e-05
selection,1054,5.143812432438779e-05,4.059772334907721e-05,2.809471516424017e-05
selection,1055,4.598954294569612e-05,2.9479086515726336e-05,2.370663072030059e-05
selection,1056,5.159904316089869e-05,4.09356405628905e-05,2.760631607443024e-05
selection,1057,5.573244034278019e-05,4.634371420244917e-05,3.214467423316646e-05
selection,1058,4.958489988097057e-05,4.004321566029347e-05,2.95811881551434e-05
selection,1059,5.161522528925026e-05,4.0011863895375985e-05,2.8714304083182943e-05
selection,1060,4.7684079166154175e-05,3.176791388073178e-05,2.0501261343289124e-05
selection,1061,4.571019797730495e-05,3.0147059300548306e-05,2.3187783219774572e-05
selection,1062,4.55910113295095e-05,3.172432191864379e-05,2.1577838715605614e-05
selection,1063,5.117781953683784e-05,4.111490670849637e-05,2.7807824761930294e-05
selection,1064,5.1394837164693684e-05,4.0391252587003986e-05,2.843538046299518e-05
selection,1065,5.3193690484561255e-05,3.8814524759434085e-05,2.9229885661622695e-05
selection,1066,4.5412221764492395e-05,2.730438444875653e-05,2.631685913489489e-05
selection,1067,5.2019250599506876e-05,3.882519925319497e-05,2.975057419254557e-05
selection,1068,4.5290999231636136e-05,3.1761611936775954e-05,2.169686109386775e-05
selection,1069,5.076915633999882e-05,3.969992516472864e-05,2.949607497304257e-05
selection,1070,5.55814227171172e-05,4.315479092939977e-05,3.5593561505811e-05
selection,1071,5.6290433828033425e-05,4.843803394294169e-05,2.9510586498626968e-05
selection,1072,5.832179422625096e-05,4.463403082272088e-05,3.2582680234846974e-05
selection,1073,5.682794234619326e-05,4.436888239842434e-05,3.364034253691635e-05
selection,1074,5.559767074506763e-05,4.510875845887825e-05,3.344726236980313e-05
selection,1075,5.216130205582916e-05,3.818017534963645e-05,3.0385876302351017e-05
selection,1076,5.5779941069423095e-05,4.397318391864228e-05,3.448630664204326e-05
selection,1077,4.513754526943209e-05,3.277303921326475e-05,2.0615364515474478e-05
selection,1078,5.050053713297656e-05,3.943019254602232e-05,2.9739232103703608e-05
selection,1079,5.5763428814786036e-05,3.537662803909626e-05,3.152050075508826e-05
selection,1080,5.25511157611486e-05,4.263633443619662e-05,2.5510828974900878e-05
selection,1081,5.1584239769458065e-05,4.186327662408348e-05,2.6668380300041976e-05
selection,1082,4.68169722295487e-05,2.8188110481326312e-05,2.4645133207100365e-05
selection,1083,6.0581141474703685e-05,4.5567409305716205e-05,3.053520872713485e-05
selection,1084,5.6317481813522486e-05,4.211993696813162e-05,3.622135150084155e-05
selection,1085,5.3653707889999185e-05,4.278210815821508e-05,2.4792865689522314e-05
selection,1086,5.031734201940454e-05,4.0222505778025956e-05,2.9169858749535493e-05
selection,1087,4.6031586076713426e-05,2.9702581128588743e-05,2.3430603506592354e-05
selection,1088,5.6392511097934074e-05,4.5533330140015666e-05,3.2544050926457853e-05
selection,1089,5.895722819553389e-05,4.77424224995208e-05,2.8999667371365725e-05
selection,1090,4.5781686251203325e-05,3.359777622947213e-05,1.9556224620931756e-05
selection,1091,5.147880255415719e-05,4.146929400927765e-05,2.7297845323656898e-05
selection,1092,5.330085469349682e-05,4.3591720609188636e-05,2.4061548277693654e-05
selection,1093,5.3965674469736174e-05,4.1414508170183966e-05,2.6242682281062557e-05
selection,1094,5.243069522324809e-05,3.729589269190541e-05,3.115172551659665e-05
selection,1095,5.23496401406242e-05,4.200136598666204e-05,2.626918562062586e-05
selection,1096,5.727820590014248e-05,4.5403540708316546e-05,3.23890126984537e-05
selection,1097,4.538131669742932e-05,2.9898596753127715e-05,2.3530108108841466e-05
selection,1098,4.5587479575354874e-05,3.0515217591297426e-05,2.27730231345434e-05
selection,1099,4.5618835634411096e-05,3.463234577828224e-05,1.8552632469412852e-05
selection,1100,4.8251970731645196e-05,2.795800563513857e-05,2.4166870819840945e-05
selection,1101,5.532386348847286e-05,4.774538835922736e-05,3.07426442202198e-05
selection,1102,5.477396616581145e-05,4.605341899632776e-05,3.2948921056293786e-05
selection,1103,5.121674876535668e-05,3.975697912008454e-05,2.917405045286346e-05
selection,1104,5.4574044710941075e-05,4.522827419284097e-05,3.3869604964118795e-05
selection,1105,5.251836307525553e-05,3.663685395572001e-05,3.17452404994926e-05
selection,1106,5.521591475607311e-05,4.705489260166686e-05,3.1550437709631243e-05
selection,1107,4.699638523771439e-05,2.940687040238414e-05,2.3316447435760743e-05
selection,1108,4.595408129109345e-05,3.066305177881796e-05,2.248197423025413e-05
selection,1109,5.332903296923265e-05,4.0115498824226795e-05,2.7815719138817784e-05
selection,1110,4.622006415550634e-05,3.055207958385653e-05,2.233068224570826e-05
selection,1111,5.5093547346984884e-05,4.73669512654777e-05,3.141926584518015e-05
selection,1112,4.884407913222361e-05,3.165620412657355e-05,1.9998925440787798e-05
selection,1113,4.638015897069562e-05,3.017509764853908e-05,2.2793889255000673e-05
selection,1114,4.425765431614861e-05,3.17798634941067e-05,2.2122504299005075e-05
selection,1115,5.645234886198725e-05,4.725919981260314e-05,3.087564649415239e-05
selection,1116,5.761813234362875e-05,4.8712807546853956e-05,2.8538262783254802e-05
selection,1117,5.334142718331217e-05,3.883593977832026e-05,2.9109900203783192e-05
selection,1118,5.66039355667488e-05,4.5870515528207044e-05,3.221121870979205e-05
selection,1119,5.369993120796795e-05,4.23054832271364e-05,2.51267655429445e-05
selection,1120,5.2305908574404136e-05,4.0899541476509846e-05,2.751007359921653e-05
selection,1121,5.7053553549783116e-05,4.322781909115262e-05,3.469198845144578e-05
selection,1122,5.2810489077733584e-05,4.203293343287198e-05,2.6114089294310733e-05
selection,1123,5.4790645218790514e-05,4.1984718038436906e-05,3.695255156341566e-05
selection,1124,5.293007090212702e-05,3.979615938644592e-05,2.829527700758317e-05
selection,1125,5.640710337675658e-05,4.746641052579127e-05,3.0657730444733895e-05
selection,1126,4.390537275025675e-05,2.9723189954628886e-05,2.4616795091162067e-05
selection,1127,5.418235688728832e-05,3.936646794014033e-05,2.8101829002050777e-05
selection,1128,4.815089388782317e-05,2.6904322342826024e-05,2.53159509473975e-05
selection,1129,4.528451565725274e-05,3.1374328194134936e-05,2.2071041499165872e-05
selection,1130,5.247127788872572e-05,3.917444043978993e-05,2.9159924845678624e-05
selection,1131,5.4305303215530554e-05,4.07624222862821e-05,2.6492723868896542e-05
selection,1132,5.20168165824853e-05,3.8239385316673964e-05,3.0350524575643322e-05
selection,1133,5.2432068371044444e-05,3.9659429040314575e-05,2.8720644552010123e-05
selection,1134,5.273375421068131e-05,3.9766963178664096e-05,2.8537534117488276e-05
selection,1135,5.089987479874821e-05,3.919369287623355e-05,2.986712004787385e-05
selection,1136,5.4048164803078195e-05,4.19073698112377e-05,2.543191474394051e-05
selection,1137,5.3923722489598054e-05,3.820692052976633e-05,2.9513317676366644e-05
selection,1138,5.1193699828983056e-05,4.0678957352990956e-05,2.8243661232831887e-05
selection,1139,5.3484516742760626e-05,3.946908464105126e-05,2.832606842123154e-05
selection,1140,5.661232697985256e-05,4.438142790611946e-05,3.375916107914268e-05
selection,1141,5.6797890743478744e-05,4.53662697072569e-05,3.261483660891731e-05
selection,1142,5.187100593930638e-05,4.030506821479922e-05,2.8297990707231384e-05
selection,1143,4.8508691477221135e-05,3.156103242628029e-05,2.039816658592385e-05
selection,1144,5.263432142984929e-05,4.0674820490726383e-05,2.754716317171369e-05
selection,1145,5.7244387489739835e-05,4.747161737771728e-05,3.0313604662004673e-05
selection,1146,5.4751017886961055e-05,4.188037334590715e-05,3.732904311892742e-05
selection,1147,5.038045892689483e-05,4.080898975676963e-05,2.837364119064959e-05
selection,1148,5.14620238779994e-05,3.8496875344802345e-05,3.0236134482970326e-05
selection,1149,5.869574751168523e-05,4.376166383464909e-05,3.329647686461482e-05
selection,1150,5.262707673839256e-05,3.8912984865927936e-05,2.940093709885064e-05
selection,1151,5.059558315683728e-05,4.098769392351084e-05,2.8174801345610784e-05
selection,1152,5.3664622119538976e-05,3.853568886481423e-05,2.9311572603455205e-05
selection,1153,5.643276731331577e-05,4.724754522709867e-05,3.087877601810145e-05
selection,1154,5.645104703968849e-05,4.6909606811179105e-05,3.122966003906464e-05
selection,1155,5.411730096491623e-05,4.428748872062494e-05,2.2837330568090176e-05
selection,1156,4.769844838711417e-05,3.0312581570917587e-05,2.2037237447913053e-05
selection,1157,4.7133679491584416e-05,2.974898561316726e-05,2.2950518158457658e-05
selection,1158,4.8261054133124636e-05,3.0410997269973936e-05,2.1473230162723325e-05
selection,1159,5.1591141212345305e-05,3.8612909813065824e-05,3.0125272737952896e-05
selection,1160,5.261629199468086e-05,3.781587509549328e-05,3.0455581134323262e-05
selection,1161,4.60554662839763e-05,2.9385475738573824e-05,2.3834463549045864e-05
selection,1162,5.2445501981247656e-05,4.0911351443007144e-05,2.740945123380721e-05
selection,1163,4.5518200199677474e-05,3.131839419955335e-05,2.2029580888626753e-05
selection,1164,5.1431674639124034e-05,3.8902481378439525e-05,2.989235143626322e-05
selection,1165,5.859803921330325e-05,4.4580404341895934e-05,3.244342970109975e-05
selection,1166,4.520768941059029e-05,3.478811081128774e-05,1.8291929869762415e-05
selection,1167,5.2973050988203286e-05,4.4736037179723025e-05,2.2981413456262122e-05
selection,1168,5.6908099109513746e-05,4.39925592950291e-05,3.3922881006476856e-05
selection,1169,5.25764822013394e-05,3.8437879539102206e-05,2.9967971826639056e-05
selection,1170,5.618338197503854e-05,4.512590348432577e-05,3.318919550180594e-05
selection,1171,5.215818703335682e-05,4.317505016249332e-05,2.523297415756596e-05
selection,1172,5.889040087730924e-05,4.449418268818929e-05,3.256498534766976e-05
selection,1173,5.5919122304350625e-05,4.612520713061873e-05,3.216810991641177e-05
selection,1174,5.242024942796894e-05,3.846693786743144e-05,2.9934960280726527e-05
selection,1175,5.682739885468193e-05,4.32918997660945e-05,3.471868281096375e-05
selection,1176,5.2508242075727586e-05,4.1528676929373185e-05,2.669066047811905e-05
selection,1177,5.555045499047761e-05,4.790899397892374e-05,3.059478751046829e-05
selection,1178,4.3451506524323185e-05,3.174754282843115e-05,2.2528893195613614e-05
selection,1179,5.413986802853325e-05,4.150204559031914e-05,2.5962956956651162e-05
selection,1180,5.7781367060595184e-05,4.515221493656504e-05,3.2503827473270016e-05
selection,1181,4.5409384506282e-05,3.408126142669889e-05,1.9246877327080564e-05
selection,1182,5.208616759153462e-05,3.856728407927905e-05,3.0061237849915354e-05
selection,1183,5.5660692556745776e-05,4.6158058602503805e-05,3.2351347770100954e-05
selection,1184,5.2792348207324125e-05,4.085734257060637e-05,2.728495528099999e-05
selection,1185,4.727304893428337e-05,3.113444276180126e-05,2.1410280575150946e-05
selection,1186,4.725689645971823e-05,2.7943357194967702e-05,2.4669612102851915e-05
selection,1187,5.241262579307487e-05,4.253476002704568e-05,2.570534144314954e-05
selection,1188,5.128280113993369e-05,3.824134368880684e-05,3.0677544967824656e-05
selection,1189,5.3656145982815865e-05,3.763695991138424e-05,3.0191863119583458e-05
selection,1190,5.297587682444745e-05,4.218467510611689e-05,2.5905937826273796e-05
selection,1191,5.150710829869576e-05,3.8576445202136954e-05,3.0254680635698754e-05
selection,1192,5.146763981915771e-05,4.2444139099778044e-05,2.6279130646038713e-05
selection,1193,4.631306849522117e-05,3.269243042310837e-05,2.029666723404682e-05
selection,1194,5.223008236064512e-05,3.892373094884712e-05,2.9521190613890497e-05
selection,1195,4.641409591691911e-05,3.093816225190784e-05,2.1966867330614294e-05
selection,1196,5.404595887006999e-05,4.6428506367967186e-05,3.281719323021647e-05
selection,1197,5.050001060713101e-05,3.912038984618334e-05,3.0227216158404073e-05
selection,1198,5.31589324358567e-05,3.847181623752556e-05,2.9593172685233818e-05
selection,1199,5.2293842458606554e-05,3.890300825737402e-05,2.9546995148460647e-05
selection,1200,5.471442941545876e-05,3.889242849026468e-05,2.844568155754524e-05
selection,1201,5.39565273274853e-05,4.620656297036287e-05,3.309159583639369e-05
selection,1202,5.305365314675766e-05,3.931561272107201e-05,2.875847570238075e-05
selection,1203,5.729957451877763e-05,4.412085690600137e-05,3.367339386213468e-05
selection,1204,5.56009330000973e-05,4.9246411438508984e-05,2.9061048036962173e-05
selection,1205,5.256822944218362e-05,3.8900133682124605e-05,2.937674484874521e-05
selection,1206,5.230696277754774e-05,3.961043978699812e-05,2.8921337560528147e-05
selection,1207,4.7181109774355534e-05,3.232769490240193e-05,2.0232550707609217e-05
selection,1208,5.2819782735223896e-05,4.159343183316715e-05,2.6317474497803535e-05
selection,1209,5.1860705125741624e-05,3.866762834661129e-05,2.9967749083622733e-05
selection,1210,5.744997090810475e-05,4.342190742740235e-05,3.437577111325904e-05
selection,1211,5.485349733601895e-05,4.835523781408047e-05,3.048560526593115e-05
selection,1212,5.220353730477992e-05,4.094196457866432e-05,2.748217605460872e-05
selection,1213,5.2727757284890204e-05,3.8234001123140616e-05,3.0015950729413815e-05
selection,1214,5.221144031490088e-05,3.999368967525591e-05,2.8432899878827363e-05
selection,1215,5.643177047415585e-05,4.433527288189916e-05,3.385238615425638e-05
selection,1216,5.711422771558968e-05,4.482892259743504e-05,3.312386480590698e-05
selection,1217,4.5730564403578484e-05,3.085121292902697e-05,2.233384736060666e-05
selection,1218,4.869046318859491e-05,2.9230704094350772e-05,2.2560378438329326e-05
selection,1219,5.0410618429665015e-05,4.1166535345471734e-05,2.808024537247418e-05
selection,1220,5.453785148325937e-05,3.828963764613482e-05,2.8970173660678877e-05
selection,1221,4.808616161126774e-05,2.883818514955138e-05,2.3259573794622353e-05
selection,1222,5.586347499519473e-05,4.6953629833927664e-05,3.137639916379414e-05
selection,1223,5.622962113352887e-05,4.7029350803992077e-05,3.1047164794127254e-05
selection,1224,5.684445773790692e-05,4.4099732783134504e-05,3.400124290985771e-05
selection,1225,5.1702013871305974e-05,4.349650504154245e-05,2.5030766876812516e-05
selection,1226,5.569594903935948e-05,4.782921200425133e-05,3.052376425365635e-05
selection,1227,4.413459831263487e-05,3.113200935080861e-05,2.2806550540572564e-05
selection,1228,5.17224705298913e-05,3.733121734915032e-05,3.136632574255729e-05
selection,1229,5.3630913640598594e-05,4.8383227536363985e-05,3.089752765132237e-05
selection,1230,4.597279439111412e-05,3.2009262836829454e-05,2.110362138112425e-05
selection,1231,5.583468467201434e-05,4.540962176693765e-05,3.304619576743128e-05
selection,1232,5.517762171406355e-05,4.7616241682186965e-05,3.105190347161393e-05
selection,1233,5.6933909551425535e-05,4.327896014774375e-05,3.4777761970702676e-05
selection,1234,5.070516188576148e-05,4.157907101110064e-05,2.7543927487396262e-05
selection,1235,5.468567094473895e-05,4.766163863743501e-05,3.1229225386232364e-05
selection,1236,5.295413755475011e-05,3.916673251189216e-05,2.893115955895856e-05
selection,1237,5.169270856981868e-05,4.014527672497349e-05,2.8548678999794932e-05
selection,1238,5.641956272064143e-05,4.301871234944044e-05,3.54114451207184e-05
selection,1239,5.069488265089689e-05,3.795669313436985e-05,3.130000104526986e-05
selection,1240,4.572008566448452e-05,3.152683457071797e-05,2.1553356715494686e-05
selection,1241,5.656383534620075e-05,4.362135984525092e-05,3.4599647022694644e-05
selection,1242,4.772820779721968e-05,3.171188763753284e-05,2.063147868232312e-05
selection,1243,5.481460037952954e-05,4.578664431958396e-05,3.310129155530797e-05
selection,1244,5.164646224650131e-05,3.921795451624244e-05,2.9335323690233423e-05
selection,1245,4.674460347426721e-05,3.105544460467444e-05,2.1705628610916632e-05
selection,1246,5.2886176187580863e-05,4.07748298158209e-05,2.7346816381924294e-05
selection,1247,5.6172119574938964e-05,4.3928848541818465e-05,3.4561603968817596e-05
selection,1248,4.546271041062793e-05,3.313072878782258e-05,2.022005671344023e-05
selection,1249,5.1556162731442524e-05,3.94778704107333e-05,2.9298624386642083e-05
selection,1250,4.8089002762780523e-05,3.224240013867115e-05,1.975215063581689e-05
selection,1251,4.554631284760815e-05,3.1866764311985415e-05,2.122833283333832e-05
selection,1252,5.257356543076059e-05,4.070052867163577e-05,2.7604324377386173e-05
selection,1253,5.187003496229388e-05,3.9440960489164855e-05,2.899505613365883e-05
selection,1254,5.555012601303631e-05,4.622876017385552e-05,3.235750739344753e-05
selection,1255,5.6180559756074744e-05,4.3812678682349727e-05,3.446863298475619e-05
selection,1256,5.710475939285199e-05,4.415916398493957e-05,3.3601578647722835e-05
selection,1257,5.203541809339161e-05,4.3052173025462556e-05,2.5525118146571923e-05
selection,1258,5.689995497089756e-05,4.69914341133292e-05,3.092683257390962e-05
selection,1259,5.244268976489104e-05,3.882087016448047e-05,2.954177667087604e-05
selection,1260,5.141284947075379e-05,4.149423915709856e-05,2.713551354544392e-05
selection,1261,5.2687663072782925e-05,3.927890337714255e-05,2.9019098578122283e-05
selection,1262,5.256616022637664e-05,4.0148909890260266e-05,2.81715394890082e-05
selection,1263,4.412140115974319e-05,3.0044669093932406e-05,2.416039175051861e-05
selection,1264,5.5124733396873175e-05,4.7907222074837666e-05,3.0633142580551704e-05
selection,1265,5.650885627870275e-05,4.557155531280284e-05,3.251380320426769e-05
selection,1266,5.609998003763008e-05,4.664959197096064e-05,3.15372416852964e-05
selection,1267,5.1438529068872566e-05,3.948385270418036e-05,2.933175375195601e-05
selection,1268,5.5027038191963996e-05,4.033706878318543e-05,2.6674942149375852e-05
selection,1269,5.579697600511044e-05,4.36268593157853e-05,3.4880711671385205e-05
selection,1270,4.574798690676756e-05,3.199959683435827e-05,2.1206649973983957e-05
selection,1271,4.952220679097248e-05,4.1047274541373876e-05,2.8613197590366885e-05
selection,1272,5.733115356865962e-05,4.317831999686586e-05,3.435969371409771e-05
selection,1273,5.333459597512354e-05,3.9470470773053786e-05,2.8451655037942164e-05
selection,1274,5.368326616723849e-05,4.000243488976788e-05,2.7535868843802727e-05
selection,1275,4.323297158916562e-05,3.224567009215241e-05,2.2087298539795177e-05
selection,1276,4.600514213528349e-05,2.782076770089565e-05,2.535055337161699e-05
selection,1277,4.620479847922475e-05,2.9647211690319316e-05,2.338897248979693e-05
selection,1278,5.099741900627751e-05,3.6639205576349895e-05,3.2414221310262114e-05
selection,1279,5.199572086734203e-05,3.9728336417064585e-05,2.88583443697711e-05
selection,1280,5.874135318827274e-05,4.416577992461048e-05,3.293768421449176e-05
selection,1281,5.2187624891460246e-05,3.774033808102533e-05,3.0763903593951036e-05
selection,1282,4.587359458465781e-05,2.8517948106751483e-05,2.4728642670178652e-05
selection,1283,5.5307701993425016e-05,4.435339257016894e-05,3.434310072794785e-05
selection,1284,5.20750482314249e-05,3.956252829049513e-05,2.8971694359006593e-05
selection,1285,5.352414861851166e-05,3.5911010816635255e-05,3.199427963711292e-05
selection,1286,5.176736490616532e-05,3.991985322021312e-05,2.8646359264627352e-05
selection,1287,5.2358066780981463e-05,3.853078369736462e-05,2.9830251796234393e-05
selection,1288,4.485578096750522e-05,3.154885610670742e-05,2.220428984269368e-05
selection,1289,5.466234230166884e-05,3.887690915529117e-05,2.8412965008491805e-05
selection,1290,5.182457291103583e-05,3.838859465273001e-05,3.0245253439244752e-05
selection,1291,5.074126605731326e-05,3.897038561411364e-05,3.0151840200996715e-05
selection,1292,5.1687706781751664e-05,4.1071949655510615e-05,2.7580239657818036e-05
selection,1293,5.14120623378955e-05,3.981280407590965e-05,2.9001504393960764e-05
selection,1294,5.377250871362777e-05,3.940604819981998e-05,2.8268755972473e-05
selection,1295,5.730344722515686e-05,4.416797981949749e-05,3.3432346696483216e-05
selection,1296,5.259428061583354e-05,3.879829954138878e-05,2.9386531790332774e-05
selection,1297,4.88523319294746e-05,3.25657602312535e-05,1.8987285038583827e-05
selection,1298,5.607632548981626e-05,4.4589658676974755e-05,3.3746733533966206e-05
selection,1299,5.0991730648216815e-05,4.106388898341759e-05,2.795091053085675e-05
selection,1300,4.942328842539303e-05,3.985492041768537e-05,2.9946627101925138e-05
selection,1301,5.8186980327539776e-05,4.33530441615787e-05,3.395375815235009e-05
selection,1302,4.387758420392536e-05,3.1259588698152265e-05,2.2840808220360156e-05
selection,1303,5.147962346653668e-05,4.0926497478508164e-05,2.7839757533389247e-05
selection,1304,4.50524341106391e-05,3.337730008517806e-05,2.0141262302235595e-05
selection,1305,5.801482113193363e-05,4.8563564858377705e-05,2.8819288377414277e-05
selection,1306,5.163957347650548e-05,4.233080340461814e-05,2.6308474555067256e-05
selection,1307,4.522941809411905e-05,2.883021450662346e-05,2.4782922665555318e-05
selection,1308,5.581669548774427e-05,4.52216120807597e-05,3.322945121032817e-05
selection,1309,5.351061228351618e-05,3.7583645545479345e-05,3.0334430654256862e-05
selection,1310,5.20085300390383e-05,4.1464866999973206e-05,2.6994782250425445e-05
selection,1311,5.346254023074377e-05,4.028679864281278e-05,2.7576225568733168e-05
selection,1312,4.6313962236818506e-05,2.8989442617074705e-05,2.4006855014094295e-05
selection,1313,5.587852854381347e-05,4.385071623278391e-05,3.459760641661382e-05
selection,1314,4.647241827135745e-05,3.1187289781130045e-05,2.168633796295103e-05
selection,1315,5.68057256561188e-05,4.648306399914757e-05,3.138003911320208e-05
selection,1316,4.60672366287682e-05,2.9816985176206592e-05,2.3299501326897227e-05
selection,1317,4.518328703084884e-05,3.263906397250845e-05,2.0791786040843934e-05
selection,1318,5.473331534907977e-05,4.7591249564534917e-05,3.129217673941331e-05
selection,1319,5.547825967357267e-05,4.621514316993653e-05,3.241367381903982e-05
selection,1320,5.382216543641904e-05,4.2785333507064255e-05,2.4579191229113937e-05
selection,1321,5.364989117187288e-05,4.1662452326063664e-05,2.5954755977225084e-05
selection,1322,5.862189625290988e-05,4.365287417476899e-05,3.352751442203494e-05
selection,1323,5.271173036479129e-05,3.981187871926866e-05,2.8238681406668896e-05
selection,1324,5.374058142663985e-05,3.879529480813627e-05,2.8989536015220585e-05
selection,1325,4.5739590314687015e-05,3.236246273813291e-05,2.0857941102696773e-05
selection,1326,5.715774577334547e-05,4.681117243398527e-05,3.0917228340375385e-05
selection,1327,4.6860449031882784e-05,3.4263537267622834e-05,1.8254200418392682e-05
selection,1328,5.159033266499478e-05,4.3154714636021286e-05,2.554848277321793e-05
selection,1329,4.537014923816723e-05,3.044076335545181e-05,2.2909599831192373e-05
selection,1330,5.108555711271227e-05,4.1876404939485376e-05,2.7046249212269156e-05
selection,1331,4.7657885629020675e-05,3.3432907442644404e-05,1.874444221177316e-05
selection,1332,5.349702438461715e-05,3.4268946940214526e-05,3.365621608976095e-05
selection,1333,5.436691836860551e-05,3.9417726263160694e-05,2.805878906900581e-05
selection,1334,5.435745581732949e-05,3.986952628093245e-05,2.742691804202057e-05
selection,1335,5.1913025995426964e-05,3.888208369086259e-05,2.975066267930844e-05
selection,1336,5.602970263113516e-05,4.405053221607858e-05,3.420782202750416e-05
selection,1337,5.0114957862984576e-05,3.784900768847491e-05,3.176044832886148e-05
selection,1338,5.522401019351259e-05,3.960526039245385e-05,2.7404844919665015e-05
selection,1339,5.0921092998167566e-05,3.938351682198055e-05,2.9688672474098038e-05
selection,1340,4.822104197321187e-05,3.3033815657259535e-05,1.898872584231875e-05
selection,1341,5.7093904650895336e-05,4.843230305789304e-05,2.922670037409057e-05
selection,1342,4.56881025068594e-05,2.9439601909968533e-05,2.3843187970815595e-05
selection,1343,5.420754530793314e-05,3.889753212305446e-05,2.8489599587758625e-05
selection,1344,5.3407396204809445e-05,4.2921776020840155e-05,2.4862777737931033e-05
selection,1345,5.3368133461319166e-05,4.0109677262197657e-05,2.7747219865106285e-05
selection,1346,5.22308999258594e-05,4.0722519498229666e-05,2.770168085379962e-05
selection,1347,5.418833918154281e-05,4.2545468794900496e-05,2.4881269549463538e-05
selection,1348,4.610911077437608e-05,3.269844422486926e-05,2.0265043243543888e-05
selection,1349,5.169919933752906e-05,4.1130752950780875e-05,2.7318205880326654e-05
selection,1350,5.0794822691501154e-05,4.206510091540063e-05,2.7001437453757366e-05
selection,1351,5.264082566847927e-05,3.893828897780426e-05,2.933716103771251e-05
selection,1352,5.6263446346413734e-05,4.33899870595405e-05,3.4878979069329605e-05
selection,1353,5.169849139430523e-05,3.8977488906367346e-05,2.9745043590827966e-05
selection,1354,5.577322606192136e-05,4.46465594173768e-05,3.38392262108234e-05
selection,1355,5.866798335464229e-05,4.722840479205842e-05,2.9584204740535537e-05
selection,1356,5.3607969428584984e-05,3.8578931123201656e-05,2.9298121568505743e-05
selection,1357,4.7266160938238455e-05,3.112838264901648e-05,2.144187690408723e-05
selection,1358,5.3688828089364554e-05,3.774584700426629e-05,3.0078399168585656e-05
selection,1359,4.452853936414206e-05,3.1337011857303694e-05,2.246200170621231e-05
selection,1360,5.663119723305414e-05,4.6893960545073676e-05,3.1159777466134235e-05
selection,1361,5.159924866652825e-05,4.1623823874699445e-05,2.70589887530951e-05
selection,1362,5.260370263455749e-05,4.073321303839633e-05,2.747179101852489e-05
selection,1363,5.223564474327849e-05,3.7727622492853725e-05,3.074408032181228e-05
selection,1364,5.298872353876119e-05,3.8944979568166746e-05,2.893992875254582e-05
selection,1365,5.19744244772946e-05,4.1841039069689176e-05,2.646132844636897e-05
selection,1366,5.3728367499465515e-05,3.547332244746806e-05,3.237325145574191e-05
selection,1367,5.3686427104463844e-05,4.157390954103395e-05,2.610202858607943e-05
selection,1368,5.186870158263277e-05,4.140688368364903e-05,2.716315168169378e-05
selection,1369,5.295220373704187e-05,4.2357183616475304e-05,2.5547401559310158e-05
selection,1370,5.586599842542944e-05,4.431528754657178e-05,3.411240158351025e-05
selection,1371,5.4236169087383954e-05,4.107992482498324e-05,2.637618780293716e-05
selection,1372,4.9104037040833436e-05,3.069534225315437e-05,2.0720094034784396e-05
selection,1373,5.3262203172707715e-05,4.0586485789160005e-05,2.7145529777263225e-05
selection,1374,4.701104653041349e-05,3.3953686358899625e-05,1.84943923855656e-05
selection,1375,4.480524591866062e-05,3.179591137333504e-05,2.1881453880212917e-05
selection,1376,5.222551575009759e-05,4.0572151586091367e-05,2.7872435995544078e-05
selection,1377,5.629593351753279e-05,4.902899385179108e-05,2.889254966469953e-05
selection,1378,5.506213110584303e-05,4.7736644690033154e-05,3.099655884590456e-05
selection,1379,5.2942976399983065e-05,3.945373802738699e-05,2.8746365467524423e-05
selection,1380,5.696608942500656e-05,4.468844871322204e-05,3.3227165478335725e-05
selection,1381,5.3682632806924115e-05,4.059172863345642e-05,2.7201938891678768e-05
selection,1382,4.770480506982307e-05,3.176209415158102e-05,2.0606402919246943e-05
selection,1383,5.6168436763295224e-05,4.822080775720381e-05,2.9911703069497283e-05
selection,1384,4.813357221602541e-05,3.310830443896778e-05,1.8793485267716467e-05
selection,1385,5.1909315828603695e-05,4.043974054473111e-05,2.8166611122946967e-05
selection,1386,5.674231923959314e-05,4.5357473598446396e-05,3.2624525913168474e-05
selection,1387,4.62932431402465e-05,2.776625486819831e-05,2.5178878221991896e-05
selection,1388,4.729221259834392e-05,3.135333553451645e-05,2.118399395769063e-05
selection,1389,5.6555722915838706e-05,4.7516820552152555e-05,3.03390410136267e-05
selection,1390,5.5582175033690935e-05,4.7166977163022036e-05,3.1354449970283797e-05
selection,1391,4.38062360623977e-05,3.2858237849400646e-05,2.1062507631897315e-05
selection,1392,4.4873563914585555e-05,3.169189805970344e-05,2.192707275714317e-05
selection,1393,4.566418816749011e-05,2.986916697376254e-05,2.344266455304342e-05
selection,1394,4.5703910903092856e-05,3.237747677695136e-05,2.0761401199244294e-05
selection,1395,5.2313516446724773e-05,4.358792475648964e-05,2.4660276152303604e-05
selection,1396,5.058104438101659e-05,3.844269767177086e-05,3.09104660099497e-05
selection,1397,4.9453358960053693e-05,4.172419014629101e-05,2.7951045881196256e-05
selection,1398,5.301633196372578e-05,3.813126794215938e-05,2.9972947089357813e-05
selection,1399,4.6202121687887715e-05,3.0868923589357266e-05,2.226864829384873e-05
selection,1400,5.052728105108315e-05,4.0920771080241644e-05,2.813105076144021e-05
selection,1401,5.1354855242693224e-05,4.142945432981872e-05,2.734967735156304e-05
selection,1402,4.4625772355062034e-05,3.358640667501974e-05,2.0009120682566514e-05
selection,1403,4.579884751692792e-05,3.340441253547038e-05,1.984955317206918e-05
selection,1404,5.2400384345300296e-05,3.8455936479855295e-05,3.007093020705424e-05
selection,1405,5.3630054818986515e-05,3.603856194899332e-05,3.183168541356488e-05
selection,1406,5.3605167761815235e-05,3.6845465724587934e-05,3.118950728343568e-05
selection,1407,5.3728579290370716e-05,4.01287386612119e-05,2.747048403872445e-05
selection,1408,5.479672098174113e-05,4.771792699036813e-05,3.1221291985305344e-05
selection,1409,5.1444930646962804e-05,4.0362606580524454e-05,2.837985296665659e-05
selection,1410,5.256346777089151e-05,3.6914247359541764e-05,3.143904537488614e-05
selection,1411,4.832188021209014e-05,3.202272925048376e-05,1.98726113960387e-05
selection,1412,5.420119571947221e-05,4.609518208413601e-05,3.3090506281348486e-05
selection,1413,5.3333733179550084e-05,3.9252436086519295e-05,2.8686578322122565e-05
selection,1414,5.284912019646709e-05,4.1358733317906364e-05,2.6721018580565323e-05
selection,1415,4.413337516587036e-05,2.7949904125515892e-05,2.614359172612371e-05
selection,1416,5.168992594654191e-05,4.046428444734131e-05,2.8268943861932562e-05
selection,1417,5.6723797152113015e-05,4.580896828990151e-05,3.2227630968892154e-05
selection,1418,5.2431014821690865e-05,3.790034005945832e-05,3.0479686847322267e-05
selection,1419,5.3584090708714175e-05,4.1597094228970447e-05,2.6104919837104684e-05
selection,1420,5.862268383537876e-05,4.459936867019285e-05,3.247301138500206e-05
selection,1421,5.2297609592170176e-05,4.2956866569838e-05,2.5388721199393132e-05
selection,1422,5.093031664790617e-05,4.10120047898612e-05,2.7976727576551752e-05
selection,1423,5.245213011146941e-05,3.815273064980923e-05,3.004574778845922e-05
selection,1424,4.746814557481363e-05,2.730525087866872e-05,2.520481151045606e-05
selection,1425,4.535339393913934e-05,3.1254052600888064e-05,2.1973006655599802e-05
selection,1426,5.062331290682244e-05,3.758728243204556e-05,3.1608607920441695e-05
selection,1427,5.306615481330821e-05,4.511852413821258e-05,3.471877388853669e-05
selection,1428,5.096085989467323e-05,4.132988510427007e-05,2.768426982428283e-05
selection,1429,5.2297113808607027e-05,4.1317952873369534e-05,2.6963503838467776e-05
selection,1430,5.194857837714915e-05,4.303862140279105e-05,2.5385164584970796e-05
selection,1431,5.747282749991881e-05,4.247497862051647e-05,3.526878874421753e-05
selection,1432,5.060708234060143e-05,4.029413486132143e-05,2.8977219887292877e-05
selection,1433,5.639564828902359e-05,4.920563874920648e-05,2.8901439563936438e-05
selection,1434,4.749286892628983e-05,2.9083174786709312e-05,2.3230795547860098e-05
selection,1435,5.525980555376518e-05,4.779847365249595e-05,3.068535768231202e-05
selection,1436,5.1511586890326256e-05,3.954951968680243e-05,2.9237663030108594e-05
selection,1437,6.0008699020985225e-05,4.5126139089037835e-05,3.1043227276784124e-05
selection,1438,5.390471649597654e-05,3.872716523501452e-05,2.8960246128688103e-05
selection,1439,5.474477132923432e-05,4.542703221937523e-05,3.359339753357315e-05
selection,1440,4.977698713776613e-05,3.889841262523732e-05,3.06570434793463e-05
selection,1441,5.851713962497512e-05,4.546317632819998e-05,3.1559592812254174e-05
selection,1442,5.82442134163978e-05,4.359384932987509e-05,3.3774194006694335e-05
selection,1443,5.129715678092561e-05,4.077412451803854e-05,2.8059907924000078e-05
selection,1444,4.499882319931582e-05,3.179310420006911e-05,2.161224006167059e-05
selection,1445,4.484056952943977e-05,3.253927455796137e-05,2.1241896703922302e-05
selection,1446,4.742484138391716e-05,3.3563062439333174e-05,1.8921612108999654e-05
selection,1447,5.0857561608319146e-05,4.0650692662196574e-05,2.8432493937503293e-05
selection,1448,5.1785025941690934e-05,4.198920868539519e-05,2.6652981914324543e-05
selection,1449,4.453442362697219e-05,3.189839021325049e-05,2.1772053278792786e-05
selection,1450,5.154982300456035e-05,4.209238084788977e-05,2.662959949440999e-05
selection,1451,4.416902564295382e-05,3.1951274416596705e-05,2.215149021587458e-05
selection,1452,4.58317098460448e-05,2.991023655672239e-05,2.3284892645220327e-05
selection,1453,5.22022810978599e-05,4.187951223416159e-05,2.6470968754357765e-05
selection,1454,5.3905343479771514e-05,3.887597505959989e-05,2.866297789566814e-05
selection,1455,5.5870411185678577e-05,4.408747391596482e-05,3.4311617445933355e-05
selection,1456,5.333901952660773e-05,4.170247768924469e-05,2.590712671169838e-05
selection,1457,5.554766902052356e-05,3.86107668817026e-05,2.8033614131507513e-05
selection,1458,4.4835184096351065e-05,2.872433080861321e-05,2.513755789839577e-05
selection,1459,5.3615300426280615e-05,4.018433563040424e-05,2.7461226654701498e-05
selection,1460,5.3364187828615704e-05,4.079223531582997e-05,2.677123196793056e-05
selection,1461,5.26880661135462e-05,4.1955966528135915e-05,2.6236453560291922e-05
selection,1462,5.2673481177427915e-05,4.1304488232747725e-05,2.6906035902206958e-05
selection,1463,5.399067994981282e-05,3.726889237785181e-05,3.035334343710853e-05
selection,1464,5.739422454805187e-05,4.609693724407307e-05,3.1440093267631564e-05
selection,1465,4.788043799003223e-05,3.358061373250819e-05,1.8409666750378697e-05
selection,1466,4.571528278757093e-05,3.285405935759582e-05,2.0366796368417057e-05
selection,1467,5.034002248190405e-05,4.089511621947997e-05,2.8446122402294563e-05
selection,1468,4.5026124015902886e-05,2.817431216812591e-05,2.5530004906148294e-05
selection,1469,5.6418106300764775e-05,3.998313545185465e-05,2.633730512091268e-05
selection,1470,4.589105554497841e-05,3.0022242408405714e-05,2.307212575213784e-05
selection,1471,5.196739258324952e-05,4.099955480195588e-05,2.7536130428436062e-05
selection,1472,4.793726159449733e-05,3.353486427918237e-05,1.8431633159724666e-05
selection,1473,5.029525051867829e-05,4.16122469380034e-05,2.769268070370777e-05
selection,1474,5.261465189711667e-05,3.950833785427155e-05,2.8691889376759464e-05
selection,1475,5.2161368010003944e-05,3.736038334586422e-05,3.118459872440002e-05
selection,1476,5.290256521786787e-05,3.909625987677026e-05,2.9033800714676676e-05
selection,1477,5.258440098708666e-05,4.128304135221691e-05,2.6958550212847267e-05
selection,1478,5.546425748590667e-05,4.5100741833132715e-05,3.34691048896436e-05
selection,1479,5.5035790801916535e-05,4.580342695416055e-05,3.295492505783596e-05
selection,1480,5.3800653085136765e-05,4.2074857072158894e-05,2.5367986092660536e-05
selection,1481,5.08761372288145e-05,3.660094006563378e-05,3.266469662380133e-05
selection,1482,5.746184065118746e-05,4.497115900572036e-05,3.25665979899003e-05
selection,1483,5.2418912661848675e-05,4.11741243977008e-05,2.6984910370122512e-05
selection,1484,5.096802150163524e-05,4.042000441895163e-05,2.868168284539538e-05
selection,1485,5.1746690494274384e-05,4.1630421981252864e-05,2.6914795312181557e-05
selection,1486,5.2692088303984096e-05,4.079880265513887e-05,2.7422381353297962e-05
selection,1487,5.781384874621781e-05,4.482311854728367e-05,3.2630472046715726e-05
selection,1488,4.785002061442118e-05,3.1198187010963805e-05,2.09775612170975e-05
selection,1489,5.6391833948451713e-05,4.667919541455964e-05,3.1461647561193825e-05
selection,1490,5.600768417301782e-05,4.3161771220608076e-05,3.5236992601059546e-05
selection,1491,5.359120685318607e-05,3.5252341405937586e-05,3.2762441081942335e-05
selection,1492,4.537556458909729e-05,3.281165065400695e-05,2.0573836546569325e-05
selection,1493,4.4150389458398496e-05,3.229131339466242e-05,2.155708849611283e-05
selection,1494,5.615566249773007e-05,4.5632714155284774e-05,3.2617864927394656e-05
selection,1495,5.14731750927749e-05,3.621186151331698e-05,3.26025195989666e-05
selection,1496,5.6305087121031584e-05,4.324740437730348e-05,3.489970506048923e-05
selection,1497,5.142921772635162e-05,4.186007776047489e-05,2.6830455655721632e-05
selection,1498,4.7340643753282985e-05,3.062807488162687e-05,2.1888221026355117e-05
selection,1499,5.436854418640079e-05,3.901005388516955e-05,2.831653155396623e-05
selection,1500,5.287571536974918e-05,3.958002642052354e-05,2.8592421109735238e-05
selection,1501,4.702053510449359e-05,3.158869559160349e-05,2.0888473551314133e-05
selection,1502,5.285148955516165e-05,4.045591788126145e-05,2.7704363001955603e-05
selection,1503,4.603052976010822e-05,3.495081447060867e-05,1.7995808736066932e-05
selection,1504,5.084918860384545e-05,4.0754690407313896e-05,2.829942684192101e-05
selection,1505,5.7446759295202835e-05,4.361411691859148e-05,3.402031561562462e-05
selection,1506,5.549505877596259e-05,4.6808102299015995e-05,3.175288265170208e-05
selection,1507,4.529374020445259e-05,3.3591280352328664e-05,1.9824044002362716e-05
selection,1508,4.45195433917736e-05,3.46176697783142e-05,1.910105090584133e-05
selection,1509,5.5833844604856816e-05,4.071792805173606e-05,2.5943028734685715e-05
selection,1510,5.0465216302477407e-05,4.004114329913116e-05,2.9302983798577442e-05
selection,1511,5.8491243216276864e-05,4.8555543431399725e-05,2.8535093863330584e-05
selection,1512,5.07013184694261e-05,4.064126612738906e-05,2.8512051519881745e-05
selection,1513,5.2384450062416255e-05,4.0903415267281267e-05,2.7439870719165957e-05
selection,1514,4.864041064214835e-05,2.63516002327304e-05,2.5635723840077203e-05
selection,1515,5.144871741466617e-05,3.968072379109297e-05,2.89844547957713e-05
selection,1516,5.085645781059935e-05,4.2321214523608374e-05,2.6609042760766925e-05
selection,1517,5.54273887069837e-05,4.635378093635854e-05,3.2343783501162494e-05
selection,1518,5.101170494268063e-05,4.043234862898099e-05,2.8555296615948146e-05
selection,1519,5.174387934457197e-05,3.8477489674325344e-05,3.0281854673078404e-05
selection,1520,5.4817536167560105e-05,3.690181304480828e-05,3.0418997343142998e-05
selection,1521,5.6875234356377024e-05,4.445001472729545e-05,3.3355415190840484e-05
selection,1522,4.363560070552141e-05,3.222380908370038e-05,2.195090908605608e-05
selection,1523,4.514415821133169e-05,3.065620139432685e-05,2.2833221319359378e-05
selection,1524,5.3953767275783636e-05,3.9348682420735714e-05,2.8329100465921975e-05
selection,1525,5.292837093184091e-05,4.11214884326069e-05,2.6993834411207352e-05
selection,1526,5.263432142984929e-05,4.0674820490726383e-05,2.754716317171369e-05
selection,1527,5.79472670499129e-05,4.4452229677238126e-05,3.301251013858904e-05
selection,1528,5.270320085101914e-05,4.2413939560695754e-05,2.5702216662825795e-05
selection,1529,4.5283729747116684e-05,2.9565428712600914e-05,2.3922169074059815e-05
selection,1530,4.763425436577908e-05,2.995840699887323e-05,2.2457341060953475e-05
selection,1531,5.51229980160094e-05,4.4169488120227855e-05,3.462017071242753e-05
selection,1532,5.5350150934772734e-05,4.390046395955406e-05,3.479834578406645e-05
selection,1533,5.3516010802439097e-05,3.8338629216144904e-05,2.9540001580076397e-05
selection,1534,5.002649199861643e-05,4.139110873849854e-05,2.8019781841386534e-05
selection,1535,5.089885823062981e-05,3.9839302833343006e-05,2.921858738449972e-05
selection,1536,5.195189541873412e-05,4.118886025570355e-05,2.737068963646712e-05
selection,1537,5.1640706091319095e-05,4.1532712321570965e-05,2.7145153853432715e-05
selection,1538,5.408856764477444e-05,4.007940167598776e-05,2.7350897424245252e-05
selection,1539,5.6785540830898464e-05,4.628168764923931e-05,3.1589104966374966e-05
selection,1540,5.2461228819653666e-05,3.8974773914299606e-05,2.9380301293518824e-05
selection,1541,4.6875245203716124e-05,3.0140398215320025e-05,2.260465264387405e-05
selection,1542,4.618974595598491e-05,3.44809276694252e-05,1.822856833181484e-05
selection,1543,5.8969090025299583e-05,4.2552666294655695e-05,3.447856913098262e-05
selection,1544,5.22266941976134e-05,4.025143838838907e-05,2.8327152624720972e-05
selection,1545,5.62871061161892e-05,4.7787219011621435e-05,3.0376375898986988e-05
selection,1546,5.298645887784054e-05,3.369461913361523e-05,3.447659072520549e-05
selection,1547,4.656764596245273e-05,3.0068394096700024e-05,2.2786959714989386e-05
selection,1548,4.565186810826745e-05,2.8931375945937475e-05,2.44017651340552e-05
selection,1549,5.44680069037622e-05,3.9935092859260635e-05,2.732630197975293e-05
selection,1550,5.23029256957766e-05,4.034435915713878e-05,2.807281819957258e-05
selection,1551,5.001563844195207e-05,3.915626988657225e-05,3.0409577320779154e-05
selection,1552,4.9711168770430105e-05,4.011872313897526e-05,2.9557732402355298e-05
selection,1553,5.317796378072398e-05,3.6430632969506184e-05,3.165210866274777e-05
selection,1554,5.6870794526562715e-05,4.657042338507451e-05,3.134625667397194e-05
selection,1555,5.642306309655102e-05,4.6797083947001666e-05,3.136629501929433e-05
selection,1556,5.923718846658485e-05,4.1992196499377696e-05,3.491386984952499e-05
selection,1557,5.645516880051171e-05,4.447070104424115e-05,3.378677392863544e-05
selection,1558,5.810149498474852e-05,4.3547942063495214e-05,3.389870424297621e-05
selection,1559,4.556708646251299e-05,3.282621240688282e-05,2.0346584662811232e-05
selection,1560,5.407859074791526e-05,3.801772700875381e-05,2.9631543489297544e-05
selection,1561,5.512035628895941e-05,4.665205740589615e-05,3.21225265409489e-05
selection,1562,5.677199310322163e-05,4.385618460007718e-05,3.415312108742552e-05
selection,1563,4.786018299093119e-05,3.2383101759683746e-05,1.9631147084635306e-05
selection,1564,5.596459260368778e-05,4.65941833688043e-05,3.183993540804139e-05
selection,1565,5.3806916845147965e-05,4.062448640447618e-05,2.6915197427325575e-05
selection,1566,5.152341021718931e-05,3.963698932203049e-05,2.9142111159199195e-05
selection,1567,5.2654937634231014e-05,4.313712892602654e-05,2.4880050974871868e-05
selection,1568,5.3169690119996176e-05,3.881831990955328e-05,2.8956960320854723e-05
selection,1569,5.664656765626684e-05,4.307184337998335e-05,3.495369850231702e-05
selection,1570,5.99344259261707e-05,4.615387284259618e-05,3.0167251966289278e-05
selection,1571,5.675942698621362e-05,4.894123464304384e-05,2.8839918288370402e-05
selection,1572,5.254613761245644e-05,3.644407183026499e-05,3.1908996870405146e-05
selection,1573,5.6504294962672336e-05,4.45897473655242e-05,3.3575306253599496e-05
selection,1574,5.35511716294824e-05,4.1445849119825e-05,2.6219668926758305e-05
selection,1575,4.7123460932422394e-05,2.9656658187753755e-05,2.279167321648392e-05
selection,1576,5.437865599604641e-05,4.4592473460524674e-05,2.257663145724498e-05
selection,1577,5.513788747009264e-05,4.8687380083306974e-05,2.9969241064644745e-05
selection,1578,5.235022331538475e-05,3.8454095462087564e-05,2.9963968743133896e-05
selection,1579,5.264158187167385e-05,3.9943930199232996e-05,2.8146319798949408e-05
selection,1580,4.771138512069343e-05,2.9361704778308365e-05,2.2897791797862185e-05
selection,1581,5.0891088830177796e-05,4.174510532865287e-05,2.7240537107826107e-05
selection,1582,5.2713466252148925e-05,4.311367831484305e-05,2.480285581039808e-05
selection,1583,4.6045881388687536e-05,3.314804089321295e-05,1.9934632203343684e-05
selection,1584,5.244951336404262e-05,4.279767485033526e-05,2.5244684548405886e-05
selection,1585,5.28052970054075e-05,3.777708520214893e-05,3.034764520625761e-05
selection,1586,4.4037861935044564e-05,3.100700215155027e-05,2.3098807983385427e-05
selection,1587,5.217763547640278e-05,4.302240934851563e-05,2.5146218165507418e-05
selection,1588,5.296532205388935e-05,3.889160110235902e-05,2.912072741492664e-05
selection,1589,4.594751207673317e-05,3.0015317625759593e-05,2.317053491953169e-05
selection,1590,4.532559456416678e-05,2.9690989107925053e-05,2.3601502027431382e-05
selection,1591,4.36406506108494e-05,3.216766773938442e-05,2.2015070852816454e-05
selection,1592,5.2851072529199524e-05,4.0176140513647616e-05,2.797750508887514e-05
selection,1593,5.096034780172326e-05,4.188575294174235e-05,2.708324809131441e-05
selection,1594,5.284208102853539e-05,4.3129870680051576e-05,2.482619703995296e-05
selection,1595,5.7154841561541044e-05,4.2715702041995745e-05,3.514542626073497e-05
selection,1596,5.134976818519827e-05,4.1288439461735585e-05,2.7493929240089192e-05
selection,1597,5.105698993163518e-05,4.159858299268381e-05,2.739127331778182e-05
selection,1598,5.14438543020083e-05,4.136227717284632e-05,2.7317834585059762e-05
selection,1599,4.843937400808073e-05,3.2029172465726516e-05,1.973199674338977e-05
selection,1600,5.408791086930318e-05,3.827286455255976e-05,2.9366745631567692e-05
selection,1601,5.5669959907184255e-05,3.8023319280124066e-05,2.885987323106689e-05
selection,1602,5.763937123529386e-05,4.284671958455462e-05,3.469373550714843e-05
selection,1603,4.693022002457246e-05,3.0135755850553857e-05,2.2611349068404936e-05
selection,1604,5.1261722472108115e-05,4.217494317211119e-05,2.6711446891690566e-05
selection,1605,5.689433731372519e-05,4.920371181773589e-05,2.845912807751516e-05
selection,1606,5.282580897379718e-05,4.0819351893016e-05,2.7020817931807163e-05
selection,1607,5.392082363149607e-05,4.274642192390634e-05,2.4872543044243235e-05
selection,1608,4.670271811934473e-05,2.99596456743583e-05,2.2839174816749702e-05
selection,1609,5.3033057543232344e-05,3.7360146109723544e-05,3.079661810592249e-05
selection,1610,5.665318597457313e-05,4.592641365350798e-05,3.201315036632628e-05
selection,1611,5.281351963106427e-05,4.018128444009883e-05,2.8000109006684958e-05
selection,1612,5.781377303784109e-05,4.5762777403126546e-05,3.1604348898698965e-05
selection,1613,5.1480000066894686e-05,3.949261836085663e-05,2.9371856071462352e-05
selection,1614,5.351383423567324e-05,4.8092813015398216e-05,3.131254114808178e-05
selection,1615,5.252503710749344e-05,4.2599597094239005e-05,2.5570886524358332e-05
selection,1616,5.217447064900129e-05,3.8321482872297073e-05,3.0286551612442885e-05
selection,1617,4.659406404744774e-05,3.282410877270682e-05,1.999520440399428e-05
selection,1618,5.228657039134118e-05,4.090637412990838e-05,2.7507034347247736e-05
selection,1619,5.3411457780588855e-05,3.900011941036273e-05,2.8907492123938683e-05
selection,1620,5.2703715907583744e-05,3.9289832805155955e-05,2.8973898783553877e-05
selection,1621,5.5255731943519004e-05,3.565885208503655e-05,3.148827387840915e-05
selection,1622,5.281042876474237e-05,3.7804911514234534e-05,3.050121509613064e-05
selection,1623,5.258231234777838e-05,3.812435349058424e-05,3.0183943500992834e-05
selection,1624,5.52083867310337e-05,4.789885894603424e-05,3.080407637218265e-05
selection,1625,5.7900321565870324e-05,4.472881975791509e-05,3.279195367391295e-05
selection,1626,4.66108967615839e-05,3.10152647405048e-05,2.1723795860727075e-05
selection,1627,4.3610384751656835e-05,3.0397102224209522e-05,2.4012868996476164e-05
selection,1628,5.252657493557245e-05,3.731660641809529e-05,3.08669816441019e-05
selection,1629,5.7516280453711906e-05,4.4139508854625136e-05,3.3384366387113314e-05
selection,1630,5.2274444235901375e-05,3.972207690705744e-05,2.8767059230667657e-05
selection,1631,4.578659100511959e-05,3.1901700072072556e-05,2.1293026907082093e-05
selection,1632,4.646081891080149e-05,2.848569244576784e-05,2.4454251977330416e-05
selection,1633,4.507597485535516e-05,3.030110856168778e-05,2.3336014604125944e-05
selection,1634,5.69985516017121e-05,4.562067618463638e-05,3.2269867084092005e-05
selection,1635,5.026659665458501e-05,3.919092804511447e-05,3.0128235576074222e-05
selection,1636,5.09176656064994e-05,3.927292767077947e-05,2.9771791142466734e-05
selection,1637,5.339619843856441e-05,3.757212527979707e-05,3.0397496666500964e-05
selection,1638,5.537390621514766e-05,3.904341185624785e-05,2.8005929528328044e-05
selection,1639,4.594445002074461e-05,3.242450633387124e-05,2.068295392385027e-05
selection,1640,5.704260768506116e-05,4.620894585012439e-05,3.149741631576623e-05
selection,1641,5.4794592985842976e-05,3.7659413423238345e-05,2.9487732381300497e-05
selection,1642,5.202116664803031e-05,3.7939920319137966e-05,3.064661381774449e-05
selection,1643,4.424872914930614e-05,3.234723590065494e-05,2.1550619769224415e-05
selection,1644,5.6182694542368054e-05,4.1607369218778384e-05,3.689980933913823e-05
selection,1645,5.020859074236016e-05,3.9883983395861634e-05,2.9485452364458073e-05
selection,1646,5.7241305631528044e-05,4.373807241803784e-05,3.388958530981108e-05
selection,1647,5.567961066146977e-05,4.3009716401517015e-05,3.5617512624095815e-05
selection,1648,4.710401083375313e-05,3.1588813786199326e-05,2.0940716453468712e-05
selection,1649,5.598936959991692e-05,4.394526911673429e-05,3.442723930492376e-05
selection,1650,4.592842605842206e-05,3.160696635818964e-05,2.151706620046457e-05
selection,1651,5.211953877490935e-05,3.865812162804102e-05,2.983377223294713e-05
selection,1652,4.73362792099092e-05,3.389937757550914e-05,1.8316736851931537e-05
selection,1653,5.699371329527338e-05,4.638309396508105e-05,3.1268293325024513e-05
selection,1654,5.7157883097534106e-05,4.3327402781699704e-05,3.4571614760720294e-05
selection,1655,5.235474478659634e-05,3.943709261195079e-05,2.8946234366561088e-05
selection,1656,4.5307959609018764e-05,3.094550482497866e-05,2.2503751293842684e-05
selection,1657,5.562014090232944e-05,4.648787471292947e-05,3.202208960760661e-05
selection,1658,5.566134436858992e-05,4.386687888953788e-05,3.4695887538476936e-05
selection,1659,5.408311643496637e-05,4.054858878793569e-05,2.6949707288115827e-05
selection,1660,5.2851765263882895e-05,3.7907413299533826e-05,3.028810642959151e-05
selection,1661,5.1150186745730536e-05,4.279938732671137e-05,2.609629261004129e-05
selection,1662,5.07943359823295e-05,3.711527963595197e-05,3.2035551820717024e-05
selection,1663,5.651937973825929e-05,4.568087626186193e-05,3.2424736434351434e-05
selection,1664,4.7946956912991335e-05,2.9327463636236888e-05,2.284056405801682e-05
selection,1665,4.649114600112246e-05,3.3773903633337865e-05,1.890689615432191e-05
selection,1666,4.779744333424134e-05,3.0685365801571795e-05,2.1542350089203403e-05
selection,1667,5.3152867203118826e-05,4.1408085057623136e-05,2.633897595913494e-05
selection,1668,5.688522115799622e-05,4.6079206907545856e-05,3.183232175365342e-05
selection,1669,5.744117704735463e-05,4.776272077410457e-05,2.9777873782336958e-05
selection,1670,5.649235334229053e-05,4.551009857348569e-05,3.2594036715057515e-05
selection,1671,4.655307156029395e-05,2.8721087077480546e-05,2.420428912165491e-05
selection,1672,5.03974598746815e-05,4.160139036153682e-05,2.7545275338489762e-05
selection,1673,4.8433972678365724e-05,3.635697856957429e-05,1.5205247438750004e-05
selection,1674,5.757063837269561e-05,4.729444699100853e-05,3.0221576982537402e-05
selection,1675,5.7810824200128316e-05,4.491624565468046e-05,3.232871632161613e-05
selection,1676,5.045047903360877e-05,3.953493425123142e-05,2.9770167154926512e-05
selection,1677,4.7874463106704544e-05,2.8219708815854578e-05,2.4136912570977834e-05
selection,1678,5.363398622543724e-05,3.855179475368591e-05,2.908616366222305e-05
selection,1679,5.242094416604214e-05,3.7392865617551186e-05,3.084698184309372e-05
selection,1680,4.721556096567987e-05,2.990270746174088e-05,2.2659120998719614e-05
selection,1681,5.1971285050157815e-05,4.1215727744221985e-05,2.733441439626791e-05
selection,1682,5.2015010795565284e-05,4.2211572873249624e-05,2.6182278942414778e-05
selection,1683,5.846235546596564e-05,4.3509044106381104e-05,3.377018227244082e-05
selection,1684,5.5575347043212726e-05,4.5058460543277696e-05,3.367734249239835e-05
selection,1685,5.2606527166352994e-05,4.027660578994754e-05,2.7979756960613803e-05
selection,1686,4.5719626240371084e-05,3.0926858454261976e-05,2.234809872855247e-05
selection,1687,5.543298105432033e-05,4.597728783948408e-05,3.259959185247922e-05
selection,1688,5.100249597518688e-05,4.156897715328385e-05,2.733049621574341e-05
selection,1689,5.627128125905379e-05,4.450678135143117e-05,3.364418157361437e-05
selection,1690,5.688736473962378e-05,4.6756764729997464e-05,3.109704904292507e-05
selection,1691,5.493532589480126e-05,3.7768882871031784e-05,2.950974876139162e-05
selection,1692,4.5634866037472723e-05,3.1137025970321275e-05,2.2231338397694392e-05
selection,1693,4.758395904541254e-05,3.080273315106284e-05,2.141977386685926e-05
selection,1694,4.5433541090995865e-05,3.3899650637467536e-05,1.940430830896826e-05
selection,1695,5.2441899016024854e-05,4.1484103190672036e-05,2.6842121724814298e-05
selection,1696,4.5902963495963286e-05,2.9619541125077207e-05,2.3670849012645183e-05
selection,1697,4.631469383380665e-05,3.0996148942492704e-05,2.1886177686820515e-05
selection,1698,5.314518508244682e-05,3.834432860183095e-05,2.9590852148084555e-05
selection,1699,4.7612495949572674e-05,2.4661764534938088e-05,2.7866842221546774e-05
selection,1700,4.7906949613074113e-05,3.2074456092839465e-05,1.991518008536891e-05
selection,1701,5.489260190695287e-05,4.646136397767867e-05,3.237148739430982e-05
selection,1702,5.610597844287223e-05,4.535391996609812e-05,3.2854888853263244e-05
selection,1703,5.185872402921937e-05,3.967293323632539e-05,2.889934106571974e-05
selection,1704,4.876402202277079e-05,2.974560097558246e-05,2.2029073290058608e-05
selection,1705,5.048529729687872e-05,4.034288291189298e-05,2.8904904538458678e-05
selection,1706,5.3146664029772915e-05,3.8689823255155e-05,2.9279980116266103e-05
selection,1707,5.4534924747383794e-05,4.0141753496067164e-05,2.7179484188806e-05
selection,1708,5.762479212044517e-05,4.992032960908403e-05,2.747322227603836e-05
selection,1709,5.403965369469565e-05,4.183749474848901e-05,2.5765780289911136e-05
selection,1710,5.2687002059403414e-05,4.413611672243394e-05,2.3644834944234678e-05
selection,1711,4.322695751614222e-05,3.312766258557391e-05,2.1218088596513232e-05
selection,1712,4.716064361557029e-05,3.511327581055107e-05,1.7339937966384685e-05
selection,1713,5.305158701750853e-05,3.761378353983426e-05,3.047153382692499e-05
selection,1714,5.0676887519170875e-05,4.3213068654967515e-05,2.5769999230363115e-05
selection,1715,5.1023017308808245e-05,3.5827044314780274e-05,3.333150369771674e-05
selection,1716,4.653309130768111e-05,3.277339711479084e-05,1.9922950245317708e-05
selection,1717,5.263026284624587e-05,3.880012118614815e-05,2.9465616796553614e-05
selection,1718,5.228652498372038e-05,3.9321187330059923e-05,2.918680486342687e-05
selection,1719,5.156107567419863e-05,4.000331973219227e-05,2.8747918203738836e-05
selection,1720,4.7231961325046194e-05,2.8015661885793707e-05,2.4619779731423684e-05
selection,1721,5.725523699670058e-05,4.60377551123998e-05,3.1579612835018935e-05
selection,1722,5.382735353586668e-05,4.437045733816114e-05,3.5103743414812985e-05
selection,1723,5.834444752420519e-05,4.550068195880557e-05,3.1561383692842e-05
selection,1724,5.461097929533798e-05,4.099645193731331e-05,2.6094659238830047e-05
selection,1725,5.7023800950074276e-05,4.3869148228024937e-05,3.413811238691439e-05
selection,1726,5.4717582820790366e-05,4.19059853683659e-05,2.5281935630201388e-05
selection,1727,4.6362067799986993e-05,3.2151691740728674e-05,2.0773210651527257e-05
selection,1728,5.465660320301059e-05,3.902340416212562e-05,2.822781704066936e-05
selection,1729,4.6606185615836985e-05,2.9072413769762975e-05,2.381215797831657e-05
selection,1730,4.660854553366001e-05,3.015325882698758e-05,2.270963549659094e-05
selection,1731,4.47479423873382e-05,3.0744116294552095e-05,2.297630046570128e-05
selection,1732,4.5118472147264743e-05,3.158085939581423e-05,2.1931383266743403e-05
selection,1733,5.503922368720963e-05,4.5378213610961776e-05,3.341545498614755e-05
selection,1734,5.280925719324247e-05,3.963045404057963e-05,2.8563237382655017e-05
selection,1735,5.3199600799477724e-05,3.830202915399457e-05,2.957936419608662e-05
selection,1736,5.328523053525436e-05,3.627316636939714e-05,3.17849323606778e-05
selection,1737,5.6329796245861904e-05,4.8072914055706975e-05,3.0107502164023985e-05
selection,1738,5.9551421652599724e-05,4.328709215940485e-05,3.343200881377417e-05
selection,1739,4.934267991181401e-05,4.251549390926702e-05,2.722713814290775e-05
selection,1740,4.5861175012214146e-05,3.329609282972483e-05,1.981265179840631e-05
selection,1741,5.2403729100604435e-05,4.181707552463316e-05,2.6415260069497917e-05
selection,1742,5.253953130403169e-05,3.935215683364058e-05,2.878559679643823e-05
selection,1743,5.1394632667497245e-05,4.1460691565089374e-05,2.731471753348135e-05
selection,1744,5.545680231904449e-05,4.6033673745793806e-05,3.2370992862357776e-05
selection,1745,5.523102303339232e-05,4.5964138129704807e-05,3.273709235239721e-05
selection,1746,5.2622541083154836e-05,3.969999709497381e-05,2.858851308368145e-05
selection,1747,5.489412102524811e-05,3.8637765605833155e-05,2.8448442460119236e-05
selection,1748,4.711275808052643e-05,3.143888731026563e-05,2.1074353550540754e-05
selection,1749,5.251672863451299e-05,4.27414702433853e-05,2.551878163143234e-05
selection,1750,5.1904166634758356e-05,4.0899941945484776e-05,2.7706007251519787e-05
selection,1751,5.4020327568109886e-05,4.3086675602847504e-05,2.418331951167731e-05
selection,1752,5.847973618418989e-05,4.43376529649006e-05,3.289389269512589e-05
selection,1753,5.081985393713978e-05,4.1777367085242286e-05,2.7250120512513117e-05
selection,1754,4.974744145556314e-05,4.0681747432449455e-05,2.884766705119832e-05
selection,1755,5.151413195590711e-05,4.201187218088354e-05,2.6852065580782873e-05
selection,1756,5.223143163920198e-05,4.169062167917966e-05,2.6735456375177304e-05
selection,1757,5.4308605652584646e-05,4.027797763313806e-05,2.704432033109529e-05
selection,1758,5.0372563594198374e-05,3.9240124232949906e-05,3.0152612496773005e-05
selection,1759,5.4508104256224504e-05,3.7980317076984974e-05,2.943615077202132e-05
selection,1760,5.4703526902471017e-05,4.077805070211701e-05,2.6368143367118076e-05
selection,1761,5.337556528707501e-05,3.977898795594702e-05,2.7982034493590673e-05
selection,1762,5.299822936238039e-05,3.846510800997895e-05,2.9665204581488416e-05
selection,1763,5.198383409191324e-05,4.0359141962977274e-05,2.81944015396822e-05
selection,1764,5.186578181171267e-05,4.054947383581051e-05,2.796236991011932e-05
selection,1765,5.134698689487673e-05,4.142118812989703e-05,2.7507481673665437e-05
selection,1766,5.261145271408353e-05,4.05594694907367e-05,2.769889957173579e-05
selection,1767,5.2369158870055565e-05,4.202435356840604e-05,2.6314095806350252e-05
selection,1768,4.5106097809549466e-05,3.119884323367853e-05,2.2407554495698205e-05
selection,1769,5.475313802549838e-05,3.7205296563143346e-05,3.0126082334102195e-05
selection,1770,4.7726947315202346e-05,3.168768127901521e-05,2.0569552512829233e-05
selection,1771,5.081503269906172e-05,3.993492533151243e-05,2.9196915705493992e-05
selection,1772,5.3250672618114194e-05,3.902089722924709e-05,2.8968793086260606e-05
selection,1773,5.7613918338635976e-05,4.443680750475616e-05,3.31685570963771e-05
selection,1774,5.696999494268521e-05,4.265230542445024e-05,3.532075296530873e-05
selection,1775,5.197993152930262e-05,4.414702331362103e-05,2.4304518547392013e-05
selection,1776,5.146456496445385e-05,4.018799421697589e-05,2.848733506733671e-05
selection,1777,5.5341670135802275e-05,4.787284278400852e-05,3.062232572634083e-05
selection,1778,5.1780768794619365e-05,3.783628233043052e-05,3.087514598898416e-05
selection,1779,5.053776382567653e-05,3.937422351642738e-05,2.981757886810506e-05
selection,1780,4.6186190486854e-05,2.9554470777514752e-05,2.357020836545997e-05
selection,1781,5.279591345753057e-05,3.980527498092814e-05,2.8375732747460054e-05
selection,1782,5.886317888993089e-05,4.5199518042514795e-05,3.18960641799073e-05
selection,1783,5.856011834601301e-05,4.6946795176986e-05,2.989790179699742e-05
selection,1784,5.2454244400465275e-05,3.717626447271688e-05,3.122862758447031e-05
selection,1785,5.4776114983717194e-05,4.537041623858514e-05,3.353538238788208e-05
selection,1786,5.247183008856519e-05,4.0793907968640304e-05,2.7420047902239987e-05
selection,1787,5.741304399488632e-05,4.445712432032105e-05,3.324884757206674e-05
selection,1788,4.9999869251481775e-05,4.045216155724798e-05,2.9085519093075568e-05
selection,1789,5.399946931715344e-05,4.63331851761304e-05,3.2905403595174436e-05
selection,1790,5.127675441043964e-05,4.3132662426413933e-05,2.5376099302733028e-05
selection,1791,4.66415536844069e-05,3.4661018898080704e-05,1.795458841022616e-05
selection,1792,4.4360879298889636e-05,3.270685169233329e-05,2.0970133825074815e-05
selection,1793,5.292837659453286e-05,3.4710246419377245e-05,3.350497768280603e-05
selection,1794,5.67511936848985e-05,4.8240111962164236e-05,2.9557183205907064e-05
selection,1795,5.268639325361194e-05,3.832835371469599e-05,2.9946717236371607e-05
selection,1796,5.668743132534927e-05,4.467335271454161e-05,3.3369183683538396e-05
selection,1797,4.668652166478091e-05,3.070375589884546e-05,2.2004326042531672e-05
selection,1798,5.166783343249805e-05,3.9839603368876884e-05,2.8808315440537148e-05
selection,1799,5.4089857003412094e-05,3.922713680493097e-05,2.8369892692212e-05
selection,1800,5.638411775095673e-05,4.7166971785376685e-05,3.0886347094115706e-05
selection,1801,4.452632039322517e-05,3.15018748337425e-05,2.2292171639183788e-05
selection,1802,5.123140111709277e-05,3.768749661495192e-05,3.127777269054695e-05
selection,1803,4.389210537700252e-05,3.170977457451264e-05,2.240076557530672e-05
selection,1804,5.497909943145109e-05,4.275238886497004e-05,3.621902083844233e-05
selection,1805,5.5889630185693945e-05,4.7895013131800526e-05,3.046950608430804e-05
selection,1806,5.132468007664388e-05,4.214661103467686e-05,2.665542010862721e-05
selection,1807,5.775108337444751e-05,4.475835419167722e-05,3.266256092977022e-05
selection,1808,5.314248231124838e-05,4.0323426903909e-05,2.767346507010762e-05
selection,1809,5.153284520289586e-05,4.0880107002823135e-05,2.78695605005804e-05
selection,1810,4.94321785442235e-05,2.9124722435784847e-05,2.2288182558248087e-05
selection,1811,5.41764617656465e-05,4.662637586754852e-05,3.252288331099689e-05
selection,1812,4.483661942634895e-05,3.224233297477793e-05,2.1351922861663376e-05
selection,1813,5.2384160261608236e-05,3.9217160065456326e-05,2.913694681874752e-05
selection,1814,5.62877311070136e-05,4.6472485198220026e-05,3.1648207372911024e-05
selection,1815,5.857384309822757e-05,4.753314992783522e-05,2.9433775687949315e-05
selection,1816,5.086277174045041e-05,4.133676818058843e-05,2.7717788559770158e-05
selection,1817,5.774133707910484e-05,4.5230227630577106e-05,3.23622353221547e-05
selection,1818,5.608172041157755e-05,4.6577657702770086e-05,3.1757222583255295e-05
selection,1819,5.5985422786303986e-05,4.580732410254851e-05,3.2548808118208304e-05
selection,1820,5.205472313704363e-05,3.964250837298526e-05,2.9002562601310182e-05
selection,1821,5.266395703555e-05,3.79661394212888e-05,3.0231821158739404e-05
selection,1822,5.294293744329677e-05,4.048118947068491e-05,2.764506705241426e-05
selection,1823,5.087251094980511e-05,4.07068180810145e-05,2.8337429495269624e-05
selection,1824,5.587860314013036e-05,3.656142302959757e-05,3.0128798964492676e-05
selection,1825,5.527973846549384e-05,4.327983683856078e-05,3.540124226555942e-05
selection,1826,5.2913827941276884e-05,4.037394062814868e-05,2.7760213697404348e-05
selection,1827,4.9626996450954466e-05,4.2265838206345834e-05,2.739331873401137e-05
selection,1828,5.282456090615764e-05,4.168229815331634e-05,2.6471991753884926e-05
selection,1829,4.5677465176727355e-05,3.237956410567345e-05,2.089790150674963e-05
selection,1830,5.612927535588191e-05,4.460398715571501e-05,3.361462230664676e-05
selection,1831,5.616003140316575e-05,3.9637786144736955e-05,2.6863153514675994e-05
selection,1832,4.490166723410162e-05,3.126218602263473e-05,2.2338046239731637e-05
selection,1833,5.432177037645876e-05,4.350961953651889e-05,2.3628942623341786e-05
selection,1834,5.737140560799898e-05,4.505350836039284e-05,3.27057472320462e-05
selection,1835,4.824894430913828e-05,2.9868015314554183e-05,2.224763707511228e-05
selection,1836,5.72913844226725e-05,4.461658609040589e-05,3.308041730076451e-05
selection,1837,5.3568201849279505e-05,3.8446055864811926e-05,2.9324600487754203e-05
selection,1838,4.5925603684723336e-05,3.317940359817367e-05,1.9826845864476135e-05
selection,1839,5.704789332442214e-05,4.3363107327817984e-05,3.465212983988204e-05
selection,1840,5.440486078476845e-05,4.780531550007633e-05,3.127481408826947e-05
selection,1841,5.3945318835453827e-05,3.8408262354243774e-05,2.9286409400332666e-05
selection,1842,5.7374800649680686e-05,4.382867022663156e-05,3.397099570501919e-05
selection,1843,5.5969123115260193e-05,4.753828870859452e-05,3.0799176967186694e-05
selection,1844,5.5976597992123505e-05,4.747435305714859e-05,3.085764218824686e-05
selection,1845,4.6719702304329734e-05,3.1460030573894165e-05,2.103184849245736e-05
selection,1846,5.234904889734345e-05,3.801057669866968e-05,3.0368594378712303e-05
selection,1847,5.281666447536277e-05,4.1787118420401846e-05,2.635990247997973e-05
selection,1848,5.249611694879698e-05,3.99707998234348e-05,2.836484099782331e-05
selection,1849,5.663360528655363e-05,4.3735796694707216e-05,3.419246920773149e-05
selection,1850,5.567800670268441e-05,4.671972088603332e-05,3.166942348196122e-05
selection,1851,4.701286311363809e-05,3.0390536173326995e-05,2.231797209510963e-05
selection,1852,4.698845246014762e-05,3.2445384688168525e-05,2.0179552355429856e-05
selection,1853,4.6712031797625245e-05,3.360474502375719e-05,1.9065620776244724e-05
selection,1854,4.619567191834547e-05,3.169028908378953e-05,2.1149287416851583e-05
selection,1855,5.3125796096206776e-05,4.154091713678889e-05,2.6461171641462277e-05
selection,1856,4.570384995775023e-05,3.0487982088994683e-05,2.2800968721435115e-05
selection,1857,4.875129548040628e-05,3.1018145306656105e-05,2.0603788821077823e-05
selection,1858,5.446237363172216e-05,3.9544174159811565e-05,2.7807738803081806e-05
selection,1859,5.130251076927449e-05,4.0968730561242176e-05,2.803904777655669e-05
selection,1860,5.5803332969806005e-05,4.323629751170096e-05,3.525195511243646e-05
selection,1861,5.38648977882704e-05,3.849363888241156e-05,2.924072214860238e-05
selection,1862,4.645403048210085e-05,3.2876031427149526e-05,2.00311648036307e-05
selection,1863,4.629322711468209e-05,2.8198395194188582e-05,2.4849840472438982e-05
selection,1864,5.3334220265286474e-05,3.7311330326736175e-05,3.06031356840678e-05
selection,1865,5.8403446311430274e-05,4.405591855155423e-05,3.308614199440588e-05
selection,1866,5.6452013769041816e-05,4.3354769591979904e-05,3.482342503177317e-05
selection,1867,5.873515536172873e-05,4.8258373108509425e-05,2.8641987478111937e-05
selection,1868,5.288611383883167e-05,4.0526938924010736e-05,2.762310064306829e-05
selection,1869,4.4683060758111994e-05,3.017663532266796e-05,2.3540177906645302e-05
selection,1870,4.765610205572743e-05,3.027748329911695e-05,2.1943985730508574e-05
selection,1871,5.097058160897467e-05,4.24800361700185e-05,2.6379992560899773e-05
selection,1872,4.617307365840667e-05,3.449194081876559e-05,1.8400310230784577e-05
selection,1873,5.4227749035728524e-05,3.9583229127053455e-05,2.7841672463413038e-05
selection,1874,5.562438903812938e-05,4.405576687710132e-05,3.452120388091357e-05
selection,1875,5.049673115695552e-05,3.985031121500584e-05,2.935440827613724e-05
selection,1876,5.184688886075226e-05,3.675741943557013e-05,3.1911760519156873e-05
selection,1877,5.300399806601596e-05,4.1214174927089865e-05,2.6870785110633507e-05
selection,1878,5.349399722630109e-05,3.9127585999176355e-05,2.8733636686599805e-05
selection,1879,4.6478044364612005e-05,3.1164461218243774e-05,2.1729533199196114e-05
selection,1880,5.075218548458553e-05,3.8224403775744745e-05,3.090801167401222e-05
selection,1881,5.343984334498003e-05,3.7540645437685005e-05,3.017592704920698e-05
selection,1882,5.316896232308441e-05,4.0226262102039424e-05,2.7788702658415528e-05
selection,1883,5.17237558990814e-05,4.181729200383277e-05,2.68442898523582e-05
selection,1884,5.5586279280052236e-05,4.632143727618425e-05,3.22936634952059e-05
selection,1885,5.246773148902116e-05,4.412108761245167e-05,2.4122464763572737e-05
selection,1886,5.7513601543733794e-05,4.668028731711229e-05,3.079416225167196e-05
selection,1887,5.327863225080824e-05,4.37960486592275e-05,2.4017688308298742e-05
selection,1888,5.576504430511231e-05,4.774840528754878e-05,3.0592004337503746e-05
selection,1889,5.316406915152313e-05,3.7188879596845295e-05,3.0914833233201555e-05
selection,1890,5.338001855983632e-05,3.754767387114688e-05,3.043937262048906e-05
selection,1891,5.9089398284216096e-05,4.7742820085999656e-05,2.8886651266491112e-05
selection,1892,5.093062239668002e-05,4.088322624845514e-05,2.8095654617673834e-05
selection,1893,5.541556190469603e-05,4.7613553880290136e-05,3.0879189302901344e-05
selection,1894,4.7464076177225706e-05,2.976958776726742e-05,2.2716577798160412e-05
selection,1895,5.6890574301683174e-05,4.388057206407834e-05,3.412604404464471e-05
selection,1896,5.539141188714745e-05,4.652338395564241e-05,3.211694775754297e-05
selection,1897,5.3783354475496634e-05,4.086075283131317e-05,2.685593663097724e-05
selection,1898,4.6899731968440706e-05,3.06453993417477e-05,2.2055061025632516e-05
selection,1899,4.6617090296439845e-05,3.063290821579158e-05,2.226273397087564e-05
selection,1900,5.122157260093804e-05,4.004331677513705e-05,2.8871615614536983e-05
selection,1901,4.559851557529873e-05,2.875771686068817e-05,2.458128450533489e-05
selection,1902,5.228359344200896e-05,3.587926200077232e-05,3.259996024656899e-05
selection,1903,4.607072280869896e-05,2.864512564779603e-05,2.4574703220772377e-05
selection,1904,5.711350900495144e-05,4.4185398584262734e-05,3.368109870828493e-05
selection,1905,5.479837433500022e-05,4.097544684335337e-05,2.597935522311759e-05
selection,1906,4.8358457444238766e-05,3.117770343749012e-05,2.0730946681730196e-05
selection,1907,5.259679476859346e-05,4.092152672709287e-05,2.701740903766045e-05
selection,1908,4.558431983954014e-05,3.317257395779717e-05,2.0068120971569714e-05
selection,1909,5.4024906029208266e-05,4.1795600246077644e-05,2.5485328726253182e-05
selection,1910,4.701765256949265e-05,3.3283845592292076e-05,1.9256885912584113e-05
selection,1911,4.88457627317622e-05,3.099922800366392e-05,2.0869225423422726e-05
selection,1912,4.6319290100555985e-05,2.782145302470518e-05,2.5238220147666428e-05
selection,1913,5.6919268877198096e-05,4.7196999478938666e-05,3.062074585615791e-05
selection,1914,5.527793683499543e-05,4.3496730017116213e-05,3.52554344119957e-05
selection,1915,5.7534906508810875e-05,4.824602858958786e-05,2.915114021869951e-05
selection,1916,5.250054723338767e-05,3.809845055335782e-05,3.0258291522054483e-05
selection,1917,5.559923038211536e-05,4.205209466647281e-05,3.662485146102959e-05
selection,1918,5.502707226564939e-05,4.169556957783141e-05,2.53442332904638e-05
selection,1919,5.6030452757072146e-05,4.677119616632886e-05,3.155600110990785e-05
selection,1920,5.609854617321184e-05,4.1535722997683486e-05,3.687660901191198e-05
selection,1921,5.554259207944037e-05,4.7504582812538835e-05,3.092292721329039e-05
selection,1922,5.274100086538909e-05,4.091913238880559e-05,2.7279996479619066e-05
selection,1923,5.212976742296362e-05,3.846275769214798e-05,3.0047388742772594e-05
selection,1924,5.331480745856254e-05,4.1225912052146086e-05,2.672731588176578e-05
selection,1925,5.281966996775355e-05,4.172160784938841e-05,2.6101840725036514e-05
selection,1926,5.0970169232439357e-05,3.8486256369194744e-05,3.055279072079072e-05
selection,1927,4.6306342793808435e-05,2.8809329279306914e-05,2.423435613863783e-05
selection,1928,5.169800544061722e-05,3.904143702160463e-05,2.9637902697967493e-05
selection,1929,5.800218306091593e-05,4.551977994294648e-05,3.184255593814118e-05
selection,1930,5.408513758272697e-05,4.162878332256714e-05,2.594072664701823e-05
selection,1931,4.544925163162042e-05,3.2209645969442924e-05,2.1146714151229473e-05
selection,1932,5.2247056831270175e-05,3.7950750433730294e-05,3.055522934868718e-05
selection,1933,4.652248735390141e-05,3.2743869599564545e-05,2.0103984043230023e-05
selection,1934,5.6302321841377974e-05,4.760096793513224e-05,3.043003370954683e-05
selection,1935,5.242655188491999e-05,4.054308871712644e-05,2.7745581668637856e-05
selection,1936,5.117403593583258e-05,4.100726099674586e-05,2.79983295106596e-05
selection,1937,5.242694214291734e-05,4.326295756394848e-05,2.4862053146610804e-05
selection,1938,5.124281719032058e-05,4.231446496539139e-05,2.654804048362113e-05
selection,1939,5.6430443606550785e-05,4.758869308075322e-05,3.037487145216009e-05
selection,1940,5.231810189160185e-05,4.1200406348621084e-05,2.7158967242381407e-05
selection,1941,5.0454832495053574e-05,4.331877171933699e-05,2.5845156156621858e-05
selection,1942,5.691490783435803e-05,4.8770288337236915e-05,2.8874345333147943e-05
selection,1943,5.282872791427813e-05,3.888995166893916e-05,2.9380498818867823e-05
selection,1944,5.199181623999778e-05,4.090535578015634e-05,2.772240376365092e-05
selection,1945,4.522711354907465e-05,2.996394208152925e-05,2.3459996379007584e-05
selection,1946,5.352521191494506e-05,3.881816084323792e-05,2.903390192014839e-05
selection,1947,5.2359734088083125e-05,4.303836243045299e-05,2.5148338812624326e-05
selection,1948,4.588321963295675e-05,3.0067309559166002e-05,2.301175434290504e-05
selection,1949,5.533207189254404e-05,4.4458453906621965e-05,3.413167009554269e-05
selection,1950,5.712514214492393e-05,4.386431884281982e-05,3.398449346578257e-05
selection,1951,4.5614455075342895e-05,2.9903864531026495e-05,2.3417204426804318e-05
selection,1952,5.695413347549866e-05,4.465166933248697e-05,3.3277251961219555e-05
selection,1953,5.197628926828221e-05,4.006538840282744e-05,2.8411276137213338e-05
selection,1954,4.975351269302766e-05,4.119505172581437e-05,2.8352629912015183e-05
selection,1955,5.345711033211142e-05,3.6658116350490976e-05,3.1188069604236586e-05
selection,1956,5.5568345621815205e-05,4.346770449857004e-05,3.509865856462302e-05
selection,1957,5.34346437680871e-05,4.210775496906901e-05,2.5663766908610677e-05
selection,1958,4.756004749127496e-05,2.8229038038177653e-05,2.4211583463768886e-05
selection,1959,4.7497891613100696e-05,3.087137234779054e-05,2.1671415467904464e-05
selection,1960,4.5615787957597665e-05,3.297508675386135e-05,2.0297065119659982e-05
selection,1961,5.276918109316886e-05,3.802708301713711e-05,3.0214932464412036e-05
selection,1962,5.288566515536742e-05,4.011080905992788e-05,2.7872588902159717e-05
selection,1963,5.649629487034371e-05,4.671294242377916e-05,3.1304176648113425e-05
selection,1964,4.653612835079303e-05,2.638699115724665e-05,2.653126815012036e-05
selection,1965,4.418234002827967e-05,3.1195257783991644e-05,2.2828552398035394e-05
selection,1966,5.327767055176426e-05,3.8110914938897526e-05,2.9927315454147043e-05
selection,1967,5.194117036693596e-05,4.15508925632015e-05,2.6849892799495974e-05
selection,1968,5.1873019896614314e-05,3.904372602758484e-05,2.9528812557358383e-05
selection,1969,5.640376591771253e-05,4.7699414799181784e-05,3.0345387314548857e-05
selection,1970,5.421354311302288e-05,4.054541542277586e-05,2.690804171430197e-05
selection,1971,5.143021056599802e-05,4.207819489909751e-05,2.6589424631412866e-05
selection,1972,5.567035686533498e-05,4.669870509895265e-05,3.1545079146674644e-05
selection,1973,4.71215069820038e-05,2.9104786378972208e-05,2.3646845878506413e-05
selection,1974,5.359511121867102e-05,3.7178877430979045e-05,3.0678879478919955e-05
selection,1975,5.765986585084266e-05,4.2414223400587184e-05,3.5148032302676684e-05
selection,1976,4.9891116163294675e-05,4.0129185994997725e-05,2.9449385034444248e-05
selection,1977,5.584897434236088e-05,4.376790918536353e-05,3.469832920394466e-05
selection,1978,5.048554689397523e-05,4.2100685200964334e-05,2.7097879735996912e-05
selection,1979,5.257542851930245e-05,4.0334038688146874e-05,2.7933369161178218e-05
selection,1980,5.5060826419681174e-05,4.0450064576059365e-05,2.647494899667872e-05
selection,1981,5.7198716578974865e-05,4.456034704076628e-05,3.328252217142203e-05
selection,1982,5.2812095101612385e-05,3.898196987944772e-05,2.9208489910786586e-05
selection,1983,5.123126707883875e-05,3.9126526739095434e-05,2.9956743895267074e-05
selection,1984,5.146627300931251e-05,4.272336375403436e-05,2.599473582046219e-05
selection,1985,5.115577958789269e-05,4.1285780563875934e-05,2.7625459628078606e-05
selection,1986,5.4843684808207045e-05,4.3537250791475545e-05,3.54725245697715e-05
selection,1987,5.622761201989086e-05,4.7841815868201874e-05,3.0358745539478107e-05
selection,1988,5.328485623168625e-05,4.518757308855925e-05,2.2362137501777434e-05
selection,1989,5.733583705894289e-05,4.705788428083174e-05,3.063528215551396e-05
selection,1990,5.132488491211008e-05,4.232788668404097e-05,2.6506856743791857e-05
selection,1991,5.69474010781305e-05,4.615592464110118e-05,3.16828556515836e-05
selection,1992,4.650351730215255e-05,3.132035564085201e-05,2.1523591108090837e-05
selection,1993,4.4533230943220163e-05,2.93040567132616e-05,2.457674159698897e-05
selection,1994,5.702031638353633e-05,4.407061407433825e-05,3.380073519232907e-05
selection,1995,4.749199952177915e-05,3.198298129792389e-05,2.0336641832227872e-05
selection,1996,4.47849445749094e-05,3.3000044611808025e-05,2.054793223112416e-05
selection,1997,5.5863840626648725e-05,4.183544439417058e-05,3.681770130664839e-05
selection,1998,5.6823434687934324e-05,4.272868925831474e-05,3.5265715700058736e-05
selection,1999,5.653704280566595e-05,4.761193744357028e-05,3.0434608004566755e-05
selection,2000,5.3521557598143776e-05,4.3355228368636956e-05,2.4128157104653136e-05
selection,2001,4.5275755059815245e-05,3.15507029362918e-05,2.1918221887826668e-05
selection,2002,5.1746209301865365e-05,4.030792392140449e-05,2.8284767105651125e-05
selection,2003,5.351755977263058e-05,3.467533539510402e-05,3.324723783625579e-05
selection,2004,5.308384207375534e-05,4.317350145411781e-05,2.4841880778595056e-05
selection,2005,5.182108079800583e-05,4.0241998280751e-05,2.8394391410142375e-05
selection,2006,5.32691343057358e-05,4.1301378997880825e-05,2.637418188809898e-05
selection,2007,5.5983356100177173e-05,4.654688944629583e-05,3.1829529676664965e-05
selection,2008,4.656216795089086e-05,3.5268541194328496e-05,1.7208845275159002e-05
selection,2009,5.6510330360486796e-05,4.5259212168242835e-05,3.274959476459562e-05
selection,2010,5.22938819328739e-05,4.0621691963720755e-05,2.7713741719070705e-05
selection,2011,5.3456704753970003e-05,4.086845289592362e-05,2.7040168863564033e-05
selection,2012,5.528517861145686e-05,4.630063609597655e-05,3.234533654565148e-05
selection,2013,5.019219069865437e-05,4.051529145385581e-05,2.8855102613617243e-05
selection,2014,5.2053618126803585e-05,4.098590732119955e-05,2.735255827389894e-05
selection,2015,5.5015834399644736e-05,4.6350883591629634e-05,3.259550414215442e-05
selection,2016,4.6184525590669874e-05,3.251087842316854e-05,2.0523890515955054e-05
selection,2017,4.522074195832822e-05,3.292856493581189e-05,2.0505048766207965e-05
selection,2018,4.470099194042862e-05,3.322014106165007e-05,2.048463637968143e-05
selection,2019,4.613052294434322e-05,2.843265586596139e-05,2.4671243250275284e-05
selection,2020,5.04906492972349e-05,4.051147855014565e-05,2.8671155024665292e-05
selection,2021,5.434115498127921e-05,3.8121511276567344e-05,2.9237904636984597e-05
selection,2022,4.9968441580544455e-05,3.816089014535541e-05,3.1498046381053975e-05
selection,2023,5.264086818909542e-05,4.033953694424224e-05,2.788961202392222e-05
selection,2024,4.624706770510259e-05,3.287648966090549e-05,2.0136913328969405e-05
selection,2025,5.142999890077996e-05,4.21432072249821e-05,2.6575985220021572e-05
selection,2026,5.312847207866259e-05,4.2281863735898895e-05,2.569128822611103e-05
selection,2027,4.5713473020447526e-05,2.9188475908157957e-05,2.4083930374682114e-05
selection,2028,5.2137957123807516e-05,4.360752721939139e-05,2.457317380926055e-05
selection,2029,5.8708878219684794e-05,4.588813365307759e-05,3.09868429429415e-05
selection,2030,5.195268778568708e-05,3.950089880609473e-05,2.910896684770013e-05
selection,2031,4.506086472926562e-05,3.110222876688458e-05,2.2470688393804728e-05
selection,2032,4.46831654141434e-05,3.320935038249465e-05,2.049204225378916e-05
selection,2033,5.378818339384716e-05,3.8989817407175376e-05,2.874655564957057e-05
selection,2034,5.844361349579945e-05,4.3862436166733686e-05,3.338064194776101e-05
selection,2035,5.213463398780121e-05,4.217271799705227e-05,2.6241103042348375e-05
selection,2036,5.35487499764225e-05,4.191266457044353e-05,2.5669618545868975e-05
selection,2037,5.259733071814824e-05,4.084995900532295e-05,2.7235620184007742e-05
selection,2038,5.2453386920179626e-05,4.1438562928413104e-05,2.689934913621073e-05
selection,2039,5.112406921013263e-05,3.856208583503416e-05,3.0572332175995225e-05
selection,2040,5.2242863152265515e-05,3.614057419232784e-05,3.2387561870933034e-05
selection,2041,4.645562922142262e-05,3.485489758134363e-05,1.7908026218168104e-05
selection,2042,5.238744664508588e-05,3.744670832132577e-05,3.094733099128451e-05
selection,2043,4.557146866826648e-05,3.255331881477589e-05,2.0419331566756895e-05
selection,2044,5.1015797300839905e-05,4.043446210886383e-05,2.8586793082232137e-05
selection,2045,4.553588314822824e-05,3.270994450214674e-05,2.0612016575663505e-05
selection,2046,5.395011295073705e-05,3.872764298054934e-05,2.8974233986830004e-05
selection,2047,5.218103372644252e-05,4.005319490335428e-05,2.822750727474427e-05
selection,2048,5.425182629592145e-05,3.680592572195851e-05,3.080074247875066e-05
selection,2049,4.584109493575171e-05,3.234121865354562e-05,2.0838063419110047e-05
selection,2050,4.523376041162188e-05,3.1207343671286465e-05,2.2352244029430393e-05
selection,2051,4.9493024237972695e-05,4.0714116169539974e-05,2.8952562703021914e-05
selection,2052,4.7020761965081736e-05,3.33041568391855e-05,1.9255039301563392e-05
selection,2053,4.618859066818703e-05,3.333657254815761e-05,1.9657468073021008e-05
selection,2054,4.603982441435324e-05,2.9950573239486877e-05,2.3265818595044324e-05
selection,2055,5.7845459877047866e-05,4.4707460811900185e-05,3.266192342130638e-05
selection,2056,5.189381943212919e-05,3.811844403387904e-05,3.055308710064775e-05
selection,2057,5.315035854629256e-05,4.012558910863588e-05,2.790722542893315e-05
selection,2058,5.168206487710364e-05,4.008176577312412e-05,2.871152201163929e-05
selection,2059,5.145182031888407e-05,4.3940034143739264e-05,2.4894812169055393e-05
selection,2060,4.598335431243896e-05,3.085416775134818e-05,2.2266935564373077e-05
selection,2061,5.4561734364656326e-05,4.866332236927518e-05,3.0289553144674264e-05
selection,2062,5.0742134096148935e-05,4.2245897384309467e-05,2.6646595859849775e-05
selection,2063,5.216811065780306e-05,3.924554034201137e-05,2.914887306398812e-05
selection,2064,5.591514342166325e-05,4.485872297772882e-05,3.356159507420604e-05
selection,2065,5.051314053350288e-05,3.95986162841716e-05,2.961541311210774e-05
selection,2066,5.344960289028988e-05,4.089683744050624e-05,2.6975349910133988e-05
selection,2067,4.7714897856456587e-05,3.3557919856198526e-05,1.866461583765822e-05
selection,2068,5.516861513890035e-05,4.727432599238197e-05,3.1430625772862296e-05
selection,2069,5.128211183019048e-05,3.9087063882741335e-05,2.9717160690945346e-05
selection,2070,5.765149011474601e-05,4.6386362993503785e-05,3.121735495035968e-05
selection,2071,5.6273849640076104e-05,4.342190779350886e-05,3.5014293642454164e-05
selection,2072,4.735248129227832e-05,3.104278366828486e-05,2.1406458066537458e-05
selection,2073,5.2628135533611804e-05,4.0170677450479404e-05,2.810539145667531e-05
selection,2074,5.177247842461713e-05,3.8904585570251575e-05,2.9786393444726122e-05
selection,2075,5.070807697723337e-05,3.8883330370867185e-05,3.0345257874789588e-05
selection,2076,5.6308694086888906e-05,4.681506950910465e-05,3.1288744107584356e-05
selection,2077,5.261513188047947e-05,4.037310273323668e-05,2.7905049392290315e-05
selection,2078,5.768934954165344e-05,4.909339495659922e-05,2.826329816344311e-05
selection,2079,5.194098724102866e-05,4.3412585156958855e-05,2.4932624091924252e-05
selection,2080,5.085335413785157e-05,4.329322570904676e-05,2.561369694406487e-05
selection,2081,5.2082174557287875e-05,4.0087482353653944e-05,2.8434988832462915e-05
selection,2082,4.585982592880486e-05,3.29222890343801e-05,2.0268909175771093e-05
selection,2083,5.3018557178640966e-05,3.9058792296549485e-05,2.904648368477002e-05
selection,2084,4.6035219403887266e-05,3.370237222845768e-05,1.939216858028421e-05
selection,2085,4.696326558594107e-05,3.16248725821473e-05,2.1062200669583068e-05
selection,2086,5.61321443471773e-05,4.8250158042172665e-05,2.9996233156800984e-05
selection,2087,5.116542132850786e-05,3.914193606228272e-05,2.9797231288826466e-05
selection,2088,5.5069669981916365e-05,4.241058948488337e-05,3.654362069319171e-05
selection,2089,4.418566426613225e-05,3.21649098156265e-05,2.173072937581122e-05
selection,2090,4.7527533717695386e-05,3.2462891604432166e-05,1.979234809067664e-05
selection,2091,5.372824300399781e-05,4.224120846624996e-05,2.532671310875712e-05
selection,2092,4.412401429114554e-05,3.1662700470695834e-05,2.2305623675853316e-05
selection,2093,5.631577483552466e-05,4.848370420813548e-05,2.9667652730073787e-05
selection,2094,4.493301238333575e-05,3.1709580442330584e-05,2.1895265084082522e-05
selection,2095,5.449911296415666e-05,4.0434396890554675e-05,2.68720655335167e-05
selection,2096,4.978316025190375e-05,4.2579638076125763e-05,2.6660927963089588e-05
selection,2097,4.5038730910395005e-05,3.3077867666911025e-05,2.0437829516423423e-05
selection,2098,4.7136215585755666e-05,3.05530236785769e-05,2.206667725487793e-05
selection,2099,5.377109037851576e-05,3.829444406391447e-05,2.9467332175357947e-05
selection,2100,5.471869267557916e-05,4.539029487741761e-05,3.365345508303061e-05
selection,2101,4.606207672994541e-05,2.9888528907884645e-05,2.3153570331211576e-05
selection,2102,5.194857837714915e-05,4.303862140279105e-05,2.5385164584970796e-05
selection,2103,5.323410020758485e-05,4.652211742445809e-05,3.30624039838517e-05
selection,2104,4.762214422468135e-05,3.088080137234528e-05,2.1534531807914235e-05
selection,2105,5.276832544061178e-05,3.8397823692240254e-05,2.993386728558398e-05
selection,2106,4.991249901961543e-05,4.077122281448228e-05,2.874280772727161e-05
selection,2107,5.608205382343434e-05,4.660287909168166e-05,3.1769642256010555e-05
selection,2108,5.182328675061249e-05,3.8400060452341976e-05,3.0253400080224517e-05
selection,2109,5.254027633866209e-05,4.023412251508047e-05,2.7998435636534203e-05
selection,2110,5.423501292034091e-05,4.0675226885800945e-05,2.6519675825962865e-05
selection,2111,5.3864392328139585e-05,3.8466593901478154e-05,2.8999528359834608e-05
selection,2112,5.611582218984209e-05,4.463458844222105e-05,3.350392289628305e-05
selection,2113,5.4041406515787524e-05,4.326713548378296e-05,2.4147720853073536e-05
selection,2114,4.6409101617367545e-05,3.21616923692579e-05,2.075791393706129e-05
selection,2115,5.702961432588782e-05,4.970966128945331e-05,2.8040744889199522e-05
selection,2116,5.524464617587218e-05,4.510258926523208e-05,3.363615574957132e-05
selection,2117,5.6483359808852656e-05,4.363702737516684e-05,3.453139065870282e-05
selection,2118,5.564695309398736e-05,4.595248836709373e-05,3.255406163838887e-05
selection,2119,4.4931641725100366e-05,3.338355616596888e-05,2.01687714124495e-05
selection,2120,5.740312103192602e-05,4.7314272099319857e-05,3.0142951830865625e-05
selection,2121,5.2584025679434494e-05,3.8122751223419305e-05,3.0199233851427704e-05
selection,2122,5.6622980193558563e-05,4.2805732638342586e-05,3.5296688264215886e-05
selection,2123,5.19281808396391e-05,4.1398676371665e-05,2.7086035390115146e-05
selection,2124,5.163760241857131e-05,4.2504723507009354e-05,2.6149808036730656e-05
selection,2125,4.754898910840289e-05,3.063488519688753e-05,2.1817200178188585e-05
selection,2126,4.5606417585922286e-05,2.9361628172268677e-05,2.394313211664744e-05
selection,2127,5.270336712161736e-05,3.5900084860683976e-05,3.2416909411448825e-05
selection,2128,5.188037002692587e-05,3.880448616288162e-05,2.978844075996534e-05
selection,2129,5.341062381812981e-05,4.080061564175735e-05,2.681486030087153e-05
selection,2130,5.129311783960007e-05,3.9510391326426415e-05,2.9356936840931435e-05
selection,2131,5.647941713488327e-05,4.402240628953832e-05,3.4156546994366464e-05
selection,2132,4.5004264226060524e-05,2.9133053194608366e-05,2.4539163797800566e-05
selection,2133,5.050921362673967e-05,3.814770429673013e-05,3.111137767599068e-05
selection,2134,4.690056066169277e-05,3.239176988226919e-05,2.029129295359198e-05
selection,2135,5.512791844302578e-05,4.3844992101243195e-05,3.493402069531598e-05
selection,2136,5.322074409682388e-05,4.025716273987655e-05,2.7581304817844545e-05
selection,2137,5.5688078329432925e-05,4.322756681920197e-05,3.532139182490248e-05
selection,2138,5.148091896473275e-05,4.1058005968094324e-05,2.7715332085073092e-05
selection,2139,5.623717597433465e-05,4.4622194066594115e-05,3.3636372224676315e-05
selection,2140,4.828586962954076e-05,2.753599631489488e-05,2.461562190430119e-05
selection,2141,5.3352243841323876e-05,3.6887032843447486e-05,3.1105649925496655e-05
selection,2142,4.3874193360055256e-05,3.465784393595449e-05,1.934307491991508e-05
selection,2143,4.543695217407251e-05,3.011525439797893e-05,2.3278251534658634e-05
selection,2144,5.600387025275077e-05,4.7130989765298425e-05,3.1105309264773236e-05
selection,2145,5.673295183379594e-05,4.400308124835145e-05,3.401847237276834e-05
selection,2146,4.608365953368728e-05,3.287895308138806e-05,2.007764109696332e-05
selection,2147,5.4062586025123575e-05,3.93715175550477e-05,2.8245416759981253e-05
selection,2148,5.767190469580009e-05,4.59716221704937e-05,3.156744843473169e-05
selection,2149,5.5485992055762844e-05,4.9192069126653165e-05,2.915510438693757e-05
selection,2150,4.573033233909841e-05,3.077427661503869e-05,2.2498386671922505e-05
selection,2151,5.054438652269174e-05,4.1708755576213244e-05,2.74689953097737e-05
selection,2152,5.207883930465255e-05,4.072269882475379e-05,2.778887500226449e-05
selection,2153,5.343921072367633e-05,4.164903486995195e-05,2.6144641968233735e-05
selection,2154,5.638981037174629e-05,4.359551847657167e-05,3.463762138175208e-05
selection,2155,5.470347347330485e-05,4.3610486625304266e-05,3.5363566199714555e-05
selection,2156,4.4431947472218604e-05,3.2697075547884736e-05,2.1004996579496383e-05
selection,2157,4.677906628229592e-05,3.0826503382259717e-05,2.1837891072290754e-05
selection,2158,5.429955485341642e-05,3.574039682623601e-05,3.1910329116369856e-05
selection,2159,5.5814374794938965e-05,4.425526815309547e-05,3.4287385824170585e-05
selection,2160,5.517789066429902e-05,4.728935320043212e-05,3.135422394606792e-05
selection,2161,4.551906185149564e-05,3.334820782155273e-05,1.9845768623181345e-05
selection,2162,5.4000469920134026e-05,4.3061078635248114e-05,2.439196681993331e-05
selection,2163,5.1533786127103805e-05,3.945271847745957e-05,2.931581725024597e-05
selection,2164,5.46507067572957e-05,4.330673771068482e-05,3.579928293806396e-05
selection,2165,5.803553246908632e-05,4.6051896409261174e-05,3.122697900346961e-05
selection,2166,4.6882880006534205e-05,2.9706232494683926e-05,2.312720933705829e-05
selection,2167,5.353672776689271e-05,4.150846663883641e-05,2.6061181092794464e-05
selection,2168,5.3359057635656564e-05,4.281578295253339e-05,2.5060620434916348e-05
selection,2169,5.6811757253483764e-05,4.3956535866256036e-05,3.394348371829209e-05
selection,2170,5.6945315677709685e-05,4.366024264836959e-05,3.4392114600570365e-05
selection,2171,5.2867362394490495e-05,4.061919892730652e-05,2.7441428339663815e-05
selection,2172,5.53014223059328e-05,3.798797536917158e-05,2.8873497253974927e-05
selection,2173,5.7084805112425524e-05,4.875316943898844e-05,2.906880725495502e-05
selection,2174,4.779986451183834e-05,3.138183917255693e-05,2.0746402138864083e-05
selection,2175,5.444070697697051e-05,3.685402187738162e-05,3.0635341995916626e-05
selection,2176,5.860935305761943e-05,4.318181595163874e-05,3.394839353042991e-05
selection,2177,5.224390678967878e-05,3.951226374777083e-05,2.881266521634943e-05
selection,2178,5.2290341871506516e-05,3.880064356705755e-05,2.9613138911826858e-05
selection,2179,5.838440207651688e-05,4.5897659039720825e-05,3.1213502826606484e-05
selection,2180,5.352611572211881e-05,4.37521373040791e-05,2.393544849126785e-05
selection,2181,5.1207829741325174e-05,3.743874607304503e-05,3.1602257657186934e-05
selection,2182,5.7580994888906604e-05,4.464018094249784e-05,3.290955392986334e-05
selection,2183,5.616416510924262e-05,4.9406671694790406e-05,2.8805538468769966e-05
selection,2184,5.7210964396578854e-05,4.974474872256372e-05,2.7683572841867765e-05
selection,2185,5.3961548432299974e-05,3.963568156591519e-05,2.7913031561210244e-05
selection,2186,4.669250737824823e-05,3.249020438219613e-05,2.0327647287848172e-05
selection,2187,4.777642788217744e-05,3.159543626362668e-05,2.0452916711965073e-05
selection,2188,5.369427626607885e-05,3.978697898154361e-05,2.8001011259088224e-05
selection,2189,4.6504524376448026e-05,3.10672964163742e-05,2.184477078750402e-05
selection,2190,5.1568734649469756e-05,3.93439184230846e-05,2.9396944494456757e-05
selection,2191,5.1486785436671236e-05,3.991348114351992e-05,2.8880731445860648e-05
selection,2192,5.635102996711732e-05,4.506139074707671e-05,3.3149110245226784e-05
selection,2193,5.6570908574258996e-05,4.706762022944481e-05,3.08830479681701e-05
selection,2194,5.2241824750034885e-05,3.976414434524666e-05,2.8673711191760612e-05
selection,2195,5.075124361072665e-05,4.0704336061437286e-05,2.841565081697075e-05
selection,2196,5.423241690331965e-05,4.2202331329737274e-05,2.515044803095822e-05
selection,2197,5.296823818652905e-05,3.979592910213867e-05,2.83028250698178e-05
selection,2198,5.338255665429718e-05,4.20922356340955e-05,2.563105035955724e-05
selection,2199,5.398721526906294e-05,4.244982579240861e-05,2.4974285067453206e-05
selection,2200,5.215714167493917e-05,3.969933598349151e-05,2.8808645520769578e-05
selection,2201,5.309452993041929e-05,4.598189532891954e-05,3.3676023708258346e-05
selection,2202,4.636081828648056e-05,3.0718082694870685e-05,2.2260935256566298e-05
selection,2203,5.321327518056397e-05,4.2259808831411525e-05,2.5399850444435467e-05
selection,2204,5.5211418953338e-05,4.3421398900741475e-05,3.53157743878458e-05
selection,2205,4.6599072211589416e-05,3.447982216058942e-05,1.8133429160206257e-05
selection,2206,4.399007108973565e-05,3.215892869919687e-05,2.201880655947686e-05
selection,2207,5.3031061532669226e-05,3.8008756812422186e-05,3.0016868776902322e-05
selection,2208,5.3821379674660904e-05,4.0820821212293505e-05,2.6718524984364758e-05
selection,2209,5.736337764930393e-05,4.5095591740675185e-05,3.247556397345499e-05
selection,2210,5.6246947284705345e-05,4.4694625695716656e-05,3.3588788791862784e-05
selection,2211,5.6886174273164486e-05,4.6147300502165087e-05,3.167709262705849e-05
selection,2212,5.1368393338237436e-05,4.272632261666147e-05,2.606189944854397e-05
selection,2213,5.1837123033042784e-05,4.038001157267535e-05,2.814076744049938e-05
selection,2214,5.682361174460199e-05,4.4172649503274185e-05,3.381498858781571e-05
selection,2215,4.7775792293706014e-05,3.0315015141106942e-05,2.1971407765903844e-05
selection,2216,5.299425449143503e-05,3.958477555228612e-05,2.8519051781504343e-05
selection,2217,5.466018235650543e-05,4.313229728966924e-05,3.5865406495733216e-05
selection,2218,5.655888561890527e-05,4.677370141256863e-05,3.1315071255496174e-05
selection,2219,5.314809273672168e-05,3.9886918829581705e-05,2.8165097531037604e-05
selection,2220,4.605871618619241e-05,3.202530538075734e-05,2.1135850425806707e-05
selection,2221,4.6937040559130546e-05,3.1617295820554446e-05,2.1079426903327107e-05
selection,2222,4.7715278140657465e-05,3.2423501333650576e-05,1.9556659793874193e-05
selection,2223,5.646439330508056e-05,4.622557500644225e-05,3.1903091592453276e-05
selection,2224,5.227418862137086e-05,3.801981145544746e-05,3.0415162710195062e-05
selection,2225,4.440561423373092e-05,2.8336611922250905e-05,2.5735785859326703e-05
selection,2226,5.3339002580870785e-05,4.1712217655559066e-05,2.5916977387231127e-05
selection,2227,5.1856370742848916e-05,3.8410716953229796e-05,3.031257151743115e-05
selection,2228,4.457711229849123e-05,2.8493602089911385e-05,2.541888662839182e-05
selection,2229,5.674925325335404e-05,4.5667935991899704e-05,3.2096812179110247e-05
selection,2230,5.638155823588789e-05,4.737559268486673e-05,3.0627214207240985e-05
selection,2231,5.6948534547107835e-05,4.5072383815994644e-05,3.290529919010018e-05
selection,2232,5.3838894256971935e-05,4.837669005277283e-05,3.088484060452999e-05
selection,2233,5.672679936629681e-05,4.33242040743504e-05,3.476789186123091e-05
selection,2234,5.743711064750941e-05,4.382769744576729e-05,3.388473012344213e-05
selection,2235,4.6995820328199635e-05,3.037566374720613e-05,2.233776715389883e-05
selection,2236,4.5510274563405916e-05,2.8365142365592765e-05,2.5039465289562523e-05
selection,2237,5.816977448197484e-05,4.4511879566864676e-05,3.289611660251163e-05
selection,2238,5.2608998537127795e-05,3.486411667637944e-05,3.349721545711834e-05
selection,2239,4.446709492952388e-05,3.196432859508297e-05,2.2019969787586706e-05
selection,2240,5.055320719424832e-05,3.8796961878503035e-05,3.0427256868693296e-05
selection,2241,5.217558044836694e-05,3.877396288718621e-05,2.9736458495650156e-05
selection,2242,5.226581970982673e-05,4.1160387282101244e-05,2.714001559492359e-05
selection,2243,5.2826868130387915e-05,3.9513009895360545e-05,2.8685745636446166e-05
selection,2244,5.6289382846496715e-05,4.594634851689638e-05,3.228446534953509e-05
selection,2245,5.140867522344601e-05,4.337336788742409e-05,2.525780272949204e-05
selection,2246,4.611710217086634e-05,3.081906433408289e-05,2.225496854323142e-05
selection,2247,5.576349514290988e-05,4.394291041274823e-05,3.45321914248684e-05
selection,2248,5.4609135899275894e-05,4.7550027395206516e-05,3.1413995108171184e-05
selection,2249,5.512005299812196e-05,4.516022408556359e-05,3.3765840817629314e-05
selection,2250,5.542300797754498e-05,4.802872836569031e-05,3.052018384883722e-05
selection,2251,5.147836963559997e-05,4.140480532032942e-05,2.7376009475134914e-05
selection,2252,5.296751125812399e-05,3.35678504256191e-05,3.464230873357245e-05
selection,2253,5.504246956014731e-05,4.263059247187652e-05,3.62189508590166e-05
selection,2254,5.351292773295584e-05,3.8448520410017626e-05,2.9449524450263967e-05
selection,2255,5.6506383282971636e-05,4.917872421846236e-05,2.879811429667421e-05
selection,2256,5.3414637998551336e-05,3.812738841078054e-05,2.9695015076683235e-05
selection,2257,5.09176656064994e-05,3.927292767077947e-05,2.9771791142466734e-05
selection,2258,5.293552127224371e-05,3.642403396091604e-05,3.1744628371635954e-05
selection,2259,5.3176594229044545e-05,4.222323829285893e-05,2.576689836787231e-05
selection,2260,5.333042364343487e-05,3.430942070207888e-05,3.3831661322571705e-05
selection,2261,4.611634448516538e-05,2.9068330965760783e-05,2.3936496117513566e-05
selection,2262,5.123440267517484e-05,4.230146857102496e-05,2.637523510133945e-05
selection,2263,5.409375350284635e-05,3.8632977599419824e-05,2.8901184935110357e-05
selection,2264,5.662258384072609e-05,4.5704528430842285e-05,3.237528435828163e-05
selection,2265,4.7016000050640764e-05,3.180150692314216e-05,2.0755995732000945e-05
selection,2266,4.755774838960982e-05,3.114587005925626e-05,2.123380604949589e-05
selection,2267,5.2667047586503235e-05,4.171839699893629e-05,2.640258562405375e-05
selection,2268,5.2956465980408806e-05,4.3828563549552294e-05,2.39915547595664e-05
selection,2269,4.451203072287863e-05,3.3143587415316615e-05,2.064003820267041e-05
selection,2270,5.674287417140106e-05,4.68765798541246e-05,3.1126412750928596e-05
selection,2271,5.125056906099629e-05,4.056092866045755e-05,2.831506567474739e-05
selection,2272,5.6803501874646576e-05,4.6489856095197176e-05,3.15082152061865e-05
selection,2273,5.516475610876668e-05,4.086557099187467e-05,2.5847653669335455e-05
selection,2274,4.694733058860927e-05,3.187568759738315e-05,2.06315400806815e-05
selection,2275,4.6409158829188593e-05,3.3170717473736566e-05,1.978672528813931e-05
selection,2276,4.3702168812859344e-05,3.265149666731828e-05,2.156842309168899e-05
selection,2277,5.314571162311445e-05,3.809398496703544e-05,3.007975418319286e-05
selection,2278,4.934516705510761e-05,3.912050535042007e-05,3.074245301190809e-05
selection,2279,5.208975875182864e-05,4.2053506718688085e-05,2.6401665512019744e-05
selection,2280,5.4773831138125905e-05,4.5844277889140955e-05,3.308841447983583e-05
selection,2281,5.508819281132557e-05,4.566332787742915e-05,3.329380971606642e-05
selection,2282,5.163095531585923e-05,3.903186311753821e-05,2.9718936039947808e-05
selection,2283,5.799053499911875e-05,4.4966445876532164e-05,3.241156979506637e-05
selection,2284,5.352007764530997e-05,3.8316566831003356e-05,2.9548212254456984e-05
selection,2285,5.122927617297254e-05,4.2257272633329695e-05,2.6440585488504102e-05
selection,2286,5.38388348023965e-05,3.8870581051894966e-05,2.8852342473374933e-05
selection,2287,4.396755260193509e-05,3.048057141040769e-05,2.342590837696965e-05
selection,2288,5.7482842648841535e-05,4.637216811063833e-05,3.117823379998307e-05
selection,2289,5.272414973750878e-05,4.238586988133627e-05,2.578094000795123e-05
selection,2290,4.5181512981607726e-05,3.221037905103371e-05,2.138593512679129e-05
selection,2291,5.723872713616811e-05,4.464449939095325e-05,3.3060599837704686e-05
selection,2292,5.150680291650068e-05,4.2467448270786984e-05,2.6272871598140604e-05
selection,2293,5.8071793300011646e-05,4.4453018746800075e-05,3.298424223477587e-05
selection,2294,4.40506050739306e-05,3.229437566399903e-05,2.169879731563063e-05
selection,2295,5.0872279480557854e-05,4.2574304763933005e-05,2.6431185052660436e-05
selection,2296,4.6290610775773605e-05,3.248227911582583e-05,2.0534498229322023e-05
selection,2297,5.279281782759692e-05,3.7922355659453616e-05,3.0378706842339488e-05
selection,2298,5.803029947541914e-05,4.5858224460253986e-05,3.148451514790442e-05
selection,2299,5.099522618018901e-05,3.7112736382270956e-05,3.211742772596285e-05
selection,2300,5.427597702559003e-05,4.3046491815929156e-05,2.4270151649644946e-05
selection,2301,5.539944123357084e-05,4.1875646671095024e-05,2.477478847611143e-05
selection,2302,5.638833404081168e-05,4.349378879439835e-05,3.4730138109868236e-05
selection,2303,4.47910780409646e-05,3.243762418119622e-05,2.1227389733368172e-05
selection,2304,5.578280453141961e-05,4.6733535083743476e-05,3.1622128586598905e-05
selection,2305,5.276722261225208e-05,4.3059889686407034e-05,2.493804804093435e-05
selection,2306,5.563134325370447e-05,4.5828963612993404e-05,3.2682182503016026e-05
selection,2307,5.102391778538212e-05,3.6933881933889674e-05,3.210465415733816e-05
selection,2308,5.281336414954703e-05,4.14286306185011e-05,2.6729014417206708e-05
selection,2309,4.361699692872956e-05,3.212313609029684e-05,2.20694318565737e-05
selection,2310,4.355137265539735e-05,3.280959972369333e-05,2.13656557561956e-05
selection,2311,4.487830167950854e-05,3.144498215986729e-05,2.20568100328066e-05
selection,2312,5.352320032680651e-05,3.696925952110597e-05,3.092758763414907e-05
selection,2313,5.007765586046776e-05,4.1091318129716435e-05,2.8383054034089407e-05
selection,2314,5.254071226982005e-05,4.277643505684307e-05,2.5393705312763217e-05
selection,2315,5.806658509136802e-05,4.426860912247563e-05,3.316420409204205e-05
selection,2316,5.038475426492254e-05,4.085977520786919e-05,2.8427251297415742e-05
selection,2317,5.3727394838835424e-05,4.30207239206869e-05,2.445376708625175e-05
selection,2318,4.7691962766580815e-05,2.9982473179357606e-05,2.2398436012306742e-05
selection,2319,5.7376167243783385e-05,4.7411051435653483e-05,3.031898547756134e-05
selection,2320,5.377895005437866e-05,4.575260265216678e-05,3.36160583599165e-05
selection,2321,5.123149034498661e-05,4.168976408660985e-05,2.7213032447198078e-05
selection,2322,4.435476506175291e-05,3.344123293346485e-05,2.047847973793846e-05
selection,2323,5.769178354436797e-05,4.7552140393124455e-05,2.9945876593225483e-05
selection,2324,5.150977138991916e-05,4.172765101599953e-05,2.6992646924896243e-05
selection,2325,4.950776789626979e-05,4.1049160440887565e-05,2.8512891512069203e-05
selection,2326,5.1635329138159635e-05,4.014671999722991e-05,2.8381144279771783e-05
selection,2327,4.757844322414764e-05,3.117966707034366e-05,2.1002731566033517e-05
selection,2328,5.426627874110607e-05,4.2530368941528865e-05,2.463028017076251e-05
selection,2329,5.368272888152489e-05,3.9723064558985544e-05,2.804685511096231e-05
selection,2330,5.487475803175121e-05,3.984305869731357e-05,2.73479750042247e-05
selection,2331,5.3288605440167634e-05,3.998786830215357e-05,2.7942318073242347e-05
selection,2332,5.080988299670222e-05,3.9932277347853895e-05,2.9151676994199286e-05
selection,2333,5.800229786173931e-05,4.8148345190315534e-05,2.9028983005988875e-05
selection,2334,5.164954655328084e-05,4.02793628784119e-05,2.8387882558709258e-05
selection,2335,5.4919442794559686e-05,4.105532033328338e-05,2.5889298310389146e-05
selection,2336,5.718431768082778e-05,4.450898770537583e-05,3.3236123651677505e-05
selection,2337,4.559968543168565e-05,3.5193388399446096e-05,1.7931659184837982e-05
selection,2338,5.179470978870912e-05,4.197324062415457e-05,2.6623669833229382e-05
selection,2339,5.529215576548812e-05,4.7319774982714984e-05,3.13311777468473e-05
selection,2340,4.634908382977454e-05,2.7675277480512114e-05,2.5341159873914387e-05
selection,2341,4.5436939641956525e-05,3.173641310731267e-05,2.145162837941227e-05
selection,2342,4.5291148592421615e-05,3.021893228138921e-05,2.3264918175044228e-05
selection,2343,5.075779656358773e-05,3.87814553846161e-05,3.032297295233301e-05
selection,2344,4.6733118327325926e-05,3.375763647650997e-05,1.889422637099363e-05
selection,2345,5.294793290929845e-05,3.999722110407486e-05,2.8157070564003068e-05
selection,2346,5.275458103973274e-05,3.619545396627095e-05,3.209400676385577e-05
selection,2347,5.005732366063581e-05,4.113466464711197e-05,2.8300222029614048e-05
selection,2348,5.241841596342348e-05,4.009571446923229e-05,2.8220534899708864e-05
selection,2349,5.298180906355502e-05,3.815819740609402e-05,3.0029706388378384e-05
selection,2350,5.674093321910347e-05,4.3304332144404175e-05,3.475772139343518e-05
selection,2351,4.669117602314074e-05,3.0457424598651743e-05,2.2364854613876355e-05
selection,2352,5.317245905308752e-05,3.850163004705005e-05,2.9441397278319333e-05
selection,2353,5.4124740505218924e-05,4.531257916883607e-05,3.3870272020389855e-05
selection,2354,5.4851895263152085e-05,4.820971178982678e-05,3.0420411384093003e-05
selection,2355,5.217684648385521e-05,4.142019001774905e-05,2.6946926344525636e-05
selection,2356,5.511844813087316e-05,4.085284774086391e-05,2.60209013074758e-05
selection,2357,5.4961584455239174e-05,4.646188357884136e-05,3.234630297425193e-05
selection,2358,5.287171312969035e-05,4.516347465524287e-05,3.462088295707657e-05
selection,2359,5.3932067635244354e-05,3.9802300903905934e-05,2.777137945599178e-05
selection,2360,5.56889706010617e-05,4.720803045008944e-05,3.1177388490812216e-05
selection,2361,5.067052589024084e-05,3.887292747740433e-05,3.0319589466153304e-05
selection,2362,4.8729925917287125e-05,3.015210375038686e-05,2.1654992001540126e-05
selection,2363,5.131895632793723e-05,3.943855214463371e-05,2.944243248612975e-05
selection,2364,4.378684504815581e-05,2.9733459609139712e-05,2.452041323294824e-05
selection,2365,5.265843208299075e-05,4.148047112550173e-05,2.6679056338631314e-05
selection,2366,4.844716031088697e-05,2.930047464449174e-05,2.264229103499973e-05
selection,2367,5.2758318835504485e-05,3.903996327719734e-05,2.9081726131919013e-05
selection,2368,5.1253867370450866e-05,4.1039385876138176e-05,2.782329357128848e-05
selection,2369,5.741581828489061e-05,4.633633571665582e-05,3.128517354069863e-05
selection,2370,5.082130779554464e-05,4.2647587868436236e-05,2.637373674943933e-05
selection,2371,4.522697095099666e-05,3.295024060019451e-05,2.0578392928568343e-05
selection,2372,4.6630707494616067e-05,3.4609635019647936e-05,1.807810932472926e-05
selection,2373,5.4498331188211315e-05,4.094886306820378e-05,2.6289945393200833e-05
selection,2374,5.6771553702774104e-05,4.231185666873704e-05,3.5773447413148046e-05
selection,2375,5.169911025048751e-05,4.1185342906173406e-05,2.7286715480042182e-05
selection,2376,5.314347994564999e-05,3.774285501420218e-05,3.0334289660615976e-05
selection,2377,5.1970135559592725e-05,4.209236159488544e-05,2.6342841412086144e-05
selection,2378,4.4957319023339304e-05,3.24795635557605e-05,2.1105303129813404e-05
selection,2379,5.2542367010092306e-05,3.49587169447489e-05,3.351311797486919e-05
selection,2380,5.2045552321989475e-05,4.057912599268053e-05,2.803695789104832e-05
selection,2381,4.624375785077098e-05,3.0215563466678672e-05,2.2695956823215943e-05
selection,2382,5.423626804175256e-05,4.656371614016036e-05,3.2525284307231774e-05
selection,2383,4.463689773148963e-05,2.940584954376232e-05,2.4365969139538184e-05
selection,2384,4.7131684335279884e-05,3.0900093904125875e-05,2.1708788060014356e-05
selection,2385,5.7474957201738776e-05,4.7937295607829914e-05,2.9455302256143276e-05
selection,2386,5.592826865417521e-05,4.3365054304842174e-05,3.5028132297111794e-05
selection,2387,5.5833710015671825e-05,4.934709673614948e-05,2.891945378034561e-05
selection,2388,5.533742912015104e-05,4.3457679980449844e-05,3.532133709795068e-05
selection,2389,4.425978919045934e-05,3.334621102598688e-05,2.0503878727548516e-05
selection,2390,5.4119251579205495e-05,3.922482877475841e-05,2.8310884328475887e-05
selection,2391,4.793321644604683e-05,3.0313411731212112e-05,2.1863236915305805e-05
selection,2392,5.277550892679545e-05,4.1037850555330805e-05,2.6990186227244553e-05
selection,2393,5.428654858785527e-05,4.706243115770789e-05,3.202175126916346e-05
selection,2394,5.301383269034217e-05,4.020278870880299e-05,2.7881054035946663e-05
selection,2395,4.551414698717965e-05,3.253635591913289e-05,2.081249926633407e-05
selection,2396,4.6641578157173954e-05,3.0441046380022556e-05,2.237830948269897e-05
selection,2397,5.2491382565747564e-05,4.1288535150810366e-05,2.690391525509005e-05
selection,2398,4.6758585468704044e-05,3.419172937436221e-05,1.8202426622889454e-05
selection,2399,5.240715266626421e-05,3.74603279559267e-05,3.0964467225460704e-05
selection,2400,4.5940545922012746e-05,2.9687364476716334e-05,2.351904779206321e-05
selection,2401,4.570025166489479e-05,3.225463652053684e-05,2.0959877620722586e-05
selection,2402,5.39148266938011e-05,3.922511665472097e-05,2.834728453530959e-05
selection,2403,4.5254314374602174e-05,3.119148063521037e-05,2.217558550727207e-05
selection,2404,5.608076693633827e-05,4.6644059854019835e-05,3.1628601986004816e-05
selection,2405,5.530722688308993e-05,4.466890190378664e-05,3.392929881495149e-05
selection,2406,5.079008139924817e-05,3.858097553327272e-05,3.060553261487845e-05
selection,2407,4.5923953708234186e-05,3.371878391832996e-05,1.912325174929301e-05
selection,2408,5.286323509384018e-05,4.139898266873345e-05,2.6732422165788507e-05
selection,2409,4.7445704617604685e-05,3.2537305377391957e-05,1.9883397113935552e-05
selection,2410,4.720910602755432e-05,2.9467121698712266e-05,2.324049009698298e-05
selection,2411,5.116108282243736e-05,4.048978377524463e-05,2.82551562411532e-05
selection,2412,5.533199994043984e-05,4.634872222171199e-05,3.222193754910244e-05
selection,2413,5.1748416535605785e-05,3.9040558840415565e-05,2.9648642887916975e-05
selection,2414,4.572553811168766e-05,3.242850303700909e-05,2.0672526373218865e-05
selection,2415,5.754994343267144e-05,4.4360161986657454e-05,3.334099945751331e-05
selection,2416,4.675098053695674e-05,2.9632981880413032e-05,2.328172538709396e-05
selection,2417,5.400729359044712e-05,3.570889606171575e-05,3.201590172420905e-05
selection,2418,5.459332330103573e-05,4.5387333779095e-05,3.3605509419853266e-05
selection,2419,5.113855466999349e-05,4.156316996424825e-05,2.7265036899645924e-05
selection,2420,5.277597687029313e-05,3.7645300161273396e-05,3.061865839222264e-05
selection,2421,5.390307248793222e-05,3.842397654160186e-05,2.9311098495681213e-05
selection,2422,4.790302921004098e-05,3.224639456090997e-05,1.9667625481488818e-05
selection,2423,5.232192971533865e-05,3.650299613963067e-05,3.2060492979414595e-05
selection,2424,5.861074620233728e-05,4.579140247458234e-05,3.129455966418458e-05
selection,2425,5.273022974882586e-05,4.049340776444691e-05,2.7732462340746103e-05
selection,2426,5.167595621224085e-05,4.117424812536001e-05,2.753633882932588e-05
selection,2427,5.1771452782647905e-05,3.978241446442732e-05,2.868968917359679e-05
selection,2428,5.84439524222533e-05,4.5510411530324706e-05,3.154439704526155e-05
selection,2429,5.2161535369702506e-05,4.025652698765687e-05,2.8245427894338107e-05
selection,2430,5.5102223813508303e-05,4.3177392815030846e-05,3.5715774315856645e-05
selection,2431,5.404368085453475e-05,3.873839406773422e-05,2.8897043338363386e-05
selection,2432,5.6208402624273285e-05,4.895703556964195e-05,2.908523921636398e-05
selection,2433,4.529609985394419e-05,3.3530172836694974e-05,1.986740780363047e-05
selection,2434,5.221243798636682e-05,3.663194067895599e-05,3.188442948789072e-05
selection,2435,5.646027151736975e-05,4.6553064245796433e-05,3.155494619454453e-05
selection,2436,5.393558250875558e-05,3.9980376486373584e-05,2.7509485321732072e-05
selection,2437,5.1480456592779314e-05,4.054123329952441e-05,2.806064433574024e-05
selection,2438,4.310481981580576e-05,3.212709220278468e-05,2.2419752870028713e-05
selection,2439,5.6788406530067557e-05,4.6178989554786776e-05,3.163536106432782e-05
selection,2440,5.532498213348896e-05,4.6713551692387146e-05,3.185831686172941e-05
selection,2441,5.0590530544274964e-05,4.0566383205855825e-05,2.8767613632173453e-05
selection,2442,4.611390262860722e-05,2.937896285122965e-05,2.3754704680526716e-05
selection,2443,4.668334234426974e-05,2.926333405350286e-05,2.3556767581447787e-05
selection,2444,5.1867295772483115e-05,4.1862725068667745e-05,2.6713939150869916e-05
selection,2445,5.702828605402588e-05,4.3228066767966705e-05,3.477712446223883e-05
selection,2446,5.277097575054736e-05,3.992471234014986e-05,2.8203288618459137e-05
selection,2447,4.5444305271291244e-05,3.0042881136912194e-05,2.3295131139283548e-05
selection,2448,5.335088032747501e-05,4.036582368878544e-05,2.755471751276427e-05
selection,2449,5.066766966127861e-05,4.034555146078547e-05,2.879086062484742e-05
selection,2450,5.2932544060513716e-05,3.994191877057695e-05,2.8085267308479337e-05
selection,2451,5.387135206526298e-05,4.6501957232525606e-05,3.2796811563411515e-05
selection,2452,5.762461467828248e-05,4.6011057946941296e-05,3.1269736474091966e-05
selection,2453,5.3486888983606315e-05,4.365670686220578e-05,2.40022331910047e-05
selection,2454,5.26865663159346e-05,4.17413845806803e-05,2.6447495809778145e-05
selection,2455,5.672210976514876e-05,4.503472451249402e-05,3.3008216856392645e-05
selection,2456,4.6150602658974744e-05,3.2339919190985544e-05,2.0692041655846752e-05
selection,2457,4.767897866202138e-05,3.4162969966952125e-05,1.791173046658649e-05
selection,2458,4.9532743018444385e-05,3.967741663721302e-05,3.0060059564065675e-05
selection,2459,5.3279013988011374e-05,4.035220668486644e-05,2.7610883938356564e-05
selection,2460,4.640179720079595e-05,2.9178813596429825e-05,2.3629397440904847e-05
selection,2461,5.4124073191284073e-05,3.861477426578449e-05,2.867249856859874e-05
selection,2462,5.5264152420105506e-05,4.006124910399745e-05,2.6774547677249392e-05
selection,2463,4.250677779961025e-05,3.38103107021871e-05,2.095925815495974e-05
selection,2464,5.042364087678617e-05,3.8165563811352956e-05,3.1153804865939255e-05
selection,2465,5.2762408912924125e-05,3.781762710240614e-05,3.052103836826939e-05
selection,2466,5.744018544009721e-05,4.1992999928676576e-05,3.573936174273191e-05
selection,2467,5.124652284160234e-05,3.774121537779745e-05,3.118673830608833e-05
selection,2468,4.651320101816216e-05,3.7430272744963346e-05,1.5092348535687525e-05
selection,2469,5.173710296395349e-05,3.970645040537839e-05,2.8949245994422264e-05
selection,2470,5.2875553958161255e-05,4.077471908287239e-05,2.719038159059019e-05
selection,2471,4.761652104847448e-05,2.718451147206194e-05,2.5271380925926892e-05
selection,2472,5.7027759997179814e-05,4.693412466136823e-05,3.082595914390417e-05
selection,2473,5.6289382846496715e-05,4.594634851689638e-05,3.228446534953509e-05
selection,2474,5.8289975240394446e-05,4.063298487474498e-05,3.676201538849046e-05
selection,2475,5.120639823325125e-05,3.8571984829218624e-05,3.0353083928040935e-05
selection,2476,5.308844851847012e-05,3.9695056560927835e-05,2.828762827491906e-05
selection,2477,4.4493704724529765e-05,3.143937950483237e-05,2.2384834328139387e-05
selection,2478,5.111547252515846e-05,4.145644819319814e-05,2.7457304300785594e-05
selection,2479,5.581780264179072e-05,4.188063336494602e-05,3.6724805489392765e-05
selection,2480,5.766406017562466e-05,4.4842102582582466e-05,3.275997810024657e-05
selection,2481,5.3068669292796404e-05,3.969695889198235e-05,2.837651124956479e-05
selection,2482,5.213801387659017e-05,4.215949298010856e-05,2.6258280570052846e-05
selection,2483,4.859577891741943e-05,3.445196386270182e-05,1.710962415785979e-05
selection,2484,4.616220441461664e-05,3.2304859394604845e-05,2.0639097586326664e-05
selection,2485,5.3545052255872674e-05,4.254698655472899e-05,2.498450535636499e-05
selection,2486,5.151070461738648e-05,4.200878137455617e-05,2.6733427485703536e-05
selection,2487,4.691461602358203e-05,3.154429914042532e-05,2.1069771745597323e-05
selection,2488,5.5267307629024527e-05,4.4335427120892164e-05,3.436596910893112e-05
selection,2489,5.0893665571960625e-05,4.042314297363385e-05,2.8598078335473555e-05
selection,2490,4.5003830722354766e-05,2.9063281213218753e-05,2.4518325564334065e-05
selection,2491,5.0943150276253264e-05,4.145697130160052e-05,2.75432631088259e-05
selection,2492,4.7172049259088455e-05,3.099859369316102e-05,2.1519948899776403e-05
selection,2493,4.5984002156053147e-05,3.225760925852294e-05,2.084569645496012e-05
selection,2494,5.153846214400063e-05,4.099990282850165e-05,2.776010184278468e-05
selection,2495,4.6726772062292536e-05,3.19184796734769e-05,2.075650014282454e-05
selection,2496,5.410257215497476e-05,4.521050407073751e-05,3.410942897525137e-05
selection,2497,5.241498544256647e-05,4.247365251141199e-05,2.5748705244417296e-05
selection,2498,5.7510712097607304e-05,4.5151642624093237e-05,3.257462172719163e-05
selection,2499,4.572693609473655e-05,3.036738215012779e-05,2.2899096778625565e-05
selection,2500,5.120053783612637e-05,4.212790069820302e-05,2.656812065678275e-05
selection,2501,5.2464189190333394e-05,4.1368818482961346e-05,2.6792006280487585e-05
selection,2502,5.676373740166552e-05,4.396925145442764e-05,3.3963306990430845e-05
selection,2503,5.401650865548563e-05,3.577469318259824e-05,3.1773200094282474e-05
selection,2504,4.4799314473665664e-05,2.9938474804973625e-05,2.383214377436541e-05
selection,2505,5.179598258484252e-05,3.9265916278566026e-05,2.9125244308338015e-05
selection,2506,4.488013180144859e-05,3.1569092496702465e-05,2.203777384783556e-05
selection,2507,4.5431005897634736e-05,3.1826159281389195e-05,2.1541073911915697e-05
selection,2508,5.11682755290578e-05,4.2770827562828526e-05,2.619765048383791e-05
selection,2509,4.9203142807838244e-05,2.953682336964476e-05,2.1856265253093848e-05
selection,2510,5.1751025253268565e-05,3.975281613151583e-05,2.873883493916671e-05
selection,2511,4.4711133939829e-05,3.2258242928825116e-05,2.1465730781960274e-05
selection,2512,5.126469417316337e-05,4.2015715495181606e-05,2.6937613513114423e-05
selection,2513,5.254047908420664e-05,4.067889780865603e-05,2.763250439578794e-05
selection,2514,5.3557577882832206e-05,4.104490041239005e-05,2.6603450271878542e-05
selection,2515,5.497071561938971e-05,4.388111999687244e-05,3.499978169094416e-05
selection,2516,5.3493644663733885e-05,3.93881373948908e-05,2.8461419246120578e-05
selection,2517,5.7419145702401445e-05,4.668462257935652e-05,3.0770357190869735e-05
selection,2518,4.9800646047039193e-05,4.001489599767518e-05,2.9624074230554157e-05
selection,2519,5.448820909491469e-05,3.9251321939433866e-05,2.7948109504916776e-05
selection,2520,4.715863521709816e-05,3.416045785666867e-05,1.8155184161964153e-05
selection,2521,5.2199441051203466e-05,3.6523600368569016e-05,3.216362166102531e-05
selection,2522,5.3061989678194145e-05,4.056549667132791e-05,2.733819641394294e-05
selection,2523,5.182108079800583e-05,4.0241998280751e-05,2.8394391410142375e-05
selection,2524,5.541299124445926e-05,4.550493173455937e-05,3.323176749500207e-05
selection,2525,5.296927295615628e-05,3.879201711415694e-05,2.9390316374795226e-05
selection,2526,5.125218135163999e-05,3.780518996016775e-05,3.119397384005816e-05
selection,2527,4.569618724861389e-05,3.2474537401520285e-05,2.07861931353876e-05
selection,2528,5.0498413374891734e-05,4.2027254135605344e-05,2.712455709995146e-05
selection,2529,5.299285923483298e-05,4.115061797574553e-05,2.6913798127894644e-05
selection,2530,5.162469155820778e-05,3.962123363625765e-05,2.9113693961156464e-05
selection,2531,5.67994855778913e-05,4.493453041635221e-05,3.2835715590159434e-05
selection,2532,5.1931615069572945e-05,4.0107473919951704e-05,2.8482682390434272e-05
selection,2533,5.41517180539834e-05,3.874340284727333e-05,2.8690649665997954e-05
selection,2534,5.050026151096572e-05,4.261991664057169e-05,2.652948994636578e-05
selection,2535,5.303910622142771e-05,4.188321033331965e-05,2.598459801021694e-05
selection,2536,5.260593879255428e-05,4.2881554033314416e-05,2.5329505219366377e-05
selection,2537,4.402422310472377e-05,3.37173090362632e-05,2.0264172947237292e-05
selection,2538,5.302955665384832e-05,4.031010861890636e-05,2.7766644371171003e-05
selection,2539,5.8734148210360025e-05,4.612485056750595e-05,3.075062439409353e-05
selection,2540,4.797003703173567e-05,3.257472548014001e-05,1.9540078513694582e-05
selection,2541,5.258920604733117e-05,3.8508987707599965e-05,2.9804178618683552e-05
selection,2542,4.588865968453024e-05,3.1393935422776906e-05,2.1729261577586514e-05
selection,2543,4.635588516922807e-05,3.1449941953290904e-05,2.1472647483833497e-05
selection,2544,5.428463064771182e-05,4.572691245743995e-05,3.35952138006162e-05
selection,2545,5.027751758485156e-05,4.054015203723086e-05,2.878588125909029e-05
selection,2546,5.587243033437735e-05,4.308938752309887e-05,3.54508869849436e-05
selection,2547,5.050380195122385e-05,4.0325465219127454e-05,2.8875603590105276e-05
selection,2548,5.496566649744427e-05,4.5258175412117936e-05,3.354701806346645e-05
selection,2549,5.353533272033945e-05,3.716823573240318e-05,3.074412779073211e-05
selection,2550,4.7799718224351765e-05,3.2592414608178684e-05,1.9668226594642974e-05
selection,2551,5.241569295771889e-05,3.758639759930228e-05,3.064237938109683e-05
selection,2552,4.6758748106564525e-05,3.311971870425007e-05,1.9573304737318113e-05
selection,2553,5.622458507495882e-05,4.849354677021876e-05,2.969590618295087e-05
selection,2554,5.314412326301315e-05,3.9429902718394554e-05,2.8583786506270838e-05
selection,2555,4.6748515583453386e-05,3.188258365990666e-05,2.0882487870839916e-05
selection,2556,4.578866559770626e-05,3.193053726009168e-05,2.1271288085008096e-05
selection,2557,5.2626982058705916e-05,4.146336837578705e-05,2.680281674262277e-05
selection,2558,5.369288435924115e-05,4.074646283399063e-05,2.703062582708715e-05
selection,2559,5.136893862763197e-05,3.860712572635332e-05,3.0382386180217932e-05
selection,2560,4.653829149458482e-05,2.9409601675584022e-05,2.351021343726781e-05
selection,2561,5.6160088930428354e-05,4.633158995725832e-05,3.185578292981261e-05
selection,2562,5.32431132789725e-05,3.9413440575349746e-05,2.858036006328417e-05
selection,2563,5.8160048285143576e-05,4.335680214303835e-05,3.39976023426841e-05
selection,2564,4.560741368659356e-05,3.026632078108745e-05,2.3042111051073577e-05
selection,2565,5.3320277347303284e-05,3.909193397316626e-05,2.882135852637709e-05
selection,2566,4.550345056258937e-05,3.328329629080415e-05,2.0070932381931898e-05
selection,2567,5.616296569008075e-05,4.7182986011344286e-05,3.097339750782008e-05
selection,2568,5.550451704389378e-05,4.506206998157969e-05,3.35372915472759e-05
selection,2569,5.12076849289109e-05,4.00695038547391e-05,2.9006188181785157e-05
selection,2570,4.671774924202088e-05,3.055906851141728e-05,2.224609356444417e-05
selection,2571,4.773990680507934e-05,2.7826574161230917e-05,2.4571987919554935e-05
selection,2572,5.76387470930961e-05,4.545884813945889e-05,3.1992555819368254e-05
selection,2573,5.8555374981170705e-05,4.480335671646474e-05,3.224496170293703e-05
selection,2574,4.631454918766859e-05,3.409357531763627e-05,1.8751204305872517e-05
selection,2575,5.820748530963308e-05,4.785860825692011e-05,2.928494571982495e-05
selection,2576,5.560487281150161e-05,4.409742550010058e-05,3.447527305789466e-05
selection,2577,5.1093114488807087e-05,4.151666444234263e-05,2.738620427222487e-05
selection,2578,5.359593343675371e-05,4.159325558458398e-05,2.5984517297844602e-05
selection,2579,5.4062802134868935e-05,4.841228503272418e-05,3.068161313605463e-05
selection,2580,5.623354602257388e-05,4.890774169923134e-05,2.9267745849132976e-05
selection,2581,4.638197572496422e-05,3.082261281499281e-05,2.2112393421187065e-05
selection,2582,5.906817419811516e-05,4.3508608537265843e-05,3.335424437596682e-05
selection,2583,5.2557520856561655e-05,4.1189173915897534e-05,2.692950148499616e-05
selection,2584,5.4635194457745975e-05,3.6863510264148435e-05,3.051857792002053e-05
selection,2585,4.996162438979081e-05,4.0816494381406476e-05,2.8724938437115233e-05
selection,2586,4.681676868360482e-05,2.8792214484667123e-05,2.397524154196789e-05
selection,2587,5.634897524345905e-05,4.22228072022842e-05,3.595717535339078e-05
selection,2588,5.013670289784496e-05,4.096424987176936e-05,2.8427364430324128e-05
selection,2589,5.148082217699755e-05,4.1146624044384766e-05,2.7621679191560824e-05
selection,2590,5.7099647178325114e-05,4.505850933818629e-05,3.298026061118583e-05
selection,2591,4.5279465317965655e-05,3.0013425784350684e-05,2.347228039624515e-05
selection,2592,5.268916084560448e-05,3.7968255259670734e-05,3.0291999538119494e-05
selection,2593,5.6250065441407994e-05,4.6605805140892507e-05,3.1455177517953824e-05
selection,2594,5.226937729617566e-05,4.035450189192411e-05,2.7970998347588838e-05
selection,2595,5.189497352677585e-05,3.888129081535845e-05,2.990461629478908e-05
selection,2596,5.163129260247704e-05,4.448936957059072e-05,2.3897867138729072e-05
selection,2597,5.0769150041571454e-05,3.93820474605622e-05,2.9715926968994032e-05
selection,2598,5.855426336938776e-05,4.987188225423181e-05,2.695967290080776e-05
selection,2599,5.48264979603958e-05,4.6289826743096946e-05,3.2580714322038216e-05
selection,2600,5.545781112939106e-05,4.435010548094022e-05,3.418852902208446e-05
selection,2601,5.190747497148991e-05,3.85516038959766e-05,3.022535321012016e-05
selection,2602,4.4100833098268656e-05,3.0265385904507645e-05,2.379240918492488e-05
selection,2603,5.6793429539747964e-05,4.687503745838034e-05,3.113367043418988e-05
selection,2604,4.747969025886108e-05,3.145422764110185e-05,2.095107648955513e-05
selection,2605,5.417727085247571e-05,4.7197072572375046e-05,3.1859252228554104e-05
selection,2606,5.227618971823342e-05,3.777884255612805e-05,3.066579182861336e-05
selection,2607,5.565963686017193e-05,4.513618819718804e-05,3.339390276714456e-05
selection,2608,4.567205423624102e-05,3.2416836949303776e-05,2.083183355181661e-05
selection,2609,5.6861361036254715e-05,4.5933390866741916e-05,3.20458489661131e-05
selection,2610,5.3182984741289115e-05,4.3647638684957214e-05,2.4061338230254025e-05
selection,2611,5.262026218957169e-05,4.151875805791429e-05,2.6743496825497736e-05
selection,2612,5.400040972381146e-05,4.610765711010443e-05,3.317206439103109e-05
selection,2613,4.714496483920138e-05,3.253309860216031e-05,2.0019253592060507e-05
selection,2614,5.270212972795619e-05,4.006591421470282e-05,2.7985661945621093e-05
selection,2615,5.340450420023858e-05,4.2697155138205255e-05,2.5024957963383383e-05
selection,2616,4.508161565125558e-05,2.915356276311593e-05,2.452866735872757e-05
selection,2617,5.295700240641568e-05,4.0629574335828814e-05,2.7451540970907432e-05
selection,2618,4.532462422457943e-05,3.177001412998709e-05,2.1539065447432838e-05
selection,2619,5.4166261446278306e-05,4.438230401283816e-05,3.490961691924028e-05
selection,2620,5.302264805531141e-05,3.962969846383462e-05,2.843779213479866e-05
selection,2621,4.6156324254188966e-05,3.3348741414692186e-05,1.956952221711483e-05
selection,2622,5.5484462829503624e-05,3.877975724642517e-05,2.805353062950573e-05
selection,2623,4.413983080637669e-05,3.1324887639644174e-05,2.2795966693153946e-05
selection,2624,5.1648071050490447e-05,3.933227268872565e-05,2.938742056980378e-05
selection,2625,5.7449732737252606e-05,4.368078369755575e-05,3.3852732864069615e-05
selection,2626,5.690695041356292e-05,4.663225813339505e-05,3.1318571407304855e-05
selection,2627,4.4930274915255164e-05,3.366278082022519e-05,1.9884376586872978e-05
selection,2628,5.265843208299075e-05,4.148047112550173e-05,2.6679056338631314e-05
selection,2629,5.92924401102827e-05,4.267770296065371e-05,3.425929596617775e-05
selection,2630,5.653136190170063e-05,4.718712680848909e-05,3.082790710389883e-05
selection,2631,4.569847965007794e-05,3.172928871309933e-05,2.152620777040621e-05
selection,2632,4.5777841751673876e-05,2.992162514848914e-05,2.3340450569899513e-05
selection,2633,4.6622449385415106e-05,2.9845160391766332e-05,2.302884669862263e-05
selection,2634,5.045447254797604e-05,4.276520594967293e-05,2.6447830028367042e-05
selection,2635,5.686723099111282e-05,4.512564261564263e-05,3.284005551031276e-05
selection,2636,4.599060232000267e-05,2.8820221508659493e-05,2.4512235044479253e-05
selection,2637,5.300497751896354e-05,4.068615183288178e-05,2.7367151800252697e-05
selection,2638,4.841191343790973e-05,2.5780156734037973e-05,2.6255689295578432e-05
selection,2639,4.405528843580002e-05,2.9015353765069524e-05,2.5010457911043836e-05
selection,2640,5.547956642289361e-05,4.780635856710567e-05,3.076634718262914e-05
selection,2641,4.647918586953816e-05,3.5570576009413655e-05,1.701920342813231e-05
selection,2642,5.12293648905266e-05,4.226973803103439e-05,2.661738417314139e-05
selection,2643,5.584952225279244e-05,4.5945104791523726e-05,3.237007595202265e-05
selection,2644,4.548325903360288e-05,3.2386279825067344e-05,2.1034241973452975e-05
selection,2645,4.396692706191144e-05,3.2016756968147154e-05,2.20175677958939e-05
selection,2646,5.618443960653577e-05,4.578674204239828e-05,3.2512588648016774e-05
selection,2647,5.19744244772946e-05,4.1841039069689176e-05,2.646132844636897e-05
selection,2648,5.364391998499232e-05,3.895831773390888e-05,2.8700112064831413e-05
selection,2649,5.106517925483695e-05,3.8895556155503974e-05,3.0122426110897656e-05
selection,2650,4.5759669172644515e-05,3.098893114432549e-05,2.2270378797455126e-05
selection,2651,5.112946708731887e-05,3.9999443288381115e-05,2.9017222649912542e-05
selection,2652,5.034373255517487e-05,3.815172416202438e-05,3.120149410016026e-05
selection,2653,5.2258633107326005e-05,4.16904840329535e-05,2.6540567181714243e-05
selection,2654,5.152104113848648e-05,4.079203554729589e-05,2.7964319526821992e-05
selection,2655,4.530030903897338e-05,3.159976931766387e-05,2.174209381839299e-05
selection,2656,5.072868497748586e-05,4.145111296649067e-05,2.747082382908911e-05
selection,2657,4.7087474448782635e-05,3.230866991131603e-05,2.0180263801868875e-05
selection,2658,5.002203552031206e-05,4.174133831893614e-05,2.7691753992721963e-05
selection,2659,5.38126109408958e-05,3.9054104921133667e-05,2.858547466460136e-05
selection,2660,5.0753618023489746e-05,4.2091577997390686e-05,2.6980140499550697e-05
selection,2661,5.466584201852766e-05,3.7427539267347736e-05,2.9714662974631062e-05
selection,2662,5.666683828588167e-05,4.7946132522850696e-05,2.9878634699762095e-05
selection,2663,5.156635839092708e-05,3.848535269313207e-05,3.031079950012788e-05
selection,2664,5.596658499698645e-05,4.6942222911644654e-05,3.1430870376385706e-05
selection,2665,5.61438468656164e-05,4.566000170148947e-05,3.262338356648982e-05
selection,2666,5.544591567732021e-05,4.558591921954986e-05,3.3018548431046285e-05
selection,2667,5.565492455784938e-05,4.661299911498321e-05,3.186169088310089e-05
selection,2668,5.126322626535606e-05,3.87566765608896e-05,3.0134253328432287e-05
selection,2669,5.7939044497802357e-05,4.45533269641897e-05,3.295102351251167e-05
selection,2670,5.075504973005855e-05,4.069812235813714e-05,2.8407722647300457e-05
selection,2671,5.333854231784297e-05,4.161703985754959e-05,2.6137472407505598e-05
selection,2672,5.064880750620086e-05,3.969256418430675e-05,2.935400871962735e-05
selection,2673,4.4853265770478866e-05,3.178319578516343e-05,2.1861630608074165e-05
selection,2674,5.675921931686627e-05,4.255670010078266e-05,3.552751497750961e-05
selection,2675,5.504368217198516e-05,4.692689902148152e-05,3.183636766821907e-05
selection,2676,5.220322002909727e-05,3.8988580070811236e-05,2.948632521096734e-05
selection,2677,4.6700288646595256e-05,2.8317982539437076e-05,2.450970343723912e-05
selection,2678,5.431256984753987e-05,4.204076702723093e-05,2.520066274010006e-05
selection,2679,4.695584536268896e-05,3.1098053326386614e-05,2.1510018903721435e-05
selection,2680,5.409089541924234e-05,4.12181024103126e-05,2.6394029694912922e-05
selection,2681,4.5636716938646825e-05,2.9137433599178906e-05,2.427667308519492e-05
selection,2682,5.356194773016473e-05,4.411552110705938e-05,2.3328582559657324e-05
selection,2683,4.5406925812802424e-05,2.9973188905461463e-05,2.3530814324987934e-05
selection,2684,4.971801925678998e-05,3.822126344269165e-05,3.139386925806701e-05
selection,2685,4.681233038382417e-05,2.854126232584518e-05,2.4281682422413266e-05
selection,2686,4.976454809495717e-05,4.050673055881768e-05,2.921390314233878e-05
selection,2687,5.1393331165844775e-05,4.313514810364109e-05,2.562359811842321e-05
selection,2688,4.662076535013079e-05,3.1032259296436695e-05,2.179667654765492e-05
selection,2689,5.036654248287902e-05,3.90657118229352e-05,3.0310283124972058e-05
selection,2690,4.57536657900365e-05,3.295283001994485e-05,2.015939062325371e-05
selection,2691,5.179559442060168e-05,4.105733036056379e-05,2.7572525594258704e-05
selection,2692,5.062727251937299e-05,4.0917272312691495e-05,2.825227413967578e-05
selection,2693,5.2950070292778433e-05,3.913849758874704e-05,2.8878619737766368e-05
selection,2694,4.989678403911072e-05,4.058483935476125e-05,2.8913066957578553e-05
selection,2695,5.145949991610613e-05,4.0520995345580085e-05,2.823659895799114e-05
selection,2696,5.162218270433773e-05,4.179248808319285e-05,2.6858192006105032e-05
selection,2697,5.7351125635205534e-05,4.307232598838651e-05,3.469843139487648e-05
selection,2698,5.7946626726431315e-05,4.373713558450774e-05,3.378047843004531e-05
selection,2699,5.163811233168467e-05,3.7234825168136155e-05,3.152996866820033e-05
selection,2700,5.222211659631619e-05,3.7299986078907774e-05,3.119402218759244e-05
selection,2701,5.041741203861259e-05,3.914498717672098e-05,3.0156359915838466e-05
selection,2702,5.7361837775275865e-05,4.4605863736607306e-05,3.31879773066662e-05
selection,2703,5.39849120961227e-05,4.0380483587654136e-05,2.7093958361133642e-05
selection,2704,5.270975127757129e-05,4.002327632039657e-05,2.8308595117409864e-05
selection,2705,5.1067672554910666e-05,4.048405519317505e-05,2.8503455395160805e-05
selection,2706,5.1117947123907316e-05,4.097582860681875e-05,2.7972325704242245e-05
selection,2707,4.692269503773248e-05,2.8061991660221198e-05,2.4672521716127904e-05
selection,2708,5.6288534364788076e-05,4.6153562323563314e-05,3.205273662999755e-05
selection,2709,6.030409974672591e-05,4.596078588877639e-05,3.0134860520027335e-05
selection,2710,4.5872944094882957e-05,3.054836178483545e-05,2.2652019601582584e-05
selection,2711,5.1648784500472875e-05,4.101469438807095e-05,2.7769002541720477e-05
selection,2712,4.576017121532601e-05,3.09780785175363e-05,2.226981023535355e-05
selection,2713,5.8693824780409384e-05,4.332848606158957e-05,3.385924603920883e-05
selection,2714,5.7415319280070825e-05,4.3838281448136826e-05,3.387068347440346e-05
selection,2715,5.593889915485704e-05,4.201935522444842e-05,3.6393802533272986e-05
selection,2716,5.1213894005986454e-05,4.3603271329867566e-05,2.5224804761674632e-05
selection,2717,5.6425512199943445e-05,4.457063369455441e-05,3.364448382306011e-05
selection,2718,5.0459849496459056e-05,4.097072918261692e-05,2.8271253611053373e-05
selection,2719,5.728240089234868e-05,4.506052950330692e-05,3.263113888754052e-05
selection,2720,4.714192115791611e-05,3.2893222750391745e-05,1.9454330673260804e-05
selection,2721,5.2628497794067616e-05,3.98975501405813e-05,2.833664016955726e-05
selection,2722,5.3952876335923866e-05,4.558865309817454e-05,3.3665381620204496e-05
selection,2723,4.564675386947854e-05,3.269031643014405e-05,2.0581719841845665e-05
selection,2724,5.32270294936633e-05,4.2930899254220056e-05,2.492720822420201e-05
selection,2725,4.680992499152799e-05,2.8744957214394694e-05,2.3938020013728996e-05
selection,2726,5.560749868993244e-05,4.4478408414291376e-05,3.404998463942303e-05
selection,2727,4.677906628229592e-05,3.0826503382259717e-05,2.1837891072290754e-05
selection,2728,5.1851901975029e-05,4.1119957809802077e-05,2.7480785802726692e-05
selection,2729,5.13302584811952e-05,4.0871056393331826e-05,2.8089425371808362e-05
selection,2730,5.295000212435695e-05,3.9333088435720773e-05,2.8830800684201317e-05
selection,2731,4.683013148495034e-05,3.1106878175276194e-05,2.159863552245208e-05
selection,2732,5.16160288590021e-05,4.274113358416167e-05,2.5844468148246872e-05
selection,2733,5.854180504479181e-05,4.399780405526266e-05,3.3260294770421976e-05
selection,2734,5.3442544681734545e-05,3.730169734935825e-05,3.062778494732763e-05
selection,2735,5.181186636584528e-05,4.199268951678901e-05,2.6626236854980537e-05
selection,2736,4.5378978569218406e-05,3.370933609215369e-05,1.966443770025471e-05
selection,2737,5.163813773921092e-05,4.222653001348289e-05,2.626770054107248e-05
selection,2738,4.703208795176691e-05,3.441587327279159e-05,1.8093748157555644e-05
selection,2739,4.559885895182484e-05,3.0252855336862096e-05,2.3061598445190926e-05
selection,2740,4.582978026530006e-05,3.05343391880357e-05,2.260233847096838e-05
selection,2741,4.537559263274106e-05,3.42651036780606e-05,1.9006863256704137e-05
selection,2742,5.313364398562444e-05,3.768024608347344e-05,3.0411700850159246e-05
selection,2743,4.839094285314167e-05,3.275443311861609e-05,1.9027769674725283e-05
selection,2744,4.549717882205095e-05,2.9680963723941657e-05,2.3619184808780575e-05
selection,2745,5.281858532365415e-05,4.041793287985587e-05,2.775776002618051e-05
selection,2746,4.619883547789186e-05,3.397011429946253e-05,1.9036382604695497e-05
selection,2747,5.167641192790474e-05,4.22441135185623e-05,2.6317378761311827e-05
selection,2748,5.269363009001449e-05,3.71381363531913e-05,3.129506942836331e-05
selection,2749,5.214270320633442e-05,3.681973260421421e-05,3.173200803239678e-05
selection,2750,5.243244620279591e-05,3.8659539913358044e-05,2.96168188499334e-05
selection,2751,5.371646688510802e-05,3.89373314754967e-05,2.8828909703442894e-05
selection,2752,5.3353313759948594e-05,4.263572754615239e-05,2.512345802627516e-05
selection,2753,4.5480445106840334e-05,3.404294227607501e-05,1.9015780019210033e-05
selection,2754,5.4350512831346954e-05,4.0169378499538496e-05,2.743035802631111e-05
selection,2755,5.033712133610149e-05,4.127126737123087e-05,2.7999073255881014e-05
selection,2756,5.2797085199390575e-05,3.9501550595125496e-05,2.8673892474632203e-05
selection,2757,5.3870237838187205e-05,3.417647779162787e-05,3.363312202199699e-05
selection,2758,5.4326050741895245e-05,4.096021914489831e-05,2.6202985646356502e-05
selection,2759,5.7405701310543144e-05,4.3603705451916686e-05,3.4152170243867995e-05
selection,2760,5.414837788619138e-05,4.1204621669889165e-05,2.6115652643605798e-05
selection,2761,5.687530198730257e-05,4.104326451903576e-05,3.686174975172577e-05
selection,2762,4.832749139495298e-05,3.1395347530762916e-05,2.0757897361771097e-05
selection,2763,5.333168962336375e-05,4.363131048163256e-05,2.4101682716407054e-05
selection,2764,5.6129764857472954e-05,4.412262904810506e-05,3.415614940590286e-05
selection,2765,5.6743480498226584e-05,4.594428123326691e-05,3.207222523650386e-05
selection,2766,4.54360637048258e-05,3.366801247537058e-05,1.9609481804228253e-05
selection,2767,5.473506929333271e-05,4.140979305166707e-05,2.556587961459512e-05
selection,2768,4.932531853617695e-05,3.894777723957086e-05,3.101805178674919e-05
selection,2769,5.357154332610962e-05,3.9249665832534334e-05,2.851997189353835e-05
selection,2770,4.7975523687093053e-05,2.986321932605863e-05,2.2300407897229858e-05
selection,2771,4.4109200514109766e-05,3.280621390343426e-05,2.1170376818799524e-05
selection,2772,5.154241344974076e-05,4.220962970783942e-05,2.652207392638186e-05
selection,2773,5.5137959923803434e-05,4.699742656695482e-05,3.169359930322224e-05
selection,2774,5.513445918807009e-05,4.591536438765802e-05,3.285108470347687e-05
selection,2775,5.5749019634636884e-05,4.837805480751212e-05,2.9964598977499632e-05
selection,2776,5.376103105267716e-05,4.485796901070226e-05,3.460421540890617e-05
selection,2777,5.459042557885771e-05,4.397277719931927e-05,2.2922274463944304e-05
selection,2778,5.424806476975958e-05,3.832571585914771e-05,2.9120399003385015e-05
selection,2779,5.245780036191433e-05,4.146179002512676e-05,2.6831896743329232e-05
selection,2780,5.095867446099623e-05,3.994211413311226e-05,2.9244755307514416e-05
selection,2781,4.6060422985394496e-05,3.3612294544742074e-05,1.92569567182344e-05
selection,2782,5.346030712600963e-05,3.931792394023161e-05,2.8615694795118343e-05
selection,2783,5.620926757348982e-05,4.843629511593535e-05,2.977623652948876e-05
selection,2784,4.600165508034531e-05,2.8882234245982758e-05,2.4267195833812986e-05
selection,2785,5.2299865829429754e-05,4.073756568220319e-05,2.7686942856764925e-05
selection,2786,4.610498960957708e-05,3.2275852909278447e-05,2.0804422443150586e-05
selection,2787,5.370458503915587e-05,4.92882606459045e-05,3.0052507162112816e-05
selection,2788,4.5179485150093705e-05,3.3513113981081595e-05,1.9777423886357957e-05
selection,2789,4.6127441392890636e-05,3.326084283971138e-05,1.976157787244666e-05
selection,2790,5.71001286438306e-05,5.0478125582870885e-05,2.6960670920123216e-05
selection,2791,5.5266677397466044e-05,4.525090725721043e-05,3.3436349174037174e-05
selection,2792,5.646215284189478e-05,4.561605741672661e-05,3.254546944364002e-05
selection,2793,5.118755445376188e-05,4.159830002149164e-05,2.7271223747294425e-05
selection,2794,5.157408897834048e-05,4.2001058816344834e-05,2.6682408777363385e-05
selection,2795,5.153846207338115e-05,3.959777571523804e-05,2.907764104726097e-05
selection,2796,4.570926221786131e-05,3.2982847730210394e-05,2.019637737073918e-05
selection,2797,5.0724770259282644e-05,4.066203055936376e-05,2.8365953118266878e-05
selection,2798,5.5465495237159866e-05,4.2109733086846544e-05,2.4654193500335002e-05
selection,2799,5.777198124353112e-05,4.3343539926564594e-05,3.423454329199013e-05
selection,2800,5.615029049002401e-05,4.831979665580703e-05,2.9741408871125466e-05
selection,2801,5.220431102586801e-05,3.8716484643471e-05,2.9760357788520223e-05
selection,2802,5.80293240180288e-05,4.45186922208773e-05,3.29526771618233e-05
selection,2803,4.656206446937167e-05,2.7672633677712525e-05,2.5254850151509194e-05
selection,2804,5.763005357234567e-05,4.667374735601637e-05,3.058751566222263e-05
selection,2805,4.5506140169560936e-05,2.8567641341145802e-05,2.4832551132217035e-05
selection,2806,5.4262373718765654e-05,3.8385844762232476e-05,2.914759196328133e-05
selection,2807,4.555530598134342e-05,3.266504484072058e-05,2.064101579138701e-05
selection,2808,5.217162112306208e-05,4.0116714747727746e-05,2.846004750012004e-05
selection,2809,5.282814079678202e-05,4.09619011297634e-05,2.6939347057273085e-05
selection,2810,4.422808230727746e-05,3.3807417692879996e-05,2.007042207890474e-05
selection,2811,4.629712060075e-05,3.323211153487566e-05,1.945309564794356e-05
selection,2812,5.320269172298225e-05,3.8006161374120774e-05,3.0089914773509525e-05
selection,2813,5.247517728823661e-05,4.2589840368694515e-05,2.5618226880301355e-05
selection,2814,5.189319546620175e-05,3.530783036673007e-05,3.3561202998520757e-05
selection,2815,5.235319479932004e-05,4.3002806885613886e-05,2.5233320508550476e-05
selection,2816,4.727553109045344e-05,2.8675341151414836e-05,2.3935236080711356e-05
selection,2817,5.2748923520771586e-05,4.0212996821998894e-05,2.7959296180011202e-05
selection,2818,5.5750742102372764e-05,4.066287041605659e-05,2.5869669832293936e-05
selection,2819,4.583320798300648e-05,3.1436355656779745e-05,2.1801802524571164e-05
selection,2820,5.5189718189075806e-05,4.5303478219141895e-05,3.3403996055755825e-05
selection,2821,5.352605817421074e-05,4.2343324195894134e-05,2.5453019684555115e-05
selection,2822,4.7371355949379134e-05,3.5955480750458266e-05,1.6309205044011378e-05
selection,2823,5.335762239202763e-05,3.547724834096734e-05,3.249402729533188e-05
selection,2824,5.37099619706121e-05,3.999764109946808e-05,2.762088339686045e-05
selection,2825,4.5638755124974396e-05,3.28533863273608e-05,2.0376171687915613e-05
selection,2826,4.67598161450376e-05,3.0323257441332298e-05,2.2291655552596477e-05
selection,2827,5.2796097036162845e-05,4.0472230757030124e-05,2.7725439728948952e-05
selection,2828,5.260099662271688e-05,3.6963062600003304e-05,3.132878112650067e-05
selection,2829,5.357100044092318e-05,3.954147913787653e-05,2.818645796374474e-05
selection,2830,5.4354727340809057e-05,4.721555300567117e-05,3.193991444078488e-05
selection,2831,5.6677429933479144e-05,4.7175869557342724e-05,3.077216540466392e-05
selection,2832,4.760605512914059e-05,3.0506285741778148e-05,2.1817979035353864e-05
selection,2833,5.3761206304138367e-05,3.9570773109663055e-05,2.820705298543748e-05
selection,2834,4.594567632548739e-05,2.8369259248415886e-05,2.4846569954849042e-05
selection,2835,5.828408986446275e-05,4.131398126858074e-05,3.603520841786793e-05
selection,2836,5.1742970846569594e-05,4.3779145270001346e-05,2.4782675833569945e-05
selection,2837,5.3073953393155986e-05,4.015968397645723e-05,2.788838854353623e-05
selection,2838,4.798672026081768e-05,2.627746605032998e-05,2.604648500165189e-05
selection,2839,5.524567036809013e-05,4.450527308579942e-05,3.41970883377065e-05
selection,2840,5.31301410972064e-05,3.807132877809988e-05,2.981428992523005e-05
selection,2841,4.567205423624102e-05,3.2416836949303776e-05,2.083183355181661e-05
selection,2842,5.5867465292663935e-05,4.776238075792458e-05,3.059882338311665e-05
selection,2843,4.7414462937785915e-05,3.662862261203563e-05,1.5441227556035474e-05
selection,2844,5.690281642736041e-05,4.554808325088576e-05,3.240326723212947e-05
selection,2845,5.236395649046667e-05,4.272956352356484e-05,2.5425897324087123e-05
selection,2846,4.4929422145908903e-05,3.1131231597477873e-05,2.245824115940194e-05
selection,2847,4.923805059472222e-05,3.946535254271203e-05,3.040743446160721e-05
selection,2848,5.2917869907369956e-05,3.907501895230545e-05,2.8998549703568935e-05
selection,2849,5.779309444211025e-05,4.3172460125053204e-05,3.451281360412031e-05
selection,2850,4.506744660636391e-05,2.8681195117284135e-05,2.488410132175169e-05
selection,2851,5.0359002998036935e-05,4.169847484416816e-05,2.7557074582772708e-05
selection,2852,4.523853323255257e-05,3.138795754170786e-05,2.2178970705792226e-05
selection,2853,5.596370280285954e-05,4.651009010931158e-05,3.181775127687482e-05
selection,2854,5.2992579489623696e-05,3.4448647248911104e-05,3.394780758294856e-05
selection,2855,5.405550005918708e-05,3.894381378954648e-05,2.8599736227797075e-05
selection,2856,5.6828081030002964e-05,4.420954379634656e-05,3.371222245802006e-05
selection,2857,5.63868321030186e-05,4.403204974870948e-05,3.417958606295765e-05
selection,2858,5.616296582214414e-05,4.565990758677002e-05,3.2436947383774714e-05
selection,2859,5.2307743497606105e-05,4.142458376147152e-05,2.69100552871836e-05
selection,2860,5.442046688133134e-05,4.703728194722205e-05,3.1993395312190267e-05
selection,2861,5.7069489002827534e-05,4.4323479275622664e-05,3.3252643189752516e-05
selection,2862,5.1936656979360344e-05,4.1332923383075815e-05,2.7233176114214007e-05
selection,2863,4.663297284497165e-05,2.9954481340825425e-05,2.2939779928706374e-05
selection,2864,4.5973436735458895e-05,3.110914363326634e-05,2.1933399944799746e-05
selection,2865,4.589009448836678e-05,3.2208373367948864e-05,2.0980098026002336e-05
selection,2866,4.711796628917006e-05,3.1623296934590074e-05,2.0894391693274573e-05
selection,2867,5.608547068423268e-05,4.563956305475991e-05,3.25026152449189e-05
selection,2868,4.358494176865016e-05,3.2379312760723905e-05,2.1988156836357788e-05
selection,2869,4.458341100764818e-05,3.247476332300728e-05,2.1351351460290927e-05
selection,2870,5.8816876224538504e-05,4.639258818224855e-05,3.051472194481945e-05
selection,2871,4.6439445209996616e-05,3.221310771780165e-05,2.0664642758099353e-05
selection,2872,5.592207701720682e-05,4.641386457480642e-05,3.2043861678980506e-05
selection,2873,5.761833544009431e-05,4.534327896515417e-05,3.218048717067084e-05
selection,2874,5.2310421750463253e-05,4.0937348862436976e-05,2.7366919892793817e-05
selection,2875,5.064779909821462e-05,3.8583762636471396e-05,3.060071307049213e-05
selection,2876,5.3493522283574724e-05,3.6496797722860436e-05,3.139796736488514e-05
selection,2877,4.311177309142329e-05,3.252989864225947e-05,2.187412651249915e-05
selection,2878,5.828083184879233e-05,4.5383117701905936e-05,3.1782830745841945e-05
selection,2879,5.379313310901906e-05,3.9588457746098114e-05,2.8141253831382576e-05
selection,2880,5.6961046809600425e-05,4.827113523061297e-05,2.95182978485513e-05
selection,2881,4.671714796524614e-05,2.9903783246317808e-05,2.292415973447951e-05
selection,2882,5.2654560779941513e-05,3.95206079710979e-05,2.8725019844784704e-05
selection,2883,5.486653068554823e-05,4.288242281219345e-05,2.402150686128487e-05
selection,2884,5.583459438349725e-05,4.6894767085156166e-05,3.1485618577889914e-05
selection,2885,4.6391527160909634e-05,2.8842813441314333e-05,2.4248717659673068e-05
selection,2886,5.819417043961227e-05,4.919392396144434e-05,2.777394645371489e-05
selection,2887,5.869574751168523e-05,4.376166383464909e-05,3.329647686461482e-05
selection,2888,4.674068327983036e-05,3.0727732719910684e-05,2.2045296817454102e-05
selection,2889,5.09920583298046e-05,4.0266043200243876e-05,2.8730573427470734e-05
selection,2890,5.34295900959195e-05,3.863635383237041e-05,2.929670555793716e-05
selection,2891,5.7295409226203474e-05,4.7496506106009885e-05,3.007602983329487e-05
selection,2892,4.967192777408579e-05,4.096437012808911e-05,2.8756636272723234e-05
selection,2893,5.223906431096081e-05,3.9552646769769296e-05,2.8898938770342858e-05
selection,2894,4.6401639131528665e-05,3.393689964458813e-05,1.878580968451404e-05
selection,2895,4.89898583252308e-05,2.951287161510782e-05,2.2290442188323906e-05
selection,2896,4.580441241572049e-05,3.34775039484408e-05,1.9693834294515315e-05
selection,2897,5.178197237276716e-05,4.215373445535428e-05,2.6552189185637075e-05
selection,2898,5.673370838006247e-05,4.564476506368806e-05,3.220904292903854e-05
selection,2899,5.375984214245458e-05,4.224012305154069e-05,2.5175261653695403e-05
selection,2900,5.601860679057321e-05,4.131627470813731e-05,2.5068869159115442e-05
selection,2901,4.464699342353501e-05,3.156382471880368e-05,2.215067752987271e-05
selection,2902,5.022460036673134e-05,4.04207181134571e-05,2.893796653739038e-05
selection,2903,5.161761612867917e-05,4.01165292620251e-05,2.871194416216407e-05
selection,2904,5.223448584986243e-05,4.084372212653916e-05,2.7596929555766983e-05
selection,2905,5.198928815386446e-05,4.1022381111034246e-05,2.752692667318523e-05
selection,2906,4.7630684627138363e-05,3.299701903164941e-05,1.9179103289801107e-05
selection,2907,5.135134208903289e-05,4.112797533268384e-05,2.746808934222191e-05
selection,2908,4.50845065426741e-05,2.9128163153028112e-05,2.4460724211538405e-05
selection,2909,5.879568797940603e-05,4.455151844042061e-05,3.243645083298633e-05
selection,2910,4.6503462607029295e-05,3.179057251503817e-05,2.0939630375561328e-05
selection,2911,4.490970052693728e-05,3.34330090960981e-05,2.01285371351308e-05
selection,2912,5.383819998174339e-05,4.2318146184620904e-05,2.5192581636119495e-05
selection,2913,5.145907549520987e-05,3.867675925135859e-05,3.00687557631613e-05
selection,2914,5.1914296462915684e-05,4.140196240260739e-05,2.7149024955255236e-05
selection,2915,5.673858625783234e-05,4.7761903448900976e-05,3.02306665648785e-05
selection,2916,5.223547939766171e-05,3.961464976951684e-05,2.881741616807663e-05
selection,2917,4.4646188517466244e-05,3.344337476658376e-05,2.0242749396048187e-05
selection,2918,5.27764863101543e-05,3.9647097482302295e-05,2.846160231715884e-05
selection,2919,5.2322457249611985e-05,4.058813836552025e-05,2.7762683872333507e-05
selection,2920,5.776965554192575e-05,4.7153442327995175e-05,3.0202017871913452e-05
selection,2921,4.732673225575343e-05,3.156659104657261e-05,2.079387156271248e-05
selection,2922,5.1335936460393736e-05,3.859285545622481e-05,3.037220421272839e-05
selection,2923,4.5160690903000204e-05,3.154152557825944e-05,2.1987106500503096e-05
selection,2924,5.612830178372854e-05,4.613648112611209e-05,3.214839150600054e-05
selection,2925,5.2248147521081924e-05,4.088153869322191e-05,2.754610289289472e-05
selection,2926,4.745354497235677e-05,3.0158366475336322e-05,2.224028171671875e-05
selection,2927,4.5744567601178015e-05,3.434398855662064e-05,1.8810899317835168e-05
selection,2928,5.7427843836489925e-05,4.370663349787651e-05,3.4032245822905504e-05
selection,2929,4.752267670166291e-05,3.181202194228862e-05,2.064115633592517e-05
selection,2930,4.601453738543399e-05,3.491950176722529e-05,1.796431555040647e-05
selection,2931,5.3071293038686856e-05,3.7627403174435193e-05,3.048867006110118e-05
selection,2932,5.4766470119811675e-05,4.2923579602694624e-05,3.613682431918962e-05
selection,2933,4.292374519768452e-05,3.252909142786767e-05,2.1970592993701175e-05
selection,2934,4.704318027554236e-05,3.3825603917970884e-05,1.852672964088492e-05
selection,2935,5.761171943290169e-05,4.368930726629205e-05,3.394701607899038e-05
selection,2936,4.481884247342336e-05,3.373989673421529e-05,1.9701514410636368e-05
selection,2937,5.2464622700293e-05,4.060491769472296e-05,2.7750633235121095e-05
selection,2938,5.814272072555352e-05,4.378625048467783e-05,3.3556725364016467e-05
selection,2939,5.253259497163177e-05,3.9903953506625e-05,2.8388407192904222e-05
selection,2940,5.2601193868893046e-05,3.760214373623958e-05,3.071674929054613e-05
selection,2941,4.753055570492253e-05,3.251185529075467e-05,1.972034325216131e-05
selection,2942,5.745611431349233e-05,4.522132299456739e-05,3.2478940852572476e-05
selection,2943,5.4016248960467373e-05,4.133699399697878e-05,2.6103585945349448e-05
selection,2944,5.537221621388476e-05,4.732932049749201e-05,3.1267917401194004e-05
selection,2945,4.724302240323254e-05,3.2029157418608464e-05,2.0522010721563473e-05
selection,2946,5.19265841545556e-05,4.161959525311262e-05,2.6691674021296373e-05
selection,2947,5.477592625140507e-05,4.507407754885294e-05,3.394026872943528e-05
selection,2948,4.968094425818696e-05,3.9448834024596265e-05,3.015983419452483e-05
selection,2949,5.6289036513984235e-05,4.480276278052516e-05,3.3432016679718995e-05
selection,2950,5.4389061299229694e-05,4.0308452307727663e-05,2.7049884253575663e-05
selection,2951,4.484938940687566e-05,3.100007159085285e-05,2.265135330801034e-05
selection,2952,4.9835398295507076e-05,3.945085086140997e-05,3.0226960081263675e-05
selection,2953,5.307860481828645e-05,3.84531258109902e-05,2.9376920769142496e-05
selection,2954,4.5385369214124125e-05,3.058947071596577e-05,2.2796505572298104e-05
selection,2955,5.218690896954247e-05,4.0340498712431286e-05,2.7799008921187732e-05
selection,2956,5.080829307198436e-05,3.864246968393593e-05,3.064017468722259e-05
selection,2957,5.6079492900265135e-05,4.238454823541226e-05,3.602509980808618e-05
selection,2958,4.3392206376342706e-05,3.0113913923027512e-05,2.4225344774657455e-05
selection,2959,4.575957677789705e-05,3.187390458426795e-05,2.142032725626379e-05
selection,2960,5.3252022402073006e-05,3.837447143317538e-05,2.9656257316043404e-05
selection,2961,4.6209803836611495e-05,2.831470450291001e-05,2.476085728382993e-05
selection,2962,5.130611114340162e-05,4.0743794420184285e-05,2.810920631404068e-05
selection,2963,5.611343795094361e-05,4.5555273144441994e-05,3.2765715092419715e-05
selection,2964,5.0380227027217394e-05,4.068924030668248e-05,2.8690755707207222e-05
selection,2965,5.12850910773687e-05,3.8593594577192936e-05,3.030882435759819e-05
selection,2966,4.55524797268802e-05,3.222274596086781e-05,2.1014415812784387e-05
selection,2967,5.454408157636922e-05,3.778330641538067e-05,2.9648129914266297e-05
selection,2968,5.4268280824190124e-05,3.8122973086231634e-05,2.9416335471480454e-05
selection,2969,4.4883694251257046e-05,3.265676790123825e-05,2.0954725300746142e-05
selection,2970,5.443903756612851e-05,4.447287473732281e-05,2.2587949982990377e-05
selection,2971,5.82629518998364e-05,4.61274223570933e-05,3.1013401435001684e-05
selection,2972,5.742510161244653e-05,4.499962482512806e-05,3.2695862995533025e-05
selection,2973,4.5482046287551214e-05,3.491184183783473e-05,1.8222224224114244e-05
selection,2974,5.2017648618382176e-05,3.782489823093649e-05,3.082491652638184e-05
selection,2975,5.2181467692259074e-05,4.39974536340361e-05,2.428824254432155e-05
selection,2976,5.457616148683075e-05,4.6051898347652964e-05,3.2941847178898995e-05
selection,2977,4.8835199511752465e-05,2.951556372082171e-05,2.2190256710215726e-05
selection,2978,5.69248125762713e-05,4.564833352899796e-05,3.2183914522153305e-05
selection,2979,4.8188304324522295e-05,3.227050899652375e-05,1.967871597571037e-05
selection,2980,5.211514111691889e-05,3.8424045052030496e-05,2.9915477308980383e-05
selection,2981,4.9272068950068526e-05,3.11441621299127e-05,2.019685778949594e-05
selection,2982,5.502211736695671e-05,3.84238451470947e-05,2.8457029684151356e-05
selection,2983,5.242874959256947e-05,4.1582382519464416e-05,2.6645293891317197e-05
selection,2984,5.3798740728431536e-05,4.264375671579858e-05,2.488112341656397e-05
selection,2985,5.571416789678098e-05,4.724346881571983e-05,3.121686552754353e-05
selection,2986,4.3894531414993414e-05,2.914768699831414e-05,2.493861280721289e-05
selection,2987,5.6849161255704154e-05,4.635767092141692e-05,3.1501333369791864e-05
selection,2988,4.4978015195956305e-05,3.202870638663528e-05,2.165671552886312e-05
selection,2989,5.207155116589959e-05,4.291064211037354e-05,2.554478211342033e-05
selection,2990,5.6172892525480426e-05,4.22307337499095e-05,3.6086428595978335e-05
selection,2991,5.646426869300392e-05,4.5236614963594626e-05,3.285117335739205e-05
selection,2992,5.762446431472952e-05,4.521523360588074e-05,3.2299778929368106e-05
selection,2993,5.080851633813222e-05,4.1205707031450344e-05,2.7896463239153595e-05
selection,2994,4.3642042289232934e-05,3.258862201853948e-05,2.1649841108836964e-05
selection,2995,5.3650054320198983e-05,3.958195738653649e-05,2.8144104581474635e-05
selection,2996,5.289279700849519e-05,4.1078521143719056e-05,2.6965470749495944e-05
selection,2997,5.241933819155957e-05,4.189944117641647e-05,2.6424410423470447e-05
selection,2998,5.516330527319785e-05,4.5837380221024745e-05,3.297709428716142e-05
selection,2999,5.305158701750853e-05,3.761378353983426e-05,3.047153382692499e-05
selection,3000,5.5867275204502144e-05,4.040021824389573e-05,2.6083360311411472e-05
selection,3001,5.516055928798872e-05,4.042772921625386e-05,2.6303968300619887e-05
selection,3002,5.7074900764044906e-05,4.532567244988684e-05,3.256375224458109e-05
selection,3003,5.1949048622853784e-05,3.666752230222925e-05,3.194861866495728e-05
selection,3004,5.3859387701925476e-05,4.30972155733847e-05,2.431618264351149e-05
selection,3005,5.0807530232945593e-05,4.0403398411635096e-05,2.877270017321743e-05
selection,3006,5.309503941154572e-05,4.208486424817212e-05,2.561883257094978e-05
selection,3007,4.8368503833774575e-05,2.7695353462977713e-05,2.4380561298958478e-05
selection,3008,5.641019709056949e-05,4.608574698261964e-05,3.190224414678076e-05
selection,3009,5.54228761425154e-05,4.699139808784617e-05,3.150452678410103e-05
selection,3010,5.117590572482402e-05,4.014086993865453e-05,2.863783341714876e-05
selection,3011,5.311276136764721e-05,3.844342473713751e-05,2.9628265942187653e-05
selection,3012,5.145430298297688e-05,4.2034232194883185e-05,2.6740126923759522e-05
selection,3013,5.249892893423991e-05,4.318490105488216e-05,2.4908537294698963e-05
selection,3014,5.6106165883678234e-05,4.7558639016976345e-05,3.072575429120681e-05
selection,3015,5.2966740016836615e-05,3.828889336865302e-05,2.9856160604963468e-05
selection,3016,5.393317271957685e-05,4.273916215907319e-05,2.4789760747053324e-05
selection,3017,5.586474507115934e-05,4.74413863884686e-05,3.0817093446753157e-05
selection,3018,4.678336025408637e-05,3.366185481755846e-05,1.9066781213927214e-05
selection,3019,5.5238265372921725e-05,4.295726888024824e-05,3.576351438990671e-05
selection,3020,5.7668110395096985e-05,4.769036458517322e-05,2.9708102631247323e-05
selection,3021,5.2559777345062935e-05,3.8571045978122135e-05,2.982946078569668e-05
selection,3022,5.650770761397795e-05,4.616690644313903e-05,3.1932604858007266e-05
selection,3023,4.9578213179970874e-05,4.121778329574133e-05,2.8376537754953893e-05
selection,3024,5.606352584200603e-05,4.380503774449041e-05,3.455342081546314e-05
selection,3025,4.7876083600295076e-05,3.08212448414804e-05,2.1365940892324942e-05
selection,3026,5.345162993902782e-05,4.0983826205043214e-05,2.6858968153378413e-05
selection,3027,5.1661117744320884e-05,4.1648281495875687e-05,2.6957222502130127e-05
selection,3028,5.266814706925557e-05,4.019789176725578e-05,2.8017097470816377e-05
selection,3029,5.500277535617897e-05,4.590667966725337e-05,3.298924162155839e-05
selection,3030,5.231986954276057e-05,4.048173012282784e-05,2.7824609614988958e-05
selection,3031,5.434635098829356e-05,4.1804290400283534e-05,2.5332898487511982e-05
selection,3032,5.098027296607187e-05,3.9901837265718524e-05,2.9128197087064286e-05
selection,3033,5.687011907472082e-05,4.402539660582974e-05,3.39653154549137e-05
selection,3034,5.19493084236844e-05,4.06824511341402e-05,2.7703286210150793e-05
selection,3035,5.553042240289282e-05,4.4854604116785454e-05,3.373380126889024e-05
selection,3036,5.6810788368037566e-05,4.472818623442982e-05,3.317444126077639e-05
selection,3037,5.103981893741507e-05,4.00866129856661e-05,2.8783128189941164e-05
selection,3038,5.4053142207771606e-05,4.163457305753155e-05,2.5788088856222294e-05
selection,3039,5.905652320754353e-05,4.4894111577779596e-05,3.189812221203634e-05
selection,3040,5.6214522570524126e-05,4.595558327367417e-05,3.233103368101785e-05
selection,3041,5.2832885778369806e-05,4.03552448878579e-05,2.7822885772473224e-05
selection,3042,5.176154721185807e-05,3.822829221130421e-05,3.0451988569204494e-05
selection,3043,4.809751214865621e-05,2.5076549608381435e-05,2.7072173399293436e-05
selection,3044,5.163683416387754e-05,4.093224266002417e-05,2.7899064670540585e-05
selection,3045,5.604925421086622e-05,4.685831224317342e-05,3.135172488869356e-05
selection,3046,5.905036035510412e-05,4.511697704659166e-05,3.18675798387963e-05
selection,3047,5.774498904275414e-05,4.7360706620187995e-05,3.0171528846422407e-05
selection,3048,4.449893222532616e-05,3.02388126089529e-05,2.3779524411730915e-05
selection,3049,5.281475346303915e-05,4.071901046585021e-05,2.7433672338474743e-05
selection,3050,4.7486465378781083e-05,3.2644687105265576e-05,1.9626486245886808e-05
selection,3051,5.1072596799829595e-05,3.840474011940147e-05,3.058965190287174e-05
selection,3052,4.749063019577475e-05,3.0993006083216395e-05,2.1430855592126993e-05
selection,3053,5.340279751607704e-05,4.630362671649389e-05,3.320774263225897e-05
selection,3054,5.2927136254968954e-05,3.896983338025363e-05,2.9079416484756436e-05
selection,3055,5.1974863841379024e-05,4.117922668710111e-05,2.72796925496543e-05
selection,3056,5.3972115977965314e-05,4.2044993802323366e-05,2.5519547266193687e-05
selection,3057,5.212733874505836e-05,4.0556813141241456e-05,2.7921465029640577e-05
selection,3058,5.395633482146133e-05,4.0482999049234694e-05,2.7045052886228823e-05
selection,3059,4.6174210342672156e-05,3.10383269188188e-05,2.200447169172846e-05
selection,3060,5.655526563816571e-05,4.571894730511306e-05,3.239999671453953e-05
selection,3061,5.450092763041101e-05,4.087050735448629e-05,2.627247795888901e-05
selection,3062,5.309980843534119e-05,3.6692440653157186e-05,3.1387861332593326e-05
selection,3063,4.540350748329725e-05,2.8138532820024644e-05,2.5298355432378893e-05
selection,3064,4.7285860719947795e-05,3.2151539141980014e-05,2.0283630306037505e-05
selection,3065,5.196147605556186e-05,4.041935821212176e-05,2.8123301511121475e-05
selection,3066,5.34290869965279e-05,4.019436680012595e-05,2.764787609167981e-05
selection,3067,5.75402120178509e-05,4.23969864652499e-05,3.5300906613196454e-05
selection,3068,5.238029905032735e-05,3.945203924295658e-05,2.8927635948196846e-05
selection,3069,4.659224856980684e-05,3.0040939278742004e-05,2.27938364432974e-05
selection,3070,5.41514509961453e-05,3.7090805339659556e-05,3.0498536988023754e-05
selection,3071,5.2053536612264794e-05,3.789223161547668e-05,3.047708986248662e-05
selection,3072,5.276086455334119e-05,4.058862236309436e-05,2.752108130688961e-05
selection,3073,5.254055411727379e-05,4.144422882363103e-05,2.6828044366594763e-05
selection,3074,5.1938384447894096e-05,4.14843481172111e-05,2.7111832820530575e-05
selection,3075,5.28364688925373e-05,3.8216462246694814e-05,2.9866137516820883e-05
selection,3076,5.2695474111252864e-05,3.852728657867647e-05,2.9816864647353896e-05
selection,3077,5.13955179348896e-05,3.774282167116175e-05,3.108761491717476e-05
selection,3078,5.2592835807334923e-05,3.823367443964333e-05,3.009487673107658e-05
selection,3079,5.316973227467256e-05,4.223892664027376e-05,2.5562618741900157e-05
selection,3080,5.0552966505728166e-05,4.2036166851588036e-05,2.7164679592611735e-05
selection,3081,4.7589910583323385e-05,2.8791710335053598e-05,2.3653729782346677e-05
selection,3082,5.3177225208222455e-05,3.77814735396002e-05,3.0279764911693083e-05
selection,3083,5.10130812830773e-05,3.99888086852161e-05,2.8990832469307005e-05
selection,3084,5.200164828506476e-05,4.187810920573185e-05,2.6619718509397406e-05
selection,3085,4.5355527053966004e-05,3.405220949219002e-05,1.913286322568399e-05
selection,3086,5.1378076605311966e-05,4.0875502110272344e-05,2.7963818066284174e-05
selection,3087,4.6747441972969316e-05,2.855845347038596e-05,2.4152896170059543e-05
selection,3088,5.811999921650973e-05,4.496680262188364e-05,3.236371709457317e-05
selection,3089,5.6858736657561316e-05,4.969784528631666e-05,2.7935551647660426e-05
selection,3090,5.104837257093344e-05,4.083700741024084e-05,2.8238986425847085e-05
selection,3091,4.508783723153392e-05,3.109721714256505e-05,2.2434832669026925e-05
selection,3092,5.418315790812482e-05,3.90365287203796e-05,2.8410403321143817e-05
selection,3093,4.76565822623107e-05,3.172733883411351e-05,2.0666247302175525e-05
selection,3094,5.4885153351828835e-05,4.675522956839073e-05,3.2099144121034346e-05
selection,3095,5.367695165175566e-05,4.087004492558744e-05,2.6710301985370416e-05
selection,3096,5.2463382705579205e-05,3.9158150198405546e-05,2.927765302151136e-05
selection,3097,4.564440799970163e-05,3.034423400239562e-05,2.2810161477317e-05
selection,3098,4.4121589319610215e-05,3.16704947778258e-05,2.2311320221553528e-05
selection,3099,4.483421373949464e-05,3.1951579349622095e-05,2.1510220270279127e-05
selection,3100,5.1683924594649066e-05,4.314054518872246e-05,2.5486077824826756e-05
selection,3101,5.449098861013731e-05,4.085627234250009e-05,3.843453397239674e-05
selection,3102,4.4844432213173115e-05,3.124952313757641e-05,2.2404911795392638e-05
selection,3103,5.187462824768454e-05,3.94459520682065e-05,2.9171926066736227e-05
selection,3104,4.5071217025886583e-05,3.058435871904456e-05,2.3134037459821573e-05
selection,3105,5.016343373690321e-05,3.956488198457763e-05,2.977650882559133e-05
selection,3106,4.569820719174446e-05,3.0389847831747733e-05,2.286936560147052e-05
selection,3107,5.670959576639861e-05,4.912090613681488e-05,2.8750708642074763e-05
selection,3108,5.735941122428042e-05,4.606879378234682e-05,3.164504593312581e-05
selection,3109,5.26000840695274e-05,3.714966372135044e-05,3.126684240733886e-05
selection,3110,5.8288245239810117e-05,4.6900514801317435e-05,3.0069100391260066e-05
selection,3111,4.5621656269775965e-05,3.3031937897360866e-05,1.9986972327741e-05
selection,3112,5.69681512453759e-05,4.310105431638912e-05,3.477636276989178e-05
selection,3113,4.745828550628312e-05,3.118255963399206e-05,2.127349765267063e-05
selection,3114,5.715652644384203e-05,4.649602528884335e-05,3.131932182641831e-05
selection,3115,5.120866179636799e-05,3.851410883568237e-05,3.0400835980323286e-05
selection,3116,5.514625973312326e-05,3.764477605632986e-05,2.953957031102649e-05
selection,3117,4.559679471295223e-05,3.215946935548926e-05,2.1143630929554398e-05
selection,3118,5.070955258874889e-05,3.896880983072864e-05,3.0282882976251844e-05
selection,3119,5.3623863213537784e-05,3.5876857660312114e-05,3.203150931161293e-05
selection,3120,5.366570188603986e-05,4.254486818731749e-05,2.5024832601109185e-05
selection,3121,4.701156757703993e-05,3.1269992382759995e-05,2.128659174866391e-05
selection,3122,5.23565206808779e-05,3.90025428818313e-05,2.9387080103430337e-05
selection,3123,4.6626000129374556e-05,3.0424384414045882e-05,2.2267850036581473e-05
selection,3124,4.7891246079853644e-05,3.445992628336644e-05,1.7495721617235758e-05
selection,3125,4.757195764062942e-05,3.078475270804058e-05,2.1290148410985234e-05
selection,3126,5.184952609754408e-05,3.7559172468357464e-05,3.1183726231264927e-05
selection,3127,4.673850598864868e-05,3.340160084076306e-05,1.9269610889290174e-05
selection,3128,4.390820055084988e-05,3.104824894655202e-05,2.3029733796814506e-05
selection,3129,5.2915404564172253e-05,3.703220737757232e-05,3.11681808518398e-05
selection,3130,5.6106165883678234e-05,4.7558639016976345e-05,3.072575429120681e-05
selection,3131,4.578882674287896e-05,3.366975583247404e-05,1.9497510729832486e-05
selection,3132,4.72337505507424e-05,3.1206705767103314e-05,2.1389154809892507e-05
selection,3133,4.6330479984774906e-05,3.0661017017641355e-05,2.226525400562612e-05
selection,3134,5.1671933205917104e-05,3.9772284792257266e-05,2.8902640191665344e-05
selection,3135,5.853386468494801e-05,4.7176030305471955e-05,2.970207903258211e-05
selection,3136,5.285741722572113e-05,4.3188153150128464e-05,2.4603954269012657e-05
selection,3137,5.5646326251772785e-05,4.9059608478885854e-05,2.908312323559225e-05
selection,3138,4.521369983836003e-05,3.0461963711384205e-05,2.303200501878176e-05
selection,3139,5.55057233361263e-05,3.6708757718431844e-05,2.9993889327710438e-05
selection,3140,5.140892826767166e-05,4.138339400928046e-05,2.742647935502699e-05
selection,3141,5.429539531801483e-05,3.792051886485077e-05,2.9287033201640983e-05
selection,3142,5.311666775399208e-05,3.827824136003792e-05,2.9802317629833714e-05
selection,3143,4.476072528634482e-05,3.2928237889352545e-05,2.0703942751313665e-05
selection,3144,5.229583826671481e-05,3.9082841667508634e-05,2.935348676486297e-05
selection,3145,5.639026113392656e-05,4.278087877104144e-05,3.54535088278931e-05
selection,3146,5.647633800390902e-05,4.815595143700616e-05,2.9759399905964647e-05
selection,3147,4.623584949553171e-05,3.0445452828862953e-05,2.2615225858152262e-05
selection,3148,5.2213001325086914e-05,3.9929588939252696e-05,2.8510559095115412e-05
selection,3149,5.1221482160972555e-05,3.6937811437255566e-05,3.202984548305645e-05
selection,3150,5.4225127763268806e-05,3.841329398525518e-05,2.8915369020546393e-05
selection,3151,5.4398552049178096e-05,3.710435247177535e-05,3.043353014759579e-05
selection,3152,5.315565203323238e-05,3.9032297287486425e-05,2.8916845714635027e-05
selection,3153,5.483963388652876e-05,4.6058579935826526e-05,3.28252803418965e-05
selection,3154,5.7678795961146887e-05,4.5533887351644636e-05,3.206035481450676e-05
selection,3155,4.655114939377547e-05,3.3821390969778586e-05,1.898771421862356e-05
selection,3156,5.739974155551262e-05,4.9060977334120176e-05,2.844721266474233e-05
selection,3157,5.654393991122639e-05,4.722723397983164e-05,3.089905578417347e-05
selection,3158,5.484537523402908e-05,4.001503382445875e-05,2.7001663837920473e-05
selection,3159,5.142888839258538e-05,3.731499372440063e-05,3.1448372628263675e-05
selection,3160,5.203063334552347e-05,3.974683675367759e-05,2.877271530308818e-05
selection,3161,5.5772871985749524e-05,4.286675260987038e-05,2.3686158270059584e-05
selection,3162,5.1695851980633516e-05,4.063336511247348e-05,2.8081322003976473e-05
selection,3163,5.484804089070149e-05,4.578961510092349e-05,3.308016256258083e-05
selection,3164,5.391576541898811e-05,3.7348588019217996e-05,3.0386488368123455e-05
selection,3165,5.18166509868722e-05,4.1923787694025354e-05,2.666390411054808e-05
selection,3166,5.698287630302399e-05,4.3821221198209576e-05,3.411715231031187e-05
selection,3167,5.276330405533062e-05,3.951518935333022e-05,2.8726876028526445e-05
selection,3168,4.7007932476478884e-05,3.111357266136012e-05,2.1542735452774874e-05
selection,3169,4.3333052464930234e-05,3.152072996693116e-05,2.2840217371953216e-05
selection,3170,5.4129244835298136e-05,3.8045647860688354e-05,2.9466104160537938e-05
selection,3171,5.2667207845820574e-05,3.942372791889395e-05,2.8858369988391274e-05
selection,3172,5.74977367211804e-05,4.594551010617682e-05,3.1494887050194597e-05
selection,3173,5.7086077110884066e-05,4.678399851350729e-05,3.0887641315271e-05
selection,3174,5.6133289488799556e-05,4.77484190371257e-05,3.0594558332065937e-05
selection,3175,5.438310198306326e-05,4.416494459585698e-05,3.4949709542378154e-05
selection,3176,5.289367634053015e-05,3.9126598204196774e-05,2.9032695125350705e-05
selection,3177,5.3513353536531594e-05,4.037828511265397e-05,2.7405754953783566e-05
selection,3178,4.577705112161092e-05,3.153639426603562e-05,2.16919989678631e-05
selection,3179,5.598895828825272e-05,4.511141804649397e-05,3.323178025528274e-05
selection,3180,4.588043148192046e-05,3.204608675382282e-05,2.1130720078118778e-05
selection,3181,4.62600018314038e-05,3.170538552098838e-05,2.129230823576733e-05
selection,3182,4.508974156976367e-05,3.1638337639529445e-05,2.1907483973873336e-05
selection,3183,5.170711169128927e-05,3.8379898929852654e-05,3.0315546591275588e-05
selection,3184,5.5457950303695694e-05,4.911747215864138e-05,2.940491510164892e-05
selection,3185,5.789207057228117e-05,4.7355135542911045e-05,2.9868660597595488e-05
selection,3186,5.63485350384836e-05,4.654516657756083e-05,3.164763856318537e-05
selection,3187,5.044797340525279e-05,4.148723779781919e-05,2.7827683760221175e-05
selection,3188,5.675178225612835e-05,4.700295002829335e-05,3.098495189919805e-05
selection,3189,5.704155213369358e-05,4.784372614213155e-05,2.9770243123835007e-05
selection,3190,4.498335989670837e-05,3.158219248812735e-05,2.1905475509390477e-05
selection,3191,4.6346313641919104e-05,3.1614741412315276e-05,2.1236004663840936e-05
selection,3192,4.5603250116655845e-05,3.038268369866458e-05,2.3102131106354224e-05
selection,3193,5.728160826924336e-05,4.588005840523386e-05,3.1808151230757224e-05
selection,3194,4.7597687395899e-05,3.376441664345449e-05,1.836226778560676e-05
selection,3195,5.214803491767537e-05,4.0105955972116236e-05,2.8472877428690293e-05
selection,3196,5.2196973932975486e-05,3.7406140266666535e-05,3.1079462459613185e-05
selection,3197,4.7715842881408224e-05,3.0435374762120177e-05,2.1610141122354482e-05
selection,3198,5.8686722342443076e-05,4.3990259866814107e-05,3.293891815041567e-05
selection,3199,5.2290492245294536e-05,4.2629621259683544e-05,2.5486286602353594e-05
selection,3200,5.704146141547423e-05,4.458900735129089e-05,3.331364443844869e-05
selection,3201,5.371426483602889e-05,4.6856013729976926e-05,3.2508755683452094e-05
selection,3202,5.3157287986887267e-05,4.266154462177538e-05,2.516840879851734e-05
selection,3203,5.1723839443739915e-05,3.883004983659139e-05,2.9874647506657347e-05
selection,3204,5.2971780338267146e-05,4.3303952721893194e-05,3.662406719159786e-05
selection,3205,5.28935447649404e-05,4.120194367973305e-05,2.693402043303852e-05
selection,3206,5.8988729965232674e-05,4.097213282950791e-05,3.607098089092698e-05
selection,3207,5.686228712018674e-05,4.591054269905245e-05,3.2033118500643485e-05
selection,3208,4.451002058559042e-05,3.2179163056998904e-05,2.150546374084828e-05
selection,3209,5.072828360775249e-05,3.8630915067229666e-05,3.053205730575582e-05
selection,3210,5.323412198690465e-05,4.186752038891945e-05,2.601627482477955e-05
selection,3211,5.1086746634076436e-05,4.033765004759383e-05,2.8666415608861897e-05
selection,3212,5.641274108912555e-05,4.336739493623964e-05,3.483999582810496e-05
selection,3213,4.544960201056907e-05,3.2173014474293825e-05,2.1162756427603258e-05
selection,3214,5.105432876364497e-05,3.9904281242187534e-05,2.9075683719987963e-05
selection,3215,5.0683788940601375e-05,4.166799836896138e-05,2.743893643506157e-05
selection,3216,5.271558793270604e-05,3.630085358187789e-05,3.197060207122258e-05
selection,3217,5.262277644463654e-05,4.0958425274504654e-05,2.733927872892832e-05
selection,3218,5.853634626050768e-05,4.410454860852652e-05,3.3014495215957176e-05
selection,3219,5.544582251362731e-05,4.846552695837168e-05,3.007434256839722e-05
selection,3220,5.230213089937983e-05,3.93418126780135e-05,2.9056878100802616e-05
selection,3221,5.691813892653907e-05,4.401268101765814e-05,3.3945492182774945e-05
selection,3222,5.149857489976958e-05,4.150164351285095e-05,2.7148815943932982e-05
selection,3223,5.158193967555069e-05,4.162880597151521e-05,2.7110689394061012e-05
selection,3224,4.945921494546402e-05,3.778249364890171e-05,3.216575226468729e-05
selection,3225,4.768694566891273e-05,3.3651190307080363e-05,1.849970261431907e-05
selection,3226,4.618335741469331e-05,3.0762281749884336e-05,2.2105933613208938e-05
selection,3227,4.557357629564977e-05,3.390927246126029e-05,1.9286048749734275e-05
selection,3228,5.252753254064511e-05,3.5807493723052104e-05,3.254800902108515e-05
selection,3229,4.721812989284902e-05,3.1277420023943474e-05,2.1406441629746788e-05
selection,3230,4.570252975529628e-05,3.237589617312154e-05,2.0763632823214377e-05
selection,3231,5.173192475281478e-05,4.193328407591215e-05,2.6546054231193307e-05
selection,3232,5.332048186971644e-05,4.353109595548552e-05,2.4107856786314132e-05
selection,3233,5.1813458661273024e-05,3.8902532450127725e-05,2.9882427621995637e-05
selection,3234,5.027083457042248e-05,4.028989190838741e-05,2.895507701629458e-05
selection,3235,5.526946418754226e-05,4.658289552169563e-05,3.204395695579226e-05
selection,3236,5.27562708491148e-05,3.763168052667246e-05,3.060152215804645e-05
selection,3237,5.11669043741201e-05,4.318859952216841e-05,2.5517716097723375e-05
selection,3238,5.1047383920834733e-05,3.909992755797567e-05,2.9888490971372593e-05
selection,3239,5.376575516051963e-05,4.231049431417731e-05,2.5051114183324472e-05
selection,3240,5.1783687586375717e-05,4.1063582374092726e-05,2.748632540047846e-05
selection,3241,5.191607553511126e-05,4.189596872035467e-05,2.6662145699345976e-05
selection,3242,5.333605631101233e-05,3.8658905225535774e-05,2.919647314548258e-05
selection,3243,5.6844423787884606e-05,4.3690551882618296e-05,3.422836271273321e-05
selection,3244,4.6805116558494535e-05,3.3037822086448675e-05,1.950771352221765e-05
selection,3245,5.305047052802243e-05,4.177501692138785e-05,2.6302588045815157e-05
selection,3246,5.291537063398635e-05,4.114653971894907e-05,2.6906656650157788e-05
selection,3247,5.928080655305964e-05,4.0647723731870324e-05,3.630923953256523e-05
selection,3248,5.55478961875482e-05,4.1034211131534457e-05,2.5666388963853173e-05
selection,3249,5.252889906019908e-05,4.269976083272473e-05,2.5311190121770393e-05
selection,3250,5.170923500941149e-05,4.169645524902273e-05,2.6930230380004104e-05
selection,3251,4.800658641139266e-05,3.508788996348633e-05,1.6768787854613464e-05
selection,3252,4.630888447879549e-05,3.191070461935126e-05,2.1037561679448173e-05
selection,3253,4.855420063645954e-05,3.1051803424162294e-05,2.093790630858703e-05
selection,3254,5.4185829588344516e-05,4.5986151053825105e-05,3.326825996828486e-05
selection,3255,5.1260113678836066e-05,3.7019700414996875e-05,3.200688939414759e-05
selection,3256,5.396091030166306e-05,3.859623214487175e-05,2.9181834075686706e-05
selection,3257,5.312425127990857e-05,3.8815222980169695e-05,2.921728234915039e-05
selection,3258,5.111226010632061e-05,3.898600648608451e-05,2.9987805072046805e-05
selection,3259,4.61795293796465e-05,3.466881456695536e-05,1.8225949392085543e-05
selection,3260,4.698006465125354e-05,3.116986004884209e-05,2.1354008383531925e-05
selection,3261,5.679972798547703e-05,4.7388530102903604e-05,3.033252308186167e-05
selection,3262,5.1320170460265386e-05,3.748104845778849e-05,3.15018333981166e-05
selection,3263,5.279672478707225e-05,3.94009049618621e-05,2.8815875122284115e-05
selection,3264,5.166189884059347e-05,3.813426836244556e-05,3.0765121862388013e-05
selection,3265,5.522938965114951e-05,4.5842939356009867e-05,3.289591607784481e-05
selection,3266,5.3182503419100955e-05,3.9776577436221045e-05,2.8279501360574474e-05
selection,3267,4.684084517400485e-05,3.346337196476006e-05,1.9067147805920964e-05
selection,3268,5.582426555220526e-05,4.4177460570518004e-05,3.431281262487807e-05
selection,3269,5.847479943553047e-05,4.647069779701781e-05,3.0513477813938525e-05
selection,3270,5.24942119265352e-05,3.9343104648283345e-05,2.8959128098688556e-05
selection,3271,5.2949626335801594e-05,4.2025094122725034e-05,2.5990244731119132e-05
selection,3272,5.334860431712896e-05,4.0026225816412735e-05,2.7954707644465998e-05
selection,3273,5.261154921488275e-05,3.742606618552886e-05,3.07982544765582e-05
selection,3274,5.476665486793756e-05,3.9149348744952635e-05,2.8049998320610395e-05
selection,3275,5.155747618768321e-05,3.9042678478145814e-05,2.9763272747460484e-05
selection,3276,4.7369353516413964e-05,3.292115916439245e-05,1.9311150539711876e-05
selection,3277,4.938372936896983e-05,4.044852439973952e-05,2.937967296546906e-05
selection,3278,5.337578336727797e-05,3.449639485990343e-05,3.352055935924677e-05
selection,3279,4.593192775193851e-05,2.9653829049877064e-05,2.353153713120723e-05
selection,3280,5.159370540088652e-05,4.199347498763132e-05,2.671006804904739e-05
selection,3281,5.246813300565951e-05,3.9858276959257364e-05,2.8501475978053003e-05
selection,3282,4.675370093930723e-05,2.9348817963654936e-05,2.339559659691073e-05
selection,3283,5.2202532058025654e-05,4.0763853680535255e-05,2.7673855864817213e-05
selection,3284,4.686621596738297e-05,3.4869696062572396e-05,1.7655905806011896e-05
selection,3285,5.551149370988153e-05,4.841711195878939e-05,3.0045567139881554e-05
selection,3286,5.0809575712438775e-05,4.05468420243835e-05,2.8702067563332262e-05
selection,3287,4.967304052374068e-05,2.794182771825483e-05,2.3380321731480775e-05
selection,3288,5.152485145853515e-05,3.7428211058780426e-05,3.129935392507418e-05
selection,3289,4.724241405935745e-05,2.996556489883487e-05,2.2560439837439095e-05
selection,3290,5.227809500771573e-05,3.7854628078347876e-05,3.058921439784112e-05
selection,3291,5.301156967838961e-05,3.878788358605164e-05,2.9341181006430546e-05
selection,3292,5.391703958194879e-05,4.756794134646294e-05,3.177071664759049e-05
selection,3293,5.155914030456024e-05,3.7133433079134944e-05,3.1749333293492506e-05
selection,3294,5.391367131375492e-05,4.1634129317530386e-05,2.5843570706037776e-05
selection,3295,5.182095110833886e-05,3.664640677389024e-05,3.216926521843598e-05
selection,3296,5.0317109351969916e-05,4.2521783346881036e-05,2.6820125101956308e-05
selection,3297,5.5037820973585644e-05,4.2252313211001224e-05,2.4721484935654006e-05
selection,3298,4.968170826212214e-05,2.8386940228606285e-05,2.291889272591759e-05
selection,3299,4.800146450443985e-05,2.8295226866224756e-05,2.3937019854898126e-05
selection,3300,5.337966495461895e-05,3.857328389832219e-05,2.939310626084815e-05
selection,3301,5.9132055168593715e-05,4.549870198768065e-05,3.1414134412299116e-05
selection,3302,5.6566755550427067e-05,4.609074554814525e-05,3.1989013121502265e-05
selection,3303,4.701008085812614e-05,2.9869006528614788e-05,2.266228087506992e-05
selection,3304,5.30705150201256e-05,3.84591389244956e-05,2.96529550375362e-05
selection,3305,5.139998040489465e-05,4.271147822951761e-05,2.603543460053423e-05
selection,3306,5.179554438559503e-05,4.293514340547672e-05,2.568642356753815e-05
selection,3307,5.0547396235318125e-05,4.0477170687947573e-05,2.8699001193069085e-05
selection,3308,4.503598169780587e-05,3.311057980832588e-05,2.04295604102406e-05
selection,3309,5.534807958801223e-05,4.329859851377053e-05,3.537162810083689e-05
selection,3310,5.148091896473275e-05,4.1058005968094324e-05,2.7715332085073092e-05
selection,3311,5.764013591051786e-05,4.751179589912601e-05,2.9969392861636557e-05
selection,3312,5.2409551370749594e-05,4.2724642242523194e-05,2.541177059764858e-05
selection,3313,5.5367141349721736e-05,4.2381836637976136e-05,3.640487670317065e-05
selection,3314,4.719881915689474e-05,3.419280941925735e-05,1.8074989480592595e-05
selection,3315,5.3646352431050544e-05,3.867770178555069e-05,2.9090715823342395e-05
selection,3316,5.159883802431698e-05,4.0842677324296e-05,2.790195286774519e-05
selection,3317,5.706650831451887e-05,4.4646161250323084e-05,3.3246012903899615e-05
selection,3318,4.562918432183912e-05,3.334482606115096e-05,1.9888909264961877e-05
selection,3319,5.159727303275616e-05,4.2581738268109526e-05,2.6098182402030695e-05
selection,3320,5.1364829489953224e-05,3.794220107722468e-05,3.091374354278402e-05
selection,3321,4.5828093792983257e-05,3.195206859612848e-05,2.1360585292922498e-05
selection,3322,5.665566730387867e-05,4.615152284672739e-05,3.201362479811655e-05
selection,3323,5.6719120404477726e-05,4.4273581982171935e-05,3.380075859501092e-05
selection,3324,5.339381411775636e-05,4.0729681387168655e-05,2.7221921604165764e-05
selection,3325,5.1245559989825196e-05,3.999537404750538e-05,2.90327196109051e-05
selection,3326,4.649296807117174e-05,2.848776097724267e-05,2.43659836803356e-05
selection,3327,5.1953283113078976e-05,4.116299145200374e-05,2.7433445549218284e-05
selection,3328,5.306439457552231e-05,3.773622256180924e-05,3.037030294884422e-05
selection,3329,4.7232563139358276e-05,3.076221958877943e-05,2.164873624060218e-05
selection,3330,5.318678402585613e-05,4.02049349542482e-05,2.7797850506385095e-05
selection,3331,5.181066898637145e-05,4.238193316025914e-05,2.610992011039647e-05
selection,3332,5.2743416211990904e-05,4.0200245189949285e-05,2.7854720269727028e-05
selection,3333,5.338405677600102e-05,3.8096010271450305e-05,2.996612885576072e-05
selection,3334,5.0605642370474576e-05,3.8643735801092726e-05,3.053796758589573e-05
selection,3335,4.573274375325909e-05,3.3450330027962824e-05,1.966424726941093e-05
selection,3336,5.251158540559603e-05,4.006612848082487e-05,2.8294770381764045e-05
selection,3337,5.226482687018033e-05,4.094227014347862e-05,2.738104661923236e-05
selection,3338,5.5959385075746725e-05,4.6610671079493485e-05,3.175425904849631e-05
selection,3339,4.6556517982023206e-05,3.145134498172065e-05,2.1323897728793856e-05
selection,3340,5.131149598884704e-05,4.071382915299765e-05,2.8240076881998544e-05
selection,3341,5.5063223701841954e-05,4.6566330996420574e-05,3.22135426522064e-05
selection,3342,5.440218496368088e-05,3.62356312441269e-05,3.130576480262825e-05
selection,3343,5.6166790575239466e-05,4.574931193161871e-05,3.2556202673197044e-05
selection,3344,4.568440589663296e-05,3.236244451607491e-05,2.087166301219939e-05
selection,3345,5.342007725663124e-05,4.2748053930991e-05,2.5012534267403773e-05
selection,3346,5.2031920932707525e-05,4.107185590375322e-05,2.7273835491659992e-05
selection,3347,5.2399300606889245e-05,4.150191839247893e-05,2.683487222058634e-05
selection,3348,4.523683923363225e-05,3.176816655013822e-05,2.1684626174849034e-05
selection,3349,5.764796605783785e-05,4.555460007614897e-05,3.195698119888159e-05
selection,3350,5.0289489199243295e-05,4.1686151276782815e-05,2.7610570472400972e-05
selection,3351,5.269373011439767e-05,3.941826291479988e-05,2.882900196989198e-05
selection,3352,5.579575080344002e-05,4.6492519329605126e-05,3.1977851425285556e-05
selection,3353,4.6850224711751086e-05,3.0375091220488763e-05,2.237461882205477e-05
selection,3354,5.438275494114657e-05,3.678149454493061e-05,3.054043018647592e-05
selection,3355,5.154766267622579e-05,4.2691593206532285e-05,2.600316242472024e-05
selection,3356,4.413267388333974e-05,3.101242788807384e-05,2.2882744857414038e-05
selection,3357,5.2988754917843144e-05,4.306950231056473e-05,2.498274328075516e-05
selection,3358,5.281022426754594e-05,3.8874350492319915e-05,2.9380552166616815e-05
selection,3359,5.0519734465781e-05,3.9000612221307e-05,3.0235359463599282e-05
selection,3360,5.0595875196480466e-05,4.0183538237856145e-05,2.890281861675608e-05
selection,3361,5.298728950896542e-05,3.893922726643358e-05,2.8924835766155115e-05
selection,3362,4.5684832872185375e-05,2.9810552991782988e-05,2.3498474231169275e-05
selection,3363,5.011926758468008e-05,4.1765738812879084e-05,2.7594351566126482e-05
selection,3364,5.426118562762948e-05,3.578376621383934e-05,3.1768047664189264e-05
selection,3365,4.6737541060919446e-05,3.0088702545399433e-05,2.2619693651414134e-05
selection,3366,4.531925176694664e-05,3.139387644176998e-05,2.2058900779668173e-05
selection,3367,5.87855574210259e-05,4.4552647729686723e-05,3.256284221046254e-05
selection,3368,5.580167505440158e-05,4.6350256991534426e-05,3.1959409725298445e-05
selection,3369,5.4708780476568884e-05,4.774304354099398e-05,3.12599928222146e-05
selection,3370,5.0303127981017524e-05,3.903951332257813e-05,3.0331650512604373e-05
selection,3371,5.20737543973993e-05,3.779447773680294e-05,3.085454293641773e-05
selection,3372,4.5736539120668644e-05,3.060053304035476e-05,2.2403886593867585e-05
selection,3373,5.154441268691404e-05,4.204787655894233e-05,2.6707420375301524e-05
selection,3374,5.228909621449408e-05,4.273879828034262e-05,2.5472465655569882e-05
selection,3375,4.972077350620047e-05,4.0982623683907425e-05,2.8671718601176614e-05
selection,3376,5.321635731709653e-05,3.9081352049299205e-05,2.893707292454445e-05
selection,3377,5.1711926070316243e-05,4.114375637796609e-05,2.7424229137628526e-05
selection,3378,5.501949657335672e-05,4.218066801306401e-05,3.6757607323613967e-05
selection,3379,5.243149256891267e-05,4.2675189312393975e-05,2.545200487496728e-05
selection,3380,5.7360626191339924e-05,4.471132178441925e-05,3.290216548400965e-05
selection,3381,5.172326576590606e-05,4.3054570705287897e-05,2.5257458624525942e-05
selection,3382,5.0445789629602186e-05,4.1282951680994185e-05,2.782604416778065e-05
selection,3383,5.436714896395943e-05,4.037458299402555e-05,2.693543028904028e-05
selection,3384,5.2926718412989025e-05,3.9639149763456984e-05,2.8492944230624185e-05
selection,3385,5.4592794250609856e-05,4.393838489298714e-05,3.510090950731148e-05
selection,3386,5.112161379134838e-05,3.952393941989743e-05,2.955627483646214e-05
selection,3387,4.666909464205855e-05,2.9629154772250853e-05,2.31161069637383e-05
selection,3388,4.73677557950996e-05,3.0901613006227926e-05,2.1579135609596755e-05
selection,3389,5.274362461127955e-05,3.884957667125844e-05,2.939215529115546e-05
selection,3390,5.7137088005172884e-05,4.3513444307065404e-05,3.426275471264511e-05
selection,3391,4.3797869248177846e-05,3.136264330844501e-05,2.2865933942717852e-05
selection,3392,5.284573236842457e-05,4.314716067493265e-05,2.4907512184705652e-05
selection,3393,4.663589115998832e-05,3.1680688997951745e-05,2.1159908047928054e-05
selection,3394,5.800146000186535e-05,4.6307037464386345e-05,3.1021905920167204e-05
selection,3395,4.5611147650331625e-05,3.330831136460292e-05,1.9957444005790605e-05
selection,3396,4.403342753879684e-05,3.243776237624226e-05,2.1685329062809282e-05
selection,3397,5.302366996644692e-05,3.9364843005791656e-05,2.8709764233690775e-05
selection,3398,5.243129256015051e-05,4.1758083847381406e-05,2.6518802250145763e-05
selection,3399,4.772642020085716e-05,3.180120655782976e-05,2.0432885000519246e-05
selection,3400,5.7555919034823294e-05,4.2946202401422206e-05,3.4720256504896384e-05
selection,3401,5.4373200304968226e-05,3.590711374151588e-05,3.162276386990395e-05
selection,3402,5.195345130507351e-05,3.902806011986316e-05,2.945698910348695e-05
selection,3403,5.46520673430427e-05,4.7647990125338306e-05,3.1293399944225666e-05
selection,3404,5.4846014187023555e-05,4.624816812009769e-05,3.262664514505713e-05
selection,3405,5.559094606575231e-05,4.586148793597694e-05,3.266656608488598e-05
selection,3406,5.08466782116309e-05,3.9517120843913856e-05,2.9667079337584627e-05
selection,3407,4.6490789353229336e-05,2.982514414840745e-05,2.308103092262009e-05
selection,3408,5.35694793165397e-05,4.312387116770829e-05,2.439932441851744e-05
selection,3409,5.4025073754647855e-05,3.96699650423787e-05,2.7794751875310894e-05
selection,3410,5.474708080629978e-05,4.3670329784353865e-05,3.526944793711023e-05
selection,3411,5.35001261009363e-05,3.899954063990293e-05,2.8852928445297075e-05
selection,3412,5.5776967393528574e-05,4.619969946858888e-05,3.233562573713991e-05
selection,3413,5.219703801534172e-05,4.1714341024055126e-05,2.6620141815990885e-05
selection,3414,5.336732213177749e-05,4.0514047281263694e-05,2.7307077490282225e-05
selection,3415,5.14264484837363e-05,4.199034608897984e-05,2.6692660849025735e-05
selection,3416,4.448159376029093e-05,3.247713268045117e-05,2.129018712301327e-05
selection,3417,5.591926454025245e-05,3.9382461009412296e-05,2.736218803395341e-05
selection,3418,5.1731621662047764e-05,4.11893771628681e-05,2.744498801296019e-05
selection,3419,5.3918391828617364e-05,4.151352497987758e-05,3.793944056156029e-05
selection,3420,5.0857374204517604e-05,3.9828169562519074e-05,2.9067405231593176e-05
selection,3421,5.2533606072504324e-05,3.958220266840287e-05,2.8892142057952116e-05
selection,3422,5.1991609892031955e-05,3.953777614503716e-05,2.895808049952463e-05
selection,3423,4.6579445035369785e-05,3.454044681429253e-05,1.808712065158578e-05
selection,3424,5.247823943925393e-05,3.9687820540702626e-05,2.8685551295056285e-05
selection,3425,4.6313781845097475e-05,3.204285413129663e-05,2.0905299673286837e-05
selection,3426,5.573130719120193e-05,4.6151307541126794e-05,3.239881281054642e-05
selection,3427,5.556061222039703e-05,4.54034510211572e-05,3.332678337787269e-05
selection,3428,4.744290783457325e-05,3.141746738166353e-05,2.0883108929393954e-05
selection,3429,5.6946328048971336e-05,4.046215243057373e-05,3.7478939912996076e-05
selection,3430,4.537259119517532e-05,3.48510144297341e-05,1.8322671127634872e-05
selection,3431,5.264528529055376e-05,4.124600840464025e-05,2.6901542098215965e-05
selection,3432,4.59401599847782e-05,3.3090087525475796e-05,2.00301769469302e-05
selection,3433,5.6644474818862426e-05,4.492941315914956e-05,3.313012264431591e-05
selection,3434,5.3040306881365596e-05,3.9999644525808864e-05,2.808504414899211e-05
selection,3435,4.712488346321919e-05,3.064368230198855e-05,2.1979583025403672e-05
selection,3436,4.93846832109147e-05,4.222964976804846e-05,2.7511867681550526e-05
selection,3437,5.527122511908682e-05,4.62333500986259e-05,3.244013926886633e-05
selection,3438,5.1502716163020504e-05,4.073659197010412e-05,2.8031971914661968e-05
selection,3439,5.489695741623821e-05,4.6843301023917976e-05,3.200438509479275e-05
selection,3440,5.7421388121012276e-05,4.421861622721119e-05,3.3518871525321265e-05
selection,3441,5.326117354601525e-05,4.160306522034555e-05,2.608909266762464e-05
selection,3442,5.6315613634218076e-05,4.553433322827737e-05,3.269317230769705e-05
selection,3443,5.4137843620391514e-05,3.8999796137743185e-05,2.8407819130967297e-05
selection,3444,5.0384335101772934e-05,3.912939979756705e-05,3.0166681893118843e-05
selection,3445,5.724668970263791e-05,4.861448127092113e-05,2.9052543537339763e-05
selection,3446,5.524271673469723e-05,4.671368689029655e-05,3.198525405225536e-05
selection,3447,4.4605984633139336e-05,3.254278189823729e-05,2.129253736095277e-05
selection,3448,4.584957216991381e-05,3.037260508326221e-05,2.2757638683979563e-05
selection,3449,4.4002367761509224e-05,3.1392639625845026e-05,2.2632556516467772e-05
selection,3450,5.350950890569218e-05,4.2716506028898494e-05,2.50294380630331e-05
selection,3451,5.2972471953845105e-05,4.068228708341274e-05,2.7331305727250204e-05
selection,3452,5.502181971064142e-05,3.588532248788908e-05,3.135560748525513e-05
selection,3453,5.161005636175031e-05,3.772688237468823e-05,3.1128274771356225e-05
selection,3454,5.293512095129247e-05,3.908237216992912e-05,2.8973684180000037e-05
selection,3455,5.47667125273974e-05,4.537757928924601e-05,3.3633631810891855e-05
selection,3456,5.290811128643284e-05,4.014483534106584e-05,2.797659877953318e-05
selection,3457,4.45287922667264e-05,3.099133945703281e-05,2.2779977062060707e-05
selection,3458,4.479240727332272e-05,3.079369912103984e-05,2.2912445883372427e-05
selection,3459,5.159370540088652e-05,4.199347498763132e-05,2.671006804904739e-05
selection,3460,5.382348606624076e-05,4.4960210961779875e-05,3.459134761629736e-05
selection,3461,5.630332814148354e-05,4.424571290043019e-05,3.400576238653603e-05
selection,3462,5.114355498951147e-05,3.947448648976821e-05,2.9596509113780843e-05
selection,3463,4.6138150471668834e-05,3.034602539548624e-05,2.2721772260251825e-05
selection,3464,5.632547836498117e-05,4.793903049896008e-05,3.0150320916887168e-05
selection,3465,5.232647684594487e-05,3.739544601611734e-05,3.102206857825636e-05
selection,3466,4.472780675072313e-05,3.359833166352484e-05,1.9977853123178542e-05
selection,3467,5.554869161943293e-05,4.5146003429417724e-05,3.3377429849994584e-05
selection,3468,5.1775902134834315e-05,3.700833665823151e-05,3.186837217111891e-05
selection,3469,5.779366988324323e-05,4.715892525358329e-05,3.020513855462252e-05
selection,3470,5.1677404279131575e-05,4.08101065381168e-05,2.7840945753342544e-05
selection,3471,4.5584508407023596e-05,3.376371962579561e-05,1.946639846621125e-05
selection,3472,5.6600548222190456e-05,4.784188613358818e-05,3.0145025187690126e-05
selection,3473,4.338350798014075e-05,3.188495959782486e-05,2.24224818609219e-05
selection,3474,4.983341799643888e-05,3.949585811185257e-05,3.0071494279651812e-05
selection,3475,5.516280373948671e-05,4.403054602122848e-05,3.4925617400193784e-05
selection,3476,5.391903284581901e-05,3.945536277191732e-05,2.8116957832149366e-05
selection,3477,5.359790507827495e-05,4.0430014599997824e-05,2.720880427301147e-05
selection,3478,5.4779828547409134e-05,3.969829807099248e-05,2.742155342010039e-05
selection,3479,5.139339086954777e-05,3.92753585460888e-05,2.958690714926687e-05
selection,3480,5.1773681040381954e-05,4.188036193788099e-05,2.6747889149447212e-05
selection,3481,5.4579161029444235e-05,3.590100073099223e-05,3.150341929950341e-05
selection,3482,4.563205634067476e-05,2.986577436417158e-05,2.3406096826898173e-05
selection,3483,5.1539507453995215e-05,4.3168083976718826e-05,2.5440974658983127e-05
selection,3484,5.295254671953733e-05,4.364257736238607e-05,2.437766667875593e-05
selection,3485,4.57557406764535e-05,3.460205381983909e-05,1.83371653642429e-05
selection,3486,5.750988836232689e-05,4.6498162687929264e-05,3.117360434069733e-05
selection,3487,5.287718530852302e-05,4.103421214004105e-05,2.702830894462446e-05
selection,3488,5.077678372163285e-05,3.706858223219295e-05,3.2044965733927276e-05
selection,3489,5.1402779326164833e-05,3.862191273502744e-05,3.0137765327408367e-05
selection,3490,5.24886605270561e-05,4.1517022343868715e-05,2.6693790002068103e-05
selection,3491,4.496758237437974e-05,3.192381837457658e-05,2.165059825851072e-05
selection,3492,5.365183697730047e-05,4.197094215260674e-05,2.576785641714154e-05
selection,3493,5.0701964966085344e-05,3.8521717268686936e-05,3.057449355055422e-05
selection,3494,4.676963886417567e-05,3.190437876843142e-05,2.06793522941941e-05
selection,3495,5.3800968021659115e-05,4.0705252037988784e-05,2.690645633566734e-05
selection,3496,4.5742431101525046e-05,3.58585817623177e-05,1.7088822240599727e-05
selection,3497,5.367186231830248e-05,3.719965368304226e-05,3.063168228772959e-05
selection,3498,5.274282928948677e-05,3.919117145759085e-05,2.8861420550186665e-05
selection,3499,5.1020777935151894e-05,4.1396683966740105e-05,2.7569206914540406e-05
selection,3500,5.2036380931234e-05,4.248820884488963e-05,2.6026269853023378e-05
selection,3501,5.767403625041232e-05,4.3293185580687984e-05,3.4350767267039876e-05
selection,3502,5.4934947679669025e-05,4.545916994744148e-05,3.3388757487966706e-05
selection,3503,5.588063012616222e-05,4.810940134200133e-05,3.02471372668307e-05
selection,3504,5.491070598978709e-05,4.55587312224568e-05,3.331941791843456e-05
selection,3505,4.553373860210393e-05,3.1222950948630726e-05,2.209702629342277e-05
selection,3506,5.240636696393898e-05,4.0876578593801376e-05,2.7493332347166568e-05
selection,3507,4.271250621938633e-05,3.154803536482721e-05,2.3076692360171156e-05
selection,3508,5.718387820653075e-05,4.63513822908987e-05,3.14811995569637e-05
selection,3509,5.123640118330027e-05,4.120264146831873e-05,2.7661001527902643e-05
selection,3510,4.611954068963936e-05,3.349660999482906e-05,1.9294588846140436e-05
selection,3511,5.335870444381048e-05,4.107358060967308e-05,2.6664585940733556e-05
selection,3512,5.677372801625488e-05,4.6864360656281536e-05,3.113403783825838e-05
selection,3513,5.387053252056083e-05,4.074205066137582e-05,2.6693750374325637e-05
selection,3514,5.0716914307571304e-05,3.857784268750486e-05,3.0479429108320556e-05
selection,3515,5.250552088086568e-05,4.2641255717238265e-05,2.5524955701339422e-05
selection,3516,5.840859872139958e-05,4.840626464625292e-05,2.855462097355408e-05
selection,3517,4.659520159891698e-05,3.0074090787506053e-05,2.2718755971806888e-05
selection,3518,5.611806891198059e-05,4.767169613133721e-05,3.055669704008427e-05
selection,3519,4.591399319534642e-05,3.337817482748341e-05,1.935135611045714e-05
selection,3520,5.826418665620056e-05,4.579043990597131e-05,3.153245249167909e-05
selection,3521,5.684435675197128e-05,4.24846154246843e-05,3.5512521880540636e-05
selection,3522,5.6260503925178577e-05,4.680292545099361e-05,3.1291336305131654e-05
selection,3523,5.517165955882776e-05,4.7108324331560425e-05,3.1589636521729813e-05
selection,3524,5.3268977964932356e-05,3.9800135877370314e-05,2.816696859169284e-05
selection,3525,4.612305134649941e-05,3.129415547888351e-05,2.1687771511526656e-05
selection,3526,5.875238408967486e-05,4.6376748454873664e-05,3.061487089521622e-05
selection,3527,5.4885435178963395e-05,4.512413379156258e-05,3.3820982300582365e-05
selection,3528,4.5458460948384724e-05,2.6905190066379364e-05,2.6572777868908886e-05
selection,3529,5.009274790116193e-05,3.924056410480479e-05,3.0194098309951376e-05
selection,3530,4.809463664632273e-05,2.9345778367612342e-05,2.2866372721823082e-05
selection,3531,5.315735493996092e-05,4.2369762310879704e-05,2.5499232570779198e-05
selection,3532,5.670107655966778e-05,4.801321826783626e-05,2.9902613437780823e-05
selection,3533,5.482526429880875e-05,4.60246978536888e-05,3.2683069340418585e-05
selection,3534,5.5811920582984644e-05,4.417643833899299e-05,3.4287515234585295e-05
selection,3535,5.124047105557264e-05,3.9229646564978356e-05,2.9696434699785724e-05
selection,3536,5.392588084333718e-05,4.605723684725974e-05,3.330582436336838e-05
selection,3537,4.635644589666642e-05,3.2314600365279784e-05,2.0513548556621983e-05
selection,3538,5.062538135975278e-05,4.319449529316953e-05,2.5904116789915796e-05
selection,3539,5.313304573685528e-05,4.2338597694056025e-05,2.5535361341706314e-05
selection,3540,5.196147605556186e-05,4.041935821212176e-05,2.8123301511121475e-05
selection,3541,5.861577021542828e-05,4.197484735668627e-05,3.516301199573605e-05
selection,3542,5.357160343692693e-05,3.8199089897222395e-05,2.943724452990546e-05
selection,3543,5.276198352970363e-05,3.9595979308650526e-05,2.8454673920651586e-05
selection,3544,5.732613831659087e-05,4.401420784653814e-05,3.376329522753764e-05
selection,3545,5.2311751667909794e-05,3.981443550072492e-05,2.8697458821621897e-05
selection,3546,5.485819802911034e-05,4.7842391178396736e-05,3.0994703213356715e-05
selection,3547,4.643082752202961e-05,3.277264104621104e-05,2.0022151208550684e-05
selection,3548,5.5644358137306443e-05,4.6371566958536414e-05,3.216530099588116e-05
selection,3549,5.189120394296195e-05,4.1632700755754114e-05,2.683674253237417e-05
selection,3550,5.5165431103108335e-05,3.5244187579125786e-05,3.196613885657818e-05
selection,3551,5.2078425995879534e-05,4.0145942720945635e-05,2.8367857741481033e-05
selection,3552,4.389174599424111e-05,3.302620803175349e-05,2.0922131754616996e-05
selection,3553,4.70461128710669e-05,3.433445234119516e-05,1.808588091962613e-05
selection,3554,4.790601762003282e-05,2.9038414251560943e-05,2.3287462721605345e-05
selection,3555,5.73835631978307e-05,4.4623743658311786e-05,3.3107195466848274e-05
selection,3556,5.485946562900726e-05,4.07235811727493e-05,2.6438979338008767e-05
selection,3557,4.680451440875385e-05,3.099008442907874e-05,2.175412472166754e-05
selection,3558,4.487414865567662e-05,3.0468107478567726e-05,2.3162775186138766e-05
selection,3559,4.5655855829113594e-05,3.2257356099892784e-05,2.1005820666366392e-05
selection,3560,4.502794033725686e-05,3.20917763206835e-05,2.156031482595213e-05
selection,3561,4.564844071659928e-05,2.882078679473639e-05,2.44848838024239e-05
selection,3562,5.300083808004316e-05,3.917736530107922e-05,2.875539663273815e-05
selection,3563,5.633864647894351e-05,4.679172891899618e-05,3.138276419479232e-05
selection,3564,5.423691159822526e-05,4.557383283738446e-05,3.3664331085557673e-05
selection,3565,5.0833720151506034e-05,3.957899681278456e-05,2.948467875561608e-05
selection,3566,5.740656255768391e-05,4.484572107530892e-05,3.285733837289024e-05
selection,3567,4.7219272621640936e-05,2.998570776638135e-05,2.251897046794877e-05
selection,3568,5.6469042621788346e-05,4.611732751625691e-05,3.1940697785236164e-05
selection,3569,5.3590635539941265e-05,4.250881314792541e-05,2.5123295150453472e-05
selection,3570,5.625789133908726e-05,4.4749095884771465e-05,3.365209159788164e-05
selection,3571,5.081642506208844e-05,3.762509869049484e-05,3.15724661156099e-05
selection,3572,5.5362320792286834e-05,4.7925897668602814e-05,3.0706726206761095e-05
selection,3573,5.23830988209109e-05,4.2073324330750314e-05,2.614980256703342e-05
selection,3574,5.11499329870551e-05,3.804433740286576e-05,3.1154252374873224e-05
selection,3575,5.1668259826139906e-05,4.009524507631762e-05,2.861605676925123e-05
selection,3576,5.6523618943670385e-05,4.366316532038393e-05,3.432122758082249e-05
selection,3577,4.650769498123901e-05,3.0506845871253577e-05,2.2381354556721898e-05
selection,3578,5.1154259014689496e-05,3.70126294422241e-05,3.196502555320579e-05
selection,3579,5.408332084181298e-05,4.215757528733627e-05,2.523712131214066e-05
selection,3580,5.2438704446730036e-05,4.25714973690033e-05,2.5645283893692086e-05
selection,3581,5.735648763206124e-05,4.505794562741369e-05,3.2672831620852926e-05
selection,3582,4.574944240521341e-05,2.8918543878867293e-05,2.4458442733199377e-05
selection,3583,4.427002655931391e-05,3.184807735460614e-05,2.2048707513903902e-05
selection,3584,4.496922791495109e-05,2.9806196499009462e-05,2.3856077861483584e-05
selection,3585,4.8302922699464685e-05,3.4021695124235386e-05,1.7837031967049327e-05
selection,3586,4.5429953458785925e-05,3.2547051366594645e-05,2.083397285546965e-05
selection,3587,5.224670649399501e-05,3.986079213462212e-05,2.848234169059991e-05
selection,3588,5.480847523827137e-05,4.288454892116002e-05,3.6075553531929896e-05
selection,3589,5.512617957710898e-05,4.602260317120224e-05,3.273494921518999e-05
selection,3590,5.112232457154075e-05,4.013543595383896e-05,2.8823789046631095e-05
selection,3591,5.796223078325957e-05,4.622042979290012e-05,3.1075639489506e-05
selection,3592,5.414724841099524e-05,3.685701438700497e-05,3.078639730145149e-05
selection,3593,4.6776659954962384e-05,3.4551392532245574e-05,1.798171799102745e-05
selection,3594,5.0142656243908954e-05,3.873226909128631e-05,3.0647048564529764e-05
selection,3595,5.284366525546238e-05,3.996092865220758e-05,2.8158940010090072e-05
selection,3596,5.557685996924649e-05,4.7046498162079184e-05,3.151448512796937e-05
selection,3597,5.2223006316283886e-05,4.0908553587878055e-05,2.7548164739328015e-05
selection,3598,5.682227531905537e-05,4.700807771360384e-05,3.077256660278478e-05
selection,3599,4.516704786769577e-05,3.115096377417511e-05,2.235834994155435e-05
selection,3600,5.2053366503610045e-05,4.055725245687677e-05,2.797300621441441e-05
selection,3601,4.490951223231721e-05,3.213719833902603e-05,2.127331199377078e-05
selection,3602,5.1253361747151364e-05,4.019096668031324e-05,2.8718821972913076e-05
selection,3603,5.1955215256794214e-05,3.9961635643662637e-05,2.8566981241410777e-05
selection,3604,5.489533809225295e-05,4.269157082751648e-05,3.6201820163386954e-05
selection,3605,5.397472839808733e-05,4.0577333139759575e-05,2.6985443456106038e-05
selection,3606,5.1131522274585744e-05,4.221214114343717e-05,2.6539508439566942e-05
selection,3607,5.4923856897995034e-05,4.142385749487037e-05,2.5524481268417508e-05
selection,3608,4.6772888648836265e-05,3.311945335296991e-05,1.9605637391580626e-05
selection,3609,4.520923236074483e-05,3.0121007554126624e-05,2.336962309638984e-05
selection,3610,5.3933050220773754e-05,3.912591972470748e-05,2.838599402094739e-05
selection,3611,5.7647044049635344e-05,4.7310352274311385e-05,3.028775282147215e-05
selection,3612,5.54680917655889e-05,4.177732167172498e-05,2.487450572540014e-05
selection,3613,5.757332547477231e-05,4.389819723428851e-05,3.372210182917371e-05
selection,3614,5.6994279983276794e-05,4.5987034351750243e-05,3.1895534057903226e-05
selection,3615,5.152361802926524e-05,3.9932488946648065e-05,2.8852736398342693e-05
selection,3616,5.590054878954699e-05,4.57893589812943e-05,3.269387095679444e-05
selection,3617,5.135892511496559e-05,3.945645942647834e-05,2.9385110523446126e-05
selection,3618,5.0703501033375696e-05,3.817947213370771e-05,3.10095474824793e-05
selection,3619,4.6256089722217624e-05,3.087824646575616e-05,2.2115448975844046e-05
selection,3620,5.5369669229678426e-05,4.495570623324923e-05,3.380321308246201e-05
selection,3621,5.614071047215203e-05,4.57386732573593e-05,3.260088545011886e-05
selection,3622,5.235729311109033e-05,4.180869519870578e-05,2.6371631736556942e-05
selection,3623,5.528741277020926e-05,4.5553969456154686e-05,3.329531534480979e-05
selection,3624,5.28603796277677e-05,3.799136742262956e-05,3.0282949294811906e-05
selection,3625,4.729496345895162e-05,3.372705416220231e-05,1.8572363334517344e-05
selection,3626,5.001751627418416e-05,4.248949093609451e-05,2.6905731636875854e-05
selection,3627,5.340579584927981e-05,4.1237959172778426e-05,2.653333227153383e-05
selection,3628,5.6811146171338856e-05,4.4866888515798514e-05,3.310444716222553e-05
selection,3629,4.599071533390661e-05,3.363076575836729e-05,1.942939763924014e-05
selection,3630,5.554118627006854e-05,4.3911390725265605e-05,3.468963094153262e-05
selection,3631,5.464608302865784e-05,4.68469683772225e-05,3.206652771872107e-05
selection,3632,5.262903229865742e-05,4.125745866357291e-05,2.7019444213082994e-05
selection,3633,4.5028772392299686e-05,3.3167139083320845e-05,2.035889314908848e-05
selection,3634,5.703095684956392e-05,4.6646192869121465e-05,3.1136396920323264e-05
selection,3635,4.61157242134117e-05,2.8409785061141016e-05,2.47108875802933e-05
selection,3636,5.2202291911480095e-05,3.871723217577302e-05,2.9770308842115705e-05
selection,3637,5.359201324086039e-05,3.596346102913883e-05,3.18015185813117e-05
selection,3638,4.7055946851826046e-05,3.043853839598493e-05,2.2256349136750857e-05
selection,3639,4.45481652457214e-05,3.2081065424884884e-05,2.1703494166513067e-05
selection,3640,4.545193230381461e-05,3.0145490122185676e-05,2.3137878473906986e-05
selection,3641,5.57785744108531e-05,4.524661360223873e-05,3.323109288699757e-05
selection,3642,4.507111157705109e-05,2.9460475621363125e-05,2.4373288197672844e-05
selection,3643,5.3036666598092e-05,4.02863811005121e-05,2.7798726711725224e-05
selection,3644,4.7851197837037564e-05,3.168941805194923e-05,2.0496551037038087e-05
selection,3645,5.05436756664655e-05,3.936294478036088e-05,2.975779040260321e-05
selection,3646,4.6371909131550614e-05,3.226748192897251e-05,2.0638535207219195e-05
selection,3647,4.735687817138027e-05,3.163156331167534e-05,2.0786353834447216e-05
selection,3648,5.599597673119705e-05,4.554657742156464e-05,3.283600824445055e-05
selection,3649,5.2113972954093785e-05,4.171767163776434e-05,2.6774775202432104e-05
selection,3650,5.300950620991494e-05,3.887580086990547e-05,2.91244746192856e-05
selection,3651,4.545878173876852e-05,3.223456014921766e-05,2.1241323536727678e-05
selection,3652,5.7740494635478246e-05,4.505779823010704e-05,3.243737288603346e-05
selection,3653,5.264210987952003e-05,4.183783435815801e-05,2.623014149505283e-05
selection,3654,5.411642040283868e-05,4.1287627003244395e-05,2.5976548958826354e-05
selection,3655,5.2039242793805156e-05,3.969511872203274e-05,2.8744825647525817e-05
selection,3656,5.0925536766796644e-05,4.162154811521532e-05,2.729814309746206e-05
selection,3657,4.4362521611521276e-05,3.241365357167809e-05,2.141393322646312e-05
selection,3658,5.7277036767299506e-05,4.566920844601389e-05,3.20188644221805e-05
selection,3659,5.141315114878911e-05,3.920652664500574e-05,2.9707904463310266e-05
selection,3660,5.3148569319255225e-05,3.876560877737483e-05,2.9203402685493865e-05
selection,3661,4.632744686608131e-05,3.1474312126966983e-05,2.1489341232023195e-05
selection,3662,5.7667561954568926e-05,4.717257416296766e-05,3.0098460323359988e-05
selection,3663,5.4166116425032514e-05,3.8600615380385765e-05,2.881337497918246e-05
selection,3664,5.252532792661244e-05,4.0820306255025726e-05,2.743489052049592e-05
selection,3665,5.085569821900332e-05,4.2341433784200346e-05,2.6662734071888636e-05
selection,3666,5.1924277680263846e-05,4.205752658398233e-05,2.649178193618933e-05
selection,3667,5.7656736917707464e-05,4.430818938215528e-05,3.333113106246427e-05
selection,3668,5.098921197550414e-05,3.8209695977464584e-05,3.0781217667325945e-05
selection,3669,5.6116681049733796e-05,4.732356879977568e-05,3.098033280768055e-05
selection,3670,5.182457291103583e-05,3.838859465273001e-05,3.0245253439244752e-05
selection,3671,4.564675386947854e-05,3.269031643014405e-05,2.0581719841845665e-05
selection,3672,5.14627579356278e-05,4.136049631665142e-05,2.743884767026343e-05
selection,3673,4.292066615640305e-05,3.112083299207173e-05,2.354331204070356e-05
selection,3674,5.252151304495599e-05,3.86865662047952e-05,2.9484038569858154e-05
selection,3675,5.1162769739866745e-05,3.658898986898168e-05,3.2362819141643485e-05
selection,3676,4.6663868714835205e-05,3.197838320245852e-05,2.0869666463766827e-05
selection,3677,5.1268218700199265e-05,3.846609754754475e-05,3.0612206147492595e-05
selection,3678,5.554725649058726e-05,4.9151004869608085e-05,2.9254032298789587e-05
selection,3679,4.577487601288845e-05,3.247673451339746e-05,2.069697381608948e-05
selection,3680,4.810879260128125e-05,2.853608078073632e-05,2.360521146012768e-05
selection,3681,4.4591066492788394e-05,3.26759756832956e-05,2.1072756924877415e-05
selection,3682,5.1988578785523e-05,4.128137283662265e-05,2.719951010265e-05
selection,3683,5.535017107264145e-05,3.9446695727414036e-05,2.7416047498854147e-05
selection,3684,5.255795980455184e-05,3.828551925238753e-05,3.007728993628823e-05
selection,3685,5.4125151121057584e-05,4.209665681408857e-05,2.547761777587427e-05
selection,3686,5.4399222939214106e-05,3.995382330378953e-05,2.7448488910288176e-05
selection,3687,5.311033891010015e-05,3.8905993516042406e-05,2.8982230519713305e-05
selection,3688,5.317724028303306e-05,3.8371068173526146e-05,2.9495213037127847e-05
selection,3689,4.5379747654663014e-05,3.116087955587704e-05,2.219359640612389e-05
selection,3690,5.0047883158674613e-05,4.2205065144214154e-05,2.715599230858149e-05
selection,3691,5.147475255868781e-05,3.595015696469792e-05,3.306474655077025e-05
selection,3692,5.461978079308773e-05,4.486257227119036e-05,3.4239032050209785e-05
selection,3693,4.5868108097405656e-05,3.107563916117086e-05,2.2194285355261276e-05
selection,3694,5.097688385699577e-05,4.2147425079951674e-05,2.6850157547668527e-05
selection,3695,5.371402478381569e-05,4.372749687878887e-05,2.3683240090677886e-05
selection,3696,5.6935465753343156e-05,4.5053207349966993e-05,3.2851982812903226e-05
selection,3697,5.225124187388609e-05,4.0439408120626416e-05,2.789740223188458e-05
selection,3698,4.589863723794364e-05,3.3127885870100545e-05,1.9993072193560554e-05
selection,3699,5.1324244145485924e-05,3.9604298492914273e-05,2.9260150432398198e-05
selection,3700,5.745931793190435e-05,4.8143373572966604e-05,2.926677418914567e-05
selection,3701,4.4099619521895846e-05,3.411447865987296e-05,1.983952903772266e-05
selection,3702,4.592861579235563e-05,3.293767377692807e-05,2.0218393813141906e-05
selection,3703,5.607940083464594e-05,4.547609501263121e-05,3.280572479704671e-05
selection,3704,5.340966223904507e-05,3.876799905649361e-05,2.8919471144234936e-05
selection,3705,5.114058271811305e-05,4.0488297286134264e-05,2.8443824047838387e-05
selection,3706,5.373800796066758e-05,4.7595374643296855e-05,3.164432785401924e-05
selection,3707,5.8183111427297926e-05,4.934739161435469e-05,2.7638590558747102e-05
selection,3708,4.488191229872503e-05,2.8560495803273347e-05,2.5296095789756403e-05
selection,3709,5.7112689948628115e-05,4.433097123909244e-05,3.353357672204381e-05
selection,3710,5.596670975604726e-05,4.700602663591033e-05,3.1319821930254174e-05
selection,3711,4.581253633501558e-05,2.9383643653690737e-05,2.3870863962628002e-05
selection,3712,5.3159209062197814e-05,3.8581946128382605e-05,2.947652626048685e-05
selection,3713,4.802540385893553e-05,3.2105701278131247e-05,1.985478615406481e-05
selection,3714,5.539172610686863e-05,4.597084635725141e-05,3.266506045614261e-05
selection,3715,4.812348510246212e-05,3.223773233084955e-05,1.958420548185012e-05
selection,3716,5.250892327974365e-05,4.0629106255808026e-05,2.76906822032268e-05
selection,3717,4.678531490239147e-05,3.5816046304683616e-05,1.655861806636113e-05
selection,3718,5.064137295383019e-05,4.0013067344675394e-05,2.9117728647045782e-05
selection,3719,4.616176342191259e-05,3.0083252018805123e-05,2.3076308461736494e-05
selection,3720,4.5579641629485944e-05,3.045028013615538e-05,2.2891405810559085e-05
selection,3721,5.709926708041074e-05,4.3940383667355186e-05,3.384005199186282e-05
selection,3722,4.639816895386674e-05,3.225488202423447e-05,2.0771256202108843e-05
selection,3723,5.3093982532572814e-05,3.9238597959971834e-05,2.881010133708071e-05
selection,3724,5.721561226117941e-05,4.397860884014237e-05,3.3809804269672665e-05
selection,3725,4.384006378933304e-05,3.035731529309915e-05,2.3775309359148208e-05
selection,3726,4.799292332483836e-05,3.2131804100594616e-05,1.97648330609297e-05
selection,3727,5.77496970355354e-05,4.918748792567249e-05,2.7909570084440687e-05
selection,3728,4.588696766849582e-05,3.0159681164191516e-05,2.3028795843168402e-05
selection,3729,4.5158255785210216e-05,3.292679780266679e-05,2.0543102982088182e-05
selection,3730,5.109729971730878e-05,4.4180792191786806e-05,2.4601975994831232e-05
selection,3731,4.4713909054866224e-05,3.2154757484819584e-05,2.155772217538549e-05
selection,3732,5.704643864076649e-05,4.073350564668574e-05,3.7247868915262676e-05
selection,3733,5.3153015908169046e-05,3.7891619647691434e-05,3.018034376791923e-05
selection,3734,5.100523965602942e-05,4.033010248871011e-05,2.8880953240277763e-05
selection,3735,5.580210522076044e-05,4.691437594602166e-05,3.127146641682896e-05
selection,3736,4.524663177521592e-05,2.9874824532559944e-05,2.3645742136590525e-05
selection,3737,5.4961819891461125e-05,4.427489964157317e-05,3.4611872715052756e-05
selection,3738,5.725782479986441e-05,4.368815905683178e-05,3.4152312411228934e-05
selection,3739,5.227725889871922e-05,4.2909180149716066e-05,2.546333017152364e-05
selection,3740,4.619622384836598e-05,3.351318786535209e-05,1.947180967005462e-05
selection,3741,5.231564190118478e-05,4.30079508120651e-05,2.5255924426360294e-05
selection,3742,5.5659764707460024e-05,4.7028663280323885e-05,3.148944511825593e-05
selection,3743,5.000443962927086e-05,4.069239822659642e-05,2.8744136926002618e-05
selection,3744,5.6103477389937336e-05,4.3562169571643105e-05,3.473899840416842e-05
selection,3745,4.704027168949943e-05,3.0261700433380872e-05,2.2433530348345972e-05
selection,3746,5.278156724010969e-05,4.209051075885019e-05,2.5807643643140148e-05
selection,3747,5.3376842972423444e-05,4.173531846711237e-05,2.6083418173238357e-05
selection,3748,4.607612464039114e-05,3.494589318956703e-05,1.798168200962839e-05
selection,3749,5.640106446179442e-05,4.8050508285968425e-05,3.002163581604296e-05
selection,3750,4.6120259593302785e-05,2.8988401047145313e-05,2.412594812157797e-05
selection,3751,5.386562622206668e-05,4.151499006764275e-05,2.6082672766958735e-05
selection,3752,5.249218924092677e-05,4.1517747501359776e-05,2.6735860272687454e-05
selection,3753,5.386918466725249e-05,4.442395426254894e-05,2.2974064824420284e-05
selection,3754,4.495235618371839e-05,3.129989580597128e-05,2.2257444412411873e-05
selection,3755,5.338663697808837e-05,4.008806646188146e-05,2.7826209282686983e-05
selection,3756,4.708811586419482e-05,3.074494564453743e-05,2.1907059707244468e-05
selection,3757,4.696196927658181e-05,3.082298507865052e-05,2.1777074990461874e-05
selection,3758,4.527610231605015e-05,3.4542628276342324e-05,1.8773377718797403e-05
selection,3759,5.53616822719356e-05,4.4363749491537445e-05,3.430004893096864e-05
selection,3760,5.157255943317919e-05,4.2166080920778774e-05,2.64542431487421e-05
selection,3761,5.600052715719238e-05,4.495880917001013e-05,3.342595997280703e-05
selection,3762,4.6195614431362784e-05,3.395410648243066e-05,1.886279077518069e-05
selection,3763,5.312153310121422e-05,4.266901280928627e-05,2.529664165419612e-05
selection,3764,5.276395464344774e-05,4.081241965905787e-05,2.736621492770567e-05
selection,3765,4.7488388370916586e-05,2.868683578136115e-05,2.3642260478624335e-05
selection,3766,5.394944292855662e-05,3.903519793949879e-05,2.8395600019649287e-05
selection,3767,5.8171627578822625e-05,4.413564384359765e-05,3.29185462941401e-05
selection,3768,5.461719361531102e-05,4.6240688549298366e-05,3.283507387147488e-05
selection,3769,4.7655537146212665e-05,3.1246276643938936e-05,2.0965305448646665e-05
selection,3770,5.7738710677382606e-05,4.529665046224224e-05,3.209471390166384e-05
selection,3771,5.3373614448020505e-05,3.840223818409355e-05,2.9560462360678998e-05
selection,3772,5.176725332231075e-05,3.7437550919185774e-05,3.12382414597074e-05
selection,3773,5.2974162709757293e-05,3.909453488453272e-05,2.9029322030113028e-05
selection,3774,4.653425877905224e-05,3.0400196811790352e-05,2.2471255922124857e-05
selection,3775,5.32738641182995e-05,4.107470066691953e-05,2.6838323225966316e-05
selection,3776,4.718558747994696e-05,3.12529498267722e-05,2.1159543416084238e-05
selection,3777,5.554823043446528e-05,4.8878710449881944e-05,2.9653547616815784e-05
selection,3778,4.421185918531092e-05,3.090867065044798e-05,2.3095115489825858e-05
selection,3779,4.6462396772147645e-05,3.073723628682503e-05,2.2158080672917352e-05
selection,3780,5.3683339937563823e-05,3.904828244867281e-05,2.8744412512363354e-05
selection,3781,4.568696989204579e-05,3.0237692993015703e-05,2.3006508672450135e-05
selection,3782,5.743116516503801e-05,4.48182662573509e-05,3.2864215101198256e-05
selection,3783,5.1579292682785026e-05,3.8616671179855364e-05,3.023079714870322e-05
selection,3784,5.675265785497427e-05,4.4016700882952384e-05,3.403560860694453e-05
selection,3785,5.23002981740842e-05,3.8391025528039344e-05,3.0060369446044887e-05
selection,3786,5.422728980940384e-05,4.854568225988062e-05,3.056122552938039e-05
selection,3787,4.7638558509855043e-05,3.2592321530740945e-05,1.9775009587481264e-05
selection,3788,5.5915475097159357e-05,4.872525559062945e-05,2.9372054185715925e-05
selection,3789,5.172126180885398e-05,3.542116606188998e-05,3.3531859089492213e-05
selection,3790,5.2396956007398046e-05,3.961470711617889e-05,2.8657123207026867e-05
selection,3791,5.591095325799469e-05,4.25897586548264e-05,3.5855361527458755e-05
selection,3792,5.5499793151418104e-05,4.011589715091396e-05,2.6771241602922163e-05
selection,3793,6.018665101798293e-05,4.470310253530264e-05,3.142762186134025e-05
selection,3794,5.621539182617965e-05,4.783232433035104e-05,3.029735084131307e-05
selection,3795,5.432154328737192e-05,3.9970466904064163e-05,2.729422293916334e-05
selection,3796,4.503808642417001e-05,2.9941835616994724e-05,2.360191364529541e-05
selection,3797,5.792322518259185e-05,4.017312637474321e-05,3.7290093426203796e-05
selection,3798,5.401670030335462e-05,4.185006418560729e-05,2.5744041652531094e-05
selection,3799,5.240158689930325e-05,4.1198241098156834e-05,2.7155422545840443e-05
selection,3800,5.32336918887966e-05,3.961594967330944e-05,2.8341906227690385e-05
selection,3801,5.6618907943629716e-05,4.5697499895629855e-05,3.233598448420873e-05
selection,3802,5.690837794813689e-05,4.7214908685730474e-05,3.067970087214503e-05
selection,3803,5.144019893149527e-05,4.1902632121057876e-05,2.685693320264745e-05
selection,3804,4.560974696300522e-05,3.100132597486159e-05,2.2456890946607458e-05
selection,3805,5.3863341783224e-05,4.054461669921383e-05,2.7026406933898947e-05
selection,3806,5.2076819166328846e-05,4.138956927392489e-05,2.716838275346181e-05
selection,3807,5.458553763715561e-05,4.200190241864817e-05,2.504293153443903e-05
selection,3808,4.6562621006876035e-05,2.8397212028036566e-05,2.4512218082957873e-05
selection,3809,4.5618989383165885e-05,3.3369223594967186e-05,1.9929062890285866e-05
selection,3810,5.3725687134984604e-05,4.090984250511471e-05,2.6693349176204772e-05
selection,3811,5.032825569519277e-05,4.062466017013671e-05,2.8666286691068793e-05
selection,3812,5.2845421196327415e-05,4.066865185743574e-05,2.7401194062345113e-05
selection,3813,4.63014749239759e-05,3.2027953479300915e-05,2.093003611142004e-05
selection,3814,5.766840236687012e-05,4.6189807351746784e-05,3.123654518103368e-05
selection,3815,5.267910146829703e-05,4.0817925487413837e-05,2.743144546601986e-05
selection,3816,5.171208971829255e-05,4.294762115509171e-05,2.5649431145158395e-05
selection,3817,5.272619658917557e-05,3.89368369873148e-05,2.9208767307414044e-05
selection,3818,4.755611878215647e-05,3.1468498549061976e-05,2.0921019442058056e-05
selection,3819,5.2549363196519586e-05,4.69589504679482e-05,3.2909581323188886e-05
selection,3820,5.043601413259075e-05,4.074506541367841e-05,2.8591724100454982e-05
selection,3821,4.479215645272676e-05,3.289635266841735e-05,2.0741211249848964e-05
selection,3822,5.379067192718724e-05,3.830609864941894e-05,2.9464202651408893e-05
selection,3823,5.5330379313906545e-05,4.515588317627258e-05,3.347116455416304e-05
selection,3824,5.618970432359449e-05,3.7386735395604646e-05,2.914171617672431e-05
selection,3825,5.4401404665774674e-05,4.1253137397801517e-05,2.6019018370001625e-05
selection,3826,4.3097423661440434e-05,3.1726083604515374e-05,2.2659760854087556e-05
selection,3827,5.2563648263631237e-05,4.040987921665371e-05,2.7892816554137227e-05
selection,3828,4.713720797814678e-05,3.3134008525116294e-05,1.9183023197440258e-05
selection,3829,4.641399727000716e-05,3.185395899477443e-05,2.0999339353758066e-05
selection,3830,5.261142900264494e-05,3.832830972498508e-05,2.9895670974641985e-05
selection,3831,4.59737483971621e-05,2.9707925307405044e-05,2.3334425963168588e-05
selection,3832,4.6814487311347534e-05,3.286106091744325e-05,1.9761492527884467e-05
selection,3833,5.195086656692525e-05,4.257285000818889e-05,2.5924583662072244e-05
selection,3834,4.466404143850572e-05,3.079705352130146e-05,2.2845845364457603e-05
selection,3835,5.605977286563614e-05,4.597273819866032e-05,3.236331497942915e-05
selection,3836,5.5359058526045145e-05,4.64333052090846e-05,3.2187890119432245e-05
selection,3837,5.5609905017793666e-05,4.6746820023836286e-05,3.174496544751333e-05
selection,3838,5.357544375089431e-05,3.833217483190421e-05,2.9380029731766938e-05
selection,3839,5.1485507285418546e-05,3.997811731958939e-05,2.8846949315184697e-05
selection,3840,5.330649734594798e-05,3.906955178250515e-05,2.879906393824718e-05
selection,3841,5.203922008772794e-05,3.822503430715552e-05,3.0220143443691714e-05
selection,3842,4.6536876635461606e-05,2.9863019906389154e-05,2.30712738885712e-05
selection,3843,5.846699310938549e-05,4.1539964208075365e-05,3.571836495142176e-05
selection,3844,5.0083712526497285e-05,4.2412437656156744e-05,2.685726455683983e-05
selection,3845,5.263510408875297e-05,4.0960224304251626e-05,2.709766722462517e-05
selection,3846,5.2148286395422165e-05,4.173643256813455e-05,2.674121269464963e-05
selection,3847,4.581877241426376e-05,3.0499895652488435e-05,2.2714010034564135e-05
selection,3848,5.798000023714072e-05,4.780869012087927e-05,2.9436390560705227e-05
selection,3849,5.266664293630582e-05,4.039252126371594e-05,2.7879689706529358e-05
selection,3850,4.702872155519563e-05,3.091068854675451e-05,2.175249302480387e-05
selection,3851,5.419290286338186e-05,4.014489404126491e-05,2.7233050835041788e-05
selection,3852,5.2563585455575774e-05,4.081134047992492e-05,2.7290144932930635e-05
selection,3853,5.7815359249115734e-05,4.4153674294802925e-05,3.3388049429438013e-05
selection,3854,5.600974088120005e-05,4.465530742961706e-05,3.373259689135045e-05
selection,3855,5.555865124562875e-05,4.6616765317166305e-05,3.1716412449497976e-05
selection,3856,5.169606504781712e-05,4.3577270675055055e-05,2.502202578515428e-05
selection,3857,4.825847006319429e-05,3.158039693380953e-05,2.0282167112299882e-05
selection,3858,5.6489029633309106e-05,4.7243616858041895e-05,3.0861977932398765e-05
selection,3859,4.398659857103893e-05,3.268853129652076e-05,2.1308498288764186e-05
selection,3860,5.4095460811619084e-05,4.214069487726288e-05,2.5104576988125327e-05
selection,3861,5.683093597849439e-05,4.4871023892805795e-05,3.3096247173496775e-05
selection,3862,5.451672750970075e-05,3.911703465457933e-05,2.821775414315484e-05
selection,3863,5.5743378582253564e-05,4.3373306747426796e-05,3.495788718330655e-05
selection,3864,5.62086238388112e-05,4.319476761354691e-05,3.5107641778401935e-05
selection,3865,5.280597555821712e-05,3.890241958029668e-05,2.9315186080213527e-05
selection,3866,4.6651401071206477e-05,3.085605959275709e-05,2.196519008765962e-05
selection,3867,5.404703491302183e-05,4.205522167964268e-05,2.545941412988469e-05
selection,3868,5.88994033834926e-05,4.566077322009127e-05,3.1285113184804244e-05
selection,3869,4.481875043688719e-05,3.1740667637680334e-05,2.1803455717999017e-05
selection,3870,5.4324022321439534e-05,4.086904631034041e-05,2.644179915857836e-05
selection,3871,5.518310137462305e-05,4.575693512235395e-05,3.3043104998332e-05
selection,3872,5.612136192642869e-05,4.790109358842194e-05,3.02674318338581e-05
selection,3873,4.643574806630074e-05,3.0476771490148954e-05,2.2439657938335154e-05
selection,3874,5.341564036334388e-05,3.959419311631147e-05,2.834583789040852e-05
selection,3875,5.303211926535375e-05,4.048655093982629e-05,2.7505118718019985e-05
selection,3876,4.742347060368675e-05,3.181923837047213e-05,2.055156530565648e-05
selection,3877,5.3624128034731356e-05,4.0757104202346624e-05,2.7026717188388726e-05
selection,3878,5.05476115863367e-05,3.921510046298978e-05,3.020434607128703e-05
selection,3879,5.8097856285885544e-05,4.407607657731667e-05,3.337262191000332e-05
selection,3880,5.694253358459283e-05,4.039038795005235e-05,3.763850133941265e-05
selection,3881,5.1367117830906935e-05,4.071195599973771e-05,2.8080318929180024e-05
selection,3882,5.30802840002523e-05,4.097181759188e-05,2.6958541209484656e-05
selection,3883,5.302066105330055e-05,3.91696181003398e-05,2.8911282939070815e-05
selection,3884,5.589777778188064e-05,4.385933137612079e-05,3.456088435826921e-05
selection,3885,5.53995559818488e-05,4.018548177577168e-05,2.676346345778135e-05
selection,3886,4.4540937405636964e-05,3.240102405528595e-05,2.1376642138394846e-05
selection,3887,5.194095323318978e-05,4.3027635438366205e-05,2.540755314484154e-05
selection,3888,5.1501690170416904e-05,4.137247981394409e-05,2.7462284454929628e-05
selection,3889,5.515747494778188e-05,4.604298264780123e-05,3.28675318849029e-05
selection,3890,4.6549110552259504e-05,3.388432888119137e-05,1.8696360885209508e-05
selection,3891,5.6192033958281235e-05,4.894301016341042e-05,2.9016365841968764e-05
selection,3892,5.219081003520735e-05,4.0249938481373065e-05,2.816744237636287e-05
selection,3893,5.6161760464015245e-05,4.620843947020036e-05,3.20290084524081e-05
selection,3894,4.8350691809824504e-05,3.001003400932678e-05,2.1990134299546965e-05
selection,3895,4.647616954609168e-05,3.3309359134079526e-05,1.938592023411009e-05
selection,3896,5.581446925892733e-05,4.87270378100034e-05,2.9559875959570442e-05
selection,3897,5.550578672094149e-05,4.4982551717616265e-05,3.363378328159779e-05
selection,3898,4.559641575767473e-05,3.3301205019737175e-05,1.9987876989624025e-05
selection,3899,5.2799441623556376e-05,3.964995519765909e-05,2.843796113239556e-05
selection,3900,5.653850609114541e-05,4.689055692800725e-05,3.101506548857921e-05
selection,3901,4.5035328638727626e-05,2.844265813007908e-05,2.5040102643779558e-05
selection,3902,4.716181872572935e-05,3.2010349824980236e-05,2.0476984990657545e-05
selection,3903,4.7393957157083916e-05,3.132866900660418e-05,2.1162354499495404e-05
selection,3904,5.533666054645162e-05,4.52737962840888e-05,3.3382982934516536e-05
selection,3905,4.735132243778477e-05,3.3839754923240774e-05,1.8461535618147516e-05
selection,3906,4.6519584307406794e-05,2.8839499838406572e-05,2.4048087921072e-05
selection,3907,5.749170720564737e-05,5.0551709063899316e-05,2.6674338740378482e-05
selection,3908,4.8247643811595053e-05,2.7101038784148697e-05,2.508161158398832e-05
selection,3909,5.2821151852013665e-05,3.8872123720571734e-05,2.930977502600759e-05
selection,3910,5.194536330407424e-05,4.1621222963332984e-05,2.6851025249359164e-05
selection,3911,5.4431092708940034e-05,3.836138123714342e-05,2.9031590796534548e-05
selection,3912,4.5857524030378896e-05,3.507770311969624e-05,1.787186617132745e-05
selection,3913,4.755822850293561e-05,3.204784691515682e-05,2.0367923299697053e-05
selection,3914,4.799931977938334e-05,3.38095452225375e-05,1.806084898340995e-05
selection,3915,5.743462807256813e-05,4.806104058536368e-05,2.927714503511902e-05
selection,3916,4.6126217132259376e-05,3.0306970185134837e-05,2.2798058484169362e-05
selection,3917,5.7129960553738297e-05,4.169264841865023e-05,3.60394589578302e-05
selection,3918,5.1479186256065075e-05,4.09947849725778e-05,2.7727199420056857e-05
selection,3919,5.5487322456893116e-05,4.750465389825476e-05,3.0968083436136607e-05
selection,3920,5.734214945867708e-05,4.3218951460650066e-05,3.4481549287896245e-05
selection,3921,4.827983094002524e-05,2.8327756411843394e-05,2.3829105519797413e-05
selection,3922,5.3419202272372223e-05,3.919013396445787e-05,2.8731144671114603e-05
selection,3923,4.4834611009594663e-05,3.19100148413423e-05,2.1742587276013142e-05
selection,3924,5.7524247951154034e-05,4.5992515180498186e-05,3.168747609487944e-05
selection,3925,4.520606780518446e-05,3.20616651175404e-05,2.1418331161297563e-05
selection,3926,5.682580333435861e-05,4.763270406290298e-05,3.0216251406048296e-05
selection,3927,5.7499784127394735e-05,4.837356223083779e-05,2.9259394224736818e-05
selection,3928,5.177074025338228e-05,3.928836994125837e-05,2.947214929612354e-05
selection,3929,4.596106811824367e-05,3.2088945050029534e-05,2.1046493201950188e-05
selection,3930,5.30583558860068e-05,3.852798265875775e-05,2.9583786564340442e-05
selection,3931,5.233863941595307e-05,3.771026453991595e-05,3.0730953474204415e-05
selection,3932,5.9126916490667337e-05,3.9980714041878664e-05,3.711212566475031e-05
selection,3933,5.344235260296395e-05,4.2488913434402976e-05,2.5209733531987496e-05
selection,3934,5.101292606838331e-05,4.191935639603256e-05,2.7151565339187293e-05
selection,3935,5.285264368496595e-05,3.783327185196578e-05,3.0353381773434655e-05
selection,3936,5.62540359001903e-05,4.815858808723052e-05,2.9950161678360952e-05
selection,3937,5.6623056455401155e-05,4.660263996217681e-05,3.1344638324011944e-05
selection,3938,4.5823242190160706e-05,3.232912175681836e-05,2.0839126811424573e-05
selection,3939,5.2024458808150504e-05,3.900960887751942e-05,2.957061233527939e-05
selection,3940,5.509653456085342e-05,4.6880780977701934e-05,3.186173010668638e-05
selection,3941,4.698857005474818e-05,3.127288189196659e-05,2.1265438946738512e-05
selection,3942,5.80060411652379e-05,4.5006041416156206e-05,3.2367484126986076e-05
selection,3943,5.2406422214798015e-05,4.0556877678043466e-05,2.7794570003110242e-05
selection,3944,5.580354124528532e-05,4.580275687203144e-05,3.2752099228820027e-05
selection,3945,5.552905616487189e-05,4.6949109419927404e-05,3.131927757072912e-05
selection,3946,5.669546064640834e-05,4.5956996821438515e-05,3.2092048508642616e-05
selection,3947,5.902749465736005e-05,4.467586464206756e-05,3.215150810832073e-05
selection,3948,5.6407490573377186e-05,4.502957564202515e-05,3.312069250337939e-05
selection,3949,5.629400543800254e-05,4.719138406942285e-05,3.099104219167475e-05
selection,3950,4.634440402634566e-05,3.281885475212083e-05,2.0076677308583546e-05
selection,3951,5.254854887559485e-05,4.5424930635271405e-05,2.252721159319363e-05
selection,3952,4.510654535857264e-05,3.105502037928938e-05,2.2479703407481963e-05
selection,3953,5.614155880806994e-05,4.3219595900526766e-05,3.510270606268628e-05
selection,3954,4.543685010442907e-05,3.097581304957328e-05,2.2197019111997715e-05
selection,3955,5.18283804365903e-05,3.962151788778164e-05,2.8992612244681676e-05
selection,3956,5.444179671116633e-05,3.901613189154855e-05,2.8282666973990884e-05
selection,3957,5.241308481882662e-05,4.050261119469309e-05,2.7948759215897203e-05
selection,3958,5.2271468915789026e-05,4.1299001341667085e-05,2.7133334281861983e-05
selection,3959,4.8763543188587345e-05,2.955690461201355e-05,2.2270333948586112e-05
selection,3960,4.393634803487764e-05,3.280316961208922e-05,2.1149036052487222e-05
selection,3961,4.7531492295130845e-05,3.3062623082192974e-05,1.916604836870635e-05
selection,3962,5.531722432472009e-05,4.908916955409961e-05,2.93113191163833e-05
selection,3963,5.1805447876295664e-05,4.104185890271643e-05,2.753002639393887e-05
selection,3964,5.373690005300257e-05,3.76680569556638e-05,3.0228468511072253e-05
selection,3965,4.654799380227094e-05,3.16423490797571e-05,2.123499578700879e-05
selection,3966,4.612749729018449e-05,3.237233540858248e-05,2.0650779854955848e-05
selection,3967,5.433756428054718e-05,4.307288323827089e-05,2.4287518108866868e-05
selection,3968,4.4620017083315424e-05,3.311776844483596e-05,2.056740736710582e-05
selection,3969,5.1389059029070015e-05,4.066250306960849e-05,2.8120553206498726e-05
selection,3970,5.723478121358994e-05,4.475919495970907e-05,3.306335359746491e-05
selection,3971,5.590348864563789e-05,4.79222589359073e-05,3.0348053836685552e-05
selection,3972,5.3325690403582505e-05,3.809819935072592e-05,2.9907492182008288e-05
selection,3973,5.2825637657237976e-05,4.121372265587201e-05,2.668928650095636e-05
selection,3974,5.3534944938693806e-05,4.5341696572493254e-05,3.414554635872312e-05
selection,3975,5.198515032045505e-05,4.0586496154937645e-05,2.795531426188028e-05
selection,3976,4.787012554338549e-05,2.8614530907042464e-05,2.3667751055932472e-05
selection,3977,4.6666923226557774e-05,3.3055842915248445e-05,1.9698006954093222e-05
selection,3978,5.854742330843399e-05,4.6609528373298965e-05,3.0410559016220773e-05
selection,3979,4.751768352798068e-05,3.199662685188249e-05,2.0446211792895972e-05
selection,3980,4.568345205729102e-05,3.1967710646689885e-05,2.1277511741755498e-05
selection,3981,5.137058732646859e-05,3.753152016497014e-05,3.136704659067871e-05
selection,3982,5.646758247206358e-05,4.539034985489865e-05,3.2433270322959674e-05
selection,3983,4.653522234114496e-05,3.384339147489893e-05,1.890716068599513e-05
selection,3984,5.5937418602267e-05,4.623371920216113e-05,3.2120194165662156e-05
selection,3985,5.159835860310217e-05,3.805692336760239e-05,3.0679412532644264e-05
selection,3986,5.6081084941146145e-05,4.774466095407935e-05,3.0441009515355113e-05
selection,3987,5.40987253678323e-05,4.4436678224009024e-05,3.4883509368360124e-05
selection,3988,5.172388277066711e-05,4.193306143050258e-05,2.6537577039822033e-05
selection,3989,5.596032836119034e-05,4.351623792471945e-05,3.485493701442402e-05
selection,3990,5.2524732119733084e-05,3.952125101129624e-05,2.8915156937378264e-05
selection,3991,5.62182775410665e-05,4.3677108862409554e-05,3.460969072672136e-05
selection,3992,5.1554373430555685e-05,4.150461259633526e-05,2.721955122276647e-05
selection,3993,5.192391726794552e-05,4.195688095071894e-05,2.663376458384124e-05
selection,3994,5.4988071650277396e-05,3.887335425386886e-05,2.8422478845042502e-05
selection,3995,5.453428070960274e-05,4.7966903955363526e-05,3.093144322905207e-05
selection,3996,5.627523179964002e-05,4.286904550733783e-05,3.5417732960430465e-05
selection,3997,5.4910734282651936e-05,4.787504144853271e-05,3.096646255171255e-05
selection,3998,5.548309798314203e-05,4.755917966911927e-05,3.090529685378151e-05
selection,3999,4.336160121587626e-05,2.9399810484269254e-05,2.5138987088533045e-05
selection,4000,5.835523606428771e-05,4.35921282297414e-05,3.3551075706007955e-05
selection,4001,4.52338020230702e-05,3.3701907875262085e-05,1.9753300995565832e-05
selection,4002,5.196515995611301e-05,4.008477647968775e-05,2.8376269244437127e-05
selection,4003,5.507146191127102e-05,4.385191688388931e-05,3.4835611527922126e-05
selection,4004,4.441335482825414e-05,3.1321119590496164e-05,2.2532349776051242e-05
selection,4005,5.720240686735517e-05,4.753897033388269e-05,3.0239998357122646e-05
selection,4006,5.641006497979153e-05,4.818739933829895e-05,2.9917830282151058e-05
selection,4007,5.162501935827977e-05,4.0723072302917976e-05,2.801245207775441e-05
selection,4008,5.380377793661131e-05,3.705484734822149e-05,3.062793278341714e-05
selection,4009,5.566894778704901e-05,4.609340536234116e-05,3.245563606097383e-05
selection,4010,5.20793552605001e-05,4.2193607339334525e-05,2.6284541849882082e-05
selection,4011,5.916430078522654e-05,4.582350960563501e-05,3.110307725522032e-05
selection,4012,5.63321106618564e-05,4.608004842322133e-05,3.1954027716450845e-05
selection,4013,4.821769775164195e-05,2.662133058065928e-05,2.5578043197866228e-05
selection,4014,4.3977017578825015e-05,3.3996796052959456e-05,1.9977650507687324e-05
selection,4015,4.735475040906853e-05,2.781701235799378e-05,2.472431357317788e-05
selection,4016,5.6087577174653144e-05,4.7765101570094506e-05,3.0487852790847092e-05
selection,4017,5.5434150096140064e-05,4.466095617752732e-05,3.405164264776117e-05
selection,4018,5.6680921710191406e-05,4.308660933765517e-05,3.5005876453570765e-05
selection,4019,5.251641941952643e-05,4.31591304226484e-05,2.4928394974809663e-05
selection,4020,5.463855197665145e-05,4.440122330559713e-05,3.460692537392221e-05
selection,4021,5.242676325153995e-05,3.896030711848094e-05,2.942943491273358e-05
selection,4022,5.3084087741801565e-05,4.3009158454241055e-05,2.4662967768187e-05
selection,4023,5.67675206883776e-05,4.575977030727343e-05,3.212311611557732e-05
selection,4024,5.396976999948126e-05,4.2906134163440054e-05,2.4378768591245155e-05
selection,4025,5.3484231022462226e-05,3.7559389422098576e-05,3.0361323922481946e-05
selection,4026,5.416002656412879e-05,4.58930071606015e-05,3.3324131911789856e-05
selection,4027,5.565715461267471e-05,4.757491010564706e-05,3.089894030952714e-05
selection,4028,4.691970503636569e-05,2.9369051088239802e-05,2.3425447357272856e-05
selection,4029,5.223896838150287e-05,4.024977333487663e-05,2.8113329873518743e-05
selection,4030,5.749394945042943e-05,4.391675727353487e-05,3.37892121095065e-05
selection,4031,4.4436646535848363e-05,3.359495478203847e-05,2.0187082578200417e-05
selection,4032,5.709551588915482e-05,4.4044994099297584e-05,3.3677329044623955e-05
selection,4033,4.430087919647788e-05,2.835840147048749e-05,2.559940121778095e-05
selection,4034,5.217786921859253e-05,4.222890423164432e-05,2.6183612514642078e-05
selection,4035,5.532943475995477e-05,4.578186939133841e-05,3.275690899793426e-05
selection,4036,5.7606863380068736e-05,4.458770103171905e-05,3.306199580314944e-05
selection,4037,5.216298733730855e-05,3.9883287485217995e-05,2.8515200792888214e-05
selection,4038,5.337318351741654e-05,3.8961880653310064e-05,2.900159706167165e-05
selection,4039,4.5791380181128674e-05,2.9676330929266058e-05,2.3567267896624914e-05
selection,4040,4.56818224380482e-05,3.404525948945198e-05,1.932376226092093e-05
selection,4041,5.400023715043661e-05,3.8286727378698125e-05,2.9384953240450874e-05
selection,4042,5.375490701686804e-05,3.793321608178915e-05,2.988040094593394e-05
selection,4043,4.7318484358807053e-05,3.576376758747692e-05,1.6510728354881e-05
selection,4044,5.3769621255187166e-05,3.858762684664845e-05,2.8913037734417352e-05
selection,4045,4.3211648196971985e-05,3.180244014800439e-05,2.2588744452773757e-05
selection,4046,5.2923243682387706e-05,3.900982268005732e-05,2.9174462415063545e-05
selection,4047,5.298468564457561e-05,3.814870888235052e-05,2.9958551309510448e-05
selection,4048,5.1022158489758346e-05,4.2016969422743075e-05,2.6919849834612842e-05
selection,4049,4.6365622482341674e-05,3.242834762688623e-05,2.0427708317433996e-05
selection,4050,5.256680527467238e-05,3.950945827885968e-05,2.863614192667301e-05
selection,4051,5.187220327614922e-05,3.9453746375336464e-05,2.917762261243644e-05
selection,4052,5.409286085830248e-05,4.030653381187987e-05,2.7308082996227655e-05
selection,4053,4.678982303678693e-05,3.250518692236427e-05,2.0143595618380257e-05
selection,4054,5.207890592273686e-05,4.1243487253054403e-05,2.7251044746646696e-05
selection,4055,5.452089913255709e-05,3.948149060697753e-05,2.7930643563815976e-05
selection,4056,5.257333211064942e-05,4.03939111554131e-05,2.7863504473042063e-05
selection,4057,5.736304261860966e-05,4.3627789498800266e-05,3.406622584831097e-05
selection,4058,5.106908944678913e-05,3.9968244759648504e-05,2.889803277678771e-05
selection,4059,5.291948215622584e-05,4.0529612817246524e-05,2.7494118939697902e-05
selection,4060,5.170579147539901e-05,3.8446163608332575e-05,3.0398887181574847e-05
selection,4061,4.502528083614736e-05,3.257914818635676e-05,2.0940367686073682e-05
selection,4062,4.7528892846877117e-05,3.2172838839044304e-05,2.0069407657959602e-05
selection,4063,5.272337144485391e-05,4.1386796581013926e-05,2.6778846403662903e-05
selection,4064,5.5059328918136227e-05,4.726217964845368e-05,3.146874136788e-05
selection,4065,5.441738665911148e-05,4.250353643884639e-05,2.4614261658311295e-05
selection,4066,4.546852455985583e-05,3.0114687859367674e-05,2.3139120619094038e-05
selection,4067,4.5875243890543365e-05,3.0476327968634036e-05,2.2820585125939422e-05
selection,4068,5.791628429533651e-05,4.573069135936278e-05,3.157353825582113e-05
selection,4069,5.096276518415554e-05,4.1405670626489895e-05,2.760769239351059e-05
selection,4070,5.626002733305571e-05,4.64624036319378e-05,3.184944542384286e-05
selection,4071,5.27115777288498e-05,3.911064512225942e-05,2.9030574478233797e-05
selection,4072,5.763769154172852e-05,4.709362843146605e-05,3.0265382627437034e-05
selection,4073,5.73705378675739e-05,4.568452600824608e-05,3.181380218444393e-05
selection,4074,4.898181409277436e-05,2.63715790038739e-05,2.5495978474906858e-05
selection,4075,5.501914764155753e-05,4.509835117580242e-05,3.369579258868286e-05
selection,4076,4.496735065101653e-05,2.9355521757314775e-05,2.437416374606519e-05
selection,4077,5.126655191359337e-05,4.22113389676238e-05,2.6629161236144897e-05
selection,4078,5.2069327562717184e-05,4.278619442951616e-05,2.570831251966438e-05
selection,4079,5.209838133642569e-05,3.8553591507918894e-05,2.9982314068326368e-05
selection,4080,5.7463232489436525e-05,4.6022953410271875e-05,3.156966418242784e-05
selection,4081,5.624488239399031e-05,4.8106597413775394e-05,2.99148650729243e-05
selection,4082,4.375279883519877e-05,3.114208459037358e-05,2.3097332250698636e-05
selection,4083,4.610698531991608e-05,3.32784181692938e-05,1.9669394969487198e-05
selection,4084,5.5777511805011544e-05,4.605329159454305e-05,3.230014688767121e-05
selection,4085,4.39196724819517e-05,3.183306075770535e-05,2.223326484383501e-05
selection,4086,4.817847589755027e-05,3.2307790285861966e-05,1.9730974594783158e-05
selection,4087,5.319731495621504e-05,3.797751814462593e-05,3.0040747828763155e-05
selection,4088,5.243898787574261e-05,3.791661456349467e-05,3.0488387912743804e-05
selection,4089,5.505308144706079e-05,4.4456744510642504e-05,3.452545727603121e-05
selection,4090,4.516251681434366e-05,3.2952421060671897e-05,2.0319067356484007e-05
selection,4091,5.548189075363713e-05,4.5966929490395486e-05,3.249208471579123e-05
selection,4092,5.4688020130562414e-05,4.2835036028471194e-05,3.624980358579593e-05
selection,4093,5.0845594148162315e-05,3.874868589594603e-05,3.0330623050301906e-05
selection,4094,4.4921019563669084e-05,3.07398226321758e-05,2.2895754453844142e-05
selection,4095,5.6222714653588875e-05,4.770966635625651e-05,3.0491007545639443e-05
selection,4096,5.132488491211008e-05,4.232788668404097e-05,2.6506856743791857e-05
selection,4097,5.191817197535573e-05,3.795727827207574e-05,3.065974066535235e-05
selection,4098,5.0862444031705564e-05,4.025530921585552e-05,2.8789037395229222e-05
selection,4099,5.3854763750415386e-05,3.966545238471572e-05,2.8058893490732503e-05
selection,4100,5.171029317110161e-05,4.196788559614909e-05,2.6640139008727366e-05
selection,4101,5.407929623044401e-05,4.5437736729105746e-05,3.380832119198245e-05
selection,4102,5.209098618212506e-05,4.177718841220737e-05,2.6462436710303575e-05
selection,4103,5.602360991628665e-05,4.46950440257595e-05,3.373686789413832e-05
selection,4104,4.848747683706295e-05,3.3999702668915916e-05,1.768263901405847e-05
selection,4105,5.330091745050543e-05,4.207832143558563e-05,2.5853679426735296e-05
selection,4106,5.2897347434490525e-05,4.049075289216455e-05,2.755542247785242e-05
selection,4107,5.265944376816375e-05,3.7907952333434254e-05,3.0404967913105106e-05
selection,4108,4.461390409447773e-05,3.017619455909699e-05,2.361863380577344e-05
selection,4109,5.100362162305076e-05,4.049056995991049e-05,2.8620935656289633e-05
selection,4110,5.184014411813047e-05,4.105665759144661e-05,2.758473456787231e-05
selection,4111,5.1198509174181964e-05,3.648788697844306e-05,3.256850194765382e-05
selection,4112,5.051169112150761e-05,3.9361747680715014e-05,2.9843730951982226e-05
selection,4113,4.655344166719012e-05,3.0122744791055615e-05,2.2611440360057596e-05
selection,4114,5.067920105208172e-05,4.006258157114403e-05,2.9064038211793757e-05
selection,4115,4.9445018065930315e-05,4.1525893146075666e-05,2.810157675411047e-05
selection,4116,4.609915816013721e-05,3.2364875234187063e-05,2.063905363003411e-05
selection,4117,5.07426392487444e-05,4.116369589646136e-05,2.791442026193124e-05
selection,4118,5.147096008078038e-05,4.152205418027908e-05,2.7268483907106782e-05
selection,4119,5.33181500467316e-05,4.338854671873812e-05,2.4189327660848207e-05
selection,4120,5.270414380715792e-05,3.650398761641667e-05,3.17604152251754e-05
selection,4121,5.179079466080364e-05,4.149625307043283e-05,2.7039894519656606e-05
selection,4122,4.9376064236648935e-05,4.1038420544746104e-05,2.8883107232140818e-05
selection,4123,5.9112954456953616e-05,4.677450148595981e-05,2.9830210208407908e-05
selection,4124,5.1153728413828864e-05,3.852038111916567e-05,3.047275157024488e-05
selection,4125,4.647571546767746e-05,3.0303591450902863e-05,2.2580145964179868e-05
selection,4126,5.778966633888664e-05,4.236043696378612e-05,3.519053991625955e-05
selection,4127,5.6937576985158105e-05,4.421504961363752e-05,3.3735665903776925e-05
selection,4128,5.674028572590037e-05,4.534923278305621e-05,3.249493037646003e-05
selection,4129,5.6904802706667706e-05,4.6090861493050326e-05,3.1829192229704366e-05
selection,4130,5.7870656854391625e-05,4.608748436771951e-05,3.141601239369671e-05
selection,4131,4.787755789963265e-05,2.7149347289158562e-05,2.5173765290782925e-05
selection,4132,5.851536103821581e-05,4.716042912885271e-05,2.97021323803311e-05
selection,4133,5.2046483722543916e-05,4.2959219302786854e-05,2.53415576676272e-05
selection,4134,4.715665247837501e-05,3.019891007197977e-05,2.241186169386029e-05
selection,4135,4.453044465362437e-05,3.1412797379523524e-05,2.2385424275440074e-05
selection,4136,5.635481673782694e-05,4.7838221050538244e-05,3.0337535985843265e-05
selection,4137,5.3764936191360615e-05,3.7430996985425436e-05,3.0373140260782666e-05
selection,4138,5.414668750299329e-05,3.648705458356806e-05,3.1155277113835435e-05
selection,4139,5.382569203481926e-05,3.964703532119739e-05,2.800440494455208e-05
selection,4140,5.381070307789992e-05,4.227757113800263e-05,2.5357567595005892e-05
selection,4141,5.3319131712948717e-05,3.748186950614394e-05,3.046776203458917e-05
selection,4142,5.332310606286218e-05,3.90986725300216e-05,2.8862638630979428e-05
selection,4143,5.299757153715553e-05,3.9673807057950354e-05,2.8446010011938312e-05
selection,4144,5.548462752830332e-05,4.739415756468533e-05,3.113346248240279e-05
selection,4145,4.8391676940682035e-05,3.398034049158088e-05,1.7773086555256334e-05
selection,4146,5.6039913299377264e-05,4.8485413467919856e-05,2.9774740039836824e-05
selection,4147,5.441879439177717e-05,3.46875885926802e-05,3.280851791900906e-05
selection,4148,5.135386579301406e-05,3.683865679506638e-05,3.207918327405087e-05
selection,4149,5.546509208589889e-05,4.009424549693629e-05,2.6645196854591784e-05
selection,4150,5.163299707079834e-05,3.635793503144259e-05,3.242830856549895e-05
selection,4151,5.4158027326955517e-05,4.605476030949859e-05,3.313878546287019e-05
selection,4152,4.5126635977097755e-05,3.230820533284422e-05,2.119327600506776e-05
selection,4153,4.441437534071551e-05,3.0444617804199155e-05,2.342610285947198e-05
selection,4154,5.024382607044087e-05,3.735776230658031e-05,3.218992941403904e-05
selection,4155,5.8022902137397806e-05,4.350620155604447e-05,3.38726152040226e-05
selection,4156,5.1120666031156223e-05,4.2765575053208164e-05,2.612788492516287e-05
selection,4157,5.277997842318431e-05,3.7793693854281304e-05,3.0312464346261217e-05
selection,4158,4.5837441982954876e-05,3.256857862254868e-05,2.0623682083779674e-05
selection,4159,5.38205495703306e-05,4.0716906623493254e-05,2.6903326811718285e-05
selection,4160,4.745776009927013e-05,2.9605918429489743e-05,2.2896135938083214e-05
selection,4161,5.247126517905044e-05,4.17627013134623e-05,2.6441367620378075e-05
selection,4162,5.166223431897892e-05,4.215721791508309e-05,2.6495144575618783e-05
selection,4163,4.780185527957991e-05,2.993807297162354e-05,2.235978744113129e-05
selection,4164,5.31882291747588e-05,3.8972223659372414e-05,2.8795484943497503e-05
selection,4165,4.812336769433002e-05,3.321466745084328e-05,1.874924913557696e-05
selection,4166,5.279058281234733e-05,4.0559403252835396e-05,2.7491071185684776e-05
selection,4167,5.3667929970052754e-05,3.994415241969099e-05,2.7758111614743026e-05
selection,4168,4.7646295814990814e-05,2.7952828581250357e-05,2.4467321022143226e-05
selection,4169,5.372741703577722e-05,3.757667162767933e-05,3.0207284004475787e-05
selection,4170,5.374971977181913e-05,3.67792387232684e-05,3.101251974017561e-05
selection,4171,4.524391564360276e-05,2.914647540812853e-05,2.4328505772064903e-05
selection,4172,5.240028573130347e-05,4.1382638318930066e-05,2.6792421453079494e-05
selection,4173,4.7264902362601755e-05,3.398636520687119e-05,1.821622930830902e-05
selection,4174,4.647654561463876e-05,3.086958423569574e-05,2.2032028976205348e-05
selection,4175,5.331164219706489e-05,3.9577183502801507e-05,2.836543658985556e-05
selection,4176,5.2512382533918165e-05,3.9490885929538805e-05,2.8709421944571977e-05
selection,4177,4.603287680706884e-05,2.8854500327552885e-05,2.4327167019092817e-05
selection,4178,5.6247377493022e-05,4.624461580514744e-05,3.198125089581458e-05
selection,4179,4.4686202669583114e-05,3.1614919549102145e-05,2.20947554706506e-05
selection,4180,5.7084094489169104e-05,4.5891107167478774e-05,3.1995061833809484e-05
selection,4181,5.021401432398433e-05,3.928438686868089e-05,3.010764649652633e-05
selection,4182,4.790013754324288e-05,3.2780078840599e-05,1.9283266218399784e-05
selection,4183,5.929883924776392e-05,4.285333032743429e-05,3.414910649806406e-05
selection,4184,5.611392844370069e-05,4.6309236164932066e-05,3.197155917268341e-05
selection,4185,5.3059636914437526e-05,4.10366177351091e-05,2.6959219592961084e-05
selection,4186,5.391016312106735e-05,3.920902480219564e-05,2.8383329670451913e-05
selection,4187,5.12455855658622e-05,4.063060477362712e-05,2.834776599425372e-05
selection,4188,5.480537282582014e-05,4.8370653850459615e-05,3.045933342355388e-05
selection,4189,5.499339747310594e-05,4.042824664645809e-05,2.643717548314539e-05
selection,4190,5.3803790474045046e-05,3.886993414304232e-05,2.8799830865532296e-05
selection,4191,4.562078192737313e-05,3.324395778247799e-05,2.0022414721242515e-05
selection,4192,4.467002279085502e-05,3.159046814045195e-05,2.21366314246387e-05
selection,4193,5.4956085583614164e-05,4.8716628748220364e-05,2.987786416082336e-05
selection,4194,5.789001276172316e-05,4.49179272430176e-05,3.2631142764353954e-05
selection,4195,4.603084991692244e-05,2.950862102293529e-05,2.3622719356533615e-05
selection,4196,5.037024600256324e-05,4.149277711944445e-05,2.7794609957717495e-05
selection,4197,5.250785344153916e-05,4.095378614662303e-05,2.7169278355808882e-05
selection,4198,5.735719447614699e-05,4.345266076746087e-05,3.4346619445794287e-05
selection,4199,5.567190340494089e-05,4.513383563850527e-05,3.3370597692334076e-05
selection,4200,5.561960171453946e-05,4.758005403209827e-05,3.0921544227336954e-05
selection,4201,5.3868798520871184e-05,4.012389931757838e-05,2.7511407574073746e-05
selection,4202,5.741671835458962e-05,4.625989644191006e-05,3.148908235784443e-05
selection,4203,5.200697296518891e-05,4.070908182083479e-05,2.784504142785678e-05
selection,4204,4.5309367472764616e-05,3.45262737652194e-05,1.8755532480678185e-05
selection,4205,5.4076457879637406e-05,4.1059713273644915e-05,2.6372512672912336e-05
selection,4206,4.723820775131298e-05,3.238351454254928e-05,1.998179477580004e-05
selection,4207,5.733966042797173e-05,4.7557092591743685e-05,3.0048374973115506e-05
selection,4208,4.606404517886255e-05,2.9752665453598735e-05,2.3384225398649223e-05
selection,4209,4.751459852136298e-05,3.076766126266172e-05,2.155786230656664e-05
selection,4210,5.286209142408768e-05,4.238159590052146e-05,2.5652096656869202e-05
selection,4211,5.5788791029907506e-05,4.6504207911753766e-05,3.193016467870965e-05
selection,4212,5.284604730157205e-05,3.8023720453571555e-05,3.015085171314601e-05
selection,4213,5.6586794123131176e-05,4.8150861358734486e-05,2.992682703478156e-05
selection,4214,5.4685593263799885e-05,4.49135446576506e-05,3.407560754621782e-05
selection,4215,4.930558667316822e-05,3.941097833154117e-05,3.0433542012487367e-05
selection,4216,4.53183874343717e-05,3.240673964439393e-05,2.0990169610915116e-05
selection,4217,4.7001420439010185e-05,3.248885580571144e-05,1.98394829002882e-05
selection,4218,5.318338179440003e-05,3.749635749759821e-05,3.042779823385576e-05
selection,4219,5.221976890118523e-05,3.8805775592799266e-05,2.960960418654398e-05
selection,4220,5.2666689783201945e-05,4.1579694717567595e-05,2.647257972260461e-05
selection,4221,4.908298439353195e-05,3.9602544127973796e-05,3.034824618032351e-05
selection,4222,5.159491840551061e-05,4.155583265960958e-05,2.714126272956755e-05
selection,4223,5.356630340259724e-05,4.0392613591394235e-05,2.7273643726464123e-05
selection,4224,5.290734136151397e-05,3.8558056199867126e-05,2.9616736684087063e-05
selection,4225,5.230022908696891e-05,3.700595730992078e-05,3.1433312499728096e-05
selection,4226,4.69893508760904e-05,3.1333418779288096e-05,2.1086952895533426e-05
selection,4227,5.439840972443546e-05,3.7486167113081816e-05,2.994273935002921e-05
selection,4228,4.561892431975291e-05,2.907374562454706e-05,2.4420274317048135e-05
selection,4229,4.632832853991276e-05,3.0036242192271035e-05,2.29668673886839e-05
selection,4230,5.2350809273467174e-05,4.17356982489647e-05,2.663933389689906e-05
selection,4231,5.237151601674356e-05,4.1898599848029095e-05,2.6358480244912526e-05
selection,4232,4.478961011321304e-05,2.9767629833520497e-05,2.392518448663507e-05
selection,4233,4.666016050430207e-05,3.347721713481575e-05,1.9251327084265576e-05
selection,4234,4.6800081935153004e-05,3.0458569888696572e-05,2.2284720738330507e-05
selection,4235,5.218449594339583e-05,3.828594445900214e-05,3.0174727171733523e-05
selection,4236,5.157361711564056e-05,3.956883420359305e-05,2.909696853492794e-05
selection,4237,5.0953107864596295e-05,3.724178453249851e-05,3.192533038335873e-05
selection,4238,5.284476072108118e-05,4.0203393182292525e-05,2.7988134887296134e-05
selection,4239,5.1972535488621865e-05,3.9192606236764694e-05,2.935612870078057e-05
selection,4240,5.792554382262753e-05,4.235516575912025e-05,3.5170152943335416e-05
selection,4241,4.40541123639704e-05,3.157280506964539e-05,2.252992435057785e-05
selection,4242,5.02878765425943e-05,4.018750521673515e-05,2.9062290630275987e-05
selection,4243,5.4113691490814677e-05,4.309304202268897e-05,2.4136697832445557e-05
selection,4244,5.2147142208088615e-05,3.9972910650277906e-05,2.8595439030230434e-05
selection,4245,4.396957672610736e-05,3.0857752947887924e-05,2.336336427912326e-05
selection,4246,5.230897165521378e-05,3.656487210850138e-05,3.187809239744605e-05
selection,4247,5.2646353297591104e-05,4.172679556750665e-05,2.6350800042798825e-05
selection,4248,5.263612303308591e-05,3.700326172923115e-05,3.1272024753607694e-05
selection,4249,5.193953485739878e-05,4.046881114225098e-05,2.8083067233802773e-05
selection,4250,5.5888651797504835e-05,4.549594415941255e-05,3.293140906853087e-05
selection,4251,4.487350269969521e-05,3.3047101433676675e-05,2.052643818761357e-05
selection,4252,4.4842908471747464e-05,3.257647963746426e-05,2.1054411599684944e-05
selection,4253,5.2437619191063195e-05,4.1652662013938135e-05,2.6685362179371783e-05
selection,4254,4.54240724424039e-05,2.9462243253783453e-05,2.3919767053011622e-05
selection,4255,5.655572942738623e-05,4.448811555762784e-05,3.365436577768897e-05
selection,4256,5.3940366006416e-05,3.457387916655366e-05,3.3262711447802114e-05
selection,4257,4.548902379450289e-05,3.366002567842802e-05,1.9493453863511364e-05
selection,4258,5.7832546035082375e-05,4.344176740487399e-05,3.407759954719248e-05
selection,4259,4.721776179612711e-05,2.9085753188725852e-05,2.3532281052085492e-05
selection,4260,5.450555517397105e-05,3.818742207245721e-05,2.9296292496201364e-05
selection,4261,5.3465478719544024e-05,3.7470361557851663e-05,3.0426988200337562e-05
selection,4262,5.842322473392135e-05,4.631749334437974e-05,3.077796596719088e-05
selection,4263,5.128726724880877e-05,3.9838322877003387e-05,2.901085757465722e-05
selection,4264,5.590122875088674e-05,4.979323265760779e-05,2.854959713851583e-05
selection,4265,5.2426029681528925e-05,4.0451189137263085e-05,2.7934128167506343e-05
selection,4266,5.3284247382448206e-05,3.6385625326937995e-05,3.156686080661581e-05
selection,4267,4.644041963211191e-05,3.273044788091497e-05,2.0145167783059294e-05
selection,4268,4.8398804905787495e-05,2.6345520845083493e-05,2.573483913378683e-05
selection,4269,5.641103523855712e-05,4.80071418257305e-05,2.9969108141205935e-05
selection,4270,4.447049950574407e-05,3.332548884422036e-05,2.055007870405982e-05
selection,4271,5.2009019685545745e-05,4.327442092404082e-05,2.5112325887601375e-05
selection,4272,5.220168083812555e-05,4.2963331715477354e-05,2.5428745429272207e-05
selection,4273,5.797162552281754e-05,4.541470889328149e-05,3.2052986788016375e-05
selection,4274,4.780879559300607e-05,2.954578635850975e-05,2.2809156211992202e-05
selection,4275,5.742564478382904e-05,4.8646327377713326e-05,2.8982685237235445e-05
selection,4276,4.606533133928589e-05,2.974119965398677e-05,2.337607875766946e-05
selection,4277,5.162063596804458e-05,3.482508145166216e-05,3.412764330797166e-05
selection,4278,5.596387017969833e-05,4.596958961943525e-05,3.2393271123820754e-05
selection,4279,4.5129171725879726e-05,3.0307029715557807e-05,2.3181953197007637e-05
selection,4280,4.778522543176158e-05,3.071157870628045e-05,2.162414457998967e-05
selection,4281,5.2979635631109246e-05,3.9758583687230745e-05,2.8340858952324093e-05
selection,4282,4.430065352777997e-05,3.224855268580608e-05,2.163956551523309e-05
selection,4283,4.852983107708878e-05,3.3456618612295876e-05,1.8382700800475652e-05
selection,4284,5.6807518733363535e-05,4.5099137316244275e-05,3.282972752113007e-05
selection,4285,5.1765656289893595e-05,4.048906384562239e-05,2.808157674181269e-05
selection,4286,5.297964007973174e-05,4.257126699318757e-05,2.5507520637024488e-05
selection,4287,5.670275057371604e-05,4.153996540615091e-05,3.653979044997209e-05
selection,4288,4.809910052688549e-05,3.0595924324502613e-05,2.1426475487982647e-05
selection,4289,5.3603823652787076e-05,4.049257510997652e-05,2.7231065757673657e-05
selection,4290,5.3153203755680254e-05,4.0977464819606414e-05,2.7049031548790586e-05
selection,4291,4.463949860695701e-05,3.343649106712759e-05,2.0281659571252878e-05
selection,4292,5.222893359764513e-05,4.143570935272257e-05,2.697964289357907e-05
selection,4293,5.184832071788712e-05,4.126542481473313e-05,2.730577441447838e-05
selection,4294,5.2758137244779254e-05,3.9909495081605825e-05,2.8265933098554625e-05
selection,4295,4.427876345926887e-05,3.065504780134013e-05,2.3364160253187424e-05
selection,4296,5.168412988959386e-05,4.218004422416145e-05,2.648594082036795e-05
selection,4297,4.616736666038915e-05,3.0274815939735927e-05,2.2956503632516725e-05
selection,4298,5.2372736718833466e-05,3.954290039372341e-05,2.8813133727216377e-05
selection,4299,5.191506830260795e-05,3.892928945751413e-05,2.9664394848650296e-05
selection,4300,4.6162984955902175e-05,3.1926379070149984e-05,2.1124548579668707e-05
selection,4301,4.5777841751673876e-05,2.992162514848914e-05,2.3340450569899513e-05
selection,4302,5.338214586824845e-05,4.1968734955892886e-05,2.5859769068550842e-05
selection,4303,4.7009114284799374e-05,3.077564798690324e-05,2.1877487647160666e-05
selection,4304,5.7314689933112174e-05,4.21094914600342e-05,3.585292352562028e-05
selection,4305,5.116787226520787e-05,4.103889854086697e-05,2.7875925001331255e-05
selection,4306,5.5363637526222194e-05,4.7712237095139e-05,3.079024355689267e-05
selection,4307,4.576557564349124e-05,3.255496161862969e-05,2.0679848509371963e-05
selection,4308,4.46135758697074e-05,3.260666515813856e-05,2.113395344333654e-05
selection,4309,4.486405065025296e-05,2.913682538308853e-05,2.4544144211177102e-05
selection,4310,4.4738178963495395e-05,3.316174199823947e-05,2.049641344268494e-05
selection,4311,5.3312486356814435e-05,4.0366742028558044e-05,2.7324966064520838e-05
selection,4312,5.798798058658396e-05,4.421006307801217e-05,3.327815447485066e-05
selection,4313,4.5677000847663326e-05,2.8966622440343523e-05,2.4327282291678913e-05
selection,4314,4.705275360803777e-05,3.213130913680147e-05,2.052396536126954e-05
selection,4315,5.598927262786483e-05,4.7127086036129946e-05,3.1242358593979546e-05
selection,4316,5.653727460215252e-05,4.2618084836354715e-05,3.5488825610594345e-05
selection,4317,5.2900682419033356e-05,3.866958982472335e-05,2.9484041114659333e-05
selection,4318,4.6722539872556366e-05,2.9893824495443117e-05,2.290666044086833e-05
selection,4319,5.178199001909808e-05,3.761354667952833e-05,3.115761868038477e-05
selection,4320,4.649494413341888e-05,2.923122348493535e-05,2.3697153275645455e-05
selection,4321,5.491666506320983e-05,4.307181186533035e-05,2.387090455803465e-05
selection,4322,5.235921166793316e-05,4.183656652763767e-05,2.650582844061842e-05
selection,4323,5.364120709468884e-05,4.2487034931260895e-05,2.502143854548691e-05
selection,4324,5.299095729511501e-05,4.046847388251331e-05,2.7625243780275504e-05
selection,4325,5.1390979316170225e-05,4.064506044082449e-05,2.799430250754138e-05
selection,4326,5.154892381483932e-05,3.813885102385004e-05,3.07302377221497e-05
selection,4327,5.428863450059241e-05,4.584626947771787e-05,3.343953898310987e-05
selection,4328,5.418756509593195e-05,3.9550877564464773e-05,2.7921867144784596e-05
selection,4329,5.7810963488136324e-05,4.765705648093959e-05,2.968605722060803e-05
selection,4330,5.390720502931662e-05,3.804344647725808e-05,2.967789313052643e-05
selection,4331,5.3288637735968826e-05,3.932690607880685e-05,2.8538230247585995e-05
selection,4332,5.266457703841723e-05,3.957140778831977e-05,2.8595488673848474e-05
selection,4333,5.622507218514415e-05,4.539305708818667e-05,3.285003071662383e-05
selection,4334,4.444439508674599e-05,3.231453081538041e-05,2.1668482061787843e-05
selection,4335,5.18212415826094e-05,3.938475265673628e-05,2.9354782062697256e-05
selection,4336,4.440835422939615e-05,3.027020539418445e-05,2.3583773487671033e-05
selection,4337,5.6304161192780256e-05,4.7263468023361004e-05,3.095658684486824e-05
selection,4338,4.876748087048196e-05,3.3230109847848223e-05,1.830071054982879e-05
selection,4339,5.185927406732426e-05,3.880952390048056e-05,2.9803364875843487e-05
selection,4340,5.34387578221214e-05,4.0802197767045185e-05,2.7087418012556064e-05
selection,4341,5.7111352755303384e-05,4.522527161566925e-05,3.255478902859773e-05
selection,4342,5.7848969640525464e-05,4.254994077876698e-05,3.5047604609997605e-05
selection,4343,4.6804623355512866e-05,3.264740338139265e-05,2.0086650335622686e-05
selection,4344,4.45071891588992e-05,3.2079209272848985e-05,2.177462018540028e-05
selection,4345,4.718701680866814e-05,3.2125809085300034e-05,2.0455274956189388e-05
selection,4346,5.31673892481969e-05,3.7718864608871464e-05,3.0357176101236354e-05
selection,4347,5.628872394665999e-05,4.669060233684266e-05,3.140717634860226e-05
selection,4348,5.146708035676273e-05,4.040585524306419e-05,2.8354813629430475e-05
selection,4349,4.639553093711243e-05,2.9459967015065632e-05,2.336261040992865e-05
selection,4350,4.9536856910895636e-05,4.2742742990392143e-05,2.6752561280289703e-05
selection,4351,5.626773835397041e-05,4.2237999153934335e-05,3.605164271810818e-05
selection,4352,4.612641271089953e-05,2.9981941435204926e-05,2.2937514407919775e-05
selection,4353,4.8604543361444906e-05,3.370441640973208e-05,1.803067169561337e-05
selection,4354,5.6745548512427806e-05,4.548501155940436e-05,3.2366755342861095e-05
selection,4355,4.491490181184695e-05,3.394466251360051e-05,1.9724388389883615e-05
selection,4356,5.4252589494599166e-05,3.8200244146887745e-05,2.945047126574362e-05
selection,4357,5.4571894699112706e-05,4.499302400246525e-05,3.402546130364444e-05
selection,4358,4.525101869451306e-05,3.203763021688846e-05,2.1321626506826606e-05
selection,4359,4.7979448379865825e-05,3.2205544602117696e-05,1.9759965283119768e-05
selection,4360,4.963496679755254e-05,4.1232139185561745e-05,2.842351734909972e-05
selection,4361,5.359201324086039e-05,3.596346102913883e-05,3.18015185813117e-05
selection,4362,4.630553138964299e-05,3.164715103144301e-05,2.1327241856296754e-05
selection,4363,4.719462326112119e-05,2.9986527958317832e-05,2.2612414869561735e-05
selection,4364,4.4010181300264705e-05,2.996996378733417e-05,2.4233207866679154e-05
selection,4365,5.2600695959592525e-05,3.888078595063215e-05,2.939319502564629e-05
selection,4366,4.5873950044718045e-05,3.243468350881069e-05,2.0739210878942278e-05
selection,4367,5.69853938768005e-05,4.986278305335569e-05,2.7659878467906488e-05
selection,4368,5.228518335598016e-05,4.187050012279338e-05,2.643287761424628e-05
selection,4369,5.331194961166215e-05,3.966142369904738e-05,2.820348154659061e-05
selection,4370,4.892858192127384e-05,3.0330209554674458e-05,2.1312988241545636e-05
selection,4371,4.9889886183852845e-05,3.856139751844291e-05,3.1135454343247065e-05
selection,4372,5.0894783484128375e-05,4.074976912627226e-05,2.8285300115482465e-05
selection,4373,4.8818249772244885e-05,2.7002983276145452e-05,2.483425045586649e-05
selection,4374,5.221780886131384e-05,4.0671103138564005e-05,2.7746775833530668e-05
selection,4375,5.2966182957072975e-05,3.9618883742452853e-05,2.8463280234970413e-05
selection,4376,4.532097755202271e-05,3.466183955470651e-05,1.8612815249126037e-05
selection,4377,5.6051818400185256e-05,4.6189843945446975e-05,3.2152436458854145e-05
selection,4378,5.243445745008758e-05,3.926871880544387e-05,2.9080657284902632e-05
selection,4379,5.7215703862199414e-05,4.844184445965288e-05,2.905175271416918e-05
selection,4380,4.7323003200053565e-05,3.0227119000947277e-05,2.2156668803173368e-05
selection,4381,4.659372365097249e-05,2.8566734691531046e-05,2.4324796908573374e-05
selection,4382,5.0501890146110064e-05,3.9693375796901824e-05,2.9553272139603214e-05
selection,4383,5.5682476395837275e-05,4.865054615730561e-05,2.9697460402310708e-05
selection,4384,4.6473454033909835e-05,3.2816831141337665e-05,2.0092951010547324e-05
selection,4385,4.6147820748869113e-05,3.0118494611147563e-05,2.2960992261659747e-05
selection,4386,5.4868973473100744e-05,4.673077815974054e-05,3.2141020075022444e-05
selection,4387,5.605448036625396e-05,4.37704475326331e-05,3.4551415475931045e-05
selection,4388,5.273882496310605e-05,3.616058087377254e-05,3.213630556125882e-05
selection,4389,5.3129220431214825e-05,3.838378376169775e-05,2.9515036309266603e-05
selection,4390,4.6928080451350946e-05,3.137244165645573e-05,2.108530456098722e-05
selection,4391,5.348076405813904e-05,3.982910740371073e-05,2.7815446400902328e-05
selection,4392,4.746365829261478e-05,2.997682595447814e-05,2.249342070464915e-05
selection,4393,4.668118661122085e-05,3.082946224488683e-05,2.1905054700372532e-05
selection,4394,5.3367697920332847e-05,3.7822041594259434e-05,3.014763344336441e-05
selection,4395,5.253002803044329e-05,3.793183121536708e-05,3.0399943627272944e-05
selection,4396,4.5530979496852726e-05,2.8812091071859033e-05,2.4555176954454732e-05
selection,4397,4.431203122780375e-05,3.116063872371514e-05,2.2754847760896062e-05
selection,4398,5.3999789832555454e-05,4.227081566429933e-05,2.525250582312265e-05
selection,4399,5.211098894107269e-05,3.988023354794918e-05,2.865928292847206e-05
selection,4400,4.479972860329265e-05,3.19063113645389e-05,2.1760855143985874e-05
selection,4401,5.5694953565464016e-05,4.421498229898885e-05,3.434646714061741e-05
selection,4402,5.7101980535021295e-05,4.3118614475612756e-05,3.4793326469044104e-05
selection,4403,5.297873812089099e-05,3.67091187641236e-05,3.144549046933161e-05
selection,4404,5.110785554345469e-05,4.0981741730508305e-05,2.7972489449407896e-05
selection,4405,5.5534220115348116e-05,4.358343757622234e-05,3.5038143814064145e-05
selection,4406,4.776972036405913e-05,3.3753139302192116e-05,1.843595312858589e-05
selection,4407,5.0338465021373735e-05,3.9079662925688834e-05,3.0211895136999594e-05
selection,4408,5.445839538391141e-05,4.246937342555193e-05,2.478827079655845e-05
selection,4409,4.596790371891765e-05,3.49246783578569e-05,1.8006440668162168e-05
selection,4410,4.482924482015277e-05,3.274342715212148e-05,2.089178074929797e-05
selection,4411,5.384218270235487e-05,4.0576272660239004e-05,2.6864766335368656e-05
selection,4412,5.361843056311425e-05,4.00350413274099e-05,2.766346932303414e-05
selection,4413,5.337127822793422e-05,3.8886095131090234e-05,2.907817449244389e-05
selection,4414,5.0923139174668e-05,4.176842284681857e-05,2.724934336152034e-05
selection,4415,4.8957367474840934e-05,2.7278172089691678e-05,2.4248480366827755e-05
selection,4416,5.6364714977756915e-05,4.5962492247440025e-05,3.2132004645986324e-05
selection,4417,5.639921777357747e-05,4.3905688857054644e-05,3.426031233450154e-05
selection,4418,5.1878775379911164e-05,3.8411171090465846e-05,3.013795438774522e-05
selection,4419,5.752312851153459e-05,4.562147900047142e-05,3.206897092682448e-05
selection,4420,5.269698652893488e-05,4.0443936612259686e-05,2.7786418527567422e-05
selection,4421,5.251845668680959e-05,4.3726139231814826e-05,2.4418513023800385e-05
selection,4422,5.26336796212533e-05,4.227157988401372e-05,2.595562920406114e-05
selection,4423,4.697324670270848e-05,3.030764517197612e-05,2.2396581253236986e-05
selection,4424,5.634616172404358e-05,4.451630959873573e-05,3.3720564058248936e-05
selection,4425,5.283459623331204e-05,3.904020434173912e-05,2.8922004769900663e-05
selection,4426,5.05936260075826e-05,4.075723286204313e-05,2.844892974513166e-05
selection,4427,5.218895758766383e-05,4.136943183588142e-05,2.7073226026587732e-05
selection,4428,5.831753147173158e-05,4.382189361429079e-05,3.3534856128477696e-05
selection,4429,5.411403375944686e-05,4.540550272772568e-05,3.382290627016757e-05
selection,4430,4.5720470390747745e-05,3.069741204891576e-05,2.264115414500469e-05
selection,4431,5.0733962702870876e-05,3.716670195191776e-05,3.2087534996013195e-05
selection,4432,5.4543546053410106e-05,4.8520271447499796e-05,3.0456703507349345e-05
selection,4433,5.635218483627545e-05,4.735093740666784e-05,3.089417034023246e-05
selection,4434,5.416784308778917e-05,3.902903333725627e-05,2.8570893931139638e-05
selection,4435,5.00080190411989e-05,4.082937146748886e-05,2.8632280297922076e-05
selection,4436,5.199181375870985e-05,4.200315237281147e-05,2.6517889487069487e-05
selection,4437,4.6246164915714254e-05,3.083240601504094e-05,2.2101101160249127e-05
selection,4438,5.3322841350153855e-05,3.861903335164801e-05,2.9371139851502182e-05
selection,4439,5.174441947463191e-05,4.21588783818055e-05,2.6574793103446893e-05
selection,4440,5.56236977805255e-05,4.712917881839728e-05,3.1391554723653444e-05
selection,4441,5.1886312519778215e-05,4.128943953842995e-05,2.728565993548493e-05
selection,4442,5.249295186496325e-05,4.232028951724016e-05,2.5734929033697667e-05
selection,4443,4.731424007543934e-05,3.1416476619621095e-05,2.1018492310281816e-05
selection,4444,5.296873724753873e-05,3.6228225228798597e-05,3.1948622220476186e-05
selection,4445,4.670931315797356e-05,2.8770305168606748e-05,2.398046214909053e-05
selection,4446,4.6030520348488315e-05,2.8506377808624705e-05,2.4628685522494048e-05
selection,4447,4.521086843166886e-05,3.323022483365391e-05,2.0238402038632703e-05
selection,4448,5.1043086847934727e-05,4.098506336359654e-05,2.8018894035725004e-05
selection,4449,5.216905695653764e-05,3.672374799955387e-05,3.178466477389598e-05
selection,4450,5.309110743565379e-05,4.014338718762963e-05,2.792192989006342e-05
selection,4451,4.59694024683632e-05,2.9226254580874164e-05,2.3865137164325934e-05
selection,4452,5.662452242456188e-05,4.6214727712557736e-05,3.186423130308654e-05
selection,4453,5.292556892356422e-05,4.1064244734028885e-05,2.7088515406995832e-05
selection,4454,5.9339972498738855e-05,5.002247282441936e-05,2.6351676224823244e-05
selection,4455,5.590174710052272e-05,4.6477576218406176e-05,3.1712154040893536e-05
selection,4456,5.2257491452485876e-05,4.095382157296125e-05,2.729752986562127e-05
selection,4457,5.233460716748647e-05,3.914257893734743e-05,2.9273458690724613e-05
selection,4458,4.471583139845414e-05,2.9318044429972494e-05,2.444723361903744e-05
selection,4459,4.680979003178889e-05,2.8338432638973002e-05,2.4481916394323203e-05
selection,4460,5.125065176469088e-05,4.218054462983257e-05,2.658246928225507e-05
selection,4461,4.72745458861728e-05,2.996895750842583e-05,2.2597007563584342e-05
selection,4462,4.639402714565963e-05,3.597519762354396e-05,1.679091897694282e-05
selection,4463,5.2342274572775176e-05,3.966352364120602e-05,2.8755897794836113e-05
selection,4464,4.820802498183705e-05,3.0306708326558903e-05,2.1749108573603014e-05
selection,4465,4.996332957010678e-05,4.267097173672572e-05,2.6743510422005987e-05
selection,4466,5.427344548146524e-05,4.762431081800455e-05,3.1469771850002064e-05
selection,4467,5.3000650959854475e-05,4.0567658825092734e-05,2.750835587497077e-05
selection,4468,4.489676784737968e-05,3.3742482683576176e-05,1.9857896779594265e-05
selection,4469,4.673966136869486e-05,3.0992588177953646e-05,2.177332471856199e-05
selection,4470,5.228359344200896e-05,3.587926200077232e-05,3.259996024656899e-05
selection,4471,5.398123914746291e-05,4.363468986253071e-05,3.577158465994619e-05
selection,4472,5.1260790670754605e-05,3.930915982112831e-05,2.955556275605385e-05
selection,4473,5.12264440236971e-05,4.4683315770366403e-05,2.3937185973123536e-05
selection,4474,5.660066615861631e-05,4.4242336796880154e-05,3.3861152526315024e-05
selection,4475,5.670250855835525e-05,3.982232067962216e-05,2.634640360727769e-05
selection,4476,5.853375741643352e-05,4.551237089461902e-05,3.169584112547117e-05
selection,4477,5.3925360959600964e-05,4.142994218686696e-05,2.6055118047948096e-05
selection,4478,5.591418746988878e-05,3.860917233196013e-05,2.7945687021757122e-05
selection,4479,5.488438328080963e-05,4.6751319946305655e-05,3.19864444820363e-05
selection,4480,4.523880199492183e-05,2.9704868572970985e-05,2.3828449354662295e-05
selection,4481,5.1892568847909556e-05,4.185667825069908e-05,2.6703135495511006e-05
selection,4482,5.167633003116445e-05,3.968270130314094e-05,2.903258360868034e-05
selection,4483,5.675181757064885e-05,4.599183630343616e-05,3.198778012719119e-05
selection,4484,4.482193186659991e-05,3.296762561198891e-05,2.0626977829746605e-05
selection,4485,5.0577269649508296e-05,4.022409988915439e-05,2.8966461178330232e-05
selection,4486,5.0650008104068575e-05,3.952781781504014e-05,2.957365058356731e-05
selection,4487,5.349456599524918e-05,4.267757821626196e-05,2.50572004790481e-05
selection,4488,4.497463984873934e-05,3.2660189665590026e-05,2.0830925497366934e-05
selection,4489,5.655998431241664e-05,4.4793087101308184e-05,3.329458002190733e-05
selection,4490,5.19504121817964e-05,4.014630049266562e-05,2.8395974547602534e-05
selection,4491,5.237788521007226e-05,4.292064181406981e-05,2.5281823892051998e-05
selection,4492,5.316976127686138e-05,4.086799045057992e-05,2.7024883037683516e-05
selection,4493,5.694121690559196e-05,4.567485511053782e-05,3.225874221897486e-05
selection,4494,4.3775003123431045e-05,3.2183051876448524e-05,2.1920850211343948e-05
selection,4495,4.568624255656705e-05,3.172844731286734e-05,2.156369094785925e-05
selection,4496,5.568122606075225e-05,4.537192501138122e-05,3.2944869102833844e-05
selection,4497,4.6683258426152304e-05,3.465027228580837e-05,1.8066392755813918e-05
selection,4498,5.2029041034937715e-05,4.0775398317375375e-05,2.7578562892639312e-05
selection,4499,5.428987349942823e-05,4.148450975832657e-05,2.592063829460926e-05
selection,4500,5.208827093872582e-05,3.853462279968315e-05,3.0121707983960684e-05
selection,4501,5.5048120214307664e-05,4.0666673860921544e-05,2.63869751308472e-05
selection,4502,4.505805917009662e-05,3.165707219819913e-05,2.188345571809407e-05
selection,4503,4.4955581283839346e-05,3.346170581756539e-05,2.010132880013792e-05
selection,4504,5.281471934748663e-05,3.912091168823784e-05,2.8818592260415438e-05
selection,4505,4.64395153040756e-05,3.274806796451508e-05,1.9954575008259895e-05
selection,4506,5.218767494720942e-05,3.946505949543385e-05,2.9011333150478064e-05
selection,4507,5.23989536380636e-05,3.841937919962663e-05,3.0022456590289477e-05
selection,4508,4.832735300085418e-05,3.208402581999775e-05,1.9671658919316098e-05
selection,4509,5.7863825861303536e-05,4.806603606676215e-05,2.921664523385486e-05
selection,4510,4.7012839963377346e-05,3.227986640538648e-05,2.020413021403796e-05
selection,4511,4.556703402483894e-05,2.9123638096125094e-05,2.4214436950413388e-05
selection,4512,5.2601026213926524e-05,4.165413865026962e-05,2.6509897050707363e-05
selection,4513,5.685515526705897e-05,4.4942830615261275e-05,3.294023665330726e-05
selection,4514,5.229344356194653e-05,4.142722658239296e-05,2.6655022196698162e-05
selection,4515,5.6648602742424545e-05,4.339954886277764e-05,3.4726653415706666e-05
selection,4516,5.180963925432639e-05,4.1320127314180775e-05,2.739709523795679e-05
selection,4517,4.432647455393311e-05,3.0747864445036205e-05,2.3122335766035374e-05
selection,4518,4.678215637240247e-05,3.105030067822323e-05,2.1683024693106815e-05
selection,4519,4.517404801018471e-05,3.146045468053198e-05,2.1947437751324486e-05
selection,4520,5.8421321017391396e-05,4.8731789090823836e-05,2.817784675275429e-05
selection,4521,5.50615134929366e-05,4.501320002841964e-05,3.3867398655319916e-05
selection,4522,5.645788836189827e-05,4.8793395264099465e-05,2.9137691091660745e-05
selection,4523,5.3561948702095314e-05,3.619200950561432e-05,3.1719332952045674e-05
selection,4524,5.341846531943617e-05,4.051938509758438e-05,2.7273345170651692e-05
selection,4525,5.773790418203643e-05,4.466169936771013e-05,3.2930145054313665e-05
selection,4526,4.755472047652523e-05,2.9532383366586053e-05,2.2591478868767025e-05
selection,4527,5.165626376643179e-05,4.058776926198502e-05,2.8082628975537682e-05
selection,4528,4.670620710318589e-05,3.059476923971809e-05,2.2135088522191812e-05
selection,4529,5.2718931968450444e-05,4.195559880186457e-05,2.6189272360907993e-05
selection,4530,5.391550194415994e-05,4.043801921623502e-05,2.7270770290399806e-05
selection,4531,4.5672788429092066e-05,3.0844177797943873e-05,2.2471029132868395e-05
selection,4532,5.1684783850768746e-05,4.1106696506549995e-05,2.7567918417276118e-05
selection,4533,5.41746869574253e-05,3.810918844319008e-05,2.9500049529432715e-05
selection,4534,5.013493493025523e-05,3.889871957086379e-05,3.07206962381566e-05
selection,4535,5.1080978966863126e-05,3.975718195213426e-05,2.923063205104766e-05
selection,4536,4.911002173862909e-05,4.012092832159152e-05,2.969682032133302e-05
selection,4537,5.2443755157126385e-05,4.1957690982312965e-05,2.6182646452584264e-05
selection,4538,5.573637659196657e-05,4.5288175112708457e-05,3.302859961065519e-05
selection,4539,5.7157043710187076e-05,4.435168626015673e-05,3.3385578521442726e-05
selection,4540,5.352895726375818e-05,4.1920614185522555e-05,2.55132385680478e-05
selection,4541,5.237494653760057e-05,3.9520661805849395e-05,2.8830309900204097e-05
selection,4542,5.715983893200428e-05,4.689216071290745e-05,3.091696444008842e-05
selection,4543,5.213960510873922e-05,4.0540819913795144e-05,2.7883168176192313e-05
selection,4544,5.19601069387721e-05,4.314066632471718e-05,2.513100098291742e-05
selection,4545,5.190397918996564e-05,3.841328692884778e-05,3.019813276712531e-05
selection,4546,5.7544522421642326e-05,4.471681095322752e-05,3.288353335012801e-05
selection,4547,5.252503710749344e-05,4.2599597094239005e-05,2.5570886524358332e-05
selection,4548,5.2176893622653526e-05,4.2653807524333236e-05,2.5876012221659863e-05
selection,4549,5.187335969931689e-05,4.177633951131149e-05,2.682921366340909e-05
selection,4550,5.297316882368826e-05,3.907289261410554e-05,2.9078061712152554e-05
selection,4551,5.347668183012057e-05,3.835229034916059e-05,2.9560865916946773e-05
selection,4552,5.158785269361574e-05,4.169917723415183e-05,2.6986541923690078e-05
selection,4553,5.229135043557584e-05,3.73552468868895e-05,3.107882495114934e-05
selection,4554,4.753068413805453e-05,2.944386566105834e-05,2.302666898018894e-05
selection,4555,5.591408510869792e-05,4.359308760126234e-05,3.482250537495194e-05
selection,4556,5.285128216895646e-05,4.1311182718831654e-05,2.6850135832529752e-05
selection,4557,5.262851482390491e-05,4.2226022498941646e-05,2.60348105808158e-05
selection,4558,4.678102863106084e-05,3.278910257335498e-05,1.9880875581476903e-05
selection,4559,5.226290848522793e-05,4.040567244142207e-05,2.802867303226218e-05
selection,4560,5.313543024634023e-05,3.8435468600372095e-05,2.9651666119643536e-05
selection,4561,4.5588019252689827e-05,3.166795792891825e-05,2.1633523290994715e-05
selection,4562,5.376247245481175e-05,3.859091239220341e-05,2.9216066042893925e-05
selection,4563,5.3798838418882405e-05,4.163874660822728e-05,2.5967573667288224e-05
selection,4564,5.41927038974871e-05,4.3957028060822776e-05,3.525396449589072e-05
selection,4565,4.632174008601551e-05,3.252725348714467e-05,2.0347239762796595e-05
selection,4566,5.5283563501778875e-05,4.587794020208132e-05,3.286488146133711e-05
selection,4567,5.132908776979009e-05,3.786113433639576e-05,3.115472023168008e-05
selection,4568,5.3782620387956266e-05,3.963484545834839e-05,2.8110619750446187e-05
selection,4569,5.172491017173811e-05,4.187329321162679e-05,2.6753049168408985e-05
selection,4570,5.4744464248908396e-05,3.999899625099955e-05,2.7222099876255725e-05
selection,4571,4.9919092951893545e-05,4.0173218751617673e-05,2.936275407876315e-05
selection,4572,5.198341136424386e-05,4.19022840941385e-05,2.6651394943350125e-05
selection,4573,5.75748660142714e-05,4.476822630177127e-05,3.279026217116607e-05
selection,4574,5.198354833209143e-05,3.911898844234638e-05,2.9522631561135423e-05
selection,4575,5.033532213362147e-05,3.8736151542595404e-05,3.052844222181915e-05
selection,4576,5.151350683205907e-05,4.0596398969592575e-05,2.8170529086773165e-05
selection,4577,4.58631758628076e-05,3.363765263309743e-05,1.9322472024058328e-05
selection,4578,4.561723176879124e-05,3.2233522874286675e-05,2.0922409664729166e-05
selection,4579,5.135537838517321e-05,4.0614923292739214e-05,2.8320545436635944e-05
selection,4580,5.801011227559325e-05,4.5648178604577316e-05,3.163539935674543e-05
selection,4581,4.7821694290627216e-05,3.183486678630704e-05,2.042698480387801e-05
selection,4582,5.40411832207566e-05,3.846303581685747e-05,2.9050248924905172e-05
selection,4583,5.154291957393772e-05,4.060093762471602e-05,2.8213807445131867e-05
selection,4584,4.5376583939461733e-05,2.879613551211326e-05,2.4644822370230744e-05
selection,4585,4.8073604909077485e-05,3.2533763946316344e-05,1.9631051277798535e-05
selection,4586,5.646248746335637e-05,4.342865563147527e-05,3.477530937943479e-05
selection,4587,5.87683855787249e-05,4.950167871992021e-05,2.713312919496586e-05
selection,4588,5.4022086149423037e-05,4.1870632469280084e-05,2.5491972293397965e-05
selection,4589,5.658619961154434e-05,4.421628312106502e-05,3.391831883073799e-05
selection,4590,5.3146066923282185e-05,4.0392905227912684e-05,2.752999069875647e-05
selection,4591,5.699840728392711e-05,4.520725061032331e-05,3.260454023177853e-05
selection,4592,5.505791610097116e-05,4.436636107600944e-05,3.4480378755187934e-05
selection,4593,5.525381019006797e-05,4.626185629791288e-05,3.234574735359914e-05
selection,4594,5.675549698491506e-05,4.5356156732542225e-05,3.267785511730115e-05
selection,4595,5.336057248466208e-05,4.371920905661337e-05,2.3909627061075222e-05
selection,4596,5.3812245579797606e-05,4.417679819814897e-05,3.517377951384945e-05
selection,4597,5.041292758966634e-05,3.823138079626056e-05,3.118062224058047e-05
selection,4598,5.277097575054736e-05,3.992471234014986e-05,2.8203288618459137e-05
selection,4599,5.569978823126538e-05,3.827495952052853e-05,2.852764397564809e-05
selection,4600,5.583750340986284e-05,4.587026940385118e-05,3.2574050802806105e-05
selection,4601,4.627102340312665e-05,3.0079916277695066e-05,2.2992710054499873e-05
selection,4602,5.563801413036797e-05,4.785737635530008e-05,3.0548266427114704e-05
selection,4603,4.568126313354465e-05,3.284916502455917e-05,2.0220236460016907e-05
selection,4604,4.475423120383308e-05,3.2281705509461444e-05,2.1375185064815175e-05
selection,4605,5.758522364479985e-05,4.795737070035641e-05,2.958809902806875e-05
selection,4606,4.6733123940688666e-05,3.112027606601333e-05,2.1656863794477665e-05
selection,4607,5.7172845380622114e-05,4.6456111105836666e-05,3.1296248200407865e-05
selection,4608,5.588982915807004e-05,4.859178408826333e-05,2.9601763072148068e-05
selection,4609,5.469296703541743e-05,4.070888561145642e-05,2.6263695249090747e-05
selection,4610,4.706184447644414e-05,3.35559159842274e-05,1.9021829990116007e-05
selection,4611,4.551080456429445e-05,3.105428674013732e-05,2.2297823040412838e-05
selection,4612,4.4448559015733875e-05,3.192775227870464e-05,2.1971362063359535e-05
selection,4613,5.0773220589662323e-05,4.1636450466868884e-05,2.74558402306909e-05
selection,4614,5.3532341267320726e-05,3.9296467825015e-05,2.8579855652460573e-05
selection,4615,5.2005179549674425e-05,4.084229387628859e-05,2.766457931427796e-05
selection,4616,5.0458723320972295e-05,4.248185264692636e-05,2.681465699689701e-05
selection,4617,5.7284592764371675e-05,4.831056525029767e-05,2.9268662616024578e-05
selection,4618,5.490298479033537e-05,3.7010972991887276e-05,3.036524502496835e-05
selection,4619,5.6774363760752865e-05,4.549658601789052e-05,3.2424518549118887e-05
selection,4620,5.133841825305701e-05,4.22249559715428e-05,2.657299481055261e-05
selection,4621,4.6485060864382015e-05,3.0985133802170396e-05,2.190917871196547e-05
selection,4622,5.075881655516133e-05,4.123527997350726e-05,2.7749932550370456e-05
selection,4623,5.057740697727485e-05,3.9915193154815194e-05,2.9296806923341583e-05
selection,4624,5.0978363544862e-05,3.732424890832718e-05,3.171270312990214e-05
selection,4625,5.404423739203912e-05,3.946297241805826e-05,2.8154411269812062e-05
selection,4626,4.4339213744186443e-05,3.131174239646166e-05,2.2389896213628434e-05
selection,4627,5.0666676484217784e-05,3.7593559809464305e-05,3.162459121837883e-05
selection,4628,4.5835258429088375e-05,2.9606350898254105e-05,2.3528938431417253e-05
selection,4629,5.7373079031860315e-05,4.443453718012076e-05,3.3305824449461826e-05
selection,4630,5.0208193271650147e-05,3.864408035280433e-05,3.073873991152575e-05
selection,4631,5.150380294679306e-05,3.950194876217921e-05,2.9267105781555993e-05
selection,4632,5.726836324410882e-05,4.5398429767308e-05,3.236797516495785e-05
selection,4633,5.3982374503015e-05,4.02660573769344e-05,2.74638999929322e-05
selection,4634,5.280713426846263e-05,3.970121712061583e-05,2.8453516026792003e-05
selection,4635,5.686158885798365e-05,4.452892184907271e-05,3.344368693146047e-05
selection,4636,4.475246819925315e-05,3.077553824150852e-05,2.2932314660273274e-05
selection,4637,5.478311464946645e-05,4.417881475840613e-05,3.473341890537959e-05
selection,4638,4.694939778224334e-05,2.8716795650799763e-05,2.410452514489333e-05
selection,4639,5.8483542229609285e-05,4.5918906535611345e-05,3.1208265368018585e-05
selection,4640,5.215271596014235e-05,4.213722841663379e-05,2.629466859588876e-05
selection,4641,5.1660696372451724e-05,4.147975310842951e-05,2.721252752895412e-05
selection,4642,5.3422550536802105e-05,3.805897429791602e-05,2.9887593323017992e-05
selection,4643,4.548663713731442e-05,3.4609165399510243e-05,1.8588013512336407e-05
selection,4644,5.208281296338072e-05,4.161229409815208e-05,2.670808179661957e-05
selection,4645,5.9655354596622346e-05,4.271319388922913e-05,3.398919628745287e-05
selection,4646,5.188096417084647e-05,4.068938535356802e-05,2.7893793259310763e-05
selection,4647,5.1832184027904095e-05,4.0738001642475464e-05,2.785295924252694e-05
selection,4648,4.673409146526799e-05,2.9748299632980313e-05,2.2892428286768274e-05
selection,4649,4.468176203060275e-05,3.146532156666283e-05,2.2163915255530596e-05
selection,4650,5.6703906986670734e-05,4.477396814709287e-05,3.3222989726421615e-05
selection,4651,5.242024942796894e-05,3.846693786743144e-05,2.9934960280726527e-05
selection,4652,5.654872400323039e-05,4.8415215962505654e-05,2.938855133094848e-05
selection,4653,5.515299396934678e-05,4.519301319472123e-05,3.345867301593191e-05
selection,4654,5.268081392096076e-05,4.002966780514477e-05,2.8218136535079886e-05
selection,4655,5.170923500941149e-05,4.169645524902273e-05,2.6930230380004104e-05
selection,4656,5.748582727912096e-05,4.5413136158348445e-05,3.210208336988711e-05
selection,4657,5.3058768482267756e-05,3.775905112469551e-05,3.0327107712599137e-05
selection,4658,5.682194468642655e-05,4.7325103706375496e-05,3.0532161934992154e-05
selection,4659,5.527909815903154e-05,4.0404028260186395e-05,2.6560177140269104e-05
selection,4660,5.4930797785250375e-05,3.58662925102508e-05,3.124103643880018e-05
selection,4661,5.2105300759160086e-05,4.069488414766112e-05,2.7787577858809607e-05
selection,4662,5.280321645296592e-05,3.649155970352499e-05,3.1773336741245486e-05
selection,4663,4.811793779569767e-05,2.9585985158521474e-05,2.2361093171080383e-05
selection,4664,5.131721815670238e-05,3.98223365156405e-05,2.9128188337527167e-05
selection,4665,4.616589665446387e-05,3.4576394347938285e-05,1.8237820007692833e-05
selection,4666,4.5489849780806734e-05,2.998466158972042e-05,2.3397763018658052e-05
selection,4667,5.1701470931754664e-05,4.018067966356304e-05,2.8476828304717936e-05
selection,4668,4.444217760210451e-05,3.037600854852567e-05,2.3555577364886654e-05
selection,4669,4.667234889947793e-05,3.2371381130702735e-05,2.0467307372789712e-05
selection,4670,5.1062068024268184e-05,4.045346135739514e-05,2.850165620503882e-05
selection,4671,5.678100735427422e-05,4.4471177385282456e-05,3.356384069299566e-05
selection,4672,4.73069480992044e-05,3.467704547855414e-05,1.754755229867614e-05
selection,4673,5.530705947942594e-05,4.7448179640740485e-05,3.11866752720441e-05
selection,4674,5.553352032941573e-05,4.276373854678559e-05,3.604738792436993e-05
selection,4675,5.6636051811090585e-05,4.830520966193665e-05,2.9619994280659334e-05
selection,4676,5.458060858852545e-05,3.9807656492266954e-05,2.7420047791357025e-05
selection,4677,5.1941093303489924e-05,4.071420335424151e-05,2.774038669306174e-05
selection,4678,5.312187547326227e-05,3.691609472103082e-05,3.12602829151674e-05
selection,4679,5.005444726980291e-05,4.045966331494782e-05,2.892922606198718e-05
selection,4680,5.728559906447724e-05,4.495531021559562e-05,3.2844391293013784e-05
selection,4681,5.7757713357085556e-05,4.56778403692062e-05,3.169397759022752e-05
selection,4682,5.717849313445933e-05,4.2973697562117346e-05,3.471510160631402e-05
selection,4683,4.424928418012188e-05,3.3150310377799145e-05,2.0486991998655014e-05
selection,4684,5.2748923520771586e-05,4.0212996821998894e-05,2.7959296180011202e-05
selection,4685,4.585431373247675e-05,2.890821068350331e-05,2.42873638312986e-05
selection,4686,5.60198213437375e-05,4.477797789739733e-05,3.384050817459292e-05
selection,4687,5.153422153327944e-05,3.952732334086252e-05,2.9258390109323385e-05
selection,4688,4.652067139802895e-05,3.5374374846033645e-05,1.725025471823221e-05
selection,4689,5.004825151503104e-05,4.11605236885184e-05,2.83261256043496e-05
selection,4690,5.65083604937136e-05,4.301831647047253e-05,3.524373525112776e-05
selection,4691,5.189450205156793e-05,4.158325397746954e-05,2.7031364265893175e-05
selection,4692,5.484387960173808e-05,3.963704101690755e-05,2.7391016399538742e-05
selection,4693,4.467120762580015e-05,3.1227989637879936e-05,2.252378722028507e-05
selection,4694,4.6628163138504734e-05,3.365774240486797e-05,1.8979593452282205e-05
selection,4695,5.260484253923935e-05,3.9053707468489885e-05,2.908199306851451e-05
selection,4696,5.247823943925393e-05,3.9687820540702626e-05,2.8685551295056285e-05
selection,4697,5.335138828250347e-05,4.119407050804965e-05,2.6573991980000832e-05
selection,4698,5.4685557694749894e-05,3.6771941362677734e-05,3.0501786676766475e-05
selection,4699,5.2187612181784954e-05,4.032859895469769e-05,2.8045346368650483e-05
selection,4700,5.3811062810193357e-05,3.8163683524354264e-05,2.9438749903118567e-05
selection,4701,4.484458928328678e-05,3.1822198333316195e-05,2.1692597171621203e-05
selection,4702,5.0411377049443794e-05,3.834048807842772e-05,3.118919484495594e-05
selection,4703,4.581739159936941e-05,3.265705330739533e-05,2.0493047545150358e-05
selection,4704,5.6803243626468044e-05,4.365283184275089e-05,3.4273223430698885e-05
selection,4705,5.557921961873808e-05,4.698539064644549e-05,3.1557848929237125e-05
selection,4706,5.5545891330134406e-05,4.660846133527916e-05,3.183522012959696e-05
selection,4707,5.879412837659714e-05,4.351420776002794e-05,3.35940945231576e-05
selection,4708,5.2338799102458215e-05,3.852670470680646e-05,2.9800283546730684e-05
selection,4709,5.1703979840586045e-05,3.7376569983416716e-05,3.13484027437824e-05
selection,4710,5.4585406023289744e-05,3.8509145542259905e-05,2.8883463520817175e-05
selection,4711,5.05577425741394e-05,3.937557786450733e-05,2.9842317409977967e-05
selection,4712,4.6076860725814594e-05,3.183168160336568e-05,2.113184173524226e-05
selection,4713,5.193354014800056e-05,3.9466184009865184e-05,2.902644226741671e-05
selection,4714,5.7319306409168937e-05,4.1773981374306555e-05,3.605638246477172e-05
selection,4715,5.2636232442172906e-05,4.174292844527802e-05,2.6473393313218673e-05
selection,4716,5.375567666341891e-05,3.879485202687479e-05,2.899480361908569e-05
selection,4717,5.1923284840617446e-05,4.183940944535971e-05,2.6732812960498098e-05
selection,4718,4.495734648984396e-05,3.218276368548339e-05,2.1373474098417436e-05
selection,4719,5.174735822264046e-05,3.777492346394908e-05,3.090955318866288e-05
selection,4720,5.0784449685509126e-05,4.1835133906004105e-05,2.7260580687778207e-05
selection,4721,5.439805259129754e-05,3.785437249415796e-05,2.9613969492080284e-05
selection,4722,4.7584881692007514e-05,3.19643669193323e-05,2.0409674692796373e-05
selection,4723,5.340627461538284e-05,3.7865554687939126e-05,3.0084570667035726e-05
selection,4724,5.3523758584617576e-05,3.9890078334711174e-05,2.781028892281829e-05
selection,4725,5.765163598648841e-05,4.672765413328519e-05,3.0763802593900916e-05
selection,4726,5.7187827204125286e-05,4.505416900613857e-05,3.2800420756620495e-05
selection,4727,5.7165725043771955e-05,4.866429251002463e-05,2.8957501315506665e-05
selection,4728,5.0281717071631804e-05,3.9475885194368994e-05,2.9887927158813896e-05
selection,4729,5.1402684787009026e-05,3.89197860052223e-05,2.991914019258049e-05
selection,4730,5.2674970633512554e-05,4.04276613427965e-05,2.7417677665845844e-05
selection,4731,5.193623766107877e-05,4.135250947247817e-05,2.7189259232573938e-05
selection,4732,5.4645391303937796e-05,4.177696668682698e-05,2.5352741562494046e-05
selection,4733,5.591215196115305e-05,4.729044636829033e-05,3.103998341880375e-05
selection,4734,4.636751386928986e-05,2.795145720938581e-05,2.5088220046905066e-05
selection,4735,5.152916139926019e-05,4.2104213188527726e-05,2.6628275922778132e-05
selection,4736,4.562185965334161e-05,3.300865671052605e-05,2.0294020354227505e-05
selection,4737,5.269405556574579e-05,4.153425995687482e-05,2.6661875353949134e-05
selection,4738,4.562230252436733e-05,3.229612536387952e-05,2.0968477634082184e-05
selection,4739,5.195581568020933e-05,3.759726824106681e-05,3.1109143728818835e-05
selection,4740,5.7656319033096536e-05,4.4515427569366e-05,3.310797396895301e-05
selection,4741,4.9601147810970476e-05,4.076774265206159e-05,2.8822866463921306e-05
selection,4742,5.389144238455626e-05,3.887398893252558e-05,2.88109145334535e-05
selection,4743,5.259127898734789e-05,4.317729643074381e-05,2.5075873466076208e-05
selection,4744,5.263724574435578e-05,3.957603606701221e-05,2.8685780679042127e-05
selection,4745,4.7678214284359076e-05,3.12874226827462e-05,2.1053410140721942e-05
selection,4746,5.1297124163870016e-05,3.949652868329687e-05,2.9287835507944496e-05
selection,4747,5.507769546621467e-05,4.535145373870609e-05,3.342314825747818e-05
selection,4748,4.576869941551625e-05,3.361689906174709e-05,1.9565288733653658e-05
selection,4749,5.252731611055515e-05,4.4410518974126955e-05,2.365607293133523e-05
selection,4750,5.39684827324623e-05,4.628554014987758e-05,3.2986933300050496e-05
selection,4751,5.577383596946541e-05,4.433643421670096e-05,3.425846287621516e-05
selection,4752,5.4635194457745975e-05,3.6863510264148435e-05,3.051857792002053e-05
selection,4753,5.482279194222605e-05,4.755269683814584e-05,3.134241249267943e-05
selection,4754,5.2950810787336886e-05,3.913310886325003e-05,2.900696168359183e-05
selection,4755,4.590584468376054e-05,3.315054234552791e-05,1.999845678521404e-05
selection,4756,5.4123289322432775e-05,4.2098904002485895e-05,2.5207797993338293e-05
selection,4757,5.205780680812935e-05,4.1599865329522676e-05,2.6851823181603832e-05
selection,4758,5.4377856893886195e-05,4.48877834329104e-05,3.429726499666052e-05
selection,4759,5.114112571792199e-05,3.8568483046853236e-05,3.0374728429443128e-05
selection,4760,5.202844427871746e-05,3.723690353145576e-05,3.131711087475919e-05
selection,4761,5.4912483131281704e-05,3.942943801612368e-05,2.785012184158506e-05
selection,4762,4.6456486438111813e-05,2.8125990026493755e-05,2.5098016746879825e-05
selection,4763,5.204060857280979e-05,3.996198815565237e-05,2.8594955041652042e-05
selection,4764,4.6494993328435584e-05,2.959357867161376e-05,2.3089798113743872e-05
selection,4765,4.4432048725804286e-05,3.264030082737765e-05,2.114610679873485e-05
selection,4766,5.414498209059515e-05,4.1308116823675345e-05,2.626215241896118e-05
selection,4767,5.3678093464957416e-05,4.3262054721911064e-05,2.4245764588337822e-05
selection,4768,5.61036746361135e-05,4.420125070787938e-05,3.4126966568213886e-05
selection,4769,5.239759467039872e-05,4.1935337189986704e-05,2.6298422695455072e-05
selection,4770,4.590178901191597e-05,3.291147839349892e-05,2.007530234689322e-05
selection,4771,5.1603485411089e-05,4.127670412180356e-05,2.7402532983650818e-05
selection,4772,4.540626658854846e-05,3.054939269679634e-05,2.284020477134693e-05
selection,4773,5.726799665427607e-05,4.3614996493472014e-05,3.429649239976411e-05
selection,4774,5.259440888222243e-05,4.074107193281129e-05,2.752640328825575e-05
selection,4775,4.474559856383569e-05,3.443864180894515e-05,1.9161070611031126e-05
selection,4776,4.687794297994226e-05,2.7774037811790163e-05,2.5021166884509866e-05
selection,4777,5.8266248857338546e-05,4.247869087618265e-05,3.4922064095265325e-05
selection,4778,5.132019497269228e-05,4.2787692494735094e-05,2.6016408033302766e-05
selection,4779,5.811030239199393e-05,4.595938087204725e-05,3.128357803908743e-05
selection,4780,5.4870710747531e-05,4.607295203526279e-05,3.286398546233957e-05
selection,4781,5.46846810263775e-05,4.4484567195557845e-05,3.4644933493093747e-05
selection,4782,4.544085275712336e-05,3.0192939550710414e-05,2.3210180090420678e-05
selection,4783,4.835100801275394e-05,3.1443179569502284e-05,2.0512294086566754e-05
selection,4784,5.34123672415067e-05,4.213865205893751e-05,2.5712404957232837e-05
selection,4785,4.769966183461532e-05,3.0935816742935986e-05,2.123104336291276e-05
selection,4786,5.770313356656007e-05,4.603869544802078e-05,3.1564402350287065e-05
selection,4787,5.39246997076631e-05,4.1655748921410456e-05,2.5840627635522293e-05
selection,4788,5.291595319415999e-05,4.4143438306248684e-05,2.3832172661208513e-05
selection,4789,5.00680143052912e-05,3.871434508499185e-05,3.0904846660196576e-05
selection,4790,4.931135732285542e-05,3.955326383086451e-05,3.0182385923489905e-05
selection,4791,4.5526378814103726e-05,3.261744268746901e-05,2.0569153662117257e-05
selection,4792,5.711372692030566e-05,4.447786719378307e-05,3.320346045037306e-05
selection,4793,5.814366332906207e-05,4.39788754480393e-05,3.3184417270862854e-05
selection,4794,5.093707694983498e-05,4.020089050894264e-05,2.8845585520876564e-05
selection,4795,5.336782107385614e-05,4.7546833887377134e-05,3.199122381235114e-05
selection,4796,5.099819431764815e-05,3.765075398058109e-05,3.1416104236099026e-05
selection,4797,5.6006393682985475e-05,4.449264747794254e-05,3.384131168448935e-05
selection,4798,5.0729803613973626e-05,3.765195119198161e-05,3.1496253684058004e-05
selection,4799,4.547633899618073e-05,3.103981994431866e-05,2.2346956659627593e-05
selection,4800,5.656530167345063e-05,4.968388333570089e-05,2.81817302980057e-05
selection,4801,4.5629946085406394e-05,3.374557894295796e-05,1.934625173092682e-05
selection,4802,4.636749218227079e-05,2.85663377833129e-05,2.427443647169425e-05
selection,4803,5.1847144400189194e-05,4.235314349155464e-05,2.620547485457843e-05
selection,4804,4.683259608564372e-05,3.4570644945541176e-05,1.8009996234136913e-05
selection,4805,5.53966157481973e-05,4.542133367472129e-05,3.3206284988107617e-05
selection,4806,5.389124714692203e-05,4.4633491217231006e-05,3.487773318766786e-05
selection,4807,5.292203474477674e-05,4.193551221165068e-05,2.6198917937426868e-05
selection,4808,5.35457047976204e-05,4.1969142493699576e-05,2.5643982921102974e-05
selection,4809,4.631899510712542e-05,3.0624000462792114e-05,2.25071983825373e-05
selection,4810,4.6867327607373525e-05,3.100074941111843e-05,2.1644569906240914e-05
selection,4811,5.290241645650208e-05,4.5397474359342075e-05,3.437904174297529e-05
selection,4812,4.483984336993092e-05,3.040754131838244e-05,2.3290104546835164e-05
selection,4813,5.6179822799294544e-05,3.7910018221778776e-05,2.8447374136062497e-05
selection,4814,5.064624694463193e-05,3.7755946640538974e-05,3.140781117345163e-05
selection,4815,4.501113450389724e-05,3.4118487007334506e-05,1.930822686552317e-05
selection,4816,4.7133521928726865e-05,3.5101351184028e-05,1.7273437887948007e-05
selection,4817,5.3517620126135124e-05,3.603314373058949e-05,3.19881261939739e-05
selection,4818,5.2582751229304836e-05,3.670781759200987e-05,3.1630768812759976e-05
selection,4819,5.784612919894688e-05,4.4277271352536045e-05,3.324762409168075e-05
selection,4820,5.6813757997745225e-05,4.678634796226947e-05,3.12756299893737e-05
selection,4821,4.6765724354568755e-05,3.0615646008470246e-05,2.216170439378943e-05
selection,4822,4.6034268068677804e-05,2.9847185534488246e-05,2.3283619712097723e-05
selection,4823,5.543137526996007e-05,4.172891844444089e-05,3.7159987296926066e-05
selection,4824,5.940263662250854e-05,4.476762151446122e-05,3.183357036128746e-05
selection,4825,5.5511118444308856e-05,4.8204125878646544e-05,3.0302130851459556e-05
selection,4826,5.247378283971537e-05,4.101116133995664e-05,2.733024579841967e-05
selection,4827,5.174074096263265e-05,4.3158377110410406e-05,2.544453658390491e-05
selection,4828,5.280122498317464e-05,3.813263579316755e-05,3.010680831763877e-05
selection,4829,5.3596844692253704e-05,3.781432490904309e-05,3.0065254508457336e-05
selection,4830,4.994873316819501e-05,3.993889664093292e-05,2.9576206297091507e-05
selection,4831,5.5186226076045806e-05,4.7156881847162886e-05,3.1553134026653444e-05
selection,4832,5.119152594732771e-05,4.1083430189954554e-05,2.782156399757401e-05
selection,4833,4.610229348013001e-05,3.2370219570200546e-05,2.0590601475575757e-05
selection,4834,5.245477770456881e-05,4.1224678764199e-05,2.700288477091158e-05
selection,4835,5.606875763168103e-05,4.4466356568284004e-05,3.388333158996463e-05
selection,4836,5.214600212105263e-05,3.971847691081693e-05,2.875107433987777e-05
selection,4837,5.129208756978875e-05,4.113247504082821e-05,2.7732430072454864e-05
selection,4838,5.0421450634601483e-05,4.030489151028972e-05,2.9062484287869363e-05
selection,4839,4.6947672963634176e-05,3.1179194391291944e-05,2.1355814295535004e-05
selection,4840,5.306483345704877e-05,3.631968666323487e-05,3.1817128260611364e-05
selection,4841,5.842380259295107e-05,4.56603073938784e-05,3.1490262936129356e-05
selection,4842,5.166595268993143e-05,4.0494086900891236e-05,2.8286517980838905e-05
selection,4843,5.638552790190982e-05,4.9111648499520954e-05,2.885322426337362e-05
selection,4844,5.0712573569202155e-05,4.150873102687782e-05,2.7584218954345715e-05
selection,4845,4.8302922699464685e-05,3.4021695124235386e-05,1.7837031967049327e-05
selection,4846,4.663387947730534e-05,3.187663018802758e-05,2.093586524734014e-05
selection,4847,5.7620361253241304e-05,4.903995216707486e-05,2.829314438002352e-05
selection,4848,4.604210559770934e-05,3.1207744797529634e-05,2.183046691268019e-05
selection,4849,5.507046472093866e-05,4.005619020588692e-05,2.6850950035234315e-05
selection,4850,5.6762356253868944e-05,4.396767085059782e-05,3.396553861440093e-05
selection,4851,5.839876620910164e-05,4.423423505494628e-05,3.305323180140428e-05
selection,4852,4.7039694404219965e-05,3.227659214580939e-05,2.0250888070927988e-05
selection,4853,5.289004049911278e-05,4.320221365644133e-05,2.4796937744723176e-05
selection,4854,4.714625084673574e-05,3.0259794942203883e-05,2.236002070122126e-05
selection,4855,5.257519267515001e-05,3.612349365050713e-05,3.224169197024349e-05
selection,4856,5.405589720171597e-05,4.0615379147605784e-05,2.6999680391378906e-05
selection,4857,5.475750150343001e-05,4.669368830579319e-05,3.2173103824238634e-05
selection,4858,5.2421494575682754e-05,4.0045912315419615e-05,2.8297638886549635e-05
selection,4859,5.192353787251845e-05,3.956001958892644e-05,2.8881076861521708e-05
selection,4860,5.226561012761451e-05,3.985901127842721e-05,2.8603354775803577e-05
selection,4861,5.6401236850963495e-05,4.793257221785886e-05,3.0242378733051576e-05
selection,4862,5.574959534045623e-05,4.781829883369315e-05,3.059861333567703e-05
selection,4863,5.071166322878726e-05,4.099480904255838e-05,2.8106739817550034e-05
selection,4864,5.6115022638153505e-05,4.75226142577958e-05,3.071219006696616e-05
selection,4865,5.149974442313797e-05,4.121392017343718e-05,2.7329548231850876e-05
selection,4866,5.4395753541498856e-05,4.1245998388755386e-05,2.602993015388916e-05
selection,4867,5.1314846408937774e-05,4.1784638646931934e-05,2.7049890266730088e-05
selection,4868,5.5513122187332086e-05,4.4529301794068414e-05,3.405062214788688e-05
selection,4869,5.233336868441649e-05,3.832218452104982e-05,3.01356106161398e-05
selection,4870,4.773190779903157e-05,3.235635410687022e-05,1.9770256319056473e-05
selection,4871,5.496013798539887e-05,4.640698976650782e-05,3.239759494518998e-05
selection,4872,5.277334991554964e-05,3.917730791826368e-05,2.885196004023447e-05
selection,4873,5.386589386443762e-05,4.132107928753776e-05,2.6385629960761387e-05
selection,4874,5.2053779295789166e-05,3.877662992758316e-05,2.9755409770456142e-05
selection,4875,5.690350190842804e-05,4.7105715285418126e-05,3.082662332848959e-05
selection,4876,5.4274805978538164e-05,4.787948380036438e-05,3.114002214254468e-05
selection,4877,5.452554405441575e-05,3.969170831037494e-05,2.7737197032354522e-05
selection,4878,5.2208046795441456e-05,4.3660439194406346e-05,2.456244113844428e-05
selection,4879,4.3472985256749836e-05,3.178113245652478e-05,2.248882368912076e-05
selection,4880,5.534778914894334e-05,4.785810173878238e-05,3.077401749747052e-05
selection,4881,5.177177575089964e-05,4.180457641566117e-05,2.6824466580219447e-05
selection,4882,5.185783520888926e-05,3.983857554132746e-05,2.872260031355294e-05
selection,4883,4.509743212310362e-05,3.0053841468678047e-05,2.3389146752212923e-05
selection,4884,5.0352227711974285e-05,3.2872771114432744e-05,1.7777520040636692e-05
selection,4885,4.605816792636288e-05,2.8838814575578973e-05,2.440914529258726e-05
selection,4886,5.318863771167661e-05,3.993813889285603e-05,2.8086809037838684e-05
selection,4887,4.4000573643209396e-05,3.206501754565655e-05,2.1944544585305225e-05
selection,4888,5.775604144258273e-05,4.655551300422971e-05,3.0957713368600264e-05
selection,4889,4.500444590780899e-05,2.9314185314459295e-05,2.4273054312156202e-05
selection,4890,4.809888254303327e-05,2.8856034226151674e-05,2.3362570846419604e-05
selection,4891,5.491718999812958e-05,4.736305871919803e-05,3.147983684929679e-05
selection,4892,5.7076767023347865e-05,4.598086998099746e-05,3.189826719971403e-05
selection,4893,5.093560396830345e-05,4.240240610192463e-05,2.6492433080094935e-05
selection,4894,4.586477752876328e-05,3.0189587328850592e-05,2.3031820855209644e-05
selection,4895,5.292462347269435e-05,3.42102330109725e-05,3.401705639314454e-05
selection,4896,5.595989048201904e-05,4.514421660186742e-05,3.322334075356413e-05
selection,4897,5.571652754627258e-05,4.718236130008614e-05,3.126022932881129e-05
selection,4898,5.3724918891205465e-05,3.821575525523975e-05,2.9458096285500177e-05
selection,4899,5.123395764295864e-05,4.051545377059926e-05,2.835907305234073e-05
selection,4900,5.219957667456587e-05,4.297295641838641e-05,2.518645244282612e-05
selection,4901,5.8080710266418325e-05,4.801116135874277e-05,2.927410902243632e-05
selection,4902,4.5270681802274644e-05,3.1866917634174535e-05,2.1558105581653517e-05
selection,4903,5.7361054517841686e-05,4.5689122601658707e-05,3.196566915009498e-05
selection,4904,4.7500161012932224e-05,2.9136064064450302e-05,2.333469270409499e-05
selection,4905,4.5528176948714336e-05,3.204966921852251e-05,2.1334678772553155e-05
selection,4906,5.24023765226181e-05,3.799853163282983e-05,3.0381531256050317e-05
selection,4907,5.503168541801112e-05,4.3134786129693234e-05,2.3664564023577604e-05
selection,4908,5.236148467203522e-05,4.1550184376843146e-05,2.683870385371208e-05
selection,4909,5.472598067543685e-05,4.172103685906306e-05,2.531153870058309e-05
selection,4910,5.8419202102339364e-05,4.5041982891000114e-05,3.21032473354386e-05
selection,4911,4.610622749052239e-05,3.395103873259535e-05,1.90717401096626e-05
selection,4912,5.216844852138967e-05,4.119297332025805e-05,2.726832622787759e-05
selection,4913,4.62274442702264e-05,3.15480340696303e-05,2.144678350424196e-05
selection,4914,5.7405433235991e-05,4.743465380841115e-05,2.992162151239839e-05
selection,4915,5.304299874448798e-05,4.078305073822622e-05,2.7284102321097126e-05
selection,4916,5.200018083865533e-05,4.3115134376341634e-05,2.538155580279571e-05
selection,4917,5.2833457983655435e-05,4.149350274962296e-05,2.6631816479237003e-05
selection,4918,4.623377440751428e-05,2.6999442647580557e-05,2.615511541709221e-05
selection,4919,5.6505497950273004e-05,4.654202049619113e-05,3.145258869134663e-05
selection,4920,5.477152421626803e-05,3.967095393164787e-05,2.7456966396406993e-05
selection,4921,5.6749473489497097e-05,4.694362822828257e-05,3.093874299936742e-05
selection,4922,5.2665800732859316e-05,3.7517390529349914e-05,3.0776211354156356e-05
selection,4923,5.6651149260270454e-05,4.68343183422528e-05,3.118126853459133e-05
selection,4924,4.755034947270323e-05,2.9446035988969155e-05,2.299820323333494e-05
selection,4925,5.37673960310083e-05,3.671510778655305e-05,3.108596764699879e-05
selection,4926,5.250783210792283e-05,4.0078654181093314e-05,2.81194702162155e-05
selection,4927,5.543349149356311e-05,4.681722371786202e-05,3.173770468236346e-05
selection,4928,4.690151591211296e-05,3.1144047799932976e-05,2.1464410468722874e-05
selection,4929,5.451942869818771e-05,3.917688362264893e-05,2.8150792073488673e-05
selection,4930,4.605933449354988e-05,3.2635102785195586e-05,2.0338489305955228e-05
selection,4931,5.642344887436603e-05,4.370238755076254e-05,3.4482894547951914e-05
selection,4932,5.595306192675541e-05,4.7635514883208023e-05,3.063830262927484e-05
selection,4933,5.211448876144298e-05,4.026799643292125e-05,2.8216079875760776e-05
selection,4934,5.15316161947753e-05,4.257342097472785e-05,2.6096808585170525e-05
selection,4935,4.708819545312466e-05,3.2294863487870066e-05,2.043192680095674e-05
selection,4936,5.131896838442242e-05,4.1747690094206855e-05,2.709402782647727e-05
selection,4937,4.700498790713996e-05,3.1411423220683496e-05,2.123242072410339e-05
selection,4938,5.3662786920535084e-05,3.961076434021768e-05,2.819196728256328e-05
selection,4939,5.4415112828974055e-05,4.126321976806305e-05,2.6017111994196233e-05
selection,4940,5.3817025347494235e-05,3.853218163265593e-05,2.922221600770584e-05
selection,4941,4.5881408904114985e-05,3.120057357459847e-05,2.2000012562210813e-05
selection,4942,5.3449358353570785e-05,3.791355691059706e-05,3.0022947708676955e-05
selection,4943,4.5183241403300694e-05,3.271134321171603e-05,2.07423480082744e-05
selection,4944,5.143588217585894e-05,3.853270503253178e-05,3.026363857428774e-05
selection,4945,5.733924653772901e-05,4.221892351788427e-05,3.559765045031125e-05
selection,4946,5.6842097751121246e-05,4.359763071110037e-05,3.427033158922658e-05
selection,4947,5.5338006272575325e-05,3.821528528197166e-05,2.860482094569101e-05
selection,4948,5.642064837647121e-05,4.5664495809458236e-05,3.235346201713672e-05
selection,4949,4.469390885220918e-05,3.285847954111758e-05,2.0824270943666333e-05
selection,4950,5.2064636073853224e-05,3.851497298252087e-05,3.003683881724926e-05
selection,4951,4.65252674869844e-05,3.285427662536005e-05,1.990717068362024e-05
selection,4952,5.1928130206895824e-05,3.834159541084455e-05,3.025554321743173e-05
selection,4953,4.8369827941695614e-05,3.0396435400998918e-05,2.1666067502309242e-05
selection,4954,5.537926690951759e-05,4.661242383958735e-05,3.2102008318157475e-05
selection,4955,4.7472011749980684e-05,2.953072220294382e-05,2.2989432586027888e-05
selection,4956,4.716693657646899e-05,2.8307653279894094e-05,2.4337160574302194e-05
selection,4957,4.7563424247861226e-05,3.177812067937761e-05,2.0568744866666435e-05
selection,4958,5.510231657114456e-05,3.794312938967638e-05,2.9207919557598473e-05
selection,4959,5.64065160116921e-05,4.3525240485160656e-05,3.4608515001483467e-05
selection,4960,4.505792289596895e-05,3.306112687819666e-05,2.0469794687559302e-05
selection,4961,5.394504959223766e-05,4.063902986865718e-05,2.7025165310845663e-05
selection,4962,4.506632529043494e-05,3.3161995156869626e-05,2.0336289231278664e-05
selection,4963,5.5429856870732837e-05,4.787152345743195e-05,3.073283375764125e-05
selection,4964,5.714715551674183e-05,4.43454380349111e-05,3.348444310282905e-05
selection,4965,5.4227318615918155e-05,3.9228429717832794e-05,2.8185200469923094e-05
selection,4966,5.742543321321572e-05,4.6839336645254645e-05,3.082623954062494e-05
selection,4967,4.593184666168033e-05,2.943185809687955e-05,2.3914662245151582e-05
selection,4968,4.65752936492729e-05,3.3127866677259076e-05,1.9636163727627227e-05
selection,4969,5.762915395850856e-05,4.3966791363729753e-05,3.369613877358539e-05
selection,4970,5.283170819719449e-05,4.6443762329831316e-05,3.3333829199120006e-05
selection,4971,5.265621700046423e-05,4.069764679980475e-05,2.753795941646286e-05
selection,4972,5.0612096081101784e-05,4.0819690125615316e-05,2.8489435005272734e-05
selection,4973,4.78911827254645e-05,2.9873114758083136e-05,2.239994164105011e-05
selection,4974,4.417490560492174e-05,3.061232771052992e-05,2.337065139956328e-05
selection,4975,4.546131535415186e-05,3.353352934785169e-05,1.978949341955284e-05
selection,4976,5.5573464338470626e-05,4.804669299495866e-05,3.007685133580499e-05
selection,4977,4.6586985677931444e-05,2.8116791933434482e-05,2.489744795213916e-05
selection,4978,5.1589374195119704e-05,3.9716674875407285e-05,2.896304173053266e-05
selection,4979,5.1313150455404064e-05,3.9285081469682394e-05,2.9587081361139942e-05
selection,4980,4.848346079511581e-05,3.136750329664188e-05,2.0531303734947872e-05
selection,4981,4.7515851732265854e-05,3.30016363223463e-05,1.9303106251051554e-05
selection,4982,4.656067856884582e-05,3.132381836632661e-05,2.1494472593853402e-05
selection,4983,5.0419281571117435e-05,4.182007181559556e-05,2.734046508235853e-05
selection,4984,5.144441459690908e-05,3.860852756592461e-05,3.0228007495027947e-05
selection,4985,5.739341369327974e-05,4.6322681214548076e-05,3.136447817887069e-05
selection,4986,4.5221252191334465e-05,3.340715101806083e-05,1.999790804154833e-05
selection,4987,5.085068052888867e-05,3.876288970098727e-05,3.0291568955591013e-05
selection,4988,4.5434132889697455e-05,3.381577295209514e-05,1.943034234576913e-05
selection,4989,4.6826111503214345e-05,3.066802024487579e-05,2.207524005192126e-05
selection,4990,5.2258005259723145e-05,3.7658583473322146e-05,3.082823148077105e-05
selection,4991,5.1632401611005136e-05,4.0147757158453394e-05,2.8567409353676115e-05
selection,4992,5.645889466200384e-05,4.543814022939742e-05,3.271341976864995e-05
selection,4993,5.6540962383793334e-05,4.545156194804699e-05,3.2672236028820676e-05
selection,4994,5.279115564533004e-05,4.124830807005286e-05,2.6931553849677726e-05
selection,4995,4.763859686499634e-05,2.9446909391500985e-05,2.2800009549698264e-05
selection,4996,5.203509048453846e-05,3.786509049408091e-05,3.061253253717066e-05
selection,4997,4.772287655707462e-05,2.962678852993088e-05,2.2763681060459286e-05
selection,4998,5.318129934175835e-05,4.1112008018525706e-05,2.6751639461288427e-05
selection,4999,5.700860904279455e-05,4.412697101498068e-05,3.377080298666504e-05
selection,5000,4.683057739462774e-05,3.061314225959533e-05,2.2142504396894985e-05
validation,1,5.347390747830851e-05,3.8931541394150624e-05,2.8972653769529737e-05
validation,2,5.301354131660459e-05,3.7401804732722804e-05,3.075068728290358e-05
validation,3,5.427674705879351e-05,3.8213089723412505e-05,2.9324424296598455e-05
validation,4,5.705159979816475e-05,4.9501545282020064e-05,2.822661695639764e-05
validation,5,5.1526147074464946e-05,3.9846113676893654e-05,2.890541089225924e-05
validation,6,5.748278834047594e-05,4.282123911117997e-05,3.479260274719586e-05
validation,7,5.1035237099228314e-05,3.770676958352092e-05,3.1228135283236856e-05
validation,8,4.6591683660292076e-05,3.1009732623563995e-05,2.1815156161435488e-05
validation,9,5.5150815269152215e-05,3.939260342037622e-05,2.7481946716432028e-05
validation,10,4.759941935608288e-05,3.320895473530138e-05,1.908674988332408e-05
validation,11,5.324939362172335e-05,3.900050312919824e-05,2.8815860362288e-05
validation,12,5.2583678449470704e-05,3.9292318331972865e-05,2.9006820689950944e-05
validation,13,4.636582986854687e-05,3.1573082789316016e-05,2.128193548685985e-05
validation,14,5.3242988502743963e-05,4.617827062439908e-05,3.340223670730634e-05
validation,15,5.73003708716819e-05,4.34984102207867e-05,3.4324653036448314e-05
validation,16,5.3396820434402214e-05,4.0640937284814836e-05,2.719206447466603e-05
validation,17,5.128688255632066e-05,3.881470493618509e-05,3.0033497918269128e-05
validation,18,5.26496929832759e-05,3.867250798964216e-05,2.9580777953883667e-05
validation,19,5.538475133620361e-05,4.685409103561299e-05,3.175213682479407e-05
validation,20,5.237805087158461e-05,3.9594245626383525e-05,2.8785548788637122e-05
validation,21,5.1826403898669855e-05,4.052810663446349e-05,2.807108640936116e-05
validation,22,5.815207548749207e-05,4.8093464444304035e-05,2.8927910993581464e-05
validation,23,5.404161204230454e-05,4.294236742400838e-05,2.4335829516334775e-05
validation,24,5.749210653810699e-05,4.3388638877868366e-05,3.424417809454949e-05
validation,25,5.839168073031925e-05,4.681410054186002e-05,3.0459908085665255e-05
validation,26,5.299367893638506e-05,3.905287626153346e-05,2.9075252853131938e-05
validation,27,4.676030378518814e-05,2.971193586211723e-05,2.314346570861521e-05
validation,28,4.560708257281447e-05,3.248261723961385e-05,2.0823866448724648e-05
validation,29,5.599221354738177e-05,4.9947148947515496e-05,2.808505614321087e-05
validation,30,5.37788605920239e-05,3.860784459235641e-05,2.9169119624126124e-05
validation,31,5.118617406885505e-05,3.671648018817679e-05,3.2352711341593794e-05
validation,32,5.518450474336336e-05,4.580308205600985e-05,3.292286269381888e-05
validation,33,5.136828309679845e-05,4.1298099151720386e-05,2.7523039399560817e-05
validation,34,5.1726691103622964e-05,4.2288083778951745e-05,2.633145258199836e-05
validation,35,4.953789947394526e-05,4.083332744790416e-05,2.8792000233350548e-05
validation,36,5.574696450886028e-05,4.784881603495159e-05,3.0610080408468424e-05
validation,37,5.128688255632066e-05,3.881470493618509e-05,3.0033497918269128e-05
validation,38,5.490936022841492e-05,3.789089300805001e-05,2.9359312376453597e-05
validation,39,5.160026978418979e-05,4.014436454886243e-05,2.8530841627530868e-05
validation,40,5.172216710437167e-05,3.972982249443781e-05,2.902824070376765e-05
validation,41,5.23830988209109e-05,4.2073324330750314e-05,2.614980256703342e-05
validation,42,5.302167363319611e-05,3.9112358300721294e-05,2.8957267109838717e-05
validation,43,5.69995444413585e-05,4.583879332325901e-05,3.202883605978323e-05
validation,44,5.762050739038157e-05,4.366363836048682e-05,3.391293302662444e-05
validation,45,4.3935702223747005e-05,3.239490760814187e-05,2.1626731386634605e-05
validation,46,5.52443565891091e-05,4.786836719864032e-05,3.06919666804853e-05
validation,47,5.0869777595057155e-05,3.7798757775744144e-05,3.139294674433021e-05
validation,48,5.2031640483191443e-05,4.1665182560524046e-05,2.6675203603386065e-05
validation,49,4.564192931045645e-05,3.2005508991314634e-05,2.124040698838585e-05
validation,50,4.9800325813185036e-05,4.2444831644342925e-05,2.7042625624731982e-05
validation,51,5.477582008848244e-05,3.550563960590392e-05,3.185571933103518e-05
validation,52,5.5956813187445947e-05,4.5826287083670467e-05,3.255796299627186e-05
validation,53,5.2282893966694025e-05,3.806653151367036e-05,3.034025520386206e-05
validation,54,5.26905900743899e-05,3.87661954903168e-05,2.949040260508717e-05
validation,55,4.594498292924384e-05,2.8278333733718323e-05,2.4979632148897687e-05
validation,56,5.547813734917035e-05,4.7361293801637684e-05,3.1105104121988546e-05
validation,57,5.4810377600926884e-05,3.655596491070299e-05,3.049975355388095e-05
validation,58,5.3559704322074994e-05,3.63142820615026e-05,3.151826750739465e-05
validation,59,5.542149499471883e-05,4.698981748401635e-05,3.150675840807111e-05
validation,60,5.6325218533113575e-05,4.345664985554476e-05,3.470036463133028e-05
validation,61,5.6785846300385436e-05,4.639989451341778e-05,3.1587391510616435e-05
validation,62,5.159723666549618e-05,4.095765965818807e-05,2.7754928853927945e-05
validation,63,5.1226567730416925e-05,4.1243668743515044e-05,2.7630122776404035e-05
validation,64,5.437381234333577e-05,4.1295451318884605e-05,2.598969587657046e-05
validation,65,5.5926797208420405e-05,4.707227807799524e-05,3.129906204679624e-05
validation,66,4.610137807218812e-05,2.951061080148997e-05,2.359314233202467e-05
validation,67,5.548175764580548e-05,4.697667899807009e-05,3.1597239405794664e-05
validation,68,4.554731148348093e-05,3.088256163515159e-05,2.2514615031353027e-05
validation,69,5.146744650843564e-05,3.7957630086904814e-05,3.089637646730706e-05
validation,70,5.720604982540323e-05,4.527621307174019e-05,3.2455937545240966e-05
validation,71,4.765946949446239e-05,2.8501777907290206e-05,2.3838876121633224e-05
validation,72,4.69351164614644e-05,3.240031792178796e-05,2.0310137930834503e-05
validation,73,5.161707998747969e-05,3.971012488163757e-05,2.9090019740195943e-05
validation,74,5.6123847432333986e-05,4.585558530319572e-05,3.240335599692761e-05
validation,75,4.3086214245886555e-05,3.0211761093431445e-05,2.4434052925149923e-05
validation,76,5.654151715594397e-05,4.7023896808501654e-05,3.1054970842954725e-05
validation,77,5.294010939482807e-05,4.3146267446279814e-05,2.4954213629779633e-05
validation,78,5.377422793843024e-05,3.8955334258784634e-05,2.8792880409764706e-05
validation,79,5.855252945315434e-05,4.322756540496456e-05,3.392642712108394e-05
validation,80,5.1104746708381594e-05,4.209523593260492e-05,2.6831705388276725e-05
validation,81,5.606898658964381e-05,4.566923645826725e-05,3.266995189797258e-05
validation,82,5.369564521250013e-05,4.656194675087867e-05,3.272440986926015e-05
validation,83,5.087455743847933e-05,4.183256826552505e-05,2.7201614200700912e-05
validation,84,4.6139138468256785e-05,3.190004647805937e-05,2.1160891733122243e-05
validation,85,5.820599396231612e-05,4.3693646838142615e-05,3.350540680147992e-05
validation,86,5.091892841537751e-05,4.1432297247540756e-05,2.757666187144272e-05
validation,87,5.653055057215895e-05,4.759149682755513e-05,3.0387764729074775e-05
validation,88,5.671945580901958e-05,4.470886567566111e-05,3.3301335270517165e-05
validation,89,5.3089099892814906e-05,3.831667438965304e-05,2.9935468459964712e-05
validation,90,4.65081750945648e-05,3.1408822727154146e-05,2.1515471806923062e-05
validation,91,5.395120462576427e-05,3.970168674075352e-05,2.794361183918486e-05
validation,92,5.468442427052671e-05,4.6166207389099104e-05,3.27371117468806e-05
validation,93,5.171928154880337e-05,4.24053326389014e-05,2.6223927013970228e-05
validation,94,5.130781768292645e-05,3.9078327094334075e-05,2.9776770508223865e-05
validation,95,5.642391090437538e-05,4.9210419161869986e-05,2.864581851821027e-05
validation,96,4.763539703614998e-05,3.0137655209736177e-05,2.2242497664924744e-05
validation,97,5.384943243162893e-05,4.080480519847406e-05,2.6711271156386453e-05
validation,98,5.2746729849773363e-05,3.788849055164649e-05,3.0377831073591402e-05
validation,99,4.470691297396623e-05,3.0287266715803143e-05,2.3460610144503673e-05
validation,100,5.7546339490382334e-05,4.6003061247852215e-05,3.147251331060268e-05
validation,101,5.288738359810089e-05,4.0951917155120874e-05,2.7210167701462508e-05
validation,102,5.3593095008321475e-05,3.7050252662496874e-05,3.080476764402774e-05
validation,103,5.0923258676395144e-05,4.150028846263062e-05,2.7494387894970272e-05
validation,104,5.1850792627559616e-05,4.3284321693237425e-05,2.5266717863845944e-05
validation,105,5.778325287335554e-05,3.6756835948888946e-05,2.8968315962271583e-05
validation,106,5.085230842554883e-05,4.3210977599157904e-05,2.5752025971300807e-05
validation,107,5.4689084032160324e-05,4.145584566089374e-05,3.774399274675767e-05
validation,108,5.667254227638013e-05,4.620201212438613e-05,3.1844408030947783e-05
validation,109,5.937085216456384e-05,4.656189483415129e-05,3.000110972775187e-05
validation,110,5.492914540310658e-05,4.744203589871273e-05,3.1375174312953595e-05
validation,111,5.164734381644867e-05,4.148977418730765e-05,2.7289001215263556e-05
validation,112,4.5135133798629756e-05,3.217417913057232e-05,2.12943496296699e-05
validation,113,5.208095026367665e-05,4.278120127513825e-05,2.5430619784505824e-05
validation,114,5.5929812292664256e-05,4.73265979403996e-05,3.115046520718814e-05
validation,115,5.0602204217931697e-05,3.858868391751304e-05,3.0614839796930674e-05
validation,116,4.7122762911719395e-05,3.0413323733799e-05,2.2189098537524254e-05
validation,117,5.499596758611804e-05,3.6837641400086214e-05,3.0357858562122578e-05
validation,118,5.724066137401761e-05,4.371531293962173e-05,3.413292896667675e-05
validation,119,5.663099656889085e-05,4.302353940360695e-05,3.5102277156481756e-05
validation,120,5.7471002702944665e-05,4.6336353938713825e-05,3.1271451631196016e-05
validation,121,4.977890598117587e-05,4.0586906950899155e-05,2.8952494358367363e-05
validation,122,4.597611801570844e-05,3.3196652494954794e-05,1.9828467747467065e-05
validation,123,5.302171544925996e-05,4.134489501189436e-05,2.653431546125472e-05
validation,124,5.714217488242984e-05,4.338321617703482e-05,3.450202927052079e-05
validation,125,4.615534746909554e-05,3.1638522618477084e-05,2.1309572745624127e-05
validation,126,5.155659057024702e-05,4.064440119225051e-05,2.810890612841439e-05
validation,127,5.459649788985822e-05,3.785126742238766e-05,2.9460856328911043e-05
validation,128,4.677839874322828e-05,3.381603855028366e-05,1.8721580050851686e-05
validation,129,4.79972195385467e-05,2.8791458675645787e-05,2.340079175827879e-05
validation,130,5.867280105277571e-05,4.5498497538940735e-05,3.1680500562653076e-05
validation,131,5.098111614489178e-05,4.0777868851507965e-05,2.821090274614871e-05
validation,132,5.116354200419024e-05,4.097090732577711e-05,2.79581989778037e-05
validation,133,4.772806115262192e-05,3.0907682372315324e-05,2.134320643668246e-05
validation,134,5.117354040303724e-05,3.7863292245227306e-05,3.1101318605590464e-05
validation,135,5.3225039793996257e-05,3.562539162998163e-05,3.256646300989031e-05
validation,136,5.6638406381504296e-05,5.1551766233404655e-05,2.6020232798559115e-05
validation,137,5.219604067588328e-05,4.173109335641391e-05,2.6733591462602832e-05
validation,138,4.671626070631551e-05,2.8480943715840488e-05,2.4181232219959022e-05
validation,139,5.358320543976622e-05,3.921298732082785e-05,2.8633739055671264e-05
validation,140,5.359819467048668e-05,4.261592015465702e-05,2.4924505363012343e-05
validation,141,5.232834240514207e-05,4.2478764666793144e-05,2.5632909242306207e-05
validation,142,5.782588765257522e-05,4.8653593992049574e-05,2.8605293869484256e-05
validation,143,4.7080668877451585e-05,3.022917611039733e-05,2.244914676647602e-05
validation,144,4.6506381276765685e-05,2.594982378001502e-05,2.7145853925988976e-05
validation,145,5.312960963013183e-05,3.9531845750698125e-05,2.8414839793923634e-05
validation,146,5.198830958919465e-05,4.154741805125932e-05,2.7015432117619584e-05
validation,147,5.3230475040587565e-05,4.094570355701857e-05,2.6822616874753937e-05
validation,148,5.1407315527505834e-05,4.134415744329881e-05,2.7528204632892108e-05
validation,149,5.667974382286054e-05,4.364107518465973e-05,3.442609809110071e-05
validation,150,4.747749416901731e-05,3.197899579266784e-05,2.020710167814793e-05
validation,151,5.2761636617204176e-05,3.9641685284798344e-05,2.868813091698163e-05
validation,152,5.742314325354383e-05,4.7606310323163784e-05,3.0056537677086595e-05
validation,153,4.688677459024483e-05,3.2230880164698945e-05,2.0360415621446847e-05
validation,154,5.542741152240648e-05,4.757001407385047e-05,3.09195873253857e-05
validation,155,5.312090745238442e-05,4.203872784652509e-05,2.5899786568832955e-05
validation,156,5.1740019322468006e-05,3.885450124524158e-05,2.983277155266925e-05
validation,157,5.213226875930577e-05,4.0583857208153324e-05,2.7809177074459886e-05
validation,158,4.6685251123442697e-05,3.1570599703963664e-05,2.1230713346148534e-05
validation,159,5.150136899545318e-05,4.162678273732656e-05,2.7126152381176878e-05
validation,160,5.060158903247746e-05,3.83377798162725e-05,3.0860111049108534e-05
validation,161,4.572272687454695e-05,2.9490653665985577e-05,2.378700016002419e-05
validation,162,4.689274652828677e-05,2.9151272882400974e-05,2.3590461321778784e-05
validation,163,5.388366854731827e-05,3.9756060951924386e-05,2.7917504288304702e-05
validation,164,5.697465097225439e-05,4.7183460784437684e-05,3.052127049595862e-05
validation,165,5.7385449286981907e-05,4.582130358371506e-05,3.18636568794748e-05
validation,166,5.2296681400773515e-05,3.9951923420334776e-05,2.8493249496978822e-05
validation,167,5.236453705621019e-05,3.922034964709567e-05,2.9192668995696206e-05
validation,168,5.458448609471033e-05,3.8779786783515044e-05,2.8453385281590814e-05
validation,169,5.475757077444601e-05,4.567532510360095e-05,3.3254851758690736e-05
validation,170,5.2313548742525966e-05,4.292696253314293e-05,2.5256188326647253e-05
validation,171,5.6041185452765586e-05,5.174422219157225e-05,2.614504431864917e-05
validation,172,4.5510730262446165e-05,3.311801319965098e-05,2.0200233441301476e-05
validation,173,4.6832031743600365e-05,3.2228026954817424e-05,2.0506216427020592e-05
validation,174,5.5934900605567766e-05,4.542887817678954e-05,3.296138632334851e-05
validation,175,5.613272969880707e-05,4.3880672528121524e-05,3.445966166805223e-05
validation,176,4.6268740165422806e-05,3.470708322021114e-05,1.8248663518729688e-05
validation,177,5.243244620279591e-05,3.8659539913358044e-05,2.96168188499334e-05
validation,178,5.3892378486344505e-05,3.9978381403778666e-05,2.754300102342943e-05
validation,179,4.463777665725211e-05,2.981356102410161e-05,2.4028703981047313e-05
validation,180,4.709839797491209e-05,3.0078528426654527e-05,2.2597782393210502e-05
validation,181,5.233413253338579e-05,4.163691015060269e-05,2.6732401621460367e-05
validation,182,5.409796817586011e-05,3.86870396846377e-05,2.8915395343267258e-05
validation,183,5.1812901317026003e-05,3.78356642898469e-05,3.092234651792638e-05
validation,184,5.815107857851535e-05,4.365437013410834e-05,3.359137511306845e-05
validation,185,5.548056631847121e-05,4.723165864432234e-05,3.1340507121446224e-05
validation,186,5.0102300353737476e-05,3.2840457024059436e-05,1.7945275863181136e-05
validation,187,5.8769447555823645e-05,4.7671387761574895e-05,2.8921710348471366e-05
validation,188,4.641929570268116e-05,2.911764216774637e-05,2.3937988969180693e-05
validation,189,5.548462752830332e-05,4.739415756468533e-05,3.113346248240279e-05
validation,190,5.294432935013447e-05,3.95217056182379e-05,2.8615452484415333e-05
validation,191,5.678778453422975e-05,4.311017754976902e-05,3.4840793256162754e-05
validation,192,5.8260332329650894e-05,4.189849428634853e-05,3.5509235177950744e-05
validation,193,4.760443657173856e-05,3.436021613842405e-05,1.7670726180405364e-05
validation,194,4.711214743945465e-05,3.374179312924288e-05,1.85958803281044e-05
validation,195,5.5935930232260225e-05,4.4412298745603994e-05,3.40178234329871e-05
validation,196,5.735576328059032e-05,4.602097276979935e-05,3.1636422993573694e-05
validation,197,5.262674623579114e-05,4.109210465482111e-05,2.7063017475573185e-05
validation,198,5.211041020306487e-05,3.712666689224441e-05,3.142820334336916e-05
validation,199,5.5626388323849204e-05,4.383034479769598e-05,3.482010532577797e-05
validation,200,5.6341006128435116e-05,4.673062140336249e-05,3.1426127996060074e-05
validation,201,5.244212481274528e-05,3.932758531330983e-05,2.8926411549635117e-05
validation,202,5.009995965085433e-05,4.0750546879603e-05,2.8633609496653087e-05
validation,203,4.634410482253361e-05,3.0475118557538328e-05,2.2513997395801254e-05
validation,204,4.644187018153194e-05,3.2205313410671684e-05,2.065894621239914e-05
validation,205,5.402103059805546e-05,4.3505412761287244e-05,2.3764799101466745e-05
validation,206,5.496969506494864e-05,3.956875920856233e-05,2.763644837879582e-05
validation,207,5.880770035165009e-05,4.544337377425369e-05,3.15539373950324e-05
validation,208,5.346533221107871e-05,4.2257018729009295e-05,2.553948353851664e-05
validation,209,5.2031769970538036e-05,4.3795664698738125e-05,2.448892908247729e-05
validation,210,5.253593364574587e-05,4.00020772601214e-05,2.8128489839898233e-05
validation,211,5.483542312723827e-05,4.57224543365487e-05,3.315259885181888e-05
validation,212,5.264321154607349e-05,3.906110474463003e-05,2.9189268754707167e-05
validation,213,5.047398890666718e-05,4.1200468902099405e-05,2.7957310727340586e-05
validation,214,5.165535767265856e-05,3.812829417487983e-05,3.0684297232638065e-05
validation,215,4.635936829393821e-05,2.88018226401289e-05,2.4179493393314035e-05
validation,216,4.710756771194919e-05,3.223011789166714e-05,2.031018156951554e-05
validation,217,5.2664902462301716e-05,4.019724663524198e-05,2.8272902818001727e-05
validation,218,5.130977639605918e-05,3.750403319751175e-05,3.129324411712464e-05
validation,219,5.240010142312424e-05,4.24708403010978e-05,2.5794709339682997e-05
validation,220,5.471247247082047e-05,4.27326595946424e-05,3.633753409503486e-05
validation,221,4.658346029993205e-05,2.912247987271497e-05,2.377950177987606e-05
validation,222,4.532767075235651e-05,2.9934140904185592e-05,2.3506736144735137e-05
validation,223,5.3286898907724844e-05,4.142163879890815e-05,2.649274484980873e-05
validation,224,5.343331004104295e-05,3.9024755302088856e-05,2.892017904452368e-05
validation,225,5.225344237511509e-05,4.1291222952707194e-05,2.7076629423802632e-05
validation,226,5.987848979548937e-05,4.6134620429300575e-05,3.013897372317982e-05
validation,227,5.338798087274958e-05,4.3299832630038145e-05,2.4329193152473125e-05
validation,228,5.25001745015657e-05,4.084074266759115e-05,2.747740019889298e-05
validation,229,5.6744765016367255e-05,4.2557321736567705e-05,3.5603908319326964e-05
validation,230,5.3171539724324684e-05,4.0558351595789694e-05,2.734585948660655e-05
validation,231,5.324001083056125e-05,3.7827082735289264e-05,3.0178202320776612e-05
validation,232,4.478343918370437e-05,3.249689352591152e-05,2.0992694445106446e-05
validation,233,5.3457610514455336e-05,3.881922184590505e-05,2.9056854716236197e-05
validation,234,5.5899121064566095e-05,4.466167941813e-05,3.376811229882907e-05
validation,235,4.503881893169157e-05,3.387601647319952e-05,1.965258978305461e-05
validation,236,5.305772195705187e-05,3.864309678124941e-05,2.9421198079922543e-05
validation,237,4.695742409132056e-05,3.181000700728817e-05,2.0844911723075304e-05
validation,238,5.470397423685171e-05,3.684297276013831e-05,3.0365347343257077e-05
validation,239,5.2137070939802093e-05,4.112198078907469e-05,2.710426173774026e-05
validation,240,4.946725194080811e-05,2.8712671356674425e-05,2.269486205543447e-05
validation,241,5.956734507852563e-05,4.726658869312093e-05,2.9197771980190935e-05
validation,242,5.527293624637736e-05,4.328679277077313e-05,3.546264553348458e-05
validation,243,5.4918326000191135e-05,4.529873466568153e-05,3.349636854487508e-05
validation,244,4.4437526964762294e-05,3.261357659861792e-05,2.129390897398812e-05
validation,245,5.28285206492398e-05,4.099534856451046e-05,2.7186635817029333e-05
validation,246,5.2402085190733697e-05,3.970865932503422e-05,2.8671933083320147e-05
validation,247,5.4722542636949435e-05,3.636659393134787e-05,3.08772111270704e-05
validation,248,5.667093064404095e-05,4.794824600273353e-05,2.9910131166046086e-05
validation,249,5.3077707089705466e-05,4.127444672019061e-05,2.667580102845559e-05
validation,250,4.643851970268013e-05,2.9940529996277935e-05,2.2931519739938612e-05
validation,251,5.583845606529555e-05,4.191155803822585e-05,3.660523642991381e-05
validation,252,5.065802975338677e-05,3.770011909313996e-05,3.1655900144099755e-05
validation,253,4.68086372428873e-05,3.0466120321529103e-05,2.2294561461845523e-05
validation,254,5.017570384584976e-05,4.155733265359233e-05,2.7793291352394047e-05
validation,255,5.105781989212802e-05,4.23601434536849e-05,2.6592226084771803e-05
validation,256,5.412817434168209e-05,3.812415507936693e-05,2.9324214359389786e-05
validation,257,4.4972034049592995e-05,3.145747104827242e-05,2.2098419130334207e-05
validation,258,5.4224166611957095e-05,4.387773439918655e-05,3.5407064129505866e-05
validation,259,5.266814556170318e-05,4.345209219250428e-05,2.448889492443206e-05
validation,260,5.8218150430523904e-05,4.397079149935849e-05,3.338581433146689e-05
validation,261,5.320729045188906e-05,3.6689547099017864e-05,3.1387746949175014e-05
validation,262,5.04626368797254e-05,4.1684012594928975e-05,2.7525986848765948e-05
validation,263,4.9725182926289034e-05,3.8760863386541116e-05,3.083636409482273e-05
validation,264,5.348666855481989e-05,3.7686415277119615e-05,3.0222807470391057e-05
validation,265,5.28636931602194e-05,3.917582848891642e-05,2.898398365666073e-05
validation,266,5.012114518646729e-05,3.8918640056760294e-05,3.0516354206157115e-05
validation,267,5.2499762831855795e-05,3.927253418468242e-05,2.9295389317456602e-05
validation,268,5.1299116244842214e-05,3.82147193215639e-05,3.067458400889828e-05
validation,269,5.5611148882644264e-05,4.400764042705492e-05,3.444576205534228e-05
validation,270,5.215457447944019e-05,4.153212009427872e-05,2.6770178059469505e-05
validation,271,5.4938718225789404e-05,4.7987564312710154e-05,3.082982757148286e-05
validation,272,4.713991509323262e-05,3.1872541945127754e-05,2.0732077743964665e-05
validation,273,5.3036814574429385e-05,4.0396764928497094e-05,2.756831620997989e-05
validation,274,5.042230705375046e-05,3.91220620471472e-05,3.032232127950638e-05
validation,275,5.191371588561966e-05,4.195707623598836e-05,2.6618781898078224e-05
validation,276,5.570559979739165e-05,4.731334458987176e-05,3.114414164453842e-05
validation,277,4.718442108924374e-05,3.3261505043010016e-05,1.9200574313470444e-05
validation,278,4.7370371631376994e-05,3.3565681110476655e-05,1.8663950120918564e-05
validation,279,4.6666923226557774e-05,3.3055842915248445e-05,1.9698006954093222e-05
validation,280,5.346420186220339e-05,3.900253337373913e-05,2.8765660074294485e-05
validation,281,4.4325149105107045e-05,2.936538598390738e-05,2.4538092485080396e-05
validation,282,5.2626286353641266e-05,3.692440257619053e-05,3.137957777272937e-05
validation,283,5.5587982463304675e-05,4.4520067037290636e-05,3.4004053816404114e-05
validation,284,5.81514858245626e-05,4.32525443183412e-05,3.4160887500529846e-05
validation,285,5.282981135604452e-05,4.054512710333541e-05,2.752931492697226e-05
validation,286,4.5751725966170435e-05,3.0227869335156467e-05,2.305189082301071e-05
validation,287,4.6376349400376285e-05,2.980665986715377e-05,2.299574651349954e-05
validation,288,5.2516122371331116e-05,3.59951619543533e-05,3.25471777689307e-05
validation,289,5.7542877972672895e-05,4.8906539337477344e-05,2.8458769463411527e-05
validation,290,5.83060114764217e-05,4.494638358823242e-05,3.238009716705326e-05
validation,291,4.789184329470887e-05,2.957957803606567e-05,2.2706765013027104e-05
validation,292,4.506801985313962e-05,2.9527716564104894e-05,2.4215953959296354e-05
validation,293,5.582246182186769e-05,4.758721966995703e-05,3.0852851377293774e-05
validation,294,5.342232011922334e-05,4.119114486657272e-05,2.6443138887733617e-05
validation,295,5.513446994711122e-05,4.495429993138119e-05,3.382370175944803e-05
validation,296,5.2224854723351056e-05,4.19475308093916e-05,2.641215465501961e-05
validation,297,5.290653778483348e-05,3.91656775757171e-05,2.8911455474094677e-05
validation,298,4.557839321247789e-05,3.317940841514992e-05,1.9919628179645468e-05
validation,299,5.484307830876402e-05,4.503092009119291e-05,3.3929851011077396e-05
validation,300,4.662470819669418e-05,3.114617055499329e-05,2.1729162286040595e-05
validation,301,5.1550771709977414e-05,4.04840042735798e-05,2.8301817609067213e-05
validation,302,5.273167168639582e-05,3.876177672135665e-05,2.9509868957896705e-05
validation,303,5.8380520024745264e-05,4.610377310750606e-05,3.112361203584905e-05
validation,304,5.189631098085923e-05,3.704325079676459e-05,3.1613494287326974e-05
validation,305,4.5675623904785344e-05,2.8845777256153972e-05,2.4662362784318352e-05
validation,306,5.3415539540311194e-05,4.074756130887314e-05,2.7141139764347848e-05
validation,307,5.255411801796339e-05,4.0613648416638144e-05,2.768777470661865e-05
validation,308,4.5238427197321954e-05,3.074739433107916e-05,2.2725146619110472e-05
validation,309,5.02839265601269e-05,4.1579148518997105e-05,2.7750760219145688e-05
validation,310,5.584107361633409e-05,4.356121526948047e-05,3.488434369124978e-05
validation,311,5.2113533073963546e-05,4.024703550669772e-05,2.824869724478302e-05
validation,312,5.244313195041326e-05,4.124593112015628e-05,2.6828899849933002e-05
validation,313,4.485314101887104e-05,3.1470310347510456e-05,2.217536573605347e-05
validation,314,5.613081516651453e-05,4.472840271362943e-05,3.3603471043636676e-05
validation,315,5.0951563505013356e-05,4.001277979318673e-05,2.8925373321978943e-05
validation,316,5.6157652507753034e-05,4.619338266736088e-05,3.220363478134241e-05
validation,317,5.585978863642381e-05,4.8736089995360647e-05,2.9386344657320116e-05
validation,318,5.389699420395662e-05,3.970536046349818e-05,2.80708010657632e-05
validation,319,5.135706162871097e-05,4.062228375072357e-05,2.8220383020274498e-05
validation,320,5.2753291311665364e-05,3.642848976947677e-05,3.1869737444156476e-05
validation,321,4.9981266045696e-05,4.2673411638988015e-05,2.6693247232512163e-05
validation,322,5.244005161429736e-05,4.1681306601780866e-05,2.6551103427177176e-05
validation,323,5.345540270743125e-05,3.8366959090753944e-05,2.94214786189472e-05
validation,324,5.4258212042481096e-05,3.6607291624646676e-05,3.100585770256036e-05
validation,325,5.268934523661766e-05,3.865533193794989e-05,2.969757288865663e-05
validation,326,5.213400313993325e-05,4.060011075308349e-05,2.788877933824582e-05
validation,327,5.412313043336092e-05,3.9227154016615775e-05,2.8387155836344542e-05
validation,328,4.9506674549252084e-05,4.228562525655524e-05,2.7361455345087117e-05
validation,329,5.272145963974012e-05,4.07547071587883e-05,2.7456514953160845e-05
validation,330,5.3668162799447834e-05,4.05933152162268e-05,2.699181466794833e-05
validation,331,5.144247315421173e-05,4.13606965690165e-05,2.732006620902985e-05
validation,332,4.7387940263048484e-05,2.999971561644474e-05,2.2518503737172923e-05
validation,333,5.254745728584027e-05,3.763325495029707e-05,3.078856136670846e-05
validation,334,5.1125482842159744e-05,4.242153866918384e-05,2.6311620823115795e-05
validation,335,5.365163560354762e-05,3.78516365639809e-05,2.995902043874356e-05
validation,336,5.656316716889008e-05,4.735653002530435e-05,3.06273689632065e-05
validation,337,4.703797049922635e-05,3.096992502305206e-05,2.1498004980520743e-05
validation,338,5.2679344766286986e-05,4.403330532282086e-05,2.3802581281099748e-05
validation,339,5.286704113925958e-05,4.29802362394442e-05,2.5046794838681208e-05
validation,340,4.521543553409074e-05,3.283926935659476e-05,2.0428618939258676e-05
validation,341,5.3323258376115985e-05,3.8898810719261844e-05,2.9097997764582645e-05
validation,342,4.881063137396973e-05,3.269578907298138e-05,1.887391920189344e-05
validation,343,5.186808559559178e-05,4.1189752197167605e-05,2.7379782298030134e-05
validation,344,5.2351284534975294e-05,3.70841259911205e-05,3.1335661219987594e-05
validation,345,5.069922879573867e-05,4.2202807407374425e-05,2.6916358382226498e-05
validation,346,5.117275907327215e-05,4.187241548455194e-05,2.6769872255072777e-05
validation,347,4.625017319452997e-05,3.0298049875922044e-05,2.270262005852946e-05
validation,348,5.1804269795539805e-05,4.107276351936139e-05,2.7455598179867636e-05
validation,349,5.261193159451822e-05,4.1853488891040926e-05,2.6389795234632215e-05
validation,350,5.33583142710676e-05,3.7473415150010416e-05,3.053693846966437e-05
validation,351,5.674079773808917e-05,4.733997595719094e-05,3.06480261063259e-05
validation,352,5.071530296144728e-05,4.216407385282958e-05,2.6933823970909536e-05
validation,353,5.7210457835328795e-05,4.504987975956474e-05,3.2585091523973845e-05
validation,354,5.812663436116627e-05,4.9248298172615206e-05,2.7747838902834732e-05
validation,355,5.588622049232562e-05,4.418692294930117e-05,3.4288317846160776e-05
validation,356,4.4349556564293024e-05,3.1668242045676656e-05,2.2183149581503722e-05
validation,357,5.5849266332275434e-05,4.4816711842739836e-05,3.357955209698369e-05
validation,358,5.770198425745861e-05,4.333583917461906e-05,3.425822712627206e-05
validation,359,4.516341665425331e-05,3.0681707471986166e-05,2.2852568731524143e-05
validation,360,5.306516899870532e-05,4.20059185166705e-05,2.5785754875026824e-05
validation,361,5.590034632997153e-05,4.347409204403933e-05,3.495828083752821e-05
validation,362,5.2488905070979625e-05,4.007449176682548e-05,2.8171561979098506e-05
validation,363,5.2408999321679494e-05,4.0013519449101196e-05,2.8341862970892207e-05
validation,364,5.585181708070031e-05,4.390744694419711e-05,3.456375607014826e-05
validation,365,4.573194074402324e-05,3.185486578816716e-05,2.1391452532195113e-05
validation,366,4.397624719870193e-05,3.244612767141619e-05,2.1548442893435686e-05
validation,367,5.312771830698802e-05,4.2191697504641105e-05,2.5581063220116704e-05
validation,368,4.5116050804020746e-05,3.226717383363973e-05,2.1342261828574463e-05
validation,369,4.59526524312638e-05,3.4981014987442286e-05,1.7927296215638772e-05
validation,370,5.827666310234068e-05,4.2285549430546604e-05,3.5057836994339465e-05
validation,371,5.354614063118387e-05,3.793962466151995e-05,2.9936591929684426e-05
validation,372,5.6706333946655934e-05,4.79762891371691e-05,3.0021660342095328e-05
validation,373,5.3740751872186124e-05,3.8650670518749943e-05,2.9031483143718013e-05
validation,374,4.6428430395408606e-05,3.3579900101692465e-05,1.9332252024467644e-05
validation,375,4.5049132023280277e-05,3.043602172230013e-05,2.3114795178980566e-05
validation,376,5.5952644792928356e-05,4.6857641770766435e-05,3.1513348011761005e-05
validation,377,5.611685576212533e-05,4.576559597593466e-05,3.251898752241074e-05
validation,378,5.269682183276935e-05,3.746575824169951e-05,3.077677497599766e-05
validation,379,5.121440806969874e-05,3.9606588734461755e-05,2.9308055024558282e-05
validation,380,5.721180808629906e-05,4.2445390114794626e-05,3.5590669768824694e-05
validation,381,4.5613231380900807e-05,3.195788178999635e-05,2.1236481746496435e-05
validation,382,5.1529865932666955e-05,3.9125006592695806e-05,2.965548545678344e-05
validation,383,4.768682063373021e-05,2.957691357618162e-05,2.26500094489369e-05
validation,384,5.28292307361175e-05,4.063816274072375e-05,2.7362387030416237e-05
validation,385,5.158569146812202e-05,3.823644176832273e-05,3.0696545803952516e-05
validation,386,4.4853265770478866e-05,3.178319578516343e-05,2.1861630608074165e-05
validation,387,5.7239598201633945e-05,4.748499575971721e-05,3.0100047594716803e-05
validation,388,5.410810218565496e-05,4.599169037545037e-05,3.323518616578118e-05
validation,389,4.772776506444474e-05,3.210010103186133e-05,2.007020649343826e-05
validation,390,5.444309042680131e-05,4.591967787067528e-05,3.3140261195556975e-05
validation,391,5.494597889806244e-05,4.109624749972917e-05,2.5778932585248808e-05
validation,392,5.395538206565472e-05,3.769454402068932e-05,2.9916653792911458e-05
validation,393,5.523631967069233e-05,3.534682299094386e-05,3.179457918441732e-05
validation,394,4.514732887495285e-05,3.1740540888580084e-05,2.1740054903079697e-05
validation,395,5.7705668619347114e-05,4.4046598212661554e-05,3.356777433766962e-05
validation,396,5.15190952447294e-05,4.245477101455535e-05,2.6250117305201188e-05
validation,397,5.1703699415175024e-05,3.88713578440627e-05,2.9869089571723348e-05
validation,398,5.635691892494272e-05,4.589197430572552e-05,3.2310572900415246e-05
validation,399,5.742090634805514e-05,4.306051938916689e-05,3.458544011810835e-05
validation,400,5.433852279791046e-05,4.210924972524618e-05,2.518022951451954e-05
validation,401,5.071618509097015e-05,4.314647840000695e-05,2.5902098148392246e-05
validation,402,4.8207123771356744e-05,3.0630696072771725e-05,2.1487470280145544e-05
validation,403,5.4147025843818325e-05,4.0491979933522255e-05,2.7002963210260734e-05
validation,404,4.4533271052830715e-05,3.515827419144286e-05,1.845489213663729e-05
validation,405,5.0447633326911504e-05,4.0834202789055305e-05,2.8370434363197602e-05
validation,406,5.536955405390985e-05,4.829243368497312e-05,3.0203072474207258e-05
validation,407,4.424506468477988e-05,3.4235697246927756e-05,1.963260090546214e-05
validation,408,5.648233390198728e-05,4.713075377746117e-05,3.0989640632341e-05
validation,409,4.749221481528017e-05,3.1322579690841535e-05,2.1112638838057175e-05
validation,410,5.6684745269396944e-05,4.4880027973993534e-05,3.328856346589221e-05
validation,411,5.545188604136351e-05,3.851176673340476e-05,2.84827127746076e-05
validation,412,5.325576328804142e-05,3.821992954986246e-05,2.9901935463133897e-05
validation,413,5.3389055943735375e-05,4.131985918870469e-05,2.6493084598175076e-05
validation,414,5.573054591388195e-05,4.879402845056703e-05,2.9445979177959198e-05
validation,415,5.114488543216331e-05,4.1113273201870046e-05,2.788742797218878e-05
validation,416,5.6322411780854505e-05,4.553600970032723e-05,3.267907859768714e-05
validation,417,5.311723995927771e-05,3.9416499221802985e-05,2.8611248336597493e-05
validation,418,5.3280102795771954e-05,3.767624744706705e-05,3.0308963056803584e-05
validation,419,5.478870571686416e-05,4.5962700444398905e-05,3.29667141517937e-05
validation,420,5.720251664121628e-05,4.745465662056057e-05,3.025539493781047e-05
validation,421,4.746918119281712e-05,2.8204058964462537e-05,2.4082557409963246e-05
validation,422,5.232569650016386e-05,4.065648384361719e-05,2.7739061769971337e-05
validation,423,4.584082241647128e-05,3.234473714697316e-05,2.0920351904673986e-05
validation,424,4.536816376534158e-05,3.278985816171811e-05,2.051430559183029e-05
validation,425,4.869213561338054e-05,3.941111090602485e-05,3.0811449681023985e-05
validation,426,5.186544716106612e-05,4.1844753624176005e-05,2.663663541707433e-05
validation,427,5.361193572229853e-05,4.3620101078757525e-05,2.3968096769116698e-05
validation,428,4.9907376947666327e-05,4.140018740507549e-05,2.8065784818372047e-05
validation,429,5.067771029005536e-05,3.977156573170324e-05,2.9385757524697884e-05
validation,430,5.349385001957912e-05,3.7831682861980866e-05,3.00783813560652e-05
validation,431,4.896250930609517e-05,3.9592596178663365e-05,3.0430702757987394e-05
validation,432,4.613366532508622e-05,3.052502865955185e-05,2.2446075345548368e-05
validation,433,5.1854463195520766e-05,4.343001005359167e-05,2.5084858439967906e-05
validation,434,4.5726237758683966e-05,3.237248381701106e-05,2.0934414789006205e-05
validation,435,5.1171557019672e-05,3.6874741503207346e-05,3.212624618596745e-05
validation,436,4.7653253053591366e-05,3.2122715325671826e-05,2.0164820571723558e-05
validation,437,4.6649787503836596e-05,2.8026032147750962e-05,2.4878000915700903e-05
validation,438,5.780520551443368e-05,4.5594968012398806e-05,3.179221521569584e-05
validation,439,5.153016678148195e-05,4.106074903815071e-05,2.7626085543607218e-05
validation,440,5.1412420380701666e-05,3.9529990381259466e-05,2.927734138412937e-05
validation,441,5.458951229274795e-05,4.534682743884119e-05,3.3731763369907996e-05
validation,442,5.2702906256568404e-05,4.0360945529154084e-05,2.7623470078829964e-05
validation,443,4.6674712518364873e-05,3.16525733696887e-05,2.0975149855897228e-05
validation,444,5.279116178118136e-05,4.004593301303512e-05,2.817993922315973e-05
validation,445,5.274362461127955e-05,3.884957667125844e-05,2.939215529115546e-05
validation,446,5.197401117788072e-05,3.994412875024274e-05,2.860752093472155e-05
validation,447,4.4009231425372794e-05,3.29441977693512e-05,2.112876649396855e-05
validation,448,5.28517525542076e-05,4.049567417320619e-05,2.7569549204290962e-05
validation,449,5.296966811176816e-05,4.0696704209160316e-05,2.723363424980422e-05
validation,450,5.379662002477463e-05,4.215671761075793e-05,2.552567275082975e-05
validation,451,5.276706936420249e-05,4.008989571724944e-05,2.8029236930813075e-05
validation,452,4.567555602108461e-05,3.0484079342918616e-05,2.2816311434616285e-05
validation,453,5.641975611580382e-05,4.551459559108426e-05,3.256412902502469e-05
validation,454,5.347668183012057e-05,3.835229034916059e-05,2.9560865916946773e-05
validation,455,5.3719581123755553e-05,3.762173877843961e-05,3.0146912595242985e-05
validation,456,4.6179221946310634e-05,3.288273483180274e-05,2.0145293145333492e-05
validation,457,4.6844380831681146e-05,3.222076718998427e-05,2.042343412983068e-05
validation,458,4.467670969866575e-05,3.372133311182933e-05,1.9978667956204922e-05
validation,459,5.2261424727557696e-05,3.709659335113503e-05,3.139525322362254e-05
validation,460,5.129712344732858e-05,4.073291127365699e-05,2.814964001347761e-05
validation,461,5.2058584414527976e-05,4.323684522482565e-05,2.51579078323423e-05
validation,462,4.367872932478143e-05,2.9866578810760248e-05,2.433195954051291e-05
validation,463,5.1819869904566166e-05,3.972813436797591e-05,2.8902232907192053e-05
validation,464,4.968303688888923e-05,3.871387137967538e-05,3.0906544790878715e-05
validation,465,5.401815997279099e-05,4.240510195153041e-05,2.5029816086854432e-05
validation,466,5.195344888783584e-05,3.7813162410457904e-05,3.0886615752508696e-05
validation,467,5.232037998200335e-05,4.132166600120578e-05,2.6962722444873195e-05
validation,468,4.943234803162756e-05,4.097588814374909e-05,2.8708192816468653e-05
validation,469,5.663016165831779e-05,4.2951000223203837e-05,3.515226214989003e-05
validation,470,4.672110173115888e-05,3.0716078134406214e-05,2.2048426341403157e-05
validation,471,4.365904926876779e-05,3.175771596187353e-05,2.2399213564541716e-05
validation,472,4.5439242111507515e-05,3.0467505286365024e-05,2.2909530924432165e-05
validation,473,5.085631602497277e-05,4.1848750909923105e-05,2.7204414262185915e-05
validation,474,4.744938927177566e-05,3.1028870626675654e-05,2.1274618128570454e-05
validation,475,5.311244382447409e-05,3.602041645344105e-05,3.199883554347433e-05
validation,476,4.5070543339215e-05,3.177027416683637e-05,2.1780281093506447e-05
validation,477,4.535581024905979e-05,3.100011727293516e-05,2.2399096365062702e-05
validation,478,5.241376946282737e-05,4.1552146795257676e-05,2.6785666952068845e-05
validation,479,5.767832739373051e-05,4.336358516008297e-05,3.42571072610189e-05
validation,480,5.297723101932317e-05,3.938484157764089e-05,2.8532349656347686e-05
validation,481,5.2773057382451565e-05,4.238793467928017e-05,2.5654947956185512e-05
validation,482,5.5905378159793784e-05,4.6535267455481e-05,3.1820328919714284e-05
validation,483,5.3312704431222915e-05,3.915955740024571e-05,2.8810797638340398e-05
validation,484,5.2129162914586744e-05,4.1134896251192744e-05,2.7302797480671174e-05
validation,485,5.417492230647499e-05,3.8671023607266034e-05,2.8915421870383225e-05
validation,486,5.694325147369467e-05,4.334361240782102e-05,3.444242538308282e-05
validation,487,5.585335604903493e-05,4.592668759483109e-05,3.249078606006817e-05
validation,488,5.487246959501566e-05,4.659772193671034e-05,3.229437826033814e-05
validation,489,4.583948806702428e-05,3.359399892750326e-05,1.9401918548774595e-05
validation,490,4.47192274776184e-05,3.1215274049708326e-05,2.2503963948146318e-05
validation,491,5.397722040071698e-05,3.889562977158068e-05,2.868749445599282e-05
validation,492,5.6663460199178084e-05,4.788583323536143e-05,3.0039560372057237e-05
validation,493,4.485392208544282e-05,3.252925347908322e-05,2.116542301761287e-05
validation,494,4.6768667366805295e-05,3.018260971188729e-05,2.25229072428809e-05
validation,495,4.56302522980884e-05,3.08058452858788e-05,2.2297073015724804e-05
validation,496,5.331228599908014e-05,4.38925067348621e-05,2.388454035311068e-05
validation,497,5.440481278761076e-05,4.612254489804797e-05,3.289091127325713e-05
validation,498,4.45514764511719e-05,2.9853750476589344e-05,2.4209532667631274e-05
validation,499,4.753265982585122e-05,3.204015239185298e-05,2.0325951399228384e-05
validation,500,5.516927418540451e-05,4.5202030627163225e-05,3.354967678945836e-05
validation,501,5.2670149866891075e-05,3.775537049421097e-05,3.055525585647514e-05
validation,502,4.6455830624906037e-05,2.9319794378630043e-05,2.3520785411019975e-05
validation,503,5.160993747170157e-05,3.9846117547095414e-05,2.8896586136914496e-05
validation,504,5.082551283732541e-05,4.0820138092348915e-05,2.820577723008744e-05
validation,505,5.424235539861268e-05,3.9747908056872273e-05,2.7799904487567095e-05
validation,506,5.5533496043445806e-05,4.7858484481830097e-05,3.036729399149865e-05
validation,507,4.633350784224084e-05,2.9129103696272335e-05,2.4055334441272676e-05
validation,508,4.566910666164157e-05,3.17596145869454e-05,2.15950164523737e-05
validation,509,5.24654935919878e-05,4.15141531653635e-05,2.683775439120151e-05
validation,510,5.785588385925884e-05,4.6277409642568447e-05,3.098351504581412e-05
validation,511,5.3680788636897066e-05,3.7236413494468375e-05,3.055584889540806e-05
validation,512,4.631759141394514e-05,3.419624398569818e-05,1.8775634928245748e-05
validation,513,5.138457392511841e-05,4.130358452966672e-05,2.7481541131174283e-05
validation,514,5.296271211832321e-05,4.285011545240775e-05,2.4898866003683882e-05
validation,515,5.195541628470108e-05,3.9890181275999703e-05,2.870324017287614e-05
validation,516,5.619138351077999e-05,4.580121109202486e-05,3.242946354780777e-05
validation,517,5.64061980625503e-05,4.391546950983944e-05,3.430637066690747e-05
validation,518,5.361875221020663e-05,4.049417555101745e-05,2.7344664354783894e-05
validation,519,4.636521516558251e-05,3.130686233826117e-05,2.164083102447606e-05
validation,520,4.669638885489583e-05,2.828450023248448e-05,2.4671684457938835e-05
validation,521,5.16595479993451e-05,3.772018032734684e-05,3.1011035834978734e-05
validation,522,5.684412141089065e-05,4.445565198381687e-05,3.3527875432718294e-05
validation,523,5.547720721981014e-05,4.75644472496246e-05,3.100728767743819e-05
validation,524,4.678214429324572e-05,3.010374634603589e-05,2.2525321409775234e-05
validation,525,5.630313108099801e-05,4.7460097560277656e-05,3.065280820845998e-05
validation,526,5.125995810738066e-05,4.061152265296778e-05,2.843820286277465e-05
validation,527,5.1894134336948176e-05,4.194542165048389e-05,2.6621911422027278e-05
validation,528,5.163721382701388e-05,4.239191092025183e-05,2.62651107537995e-05
validation,529,5.539710386131937e-05,4.740851079629591e-05,3.120302907055407e-05
validation,530,4.5385888953797373e-05,3.355019855262479e-05,1.983358442497291e-05
validation,531,5.091810153765737e-05,4.1815240212542056e-05,2.7167060818695745e-05
validation,532,5.3535589591670396e-05,4.052908392128816e-05,2.7012234107974852e-05
validation,533,4.6656694600777295e-05,3.0224845967600266e-05,2.261149521274051e-05
validation,534,5.0983350067402146e-05,4.2402975046797885e-05,2.658877436868435e-05
validation,535,4.475104667639545e-05,3.2260192489400754e-05,2.139435005161195e-05
validation,536,4.6601816700068444e-05,3.324606630441433e-05,1.951263946367379e-05
validation,537,5.7798065996388555e-05,4.513547131279521e-05,3.2427888978922003e-05
validation,538,5.3240410777937116e-05,4.044711729316914e-05,2.7509379139311973e-05
validation,539,5.122216122829513e-05,3.8051223296648437e-05,3.085195802871125e-05
validation,540,4.615904205152795e-05,3.155913910189973e-05,2.1417027914114903e-05
validation,541,4.5901574021945326e-05,3.214354190660997e-05,2.1028862842441304e-05
validation,542,5.713482084159274e-05,4.905343941251869e-05,2.8457411403715635e-05
validation,543,5.482968992996525e-05,4.6417416875905425e-05,3.247695220994271e-05
validation,544,4.415423774814165e-05,3.348877172183181e-05,2.042007131066662e-05
validation,545,4.383750120704823e-05,2.9993083707306788e-05,2.4221738103154616e-05
validation,546,5.0576041033790364e-05,4.196696680074493e-05,2.715050090566597e-05
validation,547,5.7408700835367885e-05,4.6481056425285354e-05,3.1212289719381276e-05
validation,548,4.670883802468064e-05,3.1847835130895524e-05,2.078349482114893e-05
validation,549,5.2545438137141496e-05,3.863134134316302e-05,2.9649291827698217e-05
validation,550,4.621031773438787e-05,2.9602212232911057e-05,2.3370819573441802e-05
validation,551,5.226939326026049e-05,3.512549587667958e-05,3.336158711139907e-05
validation,552,5.348357973112043e-05,4.026536857550172e-05,2.7361363393587978e-05
validation,553,5.63300232511494e-05,4.569214022189455e-05,3.258838036093914e-05
validation,554,4.5102304575361815e-05,3.289856484880726e-05,2.0416638114817062e-05
validation,555,5.6617223775116394e-05,4.881199498797205e-05,2.9060796396342342e-05
validation,556,5.251477826230295e-05,3.9642271339741885e-05,2.8588736243168673e-05
validation,557,5.699762348409493e-05,4.5349328289598165e-05,3.255385071524037e-05
validation,558,4.681081628622945e-05,3.1077082430612514e-05,2.1688963630898532e-05
validation,559,5.809215642230565e-05,4.505305758129802e-05,3.2120883005197604e-05
validation,560,4.63436584070205e-05,3.2968785868805395e-05,1.9969606536194443e-05
validation,561,5.342253103859197e-05,4.1576858005735555e-05,2.6273593854449706e-05
validation,562,4.495385084041006e-05,3.150834330956582e-05,2.20018392880702e-05
validation,563,5.3039069940431334e-05,4.0352455367849286e-05,2.7714365069239723e-05
validation,564,5.2739089853065476e-05,3.9851024434253965e-05,2.8353766338114082e-05
validation,565,5.749651567128428e-05,4.583012732009397e-05,3.169410295250172e-05
validation,566,4.446696037497619e-05,3.0567234598967674e-05,2.3256495606766935e-05
validation,567,4.800271518995534e-05,3.2482943520047396e-05,1.9543281457711456e-05
validation,568,5.368299496775674e-05,4.4088193616314085e-05,2.3388664899347152e-05
validation,569,5.158244343123111e-05,4.2131617013827354e-05,2.666366607749718e-05
validation,570,5.018358633667212e-05,4.097465128887989e-05,2.8353872058577732e-05
validation,571,5.183080297001579e-05,3.790787587301268e-05,3.0664382585206615e-05
validation,572,5.7319739927616354e-05,4.586109459181662e-05,3.1887192540004795e-05
validation,573,5.196404005097469e-05,3.829460668906256e-05,3.025814717137222e-05
validation,574,5.421735352035108e-05,4.721319071503859e-05,3.19515791446255e-05
validation,575,4.710643690264136e-05,2.9532814985211154e-05,2.313862871570178e-05
validation,576,5.371937052544597e-05,3.8523267186991055e-05,2.920242465696285e-05
validation,577,4.6629626425887294e-05,2.964757724821324e-05,2.3202271154611005e-05
validation,578,4.336489593210299e-05,2.852493492442916e-05,2.6019743959363833e-05
validation,579,5.646364866551491e-05,4.46483912959599e-05,3.3528405807810364e-05
validation,580,4.4629946059065596e-05,3.1819436389533194e-05,2.2146846879019895e-05
validation,581,5.659464457984162e-05,4.8153391361007964e-05,2.990141783252462e-05
validation,582,5.2508790005078187e-05,4.107866854102571e-05,2.7200929484315413e-05
validation,583,5.229457750537648e-05,4.161469166706038e-05,2.6796987606702675e-05
validation,584,4.574539766521624e-05,3.5291909424862177e-05,1.7742225574035932e-05
validation,585,4.801370408168107e-05,3.308409900589366e-05,1.8843553364081112e-05
validation,586,4.4945156217361994e-05,3.480297256423601e-05,1.8570888163614967e-05
validation,587,4.829748605730334e-05,3.1007095478073686e-05,2.08229852214416e-05
validation,588,5.257960212502488e-05,3.882628890164361e-05,2.9302569310535057e-05
validation,589,5.773634673034827e-05,4.3885281555072365e-05,3.3609520796770126e-05
validation,590,4.626043441866059e-05,3.0373430098092082e-05,2.2664922847635138e-05
validation,591,5.904061261656432e-05,4.068680551601512e-05,3.640759487518229e-05
validation,592,5.1231850757304934e-05,4.179040971987324e-05,2.7071049799546166e-05
validation,593,5.65119160054798e-05,4.4191353793987275e-05,3.386802607013936e-05
validation,594,5.0317807835124444e-05,3.635354603444112e-05,3.315030381957181e-05
validation,595,4.633475530060666e-05,3.109502486435409e-05,2.1872555581338856e-05
validation,596,5.297196014201046e-05,3.7408253358085066e-05,3.0744840622593665e-05
validation,597,5.2975497534154345e-05,4.012933005765466e-05,2.7976518702133303e-05
validation,598,5.792029816795892e-05,4.318465042078705e-05,3.439964356616808e-05
validation,599,5.642041131861281e-05,4.708580651485871e-05,3.106114649905994e-05
validation,600,5.189241043195457e-05,4.0638754527726567e-05,2.786902833162003e-05
validation,601,5.474048399330818e-05,4.71052206871339e-05,3.1786729488543286e-05
validation,602,5.724415135070983e-05,4.575843957519536e-05,3.200282651045096e-05
validation,603,5.167589075722675e-05,3.7201188413618575e-05,3.1527176089691885e-05
validation,604,4.916422755081824e-05,4.1171173283334136e-05,2.8643756552152272e-05
validation,605,5.177497704481064e-05,4.173046362685346e-05,2.6811324613184238e-05
validation,606,5.017603046372875e-05,3.994530212226279e-05,2.945800855290059e-05
validation,607,5.595808683178926e-05,4.4200539953220174e-05,3.423215142056849e-05
validation,608,5.3741928594207176e-05,3.790510404091383e-05,2.9895355548705675e-05
validation,609,5.223743086442442e-05,3.7318023691473267e-05,3.132695199443681e-05
validation,610,4.7154247147150845e-05,3.4130392537744456e-05,1.8350633872918258e-05
validation,611,4.7302823015497254e-05,3.180496852682669e-05,2.0465944487923253e-05
validation,612,5.4030256556157926e-05,4.233761832518115e-05,2.499699856271109e-05
validation,613,5.874948442124649e-05,4.6398309771739854e-05,3.0517256406873753e-05
validation,614,5.593622066669332e-05,4.501532389832438e-05,3.3387457114056606e-05
validation,615,5.642721095662774e-05,4.3790236360880215e-05,3.4379658330339045e-05
validation,616,5.1403446834383014e-05,3.9574878202475094e-05,2.9277975108538332e-05
validation,617,5.1833807564008364e-05,4.194323658665979e-05,2.666647113229924e-05
validation,618,5.6808149490326966e-05,4.4995951477942406e-05,3.3034271059523814e-05
validation,619,5.337831196975828e-05,3.871457185723351e-05,2.924599741486489e-05
validation,620,4.485113517944371e-05,2.962897379619095e-05,2.394185604004443e-05
validation,621,5.831910946475749e-05,4.202548113427897e-05,3.522983474014459e-05
validation,622,4.408284497858659e-05,3.1503200694745754e-05,2.2476529527189295e-05
validation,623,5.6646450897517395e-05,4.405964730097859e-05,3.403657533645165e-05
validation,624,4.6211079109568704e-05,2.984993702246472e-05,2.3202314906641313e-05
validation,625,5.919309969338569e-05,4.3763701200150394e-05,3.308814450918227e-05
validation,626,4.462495356973117e-05,3.151875119604763e-05,2.224923568899951e-05
validation,627,5.356852467633006e-05,4.084658649848731e-05,2.6982551866861024e-05
validation,628,5.2880905630188045e-05,4.034252929968629e-05,2.780306250033447e-05
validation,629,5.956969065709616e-05,4.557846036676969e-05,3.0930605193937116e-05
validation,630,4.623204678249381e-05,2.7943949397448827e-05,2.5206303331287513e-05
validation,631,4.755861083237232e-05,3.105090062070242e-05,2.128160123586502e-05
validation,632,5.1071831893220955e-05,3.940984983213715e-05,2.9659907960303878e-05
validation,633,5.139880691003539e-05,4.031218526736803e-05,2.851189384065255e-05
validation,634,5.5251233156202444e-05,4.507469159795633e-05,3.358777423483503e-05
validation,635,5.1932671522594553e-05,4.2407563216139405e-05,2.6113609632060324e-05
validation,636,4.829002731236912e-05,2.8491010975835528e-05,2.360971168260223e-05
validation,637,4.506829179942947e-05,2.8080803664518213e-05,2.551087552084898e-05
validation,638,4.4243387316005883e-05,3.230348561579882e-05,2.1557661974324546e-05
validation,639,5.112902867487297e-05,3.855492733927365e-05,3.0417438697102097e-05
validation,640,4.624320896485007e-05,2.769466132561615e-05,2.538964162576944e-05
validation,641,5.559856741878611e-05,4.617515997004434e-05,3.239130817415381e-05
validation,642,5.003573128077349e-05,3.889927811642116e-05,3.0574014671205036e-05
validation,643,4.841839860817692e-05,3.0115975730819552e-05,2.1900804589341946e-05
validation,644,5.266507878296192e-05,4.1203619954074756e-05,2.7039541358487596e-05
validation,645,5.6762566780620636e-05,4.8710756469160444e-05,2.9085518110724198e-05
validation,646,5.2075141268163974e-05,4.1202771111332444e-05,2.723166920668688e-05
validation,647,5.235308816705032e-05,3.991693728602422e-05,2.848435015508277e-05
validation,648,5.680710446748641e-05,4.506276796686383e-05,3.292147352746074e-05
validation,649,4.332917915360193e-05,3.2875205440300716e-05,2.141991431924367e-05
validation,650,5.429982917829568e-05,4.355907246664811e-05,2.3588708346023088e-05
validation,651,4.905522498599988e-05,2.9832745690208537e-05,2.176816235009557e-05
validation,652,5.354722528676296e-05,3.92992800353292e-05,2.8533851557194872e-05
validation,653,5.5116160258446466e-05,4.8668520833670824e-05,3.0135571617727885e-05
validation,654,5.642189200918344e-05,4.609363397912724e-05,3.18356015231247e-05
validation,655,5.203988817212721e-05,4.020208726336734e-05,2.8308640618965418e-05
validation,656,5.172981434445902e-05,4.134687378277789e-05,2.7125297144208424e-05
validation,657,5.2618784481132076e-05,3.95898859859204e-05,2.869536885098369e-05
validation,658,4.8289420757796786e-05,3.1416788147160544e-05,2.0494927627344832e-05
validation,659,4.517270577037829e-05,3.087312112746945e-05,2.2717645677726732e-05
validation,660,5.115921059384752e-05,4.222237286805175e-05,2.6686675601487733e-05
validation,661,4.5813355656957806e-05,2.8098952560345e-05,2.513142846195667e-05
validation,662,5.135860778385456e-05,3.7486122450440785e-05,3.1414041844389235e-05
validation,663,5.2159124802043144e-05,3.871145406165914e-05,2.9648495420522584e-05
validation,664,5.685888093845245e-05,4.721918199585014e-05,3.0744047253267125e-05
validation,665,5.240814695736196e-05,3.915479262369682e-05,2.9098174558495837e-05
validation,666,5.211546408517063e-05,4.0446207003264355e-05,2.805025471560304e-05
validation,667,5.123377402923044e-05,3.949000849559173e-05,2.9434839628508108e-05
validation,668,5.5451348731132684e-05,4.687195044102261e-05,3.173957093172457e-05
validation,669,4.584252697625802e-05,2.7104432827411404e-05,2.6262388427757576e-05
validation,670,5.559941206386383e-05,4.2233226786323736e-05,3.6358741975385226e-05
validation,671,4.585747216879434e-05,3.1451017737867836e-05,2.1737686219593392e-05
validation,672,5.408498744921949e-05,3.984801288501638e-05,2.7661851905472924e-05
validation,673,5.3645548132082745e-05,4.139495574004796e-05,2.6219031418294457e-05
validation,674,5.448975067626889e-05,4.680300769179041e-05,3.214459287368254e-05
validation,675,5.246955713419177e-05,3.922733177640383e-05,2.8933966867252594e-05
validation,676,5.400046208507299e-05,4.074394802810325e-05,2.6727523808572174e-05
validation,677,5.1751713731925795e-05,3.815686051018838e-05,3.054245088914581e-05
validation,678,5.117397117758713e-05,4.002922725446595e-05,2.8821209552509294e-05
validation,679,5.6527563465880775e-05,4.614165714998029e-05,3.1975928720463494e-05
validation,680,5.661477540224531e-05,4.6078029959973645e-05,3.196918984936351e-05
validation,681,5.891646386318314e-05,4.411724051870589e-05,3.2953365022897204e-05
validation,682,5.2375071109178996e-05,4.2590119474633546e-05,2.5492599094444554e-05
validation,683,5.3493644663733885e-05,3.93881373948908e-05,2.8461419246120578e-05
validation,684,5.345414121108579e-05,4.096811467827908e-05,2.6827421619968958e-05
validation,685,5.405226727237259e-05,4.1356453958350486e-05,2.592318820610634e-05
validation,686,5.645790734456686e-05,4.1061342377499296e-05,3.7256314257935325e-05
validation,687,5.2104444980344314e-05,3.8392612642069157e-05,3.0120673126048613e-05
validation,688,5.8088323806286116e-05,4.426408851730253e-05,3.315537498611217e-05
validation,689,5.381969746196661e-05,3.7912553191570736e-05,2.9926095054019388e-05
validation,690,4.581956351321825e-05,3.4075949002094114e-05,1.910351516209034e-05
validation,691,5.7077243631649525e-05,4.250068398694309e-05,3.55013361179659e-05
validation,692,5.310222519841538e-05,4.092236466175077e-05,2.6998775486803358e-05
validation,693,5.168971878278373e-05,4.1738113872021986e-05,2.688429955698519e-05
validation,694,5.329342373136643e-05,4.108364526019614e-05,2.6784527249113235e-05
validation,695,5.0074341314388145e-05,3.985286136108622e-05,2.949921577064432e-05
validation,696,5.5653641398679995e-05,4.879236976819081e-05,2.9479754905430173e-05
validation,697,5.426819553256905e-05,4.737643063105356e-05,3.182091536037896e-05
validation,698,5.4651555421723055e-05,3.499822327099693e-05,3.2532792074255095e-05
validation,699,5.199615721150999e-05,4.0075951469477626e-05,2.84991918472049e-05
validation,700,5.686812370069958e-05,4.5258687937480954e-05,3.2717493908772624e-05
validation,701,5.231790682361665e-05,4.117590661707476e-05,2.717273214397703e-05
validation,702,5.108927751179856e-05,4.129189193989333e-05,2.7734410988919447e-05
validation,703,5.327497463221899e-05,3.9649898534224184e-05,2.8355441282882867e-05
validation,704,4.645211421371764e-05,3.113627296641369e-05,2.1755351985276555e-05
validation,705,5.249859980047787e-05,4.33807444662577e-05,2.4649083284982142e-05
validation,706,4.518963732995166e-05,3.220920535786632e-05,2.108730837699006e-05
validation,707,4.766966908424676e-05,2.842760953539663e-05,2.397119862513338e-05
validation,708,4.559156102935325e-05,3.3458693803760385e-05,1.9852879384554232e-05
validation,709,4.641196945865216e-05,3.0149012006062606e-05,2.280159119573445e-05
validation,710,4.8123836569199297e-05,3.0379806947944102e-05,2.169277603394184e-05
validation,711,4.727753427217875e-05,3.399166188310234e-05,1.821665539319671e-05
validation,712,4.664029417494158e-05,3.106709358432448e-05,2.1788189189319818e-05
validation,713,4.9060936113646426e-05,3.015837158592481e-05,2.1353182446768926e-05
validation,714,5.14066892278458e-05,3.7997941276427884e-05,3.077325094606129e-05
validation,715,5.592915685791201e-05,4.701117056236155e-05,3.134242584806399e-05
validation,716,4.4542097644487725e-05,3.0920228394094e-05,2.276305335935767e-05
validation,717,5.331554021139937e-05,4.1105371820847956e-05,2.6818175927088388e-05
validation,718,5.381650895523028e-05,4.0582293239180116e-05,2.703821400183419e-05
validation,719,5.212064815111046e-05,3.904561490287588e-05,2.963685376275806e-05
validation,720,5.0863308934714627e-05,3.776816822011859e-05,3.147846846074551e-05
validation,721,5.610696520957957e-05,4.570005473196128e-05,3.265541019904175e-05
validation,722,5.679340563952714e-05,4.600735116731513e-05,3.197582453359287e-05
validation,723,5.33074392323939e-05,3.9876100351644043e-05,2.7970638865750715e-05
validation,724,5.146795228413849e-05,4.188561817432654e-05,2.6939645891084507e-05
validation,725,5.440887950992979e-05,3.598409208390062e-05,3.1554308743507814e-05
validation,726,5.193015768992214e-05,4.210529982846662e-05,2.6371141875596173e-05
validation,727,5.5618400958463915e-05,4.4525061914046526e-05,3.40253311921145e-05
validation,728,5.211641990471345e-05,3.894408950491361e-05,2.9481187222535426e-05
validation,729,5.1130294918138826e-05,3.910173693305488e-05,2.9853987661719442e-05
validation,730,5.214937530966934e-05,4.108588563228631e-05,2.7345097889624405e-05
validation,731,5.085641605000266e-05,4.154168287313595e-05,2.74870325340898e-05
validation,732,5.649073186445281e-05,4.735797047495217e-05,3.066824074898905e-05
validation,733,5.343877433542805e-05,4.1010522177992485e-05,2.6844761552074914e-05
validation,734,5.233401468810946e-05,4.0361759250984114e-05,2.804341214673658e-05
validation,735,4.447701275285171e-05,3.1970795933654455e-05,2.1825688549159067e-05
validation,736,5.375097906336995e-05,4.710397605949051e-05,3.232209154790448e-05
validation,737,4.519281875966439e-05,3.3436163332174896e-05,1.9910830488737653e-05
validation,738,5.742510161244653e-05,4.499962482512806e-05,3.2695862995533025e-05
validation,739,5.41066011949907e-05,4.705196830168542e-05,3.213009863707451e-05
validation,740,4.676630536369015e-05,2.736403895755301e-05,2.5686889537195898e-05
validation,741,5.09291752040828e-05,4.2080485052464737e-05,2.690721681228486e-05
validation,742,5.2761025161747474e-05,4.13339503162707e-05,2.6881859770342732e-05
validation,743,4.8315456735284393e-05,3.125735474775829e-05,2.0832866076332704e-05
validation,744,5.598585537356078e-05,4.4475368679652214e-05,3.392142273007611e-05
validation,745,5.345838284498362e-05,3.7949940851812304e-05,2.9810923307636843e-05
validation,746,4.713165131193478e-05,2.9490278124899566e-05,2.3030547660446562e-05
validation,747,5.0535362066725834e-05,3.770647309205814e-05,3.161102041856337e-05
validation,748,5.199043859574472e-05,3.765117378402422e-05,3.090606841911784e-05
validation,749,4.56798596267068e-05,3.021425233123747e-05,2.3108057248603e-05
validation,750,5.083634904191871e-05,3.815041247738385e-05,3.1041868584066694e-05
validation,751,5.423672861750269e-05,3.8555548744505164e-05,2.898236938156515e-05
validation,752,5.384517671794564e-05,4.265213704172595e-05,2.4924751749504945e-05
validation,753,5.1789126856177494e-05,3.720475162702677e-05,3.149701854845371e-05
validation,754,5.384418706370879e-05,3.557707943838914e-05,3.213405770691321e-05
validation,755,5.406403525846441e-05,3.974693771854449e-05,2.785307380203372e-05
validation,756,5.7792048769036686e-05,4.72721489839791e-05,2.996866931087077e-05
validation,757,5.3224095673028586e-05,4.047374166041209e-05,2.7512340098238356e-05
validation,758,5.3110186316789665e-05,3.866683811502579e-05,2.9410808430657214e-05
validation,759,4.630497661749235e-05,3.0074816170988348e-05,2.2944507042162704e-05
validation,760,5.7058722502326686e-05,4.670684745503833e-05,3.109210398991886e-05
validation,761,5.7520144624483855e-05,4.7399804387955704e-05,3.0106328854062524e-05
validation,762,4.773327670722505e-05,3.0134696347109064e-05,2.2175334036842966e-05
validation,763,4.4590956951928207e-05,3.329100925331841e-05,2.0262720272009892e-05
validation,764,5.072207919837789e-05,4.12147294304204e-05,2.7871954360642456e-05
validation,765,5.114408579082871e-05,3.614300812862371e-05,3.296025471811894e-05
validation,766,5.39411032078223e-05,3.903552938828583e-05,2.863702809905171e-05
validation,767,5.101196257018265e-05,4.196977421170848e-05,2.701246881568841e-05
validation,768,5.432497082752738e-05,3.8343093908093136e-05,2.9174424195837093e-05
validation,769,5.608658433500675e-05,4.7546984431471875e-05,3.072888381515586e-05
validation,770,5.596993902063979e-05,4.6349924398509615e-05,3.204145917473856e-05
validation,771,5.613944346742232e-05,4.479067444805684e-05,3.346574210560458e-05
validation,772,5.805921988987775e-05,4.613393961684273e-05,3.126997066900662e-05
validation,773,5.239637869065962e-05,4.101383147383239e-05,2.733538440310662e-05
validation,774,5.3803837234648424e-05,4.054841967060482e-05,2.7114445400485657e-05
validation,775,4.707119083717847e-05,3.0845015072677285e-05,2.178405809775644e-05
validation,776,5.168737470163198e-05,4.26899057968684e-05,2.5835262429161422e-05
validation,777,5.3827870353590175e-05,3.7010884644007164e-05,3.07786350757638e-05
validation,778,4.914592260435221e-05,3.1291490830636256e-05,2.0173770639368893e-05
validation,779,5.51926540762729e-05,4.4045092502180363e-05,3.484850794335112e-05
validation,780,5.270605013098933e-05,3.9893975746632315e-05,2.823321654950119e-05
validation,781,4.603001248812726e-05,3.0480932861184827e-05,2.2726327560235645e-05
validation,782,5.648182869981332e-05,4.560680443789082e-05,3.251262302165988e-05
validation,783,5.6135302502172255e-05,4.714004968317887e-05,3.098563158388579e-05
validation,784,5.279572879227609e-05,3.9634597834048556e-05,2.8400149171728693e-05
validation,785,5.154346473705318e-05,4.012076387741135e-05,2.8625409949947688e-05
validation,786,4.612238038174483e-05,3.2814168230703735e-05,2.025470499211281e-05
validation,787,5.252382112775434e-05,4.167809137808469e-05,2.660784823200988e-05
validation,788,4.46166941638138e-05,3.224480835233665e-05,2.1488570693084456e-05
validation,789,5.291944950828042e-05,4.063471826228003e-05,2.747414488871725e-05
validation,790,5.580937421162894e-05,4.478736296976746e-05,3.363099430060949e-05
validation,791,5.0555785678887726e-05,3.79472206428701e-05,3.130465714992827e-05
validation,792,5.0895145470539274e-05,4.0303302652213326e-05,2.8737977568036458e-05
validation,793,5.571301346410497e-05,4.315526212837597e-05,3.5371224196330714e-05
validation,794,5.2875324817629226e-05,4.1776297592893885e-05,2.6111615137096823e-05
validation,795,5.648857068655806e-05,4.3014181093465255e-05,3.525193523985651e-05
validation,796,5.505061317925095e-05,4.495635289476593e-05,3.388031723413251e-05
validation,797,5.2418319888822705e-05,4.096437854370317e-05,2.7375618680425322e-05
validation,798,5.651941238620471e-05,4.557577081682843e-05,3.244471048533208e-05
validation,799,5.1548378721157464e-05,4.0501985463949454e-05,2.8162926256380402e-05
validation,800,5.546783249653747e-05,4.6323237399819506e-05,3.2253236436163506e-05
validation,801,5.315924766929368e-05,3.4832768974727605e-05,3.3264311152348006e-05
validation,802,5.3288512243941636e-05,3.749105256246092e-05,3.0529926663090146e-05
validation,803,5.452129057242784e-05,3.778260108637032e-05,2.9620999309541957e-05
validation,804,5.4441489203198807e-05,4.0947161250218994e-05,3.833989168068785e-05
validation,805,5.283429092016903e-05,3.824492361776615e-05,3.0016434717992203e-05
validation,806,5.2226387788039653e-05,3.846186763961314e-05,2.993473846552189e-05
validation,807,5.540557338924029e-05,4.528368216505754e-05,3.333251943030003e-05
validation,808,5.7963800058450365e-05,4.542100928059745e-05,3.204996168330453e-05
validation,809,4.732554765148319e-05,2.8973027492498694e-05,2.3612334434130983e-05
validation,810,5.856333615076368e-05,4.7217006625905674e-05,2.9617743209676366e-05
validation,811,4.448086345867665e-05,3.118075422805495e-05,2.2628874888823752e-05
validation,812,5.179996416434595e-05,3.873624377416945e-05,3.0017463021165643e-05
validation,813,4.4861448258632256e-05,3.177056314717031e-05,2.1609536862261155e-05
validation,814,5.328441987365723e-05,4.0523059392631904e-05,2.734516863039371e-05
validation,815,4.7699638527293e-05,3.09289226806872e-05,2.1302808665475017e-05
validation,816,5.24182645810755e-05,3.857531098689577e-05,2.969481872269007e-05
validation,817,4.631460560022819e-05,3.121568685018956e-05,2.173338179270756e-05
validation,818,4.5818795058918625e-05,2.862326003003342e-05,2.4786783688492474e-05
validation,819,5.2909252725981816e-05,4.018202093273198e-05,2.7967028702229045e-05
validation,820,5.274754017981764e-05,3.9036306747569366e-05,2.922909723550937e-05
validation,821,5.541544913722568e-05,4.77417298965114e-05,3.0663555530134326e-05
validation,822,5.622976655587655e-05,4.6362059950366524e-05,3.185874264202343e-05
validation,823,5.4234281937139646e-05,4.495993766941415e-05,3.4199594024990515e-05
validation,824,5.106964096672567e-05,3.697913236033765e-05,3.213902086247626e-05
validation,825,5.526081330745244e-05,4.837328497813403e-05,3.0155667969120427e-05
validation,826,4.6963255033915784e-05,3.127359624462973e-05,2.143283176547121e-05
validation,827,5.4431425606181436e-05,3.8900527040434526e-05,2.8495484726456728e-05
validation,828,5.247688744043343e-05,4.175316256633976e-05,2.650467552370722e-05
validation,829,5.7438561185276554e-05,4.530084124362082e-05,3.224325686429967e-05
validation,830,5.0814379244204344e-05,4.059439635943102e-05,2.8570077400235827e-05
validation,831,5.45895061532704e-05,4.75216018981743e-05,3.149364558775187e-05
validation,832,5.2674300878979986e-05,3.920674651853565e-05,2.9067490627444252e-05
validation,833,5.083437482680968e-05,4.1898203840052325e-05,2.7164179984867216e-05
validation,834,5.440178842880291e-05,3.626068401682535e-05,3.1240912044706535e-05
validation,835,5.172120511636764e-05,4.089356784607675e-05,2.768180570920398e-05
validation,836,5.536600111741411e-05,4.720240242143717e-05,3.13776298240825e-05
validation,837,4.679786516970397e-05,3.1413754303202214e-05,2.134228823955652e-05
validation,838,5.1971359254034806e-05,4.003834433591558e-05,2.852356409239403e-05
validation,839,5.3294792834538305e-05,4.019616448520156e-05,2.7741013235502356e-05
validation,840,5.530716031286501e-05,3.8089527080936684e-05,2.8986629766276735e-05
validation,841,5.498556626575968e-05,4.554949646567901e-05,3.3272849586951804e-05
validation,842,5.207467610496899e-05,3.792033702882441e-05,3.076733140964113e-05
validation,843,5.1579090687863735e-05,4.1845284988248146e-05,2.6678723521827938e-05
validation,844,4.6576664945129966e-05,3.4898971386312516e-05,1.789358500432938e-05
validation,845,5.327878302672909e-05,4.0598928780507784e-05,2.7283324157212157e-05
validation,846,5.278239257240473e-05,4.1712778309440744e-05,2.6283849218658114e-05
validation,847,4.821681592854382e-05,3.398408144059965e-05,1.784237982845649e-05
validation,848,5.5770587570754045e-05,4.73787541746169e-05,3.0940925041551454e-05
validation,849,5.043778208100924e-05,4.143840290827359e-05,2.7820717508597653e-05
validation,850,5.396319901155863e-05,3.848685119038066e-05,2.922968047853324e-05
validation,851,5.732541978246956e-05,4.308106277679377e-05,3.463882157759796e-05
validation,852,5.1252626764325366e-05,4.1557897369373215e-05,2.7285158266513743e-05
validation,853,5.347083714558708e-05,4.268137138178973e-05,2.5169102728606545e-05
validation,854,5.0418135037356315e-05,3.890571030084476e-05,3.037504176693298e-05
validation,855,4.7106214498909146e-05,2.858181579834763e-05,2.4099452333762725e-05
validation,856,5.0939974519282235e-05,3.886130706763589e-05,3.0221478263651333e-05
validation,857,4.253659593969662e-05,3.0654266233377305e-05,2.422158592641838e-05
validation,858,5.163894187931048e-05,4.337657990868135e-05,2.5164842146167544e-05
validation,859,4.858368444608076e-05,2.9336031679457558e-05,2.2651321435166485e-05
validation,860,5.2846286720270385e-05,3.822383365605012e-05,2.9982138332383402e-05
validation,861,5.2271227068719284e-05,3.9978807104105726e-05,2.849389611800786e-05
validation,862,5.665566473112028e-05,4.383568454840095e-05,3.4203636616621314e-05
validation,863,4.562717232080705e-05,3.267866184463958e-05,2.058484936579472e-05
validation,864,5.2343780834868636e-05,3.781524077377751e-05,3.067375795906756e-05
validation,865,5.5226472607396987e-05,4.6551906381259315e-05,3.2147140624040735e-05
validation,866,4.662387669464592e-05,3.21649281856731e-05,2.05175832419567e-05
validation,867,4.4115268065067736e-05,3.164049680420735e-05,2.2257571121380007e-05
validation,868,5.3123296285158455e-05,4.223054631434638e-05,2.5518990408959183e-05
validation,869,4.4555933800573e-05,2.8342450136302206e-05,2.5484372342252163e-05
validation,870,4.9155705313484564e-05,4.213216353472605e-05,2.7669942855756156e-05
validation,871,4.6252630073046035e-05,3.017248924342922e-05,2.29664720235483e-05
validation,872,5.223274160278787e-05,3.79253951597549e-05,3.0609558858059925e-05
validation,873,4.6938720878924097e-05,2.991651022842348e-05,2.262366584846138e-05
validation,874,4.5066825312735584e-05,3.080276708354455e-05,2.2699208478020445e-05
validation,875,5.71583179786311e-05,4.7949430295750336e-05,2.9726159047139164e-05
validation,876,5.274049450780696e-05,4.320524025279696e-05,2.469883819919063e-05
validation,877,4.6467345437868794e-05,3.385842594396495e-05,1.8770708906271153e-05
validation,878,5.1436075265316474e-05,4.07199409858268e-05,2.8034130061848383e-05
validation,879,4.4897335313946836e-05,2.7998576986859727e-05,2.5688937812196564e-05
validation,880,4.680904946260667e-05,3.077727309754007e-05,2.188660254098073e-05
validation,881,5.236623138267284e-05,3.795784388944272e-05,3.050022654709122e-05
validation,882,5.71512337995893e-05,4.706610875621125e-05,3.058336986980673e-05
validation,883,5.388213682528775e-05,4.0743298045834994e-05,2.692069327094021e-05
validation,884,5.120344574383647e-05,4.049105007142057e-05,2.8381369423985755e-05
validation,885,4.6265992618308734e-05,2.975977745531621e-05,2.3166041912814265e-05
validation,886,5.6848926460664745e-05,4.23363416106068e-05,3.5692001944906526e-05
validation,887,5.2388955749141214e-05,4.0384940100951334e-05,2.7965256549006452e-05
validation,888,5.293056019957748e-05,3.731102059920637e-05,3.0882459460293766e-05
validation,889,5.271587818741367e-05,3.738059865263838e-05,3.0915169784848586e-05
validation,890,4.697545552209397e-05,3.144726802675307e-05,2.1118588521276668e-05
validation,891,5.052201632882843e-05,3.927792304271848e-05,3.013199462395861e-05
validation,892,4.2915057758791495e-05,3.119517258775192e-05,2.353405505645194e-05
validation,893,5.2373750780217857e-05,3.89168479067026e-05,2.9499305914239632e-05
validation,894,4.4384453518630596e-05,2.7774254949158046e-05,2.6206851347833952e-05
validation,895,5.257188347286522e-05,4.1769627160619634e-05,2.634734832671137e-05
validation,896,4.608145161881156e-05,3.070466028646504e-05,2.238607072292655e-05
validation,897,5.354525510179474e-05,4.086565252999088e-05,2.6806840009443718e-05
validation,898,4.7453061747162946e-05,3.03118757751202e-05,2.2161312763257167e-05
validation,899,5.154190150062826e-05,4.210785167311087e-05,2.653529759906993e-05
validation,900,5.7976970319060386e-05,4.378855093305149e-05,3.368720725108337e-05
validation,901,5.2880513619578626e-05,4.273898378814315e-05,2.518855896133317e-05
validation,902,5.276559558662627e-05,3.98772456067312e-05,2.8347138828014248e-05
validation,903,5.7004521385094785e-05,4.72624065159393e-05,3.035434819188157e-05
validation,904,5.330343095357819e-05,4.0410456490762936e-05,2.736911996747038e-05
validation,905,5.1603860916932545e-05,3.615095098307821e-05,3.264865471833963e-05
validation,906,5.131236504800939e-05,3.8750896022412035e-05,3.015936948783297e-05
validation,907,5.3349812980421244e-05,4.275342805244053e-05,2.487704133956953e-05
validation,908,4.823389028918584e-05,3.3588901554683695e-05,1.818327977998136e-05
validation,909,5.4182065380027324e-05,4.781986438686277e-05,3.1343111107733414e-05
validation,910,4.5363774689047164e-05,3.191075106252651e-05,2.151634789036858e-05
validation,911,4.4668934621698095e-05,3.151437178867446e-05,2.219091180719141e-05
validation,912,4.396032711185821e-05,3.266999301156012e-05,2.1350537987917934e-05
validation,913,5.148228692611435e-05,4.2146755059060624e-05,2.6603491943529833e-05
validation,914,5.5769485021193273e-05,4.2924715517813264e-05,3.559183867691299e-05
validation,915,5.598710836586792e-05,3.8263402912984134e-05,2.8179809916785733e-05
validation,916,4.537341146777468e-05,2.828466424834173e-05,2.5310930595220532e-05
validation,917,5.459577402307431e-05,4.488233904346638e-05,3.419717946218168e-05
validation,918,5.130844740587997e-05,4.076600969266329e-05,2.8091560498039694e-05
validation,919,5.713128713279859e-05,4.770059085152681e-05,3.0005384974009578e-05
validation,920,4.564643716004452e-05,3.230004320310632e-05,2.0987322751032074e-05
validation,921,5.381794870834571e-05,3.96481213979338e-05,2.7896658354858553e-05
validation,922,5.906943976578125e-05,4.192878614036953e-05,3.510532838067614e-05
validation,923,5.202670777733425e-05,4.146679946980072e-05,2.7014570036464028e-05
validation,924,5.769367199461588e-05,4.825712053858679e-05,2.9297544117332324e-05
validation,925,4.571756284756427e-05,2.7423840734976624e-05,2.5873200452980947e-05
validation,926,4.7481951547087755e-05,2.9879552011801445e-05,2.2525032042415733e-05
validation,927,5.5406983582843845e-05,4.4765161291729046e-05,3.385607139225048e-05
validation,928,5.7138487009093535e-05,4.873797028616356e-05,2.894162440405225e-05
validation,929,5.315524906555974e-05,3.890068931433675e-05,2.908181701136153e-05
validation,930,4.9820981818409337e-05,4.090982575291803e-05,2.8587342567361165e-05
validation,931,5.4012328557434234e-05,4.150893246504928e-05,2.585603134146935e-05
validation,932,5.476665486793756e-05,3.9149348744952635e-05,2.8049998320610395e-05
validation,933,5.7157775792323904e-05,4.392113782548529e-05,3.3771285279057734e-05
validation,934,5.4220040894908695e-05,4.302723940263355e-05,2.4241873406535488e-05
validation,935,5.3116460367786885e-05,3.9133506197608135e-05,2.8948090460407863e-05
validation,936,5.992976210435725e-05,4.5307499596126355e-05,3.0948392553753916e-05
validation,937,4.693006771131866e-05,3.0335617661313612e-05,2.237598993480172e-05
validation,938,5.463439719809914e-05,4.384601930525716e-05,3.515120760584861e-05
validation,939,5.5519850904753296e-05,4.617809882940308e-05,3.237999989661806e-05
validation,940,5.614903946903433e-05,4.449024032133784e-05,3.3857753055786e-05
validation,941,5.1837203213869294e-05,3.730892864963465e-05,3.1385347860727635e-05
validation,942,5.368517068825561e-05,3.759238581503741e-05,3.0231973099824334e-05
validation,943,5.406521572235403e-05,4.011797565470507e-05,2.7328537077724054e-05
validation,944,4.665432514553288e-05,3.2459976502938876e-05,2.0282423511239817e-05
validation,945,5.803493487019743e-05,4.389897618090499e-05,3.347667198197097e-05
validation,946,4.515314040706912e-05,3.402128120305066e-05,1.933778613249078e-05
validation,947,5.1733552756675454e-05,3.9137713991252286e-05,2.9515918825230918e-05
validation,948,4.7715870267276035e-05,2.9182701514242763e-05,2.3173488712565638e-05
validation,949,5.294125139836302e-05,4.271579224259893e-05,2.5069966171651114e-05
validation,950,5.364645827480448e-05,4.109392406319669e-05,2.652266570938405e-05
validation,951,5.311203808205509e-05,4.1229812071718716e-05,2.6812968368044386e-05
validation,952,5.269205517703612e-05,4.032803936054929e-05,2.787276387214925e-05
validation,953,5.585826363395693e-05,4.782998314345647e-05,3.042558424757666e-05
validation,954,5.3998827908085614e-05,3.833991327728205e-05,2.9312172542881777e-05
validation,955,5.340688735571006e-05,4.045682411990223e-05,2.7442213066267167e-05
validation,956,5.2108501444293e-05,3.804886598044703e-05,3.0520376776092936e-05
validation,957,4.542627026180685e-05,3.0099172044556628e-05,2.3447139460597802e-05
validation,958,5.1733649552981004e-05,3.958246706570566e-05,2.9273016184273945e-05
validation,959,5.627904533671062e-05,4.6022556936890866e-05,3.209758364890054e-05
validation,960,5.270333569641987e-05,3.9425101041634575e-05,2.87886138695756e-05
validation,961,5.064632481257997e-05,4.093253606595593e-05,2.82916071740445e-05
validation,962,5.652572052535072e-05,4.441395986800067e-05,3.372751940740673e-05
validation,963,4.5016237262543085e-05,3.1990517643658905e-05,2.145973806061406e-05
validation,964,5.634796747422758e-05,4.28648732640442e-05,3.5389814521403466e-05
validation,965,4.63589518908161e-05,2.844026813993732e-05,2.4596524316058123e-05
validation,966,4.8251180555481844e-05,2.89662646216206e-05,2.3160063031012093e-05
validation,967,4.592055061816336e-05,3.2304854292783346e-05,2.0817708638372046e-05
validation,968,5.5599939163655543e-05,4.530937208982712e-05,3.3117401718597625e-05
validation,969,4.478694058547252e-05,3.235143390910938e-05,2.132768156014433e-05
validation,970,4.573645392008235e-05,3.18926731740943e-05,2.1248298825772402e-05
validation,971,5.3517526817360944e-05,4.030876190772585e-05,2.7461348438355443e-05
validation,972,5.702270676594528e-05,4.5226986532305354e-05,3.2474125836359224e-05
validation,973,5.366267463452127e-05,3.832033855289442e-05,2.9539630666920877e-05
validation,974,4.6639454282174065e-05,2.956588458583755e-05,2.3331289127882874e-05
validation,975,5.263724574435578e-05,3.957603606701221e-05,2.8685780679042127e-05
validation,976,5.5960934975156765e-05,4.549879784431628e-05,3.29061083941806e-05
validation,977,5.039589900159413e-05,4.238871741242245e-05,2.6842339457979455e-05
validation,978,5.421755510647347e-05,3.8028955841473506e-05,2.9568340698972824e-05
validation,979,4.579581716647687e-05,3.3466935618767785e-05,1.9505344907749107e-05
validation,980,5.598245133410523e-05,4.410470617488436e-05,3.430049593785759e-05
validation,981,4.5755706111714704e-05,3.2383495967989224e-05,2.081301926054441e-05
validation,982,5.3267682278484906e-05,3.8248167818928544e-05,2.9769367510087093e-05
validation,983,5.2736655476508254e-05,4.128385912721703e-05,2.6930761719251854e-05
validation,984,5.058136341936889e-05,4.147473119212413e-05,2.7718288167514676e-05
validation,985,5.665365069175084e-05,4.587862756714443e-05,3.209090719410296e-05
validation,986,5.639561290924136e-05,4.443135548297217e-05,3.3849679799922545e-05
validation,987,5.777331686673298e-05,4.523271066384607e-05,3.213771155765706e-05
validation,988,5.403398403001895e-05,3.9730972317897834e-05,2.781690428287765e-05
validation,989,5.3502840481205775e-05,3.7064197489548826e-05,3.084954271223877e-05
validation,990,5.2472855329893394e-05,3.7181772003525684e-05,3.112294377342947e-05
validation,991,5.402251988759506e-05,3.83582309322722e-05,2.9314861646835653e-05
validation,992,5.649885905966274e-05,4.604447412605272e-05,3.210488821827402e-05
validation,993,4.620563354956772e-05,3.041855461483883e-05,2.2614689448742574e-05
validation,994,5.173890952310236e-05,3.840202123035244e-05,3.038286466946198e-05
validation,995,4.74499905485504e-05,3.1684155891775126e-05,2.0596551958535112e-05
validation,996,5.3511873219074946e-05,3.8487469688765385e-05,2.9429615528370568e-05
validation,997,5.291570025111662e-05,4.170708443919443e-05,2.6234012596875355e-05
validation,998,5.632659947231386e-05,4.395788081220884e-05,3.4110910196942634e-05
validation,999,5.1664282486900976e-05,3.749732929514304e-05,3.1421075663277384e-05
validation,1000,4.761215766592228e-05,3.418234806059975e-05,1.7923206997197524e-05
validation,1001,5.22658962870369e-05,3.554048660647447e-05,3.304533435889748e-05
validation,1002,5.3755833050611447e-05,4.0974814770217445e-05,2.668583144793951e-05
validation,1003,5.060332746443754e-05,4.1960873546537695e-05,2.7352488809297772e-05
validation,1004,5.558646732864455e-05,3.6793074448384305e-05,2.9927732942204084e-05
validation,1005,5.195362843324652e-05,4.189082479390346e-05,2.6639541781536162e-05
validation,1006,5.384371026377359e-05,4.169629783583121e-05,2.582315970085783e-05
validation,1007,5.186560551810282e-05,3.732139668907233e-05,3.1477521657460376e-05
validation,1008,4.6132524855960666e-05,2.9549584956562427e-05,2.365829775779558e-05
validation,1009,4.2830401861518476e-05,3.263103214776125e-05,2.1944787310627617e-05
validation,1010,5.103215354062569e-05,3.999496770301291e-05,2.908686360405701e-05
validation,1011,4.6582401933791136e-05,3.286078728441331e-05,1.9881437241861368e-05
validation,1012,5.4765080314387914e-05,4.556417669797165e-05,3.325828760797957e-05
validation,1013,5.5048972355597636e-05,4.549990090768255e-05,3.324892911026377e-05
validation,1014,5.5706159106756136e-05,4.6012390042281235e-05,3.2454185773295426e-05
validation,1015,4.75904772170999e-05,3.08793902666012e-05,2.1432290718840525e-05
validation,1016,5.269640346298476e-05,4.153914300328851e-05,2.6674563715077902e-05
validation,1017,5.651346321057164e-05,4.510067967202781e-05,3.301190751703685e-05
validation,1018,5.771135795442572e-05,4.25761584023818e-05,3.506861606429088e-05
validation,1019,4.68955112134565e-05,3.284456451236707e-05,1.9515772727250166e-05
validation,1020,4.698356501073988e-05,3.070334467882242e-05,2.199696762980621e-05
validation,1021,4.656565953237605e-05,3.0617271119107086e-05,2.2170819287609495e-05
validation,1022,5.735472372297154e-05,4.458644829960685e-05,3.319952432230811e-05
validation,1023,4.614871017176304e-05,3.0132673441843952e-05,2.299714674221656e-05
validation,1024,4.542753021715085e-05,3.0412194225692542e-05,2.2976824995621e-05
validation,1025,5.883773300844119e-05,4.796123778795782e-05,2.890200271742361e-05
validation,1026,4.5250297397805766e-05,3.082646081836779e-05,2.265191839611087e-05
validation,1027,4.509338334916225e-05,3.590523174028349e-05,1.7540797119786957e-05
validation,1028,4.321317113039514e-05,3.227648436551948e-05,2.199114132738468e-05
validation,1029,5.1533769458339306e-05,3.9613691623085105e-05,2.9064418412977366e-05
validation,1030,5.694106025467326e-05,4.676960609982391e-05,3.102613821048433e-05
validation,1031,5.7927684087198946e-05,4.8844191815039237e-05,2.8323186858552418e-05
validation,1032,5.7228133348308946e-05,4.48449455003045e-05,3.298696262012625e-05
validation,1033,4.8463463115989236e-05,3.361078921460225e-05,1.8358857535983042e-05
validation,1034,5.033886430243896e-05,4.261263054667586e-05,2.6610145959366234e-05
validation,1035,4.5417267109990846e-05,3.443212086508946e-05,1.87451819263855e-05
validation,1036,4.457037110459417e-05,2.820396393477068e-05,2.5799476237682873e-05
validation,1037,5.2932704319831055e-05,3.76472496905346e-05,3.0541051672816855e-05
validation,1038,5.217558044836694e-05,3.877396288718621e-05,2.9736458495650156e-05
validation,1039,5.7491108296500615e-05,4.401861745381951e-05,3.368402034759688e-05
validation,1040,5.176920669010393e-05,4.246840257294962e-05,2.6127526311059238e-05
validation,1041,4.782011762224473e-05,2.5590048535120795e-05,2.6773504629047803e-05
validation,1042,5.399141677027178e-05,4.6454204358370984e-05,3.2786136553060425e-05
validation,1043,5.6594602968393294e-05,4.565882715703234e-05,3.2500360866389184e-05
validation,1044,5.5664591921086386e-05,4.087927668434311e-05,2.5620059963376456e-05
validation,1045,5.086453631077637e-05,4.285386051436778e-05,2.615098893004594e-05
validation,1046,5.165185269028356e-05,3.8991785098368776e-05,2.9762635238996635e-05
validation,1047,4.821551522150117e-05,3.2472068714986436e-05,1.9510040715878986e-05
validation,1048,5.288420282650806e-05,3.945883096945911e-05,2.8696870501563307e-05
validation,1049,4.554219242170823e-05,3.264694615203979e-05,2.0632361102018545e-05
validation,1050,5.921499784755569e-05,4.2841844005424617e-05,3.408597140517032e-05
validation,1051,5.0653767740888636e-05,4.196543812929425e-05,2.7172941905372678e-05
validation,1052,4.7136215585755666e-05,3.05530236785769e-05,2.206667725487793e-05
validation,1053,5.2548978869409126e-05,4.086089426417274e-05,2.7174399080910097e-05
validation,1054,5.7019014363544416e-05,4.2906067411743504e-05,3.4980903891535215e-05
validation,1055,5.244313195041326e-05,4.124593112015628e-05,2.6828899849933002e-05
validation,1056,5.132482014694403e-05,3.983317895055217e-05,2.8988253656847406e-05
validation,1057,5.326462583885106e-05,3.962426665742085e-05,2.8378788010155136e-05
validation,1058,5.351557506559238e-05,3.8929647093758554e-05,2.8846319447123797e-05
validation,1059,5.40782807735761e-05,4.14756541679774e-05,2.5945590497429236e-05
validation,1060,5.6371953134176714e-05,4.3540791753411084e-05,3.463575513239097e-05
validation,1061,5.494300897812497e-05,4.613715390505868e-05,3.264639418556494e-05
validation,1062,5.2543684869891696e-05,4.334397086068254e-05,2.4904653743595083e-05
validation,1063,5.508393573728786e-05,3.767337328000986e-05,2.9428924506460956e-05
validation,1064,5.709115193347328e-05,4.933464820667176e-05,2.838935948750749e-05
validation,1065,4.383280240677449e-05,3.2686693938654794e-05,2.1217266066102513e-05
validation,1066,5.4017030736412725e-05,4.0822527819329676e-05,2.6685706085665315e-05
validation,1067,5.156943373575675e-05,3.937178902878852e-05,2.936979076320839e-05
validation,1068,5.2842008882795676e-05,4.0301078969518146e-05,2.7896520132729976e-05
validation,1069,4.5836516146420146e-05,3.1964770006120776e-05,2.1196626204171103e-05
validation,1070,5.376622652790281e-05,3.862559082586358e-05,2.915475859693677e-05
validation,1071,5.1025495911129585e-05,4.186684349921031e-05,2.707860688244916e-05
validation,1072,5.1619358877057305e-05,3.9434858962836747e-05,2.9273390060297398e-05
validation,1073,5.0813777456114064e-05,4.166954377183475e-05,2.7359623981666785e-05
validation,1074,4.9751761867887305e-05,4.155533739322158e-05,2.8068128599102314e-05
validation,1075,5.1463741372444655e-05,3.846992368345193e-05,3.032816657560484e-05
validation,1076,4.698407321006098e-05,3.088773469834368e-05,2.1761080070825337e-05
validation,1077,5.150322787751558e-05,4.0646385364950756e-05,2.816501920625769e-05
validation,1078,5.3779979318456374e-05,4.278644643569435e-05,2.489974079420095e-05
validation,1079,4.657143807308667e-05,3.228959937049944e-05,2.052705831535909e-05
validation,1080,5.187295474926497e-05,3.7929412590499474e-05,3.067810761965999e-05
validation,1081,5.145170192432364e-05,3.9890810591064634e-05,2.8801594314645078e-05
validation,1082,4.9350393385102644e-05,2.828589307978126e-05,2.3007202644295646e-05
validation,1083,5.336385540037154e-05,4.100029430067316e-05,2.690489468838391e-05
validation,1084,5.189973316898645e-05,4.126689393169545e-05,2.729243438293158e-05
validation,1085,5.288248384188568e-05,3.72068435765985e-05,3.099413014801984e-05
validation,1086,5.660312234407746e-05,4.586813376133422e-05,3.2015782394877995e-05
validation,1087,5.791084502542686e-05,4.483814070697418e-05,3.2702886903996696e-05
validation,1088,5.2345733177309827e-05,4.301707998821843e-05,2.508319179126843e-05
validation,1089,5.192910937697228e-05,3.6287162706357834e-05,3.2471267207936524e-05
validation,1090,5.0596396794429346e-05,4.2179799988751e-05,2.7026117052882905e-05
validation,1091,5.496711513943013e-05,4.742612865324625e-05,3.13834361463858e-05
validation,1092,4.5254672177903464e-05,3.133018291657907e-05,2.210559140872121e-05
validation,1093,4.59114310473468e-05,3.0121436258705446e-05,2.3101437896352094e-05
validation,1094,5.497850240363163e-05,3.9492624184877146e-05,2.7550074699547236e-05
validation,1095,5.24498996867067e-05,4.125239826977255e-05,2.7035147701236768e-05
validation,1096,5.27932286960371e-05,3.719672529248623e-05,3.102288725275767e-05
validation,1097,4.711235343032901e-05,3.0113011575045272e-05,2.2551457633016363e-05
validation,1098,5.068156957536372e-05,4.298220231924339e-05,2.6116387049283644e-05
validation,1099,5.7286036089322835e-05,4.436615112522446e-05,3.344657653540928e-05
validation,1100,5.0966942325923035e-05,3.725449692166389e-05,3.181932556935882e-05
validation,1101,5.255444005256307e-05,4.026108645497403e-05,2.7947040411560368e-05
validation,1102,5.575240557111423e-05,4.7822287221605214e-05,3.0622173421050204e-05
validation,1103,4.671126445505413e-05,3.155402383741755e-05,2.1219716143659048e-05
validation,1104,5.650052587011775e-05,4.571071846972127e-05,3.2411031858437667e-05
validation,1105,5.5515670246965296e-05,4.659181388479178e-05,3.190027910366342e-05
validation,1106,4.620246957026378e-05,2.885099112985015e-05,2.431210708121242e-05
validation,1107,5.5188172308626014e-05,4.80727516882853e-05,3.062194997671176e-05
validation,1108,5.3966899509453886e-05,3.6020279733989306e-05,3.168466798778479e-05
validation,1109,5.630662533780355e-05,4.336201457020301e-05,3.489957038776487e-05
validation,1110,5.818303171716204e-05,4.863163740335775e-05,2.8447486919065195e-05
validation,1111,5.70824094432834e-05,4.9574186831913686e-05,2.8047590029522993e-05
validation,1112,5.341650490500938e-05,3.949076108727673e-05,2.826181932270881e-05
validation,1113,5.5694391988277184e-05,4.576012500302409e-05,3.2695277589706624e-05
validation,1114,4.565460676827002e-05,3.2920701977168014e-05,2.0405953555549004e-05
validation,1115,5.290220307690168e-05,3.985244677392789e-05,2.8106549938340222e-05
validation,1116,5.3228995221633985e-05,4.3682625618063234e-05,2.387969050283697e-05
validation,1117,5.280163562538591e-05,3.8913782343570994e-05,2.926384420298868e-05
validation,1118,5.337742354971946e-05,4.118020463373139e-05,2.6613661230415373e-05
validation,1119,5.105386516536043e-05,4.3586501114185926e-05,2.5242539790959523e-05
validation,1120,5.7856448768773596e-05,4.530861629774645e-05,3.1962195327676034e-05
validation,1121,5.461178272122999e-05,4.028622956810094e-05,2.6903039362819434e-05
validation,1122,5.0606124412368546e-05,3.8916395802276796e-05,3.0275171590393204e-05
validation,1123,4.537371973801995e-05,2.8842391060894637e-05,2.4685884454180482e-05
validation,1124,5.338569719145635e-05,4.151964809479571e-05,2.6271662167087312e-05
validation,1125,4.643436578204361e-05,2.8689613561507424e-05,2.4446206131985327e-05
validation,1126,5.376076470018249e-05,4.752022724362956e-05,3.1783980023800126e-05
validation,1127,4.57774569278758e-05,3.491237920489835e-05,1.8202548073793197e-05
validation,1128,5.394331623676123e-05,3.963023923713427e-05,2.8077346929684232e-05
validation,1129,5.2324271162224655e-05,3.829066138211515e-05,3.0025000930285418e-05
validation,1130,5.700347477315946e-05,4.3625377002746116e-05,3.428511332097363e-05
validation,1131,5.191149572471853e-05,3.667266622868046e-05,3.19712225827671e-05
validation,1132,4.490842312764101e-05,3.0215914149450667e-05,2.3544496987376214e-05
validation,1133,5.08240734534908e-05,3.9019178199023144e-05,2.9991923865828767e-05
validation,1134,5.174945507754919e-05,3.958948047144248e-05,2.9073644556207403e-05
validation,1135,5.1626795193473714e-05,4.223422315006289e-05,2.647481595525081e-05
validation,1136,4.7691803614652946e-05,2.9812128388796524e-05,2.253760616119025e-05
validation,1137,5.3579243353373676e-05,4.168878543283428e-05,2.585725482185534e-05
validation,1138,5.532341238851318e-05,4.2785450523858296e-05,3.591213019457802e-05
validation,1139,5.633770758076515e-05,4.4462005321363795e-05,3.3857067080666276e-05
validation,1140,5.243427719042994e-05,4.079905189509152e-05,2.7442651820049805e-05
validation,1141,5.146400138187156e-05,4.1985202162528626e-05,2.6670056931215917e-05
validation,1142,4.8692047592083975e-05,3.8612962099736355e-05,3.15966894143928e-05
validation,1143,5.337918173886735e-05,4.507085243072565e-05,3.46426622711265e-05
validation,1144,5.3085699029805805e-05,4.021640571272199e-05,2.7824887610354374e-05
validation,1145,5.219131723715543e-05,4.130832432024773e-05,2.7116589827855488e-05
validation,1146,5.2657820412872614e-05,4.077077894276122e-05,2.7385761521816044e-05
validation,1147,4.757412784215267e-05,2.9895532350094434e-05,2.253875907810145e-05
validation,1148,5.6221318753789764e-05,4.46760048718451e-05,3.36720186144832e-05
validation,1149,5.072031556245878e-05,4.313448594646011e-05,2.5889610414041073e-05
validation,1150,5.146637791636736e-05,4.241525042410699e-05,2.635392221122008e-05
validation,1151,5.200995383564534e-05,4.196413936728304e-05,2.654690427592389e-05
validation,1152,5.8353093977202026e-05,4.237484053707206e-05,3.495480878132863e-05
validation,1153,4.802819706013069e-05,2.8727759901697873e-05,2.3470109063734756e-05
validation,1154,5.632100401470315e-05,4.8527071134028706e-05,2.9529958078499197e-05
validation,1155,5.282215804235261e-05,3.7004013299212866e-05,3.121631895402939e-05
validation,1156,5.490212715064145e-05,4.4592717362740495e-05,3.438012807956268e-05
validation,1157,5.33434063092605e-05,3.994274378540682e-05,2.799255147213491e-05
validation,1158,5.4672566550295137e-05,4.102284335965505e-05,2.611202569805197e-05
validation,1159,5.7032662985742354e-05,4.6085805014099276e-05,3.168812831273988e-05
validation,1160,5.736853207515455e-05,4.4024320821252814e-05,3.370027671915381e-05
validation,1161,4.5123073861832884e-05,3.235091468856881e-05,2.1162715669817813e-05
validation,1162,4.639405482691013e-05,3.1148590020757906e-05,2.179943241405172e-05
validation,1163,5.353900701270237e-05,3.7819669087859395e-05,2.996907696503357e-05
validation,1164,5.167869767854876e-05,3.915476983105491e-05,2.9638015704262882e-05
validation,1165,4.385944240521131e-05,2.9943630777177565e-05,2.4261972380473315e-05
validation,1166,4.5794457561559926e-05,3.248838909890193e-05,2.0693844292140425e-05
validation,1167,5.443151582506061e-05,3.885466266914825e-05,2.8355971539376464e-05
validation,1168,5.26761248992834e-05,3.630756244557534e-05,3.2151093247553e-05
validation,1169,4.6075094654115995e-05,3.1095222090549374e-05,2.2014827281875297e-05
validation,1170,5.8094726116250246e-05,4.2633742944571725e-05,3.478645150556076e-05
validation,1171,5.6147595280973084e-05,4.452208289996796e-05,3.384721590134304e-05
validation,1172,5.080236006197549e-05,4.0494482798947396e-05,2.8415908586739918e-05
validation,1173,5.180796753045333e-05,4.273302664704578e-05,2.5786168611890573e-05
validation,1174,5.275504715467271e-05,3.968569778564232e-05,2.8420799477738564e-05
validation,1175,5.033506076411945e-05,4.048204889763818e-05,2.8830651016801875e-05
validation,1176,5.131405273765759e-05,4.281619343099924e-05,2.582144244126093e-05
validation,1177,4.7250209924652026e-05,3.029358934703243e-05,2.226370219915532e-05
validation,1178,5.6051945271770976e-05,4.630561337211678e-05,3.1845723646317976e-05
validation,1179,4.824890129597034e-05,3.198860441106728e-05,1.9864128211718445e-05
validation,1180,5.6249290986633555e-05,4.621492716704394e-05,3.2111995313901e-05
validation,1181,5.14589277108205e-05,3.938273748381503e-05,2.942766825122736e-05
validation,1182,5.030466947294621e-05,3.957731213877096e-05,2.9850667955724244e-05
validation,1183,5.7732669321103616e-05,4.769802031678848e-05,2.9586678948937847e-05
validation,1184,5.208577859829602e-05,3.826280891562753e-05,3.0176955670752844e-05
validation,1185,5.303815360896223e-05,3.9806039823045426e-05,2.8273798042428214e-05
validation,1186,4.5758328890812166e-05,3.228913545969544e-05,2.1028946244255934e-05
validation,1187,5.458518653660522e-05,3.383902789222676e-05,3.362433149313586e-05
validation,1188,4.740247354791526e-05,3.165251143558157e-05,2.0419180185018946e-05
validation,1189,5.3690477507046276e-05,3.600918885925743e-05,3.1995226502066744e-05
validation,1190,4.692247346848033e-05,2.8901823315707832e-05,2.3877362758684923e-05
validation,1191,5.256152757278298e-05,4.049639955668849e-05,2.7795300274646782e-05
validation,1192,4.6261441584992154e-05,2.9408912776844028e-05,2.3628924839976586e-05
validation,1193,5.4455874342283965e-05,4.0316550605202374e-05,2.694570456446397e-05
validation,1194,5.474967050667903e-05,4.5543634911406525e-05,3.3412863200965714e-05
validation,1195,5.709259772184762e-05,4.46298577672911e-05,3.320460459137863e-05
validation,1196,5.3643015760463194e-05,3.784271640943114e-05,3.0030161251503502e-05
validation,1197,5.379006948299837e-05,4.018737733257865e-05,2.7503017062197098e-05
validation,1198,4.6776499526590855e-05,3.1995106524084104e-05,2.0745852890610224e-05
validation,1199,5.124058456318408e-05,4.139968664312326e-05,2.7388179299622197e-05
validation,1200,5.343624505781068e-05,3.9205006390578735e-05,2.87113496123254e-05
validation,1201,5.339691704183145e-05,4.060696647916419e-05,2.6980750610393396e-05
validation,1202,4.6650983599489064e-05,2.9880560674347243e-05,2.293977860731619e-05
validation,1203,5.286052006353998e-05,4.1217426132675406e-05,2.6671018632983627e-05
validation,1204,5.712667431241263e-05,4.6427719605448615e-05,3.1331341457361696e-05
validation,1205,5.373268952381441e-05,3.857945309196837e-05,2.920421288107996e-05
validation,1206,4.7421204558887975e-05,3.084780497940644e-05,2.1663882630571846e-05
validation,1207,4.636160222697108e-05,3.4099303478553275e-05,1.8713250298231182e-05
validation,1208,5.653099636294918e-05,4.6710185412847265e-05,3.140801898830453e-05
validation,1209,5.299392857421248e-05,4.195660232418844e-05,2.6161969120934438e-05
validation,1210,4.481096808651595e-05,3.0904418735977886e-05,2.2769565335741543e-05
validation,1211,5.2669437127742545e-05,3.817834125678246e-05,3.003379564656318e-05
validation,1212,4.7022730610750296e-05,3.205324832223245e-05,2.056682790589107e-05
validation,1213,5.1880910463673574e-05,4.205566533611777e-05,2.6343399969354442e-05
validation,1214,5.021921027651747e-05,3.912464027044985e-05,3.024130181382536e-05
validation,1215,5.7776175191093685e-05,4.818663511858455e-05,2.9214706901212573e-05
validation,1216,5.066912969634002e-05,4.0037731111133314e-05,2.9146929903051583e-05
validation,1217,5.136740049859104e-05,4.250820547803885e-05,2.6302930472852735e-05
validation,1218,5.3870035822135633e-05,3.966364073290731e-05,2.7929374903911992e-05
validation,1219,5.384299253283394e-05,3.882313215056165e-05,2.873994710661007e-05
validation,1220,5.070248037085891e-05,3.977861062602992e-05,2.9188409558095245e-05
validation,1221,5.2452892152724606e-05,4.35138417635206e-05,2.444757623865366e-05
validation,1222,5.594065785281888e-05,4.630206468025807e-05,3.209657206329999e-05
validation,1223,4.651843168205684e-05,3.250480564753556e-05,2.01808296049092e-05
validation,1224,5.328203391860725e-05,3.682416316176435e-05,3.1083269167174064e-05
validation,1225,4.766556326563007e-05,3.0579079498066726e-05,2.1778506916919133e-05
validation,1226,5.443332141200955e-05,3.8960804106191354e-05,2.834931034742668e-05
validation,1227,5.357464507830234e-05,4.1107424665181036e-05,2.662851911617399e-05
validation,1228,5.36041422392775e-05,4.261888216069136e-05,2.4871993721546286e-05
validation,1229,4.616220441461664e-05,3.2304859394604845e-05,2.0639097586326664e-05
validation,1230,5.65413673958112e-05,4.763029297085604e-05,3.0479790054553426e-05
validation,1231,4.6389810637604276e-05,3.193940710688348e-05,2.0877595925471828e-05
validation,1232,5.099635071968936e-05,3.933384226526243e-05,2.9550050585676395e-05
validation,1233,5.1171143195255765e-05,4.1378275332074295e-05,2.7438649179514277e-05
validation,1234,5.0925536766796644e-05,4.162154811521532e-05,2.729814309746206e-05
validation,1235,5.7109800603481905e-05,4.489529892800064e-05,3.2971680269238096e-05
validation,1236,4.517326553163904e-05,3.218901047820342e-05,2.1263528750810256e-05
validation,1237,4.9168561523227744e-05,3.2437803740450105e-05,1.882907255955885e-05
validation,1238,4.654932147162813e-05,3.42700420203542e-05,1.8526815851925597e-05
validation,1239,5.4058789893355385e-05,3.818238660064979e-05,2.9431510337741518e-05
validation,1240,5.251541873328835e-05,4.157722309941172e-05,2.674135368829052e-05
validation,1241,4.9994921845843336e-05,3.112032005436704e-05,2.002389248309221e-05
validation,1242,4.429261541331734e-05,3.2911525245022576e-05,2.0971710519971207e-05
validation,1243,4.465260842352985e-05,3.353619972663422e-05,2.0051832890471183e-05
validation,1244,5.30580903134083e-05,3.7598555325553664e-05,3.059133137569065e-05
validation,1245,4.489092832356571e-05,3.256376404929266e-05,2.103458832754619e-05
validation,1246,5.888684988279883e-05,4.500381973442401e-05,3.197774578843362e-05
validation,1247,5.283813294369973e-05,3.951220306888442e-05,2.8744222330317207e-05
validation,1248,4.777855168554446e-05,3.059502771679021e-05,2.1570505126940698e-05
validation,1249,5.110956969971484e-05,4.0072695579338416e-05,2.8776791676749195e-05
validation,1250,5.3462165859129576e-05,3.823631410921156e-05,2.9646399857904522e-05
validation,1251,4.6790615663530584e-05,2.980241791634474e-05,2.3015017322704464e-05
validation,1252,4.590279450753438e-05,2.9551976687083242e-05,2.355504598229741e-05
validation,1253,5.4350180150521365e-05,3.789291524440232e-05,2.9595463351183746e-05
validation,1254,5.4707532348910874e-05,3.680118047318197e-05,3.0484874984225253e-05
validation,1255,4.754647985012073e-05,3.5637938949554986e-05,1.6528726183142063e-05
validation,1256,5.8060958998113454e-05,4.4291437685361905e-05,3.3121008855796965e-05
validation,1257,4.4716844259407796e-05,3.262554925993855e-05,2.104488490502565e-05
validation,1258,5.564704675858787e-05,3.98405720963171e-05,3.88746657157922e-05
validation,1259,4.799974297565763e-05,2.993502604851411e-05,2.2144397377040348e-05
validation,1260,5.4281906579650554e-05,4.129973434100179e-05,2.6012490274599423e-05
validation,1261,4.511802904280433e-05,3.281469783626401e-05,2.0569433692455564e-05
validation,1262,5.3609398320729e-05,3.745453233595835e-05,3.022874445227158e-05
validation,1263,4.5972211629363576e-05,3.336183587205438e-05,1.9654416059821004e-05
validation,1264,5.309960862582737e-05,3.921576939708556e-05,2.8853296573325793e-05
validation,1265,4.414415492590296e-05,3.0610515704768785e-05,2.3331852049447945e-05
validation,1266,5.525824710716821e-05,4.546722114659366e-05,3.318907258232721e-05
validation,1267,5.558747904971481e-05,4.7034632365807244e-05,3.150169466220815e-05
validation,1268,5.4130556098112225e-05,4.532302693491496e-05,3.397279399502168e-05
validation,1269,5.236211358382248e-05,4.156031745588952e-05,2.6823095157582833e-05
validation,1270,5.0207796182815703e-05,3.9492422337156066e-05,2.9905086597110294e-05
validation,1271,5.569046895877764e-05,4.7510728017259234e-05,3.099043582003404e-05
validation,1272,5.2254067506672295e-05,3.9301643251479373e-05,2.9147330622243908e-05
validation,1273,5.492938844351213e-05,4.161991154168254e-05,3.738497397227787e-05
validation,1274,5.1807236465106116e-05,4.164447666291109e-05,2.679225449717456e-05
validation,1275,5.525106050466748e-05,4.599731789744591e-05,3.258962416911786e-05
validation,1276,5.32284653778077e-05,3.876421807580223e-05,2.91133894194094e-05
validation,1277,4.322928961649815e-05,3.29323745990135e-05,2.141692069112607e-05
validation,1278,5.388398737498399e-05,3.862997432043476e-05,2.9104795817773115e-05
validation,1279,5.2834277685207506e-05,3.939576103541089e-05,2.8793271204474297e-05
validation,1280,5.686404730240426e-05,4.8179381024014715e-05,2.9637992108920398e-05
validation,1281,5.0858619783088716e-05,4.2273663924533664e-05,2.6738160012731354e-05
validation,1282,5.472850268097647e-05,4.104209577295065e-05,2.6140303941161428e-05
validation,1283,4.5683508576000726e-05,3.3075530122177375e-05,2.0004017611528044e-05
validation,1284,5.255893500600739e-05,4.3339449216646275e-05,2.472446870387054e-05
validation,1285,5.1015797300839905e-05,4.043446210886383e-05,2.8586793082232137e-05
validation,1286,5.2774151161581096e-05,3.933288638663209e-05,2.887468922162227e-05
validation,1287,5.4333645460915954e-05,3.7363140327352014e-05,3.0177038363417636e-05
validation,1288,5.2107989857017954e-05,4.017498812556438e-05,2.823309865341331e-05
validation,1289,5.713640802387918e-05,4.615381294907019e-05,3.157156259957354e-05
validation,1290,4.5633816529024646e-05,3.330035522783751e-05,1.998084418324649e-05
validation,1291,5.228631762071076e-05,4.2312927276838475e-05,2.608450195860314e-05
validation,1292,4.665276654342892e-05,3.068391401344292e-05,2.1822999193830888e-05
validation,1293,5.408528891211369e-05,4.3168229623524524e-05,2.4228189407710937e-05
validation,1294,4.6630823402424544e-05,3.212061003267064e-05,2.062522124172634e-05
validation,1295,4.7987278934974544e-05,2.9964576192519407e-05,2.2268447681185286e-05
validation,1296,5.08020877174946e-05,4.1181378279088505e-05,2.7882612588870592e-05
validation,1297,5.757377655504914e-05,4.167564989819229e-05,3.6064418632103117e-05
validation,1298,5.19775251208296e-05,3.9084680065774494e-05,2.9467439626976727e-05
validation,1299,5.3465943336395906e-05,3.865737392340315e-05,2.9145611485420807e-05
validation,1300,5.378760783879719e-05,3.845791811642272e-05,2.9302756721198166e-05
validation,1301,5.07516103913543e-05,3.8156384335782e-05,3.093877616780621e-05
validation,1302,4.670511504610231e-05,2.6016486751714733e-05,2.68321342850169e-05
validation,1303,5.3089122883858064e-05,4.1504667658338e-05,2.620600365363519e-05
validation,1304,4.489186924777365e-05,3.113637552392909e-05,2.248084507721176e-05
validation,1305,5.3170658041907e-05,4.1954771663673415e-05,2.5938935794091205e-05
validation,1306,4.734431003852067e-05,3.192882125715755e-05,2.0567804223420072e-05
validation,1307,5.091728513900423e-05,3.9762809386923366e-05,2.9115901342344083e-05
validation,1308,5.620845849319442e-05,4.5081794890210034e-05,3.3180977624666283e-05
validation,1309,5.447421715800728e-05,4.7181129230664094e-05,3.1851227117882536e-05
validation,1310,5.127375376863235e-05,3.9718594586145085e-05,2.9095288131475796e-05
validation,1311,5.382741125962173e-05,3.919632138016205e-05,2.852852938184379e-05
validation,1312,4.5862022594789676e-05,3.086324948631333e-05,2.232763794794987e-05
validation,1313,5.717855606146935e-05,4.506216269506209e-05,3.259678365789613e-05
validation,1314,5.564355970351658e-05,3.902699637591345e-05,2.771401150838145e-05
validation,1315,5.2325756651581226e-05,4.0686221917600706e-05,2.770415785917091e-05
validation,1316,5.087935008781214e-05,4.171034708162935e-05,2.7286235787099734e-05
validation,1317,5.035486340275541e-05,4.158645397058693e-05,2.7555389210443422e-05
validation,1318,4.67599018131492e-05,3.3138576185244875e-05,1.961470150430253e-05
validation,1319,4.555931163598409e-05,3.0107149846743488e-05,2.337656159533463e-05
validation,1320,5.3055617836208185e-05,4.009820269120367e-05,2.7875357945459236e-05
validation,1321,5.0997358308002165e-05,4.393964544469174e-05,2.4968556554775863e-05
validation,1322,5.728016916385668e-05,4.425919572766706e-05,3.360016467971535e-05
validation,1323,4.774339953112461e-05,3.507853926180347e-05,1.6882040414928605e-05
validation,1324,5.348507066140409e-05,3.845176697250999e-05,2.927944661795749e-05
validation,1325,5.734366925696281e-05,4.234649163183314e-05,3.5493476759322356e-05
validation,1326,4.667216491940691e-05,3.451852346651946e-05,1.8164274425066873e-05
validation,1327,5.434196986397164e-05,4.5647374235136266e-05,3.3626551558086285e-05
validation,1328,5.192706464357761e-05,4.069524217150621e-05,2.7892730662077794e-05
validation,1329,5.341008442696069e-05,4.263254612943021e-05,2.515482886910241e-05
validation,1330,5.450920948671105e-05,3.968567773764096e-05,2.7719096221905657e-05
validation,1331,5.2873652720365164e-05,4.0654445082428894e-05,2.7362225980125986e-05
validation,1332,5.312752786851956e-05,4.023900147809355e-05,2.769146607611369e-05
validation,1333,4.614927787706189e-05,3.0303375703618774e-05,2.2855145758720107e-05
validation,1334,5.373355253638537e-05,4.4268735055721535e-05,2.3193215819779304e-05
validation,1335,5.266194238835726e-05,4.073383039003614e-05,2.7429899081563225e-05
validation,1336,4.716331347228584e-05,3.244164373914975e-05,2.01102590822297e-05
validation,1337,5.0733770607369234e-05,4.0712791099730496e-05,2.8268335349300884e-05
validation,1338,5.212723190192282e-05,3.9302452306246416e-05,2.9194346238650888e-05
validation,1339,5.128361082709664e-05,3.887185371636329e-05,3.009115862247644e-05
validation,1340,5.762439222821584e-05,4.449774293293094e-05,3.317377312300791e-05
validation,1341,5.135927180507288e-05,3.976591854739246e-05,2.9061263202972233e-05
validation,1342,5.1525191104152745e-05,4.2439886439816025e-05,2.6284262955521863e-05
validation,1343,5.215474208039394e-05,3.772825133275342e-05,3.0771163719267304e-05
validation,1344,5.356502702396668e-05,4.393028103201986e-05,2.3518382104157906e-05
validation,1345,4.478211890021803e-05,2.776340608845238e-05,2.6059492904954922e-05
validation,1346,5.1931054671393865e-05,4.020018919485069e-05,2.8368459895499067e-05
validation,1347,5.9596338586915426e-05,4.1225517107754985e-05,3.558773236151739e-05
validation,1348,5.5264664818595294e-05,4.707424750831484e-05,3.168987530985996e-05
validation,1349,5.6425907029029896e-05,4.996255421977461e-05,2.781109283164476e-05
validation,1350,5.3928770438924344e-05,4.068599923413312e-05,2.6877571454762945e-05
validation,1351,5.554106151846072e-05,4.359850528761263e-05,3.5003366069511926e-05
validation,1352,5.091313022660832e-05,3.869431168477517e-05,3.0356730601182064e-05
validation,1353,5.2199907471647366e-05,4.049535315094913e-05,2.7793744562835706e-05
validation,1354,5.3833537420505034e-05,4.282428651986555e-05,2.4524539522414362e-05
validation,1355,5.2665953046113116e-05,3.731752871859016e-05,3.101157048775958e-05
validation,1356,5.2485743685043164e-05,3.6721215482747005e-05,3.1688997084785565e-05
validation,1357,5.1926790145429965e-05,3.799081369891501e-05,3.064725132620834e-05
validation,1358,5.2842008882795676e-05,4.0301078969518146e-05,2.7896520132729976e-05
validation,1359,5.2040068696979945e-05,3.9069464701111496e-05,2.9556046466596968e-05
validation,1360,4.6324672089911264e-05,3.355980636000949e-05,1.9238043602800266e-05
validation,1361,5.260864886956195e-05,3.8217902699189585e-05,3.009248433425177e-05
validation,1362,4.767774077849825e-05,3.4611940644060925e-05,1.747019393511021e-05
validation,1363,5.2186640489520136e-05,3.9772938012518155e-05,2.8689717453974258e-05
validation,1364,5.612667327396284e-05,4.721233629631313e-05,3.1057927595123784e-05
validation,1365,5.4872618267392536e-05,3.987031792194422e-05,2.7177732124350772e-05
validation,1366,5.733261779392157e-05,4.991907335824561e-05,2.761008526085068e-05
validation,1367,4.992845631437013e-05,4.122882311074782e-05,2.8432946620152966e-05
validation,1368,4.978335629321861e-05,3.6891085918137354e-05,3.2683159796815346e-05
validation,1369,5.146292052017451e-05,4.256635413104542e-05,2.6192403043503204e-05
validation,1370,5.356565059124375e-05,3.709626510660012e-05,3.077272171017792e-05
validation,1371,5.3677384239012455e-05,3.953808950269115e-05,2.8082916597238224e-05
validation,1372,5.293904334995192e-05,3.916954232518614e-05,2.894730154709717e-05
validation,1373,5.4707971246754324e-05,4.2443876426348115e-05,2.468818376269225e-05
validation,1374,5.340872831632297e-05,3.808440057706014e-05,2.9863281353767163e-05
validation,1375,5.1968123558560655e-05,4.142619737837406e-05,2.703878151291899e-05
validation,1376,5.709907915905003e-05,4.424126101230323e-05,3.3596113790555125e-05
validation,1377,5.3010078694731574e-05,3.907736104620603e-05,2.8946081995925004e-05
validation,1378,5.1519687842607104e-05,4.197436775779743e-05,2.6655766459611726e-05
validation,1379,5.618863591848895e-05,4.949662531260958e-05,2.8709784386888008e-05
validation,1380,5.155532940086788e-05,3.891083983341288e-05,2.9840699159503844e-05
validation,1381,5.2149807896926135e-05,3.975393020939001e-05,2.8717712501492213e-05
validation,1382,4.724639881616134e-05,3.3218576513396714e-05,1.9198943322452878e-05
validation,1383,4.783451630551927e-05,2.9582677343011807e-05,2.2636559166227923e-05
validation,1384,5.6788707565547487e-05,4.2973883641428004e-05,3.508592983561626e-05
validation,1385,5.2491379341435484e-05,4.1466524777491494e-05,2.682100620394728e-05
validation,1386,5.1432361784813796e-05,4.208368512501241e-05,2.669989264644082e-05
validation,1387,4.874766572040252e-05,3.129345857461274e-05,2.0313090708684796e-05
validation,1388,5.79657456567708e-05,4.639850537536777e-05,3.08137453552463e-05
validation,1389,5.6209693019297e-05,4.832510520713493e-05,2.9905180121312216e-05
validation,1390,5.33694692951344e-05,3.956580161592342e-05,2.8380931147362353e-05
validation,1391,5.3495082154253597e-05,4.2174437341991153e-05,2.5645339240173905e-05
validation,1392,5.7250793158857795e-05,4.202391795829581e-05,3.582286871351544e-05
validation,1393,4.753851340223047e-05,3.217491576328496e-05,2.0003122059459817e-05
validation,1394,5.297428958134301e-05,3.921030431120252e-05,2.8722609217576858e-05
validation,1395,5.565440908777432e-05,4.681842649392668e-05,3.1707736388557404e-05
validation,1396,5.570147461562829e-05,4.4702317445512564e-05,3.402834982583916e-05
validation,1397,5.310687525783669e-05,4.0494114138034394e-05,2.7561235444529307e-05
validation,1398,4.635912319290347e-05,3.320072407227704e-05,1.9565674078816162e-05
validation,1399,4.531371079108964e-05,3.341272869147589e-05,1.998991605742162e-05
validation,1400,5.2731091400644025e-05,4.252322138644629e-05,2.5548650075300695e-05
validation,1401,4.5109369538773474e-05,3.114169445350033e-05,2.234989379149089e-05
validation,1402,5.1731176207574576e-05,4.1647002318893514e-05,2.6970464657322802e-05
validation,1403,5.099809456666317e-05,3.8131161181529066e-05,3.0912057224523105e-05
validation,1404,5.402769927090628e-05,4.665825836483714e-05,3.260416534452396e-05
validation,1405,4.579752384920465e-05,2.9430362704854393e-05,2.3817651834871435e-05
validation,1406,5.0762616475685915e-05,2.8992366388352596e-05,2.161626367198591e-05
validation,1407,5.3300140381252414e-05,3.9460113586589494e-05,2.8427820497195926e-05
validation,1408,4.710283486819944e-05,3.323238924133405e-05,1.9264478770205756e-05
validation,1409,5.323145065881132e-05,4.049299142019399e-05,2.7394355597357457e-05
validation,1410,5.3433423341486976e-05,3.7799614047120715e-05,3.0210481303899497e-05
validation,1411,5.486536732148833e-05,3.865933179672975e-05,2.8373213168097436e-05
validation,1412,5.8671969872722215e-05,4.4989433544769826e-05,3.216694572898418e-05
validation,1413,5.152260525595696e-05,3.739276198217785e-05,3.1367076782862505e-05
validation,1414,4.6725128098567904e-05,3.179124319172017e-05,2.0834640882355168e-05
validation,1415,4.652795789359016e-05,3.1767587532106147e-05,2.1118184078917853e-05
validation,1416,5.6467182424697364e-05,4.797533735693915e-05,3.0153643034482525e-05
validation,1417,4.512066753397165e-05,3.008250307902391e-05,2.3467734861727514e-05
validation,1418,5.648429384109051e-05,4.364774334502629e-05,3.460785269975237e-05
validation,1419,5.2453819264834075e-05,3.909202277424926e-05,2.9272775725490692e-05
validation,1420,5.5688141812575666e-05,4.475771348145622e-05,3.3723344438074574e-05
validation,1421,5.107396560513444e-05,4.0956643780908125e-05,2.798107897176906e-05
validation,1422,5.53877582212162e-05,4.597069792646504e-05,3.265382974798387e-05
validation,1423,5.623781631923333e-05,4.618129454682971e-05,3.209318119838636e-05
validation,1424,4.708808899817093e-05,2.976834573882897e-05,2.287932940960218e-05
validation,1425,4.973386333599647e-05,3.94890521979477e-05,3.007303158572337e-05
validation,1426,4.7212718427196634e-05,3.0833053281343667e-05,2.1602125452214224e-05
validation,1427,5.263607025624837e-05,4.0436436844566296e-05,2.7705557244386393e-05
validation,1428,5.375183251660385e-05,3.8787525652516225e-05,2.8889610788931745e-05
validation,1429,5.16397875937948e-05,4.221758650693696e-05,2.6340303344050083e-05
validation,1430,5.445196115410706e-05,4.4732605587373594e-05,3.4345952311003605e-05
validation,1431,5.3699599366742885e-05,4.007308733525611e-05,2.7677706258307008e-05
validation,1432,4.5579514350847557e-05,2.9665710539903046e-05,2.357550620006431e-05
validation,1433,5.2381582603441976e-05,4.30460738107074e-05,2.5270960028791625e-05
validation,1434,5.147580544628094e-05,4.2073273618055874e-05,2.6575297904974322e-05
validation,1435,4.6925200612898854e-05,3.4396858009090786e-05,1.787062349412237e-05
validation,1436,5.814003959539521e-05,4.548514926211179e-05,3.163865608995607e-05
validation,1437,5.035406921062107e-05,4.192342644014354e-05,2.716755076653969e-05
validation,1438,5.299002917749783e-05,4.019712598747509e-05,2.7909227411423873e-05
validation,1439,5.696090758094166e-05,4.6881054017014325e-05,3.0772554303274284e-05
validation,1440,5.2899841621574695e-05,3.80115903221417e-05,3.0176435741865442e-05
validation,1441,4.7960894577331586e-05,3.4091224268746257e-05,1.8010942772520156e-05
validation,1442,5.260585483431808e-05,4.122373595612769e-05,2.703217487697835e-05
validation,1443,5.7267379199075236e-05,4.98753919410228e-05,2.7511403656876067e-05
validation,1444,5.537792975903676e-05,4.3502362052817066e-05,3.516437628607964e-05
validation,1445,4.687768291737492e-05,3.328967838040665e-05,1.9421972496484233e-05
validation,1446,5.554576459061207e-05,4.4969613484035087e-05,3.360548281808776e-05
validation,1447,5.275028987530065e-05,4.1963424143587275e-05,2.592039049640006e-05
validation,1448,5.283985824824736e-05,4.1567008618302405e-05,2.6540293090388856e-05
validation,1449,5.1078321114419785e-05,4.133858082714743e-05,2.7613976672251996e-05
validation,1450,5.2147365650433774e-05,4.0933574420601263e-05,2.7451339771263193e-05
validation,1451,5.752344822238049e-05,4.432251750743362e-05,3.3343246292487004e-05
validation,1452,4.6791158494060574e-05,3.304139558616324e-05,1.9626026831512836e-05
validation,1453,4.7541109844430173e-05,3.209656004956748e-05,1.9985654625147993e-05
validation,1454,4.746032210413464e-05,2.973490933360725e-05,2.277788524411757e-05
validation,1455,5.703673024771403e-05,4.6114039937244395e-05,3.174066813393207e-05
validation,1456,5.50743551224398e-05,4.6298608537753774e-05,3.2492953354077865e-05
validation,1457,5.203452702219304e-05,4.2169914250250364e-05,2.622820976543369e-05
validation,1458,5.5602601393484485e-05,4.077561856122722e-05,2.590789806226831e-05
validation,1459,5.5972167094541646e-05,4.8364162358412196e-05,2.9986148283694135e-05
validation,1460,4.5426842306696236e-05,3.0912038674278317e-05,2.2434233447950816e-05
validation,1461,5.242696564889722e-05,4.108373406127914e-05,2.7235944448226835e-05
validation,1462,5.169435870713136e-05,4.100080680712905e-05,2.765038082487097e-05
validation,1463,5.7218020218197335e-05,4.55425980204705e-05,3.2241218774357576e-05
validation,1464,5.2244306240279924e-05,4.086416951360418e-05,2.7394520515832946e-05
validation,1465,5.231416212111871e-05,3.755854486406627e-05,3.093803503747912e-05
validation,1466,4.831837419527759e-05,2.8701722507014878e-05,2.3356299072355647e-05
validation,1467,5.495037186022029e-05,4.417977819438976e-05,3.485233263930529e-05
validation,1468,4.797780742810106e-05,3.309906878763214e-05,1.884964384695655e-05
validation,1469,5.081727002013898e-05,3.728394384444538e-05,3.183475507372695e-05
validation,1470,5.5764254654307986e-05,4.8731588196561056e-05,2.9590584289499914e-05
validation,1471,5.7404018424793044e-05,4.4478919116560384e-05,3.3267924056579286e-05
validation,1472,5.72763010812396e-05,4.3866409382472424e-05,3.4109725500878166e-05
validation,1473,5.629412722328882e-05,4.689951169271342e-05,3.121344958974045e-05
validation,1474,5.508431068502966e-05,3.9410347538780805e-05,2.7621635760374733e-05
validation,1475,4.613320319135495e-05,3.2654481520654936e-05,2.0415745535890544e-05
validation,1476,5.596505198712807e-05,4.5690354544914394e-05,3.2588469643088925e-05
validation,1477,5.7961453309280036e-05,4.494391920365947e-05,3.243004940884695e-05
validation,1478,5.437826874846868e-05,4.673330878345188e-05,3.238183450050024e-05
validation,1479,5.612859674441267e-05,4.645590008181486e-05,3.184728923200222e-05
validation,1480,5.6590012372656094e-05,4.819786219432141e-05,2.9809482914240008e-05
validation,1481,5.7056961704471135e-05,4.741775174682789e-05,3.0446926489383168e-05
validation,1482,4.9764847273835144e-05,4.005367851631593e-05,2.947284078723235e-05
validation,1483,5.3474306349841115e-05,4.170092512472089e-05,2.6039964847373925e-05
validation,1484,5.508748249164017e-05,4.426422517979681e-05,3.4611779468580614e-05
validation,1485,5.6261660748510914e-05,4.738093762019851e-05,3.0833684252218384e-05
validation,1486,5.78448019741128e-05,4.4195069468361266e-05,3.3371476003830085e-05
validation,1487,5.24392691476485e-05,4.210235437701557e-05,2.6036741365136432e-05
validation,1488,5.148897837490954e-05,4.18696972722943e-05,2.6783418619386986e-05
validation,1489,5.579666882187373e-05,4.4423334825381015e-05,3.404540755742502e-05
validation,1490,5.295179419777205e-05,4.044516471150437e-05,2.7631502828173613e-05
validation,1491,5.273945201703568e-05,3.843745579585641e-05,2.969837786072226e-05
validation,1492,5.181680080756012e-05,4.230172814301089e-05,2.6298746033540365e-05
validation,1493,4.606115137241324e-05,2.9860589031079817e-05,2.3256157881771068e-05
validation,1494,5.422925172385592e-05,4.1104436723963055e-05,2.6316375015716174e-05
validation,1495,5.250858471432118e-05,3.644921575671621e-05,3.1931600788214963e-05
validation,1496,5.228510224876686e-05,3.783338011929142e-05,3.0630178010116125e-05
validation,1497,5.672714691817047e-05,4.710476584585779e-05,3.0717136558473464e-05
validation,1498,5.5497439942663504e-05,4.269678665727413e-05,2.3908302611709385e-05
validation,1499,4.590407329532893e-05,3.007202113996635e-05,2.312075589585245e-05
validation,1500,5.488997332124976e-05,4.522186798290823e-05,3.3638541779802294e-05
validation,1501,4.7339039912592046e-05,2.7008138181276205e-05,2.5516501591645227e-05
validation,1502,5.6883354397740054e-05,4.568245975770088e-05,3.225752795761777e-05
validation,1503,5.222474791848734e-05,3.836237103687387e-05,3.0105542227502584e-05
validation,1504,5.5555711862242045e-05,4.5045621651664485e-05,3.3537382578686797e-05
validation,1505,4.593078198104148e-05,3.3343199839711364e-05,1.969199631146442e-05
validation,1506,5.1405934331162704e-05,4.140624576997724e-05,2.741688126091746e-05
validation,1507,5.1949262857708385e-05,4.283394730367079e-05,2.5718987530015468e-05
validation,1508,5.589464522290957e-05,4.854696667922698e-05,2.981514391915208e-05
validation,1509,5.743002100307684e-05,4.445479429759363e-05,3.320876734143999e-05
validation,1510,4.655830720906054e-05,3.28113253129817e-05,2.0027720472233136e-05
validation,1511,5.137327125618917e-05,3.835563368612939e-05,3.050285577171475e-05
validation,1512,4.531071871426997e-05,3.335636470175035e-05,2.0045600632810722e-05
validation,1513,5.331600363614837e-05,4.271139134824862e-05,2.4928520200328162e-05
validation,1514,5.2356460236579734e-05,3.6886353187475155e-05,3.158577641466213e-05
validation,1515,4.948306022031585e-05,2.6465405847934535e-05,2.5064825888213283e-05
validation,1516,5.668438327761851e-05,4.6234518079339694e-05,3.188191819430353e-05
validation,1517,5.663581927977616e-05,4.6741662635946885e-05,3.1141778726010866e-05
validation,1518,5.2744314274275876e-05,4.399110230107993e-05,2.3992624922045555e-05
validation,1519,4.7442397643262926e-05,3.039581269529014e-05,2.2092569496284103e-05
validation,1520,5.4291939456383854e-05,4.7719265972987966e-05,3.133610264855577e-05
validation,1521,4.699267050892768e-05,3.1053663698135264e-05,2.1623544217657643e-05
validation,1522,5.796415948572417e-05,4.208376599129668e-05,3.527125129799575e-05
validation,1523,5.6287743816688884e-05,4.388422432454766e-05,3.436676459821158e-05
validation,1524,5.71064846825626e-05,4.4865808644592807e-05,3.295607557931483e-05
validation,1525,4.841002625557039e-05,3.044932130314426e-05,2.1362813503220963e-05
validation,1526,5.212733874505836e-05,4.0556813141241456e-05,2.7921465029640577e-05
validation,1527,5.5597985614174196e-05,4.8741266320348085e-05,2.9736499074373202e-05
validation,1528,5.5552469370863194e-05,4.5675821423652234e-05,3.275391396161661e-05
validation,1529,5.5563869384607257e-05,4.916186860981955e-05,2.922361690736573e-05
validation,1530,5.267802299735465e-05,3.749659547413915e-05,3.077638927037541e-05
validation,1531,5.095036646749443e-05,4.1810425574753065e-05,2.7278317350263915e-05
validation,1532,4.347499102555768e-05,3.222034189458069e-05,2.2039872589606088e-05
validation,1533,4.71685602752473e-05,3.0363470127801235e-05,2.2224035194334293e-05
validation,1534,5.08630623995124e-05,4.361036453587012e-05,2.5138709456045444e-05
validation,1535,5.426255622923211e-05,4.2108651824552996e-05,2.5379430423685052e-05
validation,1536,4.6761414752618604e-05,2.963952248754037e-05,2.3014346305252304e-05
validation,1537,5.455462007275596e-05,4.6514561241277325e-05,3.248224793913975e-05
validation,1538,4.6209101628163314e-05,3.072644521742595e-05,2.2353718147295274e-05
validation,1539,5.7863989795341396e-05,4.6570436861959486e-05,3.068659453734184e-05
validation,1540,4.534954235654245e-05,3.205378497387164e-05,2.133704080677724e-05
validation,1541,4.99548607610824e-05,4.2897163913149194e-05,2.6492830134958275e-05
validation,1542,5.4004980869421127e-05,4.591868863735754e-05,3.349628107860745e-05
validation,1543,5.664174590683842e-05,4.6734828178594134e-05,3.1290271517935116e-05
validation,1544,5.097815254244414e-05,3.943644795282165e-05,2.954839047766685e-05
validation,1545,5.684791378015889e-05,4.608329773787243e-05,3.185628616732636e-05
validation,1546,5.333672642235973e-05,3.8850340167179786e-05,2.8963560557419405e-05
validation,1547,5.88025965416051e-05,4.236540723497211e-05,3.478527035292618e-05
validation,1548,5.1468066794710126e-05,3.989224757548612e-05,2.89059418650086e-05
validation,1549,5.571332888367642e-05,4.1960639412241746e-05,3.656707458826232e-05
validation,1550,5.434875568367238e-05,4.12159413829576e-05,2.6235147284802405e-05
validation,1551,4.556812534097803e-05,3.138146413360157e-05,2.1933180185715762e-05
validation,1552,5.524419319949402e-05,4.722017442662068e-05,3.146521051511373e-05
validation,1553,5.390360265855696e-05,3.950716414171441e-05,2.8186592204834874e-05
validation,1554,5.0516787070090555e-05,3.949632800619973e-05,2.9799817183381232e-05
validation,1555,4.587817781680639e-05,3.104481289748183e-05,2.2015139620798276e-05
validation,1556,5.1267105960753486e-05,4.084136295756267e-05,2.799176716565319e-05
validation,1557,5.7078586180700155e-05,4.2539151630535846e-05,3.5480018656718103e-05
validation,1558,5.5040275429734875e-05,4.7101732869289176e-05,3.16899270929946e-05
validation,1559,5.4935983817546576e-05,4.547725046889531e-05,3.352604278763162e-05
validation,1560,5.312521981254278e-05,4.0864941955428974e-05,2.718566652902028e-05
validation,1561,5.059503776712371e-05,4.314307994462578e-05,2.5997387968877733e-05
validation,1562,5.3297699030271535e-05,3.8683520537533544e-05,2.9282013792238187e-05
validation,1563,4.78717891616722e-05,3.0991052080702586e-05,2.1275403696233694e-05
validation,1564,5.3176229368103734e-05,3.930990935363871e-05,2.8742219330823828e-05
validation,1565,4.978241572862196e-05,4.226873459583569e-05,2.702740481624629e-05
validation,1566,5.4153056141379057e-05,3.948580755237025e-05,2.8070727563871343e-05
validation,1567,5.1845040077143504e-05,3.6798526524129786e-05,3.189649053434179e-05
validation,1568,4.734703871415004e-05,3.486515857968198e-05,1.7349322573437226e-05
validation,1569,4.678645467292223e-05,3.13870903494635e-05,2.135418335352146e-05
validation,1570,5.011696211487191e-05,4.150539873582109e-05,2.7845092645276625e-05
validation,1571,5.278900403634262e-05,4.09881409703136e-05,2.702540258016263e-05
validation,1572,5.1923284840617446e-05,4.183940944535971e-05,2.6732812960498098e-05
validation,1573,4.541848424513811e-05,3.1543569377682067e-05,2.1812360888481263e-05
validation,1574,5.9657858459794693e-05,4.943365111722591e-05,2.695676219875069e-05
validation,1575,4.724448780383772e-05,3.215046855884509e-05,2.0272713180947893e-05
validation,1576,4.435860756324848e-05,3.0083987360031998e-05,2.4016583651030946e-05
validation,1577,4.972424432768447e-05,3.942266300775188e-05,3.0265180114861776e-05
validation,1578,5.2526961181636567e-05,4.163530095343149e-05,2.6639735767800866e-05
validation,1579,5.742298793742586e-05,4.675671133026466e-05,3.0762154692732895e-05
validation,1580,4.5677371475550004e-05,2.9517576792590478e-05,2.3722512097518617e-05
validation,1581,4.428931282631859e-05,3.0421068996235546e-05,2.364696349497955e-05
validation,1582,4.662890479552824e-05,2.9969188435577957e-05,2.255155736610247e-05
validation,1583,5.72406211094169e-05,4.5415447945076897e-05,3.2381038499081866e-05
validation,1584,5.452440860745944e-05,3.8006733534731635e-05,2.9414540576158465e-05
validation,1585,5.726703009570132e-05,4.4886395830472644e-05,3.289350498773074e-05
validation,1586,5.1150349624884094e-05,4.225594400433291e-05,2.665430881874254e-05
validation,1587,5.726568134372338e-05,4.553518865857686e-05,3.2227450349951655e-05
validation,1588,5.431917391924639e-05,4.455509356259932e-05,3.4599163148234524e-05
validation,1589,4.715466067137523e-05,2.966281916989179e-05,2.2988628614940416e-05
validation,1590,4.9775320760787306e-05,3.939794064481923e-05,3.0159196686060986e-05
validation,1591,4.8260149650607894e-05,3.1956237101058476e-05,1.9970631351292674e-05
validation,1592,5.125240552550259e-05,3.8869777898514175e-05,3.01686957011004e-05
validation,1593,4.5183044623263104e-05,3.0185064285957057e-05,2.3294978549141698e-05
validation,1594,5.844465799687934e-05,4.390368356205251e-05,3.32145539676783e-05
validation,1595,4.692603315014764e-05,3.1343630503189434e-05,2.136360757307158e-05
validation,1596,4.683341697097667e-05,3.164957927607041e-05,2.1069055203328404e-05
validation,1597,5.357798251412733e-05,3.832895699128781e-05,2.9396695266607085e-05
validation,1598,5.748646525160184e-05,4.565427973761236e-05,3.2096692342038394e-05
validation,1599,5.541526046222329e-05,4.530901979412272e-05,3.328152196140623e-05
validation,1600,4.4578533493014894e-05,2.8122091094783358e-05,2.5773764051938317e-05
validation,1601,4.579779411569613e-05,3.278362886338148e-05,2.0426904623691305e-05
validation,1602,5.280511723659828e-05,4.008041616142586e-05,2.8133614462965596e-05
validation,1603,5.796804606605676e-05,4.848543932298701e-05,2.848261743600571e-05
validation,1604,5.230600464900491e-05,4.003087740203897e-05,2.8354989818500075e-05
validation,1605,5.800094368911394e-05,4.3322931891684075e-05,3.425710032204689e-05
validation,1606,4.5127991014601257e-05,2.8536831578852212e-05,2.502584039811498e-05
validation,1607,5.546139669475267e-05,4.001085558555785e-05,2.662077382822476e-05
validation,1608,5.598377498510402e-05,4.96337554177634e-05,2.8666624420461107e-05
validation,1609,5.297564736487884e-05,4.0090461129894974e-05,2.8002706330413338e-05
validation,1610,5.336085074851858e-05,4.061235049915736e-05,2.7242140417382885e-05
validation,1611,5.324213048484681e-05,4.058947210738246e-05,2.7378522687910994e-05
validation,1612,5.413314176676395e-05,4.120238822295451e-05,2.6369340599564375e-05
validation,1613,4.473509106295379e-05,3.185537963350969e-05,2.1956810042583755e-05
validation,1614,5.2181887279664415e-05,4.1968751257990504e-05,2.649511905662422e-05
validation,1615,5.050828550912249e-05,3.787635640169191e-05,3.139536130713905e-05
validation,1616,5.4770191405465885e-05,4.4675013078869756e-05,3.4261330326476326e-05
validation,1617,5.186454188453266e-05,3.821093425836644e-05,3.043886172159663e-05
validation,1618,4.687762871778155e-05,3.43727211985951e-05,1.798912503245177e-05
validation,1619,5.357648422381294e-05,3.79910400100637e-05,2.984332075072249e-05
validation,1620,4.489697028275363e-05,2.943727636501796e-05,2.430983585924517e-05
validation,1621,5.150341825430494e-05,3.847833082136092e-05,3.0289746125167897e-05
validation,1622,5.6839675321700514e-05,4.307293088080019e-05,3.4794991999287814e-05
validation,1623,4.504006391691095e-05,3.300417830599102e-05,2.0191978433792588e-05
validation,1624,5.55309845112011e-05,4.4991670320608235e-05,3.352336818664611e-05
validation,1625,5.218392828123381e-05,4.0663180687131707e-05,2.779237863533483e-05
validation,1626,5.167391430243936e-05,3.876697990254317e-05,2.9971048209568338e-05
validation,1627,5.474575093391919e-05,4.679598677564259e-05,3.212920299574648e-05
validation,1628,5.184669233934541e-05,4.254181133824186e-05,2.5859150563965366e-05
validation,1629,5.225721100296979e-05,4.154714822973207e-05,2.669889797734734e-05
validation,1630,4.646338998381017e-05,3.1427754755128624e-05,2.1523495367431462e-05
validation,1631,5.543606637221561e-05,4.7876823167969274e-05,3.067529351518879e-05
validation,1632,5.781763242227198e-05,4.871824723221222e-05,2.850100557861138e-05
validation,1633,5.2948656261387764e-05,4.019605540434016e-05,2.789831028633426e-05
validation,1634,5.761519850309163e-05,4.3932308215339006e-05,3.3742463533779526e-05
validation,1635,5.120780891066543e-05,4.1092143700893435e-05,2.7699230808299655e-05
validation,1636,5.501768953261425e-05,4.0707762370469456e-05,2.6194539726568472e-05
validation,1637,5.414002840813736e-05,3.894758997793676e-05,2.8479102324087635e-05
validation,1638,5.266528901836424e-05,3.760759713450328e-05,3.064316406256064e-05
validation,1639,5.515903194232086e-05,4.563763568813284e-05,3.31069939059688e-05
validation,1640,4.680099610517913e-05,3.3524439119303913e-05,1.902667550105063e-05
validation,1641,5.614949782194693e-05,4.6247574667774555e-05,3.204841452389636e-05
validation,1642,5.540045988243337e-05,4.859214875886155e-05,2.9651522369172635e-05
validation,1643,4.534751878940522e-05,2.825682145375358e-05,2.522640402962465e-05
validation,1644,5.8263973810971905e-05,4.5862566899050336e-05,3.1285373533893794e-05
validation,1645,5.265654451948686e-05,3.999148151738029e-05,2.813340452575693e-05
validation,1646,5.780955590864991e-05,4.5507269555827396e-05,3.201690538588475e-05
validation,1647,5.163622098736748e-05,4.21737937816292e-05,2.650614177810827e-05
validation,1648,5.749146739273975e-05,4.5019817720822984e-05,3.2635916312657595e-05
validation,1649,5.1928210493352744e-05,3.874631367081431e-05,2.995257347396116e-05
validation,1650,5.702972224137368e-05,4.395589121346928e-05,3.4049073298795214e-05
validation,1651,5.527974048522521e-05,4.444040666576346e-05,3.4246623744991343e-05
validation,1652,5.1368893525722975e-05,4.1810760028255074e-05,2.6997627123566282e-05
validation,1653,5.816501502345351e-05,4.9145498152748325e-05,2.8011172414939693e-05
validation,1654,5.036488341204979e-05,3.9138365839704746e-05,3.0193142477069714e-05
validation,1655,5.322466106465057e-05,4.0098017070838756e-05,2.783603949140758e-05
validation,1656,5.006823940168095e-05,4.5046273838710566e-05,2.4121431643110067e-05
validation,1657,4.6605335971600616e-05,3.302945149290671e-05,1.96806404948713e-05
validation,1658,5.56082372450578e-05,4.820490308289532e-05,3.0368551528246472e-05
validation,1659,4.625135288504188e-05,3.398691581228524e-05,1.897682246898682e-05
validation,1660,5.168335795192772e-05,4.0308976435571315e-05,2.8354888613028358e-05
validation,1661,5.030980483774967e-05,4.1554569895292736e-05,2.7638814272613985e-05
validation,1662,5.176840855234476e-05,4.087758047359195e-05,2.775096027284304e-05
validation,1663,4.922613112773332e-05,4.032526755117372e-05,2.957477191345724e-05
validation,1664,4.377309109014721e-05,3.426941110075199e-05,1.9708109012151196e-05
validation,1665,5.224831323501901e-05,4.037890233905871e-05,2.7853774492833425e-05
validation,1666,5.704201377143535e-05,4.715477206798024e-05,3.06952722902143e-05
validation,1667,5.660787608043197e-05,4.667386490217223e-05,3.135452355667575e-05
validation,1668,5.0671954294748105e-05,4.048582191508291e-05,2.8659148615805437e-05
validation,1669,5.198834977241977e-05,4.1164774507032694e-05,2.7350730286180812e-05
validation,1670,4.68932647058155e-05,2.9995819028277945e-05,2.2722918266655457e-05
validation,1671,4.728382014881789e-05,3.06738243349527e-05,2.1866254617009148e-05
validation,1672,5.754462505003204e-05,4.269522465659139e-05,3.484035119445087e-05
validation,1673,5.135537838517321e-05,4.0614923292739214e-05,2.8320545436635944e-05
validation,1674,4.479680923872411e-05,3.179012056780955e-05,2.1763221440680315e-05
validation,1675,4.559011299305891e-05,2.8366307895386103e-05,2.5018797799777088e-05
validation,1676,4.694801906189897e-05,3.118775560734292e-05,2.1481188211625917e-05
validation,1677,5.521391365921055e-05,4.729586150098627e-05,3.129980859121294e-05
validation,1678,5.197944725503408e-05,3.744518149244576e-05,3.112952794652181e-05
validation,1679,5.606037819786975e-05,4.758175935501497e-05,3.0721863167341645e-05
validation,1680,5.588572008003452e-05,4.633101245394514e-05,3.197217489953988e-05
validation,1681,5.085470537935692e-05,4.2123316645577715e-05,2.6903765096197406e-05
validation,1682,5.2545433668701867e-05,3.72373118735732e-05,3.116770236259575e-05
validation,1683,5.1593806801139635e-05,4.060865872185177e-05,2.80929402839491e-05
validation,1684,5.325485891562232e-05,3.94701623116145e-05,2.851685913010231e-05
validation,1685,5.202568552677874e-05,4.5480088298156105e-05,2.26702388524585e-05
validation,1686,5.254239057629897e-05,3.5189838782588516e-05,3.318712427508982e-05
validation,1687,5.160861468820765e-05,4.0770841103866126e-05,2.78429588944228e-05
validation,1688,5.291843481688471e-05,3.810622560748346e-05,2.9977229985430847e-05
validation,1689,4.590470904993141e-05,3.2039995878463587e-05,2.1185826171073253e-05
validation,1690,5.3102318773141375e-05,4.4517362377980366e-05,2.311915048914423e-05
validation,1691,5.225291340747298e-05,4.0316257633568455e-05,2.8070627754480075e-05
validation,1692,5.959277310980673e-05,4.557881399834763e-05,3.081812207427508e-05
validation,1693,5.1620322678016255e-05,4.172757663386425e-05,2.6903283648897664e-05
validation,1694,4.438032746537672e-05,3.13265041286652e-05,2.249349550812781e-05
validation,1695,5.784683121947427e-05,4.6274679330371955e-05,3.114258907123439e-05
validation,1696,5.2181467692259074e-05,4.39974536340361e-05,2.428824254432155e-05
validation,1697,5.171172925196282e-05,4.0670297739700525e-05,2.8006281768756e-05
validation,1698,4.792501530193473e-05,3.055965367198668e-05,2.1602584167530284e-05
validation,1699,4.768670887620463e-05,3.3668438505164156e-05,1.8560533849898646e-05
validation,1700,5.2401520281218934e-05,4.067745266985621e-05,2.7693252801458234e-05
validation,1701,5.259440888222243e-05,4.074107193281129e-05,2.752640328825575e-05
validation,1702,5.2176662051105544e-05,3.949158143696511e-05,2.8959737241932635e-05
validation,1703,4.763983572462394e-05,2.8854780269101817e-05,2.3557329079435687e-05
validation,1704,5.202460251104825e-05,3.739312565708409e-05,3.1288526668327455e-05
validation,1705,5.743783819545033e-05,4.281516097857376e-05,3.4956242461311616e-05
validation,1706,4.5861329860106305e-05,3.313197670042712e-05,2.0017036607233495e-05
validation,1707,5.267018733087224e-05,4.158182799196251e-05,2.6647096122586745e-05
validation,1708,4.6364084838381897e-05,2.9202628187053844e-05,2.3814297281969606e-05
validation,1709,5.330738185584512e-05,4.0310872502560854e-05,2.763870892733897e-05
validation,1710,4.5417202610965795e-05,3.127142898027641e-05,2.2149771574393208e-05
validation,1711,5.1696007466662875e-05,3.853515112754544e-05,3.017837814217639e-05
validation,1712,5.838844365136328e-05,4.815690683272347e-05,2.8842698403451976e-05
validation,1713,5.060197002755466e-05,3.738075098584906e-05,3.1921111600591895e-05
validation,1714,5.3782761059304384e-05,4.496069462075943e-05,2.2375829789780347e-05
validation,1715,5.464161980719194e-05,4.837694455681308e-05,3.048532652370484e-05
validation,1716,5.111223150676933e-05,4.1380537438002454e-05,2.755624816553464e-05
validation,1717,5.347716299163771e-05,3.9313849028075114e-05,2.854072206908626e-05
validation,1718,4.6769326080173556e-05,2.9633923568149224e-05,2.3149265998778225e-05
validation,1719,4.961074543791924e-05,4.169404414916109e-05,2.7890818325510845e-05
validation,1720,4.6219391534405143e-05,3.160085224921033e-05,2.1419657075934213e-05
validation,1721,5.386880417461527e-05,3.832845550531198e-05,2.941477383624844e-05
validation,1722,5.039819307636651e-05,3.87934100820769e-05,3.052015393853394e-05
validation,1723,5.295000212435695e-05,3.9333088435720773e-05,2.8830800684201317e-05
validation,1724,4.601706518704352e-05,2.95817443737787e-05,2.3516544034238255e-05
validation,1725,4.6024726765128545e-05,3.062898881454052e-05,2.2506235170113564e-05
validation,1726,5.5466382710943625e-05,4.2044731220225116e-05,2.4647881666571514e-05
validation,1727,5.2887191205931287e-05,3.871482894535805e-05,2.9408217376650246e-05
validation,1728,5.616761919808094e-05,4.642201920782126e-05,3.173121282958816e-05
validation,1729,5.113315078064633e-05,3.8914755243275193e-05,3.0198102377926162e-05
validation,1730,5.396196534863793e-05,4.2800080252833096e-05,2.4576197882823158e-05
validation,1731,4.538851363046871e-05,3.4607465343535646e-05,1.8638922800006195e-05
validation,1732,5.2433157285291614e-05,3.900888210446633e-05,2.9324529746984895e-05
validation,1733,5.1976202058737674e-05,4.195884336913347e-05,2.6580727682198006e-05
validation,1734,4.620386212029855e-05,3.2491011185273964e-05,2.049622779076004e-05
validation,1735,4.526828607388985e-05,3.171553222397146e-05,2.167879128305682e-05
validation,1736,5.2923148508420095e-05,4.1324799722750654e-05,2.6793969406937464e-05
validation,1737,5.220375885308571e-05,4.1847122032340776e-05,2.6257423266115048e-05
validation,1738,4.540278872968924e-05,3.19241050616832e-05,2.139438099790468e-05
validation,1739,5.287100893107817e-05,4.051691064933465e-05,2.7625832410937302e-05
validation,1740,5.248645413427961e-05,3.817752928824123e-05,3.009286826659372e-05
validation,1741,5.218100383036583e-05,4.013934808702313e-05,2.8323865142631145e-05
validation,1742,5.5819864486995405e-05,4.322254916668577e-05,3.529091797769807e-05
validation,1743,5.5085996118709414e-05,4.3610219865716004e-05,3.518865999424178e-05
validation,1744,4.731596521059477e-05,2.952637952689892e-05,2.31259858566723e-05
validation,1745,4.825191474084142e-05,2.7697096768210384e-05,2.4441919094933117e-05
validation,1746,5.0996711282528804e-05,4.2026110841293874e-05,2.6933324363165018e-05
validation,1747,4.499134672029414e-05,3.299124513750375e-05,2.0514905441585315e-05
validation,1748,5.417809413276893e-05,3.8554330731710245e-05,2.9054004895681493e-05
validation,1749,5.247453314785478e-05,4.401017134081146e-05,2.401320073360675e-05
validation,1750,5.756012565163282e-05,4.734083470325881e-05,3.0190942901601016e-05
validation,1751,5.462514822802163e-05,4.6516551019832e-05,3.2452670914630804e-05
validation,1752,5.3261196035039734e-05,3.866813998231356e-05,2.924304147696534e-05
validation,1753,5.746225688838135e-05,4.397975143242943e-05,3.3728830014621866e-05
validation,1754,4.666410401923539e-05,2.848498008382786e-05,2.4389124795393393e-05
validation,1755,5.152973695431016e-05,4.263611247928039e-05,2.6072074851150537e-05
validation,1756,5.710066751915134e-05,4.2905343260944114e-05,3.509208146747715e-05
validation,1757,4.847376200511442e-05,3.015670965505499e-05,2.1871325475855853e-05
validation,1758,4.850287641166422e-05,3.325223738561676e-05,1.8541274016023133e-05
validation,1759,5.020806436020853e-05,3.993639000157154e-05,2.9581169586216577e-05
validation,1760,5.388471057184788e-05,4.184316823732242e-05,2.5491316891954806e-05
validation,1761,4.977658148896608e-05,4.09581251738652e-05,2.858581723532514e-05
validation,1762,5.5326621333601836e-05,4.733424177853365e-05,3.128204412763254e-05
validation,1763,5.391702125768046e-05,3.760646144978537e-05,3.0010643546150047e-05
validation,1764,4.8208652259325595e-05,3.1374206701295086e-05,2.0645432076650666e-05
validation,1765,5.70548862459867e-05,4.685691284600871e-05,3.100131088408248e-05
validation,1766,5.0896630042451406e-05,4.074455000918423e-05,2.8199690526415022e-05
validation,1767,5.113397108622987e-05,4.1793368582500354e-05,2.7138213427627944e-05
validation,1768,5.134073328938893e-05,4.2182022040397594e-05,2.6523082803214006e-05
validation,1769,5.099452347108179e-05,3.8306982107379344e-05,3.0825803105563216e-05
validation,1770,4.565705888667352e-05,2.8854322221575656e-05,2.4472394463279883e-05
validation,1771,5.546944314215332e-05,4.6048671664164896e-05,3.255388560215202e-05
validation,1772,5.2303745677385355e-05,3.868563465470308e-05,2.9570335880262744e-05
validation,1773,5.6164534463922304e-05,4.286226445331324e-05,3.5464556036508786e-05
validation,1774,5.611266298866191e-05,4.758372177342949e-05,3.066882626569841e-05
validation,1775,5.117384219759891e-05,3.851699092732179e-05,3.0612843655956447e-05
validation,1776,5.065626701427224e-05,3.9893917362650625e-05,2.9264834958783825e-05
validation,1777,4.7613108443507124e-05,3.214722324079965e-05,2.0081660354436737e-05
validation,1778,5.0968853556678066e-05,4.1495367181588975e-05,2.7480261168531728e-05
validation,1779,5.462238262927236e-05,4.1841995659184163e-05,3.730341496148901e-05
validation,1780,4.5899632619433125e-05,3.323254302740797e-05,2.0016216580424205e-05
validation,1781,5.591171602999508e-05,4.474813382652774e-05,3.364471374257474e-05
validation,1782,5.663079857109389e-05,4.56809660678612e-05,3.2334958348292866e-05
validation,1783,5.200558743160108e-05,3.698819398395563e-05,3.1621349233851244e-05
validation,1784,5.829665884226552e-05,4.476702509850158e-05,3.249598955654273e-05
validation,1785,5.3269176264846395e-05,3.903649840586634e-05,2.8968739738511614e-05
validation,1786,5.268075659445763e-05,3.869476378920097e-05,2.958086492502849e-05
validation,1787,5.6078407286846665e-05,4.6705167369653524e-05,3.158523818473706e-05
validation,1788,5.668640468234929e-05,4.83703982245142e-05,2.94860999871192e-05
validation,1789,4.6467933167405836e-05,3.1828371241188284e-05,2.1047325887626587e-05
validation,1790,4.4676490527210793e-05,2.797263480219883e-05,2.58962679138458e-05
validation,1791,4.7527110930124245e-05,3.3480462304256974e-05,1.8764027210988107e-05
validation,1792,4.355118890258016e-05,3.3162179289897224e-05,2.0943055698061583e-05
validation,1793,4.449789662167666e-05,2.83384694052931e-05,2.5493505687126675e-05
validation,1794,5.2843653545168696e-05,4.138732808322898e-05,2.673555168973756e-05
validation,1795,5.271042561664558e-05,3.515749960415068e-05,3.325429772455868e-05
validation,1796,4.4895514784562217e-05,3.156309115121005e-05,2.2100922888159166e-05
validation,1797,5.140054228009357e-05,4.086566911349524e-05,2.771988428904678e-05
validation,1798,4.678457623382547e-05,3.458336053371278e-05,1.8029819506275665e-05
validation,1799,5.303905579549668e-05,3.77061346795368e-05,3.023425037351782e-05
validation,1800,5.22624532439678e-05,3.955811106026615e-05,2.87038224277103e-05
validation,1801,4.6738150379354137e-05,2.8399647112094413e-05,2.4645715618051845e-05
validation,1802,5.637312755221802e-05,4.398431051682897e-05,3.423112949681256e-05
validation,1803,5.660327810713589e-05,4.38105957694831e-05,3.4216018112826525e-05
validation,1804,5.9059418573194915e-05,4.6794065760296845e-05,2.9822343795849597e-05
validation,1805,5.641779993140716e-05,4.7807822961127675e-05,3.0254883081025892e-05
validation,1806,5.226828224208688e-05,3.923938283734202e-05,2.9307233822117127e-05
validation,1807,5.5119050417187134e-05,4.4819013763089354e-05,3.3867767248081054e-05
validation,1808,5.566776042313528e-05,4.6777060812670136e-05,3.1562546580986465e-05
validation,1809,5.2297382621968185e-05,3.8913172200142395e-05,2.9581627373565713e-05
validation,1810,5.033048442862551e-05,4.0655890488216785e-05,2.86665722250147e-05
validation,1811,5.676535951619144e-05,4.663815171534889e-05,3.1033301228133304e-05
validation,1812,4.664802403123223e-05,3.199454745329168e-05,2.0575487921407852e-05
validation,1813,5.039035621309229e-05,3.9303812207581755e-05,3.000901126491979e-05
validation,1814,5.84196912338331e-05,4.373199648094991e-05,3.3571714274278105e-05
validation,1815,5.438088267814004e-05,3.835190647165406e-05,2.9078795770532214e-05
validation,1816,5.2308454471589784e-05,4.069813383095211e-05,2.780365082039306e-05
validation,1817,5.4145901964353e-05,4.1105307060159526e-05,2.6210742220238905e-05
validation,1818,4.564584141964262e-05,3.283264804654685e-05,2.0417266248309134e-05
validation,1819,5.554343493607696e-05,4.5482314723659354e-05,3.309336745061642e-05
validation,1820,5.160813309348694e-05,3.581645055537658e-05,3.302483558753721e-05
validation,1821,5.149044915312179e-05,4.019866063821142e-05,2.8420866410900834e-05
validation,1822,5.708468434750528e-05,4.283840214422826e-05,3.499005324900931e-05
validation,1823,4.595792155812355e-05,3.0315629784513318e-05,2.280817582403958e-05
validation,1824,5.758194872824855e-05,4.5034914811882865e-05,3.250370520030723e-05
validation,1825,4.4716906638677095e-05,3.3720811902462107e-05,1.9755754452177228e-05
validation,1826,5.298019488687992e-05,4.058523415467516e-05,2.7416172972011307e-05
validation,1827,5.35122096581828e-05,4.186054869727624e-05,2.5738206634446695e-05
validation,1828,5.629806997689367e-05,4.83584069255353e-05,2.9730754825489265e-05
validation,1829,5.6214763003062656e-05,4.5512250144492855e-05,3.2703190156455085e-05
validation,1830,5.274088311808404e-05,3.8757638437979765e-05,2.949944690788052e-05
validation,1831,4.6884413617905944e-05,3.272919140404871e-05,2.0088201871819094e-05
validation,1832,5.189382776487828e-05,3.90140202181695e-05,2.962345979894155e-05
validation,1833,5.104022617161671e-05,4.180764483499334e-05,2.696744338116264e-05
validation,1834,5.267018733087224e-05,4.158182799196251e-05,2.6647096122586745e-05
validation,1835,5.400669186653265e-05,3.893660609201441e-05,2.8603158633087078e-05
validation,1836,4.5663467861948856e-05,2.9893318703341902e-05,2.3437273423335283e-05
validation,1837,5.670594499381573e-05,4.400505044439815e-05,3.405420569596053e-05
validation,1838,5.314062095318723e-05,3.889495264642008e-05,2.914661180631957e-05
validation,1839,5.2470775846044234e-05,3.9185293066579134e-05,2.9160493407780198e-05
validation,1840,5.337249591823174e-05,3.4973471623854626e-05,3.319369747204271e-05
validation,1841,5.7147009501301994e-05,4.648989363952407e-05,3.11387640061085e-05
validation,1842,5.3844836861388457e-05,3.924116042549249e-05,2.8374398292559476e-05
validation,1843,5.1727896364692975e-05,3.8247457669692205e-05,3.0494768083931072e-05
validation,1844,4.5104351495738406e-05,2.983410541643241e-05,2.3693340236991977e-05
validation,1845,4.7024454551311015e-05,3.544269209330771e-05,1.6965558735849838e-05
validation,1846,5.2232839983989995e-05,4.127052597562298e-05,2.7153694581225136e-05
validation,1847,5.248079761601886e-05,4.111261117748381e-05,2.702192970489021e-05
validation,1848,5.600273310902122e-05,4.7165904813893054e-05,3.106905238382307e-05
validation,1849,5.732644948868802e-05,4.649271666403506e-05,3.126961334989818e-05
validation,1850,5.191425963962801e-05,3.912926902998487e-05,2.9488233849259784e-05
validation,1851,4.9841609671325136e-05,4.003980592202017e-05,2.9528379162151162e-05
validation,1852,5.19597194934524e-05,3.6802670413361095e-05,3.182122248200574e-05
validation,1853,5.420371846830768e-05,4.498560727777787e-05,3.422050520075069e-05
validation,1854,5.1822137427115904e-05,4.117811749639639e-05,2.7269708309130515e-05
validation,1855,5.150482368227131e-05,3.940288373274564e-05,2.9406856805237822e-05
validation,1856,5.480595261267515e-05,4.521614304137041e-05,3.368770593910598e-05
validation,1857,5.239897090945516e-05,4.056217382609868e-05,2.7717245352141045e-05
validation,1858,5.841277720089966e-05,3.9313417991143056e-05,3.806403830571722e-05
validation,1859,5.292342121666901e-05,4.052284809368417e-05,2.7599136229395346e-05
validation,1860,5.481686824929986e-05,4.603274807544691e-05,3.303206651213944e-05
validation,1861,5.291063607081204e-05,4.10200717046627e-05,2.692237640998939e-05
validation,1862,4.718236266587806e-05,3.2167569926385625e-05,2.031267358500075e-05
validation,1863,5.04242606027926e-05,4.311171182434111e-05,2.607903575059519e-05
validation,1864,4.6349688786537524e-05,3.0446930085101895e-05,2.252993620195165e-05
validation,1865,5.22447605475392e-05,4.4047562211548916e-05,2.4148356943951704e-05
validation,1866,5.130945407904555e-05,3.8306560930180806e-05,3.0674786262241e-05
validation,1867,5.0679119568600694e-05,3.688010873754462e-05,3.240610691347538e-05
validation,1868,5.3480311590124324e-05,3.807697708120395e-05,2.9851564029339804e-05
validation,1869,5.2971582852657e-05,3.9349323670818147e-05,2.8677047684637336e-05
validation,1870,5.558735733827803e-05,4.3939782225653656e-05,3.4654537684578783e-05
validation,1871,5.2029032716781215e-05,4.04875902946792e-05,2.8035782816517685e-05
validation,1872,5.71980491906766e-05,4.64582269442186e-05,3.1356426579787955e-05
validation,1873,5.411981648872025e-05,3.8256035429936424e-05,2.92895646103378e-05
validation,1874,5.6460572515437176e-05,4.1681918540135964e-05,3.651859979057166e-05
validation,1875,5.31141400827024e-05,3.94791330031142e-05,2.8535075037580862e-05
validation,1876,5.6628852685579514e-05,4.628271892764759e-05,3.1781957326614086e-05
validation,1877,5.369912048992844e-05,3.942231277569456e-05,2.82822820774555e-05
validation,1878,5.1356392604491914e-05,3.778662158839222e-05,3.108290943829167e-05
validation,1879,5.152708828790791e-05,4.246182148240519e-05,2.6247322972978065e-05
validation,1880,5.243646579006445e-05,4.109460614864737e-05,2.722059435839532e-05
validation,1881,5.290711753148658e-05,4.170237749447621e-05,2.6191237456151978e-05
validation,1882,5.098532368162668e-05,4.040809250560022e-05,2.858218988417323e-05
validation,1883,5.220607893137999e-05,4.145822927555743e-05,2.7009251494469705e-05
validation,1884,5.082089359209142e-05,4.111859961552163e-05,2.8135351950750008e-05
validation,1885,5.289618298141096e-05,3.7424217258446015e-05,3.074502343206014e-05
validation,1886,5.336714039819985e-05,3.870493184858251e-05,2.9231543912346107e-05
validation,1887,5.174760171837636e-05,4.018914471085035e-05,2.855228311359978e-05
validation,1888,5.271466781895634e-05,3.9334442418222927e-05,2.8875708099049858e-05
validation,1889,5.695261472664196e-05,4.522572880792394e-05,3.270442040891375e-05
validation,1890,5.935820399221629e-05,4.2689328996118574e-05,3.409043005596831e-05
validation,1891,5.71162230265109e-05,4.684897077861002e-05,3.088012358700574e-05
validation,1892,5.2592057004568e-05,4.374269826764361e-05,2.4357357476361572e-05
validation,1893,5.2036455658299627e-05,4.111648166756026e-05,2.7405910670617853e-05
validation,1894,4.8163657331965016e-05,3.3696483324459635e-05,1.808062248012605e-05
validation,1895,5.434728913152904e-05,4.114644522827011e-05,2.6225115333170047e-05
validation,1896,5.10235528694658e-05,4.148735779967206e-05,2.7455610922315487e-05
validation,1897,5.136285464843363e-05,4.231197943857448e-05,2.6515118577224065e-05
validation,1898,5.299902726973472e-05,3.930331122671489e-05,2.8709093618487165e-05
validation,1899,4.614048825221559e-05,3.125362068198766e-05,2.184835596290504e-05
validation,1900,5.384413398442641e-05,4.338407201565037e-05,2.4101581945774368e-05
validation,1901,5.216188352995675e-05,3.8886078285511943e-05,2.9699433877506464e-05
validation,1902,5.1787571013735845e-05,3.7829326398218166e-05,3.0813742721059e-05
validation,1903,5.3020255252999046e-05,3.424318496045479e-05,3.377716085204251e-05
validation,1904,5.300383384921104e-05,4.166876506466979e-05,2.6286826291333392e-05
validation,1905,5.5214222876555994e-05,4.380499684027212e-05,2.2907551036210804e-05
validation,1906,5.205569547083134e-05,3.75173223590922e-05,3.1140293729240403e-05
validation,1907,5.103240692675792e-05,4.1104530054543685e-05,2.7753803652192977e-05
validation,1908,5.465218083697964e-05,4.322578173791663e-05,2.3738219815037888e-05
validation,1909,5.174974024680884e-05,4.0246110853082926e-05,2.8341986338014223e-05
validation,1910,5.272954912094457e-05,3.955592480629636e-05,2.8647784923752045e-05
validation,1911,5.724058531974455e-05,4.865505775324685e-05,2.8910932984023906e-05
validation,1912,5.8913662743717636e-05,4.4998365782298024e-05,3.1870855559537026e-05
validation,1913,5.37226738795093e-05,3.759864360542088e-05,3.014231303927813e-05
validation,1914,5.887815608414152e-05,4.158389722964338e-05,3.5295411208451154e-05
validation,1915,5.27706404234338e-05,4.32702125178997e-05,2.469132047092537e-05
validation,1916,5.5837803981660056e-05,4.393216635129492e-05,3.453962995160347e-05
validation,1917,5.48413877774282e-05,4.7688045117354814e-05,3.11541124590794e-05
validation,1918,4.622075771951808e-05,3.051798242241651e-05,2.251190760634303e-05
validation,1919,4.675122166626393e-05,3.2184674720693246e-05,2.048592464401489e-05
validation,1920,5.66497134559674e-05,4.5891302458624225e-05,3.2281917305233344e-05
validation,1921,4.50879383207559e-05,3.0267771915689686e-05,2.3258216219264674e-05
validation,1922,5.086870483047321e-05,4.071303178431464e-05,2.8345357664939922e-05
validation,1923,5.494852612723104e-05,3.557460107691456e-05,3.1591149056164306e-05
validation,1924,4.7303148926858954e-05,3.209203206738726e-05,2.04405927044155e-05
validation,1925,4.431084421028684e-05,3.2979761358033074e-05,2.08858513149544e-05
validation,1926,5.034305442612429e-05,4.064753097495708e-05,2.8626642361050778e-05
validation,1927,4.553123917795095e-05,3.4386126979845976e-05,1.8814917810206633e-05
validation,1928,5.134139218922566e-05,4.143776822045132e-05,2.7400371804146832e-05
validation,1929,5.166200202258464e-05,3.876264671003302e-05,2.9922387960894515e-05
validation,1930,5.0449069309896084e-05,3.936957009751967e-05,3.0039819118145438e-05
validation,1931,4.975656883000334e-05,3.6227815329775026e-05,3.360749266486865e-05
validation,1932,5.7243167940274664e-05,4.4446383726941025e-05,3.337828536586918e-05
validation,1933,5.328899035857443e-05,4.005749992222343e-05,2.7732165687737322e-05
validation,1934,5.294789288130998e-05,4.207215224193945e-05,2.6042572806503485e-05
validation,1935,5.436029584606346e-05,3.924361861275313e-05,2.8076896255180654e-05
validation,1936,5.561113179912654e-05,4.457069488847378e-05,3.4079865654051455e-05
validation,1937,5.197872865905615e-05,3.860352773846157e-05,2.9909139227277203e-05
validation,1938,4.607844930586289e-05,3.1517193898547775e-05,2.146086721365643e-05
validation,1939,5.2697082603535666e-05,3.957527253778881e-05,2.8631334746850967e-05
validation,1940,4.559763239060392e-05,2.9325311912645988e-05,2.4017877166925504e-05
validation,1941,5.144331601084832e-05,3.933842848013702e-05,2.9490506446355878e-05
validation,1942,5.072574751358124e-05,3.782687700182003e-05,3.141589820933555e-05
validation,1943,4.9794830454145885e-05,4.000444823159629e-05,2.9521552255922325e-05
validation,1944,4.683105732148507e-05,3.17106867917041e-05,2.1025691402060648e-05
validation,1945,5.390718717708083e-05,3.842722616766101e-05,2.9207368091085092e-05
validation,1946,4.679815738690647e-05,2.9642496453208904e-05,2.2962239580756002e-05
validation,1947,5.2167914364431966e-05,4.123978938210544e-05,2.718362251226719e-05
validation,1948,5.308306951922087e-05,3.6782527329652764e-05,3.128915264622784e-05
validation,1949,5.0968691796059786e-05,3.933724066617365e-05,2.981822354200107e-05
validation,1950,5.259374201240513e-05,3.560446676715723e-05,3.275697578539183e-05
validation,1951,5.084729582453733e-05,4.224056550552737e-05,2.6796239528169274e-05
validation,1952,5.626124147154957e-05,4.780282439560207e-05,3.0168114106304385e-05
validation,1953,5.343388813580966e-05,3.863063435170796e-05,2.924125059637751e-05
validation,1954,4.4807489208447474e-05,3.160698494635415e-05,2.2141866820157072e-05
validation,1955,5.6358321867535715e-05,4.650360570981278e-05,3.1680870574215475e-05
validation,1956,5.689549163130333e-05,4.687160647506932e-05,3.080413901083265e-05
validation,1957,5.159035074170188e-05,3.991965227809196e-05,2.8849092452391914e-05
validation,1958,5.491694857800391e-05,4.4922879722768334e-05,3.38400692391718e-05
validation,1959,5.179377035376611e-05,3.865301928215265e-05,3.0188790594848753e-05
validation,1960,5.160687023438481e-05,4.234049557170808e-05,2.6358381932761436e-05
validation,1961,5.108354296149813e-05,4.1681463901366997e-05,2.7149561452232312e-05
validation,1962,5.258003509493929e-05,4.327669467954804e-05,2.4706947921809725e-05
validation,1963,5.28364688925373e-05,3.8216462246694814e-05,2.9866137516820883e-05
validation,1964,5.3500415448795286e-05,4.816095219345023e-05,3.123248892705085e-05
validation,1965,5.221524223862706e-05,3.939277800241836e-05,2.9094762664041847e-05
validation,1966,5.234449847134812e-05,3.8598344950224186e-05,2.9778642650355825e-05
validation,1967,4.574580943848278e-05,2.964767274532235e-05,2.3639061905696124e-05
validation,1968,4.583795594216658e-05,3.149267636086709e-05,2.1691755396574478e-05
validation,1969,5.909972871144344e-05,4.432731397297221e-05,3.250479452659434e-05
validation,1970,4.663338544123261e-05,2.918554980676319e-05,2.368310107696507e-05
validation,1971,5.7156811987072245e-05,4.754389161492433e-05,3.0254125083561187e-05
validation,1972,5.595228647204601e-05,4.397280433975307e-05,3.451789395481197e-05
validation,1973,4.643988809215863e-05,3.180261523017195e-05,2.1016554356164055e-05
validation,1974,5.3893656625584764e-05,4.023329630217505e-05,2.72697259743283e-05
validation,1975,5.7600946852381085e-05,4.400750444188493e-05,3.364916688583485e-05
validation,1976,5.780940175673113e-05,4.6019628965982786e-05,3.1438825795432814e-05
validation,1977,4.918632009092253e-05,4.164523402412815e-05,2.8123426993199687e-05
validation,1978,5.2222035815158215e-05,4.06077545973124e-05,2.7822613546283815e-05
validation,1979,5.32524060961565e-05,3.857597977017188e-05,2.947034941343379e-05
validation,1980,5.170112755522855e-05,3.868554118738911e-05,2.99965143648619e-05
validation,1981,5.1341547899394666e-05,4.02833298572909e-05,2.854735457222917e-05
validation,1982,5.3932188238453184e-05,4.289460033372261e-05,2.4475592196271654e-05
validation,1983,5.345726401960687e-05,4.164994193894458e-05,2.6129105424968648e-05
validation,1984,5.151927006318273e-05,4.1703192647965726e-05,2.703518832735694e-05
validation,1985,4.5696478553215383e-05,3.197025761241874e-05,2.127557865198791e-05
validation,1986,5.288048774557712e-05,4.0549767486897014e-05,2.7579905406823206e-05
validation,1987,4.740540378915186e-05,2.98564443091529e-05,2.267934140399936e-05
validation,1988,4.313782903900123e-05,3.109655156933986e-05,2.328938675920759e-05
validation,1989,5.085465975180878e-05,4.21955958847853e-05,2.6854327063627873e-05
validation,1990,5.4625442649589705e-05,4.769024823052651e-05,3.1065406341646916e-05
validation,1991,4.534032863253479e-05,3.235728671426471e-05,2.103040388823382e-05
validation,1992,5.222118548907996e-05,4.050416037100151e-05,2.7954709972016524e-05
validation,1993,5.602734133334928e-05,4.5672266904835634e-05,3.2661059349498404e-05
validation,1994,5.647151052941196e-05,4.4931281809056e-05,3.3221766341869295e-05
validation,1995,5.247449092160763e-05,3.900238018042845e-05,2.932349068348561e-05
validation,1996,5.176507410608853e-05,4.238685444130078e-05,2.612404683683501e-05
validation,1997,5.251835308724311e-05,3.701130111034493e-05,3.133785380371917e-05
validation,1998,5.735249173689786e-05,4.4240290829775135e-05,3.352130858383459e-05
validation,1999,5.267325908015498e-05,4.2436824542542735e-05,2.562892910453083e-05
validation,2000,4.628962925523772e-05,3.0999816875044616e-05,2.2020446370355767e-05
validation,2001,5.3031303696446925e-05,4.201896497653359e-05,2.6024614446939204e-05
validation,2002,5.486592087903246e-05,4.5577663250431275e-05,3.332744147894296e-05
validation,2003,4.462099747357444e-05,3.3146703346221086e-05,2.0478138686837845e-05
validation,2004,5.2391779456184764e-05,4.023495341069071e-05,2.811710313043026e-05
validation,2005,5.797827214135915e-05,4.4138143934475514e-05,3.333319370617113e-05
validation,2006,4.698953001304734e-05,3.1902781334366104e-05,2.0567789983732044e-05
validation,2007,5.0736976610583924e-05,4.12279581831294e-05,2.7850808492290222e-05
validation,2008,5.366830881488767e-05,3.844885961161383e-05,2.9337493764668886e-05
validation,2009,4.672298897886832e-05,3.4556969111371046e-05,1.8012453047053743e-05
validation,2010,5.584698744269782e-05,4.509197776154066e-05,3.339618177688223e-05
validation,2011,5.4134659819889624e-05,4.1317635965994694e-05,2.614291881391734e-05
validation,2012,5.2828979392024935e-05,4.0520428264957485e-05,2.764883408482716e-05
validation,2013,5.355923524748476e-05,3.701377869735675e-05,3.07660584748644e-05
validation,2014,5.115454162264197e-05,3.904139450563508e-05,2.9901794562205792e-05
validation,2015,4.535383515503576e-05,2.992859113958965e-05,2.3469820335393458e-05
validation,2016,5.253282608800428e-05,3.664474765796165e-05,3.172716951567097e-05
validation,2017,5.612627398332943e-05,4.43926552574562e-05,3.394628737046799e-05
validation,2018,5.255163580030283e-05,3.750024913151166e-05,3.073670723540924e-05
validation,2019,5.621209601952868e-05,4.741851331941368e-05,3.078810230747747e-05
validation,2020,5.1775680277555226e-05,4.171860878898391e-05,2.6933235598366877e-05
validation,2021,5.159291730864806e-05,4.1796801558929e-05,2.6890633611149247e-05
validation,2022,4.675569337252714e-05,3.449546195873198e-05,1.8221875161607497e-05
validation,2023,4.546138754657912e-05,3.212605648906028e-05,2.1200108561923347e-05
validation,2024,5.262632587584987e-05,4.239836177376778e-05,2.5595112966987322e-05
validation,2025,5.6933250316238324e-05,3.6109756820022426e-05,3.015150718886536e-05
validation,2026,4.438707058795176e-05,3.4138491442643915e-05,1.9662160172429752e-05
validation,2027,5.171606352580832e-05,4.1229946650052924e-05,2.732393731085237e-05
validation,2028,5.045419743803981e-05,3.908880095978898e-05,3.0143668116603294e-05
validation,2029,4.621100480772042e-05,3.1913663481978374e-05,2.110472530752995e-05
validation,2030,5.195975110315846e-05,3.892040944101699e-05,2.9751292627686826e-05
validation,2031,5.740711961744755e-05,4.351573070150909e-05,3.4250218742883296e-05
validation,2032,5.704985349306442e-05,4.199092156535697e-05,3.5952219536173045e-05
validation,2033,5.325970467877157e-05,3.8790032128056806e-05,2.921335289189307e-05
validation,2034,5.266217226717775e-05,3.829723480333923e-05,2.9999241238281113e-05
validation,2035,4.786765474335701e-05,3.116529251136772e-05,2.091445467630365e-05
validation,2036,5.165641524663622e-05,4.236124495598196e-05,2.6036391360173292e-05
validation,2037,5.427288371373746e-05,3.832757457311963e-05,2.9141707646783654e-05
validation,2038,4.5542644537384604e-05,3.101711974331552e-05,2.231987572226218e-05
validation,2039,5.174288407639281e-05,4.403655075794712e-05,2.4408394065444183e-05
validation,2040,5.390443314215533e-05,4.034311485081575e-05,2.7160159741215526e-05
validation,2041,5.022570286132932e-05,4.142454744266017e-05,2.7892497150363455e-05
validation,2042,4.7444148320351276e-05,2.990123299139062e-05,2.2339343384458188e-05
validation,2043,5.6022250908164e-05,4.8497017091908726e-05,2.9696262615120454e-05
validation,2044,5.4470200644799974e-05,4.563601707771639e-05,3.359220333295889e-05
validation,2045,5.082129288150377e-05,4.2290893681420773e-05,2.666239543832215e-05
validation,2046,5.290206300660154e-05,4.2165878858052584e-05,2.5773716390120025e-05
validation,2047,5.33879611908119e-05,3.577215858791119e-05,3.2290939536389665e-05
validation,2048,5.199434290988739e-05,3.731905714412271e-05,3.131426340683298e-05
validation,2049,4.624023905288011e-05,3.412944271395747e-05,1.8797386189687268e-05
validation,2050,5.403832622126441e-05,4.107867708706215e-05,2.6293471363664762e-05
validation,2051,5.5801887433549805e-05,4.735744794582993e-05,3.10970119255516e-05
validation,2052,5.570258873490814e-05,4.5170086939099924e-05,3.334017149896343e-05
validation,2053,5.2526926522907636e-05,3.596403837029906e-05,3.238215724681228e-05
validation,2054,4.556748386467639e-05,3.1261569474028756e-05,2.2042501544499877e-05
validation,2055,5.712886291204714e-05,4.6723273859004464e-05,3.110928399570722e-05
validation,2056,5.2243256917115994e-05,3.758234424119109e-05,3.0705976108596774e-05
validation,2057,5.2145009281406227e-05,3.95003597721943e-05,2.899210536418654e-05
validation,2058,4.5497977023934984e-05,3.227850021904769e-05,2.0951816341554932e-05
validation,2059,5.7071784553863386e-05,4.44825968405044e-05,3.3396508345763884e-05
validation,2060,5.589747980501375e-05,4.428381585010762e-05,3.4174204483095016e-05
validation,2061,5.242874959256947e-05,4.1582382519464416e-05,2.6645293891317197e-05
validation,2062,5.355447406653649e-05,4.096140446668096e-05,2.677126538895705e-05
validation,2063,5.4774229255880645e-05,4.714383921253193e-05,3.173220473962039e-05
validation,2064,5.2478515541103177e-05,4.1736969695417105e-05,2.6404621317042283e-05
validation,2065,5.434167297844178e-05,4.122707728964373e-05,2.624635610201933e-05
validation,2066,5.66666785655117e-05,4.425365185790341e-05,3.385211745065611e-05
validation,2067,5.269096793160379e-05,4.072429867401992e-05,2.7292357187591918e-05
validation,2068,5.0741565000777285e-05,4.0036290661485495e-05,2.9106058117269036e-05
validation,2069,5.329036904929031e-05,4.099815053743252e-05,2.6777971598688946e-05
validation,2070,5.620208736205756e-05,4.285712052686203e-05,3.544195211869897e-05
validation,2071,5.694182759724438e-05,4.882032728616355e-05,2.8872042843070008e-05
validation,2072,5.594462033807876e-05,4.625498010996469e-05,3.1941124470398294e-05
validation,2073,5.729602493635245e-05,4.558660400712061e-05,3.213417917098972e-05
validation,2074,5.174437423319568e-05,4.076316677494125e-05,2.7864575978160016e-05
validation,2075,4.667763230533597e-05,3.0141025471023313e-05,2.2658201341898387e-05
validation,2076,5.330072442938506e-05,4.5991369977516885e-05,3.3571183397152805e-05
validation,2077,5.0694577545306236e-05,3.9346215909901115e-05,2.9894135826401618e-05
validation,2078,4.828202360599147e-05,2.8267659947781734e-05,2.3886352507565663e-05
validation,2079,5.2978912101237827e-05,4.2487209988326506e-05,2.54995962059772e-05
validation,2080,5.31273000669219e-05,3.771840360555198e-05,3.0376165614604074e-05
validation,2081,5.623689055777115e-05,4.354980649546123e-05,3.474714893227093e-05
validation,2082,5.513189499875106e-05,4.658383268538446e-05,3.2050373133316284e-05
validation,2083,5.616398175144759e-05,4.379089763216903e-05,3.4523628433015134e-05
validation,2084,5.2816871861567965e-05,4.093185358283163e-05,2.721412964940558e-05
validation,2085,5.4713278479889894e-05,4.2110244498273835e-05,3.6937682770759224e-05
validation,2086,5.1866854927217474e-05,3.885369219047453e-05,2.9785755936262273e-05
validation,2087,5.234402376986259e-05,4.1026987041547064e-05,2.7305162722940178e-05
validation,2088,5.414002840813736e-05,3.894758997793676e-05,2.8479102324087635e-05
validation,2089,5.140101572942089e-05,4.145180812214498e-05,2.7233901108692236e-05
validation,2090,5.416264657958138e-05,4.385969008294232e-05,2.3422596376737437e-05
validation,2091,5.4684751979271556e-05,4.7247666353832014e-05,3.166586291142153e-05
validation,2092,5.092713794750753e-05,4.2490447676975034e-05,2.650458730236627e-05
validation,2093,5.9221825866587256e-05,4.602975777979198e-05,3.076415102307618e-05
validation,2094,4.5899825589785937e-05,2.9853022288449058e-05,2.325672511622616e-05
validation,2095,5.2506629309290654e-05,3.732794791478745e-05,3.112964308649019e-05
validation,2096,5.555294606500739e-05,4.665305005984859e-05,3.20022630722445e-05
validation,2097,5.344706181528124e-05,3.917958367774781e-05,2.861280569586751e-05
validation,2098,4.496563145734929e-05,3.1920312091564336e-05,2.1677737656713425e-05
validation,2099,5.67136606726583e-05,4.648048289775524e-05,3.137562302765867e-05
validation,2100,5.1499099940323394e-05,4.084148847742511e-05,2.7924085249503294e-05
validation,2101,6.038984338059514e-05,4.642676881668051e-05,2.970520286286402e-05
validation,2102,4.8099541446000626e-05,3.0218234685832814e-05,2.1729909123026628e-05
validation,2103,5.144261932719267e-05,4.267883210494678e-05,2.6049096824219433e-05
validation,2104,4.953486051779483e-05,3.879619722411615e-05,3.107371860459696e-05
validation,2105,5.194188572178087e-05,4.456054052182871e-05,2.359746459719308e-05
validation,2106,4.51367843424316e-05,3.515092471965713e-05,1.8041358145952564e-05
validation,2107,5.5424764285181506e-05,4.614589274342066e-05,3.25995673269374e-05
validation,2108,5.4489376370432934e-05,3.804189898568792e-05,2.9406620815851163e-05
validation,2109,5.214067425677684e-05,3.992582216149421e-05,2.8576247346092744e-05
validation,2110,5.190664311411326e-05,3.7304219778724456e-05,3.1408583975996915e-05
validation,2111,5.554259207944037e-05,4.7504582812538835e-05,3.092292721329039e-05
validation,2112,4.6045881388687536e-05,3.314804089321295e-05,1.9934632203343684e-05
validation,2113,5.645435498968209e-05,4.597286765596232e-05,3.2142117277229945e-05
validation,2114,5.180116378578857e-05,3.767881525798999e-05,3.1011785824561474e-05
validation,2115,5.2886551585964574e-05,3.782814725499227e-05,3.0391689080519344e-05
validation,2116,5.6507261454128726e-05,4.6145342404725686e-05,3.197138276199338e-05
validation,2117,5.415702849878307e-05,4.5878899650643747e-05,3.350760768874218e-05
validation,2118,5.109268428049043e-05,3.9966674332911846e-05,2.8993742168273078e-05
validation,2119,5.288644844514913e-05,3.917248595947953e-05,2.903756737157601e-05
validation,2120,5.3154010904216515e-05,3.671501709089302e-05,3.128056228109379e-05
validation,2121,5.367163195089398e-05,3.9883668833952954e-05,2.7669564531581057e-05
validation,2122,4.5328014128882624e-05,3.142927938035952e-05,2.1987050084591173e-05
validation,2123,5.574747455201419e-05,4.399253165013473e-05,3.4469856465142186e-05
validation,2124,5.012699346641055e-05,3.750203525630489e-05,3.190519765785655e-05
validation,2125,5.0859483531625806e-05,3.736946107283516e-05,3.187309607170836e-05
validation,2126,5.23760222048598e-05,4.0085601494517625e-05,2.82835534080927e-05
validation,2127,5.141840650158864e-05,4.199012344357026e-05,2.6684183657654457e-05
validation,2128,5.7674329662516405e-05,4.3083982344380794e-05,3.455365860242589e-05
validation,2129,5.5977729455052686e-05,4.199059380323869e-05,3.654260611493035e-05
validation,2130,5.208544156315206e-05,3.75991133765266e-05,3.105303914793e-05
validation,2131,5.721567802868132e-05,4.7582559905185495e-05,3.011078089691933e-05
validation,2132,5.276001856930429e-05,3.8972488252536e-05,2.9256456347650118e-05
validation,2133,5.2607131562260224e-05,3.799237584141846e-05,3.027844537949822e-05
validation,2134,5.366786782563788e-05,3.6698484152785124e-05,3.11747195971415e-05
validation,2135,5.785365849832649e-05,4.7739337477227605e-05,2.9563063219557954e-05
validation,2136,5.336356760458508e-05,4.2491098289670406e-05,2.5269203930243157e-05
validation,2137,5.1127758823967576e-05,3.829769886764524e-05,3.073782856529917e-05
validation,2138,5.139905500968966e-05,4.2766416702570524e-05,2.5984436068745004e-05
validation,2139,5.587438238588563e-05,4.597529977828882e-05,3.233759433320187e-05
validation,2140,5.704584338053531e-05,4.482109280766591e-05,3.298219889524127e-05
validation,2141,5.624256176452063e-05,4.5748405222093697e-05,3.249563635673183e-05
validation,2142,4.43644113937726e-05,3.275144975905559e-05,2.0978889028616225e-05
validation,2143,5.233281364383361e-05,4.082952445336549e-05,2.7539465986719814e-05
validation,2144,4.6075094654115995e-05,3.1095222090549374e-05,2.2014827281875297e-05
validation,2145,4.6573577192786245e-05,2.9523873450848566e-05,2.3349246150660516e-05
validation,2146,5.378818339384716e-05,3.8989817407175376e-05,2.874655564957057e-05
validation,2147,5.167957619298041e-05,4.222900223281558e-05,2.645141337028253e-05
validation,2148,5.771743322211469e-05,4.326594562847468e-05,3.4251618128098776e-05
validation,2149,4.4728791189003625e-05,3.2973961891059944e-05,2.0682370680826396e-05
validation,2150,4.705558343305249e-05,2.9764480989359932e-05,2.2843483336599688e-05
validation,2151,5.3052374358963106e-05,3.8795568268188904e-05,2.9192765788825707e-05
validation,2152,5.118952485046515e-05,4.132439908927396e-05,2.7570934879155713e-05
validation,2153,5.317357806077453e-05,4.2604952682600025e-05,2.5219554859723577e-05
validation,2154,4.980532824524972e-05,3.1978555898571496e-05,1.914368432001949e-05
validation,2155,5.531832600778683e-05,4.2771246718817056e-05,3.595118428928891e-05
validation,2156,5.381402830531257e-05,3.9820059866004306e-05,2.7649103750978456e-05
validation,2157,5.251233858812176e-05,4.0774782882557426e-05,2.744497527051234e-05
validation,2158,5.083786693983969e-05,4.0044800212031334e-05,2.9015042013969593e-05
validation,2159,4.636990371200865e-05,3.210662458996839e-05,2.0833582060760063e-05
validation,2160,5.120964777740493e-05,4.105844459397357e-05,2.7850824996377904e-05
validation,2161,5.2142606058439006e-05,4.220597678495654e-05,2.6341437924429586e-05
validation,2162,5.672065810833927e-05,4.802487285334073e-05,2.989948391383177e-05
validation,2163,5.480771388825258e-05,4.7769013427123674e-05,3.1101454497728155e-05
validation,2164,5.1818750006716954e-05,4.2131152022733656e-05,2.6146976058774966e-05
validation,2165,5.4567626559046604e-05,4.599563328434879e-05,3.301511778180791e-05
validation,2166,5.0434559186537513e-05,4.025837477898713e-05,2.9024499106480173e-05
validation,2167,5.7882291938758736e-05,4.862743062812611e-05,2.8583343397190153e-05
validation,2168,5.228628512459073e-05,3.6906626878715504e-05,3.14706305924367e-05
validation,2169,5.129023085125641e-05,4.11797437756897e-05,2.7673369843139083e-05
validation,2170,4.798240573611392e-05,3.0148203318707607e-05,2.2076265258036646e-05
validation,2171,5.306819839087343e-05,4.2053467568284484e-05,2.6010499990412516e-05
validation,2172,4.661509428587673e-05,3.1281518918490217e-05,2.148298464185547e-05
validation,2173,5.770452494959462e-05,4.502921144444956e-05,3.248744882875031e-05
validation,2174,4.4023062858219696e-05,2.9485132915019075e-05,2.455940949660287e-05
validation,2175,5.228264725930888e-05,4.166932751681448e-05,2.6680193454839684e-05
validation,2176,5.1692409843688486e-05,4.118541500096535e-05,2.7378298314609615e-05
validation,2177,4.5900599120827464e-05,3.105033300387356e-05,2.20186943873133e-05
validation,2178,5.5959490263299546e-05,4.410003927954305e-05,3.4479407449564885e-05
validation,2179,5.3370913735060494e-05,4.374338275095061e-05,2.395203203062322e-05
validation,2180,5.6138124697761066e-05,4.655149433884662e-05,3.173527211096119e-05
validation,2181,4.6976907964646935e-05,3.611503587166216e-05,1.609043986687193e-05
validation,2182,4.5926595070788036e-05,2.9467454376456156e-05,2.3691233230348165e-05
validation,2183,5.70901945928825e-05,4.753789577821591e-05,3.0225577127747613e-05
validation,2184,5.678160639112728e-05,4.4470916791525244e-05,3.3511774134095204e-05
validation,2185,4.3805148899488095e-05,3.126102914780009e-05,2.2881680006142703e-05
validation,2186,4.7525230114816094e-05,3.3730266183459576e-05,1.8479402751192847e-05
validation,2187,5.319191134908556e-05,4.2147314288997925e-05,2.5795824956871535e-05
validation,2188,4.6779256855313034e-05,3.56213510778028e-05,1.6895555853268084e-05
validation,2189,5.473263850733063e-05,4.4680157005320975e-05,3.4283934244286144e-05
validation,2190,5.3150865316248774e-05,3.82622315744673e-05,2.959631700525226e-05
validation,2191,5.348627960803309e-05,3.9610680052839984e-05,2.8295053954196934e-05
validation,2192,5.148229767978794e-05,4.209371423407102e-05,2.66221411804663e-05
validation,2193,5.716904513356572e-05,4.392896665456074e-05,3.367018907370132e-05
validation,2194,5.238856455725363e-05,3.777333447396417e-05,3.0634552771293425e-05
validation,2195,4.476598079797048e-05,3.4178506188188625e-05,1.943985858659591e-05
validation,2196,5.620703548696216e-05,4.6373265742966814e-05,3.198403051520874e-05
validation,2197,5.246545957676204e-05,4.104637602475693e-05,2.730326477599925e-05
validation,2198,4.5783816652392986e-05,3.243844909467565e-05,2.059110020745059e-05
validation,2199,5.317362940527847e-05,3.949541500241195e-05,2.835499753809825e-05
validation,2200,5.3308874691648815e-05,4.127286033737929e-05,2.6503981014156994e-05
validation,2201,4.5443414616198394e-05,3.196471829124583e-05,2.1364061265343253e-05
validation,2202,4.557540411740387e-05,3.121499610914658e-05,2.18417773577088e-05
validation,2203,5.4775494802189974e-05,3.983691473003595e-05,2.7475702772736513e-05
validation,2204,5.114571090206709e-05,4.1744110937640556e-05,2.716346501918363e-05
validation,2205,4.627653978930387e-05,3.210025817012693e-05,2.088020373999181e-05
validation,2206,5.382969139133002e-05,4.6323968338874184e-05,3.29020609117945e-05
validation,2207,4.6384881241707206e-05,2.9288289806490324e-05,2.366384925841773e-05
validation,2208,4.938677127058354e-05,4.0793758724013745e-05,2.90932014598953e-05
validation,2209,5.742332495105054e-05,4.665431017500094e-05,3.086731363230865e-05
validation,2210,5.65015053548126e-05,4.812143182305304e-05,2.9794418945096025e-05
validation,2211,4.57848079063943e-05,3.0249578297532404e-05,2.2991937697367993e-05
validation,2212,5.348502697576687e-05,3.994767072330019e-05,2.781892769657191e-05
validation,2213,5.6561098704615454e-05,4.7035551394006124e-05,3.105184131900567e-05
validation,2214,4.488053115745615e-05,3.198007276909658e-05,2.172448231784632e-05
validation,2215,4.6061911384328634e-05,3.1775556184547765e-05,2.1226906177475925e-05
validation,2216,5.6891856942137586e-05,4.578494440452591e-05,3.218793692075438e-05
validation,2217,5.392544071501892e-05,3.891806803138194e-05,2.8742273208710318e-05
validation,2218,5.1846708469031235e-05,3.9810830949792054e-05,2.8810205178349415e-05
validation,2219,5.316029435601992e-05,3.919596649016237e-05,2.8929752926046373e-05
validation,2220,5.275519209529772e-05,4.001734622737764e-05,2.8230015165876587e-05
validation,2221,4.629821789739775e-05,3.0960385023793537e-05,2.2137154333983905e-05
validation,2222,4.668847203699095e-05,3.380295480248887e-05,1.893437143079534e-05
validation,2223,4.7747084883797144e-05,2.9677779065199065e-05,2.2758342764828966e-05
validation,2224,4.5173250617598176e-05,3.183231629118796e-05,2.1552187439693076e-05
validation,2225,5.3171441491627134e-05,4.0311185678725326e-05,2.7683197661222526e-05
validation,2226,5.539121439237355e-05,4.606105296240478e-05,3.253201316454689e-05
validation,2227,5.4126002212736264e-05,3.8570186805133873e-05,2.8886471512682798e-05
validation,2228,4.651364652584169e-05,3.260001435044225e-05,2.0257423177024136e-05
validation,2229,4.5956367173924984e-05,3.263936384255489e-05,2.031348760472805e-05
validation,2230,5.756426570458943e-05,4.443486828415214e-05,3.325519114015589e-05
validation,2231,5.558959755551434e-05,3.762939496679583e-05,2.916847975725533e-05
validation,2232,5.286734832031886e-05,3.9355122439647056e-05,2.8855861090982275e-05
validation,2233,4.811245926440842e-05,3.263050782309334e-05,1.9538625088632648e-05
validation,2234,5.18751257710155e-05,4.2512799024127796e-05,2.5946228116776047e-05
validation,2235,5.1452666912052846e-05,3.89250149153559e-05,2.987134798151666e-05
validation,2236,4.506615344560006e-05,3.365249519160467e-05,1.987654937357211e-05
validation,2237,5.622322533169789e-05,4.739912524255337e-05,3.082310920025368e-05
validation,2238,5.025718001284102e-05,3.910873302498337e-05,3.0249563647257565e-05
validation,2239,4.441596599379917e-05,3.19858427904039e-05,2.1801816429353983e-05
validation,2240,5.14960380281723e-05,4.259303131333592e-05,2.6050749659478357e-05
validation,2241,5.090441017863929e-05,3.9772308862237847e-05,2.928218058915852e-05
validation,2242,5.482883205849079e-05,3.5017591875806206e-05,3.2187554078420476e-05
validation,2243,5.111567791750233e-05,3.919632931757718e-05,2.9741077502037823e-05
validation,2244,5.5164791008357464e-05,4.247463063646607e-05,3.630598309198563e-05
validation,2245,4.556891524578144e-05,3.202076932792847e-05,2.1179633547111008e-05
validation,2246,5.484925687044059e-05,4.671112081707781e-05,3.204320085492928e-05
validation,2247,5.61981650619979e-05,4.284343894055645e-05,3.55605201549504e-05
validation,2248,5.4684751979271556e-05,4.7247666353832014e-05,3.166586291142153e-05
validation,2249,4.819275043132889e-05,3.08034511115917e-05,2.1310637946828418e-05
validation,2250,5.3924586896112446e-05,4.1493027298085285e-05,2.596596092403025e-05
validation,2251,5.6456357577297155e-05,4.61081007749459e-05,3.178646790390995e-05
validation,2252,4.6595292643158394e-05,2.888848906745855e-05,2.402600277761607e-05
validation,2253,5.6155249527226816e-05,4.630667267892612e-05,3.192762137226202e-05
validation,2254,5.369836041760219e-05,3.745147230278127e-05,3.0362999692667923e-05
validation,2255,4.5427984824178144e-05,2.8829449024796808e-05,2.4568303802062597e-05
validation,2256,5.82978585028218e-05,4.4045320733641756e-05,3.330126679036986e-05
validation,2257,5.0393287714523935e-05,3.99428513775716e-05,2.9338747901714646e-05
validation,2258,5.466270112615689e-05,4.6511407093380784e-05,3.243006699682099e-05
validation,2259,5.4674333345731395e-05,4.708997858364307e-05,3.187556811287284e-05
validation,2260,5.1624538770799945e-05,4.0853358456357475e-05,2.7789202324293036e-05
validation,2261,5.735941122428042e-05,4.606879378234682e-05,3.164504593312581e-05
validation,2262,5.700561658943329e-05,4.5150691335328346e-05,3.267520749293065e-05
validation,2263,5.542138369147296e-05,4.7764732466559274e-05,3.080779789405127e-05
validation,2264,4.5303309159450376e-05,3.347361356170001e-05,1.993807506478259e-05
validation,2265,5.573806600262367e-05,4.528611839024902e-05,3.317617247078223e-05
validation,2266,5.7336961921304554e-05,4.304536204849296e-05,3.474982661985032e-05
validation,2267,5.743196233994205e-05,4.6666373118602424e-05,3.1016791318850015e-05
validation,2268,5.93220495175522e-05,4.399828616260767e-05,3.288416872329479e-05
validation,2269,5.6572540177223894e-05,4.705546958703234e-05,3.106541197493569e-05
validation,2270,5.1299386835750936e-05,4.173603550870238e-05,2.7097157350426327e-05
validation,2271,5.7113612790843405e-05,4.751917223932986e-05,3.033318966121962e-05
validation,2272,5.54367690639583e-05,3.9843676507204956e-05,2.6978186986441096e-05
validation,2273,5.7141802914796885e-05,4.7840917265929976e-05,2.9667648706577983e-05
validation,2274,5.287979628271867e-05,4.250689318312164e-05,2.5588994561453724e-05
validation,2275,5.406323708548173e-05,4.1306978040447466e-05,2.6216152228750392e-05
validation,2276,5.465735277722515e-05,4.5911352908518856e-05,3.303820032064682e-05
validation,2277,5.628409587858048e-05,4.655109622152748e-05,3.169367319854001e-05
validation,2278,4.746775838668013e-05,3.193355691783428e-05,2.0542612495806963e-05
validation,2279,5.261429124400982e-05,4.1792381375407236e-05,2.643315903589997e-05
validation,2280,5.297309698153218e-05,3.789833156456868e-05,3.022740404601472e-05
validation,2281,5.485196177845983e-05,4.05031155944588e-05,2.6570141712313326e-05
validation,2282,4.752848731735521e-05,3.252285288958246e-05,1.95599589198198e-05
validation,2283,5.2321399087921865e-05,4.03167080183939e-05,2.8052775243610242e-05
validation,2284,5.071139817452821e-05,4.290438491050075e-05,2.6242996514635946e-05
validation,2285,5.193892872198352e-05,4.079981060142153e-05,2.768325799019836e-05
validation,2286,5.182679156212742e-05,4.106667867032475e-05,2.7661208254181744e-05
validation,2287,4.672948165074265e-05,2.9277011241199457e-05,2.355160711710024e-05
validation,2288,4.761907130712863e-05,2.9696163672924702e-05,2.2528090798555142e-05
validation,2289,4.4109210598326356e-05,3.0157587353283895e-05,2.396807904997542e-05
validation,2290,4.6375108914598256e-05,3.132289425742668e-05,2.1539512058435304e-05
validation,2291,5.1765881511166e-05,4.174593343231627e-05,2.6675424395882333e-05
validation,2292,4.513433895327504e-05,3.3934165126206095e-05,1.9542062353705075e-05
validation,2293,4.430277035667583e-05,3.192814297297055e-05,2.1940544023593823e-05
validation,2294,5.128525186197227e-05,3.773634895317822e-05,3.126921501015307e-05
validation,2295,5.179498858775384e-05,3.8840075186555536e-05,2.9841922361854562e-05
validation,2296,5.519986701450039e-05,4.411471391239702e-05,3.464163443852623e-05
validation,2297,4.3797937161240525e-05,3.235171608494193e-05,2.172005346435388e-05
validation,2298,5.012757935448361e-05,4.142284738668558e-05,2.7943406438033243e-05
validation,2299,5.2109340300500126e-05,4.2065161304192555e-05,2.639853598807069e-05
validation,2300,5.070469912844086e-05,4.0654432746482624e-05,2.8473737605159287e-05
validation,2301,5.433431972019878e-05,4.681021921437953e-05,3.220662419228116e-05
validation,2302,5.407372540265245e-05,4.683640609447191e-05,3.235792563212931e-05
validation,2303,5.187054667846522e-05,4.4045051195555054e-05,2.4353083599176368e-05
validation,2304,5.470138529479347e-05,3.8753086016700523e-05,2.856527200557862e-05
validation,2305,5.116064194454975e-05,3.8526824423853976e-05,3.0420659252462042e-05
validation,2306,5.2470049199311336e-05,4.084119559730798e-05,2.7478329328029623e-05
validation,2307,5.4679661690007985e-05,4.549973230537529e-05,3.348788744183142e-05
validation,2308,5.748157041966436e-05,4.578331304729969e-05,3.190193164848843e-05
validation,2309,5.235607410801868e-05,4.1175676332767505e-05,2.718028020621166e-05
validation,2310,5.2242538442831275e-05,3.811225670986945e-05,3.0364315439503e-05
validation,2311,5.4672843274851966e-05,3.8231448779907686e-05,2.9029316110936156e-05
validation,2312,5.2917538495956805e-05,3.95666103077284e-05,2.854791474721227e-05
validation,2313,5.069430510769742e-05,4.184072795616293e-05,2.7262498440603144e-05
validation,2314,5.182751722396957e-05,4.241376814525776e-05,2.615916634595795e-05
validation,2315,5.803598165729668e-05,4.3601229537920895e-05,3.378920129244731e-05
validation,2316,5.243366171470449e-05,3.88514877311069e-05,2.954780202499054e-05
validation,2317,5.412440826757258e-05,4.1162901765460484e-05,2.6314231878508957e-05
validation,2318,4.543886392298253e-05,3.310439619573198e-05,2.0256399866893768e-05
validation,2319,4.994828299092671e-05,3.919549882906084e-05,3.0267629813091697e-05
validation,2320,5.6392060604085225e-05,4.748992241840419e-05,3.058227719732344e-05
validation,2321,5.688912296157126e-05,4.713202721383594e-05,3.0628263584423174e-05
validation,2322,4.540532651975953e-05,3.1787937595478686e-05,2.170620172356101e-05
validation,2323,5.250922065432094e-05,3.781228506443918e-05,3.054703983885414e-05
validation,2324,4.5282323921384965e-05,2.9671650877939136e-05,2.3714930632417012e-05
validation,2325,5.269872432464028e-05,3.6718571679947416e-05,3.160268736238037e-05
validation,2326,5.150378661066137e-05,3.7433789365665164e-05,3.145987942093601e-05
validation,2327,4.534736300686185e-05,2.9454667874935785e-05,2.400664089797297e-05
validation,2328,5.00610106153761e-05,3.983445293540155e-05,2.9788909434615268e-05
validation,2329,5.675637066320593e-05,4.519967760528635e-05,3.284171323098121e-05
validation,2330,5.1039917618282524e-05,4.151074328847261e-05,2.7540265679343177e-05
validation,2331,5.9293219171806046e-05,4.409349396550124e-05,3.261620128266444e-05
validation,2332,5.2184327695140236e-05,3.8624036411252514e-05,2.9870095592722198e-05
validation,2333,5.18428430939553e-05,4.071438687504705e-05,2.789543493598016e-05
validation,2334,5.203988817212721e-05,4.020208726336734e-05,2.8308640618965418e-05
validation,2335,4.64661439829995e-05,3.093046910591986e-05,2.198018798356632e-05
validation,2336,5.3235121882482244e-05,4.1292820466136116e-05,2.6590434763596636e-05
validation,2337,5.473648529447308e-05,4.545398285204946e-05,3.350985385117739e-05
validation,2338,5.2657167483597636e-05,3.9688656648269434e-05,2.8487963105820342e-05
validation,2339,5.0668346438905846e-05,4.112098997618472e-05,2.7924621746480366e-05
validation,2340,5.3690656285339295e-05,3.873222487408805e-05,2.9085936718131576e-05
validation,2341,5.236899048792405e-05,4.036870376621441e-05,2.8042075886059254e-05
validation,2342,4.4931641725100366e-05,3.338355616596888e-05,2.01687714124495e-05
validation,2343,5.271499838940557e-05,4.344970919941638e-05,2.456338900861506e-05
validation,2344,4.7771278714103155e-05,2.5748336778122105e-05,2.6645805914945432e-05
validation,2345,4.464082466140112e-05,3.0864009959104445e-05,2.289444071403564e-05
validation,2346,5.498450415509728e-05,4.634974252924863e-05,3.243213267680847e-05
validation,2347,5.304222960398289e-05,3.964135304933909e-05,2.8434662610849604e-05
validation,2348,4.6075094654115995e-05,3.1095222090549374e-05,2.2014827281875297e-05
validation,2349,5.217079655855888e-05,4.1671922184438514e-05,2.6796741611778073e-05
validation,2350,5.2002834841346404e-05,3.896841166367492e-05,2.9689669669328054e-05
validation,2351,5.466558006170421e-05,3.913451171254466e-05,2.805568677144379e-05
validation,2352,5.422542254167268e-05,4.5186271754013346e-05,3.394931678852371e-05
validation,2353,5.301302890216796e-05,4.2005600784863083e-05,2.5911762936416124e-05
validation,2354,5.6016525354172004e-05,4.4802128458809395e-05,3.365019350446329e-05
validation,2355,5.271756162540565e-05,3.922651884074184e-05,2.9003775615928017e-05
validation,2356,5.5653641398679995e-05,4.879236976819081e-05,2.9479754905430173e-05
validation,2357,5.2246145391207856e-05,4.0854176283228384e-05,2.7588084960327213e-05
validation,2358,5.580745144480502e-05,4.801233631699377e-05,3.038667974366854e-05
validation,2359,5.240844390394357e-05,4.271391687054415e-05,2.5371885179691696e-05
validation,2360,5.017710566235945e-05,3.6483008814382725e-05,3.304161882973052e-05
validation,2361,5.644481665449595e-05,4.490681098695767e-05,3.315127189436055e-05
validation,2362,5.3034289233383704e-05,3.915740953331151e-05,2.8947904012965054e-05
validation,2363,4.81177165700542e-05,3.3207528441797146e-05,1.8760160919464497e-05
validation,2364,5.834825217019922e-05,4.672611321314073e-05,3.0452041809530013e-05
validation,2365,5.22969885598372e-05,4.005530704042846e-05,2.812748803522028e-05
validation,2366,5.294515575706833e-05,3.882525419321155e-05,2.9197682107537843e-05
validation,2367,5.5182011230266664e-05,4.0534393599712666e-05,2.64978467085873e-05
validation,2368,4.542081147222102e-05,2.8558327577684816e-05,2.4950044813190095e-05
validation,2369,5.530924950265672e-05,4.653904552669579e-05,3.19589287728706e-05
validation,2370,5.040751364350972e-05,3.974426917667887e-05,2.9553909648067062e-05
validation,2371,4.7798806144573024e-05,2.7711985940738597e-05,2.4559324026626094e-05
validation,2372,5.304339676525664e-05,3.9801924615352036e-05,2.830322743513773e-05
validation,2373,5.765961291660671e-05,4.392150494738091e-05,3.3716931198867236e-05
validation,2374,4.383652470353352e-05,3.1843125965198206e-05,2.2269995488083367e-05
validation,2375,5.761420549774664e-05,4.345748673769673e-05,3.40210039462782e-05
validation,2376,5.2764271616900736e-05,4.451724643307528e-05,2.327897138094213e-05
validation,2377,4.9274411436825605e-05,4.0202907792849774e-05,2.9613739112684975e-05
validation,2378,4.705969527117302e-05,3.22686606419115e-05,2.0291675428619006e-05
validation,2379,4.5361856860194616e-05,3.298179230777683e-05,2.0380394610419886e-05
validation,2380,5.101444843696099e-05,4.149044590054733e-05,2.7466134442093188e-05
validation,2381,5.556855507379831e-05,4.431220601712499e-05,3.4275297146439195e-05
validation,2382,5.307407517844226e-05,3.986781159974781e-05,2.8110795941601934e-05
validation,2383,5.181453747927718e-05,4.096526127130159e-05,2.7761132412226255e-05
validation,2384,5.623053389844767e-05,4.8412781136706164e-05,2.9704647274609107e-05
validation,2385,5.221145734473817e-05,4.232216203361626e-05,2.6131070290085904e-05
validation,2386,5.227814762008416e-05,4.0496202160523964e-05,2.7821596825572606e-05
validation,2387,5.1444707917686023e-05,3.837894462769001e-05,3.046089187835695e-05
validation,2388,5.356619577939551e-05,3.99857167311464e-05,2.7833164631844777e-05
validation,2389,4.614515611623867e-05,3.274228147055673e-05,2.0298031869149302e-05
validation,2390,4.5799699405178446e-05,3.2859414385601304e-05,2.0350327192919066e-05
validation,2391,5.3831907360291855e-05,3.834541611907657e-05,2.9420567529800915e-05
validation,2392,5.269312883762293e-05,3.876297764970041e-05,2.950706813992732e-05
validation,2393,5.5215796285853294e-05,4.7781610086084586e-05,3.0911601940210786e-05
validation,2394,5.145623730421473e-05,4.046942657706893e-05,2.821665485592975e-05
validation,2395,5.3244955963198366e-05,3.946009536453149e-05,2.8441542406698543e-05
validation,2396,5.470106823321523e-05,3.780695601134957e-05,2.9546813038128028e-05
validation,2397,4.57627890323217e-05,3.4473102809419025e-05,1.8702961660120498e-05
validation,2398,5.1874438453133966e-05,3.9390673810606304e-05,2.920072065557895e-05
validation,2399,4.471699552596014e-05,3.3728377346620225e-05,1.9831581125111367e-05
validation,2400,4.4902360243133695e-05,3.253189475385551e-05,2.1102759501554776e-05
validation,2401,5.189652924784532e-05,3.8775385707695e-05,2.9825870226007516e-05
validation,2402,5.867401744813494e-05,4.785920040455122e-05,2.8855079053842944e-05
validation,2403,5.1276956759065686e-05,4.096261361454445e-05,2.801902897062135e-05
validation,2404,4.560946026336737e-05,3.253406758719543e-05,2.07380298932911e-05
validation,2405,5.6694083030781974e-05,4.3580779819618845e-05,3.460626704909918e-05
validation,2406,5.351075841769697e-05,4.57335438302501e-05,2.1649129278987488e-05
validation,2407,5.202821093060741e-05,4.0671483728575124e-05,2.7763364719992843e-05
validation,2408,5.204652510049744e-05,4.0542184745486486e-05,2.800778395896663e-05
validation,2409,5.6539526196445535e-05,4.472373750254441e-05,3.340028719226429e-05
validation,2410,4.872650142043673e-05,2.9089782678686956e-05,2.2647589382212074e-05
validation,2411,5.068180224279834e-05,4.068292475038832e-05,2.846612069686283e-05
validation,2412,4.46685768183968e-05,3.137566950730576e-05,2.2260905905742274e-05
validation,2413,4.61091169102274e-05,3.149606916785151e-05,2.1513428617025893e-05
validation,2414,5.4712454422622565e-05,4.706497706216405e-05,3.1873926436203446e-05
validation,2415,5.383165874400996e-05,4.0663882591401656e-05,2.6798501277309937e-05
validation,2416,5.200745399277474e-05,3.548452078159649e-05,3.313052004287949e-05
validation,2417,4.3832613731772105e-05,3.0253983836266114e-05,2.3835232497374415e-05
validation,2418,5.250783210792283e-05,4.0078654181093314e-05,2.81194702162155e-05
validation,2419,5.74474442766554e-05,4.531436549599941e-05,3.230948911505046e-05
validation,2420,5.123435003068854e-05,3.9718888953229626e-05,2.9162942852957316e-05
validation,2421,5.572363345231414e-05,4.611532035473535e-05,3.252383956748698e-05
validation,2422,5.041425461617614e-05,4.0975650463658556e-05,2.8285380337491916e-05
validation,2423,5.3322680703075004e-05,4.1177351423849875e-05,2.6759462035989118e-05
validation,2424,4.772970456410468e-05,2.8313785001324894e-05,2.4060706053361115e-05
validation,2425,5.456246040977937e-05,4.392580956821074e-05,3.509297590843817e-05
validation,2426,5.666813914750253e-05,4.3138344334521284e-05,3.489538514815391e-05
validation,2427,4.6458319628028385e-05,3.376820848808973e-05,1.9119039613465714e-05
validation,2428,5.6351196757087385e-05,4.6783466943082666e-05,3.142246144488662e-05
validation,2429,5.74831307791262e-05,4.303140701461483e-05,3.4622474256732466e-05
validation,2430,4.459811486699199e-05,2.9194745908869466e-05,2.467039981265562e-05
validation,2431,5.181502449643461e-05,3.871483673420649e-05,2.9958734069945502e-05
validation,2432,5.306322458304339e-05,3.810014933778823e-05,3.007702104138206e-05
validation,2433,4.72404040834243e-05,2.9551946878238942e-05,2.3055729236738542e-05
validation,2434,5.160919336584705e-05,4.1746964710724557e-05,2.6868276756121453e-05
validation,2435,5.199585655682551e-05,3.830242726793543e-05,3.0128388340417512e-05
validation,2436,4.712980315174693e-05,2.831160654662316e-05,2.436602207887319e-05
validation,2437,5.2911169099492766e-05,4.234036429185194e-05,2.552422869647234e-05
validation,2438,4.957243037587678e-05,4.176654000459999e-05,2.7844501796869684e-05
validation,2439,5.688613933067344e-05,4.692919772347486e-05,3.099958291946717e-05
validation,2440,5.701321597466344e-05,4.3656095374205654e-05,3.4268907299434196e-05
validation,2441,5.532500880474276e-05,4.8299821612505386e-05,3.0342302943469066e-05
validation,2442,5.650898202760965e-05,4.595830230463372e-05,3.212786927362814e-05
validation,2443,4.7888065963041107e-05,2.630890529595353e-05,2.602833809844218e-05
validation,2444,5.264299631011718e-05,3.95551725532224e-05,2.8749241673412458e-05
validation,2445,4.637660923224388e-05,3.4289040510569085e-05,1.844570279905643e-05
validation,2446,5.182841380745582e-05,3.9757995601949406e-05,2.8954374972304205e-05
validation,2447,5.18274416630084e-05,3.946855815449017e-05,2.9012570821386533e-05
validation,2448,5.158685018360915e-05,4.0259671447281566e-05,2.866519582348478e-05
validation,2449,5.1035867482130666e-05,3.864371699332726e-05,3.0340103224768642e-05
validation,2450,4.719420537651026e-05,3.019376614552855e-05,2.2389257776050473e-05
validation,2451,5.338261582694178e-05,3.945775518488218e-05,2.8431831765803412e-05
validation,2452,5.436528045183198e-05,4.15299158174045e-05,2.5601397134290213e-05
validation,2453,4.5764080741691095e-05,3.271839797262382e-05,2.025483732355879e-05
validation,2454,4.6916906971290615e-05,3.289567627602125e-05,1.962441408825486e-05
validation,2455,5.627048610845568e-05,4.6799937310099216e-05,3.141086929574732e-05
validation,2456,4.958880423975616e-05,4.174349707929031e-05,2.7850584048192143e-05
validation,2457,5.9205251298766904e-05,4.668990494289001e-05,2.9960880748797988e-05
validation,2458,5.329606565036148e-05,3.945531433453449e-05,2.846185682592199e-05
validation,2459,5.7142394748418214e-05,4.204848836915963e-05,3.57703311819383e-05
validation,2460,5.763150807073798e-05,4.507693647507712e-05,3.223210237298255e-05
validation,2461,4.451768367422817e-05,3.1558890362715866e-05,2.2326495092653865e-05
validation,2462,5.284533621284422e-05,3.824176164873894e-05,2.97823840000502e-05
validation,2463,5.03151801379384e-05,4.1320720301360086e-05,2.7958838978562315e-05
validation,2464,4.634985433475285e-05,2.9096230856697407e-05,2.3988458849072773e-05
validation,2465,5.751470224201428e-05,4.727519457771293e-05,3.0193298739427944e-05
validation,2466,5.2282266602577985e-05,3.942861039640086e-05,2.8987822923326286e-05
validation,2467,4.795891320044868e-05,3.1299505794393944e-05,2.0756166347042494e-05
validation,2468,5.3563509639114434e-05,4.019463295106085e-05,2.7636914032016983e-05
validation,2469,4.520130003354875e-05,3.0906497099297494e-05,2.255670754230041e-05
validation,2470,5.705111191960023e-05,4.689555068265092e-05,3.084831949042537e-05
validation,2471,4.7192564247494395e-05,2.787648594893515e-05,2.4752974342509235e-05
validation,2472,4.428344033570112e-05,2.9746809892983613e-05,2.4329442625607536e-05
validation,2473,5.266991206613934e-05,4.341045532642037e-05,2.45976485156008e-05
validation,2474,5.316926234263974e-05,3.5567025196736e-05,3.254992216342217e-05
validation,2475,5.45541702329185e-05,4.437662986337367e-05,3.465418334505326e-05
validation,2476,5.369885594796257e-05,3.905477562071578e-05,2.8706401449651746e-05
validation,2477,4.600358370472463e-05,3.226926384402741e-05,2.0842566931011063e-05
validation,2478,5.6607049565216245e-05,4.725762416504591e-05,3.07078375178439e-05
validation,2479,5.076683874836368e-05,4.195257805122319e-05,2.7138072433987058e-05
validation,2480,5.8587838983624436e-05,4.9960173687058994e-05,2.6903799984958448e-05
validation,2481,4.8106804659148384e-05,2.9315171753195836e-05,2.270353846251899e-05
validation,2482,5.7270139303516576e-05,4.461616639073697e-05,3.319566621487158e-05
validation,2483,5.291191750923408e-05,3.809367392265943e-05,3.0084823314035798e-05
validation,2484,5.146415318753975e-05,4.1606022363372304e-05,2.6914269460990156e-05
validation,2485,5.5655583160426336e-05,4.445673157464851e-05,3.41756288484986e-05
validation,2486,4.437668997381359e-05,3.3732594196841756e-05,2.0089148434879978e-05
validation,2487,5.1112624381790955e-05,4.0158190302102036e-05,2.878334732717348e-05
validation,2488,5.140188809201411e-05,3.905141727520277e-05,2.9642298390961278e-05
validation,2489,4.553476465021174e-05,3.246976809120989e-05,2.0733338647942756e-05
validation,2490,4.41341586365806e-05,3.161284786446731e-05,2.2473754633217205e-05
validation,2491,5.337175813920949e-05,3.9634020443518515e-05,2.8203335586790613e-05
validation,2492,4.726070775713638e-05,3.284849975842634e-05,1.9488775253556e-05
validation,2493,5.661950322689354e-05,3.78436310177277e-05,2.8393810099282727e-05
validation,2494,5.616941156005985e-05,4.6772641305128676e-05,3.1495252704237557e-05
validation,2495,5.2387226550096145e-05,4.083154443263231e-05,2.7514100271675736e-05
validation,2496,5.6385029739665906e-05,4.6120266596572765e-05,3.1867225107649384e-05
validation,2497,5.063820623728934e-05,3.787343012996605e-05,3.1314262110906187e-05
validation,2498,5.348002460999934e-05,3.8347403087829625e-05,2.9788486754457145e-05
validation,2499,5.2464566867175295e-05,4.09133307029186e-05,2.7425826377539392e-05
validation,2500,5.3816678202867477e-05,3.9082339844278786e-05,2.8638014485793552e-05
validation,2501,5.6775338904243886e-05,4.771862845636337e-05,3.0096129109162256e-05
validation,2502,5.546020496921186e-05,4.4409867870294653e-05,3.420270742618697e-05
validation,2503,5.69854035983365e-05,4.637323632435104e-05,3.137187162971487e-05
validation,2504,5.303798023798279e-05,4.1129081801222214e-05,2.6954060488204624e-05
validation,2505,5.3580738784871494e-05,4.152464127189375e-05,2.611050597143565e-05
validation,2506,4.8516636425364504e-05,3.223240185067231e-05,1.9572181991016578e-05
validation,2507,5.294554514209974e-05,4.0152670647763124e-05,2.7882498614925344e-05
validation,2508,5.6321787272137325e-05,4.74438122689773e-05,3.0752266235070414e-05
validation,2509,5.3197421631115756e-05,4.152546594020823e-05,2.642640302160987e-05
validation,2510,5.3068080395194544e-05,4.225190698422502e-05,2.5678920554779533e-05
validation,2511,5.216474704933345e-05,4.062688065085647e-05,2.7779062701135424e-05
validation,2512,5.359186115450971e-05,4.1673067847351325e-05,2.593840461496601e-05
validation,2513,5.739088787746451e-05,4.526195186795352e-05,3.237953869579267e-05
validation,2514,5.581641792988991e-05,4.56489271522997e-05,3.2829052895292754e-05
validation,2515,5.5736972174798e-05,4.878286517696231e-05,2.962310909266747e-05
validation,2516,5.2989813883996816e-05,4.085752759455745e-05,2.7133230405594566e-05
validation,2517,4.596644773761741e-05,3.3482872879229504e-05,1.9449694070941518e-05
validation,2518,5.725945485901217e-05,4.4841601798574745e-05,3.277267445221122e-05
validation,2519,5.1595375851404e-05,4.007890704963069e-05,2.8661146010599074e-05
validation,2520,5.324246714986656e-05,3.989158333366746e-05,2.7918342615847144e-05
validation,2521,5.127778701537828e-05,3.927905236868363e-05,2.9613338337465726e-05
validation,2522,5.251863802253692e-05,4.242881293434648e-05,2.5599817577700216e-05
validation,2523,5.031191050326438e-05,4.1691671383174544e-05,2.7614125238915996e-05
validation,2524,5.565517321030774e-05,4.7941471452677774e-05,3.054981281157134e-05
validation,2525,5.154831104330343e-05,4.073167068906248e-05,2.8017845188223427e-05
validation,2526,5.2516974860156734e-05,4.4386345279789716e-05,2.361366796178723e-05
validation,2527,4.723934226479264e-05,3.2338196714736596e-05,2.0082555334414693e-05
validation,2528,4.7128427697919385e-05,3.095910495159043e-05,2.1576734386789456e-05
validation,2529,5.135713055433768e-05,3.6798706865835277e-05,3.217464905024621e-05
validation,2530,4.540293105443187e-05,3.154229042037673e-05,2.188517179547126e-05
validation,2531,4.702816501769126e-05,3.018611019643047e-05,2.2495125093355193e-05
validation,2532,5.1830914277938104e-05,4.031342998186683e-05,2.8303929090201055e-05
validation,2533,5.5526154142822926e-05,4.801955442468666e-05,3.051118943188183e-05
validation,2534,5.133256766226571e-05,4.2552887522119764e-05,2.6226915544278397e-05
validation,2535,5.358871880608186e-05,4.239265004828079e-05,2.524898142256436e-05
validation,2536,5.6209601010676336e-05,4.2999205240728526e-05,3.5315047978778065e-05
validation,2537,5.165498281690267e-05,3.758484794440671e-05,3.116081981554502e-05
validation,2538,5.3202532981717344e-05,3.6948475284008865e-05,3.112104188537351e-05
validation,2539,4.508222761130867e-05,3.361376163705982e-05,1.989401496225515e-05
validation,2540,4.6389987564938456e-05,3.1120355097612786e-05,2.1746892592859527e-05
validation,2541,5.564086087905533e-05,4.839378808856197e-05,3.010529549039562e-05
validation,2542,5.0739367519520395e-05,4.1220844676639555e-05,2.7972080966138554e-05
validation,2543,5.1276986325562106e-05,3.776192931227445e-05,3.1130030110411114e-05
validation,2544,5.344583016776088e-05,3.7844398450152476e-05,3.0098204628203957e-05
validation,2545,4.310731869453281e-05,3.1693026559107455e-05,2.270070680932666e-05
validation,2546,5.683760037336928e-05,4.4914321504647826e-05,3.3063561482102015e-05
validation,2547,4.454980187352311e-05,3.27488881794271e-05,2.1004609674843512e-05
validation,2548,5.649696385439702e-05,4.3320062053682524e-05,3.497916788022215e-05
validation,2549,5.069681672357275e-05,3.7218884131842474e-05,3.196073280114689e-05
validation,2550,5.209151696096101e-05,4.137767492752722e-05,2.71328299880314e-05
validation,2551,4.413318441330758e-05,3.0666488741827466e-05,2.3289790965095087e-05
validation,2552,4.800812731062819e-05,3.159681294900646e-05,2.0493679776483264e-05
validation,2553,4.49269228725253e-05,3.320275236412149e-05,2.0366348105990794e-05
validation,2554,5.6686385684852286e-05,4.830366579733894e-05,2.9594096777218802e-05
validation,2555,5.3157008231750574e-05,3.939890040139763e-05,2.860336620712097e-05
validation,2556,5.7266306475280575e-05,4.354560895734905e-05,3.429815154839293e-05
validation,2557,5.090139126405236e-05,3.916457740609764e-05,2.9873810371022497e-05
validation,2558,5.314993500793754e-05,4.2128271108113004e-05,2.578070207324719e-05
validation,2559,5.157138908098823e-05,4.117229596541687e-05,2.7540642888963182e-05
validation,2560,5.328216390466589e-05,4.0014200774461625e-05,2.794417282178089e-05
validation,2561,5.282314818526447e-05,3.9124608425642096e-05,2.9062272149859645e-05
validation,2562,5.3489446621385046e-05,3.696235560854824e-05,3.0920739895179964e-05
validation,2563,5.8382148250719824e-05,4.7002112481845874e-05,3.024266116177411e-05
validation,2564,5.619101489463633e-05,4.477575539675278e-05,3.3416033817666786e-05
validation,2565,4.6236009437997986e-05,2.980900774003586e-05,2.311733044412429e-05
validation,2566,5.059331882434589e-05,4.155370837163884e-05,2.761362563117148e-05
validation,2567,4.834888961422513e-05,3.1230336452520864e-05,2.073183677563592e-05
validation,2568,5.198146247053405e-05,3.8546699758445294e-05,3.00325076837373e-05
validation,2569,5.742130595458412e-05,4.444083151700065e-05,3.3274141085613624e-05
validation,2570,5.429656120949134e-05,4.1311602439298945e-05,2.6016875232794408e-05
validation,2571,5.6843698378258616e-05,4.451001250566707e-05,3.33831715057982e-05
validation,2572,5.149742973729294e-05,3.784473087167691e-05,3.105864293194176e-05
validation,2573,5.3235842523344915e-05,3.835002002452518e-05,2.96981332700315e-05
validation,2574,5.2373662555368196e-05,4.0146709010151315e-05,2.8240189606824948e-05
validation,2575,4.570639255806104e-05,3.1519472916262257e-05,2.1555791308010948e-05
validation,2576,4.490901560701803e-05,2.8996733835813982e-05,2.4774543531364248e-05
validation,2577,5.330785911364068e-05,4.2215672940695655e-05,2.5621389494084762e-05
validation,2578,5.601134069761363e-05,4.719340253267053e-05,3.0975880058762085e-05
validation,2579,5.2082146846925326e-05,3.84739889363667e-05,3.0172282277099205e-05
validation,2580,5.1926085038892734e-05,3.932628761523885e-05,2.935692519990447e-05
validation,2581,4.7045222965942646e-05,2.632018858177235e-05,2.650718503469123e-05
validation,2582,5.7102396938143395e-05,4.348016897580434e-05,3.4376295546300016e-05
validation,2583,4.595081435935262e-05,2.9539261098911636e-05,2.3535222710158655e-05
validation,2584,5.319911409690358e-05,3.972962109219982e-05,2.82450368228554e-05
validation,2585,5.4704601710301515e-05,4.635492220015596e-05,3.241250729595563e-05
validation,2586,4.3732880761844846e-05,3.165837056016627e-05,2.2645285208495165e-05
validation,2587,5.58744463895351e-05,4.654410069526338e-05,3.1745599117661144e-05
validation,2588,5.330132879027529e-05,3.840820726957691e-05,2.9572711904631214e-05
validation,2589,5.0523143283472696e-05,3.576656929090559e-05,3.3700204555049134e-05
validation,2590,5.7022361169079856e-05,4.470599975199081e-05,3.30247890103869e-05
validation,2591,5.187212730082567e-05,4.2356359078363125e-05,2.6222800800732533e-05
validation,2592,5.1505747151239494e-05,3.933920058870183e-05,2.9439133360184143e-05
validation,2593,4.6599829955895106e-05,3.277352696835695e-05,2.006482522560278e-05
validation,2594,4.4563179666831394e-05,3.124983347183012e-05,2.2475086340829015e-05
validation,2595,5.276351871228978e-05,3.827010711729528e-05,2.997094525147666e-05
validation,2596,4.6485764488357276e-05,2.9914672248126406e-05,2.307835687472743e-05
validation,2597,5.168403758317965e-05,4.052466680548394e-05,2.818350979004546e-05
validation,2598,5.325056379120713e-05,4.20157439813977e-05,2.5768634802297504e-05
validation,2599,4.947137886442591e-05,2.979018724877641e-05,2.1675022038652094e-05
validation,2600,4.546423176136252e-05,3.2239881693649664e-05,2.1006341090477825e-05
validation,2601,5.1840791941343576e-05,3.9230634359957937e-05,2.9397376261034828e-05
validation,2602,5.60715532123306e-05,4.6947561594412903e-05,3.132196506746139e-05
validation,2603,4.742865306039832e-05,2.6386061254848356e-05,2.6149683124123485e-05
validation,2604,5.4168107480016586e-05,4.5355431757012834e-05,3.391034107642849e-05
validation,2605,4.440910933145059e-05,3.262684942925908e-05,2.115877547571581e-05
validation,2606,5.7471423560525906e-05,4.600130387160282e-05,3.173059145625956e-05
validation,2607,5.122533226299449e-05,3.9076575886687014e-05,2.9845727399577373e-05
validation,2608,4.822725938588178e-05,3.086852112368623e-05,2.116177752774167e-05
validation,2609,5.05782160406228e-05,3.963837587195064e-05,2.972425982853081e-05
validation,2610,4.416475771212691e-05,3.171091655246322e-05,2.2263041040031826e-05
validation,2611,5.282754681288072e-05,4.310920741862685e-05,2.47708765730897e-05
validation,2612,4.539539449715962e-05,3.252934353234907e-05,2.0866174867388998e-05
validation,2613,5.1832320426357513e-05,4.1108303224297606e-05,2.7483915326675743e-05
validation,2614,4.564901292188492e-05,2.9959044656501454e-05,2.329381450918768e-05
validation,2615,4.758411126487058e-05,2.9290246158449797e-05,2.301263381255597e-05
validation,2616,5.125080440063237e-05,4.288177822684181e-05,2.579057621069017e-05
validation,2617,4.513293343773223e-05,3.264070537445235e-05,2.089731065834269e-05
validation,2618,4.756014284397079e-05,3.414498306868851e-05,1.7983088680686303e-05
validation,2619,4.573676604198161e-05,3.4084834412512786e-05,1.8950334420360402e-05
validation,2620,5.431514791349486e-05,3.7928080695358605e-05,2.9587543590876444e-05
validation,2621,4.686281340372519e-05,3.092522458152914e-05,2.1789179409615837e-05
validation,2622,5.604558516306359e-05,4.521937412857512e-05,3.314521045072597e-05
validation,2623,5.457123500929945e-05,3.8818122954862424e-05,2.8567986525199523e-05
validation,2624,5.381382897721735e-05,3.941318218015135e-05,2.825679734259406e-05
validation,2625,5.691222234499752e-05,4.5413664145666225e-05,3.2354130991168754e-05
validation,2626,5.17693510804902e-05,4.415276542966069e-05,2.444044472128348e-05
validation,2627,4.6873853296878424e-05,3.1099882067767035e-05,2.1634267211872976e-05
validation,2628,5.3108633067615285e-05,4.03850699212154e-05,2.7624090863364306e-05
validation,2629,5.414978272119716e-05,3.682773069448137e-05,3.065579823211569e-05
validation,2630,5.734381457578004e-05,4.395007690982279e-05,3.383674313436082e-05
validation,2631,5.60018932588847e-05,4.6126774011398755e-05,3.2248837161765136e-05
validation,2632,5.1149246404015824e-05,4.1048204881586025e-05,2.7846437156258066e-05
validation,2633,5.6407354299249516e-05,4.643363032202267e-05,3.170703147284462e-05
validation,2634,5.2714601976749295e-05,3.969326705034249e-05,2.848016491547181e-05
validation,2635,4.5686599440192114e-05,2.8213183938969374e-05,2.5019201239951734e-05
validation,2636,5.437506127144882e-05,4.6616910972012386e-05,3.247529258998196e-05
validation,2637,5.372491893383647e-05,3.8677833451232375e-05,2.909478112487919e-05
validation,2638,5.445357446505504e-05,4.676524186961852e-05,3.2177217515455396e-05
validation,2639,5.3028155070398526e-05,3.8723761545733425e-05,2.9348776309015217e-05
validation,2640,5.408200783828087e-05,4.1727841371718724e-05,2.583384182523251e-05
validation,2641,5.761426982330978e-05,4.5682857934015965e-05,3.1708577529312136e-05
validation,2642,5.1922128417449765e-05,3.951681630938468e-05,2.908122190952545e-05
validation,2643,5.2171595303739564e-05,4.281330088581326e-05,2.54456991806285e-05
validation,2644,5.7683534327439475e-05,4.739301117730322e-05,3.0081978598418302e-05
validation,2645,5.081877968917266e-05,4.064996185026642e-05,2.8441758367850913e-05
validation,2646,5.5112082866319665e-05,4.56099477535034e-05,3.3118257536246496e-05
validation,2647,5.4446774120128765e-05,4.483498982556936e-05,3.4321140923570596e-05
validation,2648,5.5016895116168385e-05,4.316807905156986e-05,3.5833267996829705e-05
validation,2649,5.2623113288440465e-05,4.0838254956738865e-05,2.7397443790445228e-05
validation,2650,4.4369992878609456e-05,3.173388384072085e-05,2.227350565534309e-05
validation,2651,5.262921871299125e-05,3.85924572891711e-05,2.97789909058046e-05
validation,2652,5.2206506412574914e-05,3.721812832668068e-05,3.129670938350433e-05
validation,2653,5.661653558446283e-05,4.834686828493591e-05,2.957406345764042e-05
validation,2654,5.152562707709852e-05,4.077186641634774e-05,2.8062871560932678e-05
validation,2655,5.491050774369977e-05,4.1757203318009354e-05,3.726362725605514e-05
validation,2656,5.533051656920366e-05,4.265832845946557e-05,3.6143496989832104e-05
validation,2657,4.5348518164324504e-05,3.26511011533043e-05,2.0776108218642064e-05
validation,2658,5.76143278779058e-05,4.63488264097271e-05,3.1084455827513636e-05
validation,2659,5.7082779914564056e-05,4.766769684373448e-05,2.9993833314042162e-05
validation,2660,5.374633833458923e-05,4.2297185796895107e-05,2.5244613563102155e-05
validation,2661,5.663364926549785e-05,4.461066753086389e-05,3.343997933148475e-05
validation,2662,5.283579172305945e-05,3.6894105004902e-05,3.142553008486044e-05
validation,2663,5.755009933775676e-05,4.594705597475145e-05,3.168700817505982e-05
validation,2664,5.765106159674826e-05,4.638685547336408e-05,3.1035909623010897e-05
validation,2665,5.132556275912062e-05,4.049167436303526e-05,2.8181648662242308e-05
validation,2666,5.3696865180221e-05,4.049854182164917e-05,2.709301614738454e-05
validation,2667,5.345726401960687e-05,4.164994193894458e-05,2.6129105424968648e-05
validation,2668,5.1394752158237904e-05,4.1845610964656224e-05,2.6879589274936387e-05
validation,2669,5.164538951097804e-05,4.1035211554059585e-05,2.756463721813286e-05
validation,2670,5.094393096137627e-05,4.042084510494483e-05,2.864295950782443e-05
validation,2671,5.2824840295688427e-05,4.205303607803235e-05,2.5989324929688334e-05
validation,2672,5.266821932836324e-05,4.1414672613133654e-05,2.6700745351225898e-05
validation,2673,4.53256802011158e-05,3.161377287034002e-05,2.1821821184915677e-05
validation,2674,5.2943515005495346e-05,4.381534859128798e-05,2.4005886770345327e-05
validation,2675,5.838569921388383e-05,4.668526984565924e-05,3.0271381482834836e-05
validation,2676,5.251505260968123e-05,4.3438355076904714e-05,2.4644000149233138e-05
validation,2677,5.2396182471138024e-05,3.962135799706345e-05,2.8745384271822028e-05
validation,2678,5.335052252417372e-05,4.022712140741674e-05,2.7624711611315137e-05
validation,2679,5.363128138020744e-05,3.696610537320944e-05,3.087540669183031e-05
validation,2680,5.391245533401582e-05,4.071262360137607e-05,2.6880532413689325e-05
validation,2681,5.0804780238056364e-05,4.2060246711529495e-05,2.7000165799108396e-05
validation,2682,5.179554438559503e-05,4.293514340547672e-05,2.568642356753815e-05
validation,2683,5.564235661242976e-05,3.5625153407828255e-05,3.136312116923829e-05
validation,2684,5.13175680879901e-05,3.7702203504860864e-05,3.1221592330686065e-05
validation,2685,5.1589059617336096e-05,4.0115842596369716e-05,2.8611283223509144e-05
validation,2686,5.1535347666621404e-05,3.640088756706746e-05,3.2415140967083344e-05
validation,2687,5.684781260431525e-05,4.692366180534577e-05,3.093430651181522e-05
validation,2688,5.830669510108154e-05,4.5582160906118147e-05,3.154867948612181e-05
validation,2689,5.587787245771917e-05,4.780247903572684e-05,3.048841516995456e-05
validation,2690,5.601121382602791e-05,4.707763310600073e-05,3.128259287129825e-05
validation,2691,4.566806666727584e-05,3.2352606606915785e-05,2.082581757282718e-05
validation,2692,5.232378820266409e-05,4.082208537188661e-05,2.747350279173326e-05
validation,2693,5.7262298373957874e-05,4.985673434317707e-05,2.7461835085925493e-05
validation,2694,5.752763451988861e-05,4.477178258980103e-05,3.289131233632871e-05
validation,2695,5.386488411936556e-05,3.959612371936235e-05,2.8017489345590853e-05
validation,2696,5.2373750780217857e-05,3.89168479067026e-05,2.9499305914239632e-05
validation,2697,5.2904915292625756e-05,4.06140550008553e-05,2.7418824421853997e-05
validation,2698,5.1011746981042874e-05,4.184153938733398e-05,2.714238294358729e-05
validation,2699,5.079508948050369e-05,3.64606118654013e-05,3.266185397701187e-05
validation,2700,5.688849366457233e-05,4.5074489635004365e-05,3.286940444529371e-05
validation,2701,5.60381086306976e-05,4.939644515905377e-05,2.8545539199137937e-05
validation,2702,5.0694972408900044e-05,4.193896104730419e-05,2.7194238859579347e-05
validation,2703,5.1852905194641856e-05,3.981153147441559e-05,2.883488826873363e-05
validation,2704,5.4280114581285624e-05,4.697798194052459e-05,3.20321769556924e-05
validation,2705,4.709063221710887e-05,3.131766309351526e-05,2.105853569749069e-05
validation,2706,5.131175907891624e-05,4.180424936920182e-05,2.702336056532515e-05
validation,2707,4.599235125911348e-05,3.267693897590458e-05,2.0402958252315133e-05
validation,2708,4.657833739490001e-05,3.169376442830085e-05,2.1141724608046853e-05
validation,2709,5.749744194670025e-05,4.354627631257377e-05,3.4169434458102345e-05
validation,2710,5.046008459838867e-05,4.249040136118657e-05,2.6688135479032824e-05
validation,2711,5.61448532525005e-05,4.8563458807988234e-05,2.9427669390790276e-05
validation,2712,5.325818439657431e-05,3.67625674964214e-05,3.1178481131388364e-05
validation,2713,5.334762417157209e-05,3.8746590471581763e-05,2.9185613089327196e-05
validation,2714,5.567338881168323e-05,4.283325408337699e-05,3.572333263677782e-05
validation,2715,5.0710484986425505e-05,4.186517936481313e-05,2.7220622486615046e-05
validation,2716,5.212565530706638e-05,3.8710892953137994e-05,2.9832859198561146e-05
validation,2717,5.0945512213712425e-05,4.228144462271301e-05,2.6669052754715017e-05
validation,2718,5.262163076151238e-05,3.7248030129642453e-05,3.106193372952849e-05
validation,2719,5.5573140211896873e-05,4.694863737898983e-05,3.158700380322129e-05
validation,2720,4.6645520910778804e-05,3.189994161284443e-05,2.089561471844778e-05
validation,2721,5.397987668199585e-05,3.846344247971873e-05,2.9163019482716027e-05
validation,2722,4.7376325595469194e-05,3.186657546221941e-05,2.0451152648957688e-05
validation,2723,4.679503256140868e-05,3.140069932320203e-05,2.145224208021312e-05
validation,2724,5.225642704802552e-05,4.079426919640994e-05,2.7637163833085685e-05
validation,2725,4.523500524939412e-05,3.131820722365337e-05,2.214507374586094e-05
validation,2726,5.238743194244001e-05,3.857142555701134e-05,2.979787347292797e-05
validation,2727,4.50124642898137e-05,3.166199347924077e-05,2.189758244453261e-05
validation,2728,5.384474257919847e-05,4.42998623200168e-05,3.512990525850513e-05
validation,2729,5.706763078734874e-05,4.788046348408916e-05,2.9710185574377552e-05
validation,2730,4.51242807320532e-05,3.387712298928055e-05,1.960978490750447e-05
validation,2731,5.333522429813293e-05,4.265825391012314e-05,2.5029587468269506e-05
validation,2732,5.325060729607047e-05,3.896758402074337e-05,2.9017853433228574e-05
validation,2733,5.05672223062577e-05,4.069812061234626e-05,2.867028501669037e-05
validation,2734,5.4977430112241686e-05,4.1220128854488164e-05,2.5789801819737437e-05
validation,2735,5.149882789084771e-05,3.940417128983361e-05,2.9519249332915964e-05
validation,2736,5.689688072158535e-05,4.8005602784026177e-05,2.975705039980801e-05
validation,2737,5.2117768071662386e-05,3.689203729504022e-05,3.168217566096855e-05
validation,2738,5.2351311319963685e-05,3.771815683981336e-05,3.062078680588899e-05
validation,2739,4.404113479532572e-05,3.0313643139254014e-05,2.393224399457102e-05
validation,2740,4.8429914878762e-05,2.8076324843642152e-05,2.410993791941338e-05
validation,2741,4.4125143246627656e-05,3.205018027685515e-05,2.2071021661237175e-05
validation,2742,5.369886130487552e-05,4.1250676879553783e-05,2.625829046081903e-05
validation,2743,5.353173732896605e-05,4.197667733525853e-05,2.59494663741798e-05
validation,2744,5.196342196288164e-05,3.6494767263409274e-05,3.2125450998274406e-05
validation,2745,5.6261911617653424e-05,4.521461514231275e-05,3.311847388168658e-05
validation,2746,4.379766940419551e-05,2.9801055484781227e-05,2.447145949790189e-05
validation,2747,5.6247826157665715e-05,3.838335228402373e-05,2.810314965146283e-05
validation,2748,5.526913096234332e-05,4.67620686803978e-05,3.1650860664018e-05
validation,2749,5.485714349919275e-05,4.6228780043237385e-05,3.266165203783334e-05
validation,2750,5.643873253603633e-05,4.598159947727392e-05,3.218630623542199e-05
validation,2751,5.584155372965988e-05,4.446319212538103e-05,3.401846094145095e-05
validation,2752,5.824877135365764e-05,4.7474306490114795e-05,2.9867660438213243e-05
validation,2753,5.256314306145727e-05,3.888592987708337e-05,2.9415798943456107e-05
validation,2754,4.778786360178037e-05,3.434221374166396e-05,1.7791827290516663e-05
validation,2755,5.293853291070914e-05,3.8329606446808195e-05,2.9809188717212934e-05
validation,2756,5.2671088267000755e-05,3.735378775608015e-05,3.0948031417832334e-05
validation,2757,5.237352801777563e-05,4.256476406454047e-05,2.5662540144079684e-05
validation,2758,4.896812161282366e-05,3.128479634455232e-05,2.0229670709046098e-05
validation,2759,6.0173369791290655e-05,4.7237864101836764e-05,2.895343309077298e-05
validation,2760,5.3596066673692446e-05,3.8646060659103495e-05,2.9229539484892354e-05
validation,2761,5.3505097997675096e-05,3.887939986204527e-05,2.9033604426515943e-05
validation,2762,5.18127361554809e-05,3.594508181169345e-05,3.2792158683549496e-05
validation,2763,4.7304671456758595e-05,3.11104571515673e-05,2.1450192151454314e-05
validation,2764,4.6418891404452085e-05,3.210594228740285e-05,2.0795177060873226e-05
validation,2765,5.345578370215022e-05,3.975912651505599e-05,2.8152965999555653e-05
validation,2766,5.127137698311486e-05,4.1209585983549036e-05,2.765966526722532e-05
validation,2767,4.478922542072492e-05,2.87440118927022e-05,2.4947824830246974e-05
validation,2768,5.622235700105696e-05,4.647930881031618e-05,3.1751217073995296e-05
validation,2769,5.411098516723492e-05,4.141414701533833e-05,2.6155012611982994e-05
validation,2770,5.571169987375992e-05,4.2062157467681796e-05,3.6493566067468085e-05
validation,2771,4.980641970434323e-05,4.016914273423542e-05,2.9559970952566713e-05
validation,2772,5.4397814971734155e-05,3.99630151654558e-05,2.724492931222199e-05
validation,2773,5.1411775608572145e-05,3.8012145081469124e-05,3.07341968513504e-05
validation,2774,5.20629055461145e-05,3.935220471742388e-05,2.927381388818071e-05
validation,2775,5.081063312339329e-05,4.105552338467626e-05,2.8003780721993276e-05
validation,2776,5.1669869121797e-05,4.1723052194446986e-05,2.7017701268803026e-05
validation,2777,4.547880847903863e-05,3.33751195215328e-05,1.9714664510879592e-05
validation,2778,5.171928154880337e-05,4.24053326389014e-05,2.6223927013970228e-05
validation,2779,4.664036920800873e-05,3.183242459929947e-05,2.0983729160126642e-05
validation,2780,5.243485781035696e-05,4.070601625770318e-05,2.7609579716605828e-05
validation,2781,5.1853021837536316e-05,4.2448049404434636e-05,2.5962223036412588e-05
validation,2782,5.086861962416853e-05,3.9900654099857077e-05,2.911648113440398e-05
validation,2783,5.121398419241257e-05,3.8583691523558014e-05,3.029937311193969e-05
validation,2784,5.3704470288292446e-05,3.999626829285828e-05,2.7689523526165306e-05
validation,2785,5.1471446136461496e-05,3.747812603835353e-05,3.140635715540806e-05
validation,2786,4.691824195171422e-05,3.128227568823243e-05,2.1380582525074413e-05
validation,2787,4.5849802764217555e-05,3.163116169694521e-05,2.1640513035192687e-05
validation,2788,4.967831106627298e-05,3.980490735886129e-05,2.9938904201304258e-05
validation,2789,5.883965022823002e-05,4.3440287086031716e-05,3.367935030799281e-05
validation,2790,4.6175357156436476e-05,3.153251473465679e-05,2.1414066955188523e-05
validation,2791,5.3961327473502356e-05,3.913742694217576e-05,2.8470196907638317e-05
validation,2792,5.742870008611308e-05,4.676817422751984e-05,3.0800493025212497e-05
validation,2793,5.2053421252983e-05,3.905944362223335e-05,2.947957278028754e-05
validation,2794,5.2699114497383164e-05,4.031873713961008e-05,2.7730334833449555e-05
validation,2795,4.6171813099643925e-05,3.155279419610745e-05,2.1499285213923776e-05
validation,2796,5.07371613051464e-05,4.1586660217896966e-05,2.7516439210915567e-05
validation,2797,5.414943343755895e-05,3.956984137788201e-05,2.7842825835537022e-05
validation,2798,5.211755329197345e-05,3.863440690629463e-05,2.988475353894917e-05
validation,2799,4.5233161552084805e-05,3.176695611559225e-05,2.1600683550443983e-05
validation,2800,4.513910662612935e-05,3.175520914888082e-05,2.1937038028891936e-05
validation,2801,5.1397607304174075e-05,3.7361838384327785e-05,3.1387050498498086e-05
validation,2802,5.15467437107584e-05,4.227762092292928e-05,2.643979994990941e-05
validation,2803,5.743867147176287e-05,4.524017759772268e-05,3.230628583155101e-05
validation,2804,5.147229216724696e-05,4.2222241881061136e-05,2.655687148086263e-05
validation,2805,5.251545196713334e-05,3.955744922378199e-05,2.8839844531123463e-05
validation,2806,4.548210012914726e-05,3.116148328174745e-05,2.217813664589889e-05
validation,2807,5.271358340469595e-05,4.095254495406141e-05,2.7222754594335318e-05
validation,2808,5.1723827414740055e-05,4.028300808199946e-05,2.8360102788543962e-05
validation,2809,4.696896412441932e-05,2.7720619347509438e-05,2.5028991100409246e-05
validation,2810,5.264881655516342e-05,4.021019307519699e-05,2.794640290309652e-05
validation,2811,4.644537187504839e-05,3.0252176102359113e-05,2.2673417143141804e-05
validation,2812,5.036204679335487e-05,3.869909112737852e-05,3.0796056100452925e-05
validation,2813,5.529864411007853e-05,4.68525881116327e-05,3.168813916739572e-05
validation,2814,5.321276396350212e-05,3.836970279447419e-05,2.967082366996889e-05
validation,2815,5.163996560727271e-05,3.989589075635885e-05,2.8619588371294202e-05
validation,2816,5.6774609975230606e-05,3.4412667924072064e-05,3.203602792693807e-05
validation,2817,5.259097384477981e-05,4.12609005113347e-05,2.68343836950135e-05
validation,2818,5.515227103735491e-05,4.4360604092758064e-05,3.4405132046546474e-05
validation,2819,5.048179069462214e-05,4.09212762524877e-05,2.8311487888372074e-05
validation,2820,5.127209728865612e-05,4.1185434253969677e-05,2.766505639693346e-05
validation,2821,5.053502704137319e-05,3.875703123824037e-05,3.0721125686579294e-05
validation,2822,5.410380737816117e-05,3.8801268716513013e-05,2.8815625321215413e-05
validation,2823,5.1640093493101085e-05,4.1248779587934195e-05,2.7557283598506872e-05
validation,2824,5.5441158102480414e-05,4.6819104901302434e-05,3.174323748289802e-05
validation,2825,5.15795246080565e-05,4.081306540074391e-05,2.7908109381424326e-05
validation,2826,4.4444408436951195e-05,3.2088352109435753e-05,2.1647711619623588e-05
validation,2827,5.119705028559187e-05,4.057500102205437e-05,2.843994956537623e-05
validation,2828,5.211618242666937e-05,3.795989566929578e-05,3.056374435542482e-05
validation,2829,4.9987964542434585e-05,4.02974305899936e-05,2.9265019254465208e-05
validation,2830,5.205763911529459e-05,3.7863290308408294e-05,3.067263439747982e-05
validation,2831,5.4888645464858835e-05,4.4901825940369736e-05,3.395000615013673e-05
validation,2832,5.600218614625057e-05,4.486242382385028e-05,3.347002454646483e-05
validation,2833,5.763906065851829e-05,4.437232031887063e-05,3.325768315564109e-05
validation,2834,5.093009416955019e-05,4.2494457336067735e-05,2.6470579287095688e-05
validation,2835,5.6200265777253074e-05,4.382629831695066e-05,3.4485769218932385e-05
validation,2836,5.27375040418792e-05,4.246757368412061e-05,2.551295804899015e-05
validation,2837,4.4832832459634687e-05,3.347307717036654e-05,2.0048902018294583e-05
validation,2838,5.961827339379197e-05,4.046529371098529e-05,3.641835963204954e-05
validation,2839,5.315069496701598e-05,4.4034129215089e-05,2.375217582296724e-05
validation,2840,4.637888847805354e-05,3.0600242959592066e-05,2.2353598671295535e-05
validation,2841,5.6607168949792255e-05,4.821731108695585e-05,2.9812049935991166e-05
validation,2842,5.673611371744345e-05,3.783989246476806e-05,2.821843342796017e-05
validation,2843,5.1169460845256166e-05,4.0724410836049064e-05,2.8204950479745426e-05
validation,2844,5.232572431810721e-05,4.143006249080517e-05,2.6954659602478546e-05
validation,2845,5.263674798084473e-05,3.921189044498687e-05,2.909009454525407e-05
validation,2846,5.1019645320338284e-05,4.219477504978728e-05,2.6732527616174947e-05
validation,2847,5.642814814432559e-05,4.391274209887073e-05,3.4323801411863144e-05
validation,2848,5.293368500718567e-05,4.0098093471756276e-05,2.7852765630020964e-05
validation,2849,5.455324378035279e-05,3.983500566032633e-05,2.738568166104182e-05
validation,2850,5.5877460328179845e-05,4.386957942275177e-05,3.4561125661613395e-05
validation,2851,4.488030215094682e-05,3.084086180962158e-05,2.282430701389364e-05
validation,2852,5.486629020473792e-05,3.561992960322647e-05,3.168103013492527e-05
validation,2853,5.610505411004472e-05,4.402067575214079e-05,3.4564122055027634e-05
validation,2854,4.9944073894615146e-05,3.825568613116369e-05,3.1423659648652115e-05
validation,2855,4.6601824633317736e-05,3.452173644466713e-05,1.8270164980061093e-05
validation,2856,4.6225703774118984e-05,2.6864087418000192e-05,2.6245665444959126e-05
validation,2857,5.2453381197338324e-05,4.0446240496081293e-05,2.7896541563933508e-05
validation,2858,4.715665247837501e-05,3.019891007197977e-05,2.241186169386029e-05
validation,2859,5.3024857874078516e-05,3.9607459875960604e-05,2.845496830778638e-05
validation,2860,5.4427280563511326e-05,4.7283629068891394e-05,3.169063822477008e-05
validation,2861,4.576153917670761e-05,3.20668276085026e-05,2.1157970093810292e-05
validation,2862,5.271957129729786e-05,4.26639938665226e-05,2.5214366777971736e-05
validation,2863,5.1131702031100084e-05,4.100807432259891e-05,2.793614629595436e-05
validation,2864,5.253592865821131e-05,4.126666606021054e-05,2.7042552667431462e-05
validation,2865,5.23970140931027e-05,4.249045102336768e-05,2.576817963827806e-05
validation,2866,5.558403599026538e-05,4.651036370316514e-05,3.203325055526175e-05
validation,2867,4.598806888700458e-05,3.309633796800805e-05,2.0009975989189882e-05
validation,2868,4.882600427456138e-05,3.0627344875226064e-05,2.1052973002233964e-05
validation,2869,5.229028053301109e-05,4.2293741298837645e-05,2.604915759585087e-05
validation,2870,5.741261826052427e-05,4.430316547855393e-05,3.3439890566686615e-05
validation,2871,5.280724516705704e-05,4.190931384686604e-05,2.6217249175729522e-05
validation,2872,4.577575962414107e-05,3.360461068682487e-05,1.940773182900751e-05
validation,2873,5.588313810295632e-05,4.6782917251213745e-05,3.161287823862105e-05
validation,2874,5.395926652358388e-05,4.435114884024605e-05,2.2839743745009057e-05
validation,2875,5.139097099801373e-05,4.0357252418128324e-05,2.845152243141975e-05
validation,2876,4.467998146967758e-05,2.945385176642025e-05,2.430434618117941e-05
validation,2877,5.5124732742574186e-05,4.737323185264041e-05,3.135015721822489e-05
validation,2878,5.385173535930969e-05,4.618019193968879e-05,3.3123254409135036e-05
validation,2879,5.396924754662309e-05,3.649922859816977e-05,3.1213083371685275e-05
validation,2880,4.653259195873105e-05,3.077911389254525e-05,2.2151489740243807e-05
validation,2881,5.377034569239641e-05,4.621196248719086e-05,3.311482780487698e-05
validation,2882,4.9698576940606195e-05,4.105761979530555e-05,2.8517080037990546e-05
validation,2883,5.217656101801409e-05,4.35035206778462e-05,2.468982724364405e-05
validation,2884,4.686861998882193e-05,3.057310321249451e-05,2.2019193277822445e-05
validation,2885,5.181981895309579e-05,3.890955289075576e-05,2.957098057869693e-05
validation,2886,4.744204254543299e-05,3.176034087569482e-05,2.0738434342491807e-05
validation,2887,5.281980310003572e-05,3.952091654867595e-05,2.8643720388228508e-05
validation,2888,4.467953219711486e-05,3.259638947222925e-05,2.106386698170396e-05
validation,2889,4.441656764756589e-05,3.368558116897483e-05,2.0079119522704856e-05
validation,2890,5.0426445177592965e-05,4.086273220430707e-05,2.8477693038035107e-05
validation,2891,4.585662442801098e-05,3.066412259396099e-05,2.2546128898767335e-05
validation,2892,5.723586680152018e-05,4.693272219614097e-05,3.082532144145538e-05
validation,2893,5.6307479954440145e-05,4.757963972459083e-05,3.0340618438717674e-05
validation,2894,4.720885429003647e-05,3.15303487447019e-05,2.094285959067593e-05
validation,2895,4.4345772451042966e-05,2.9689786642734614e-05,2.438585496888931e-05
validation,2896,4.531537191648562e-05,2.941981308172142e-05,2.4014945116407595e-05
validation,2897,4.507181664063822e-05,3.114683837995155e-05,2.237249770930071e-05
validation,2898,4.5003164998263095e-05,3.0545327891502185e-05,2.3040982297226286e-05
validation,2899,5.2737156186126613e-05,4.1949820274265485e-05,2.616022376827067e-05
validation,2900,5.75617269413564e-05,4.4438086124768535e-05,3.3238525605315737e-05
validation,2901,5.778718184481555e-05,4.560257297650312e-05,3.194633603575547e-05
validation,2902,5.353722141479955e-05,4.18106196485174e-05,2.5923782147922352e-05
validation,2903,5.123925669284341e-05,3.971376726262572e-05,2.921987219878694e-05
validation,2904,5.250252524882295e-05,3.8780867030104164e-05,2.9516434759642126e-05
validation,2905,5.5974990807503395e-05,4.781168876726693e-05,3.051757879690482e-05
validation,2906,5.1203487139432184e-05,3.8257364742345366e-05,3.0650409341542216e-05
validation,2907,5.1764085975091095e-05,3.822507437068782e-05,3.046865410404464e-05
validation,2908,4.567400627673672e-05,3.19488280432739e-05,2.120162209525908e-05
validation,2909,5.3617587802790076e-05,3.960130511802894e-05,2.8127654404573557e-05
validation,2910,5.67832038806597e-05,4.708763076265776e-05,3.080956177870636e-05
validation,2911,5.823404634001607e-05,4.2945594704022074e-05,3.433978360976744e-05
validation,2912,4.561734940677453e-05,3.226364863190505e-05,2.099796876083407e-05
validation,2913,5.677135769434047e-05,4.33133590087568e-05,3.4834523882142195e-05
validation,2914,5.777604898761002e-05,4.3964843604958365e-05,3.3632102224489635e-05
validation,2915,5.753190429342606e-05,4.5781769182701976e-05,3.18760341450479e-05
validation,2916,5.557829673052993e-05,4.086641271636987e-05,2.570727863166967e-05
validation,2917,5.629366034437654e-05,4.4464420914381786e-05,3.3779593515526165e-05
validation,2918,4.4426566831884637e-05,3.445761489753986e-05,1.9315284652817282e-05
validation,2919,5.342120336923478e-05,3.8949165065138454e-05,2.89817737895329e-05
validation,2920,5.581607328412888e-05,4.425221761252356e-05,3.420880228642124e-05
validation,2921,4.603857774692208e-05,2.9792570455849806e-05,2.3314971981109223e-05
validation,2922,5.123221101963171e-05,3.893367714541632e-05,2.995476798115536e-05
validation,2923,5.108568963805069e-05,4.404522640229969e-05,2.474469322638338e-05
validation,2924,4.650936152070757e-05,3.2220232284725397e-05,2.0620487864763317e-05
validation,2925,5.649285234589138e-05,4.8076688497542695e-05,3.002308228555461e-05
validation,2926,5.0347516889320074e-05,4.267456031049216e-05,2.6630914017236258e-05
validation,2927,5.113251865156518e-05,4.059805397484729e-05,2.8287336240876303e-05
validation,2928,5.155606293887064e-05,3.833871614561953e-05,3.043272873974356e-05
validation,2929,5.250374440613463e-05,3.915509270829748e-05,2.9176375022579702e-05
validation,2930,5.246030070203649e-05,3.8703426019261384e-05,2.966428492466719e-05
validation,2931,5.596576549953244e-05,4.0794831176549404e-05,3.7602578694262476e-05
validation,2932,5.231932200733296e-05,3.8839941016760545e-05,2.9765375042204907e-05
validation,2933,4.4760120161658474e-05,3.311228906811025e-05,2.053664772000364e-05
validation,2934,5.1034033363012005e-05,4.0897302775281726e-05,2.805881746784862e-05
validation,2935,4.826115606282486e-05,2.9620433235371746e-05,2.231836572502883e-05
validation,2936,4.5526466320015796e-05,3.2823317158223845e-05,2.048241440181135e-05
validation,2937,5.675839963421561e-05,4.337523497762751e-05,3.4652123300173646e-05
validation,2938,5.4133897867929527e-05,3.7170323588712986e-05,3.0262852999750948e-05
validation,2939,4.6378302395866386e-05,3.0227719569416077e-05,2.2771366483635054e-05
validation,2940,5.2638018040075726e-05,3.775197788462001e-05,3.0518688130329894e-05
validation,2941,5.829844235801581e-05,4.666899430974728e-05,3.061604057264044e-05
validation,2942,4.791755913595601e-05,2.9752794078205123e-05,2.2510943166342257e-05
validation,2943,5.6653986379427736e-05,4.2397406163676715e-05,3.558591057494001e-05
validation,2944,5.191447737687231e-05,4.0405619535157e-05,2.8070015782434876e-05
validation,2945,5.215657676542441e-05,4.06681293283135e-05,2.7829965238907666e-05
validation,2946,5.207766672653246e-05,3.964304683857636e-05,2.886445999783316e-05
validation,2947,5.684546857845798e-05,4.356546121659443e-05,3.443369496620338e-05
validation,2948,4.506674212862323e-05,3.315123183785436e-05,2.0367154982520686e-05
validation,2949,4.4585023747814005e-05,3.251399988898893e-05,2.124962618242581e-05
validation,2950,5.231783294943765e-05,4.1371761762055135e-05,2.697712564309663e-05
validation,2951,4.553183331262162e-05,3.1147165426410904e-05,2.2173603724195005e-05
validation,2952,4.895079580982824e-05,4.0817908828372245e-05,2.9231338942159213e-05
validation,2953,5.0596155618665836e-05,4.0896639409991516e-05,2.8312941385931003e-05
validation,2954,5.610362012321052e-05,4.554790173508669e-05,3.2649714276857196e-05
validation,2955,5.155918524084871e-05,4.248445250621413e-05,2.6253101903490252e-05
validation,2956,5.0184866549674335e-05,4.040648306895447e-05,2.9041333491924894e-05
validation,2957,5.716995993607217e-05,4.948561671570079e-05,2.8100903129264667e-05
validation,2958,5.436598329726884e-05,4.1058606627625695e-05,2.63030621717449e-05
validation,2959,5.640689989424947e-05,4.696944531284683e-05,3.1008436145551924e-05
validation,2960,5.516679104911336e-05,3.736887854329003e-05,2.9387935685048663e-05
validation,2961,5.5030099035380204e-05,4.634482124820699e-05,3.2418005950369924e-05
validation,2962,5.373608357038195e-05,4.156255894587423e-05,2.5995281875216582e-05
validation,2963,5.057910483450544e-05,4.030704698568275e-05,2.888897239018509e-05
validation,2964,5.272613703260416e-05,4.0337924407135505e-05,2.7897320066038242e-05
validation,2965,4.7387609638035324e-05,2.845065633680913e-05,2.4104525506080835e-05
validation,2966,5.154465113928544e-05,4.3864535005392655e-05,2.4583306421041317e-05
validation,2967,5.729978415853457e-05,4.525589911118541e-05,3.254602460578929e-05
validation,2968,4.9779588328482746e-05,3.9518755804481605e-05,3.0059125964415373e-05
validation,2969,5.373546328841375e-05,3.964637019028674e-05,2.796561524621206e-05
validation,2970,4.7006210193137245e-05,2.880736798422932e-05,2.40712330077601e-05
validation,2971,4.6459288592404236e-05,3.207341796441931e-05,2.0810793479003273e-05
validation,2972,5.740246885198359e-05,4.7483208349253614e-05,3.0107481770973723e-05
validation,2973,4.57536657900365e-05,3.295283001994485e-05,2.015939062325371e-05
validation,2974,4.7802507752014154e-05,3.4206351277868966e-05,1.7751830654735506e-05
validation,2975,5.373220159874887e-05,3.926962251461918e-05,2.8344419398229292e-05
validation,2976,5.0683788940601375e-05,4.166799836896138e-05,2.743893643506157e-05
validation,2977,4.6420283311289785e-05,3.114645843495584e-05,2.1765562492874303e-05
validation,2978,5.364274010390085e-05,3.855903443670929e-05,2.9219874106145202e-05
validation,2979,4.4431440974101644e-05,2.8464329700742423e-05,2.5418773638701366e-05
validation,2980,4.791053099648541e-05,3.4241123026138084e-05,1.7812825446898403e-05
validation,2981,5.2999348745259435e-05,4.230984652472802e-05,2.5647814216008947e-05
validation,2982,5.131585696069956e-05,4.064876083271363e-05,2.8199086066067825e-05
validation,2983,5.2372219860955125e-05,3.644230089003375e-05,3.1880880855042125e-05
validation,2984,4.950798814828731e-05,2.827757348308612e-05,2.310925186671067e-05
validation,2985,5.186796833566957e-05,3.98906578602928e-05,2.860266895493125e-05
validation,2986,4.548886336613137e-05,3.110373967026654e-05,2.2257588763094136e-05
validation,2987,5.0241971745031964e-05,4.110141067391229e-05,2.8213030904196204e-05
validation,2988,5.786729660289308e-05,4.5731373661928317e-05,3.161194325570796e-05
validation,2989,5.100533543345636e-05,4.0849675573963445e-05,2.80548922259592e-05
validation,2990,5.067216118826151e-05,3.977484710415629e-05,2.9326544640141828e-05
validation,2991,5.078761640367839e-05,4.01594385275998e-05,2.885557977769263e-05
validation,2992,5.575905818422534e-05,4.528827222523798e-05,3.318516206397866e-05
validation,2993,5.31775251490595e-05,3.797338276761866e-05,3.004894781749191e-05
validation,2994,5.099857364691962e-05,4.035571668066516e-05,2.8745688953895094e-05
validation,2995,4.676794637182756e-05,3.20050715424597e-05,2.0746039344043795e-05
validation,2996,5.799227007067947e-05,4.503733506867932e-05,3.238084773557793e-05
validation,2997,5.243295155573925e-05,3.9091833988356757e-05,2.9284051890419512e-05
validation,2998,4.725576739184987e-05,3.068984034877214e-05,2.1873508444987453e-05
validation,2999,5.1048166799123724e-05,4.30874066803306e-05,2.5822408503318745e-05
validation,3000,5.3224544310196576e-05,3.934452619022677e-05,2.8629473758001128e-05
validation,3001,5.1089306853244296e-05,4.156042689419187e-05,2.7354283441111794e-05
validation,3002,5.1756953280999396e-05,4.186422042351305e-05,2.6612818209916946e-05
validation,3003,4.8814254133995834e-05,3.9372325843499753e-05,3.067786499723247e-05
validation,3004,5.7642017234349e-05,4.5635365709661575e-05,3.194824010722335e-05
validation,3005,5.333936607297369e-05,4.078987257644252e-05,2.696555452692632e-05
validation,3006,5.303969619766282e-05,4.184047214879349e-05,2.5969886087176745e-05
validation,3007,4.5821513387080224e-05,3.232956406804115e-05,2.08411929430591e-05
validation,3008,5.19289498905583e-05,4.07891294391755e-05,2.7877306611853346e-05
validation,3009,5.312915375274238e-05,3.7451607544159815e-05,3.066512414605766e-05
validation,3010,5.29506268302828e-05,3.9863075939071086e-05,2.8135987669215047e-05
validation,3011,5.663353977300369e-05,4.827314513395748e-05,2.9449241469836838e-05
validation,3012,5.116424006416765e-05,3.9454442669273144e-05,2.9468409409041194e-05
validation,3013,5.3683418575535954e-05,3.855043414354345e-05,2.925841942516403e-05
validation,3014,5.0571282309182596e-05,4.109825436927375e-05,2.8091203267024326e-05
validation,3015,5.4167918088927024e-05,3.719498932426659e-05,3.0387796792017263e-05
validation,3016,5.633943485938299e-05,4.612518787761441e-05,3.188135183408793e-05
validation,3017,4.547117812713764e-05,3.328491027499928e-05,2.003749091019163e-05
validation,3018,5.668302310787404e-05,4.227698994611253e-05,3.5918318861352155e-05
validation,3019,5.6390738489363466e-05,4.386686637160989e-05,3.435363775060371e-05
validation,3020,5.635215094707047e-05,4.437545649135361e-05,3.3803695726874225e-05
validation,3021,5.9584331457976975e-05,4.4256519325305976e-05,3.219990840363957e-05
validation,3022,4.571627823751802e-05,3.107094666973295e-05,2.2108658694799174e-05
validation,3023,5.254998644259327e-05,4.031523354804364e-05,2.773299762934882e-05
validation,3024,5.546893426924105e-05,4.753221572922572e-05,3.095669207875534e-05
validation,3025,5.1869237723832245e-05,4.1813288064036574e-05,2.6785076103661908e-05
validation,3026,5.4844108897541245e-05,4.617238259787786e-05,3.2703222575829365e-05
validation,3027,5.12416504097853e-05,4.16846049670116e-05,2.7142090026241028e-05
validation,3028,5.298721830549902e-05,4.381536509945011e-05,2.3968786780074927e-05
validation,3029,4.939142235666861e-05,4.131713485167321e-05,2.83798368808995e-05
validation,3030,5.6921775357282284e-05,4.324100638631746e-05,3.4718045302499906e-05
validation,3031,4.579957289707002e-05,3.0931827502525425e-05,2.2262476302358816e-05
validation,3032,5.368012622349934e-05,4.668929161945214e-05,3.266741069037698e-05
validation,3033,5.362151204137073e-05,3.9052342050526424e-05,2.8772231131660955e-05
validation,3034,5.282801884048954e-05,3.738796038248608e-05,3.082323619767238e-05
validation,3035,5.2538094126856724e-05,4.325177328707505e-05,2.4925001550573647e-05
validation,3036,5.7036203678576095e-05,4.356729445848141e-05,3.4440582497971714e-05
validation,3037,5.683003850529589e-05,4.5231432175357236e-05,3.2720676780470667e-05
validation,3038,4.418681826184774e-05,3.201496239122855e-05,2.2007888984021364e-05
validation,3039,5.303079513943023e-05,4.2063140130571243e-05,2.6004481666392e-05
validation,3040,5.1613773339783584e-05,3.7548802370550894e-05,3.1213006672672554e-05
validation,3041,4.649250565507949e-05,3.2224307196881894e-05,2.06954605907954e-05
validation,3042,5.281662368571639e-05,3.966203218520224e-05,2.829124356526185e-05
validation,3043,4.573925420938088e-05,3.0430215268232864e-05,2.2790508546170026e-05
validation,3044,4.46725921203281e-05,3.2008004778611544e-05,2.165817513509218e-05
validation,3045,5.1803690025838075e-05,3.970368295932571e-05,2.894410886118015e-05
validation,3046,5.235900469473797e-05,4.049713387585834e-05,2.7897179072397357e-05
validation,3047,5.471621650488429e-05,4.7152825872281714e-05,3.177069021859058e-05
validation,3048,5.306094135712954e-05,4.453213920590777e-05,2.3217069686398157e-05
validation,3049,4.632074019043791e-05,3.3101953409928006e-05,1.9773079823979507e-05
validation,3050,5.7295528610779484e-05,4.845619302791982e-05,2.9180242251442134e-05
validation,3051,5.2542822856508e-05,4.366889199455564e-05,2.4453050755418875e-05
validation,3052,5.097827186920931e-05,4.014280616503793e-05,2.887756796864599e-05
validation,3053,5.5825202355833636e-05,4.619338186651413e-05,3.2240884182857745e-05
validation,3054,4.629675325060178e-05,3.075742793300412e-05,2.218766759398733e-05
validation,3055,5.582381502384465e-05,4.1223792545068556e-05,2.5184744546606993e-05
validation,3056,5.296318303050218e-05,3.9201322723749464e-05,2.893316489849066e-05
validation,3057,5.6726092522211056e-05,4.4929488934303224e-05,3.309410403628956e-05
validation,3058,5.0467155498164675e-05,3.9026924990918274e-05,3.032606869857184e-05
validation,3059,4.782806374847683e-05,3.083396042965201e-05,2.1385764164463697e-05
validation,3060,5.2929752363044736e-05,4.145241815798706e-05,2.663750066982974e-05
validation,3061,4.6906332427477724e-05,3.0011374984451796e-05,2.2554057500403986e-05
validation,3062,5.294436731881913e-05,3.83944421927073e-05,2.9936861178058473e-05
validation,3063,5.2781951932597806e-05,4.311412869966849e-05,2.4785003299528244e-05
validation,3064,5.23223386361626e-05,4.0853286595725196e-05,2.7502511472937122e-05
validation,3065,5.0845853045963144e-05,4.240184300312781e-05,2.6718612645565976e-05
validation,3066,5.4085492257313756e-05,3.873088714433867e-05,2.8655221321785733e-05
validation,3067,5.3052146545920526e-05,4.293193021101097e-05,2.494583504449814e-05
validation,3068,5.900095859688861e-05,4.2985464198788616e-05,3.3801793769468636e-05
validation,3069,5.661744387010613e-05,4.54271588766655e-05,3.249402711595112e-05
validation,3070,5.1667961303168414e-05,3.913089669748873e-05,2.9808049024316053e-05
validation,3071,5.6437830223564533e-05,4.358280288840007e-05,3.461779810961332e-05
validation,3072,5.2537318132229275e-05,3.874266527867778e-05,2.968453883763534e-05
validation,3073,5.615160908358395e-05,4.725499303737149e-05,3.101150297227735e-05
validation,3074,5.406069899077602e-05,4.1332208580604465e-05,2.6249507126721346e-05
validation,3075,4.4485608392058864e-05,3.260256028931211e-05,2.1086220308862968e-05
validation,3076,5.246609126353938e-05,4.1841000136111264e-05,2.622193370845839e-05
validation,3077,5.754849407806697e-05,5.0713428502837536e-05,2.6539118317802666e-05
validation,3078,4.556941610204837e-05,3.3655967647666464e-05,1.963881409769658e-05
validation,3079,5.212709633747263e-05,3.810281345469007e-05,3.0424657537938346e-05
validation,3080,5.2219633030842226e-05,4.1249186248515286e-05,2.7128108284561265e-05
validation,3081,5.327725702753988e-05,4.2578488306750196e-05,2.5289320712124885e-05
validation,3082,5.443083258142865e-05,4.708648500600874e-05,3.185506573862286e-05
validation,3083,5.1888016558906646e-05,4.101811484120224e-05,2.760324070876885e-05
validation,3084,4.588512397118651e-05,3.06084300561304e-05,2.2484405647751446e-05
validation,3085,5.3539849739952024e-05,4.074479997334962e-05,2.71198942709444e-05
validation,3086,5.5827032246746485e-05,4.613051496041753e-05,3.2318130434965296e-05
validation,3087,4.4466389728778645e-05,3.214631450933514e-05,2.16616385525349e-05
validation,3088,5.402667236222886e-05,3.898623008858677e-05,2.851744262796672e-05
validation,3089,4.698469559186835e-05,2.961105753304757e-05,2.3104900093850423e-05
validation,3090,5.435950547871026e-05,4.302343030814167e-05,2.432775238618557e-05
validation,3091,5.318989123065235e-05,3.8002066992003544e-05,3.0063681593740175e-05
validation,3092,5.5463526614465665e-05,4.546847507433078e-05,3.3141056684837434e-05
validation,3093,5.892338528861708e-05,4.5960237056529775e-05,3.089468185164456e-05
validation,3094,5.290338574746446e-05,4.0779077105289246e-05,2.719065879323271e-05
validation,3095,4.627921744360335e-05,3.313975175455275e-05,1.9735975070609863e-05
validation,3096,5.529326661338599e-05,3.6647874047170405e-05,3.0307084657760775e-05
validation,3097,5.5984782896643495e-05,4.1502730321871924e-05,3.69218666352793e-05
validation,3098,5.6660902172068106e-05,4.5438637282690934e-05,3.258845083340441e-05
validation,3099,5.282477416039182e-05,3.801300757397901e-05,3.0183710385512437e-05
validation,3100,4.468873072312329e-05,3.1433926690003666e-05,2.225692251836199e-05
validation,3101,5.448759970903694e-05,3.96965843355608e-05,2.7578071452626787e-05
validation,3102,5.208075837028038e-05,4.0123993898546054e-05,2.8345261096421834e-05
validation,3103,5.261680277766269e-05,3.826311345273696e-05,3.0071583686136598e-05
validation,3104,5.1987100132499035e-05,4.057412013266364e-05,2.7859243976481127e-05
validation,3105,4.718221692422073e-05,3.148829981861762e-05,2.1086764402657418e-05
validation,3106,5.745022200651281e-05,4.543993235286012e-05,3.2141265417127325e-05
validation,3107,4.5605825106545264e-05,3.058080848590536e-05,2.2713085572659402e-05
validation,3108,5.651937973825929e-05,4.568087626186193e-05,3.2424736434351434e-05
validation,3109,5.1267220199342954e-05,3.80003062192467e-05,3.089522131943964e-05
validation,3110,5.237951627500039e-05,4.112836686325664e-05,2.705034690293294e-05
validation,3111,4.883508017503671e-05,2.6830010063010435e-05,2.5047277740464097e-05
validation,3112,5.351218079528998e-05,4.1843870941107576e-05,2.581242632166338e-05
validation,3113,5.322296534582798e-05,3.8369507509204764e-05,2.9685806355731906e-05
validation,3114,5.3534121993453065e-05,4.179441801097836e-05,2.5852660598982077e-05
validation,3115,5.154050113460554e-05,3.877934297872505e-05,2.9962897681465825e-05
validation,3116,4.40276055628022e-05,3.107819321766177e-05,2.2919473339057828e-05
validation,3117,5.571702378572146e-05,4.2057607518355406e-05,3.657208028340371e-05
validation,3118,4.6818700805821724e-05,2.6778268756713468e-05,2.6044716557286414e-05
validation,3119,5.3906428761292416e-05,4.0400579141533774e-05,2.730532727444043e-05
validation,3120,5.4621570965984085e-05,3.90585696130819e-05,2.8219897280362057e-05
validation,3121,5.529578221061239e-05,4.567952311205539e-05,3.303191354961066e-05
validation,3122,5.191978947514207e-05,3.9479611229881785e-05,2.9268707013762807e-05
validation,3123,4.4401754709695635e-05,3.144492982893035e-05,2.2419624291686394e-05
validation,3124,5.1439117164034185e-05,4.081584048769983e-05,2.7853684139931405e-05
validation,3125,4.4986294945031044e-05,3.151332485540905e-05,2.2254580797706753e-05
validation,3126,4.505598053107378e-05,3.2808452241700314e-05,2.074160093361037e-05
validation,3127,5.222406563686215e-05,4.214117009495977e-05,2.6258006837977702e-05
validation,3128,5.7438186272137635e-05,4.393055893844289e-05,3.3701288791951725e-05
validation,3129,4.658919657864661e-05,3.052770203789847e-05,2.2337693490829937e-05
validation,3130,4.595770773621772e-05,2.9022799908158365e-05,2.418271003301749e-05
validation,3131,5.1155268754868384e-05,3.705204527453515e-05,3.2078452252101735e-05
validation,3132,5.7253200969472105e-05,4.402650092297516e-05,3.3804735575421764e-05
validation,3133,5.33891757413214e-05,4.008484862126507e-05,2.7842874817527127e-05
validation,3134,4.6538165165397114e-05,3.0235013434690763e-05,2.2645307609770922e-05
validation,3135,5.635229167100795e-05,4.6208866979522545e-05,3.2003059144000236e-05
validation,3136,4.615326059775837e-05,2.9544905190289447e-05,2.3587098470573038e-05
validation,3137,5.05940376273051e-05,4.486928301087504e-05,2.4072576438926796e-05
validation,3138,5.683657618115133e-05,4.5511637684080486e-05,3.250262889396684e-05
validation,3139,5.135084061220177e-05,3.8054988814630794e-05,3.0824182345865134e-05
validation,3140,5.237960713557263e-05,3.879232104085672e-05,2.970088615850084e-05
validation,3141,4.7367111871461526e-05,3.217007720261248e-05,2.0144515730414265e-05
validation,3142,5.611509879589164e-05,4.730302112029396e-05,3.0885159432462336e-05
validation,3143,5.239462810984511e-05,3.759197590618702e-05,3.0802904876958656e-05
validation,3144,4.4004163880636235e-05,3.264336639050926e-05,2.1381568509985803e-05
validation,3145,4.646513266951102e-05,3.379047949988398e-05,1.8917893356811397e-05
validation,3146,4.40498043884673e-05,3.256616587026004e-05,2.1416879816116794e-05
validation,3147,5.365778580078932e-05,4.189017651909414e-05,2.5776597508799774e-05
validation,3148,5.334398387459665e-05,3.836686928475467e-05,2.951125670500577e-05
validation,3149,4.6290024645146986e-05,3.4022050459394015e-05,1.8837157803413375e-05
validation,3150,4.7179692809162514e-05,3.483920199778695e-05,1.7542352469155732e-05
validation,3151,4.670613791897633e-05,3.3380083803057154e-05,1.9396814408114645e-05
validation,3152,4.6658076031981126e-05,3.055577569298042e-05,2.2255161471362895e-05
validation,3153,5.064412715034126e-05,4.104918325372924e-05,2.8080632266669876e-05
validation,3154,5.624940593920911e-05,4.730096250777191e-05,3.102831330497694e-05
validation,3155,4.621425416359989e-05,2.7880261422816985e-05,2.5349904563140728e-05
validation,3156,5.2952437584464e-05,4.049206155805314e-05,2.7629716962582744e-05
validation,3157,5.751253588759622e-05,4.56009235636851e-05,3.208024318875778e-05
validation,3158,4.557089976680827e-05,3.2548362061746416e-05,2.055353793732318e-05
validation,3159,5.517784358432633e-05,4.3908062035291414e-05,3.483761999240499e-05
validation,3160,4.9761903517158294e-05,3.983205509468106e-05,2.9741011209743825e-05
validation,3161,5.559858618949966e-05,4.084447085852185e-05,2.5971875048789693e-05
validation,3162,5.2134775621979396e-05,3.8054530954637534e-05,3.0364538598990222e-05
validation,3163,4.611091116809702e-05,3.181068624179116e-05,2.1233093025124426e-05
validation,3164,4.811506590468099e-05,2.9217262208276987e-05,2.294950207584361e-05
validation,3165,5.376190780626404e-05,3.985913878797742e-05,2.784671720350658e-05
validation,3166,5.41722554125751e-05,3.9033170455083585e-05,2.8498794029040653e-05
validation,3167,5.2702906256568404e-05,4.0360945529154084e-05,2.7623470078829964e-05
validation,3168,4.770259376356577e-05,3.5869477745914774e-05,1.5991657109486788e-05
validation,3169,5.13256621626167e-05,4.2417768998289096e-05,2.6395739847381968e-05
validation,3170,5.210620887643696e-05,4.0201896052304645e-05,2.8321373127145936e-05
validation,3171,5.070975119550343e-05,4.308116826686185e-05,2.5893998618357278e-05
validation,3172,5.059533301889685e-05,4.1361169978807836e-05,2.7960915870042458e-05
validation,3173,5.1674499043530424e-05,3.754318932140746e-05,3.120675063856393e-05
validation,3174,5.3230475040587565e-05,4.094570355701857e-05,2.6822616874753937e-05
validation,3175,5.735563266088418e-05,4.653292847642354e-05,3.0950264181365335e-05
validation,3176,4.476312482837491e-05,3.077937552047514e-05,2.315517448100944e-05
validation,3177,5.6532201962553134e-05,4.40253631130128e-05,3.411902860658323e-05
validation,3178,5.7167801672648306e-05,4.5538147521203976e-05,3.229461397803343e-05
validation,3179,4.813700694681751e-05,3.181600503905852e-05,2.0180764588363034e-05
validation,3180,5.232611485953397e-05,3.784191249017627e-05,3.056939112570237e-05
validation,3181,5.156801019094863e-05,3.800492651894938e-05,3.078389924236415e-05
validation,3182,5.1136483037697324e-05,4.101240492319708e-05,2.802093342846942e-05
validation,3183,5.505240221995419e-05,4.5848901844018835e-05,3.2910917680242616e-05
validation,3184,5.237767882440582e-05,3.96057568204442e-05,2.874543761957102e-05
validation,3185,5.3157775574321684e-05,4.144962158773727e-05,2.644927083970665e-05
validation,3186,5.5807725343058006e-05,4.733814809077249e-05,3.106870603283856e-05
validation,3187,5.517939175591333e-05,4.6461456050678776e-05,3.228176166289158e-05
validation,3188,5.3828560182512444e-05,3.771093352469711e-05,3.002008355934398e-05
validation,3189,5.333243972547548e-05,4.05103438044603e-05,2.7325345358254957e-05
validation,3190,5.728965607006239e-05,4.542090523268003e-05,3.236165107636593e-05
validation,3191,5.5256511367080944e-05,4.706979549457717e-05,3.1587510683716426e-05
validation,3192,5.6382890867048124e-05,4.533833295339158e-05,3.28698780210184e-05
validation,3193,5.2861767566767586e-05,4.3336928154291766e-05,2.439736142236763e-05
validation,3194,5.42620691524244e-05,4.6057712651299467e-05,3.3154177343333386e-05
validation,3195,5.0911674776963466e-05,4.0756457540459e-05,2.826137262604079e-05
validation,3196,5.5358052945396285e-05,4.450437527113457e-05,3.4160193395379e-05
validation,3197,4.7821137753122855e-05,3.1110288435982996e-05,2.116961687242933e-05
validation,3198,4.62690775310926e-05,2.8525269023641074e-05,2.4622198263240947e-05
validation,3199,5.534141197199359e-05,4.281963699503454e-05,2.3902250304944343e-05
validation,3200,5.3042675960068435e-05,3.884459830054346e-05,2.9262835781369316e-05
validation,3201,5.131294554219455e-05,3.843776276670169e-05,3.042187759349657e-05
validation,3202,5.201091853371843e-05,3.975345509510635e-05,2.8785407794996237e-05
validation,3203,4.9638843077152905e-05,4.029187957373e-05,2.9303666936069272e-05
validation,3204,5.5339534004264906e-05,4.5529774068147766e-05,3.301653996656343e-05
validation,3205,4.731564660976268e-05,3.128727550936817e-05,2.1217085238144502e-05
validation,3206,5.379600538892477e-05,3.998150163028187e-05,2.7765176756233957e-05
validation,3207,5.2480879208380835e-05,4.271247642089633e-05,2.5331013393909146e-05
validation,3208,5.38227664300219e-05,4.160245349336482e-05,2.588598946755024e-05
validation,3209,5.309242559435809e-05,4.233570244539705e-05,2.5671191080706432e-05
validation,3210,4.4671703156160535e-05,3.2831292955814444e-05,2.0867188977268897e-05
validation,3211,5.3554116094154014e-05,3.772573981676759e-05,3.0140228803790716e-05
validation,3212,4.6767781202059626e-05,3.351244036884696e-05,1.9149593460036382e-05
validation,3213,5.1789866246433107e-05,4.082076179677399e-05,2.8002214334778726e-05
validation,3214,5.111850135089028e-05,3.9161234460763535e-05,2.9827648406899795e-05
validation,3215,5.8670996429115656e-05,3.83523649178659e-05,3.893532134733177e-05
validation,3216,5.0677727661762994e-05,3.783959258999163e-05,3.14357214814743e-05
validation,3217,5.4485035913567446e-05,3.6531706782528174e-05,3.0854294592935346e-05
validation,3218,5.307457968463275e-05,4.147953053883421e-05,2.6540954793397367e-05
validation,3219,5.658403979835614e-05,4.641139854109357e-05,3.166623553514146e-05
validation,3220,5.194565340129884e-05,4.004708112432284e-05,2.846395427511551e-05
validation,3221,5.2709328311220576e-05,4.08362289243562e-05,2.7247487325006566e-05
validation,3222,5.571961487629412e-05,4.7162750577816256e-05,3.128675903021622e-05
validation,3223,5.023434903511934e-05,4.054240541017787e-05,2.87714406615066e-05
validation,3224,5.484538821145914e-05,3.802842163046647e-05,2.926531897750184e-05
validation,3225,4.866441004941546e-05,3.21832734775576e-05,1.955968992378603e-05
validation,3226,5.28758192068307e-05,3.986624729865243e-05,2.820543175566635e-05
validation,3227,5.3023713652084134e-05,3.786893925500146e-05,3.0170283155076352e-05
validation,3228,5.324882383450544e-05,3.9062004317806746e-05,2.8953523101445524e-05
validation,3229,5.2345618376486445e-05,4.038851474084938e-05,2.7896764723420735e-05
validation,3230,5.5026579875450085e-05,4.725289814565317e-05,3.1604807125685864e-05
validation,3231,5.1444707917686023e-05,3.837894462769001e-05,3.046089187835695e-05
validation,3232,5.1352003037956245e-05,4.124640657169396e-05,2.749475540513976e-05
validation,3233,5.207796663707509e-05,3.875545807352293e-05,2.9784541004029296e-05
validation,3234,5.3145825553432216e-05,4.0279280361500785e-05,2.77434695932064e-05
validation,3235,5.094004702825111e-05,4.0652443869843634e-05,2.8363537046149785e-05
validation,3236,4.984432253376621e-05,3.804386579700457e-05,3.1630771027915796e-05
validation,3237,5.508518021332982e-05,4.4798584175800914e-05,3.3946377786689915e-05
validation,3238,5.279977114884253e-05,4.148623394348742e-05,2.6655083135100158e-05
validation,3239,5.0802019038255184e-05,3.933558453312154e-05,2.9860690903993988e-05
validation,3240,4.508797743336414e-05,3.011736522482203e-05,2.3508849567065754e-05
validation,3241,4.596904533522528e-05,2.9594459961950308e-05,2.353636730637701e-05
validation,3242,5.083787661165327e-05,3.996544623366717e-05,2.914865786766689e-05
validation,3243,5.75674143466286e-05,4.597598009928503e-05,3.149784676240542e-05
validation,3244,5.161136853011893e-05,3.970422199322614e-05,2.9060970344693742e-05
validation,3245,5.243143209562561e-05,4.005982071621195e-05,2.8475457050615634e-05
validation,3246,5.153614239921587e-05,3.999640867259595e-05,2.8763368501809236e-05
validation,3247,5.4490059734997935e-05,4.455714004565968e-05,3.4593229452250507e-05
validation,3248,5.0903602706890306e-05,4.130243612717386e-05,2.7896843483269184e-05
validation,3249,4.617202048584912e-05,3.0697529358537244e-05,2.2353512383349627e-05
validation,3250,5.675657804941112e-05,4.434441276771614e-05,3.369594040040706e-05
validation,3251,5.27189679103231e-05,4.0011840137903847e-05,2.816195097344735e-05
validation,3252,5.40454066637884e-05,4.5652150390924976e-05,3.35855580356464e-05
validation,3253,4.4686584260901065e-05,2.9419540675761657e-05,2.4488052279936616e-05
validation,3254,5.349860436249008e-05,3.73866343832786e-05,3.053815625579907e-05
validation,3255,5.702696185942065e-05,4.5343302562010564e-05,3.2449393105687976e-05
validation,3256,5.401041754511062e-05,4.044082451049765e-05,2.6929801199964367e-05
validation,3257,5.584039611422343e-05,4.446799056982725e-05,3.399956378264072e-05
validation,3258,5.097461480186599e-05,4.136213082005023e-05,2.764809041599494e-05
validation,3259,5.237565347223564e-05,4.198479012011593e-05,2.625818841813637e-05
validation,3260,4.827582204289184e-05,3.12235027033315e-05,2.0794955113733584e-05
validation,3261,4.416832623455746e-05,3.301380389004171e-05,2.0919598947967196e-05
validation,3262,5.321482238686781e-05,3.9463637911098576e-05,2.855872439843858e-05
validation,3263,5.293120351694063e-05,3.899806830339875e-05,2.9131956305948627e-05
validation,3264,4.5486777063251016e-05,3.250130191326882e-05,2.085593926481562e-05
validation,3265,5.377895005437866e-05,4.575260265216678e-05,3.36160583599165e-05
validation,3266,4.5820520547433824e-05,3.211144692941852e-05,2.108222396736787e-05
validation,3267,4.60218091570606e-05,3.2127499463234076e-05,2.0910187485347564e-05
validation,3268,4.603685196895747e-05,2.8533162175008407e-05,2.4642838585906552e-05
validation,3269,4.6985252129372717e-05,3.0335635883371613e-05,2.2362268025299102e-05
validation,3270,4.608256390871875e-05,3.201175559831777e-05,2.1078861327938417e-05
validation,3271,5.2170905824942165e-05,3.8808065991543934e-05,2.970523416766948e-05
validation,3272,5.538751705467723e-05,3.638896809080833e-05,3.0503080897921767e-05
validation,3273,5.836049708850881e-05,4.207900268349662e-05,3.5182164907822074e-05
validation,3274,5.2052363010005636e-05,4.052288489042904e-05,2.7979478066253587e-05
validation,3275,4.533964947556985e-05,3.10177391915702e-05,2.2377459695277605e-05
validation,3276,5.6721689507257796e-05,4.554308434793049e-05,3.246582289489779e-05
validation,3277,4.490022730933178e-05,3.0504844820525343e-05,2.3102717636681312e-05
validation,3278,4.719501214967972e-05,3.579888938535218e-05,1.6456342560891382e-05
validation,3279,5.277154795583299e-05,4.1062970201914915e-05,2.7012219325222915e-05
validation,3280,5.196602648155719e-05,3.9831589960567255e-05,2.8713253239477952e-05
validation,3281,4.740995809057131e-05,3.2033370003838694e-05,2.0180994127267773e-05
validation,3282,5.194902910908492e-05,4.201206204176517e-05,2.6555576298881208e-05
validation,3283,5.83426775972212e-05,4.4995278409649385e-05,3.222553716598568e-05
validation,3284,5.6321787272137325e-05,4.74438122689773e-05,3.0752266235070414e-05
validation,3285,5.1769703701143016e-05,3.928244615670641e-05,2.955290804347336e-05
validation,3286,5.230342773845809e-05,4.033350653034959e-05,2.8072249637471005e-05
validation,3287,4.510378021791432e-05,3.3451496120173076e-05,2.0049551956642695e-05
validation,3288,5.531800088534259e-05,4.693762672570822e-05,3.168236005665409e-05
validation,3289,5.173669008859156e-05,4.016446155088412e-05,2.853992573226812e-05
validation,3290,4.869965477159786e-05,3.155636194793072e-05,1.993719028089701e-05
validation,3291,5.4061851471030066e-05,4.014216489355411e-05,2.7148700890945984e-05
validation,3292,4.683921808123897e-05,3.1315782838500086e-05,2.1350303660658234e-05
validation,3293,5.452233682008976e-05,3.871799887148143e-05,2.861819869838753e-05
validation,3294,5.7589456762337616e-05,4.656316680021381e-05,3.096012745485642e-05
validation,3295,5.0342622025335956e-05,4.178391872164518e-05,2.750495799421847e-05
validation,3296,5.1031119945578196e-05,3.748359411062346e-05,3.165628094557201e-05
validation,3297,4.4903190911779414e-05,3.184626571921165e-05,2.1765229905163174e-05
validation,3298,5.034360244297151e-05,3.811709927444883e-05,3.120127299502972e-05
validation,3299,4.648459760284058e-05,3.434305067305617e-05,1.8475908795586266e-05
validation,3300,5.069163985947673e-05,3.9973220727437276e-05,2.9202458820180026e-05
validation,3301,5.625023799425193e-05,4.837632527040925e-05,2.9826891628113297e-05
validation,3302,4.536069604765748e-05,3.124762578661247e-05,2.2177593971754934e-05
validation,3303,4.416718419989313e-05,3.1665573496784156e-05,2.2297193495114984e-05
validation,3304,4.5748922375627364e-05,3.334134260142216e-05,1.994595387498017e-05
validation,3305,5.547746464659252e-05,4.738556750546108e-05,3.09178314803548e-05
validation,3306,5.649885905966274e-05,4.604447412605272e-05,3.210488821827402e-05
validation,3307,5.304973295232082e-05,3.898790083630825e-05,2.9098143908918217e-05
validation,3308,5.5882790454496784e-05,4.751018898335881e-05,3.087357433652045e-05
validation,3309,5.223325711781705e-05,4.204839908806457e-05,2.6278649198738975e-05
validation,3310,4.719609146566147e-05,3.139132607093182e-05,2.1145719188677e-05
validation,3311,4.5707253997205783e-05,3.085864459376254e-05,2.2421895513653643e-05
validation,3312,4.515111035475335e-05,3.288346758708631e-05,2.0584064610210277e-05
validation,3313,5.2106228876777264e-05,4.096623204269933e-05,2.7503594227661242e-05
validation,3314,5.6729143042824986e-05,4.78569009037624e-05,2.988241087190795e-05
validation,3315,5.578936131035857e-05,4.37608130273665e-05,3.4758987969532426e-05
validation,3316,4.642850172080538e-05,2.820624636273994e-05,2.4845584740738052e-05
validation,3317,5.2558768467531776e-05,3.808553967991679e-05,3.0253450935678744e-05
validation,3318,5.5142267942213035e-05,4.3955658628848924e-05,3.478674353987648e-05
validation,3319,5.100249597518688e-05,4.156897715328385e-05,2.733049621574341e-05
validation,3320,5.304722638606377e-05,3.8256830048988955e-05,2.9852787509725794e-05
validation,3321,5.23878254142959e-05,3.6416230015718845e-05,3.1922161141304094e-05
validation,3322,4.698269602419442e-05,3.415151618218741e-05,1.848090401417733e-05
validation,3323,5.165024911452868e-05,3.7767280643517986e-05,3.090390657999892e-05
validation,3324,4.7096678268002396e-05,2.993617361244122e-05,2.272863884461148e-05
validation,3325,4.692537998477361e-05,3.133851035455229e-05,2.1380882684617667e-05
validation,3326,4.668452517550355e-05,3.309946695468585e-05,1.944285715388034e-05
validation,3327,5.472345520755133e-05,4.6120438891649686e-05,3.2789124392135055e-05
validation,3328,5.145121926117966e-05,3.9161837540001e-05,2.956010130143083e-05
validation,3329,4.5788541033872274e-05,3.190819250906781e-05,2.128101537482584e-05
validation,3330,5.564742961597568e-05,4.5438304053657856e-05,3.306612475605609e-05
validation,3331,5.095843277640305e-05,3.7512346066296926e-05,3.155375305613141e-05
validation,3332,5.0989893524731475e-05,4.012675205870186e-05,2.8876692187258336e-05
validation,3333,5.728397501729716e-05,4.548821202418684e-05,3.230339083452984e-05
validation,3334,5.684461658383888e-05,4.696699606809961e-05,3.096247816609752e-05
validation,3335,4.479553844857033e-05,3.340395912475331e-05,2.004907000193795e-05
validation,3336,5.416021395666413e-05,3.847574189557336e-05,2.911073381748092e-05
validation,3337,5.230939783329966e-05,3.695401892971779e-05,3.171334324600383e-05
validation,3338,5.789314207502047e-05,3.9706692846369275e-05,3.790028277567565e-05
validation,3339,5.3120017520049525e-05,3.95740389159942e-05,2.8291823219415024e-05
validation,3340,5.231119181611491e-05,4.1849282115809275e-05,2.6525651712757173e-05
validation,3341,5.326680915973226e-05,4.122559419388242e-05,2.673176193273866e-05
validation,3342,4.629746018523684e-05,3.3221556247270656e-05,1.9615546111919606e-05
validation,3343,5.129059856587616e-05,4.081757610267534e-05,2.8082822687004983e-05
validation,3344,5.076458044690749e-05,4.111424296633214e-05,2.7954654539249942e-05
validation,3345,5.7720477338291055e-05,4.3695021862857005e-05,3.3935516703425034e-05
validation,3346,4.555152811982768e-05,2.8067642109103793e-05,2.5369362214467472e-05
validation,3347,5.2696996666299e-05,3.7902808406983035e-05,3.0382363995295285e-05
validation,3348,4.796769738630306e-05,2.9952921607014937e-05,2.227157720513434e-05
validation,3349,5.0305501527989034e-05,4.06526749014083e-05,2.8649246278860596e-05
validation,3350,4.582970610302157e-05,3.358506064130052e-05,1.9536401348793003e-05
validation,3351,5.296527958992459e-05,3.804979499191161e-05,3.0193245016431803e-05
validation,3352,5.227460784947239e-05,4.16219722030092e-05,2.6794328021041093e-05
validation,3353,5.4874155453655614e-05,4.3347524768539966e-05,3.567913743941362e-05
validation,3354,5.4271389925956686e-05,4.320655036639008e-05,2.4010077118936625e-05
validation,3355,5.3391662747188405e-05,4.226672106789485e-05,2.5381562665909555e-05
validation,3356,5.176618920860736e-05,3.7600534096437195e-05,3.118231305864436e-05
validation,3357,4.574705523162488e-05,3.417388542442763e-05,1.8924730273872576e-05
validation,3358,5.258607207158788e-05,3.9955857063470954e-05,2.8410032446027643e-05
validation,3359,5.222544298441105e-05,3.8807902088196354e-05,2.9577817566925775e-05
validation,3360,5.065986104463526e-05,4.073237768051754e-05,2.842588641954413e-05
validation,3361,4.7548064856278774e-05,3.0272474519577837e-05,2.2150379402874006e-05
validation,3362,5.649196998087001e-05,4.514728191790656e-05,3.279446462718097e-05
validation,3363,5.019885063620087e-05,4.0239891741964605e-05,2.927453266767315e-05
validation,3364,4.469258408321247e-05,3.3166663279281116e-05,2.051054016912348e-05
validation,3365,5.0459165632921284e-05,4.2076429077583565e-05,2.7124773004221993e-05
validation,3366,5.495380749321267e-05,4.8595369095635665e-05,3.0074108958331568e-05
validation,3367,4.6184840941002994e-05,3.319064513432979e-05,1.973661257907371e-05
validation,3368,5.358387848165429e-05,4.012396682510063e-05,2.7696485676048468e-05
validation,3369,5.174330470679261e-05,3.8070957551320224e-05,3.0735444202630506e-05
validation,3370,4.578075873360065e-05,3.343297229935323e-05,1.974819529827256e-05
validation,3371,5.1319544925773085e-05,4.1260617486763945e-05,2.7365674043506906e-05
validation,3372,5.205128032307136e-05,3.631551586179307e-05,3.227466798085624e-05
validation,3373,5.0649716118279994e-05,4.101033663320165e-05,2.8095585663316778e-05
validation,3374,5.271892772709797e-05,4.039448368213047e-05,2.7826652804886124e-05
validation,3375,5.0758519540889616e-05,4.072774654095595e-05,2.8350256732832836e-05
validation,3376,5.2320529322260245e-05,3.595585589789042e-05,3.250900773807753e-05
validation,3377,5.2706832815293046e-05,3.7166984202072837e-05,3.119240811377384e-05
validation,3378,5.628721073949838e-05,4.539782741274787e-05,3.299788783078453e-05
validation,3379,5.7291023937228634e-05,4.6696897433735535e-05,3.082551944825648e-05
validation,3380,5.352824183302539e-05,4.28383000310657e-05,2.4783085229770242e-05
validation,3381,5.258021013089636e-05,3.737407974204093e-05,3.099705757593609e-05
validation,3382,5.336798364063125e-05,3.973173681321212e-05,2.8112377942114004e-05
validation,3383,4.543284303577935e-05,3.3090122380921196e-05,2.027169755254028e-05
validation,3384,5.3145563675762953e-05,4.238531981382253e-05,2.5513295471391523e-05
validation,3385,4.566667946890945e-05,3.390491841536632e-05,1.9291404626931108e-05
validation,3386,5.5620943586718214e-05,4.9618203954020134e-05,2.865729500125355e-05
validation,3387,5.802100172272122e-05,4.503324853741399e-05,3.215606253465481e-05
validation,3388,5.1943524478440015e-05,4.1566350079233805e-05,2.7023455678127988e-05
validation,3389,5.112283005654748e-05,3.904465160426341e-05,2.9954571963071833e-05
validation,3390,5.309366064810337e-05,4.0096007357799954e-05,2.786264024956862e-05
validation,3391,5.57537098352936e-05,4.4688218040376054e-05,3.3793295387804494e-05
validation,3392,5.2825279362565785e-05,3.953695691354936e-05,2.8660727996193554e-05
validation,3393,5.677087868141885e-05,4.253538052501712e-05,3.536162215699084e-05
validation,3394,5.2585112852962305e-05,4.035543267727148e-05,2.7676241256455843e-05
validation,3395,4.989258454657212e-05,3.8176554693221234e-05,3.13474889380713e-05
validation,3396,5.1922545199971976e-05,3.80152228656311e-05,3.060182446599317e-05
validation,3397,5.605805537688476e-05,4.499294309931989e-05,3.333554702245095e-05
validation,3398,5.2865020691743e-05,3.740803210807545e-05,3.077771698289973e-05
validation,3399,4.601914581015503e-05,2.7396055464710485e-05,2.57740174529751e-05
validation,3400,5.7613222757474845e-05,4.265233855188724e-05,3.499769884519663e-05
validation,3401,4.798574721294403e-05,3.095181328643001e-05,2.1271636663820795e-05
validation,3402,5.697851888123428e-05,4.67024913878552e-05,3.118683727305432e-05
validation,3403,5.403734647044378e-05,3.9565014551423934e-05,2.796443262563729e-05
validation,3404,4.7794966936940066e-05,3.1749340013445815e-05,2.0291441334607856e-05
validation,3405,5.138554145094834e-05,4.2700489800332286e-05,2.6171609757142084e-05
validation,3406,5.586273768104168e-05,4.301231006420744e-05,3.570565715076994e-05
validation,3407,5.2108318468222344e-05,3.736320285456342e-05,3.1272758265219516e-05
validation,3408,5.5459816447642395e-05,4.702613192819931e-05,3.155700512847596e-05
validation,3409,5.6246288384868614e-05,4.543887951566293e-05,3.271149979092996e-05
validation,3410,5.119163481649283e-05,3.8580678901953636e-05,3.0469242424103228e-05
validation,3411,5.56118929012753e-05,4.288295849283695e-05,3.5857514558860025e-05
validation,3412,5.205145212016235e-05,3.942562919395472e-05,2.876943416303932e-05
validation,3413,5.224732147085295e-05,4.061134658869692e-05,2.7649847628004484e-05
validation,3414,5.673536645231426e-05,4.474167918275105e-05,3.3229528353669216e-05
validation,3415,5.444146253766384e-05,4.446508043019285e-05,2.2582253437290165e-05
validation,3416,5.4370439419459644e-05,3.928134922364935e-05,2.820505467542533e-05
validation,3417,5.61822960357585e-05,4.028683033255026e-05,2.5982258022598004e-05
validation,3418,5.298989281396581e-05,4.2166515707498565e-05,2.5771104244438532e-05
validation,3419,5.728475303585842e-05,4.4656476274126434e-05,3.313910585809483e-05
validation,3420,4.629298159360634e-05,3.224848176260518e-05,2.0632563717509763e-05
validation,3421,4.5951729939044756e-05,2.8819164311934538e-05,2.4363596536723976e-05
validation,3422,5.1800924752942054e-05,4.193114983838788e-05,2.6673731257615506e-05
validation,3423,5.27444149108401e-05,4.303330178472646e-05,2.4946392803070728e-05
validation,3424,5.448930815934337e-05,4.0089102258978414e-05,2.71923160044029e-05
validation,3425,5.016997314085887e-05,4.135553716402566e-05,2.7880398981603043e-05
validation,3426,5.3395437298094694e-05,3.809544810585896e-05,2.9878577103215924e-05
validation,3427,4.6622239778106355e-05,3.445545353247124e-05,1.8260675127977864e-05
validation,3428,5.2925640511049736e-05,3.964309635457176e-05,2.8496020406824247e-05
validation,3429,4.995872676754626e-05,4.070886075189291e-05,2.8657270887620993e-05
validation,3430,4.5934416335378205e-05,3.1331138984108485e-05,2.1750254438749743e-05
validation,3431,4.7256655074229917e-05,3.0125188129316454e-05,2.2454419421641527e-05
validation,3432,4.698877331075425e-05,3.290929327994024e-05,1.956824766266257e-05
validation,3433,5.6231198834432904e-05,4.4808106959341464e-05,3.3335839136295225e-05
validation,3434,4.647617044354299e-05,3.099620628915475e-05,2.1725884725770753e-05
validation,3435,5.740526793829948e-05,4.591252816241837e-05,3.178019945154024e-05
validation,3436,5.2102845759542726e-05,4.2400943852604744e-05,2.580482136922533e-05
validation,3437,5.6425138831579604e-05,4.672824517983517e-05,3.133166471701952e-05
validation,3438,4.45761502553291e-05,3.410735871430713e-05,1.9481265485912404e-05
validation,3439,5.269060116633325e-05,3.996386929277669e-05,2.8239825547674467e-05
validation,3440,5.544220551049695e-05,4.714357607341839e-05,3.143449687468482e-05
validation,3441,5.117164745963749e-05,3.9980246841088836e-05,2.8968016317447974e-05
validation,3442,5.3479722692522465e-05,4.0631925173446626e-05,2.7153973334554545e-05
validation,3443,5.365137026684954e-05,4.789252724926386e-05,3.1476048970262505e-05
validation,3444,5.625227293417363e-05,4.440887708471843e-05,3.384383095635875e-05
validation,3445,5.511272760384057e-05,3.9201470826023994e-05,2.7795894495029656e-05
validation,3446,5.497353798913239e-05,4.731481310769423e-05,3.161432317335503e-05
validation,3447,4.6171710134787714e-05,3.3965699786505704e-05,1.901230966311588e-05
validation,3448,5.3208345862662175e-05,3.862509277672714e-05,2.9363724690727105e-05
validation,3449,5.268533842837e-05,4.218027304561582e-05,2.6056776990161768e-05
validation,3450,5.655406778472898e-05,4.421289051147406e-05,3.3881751104592744e-05
validation,3451,5.596326734955761e-05,4.54768490219167e-05,3.2883511749121395e-05
validation,3452,4.557657061801571e-05,3.4213716668579156e-05,1.9043325165262724e-05
validation,3453,4.616362327271133e-05,3.0511471763363258e-05,2.25376410481019e-05
validation,3454,4.5793678835468815e-05,3.298820275821588e-05,2.017990819524119e-05
validation,3455,5.44610327778825e-05,4.150731264128909e-05,2.5576867303159525e-05
validation,3456,4.514118370671825e-05,3.323197615051417e-05,2.022443823029727e-05
validation,3457,5.3334290239313724e-05,3.7922445712719466e-05,3.007945869211562e-05
validation,3458,5.098759071849262e-05,3.827186696450225e-05,3.072952723213985e-05
validation,3459,5.449609056947315e-05,4.691085114225318e-05,3.207741808701123e-05
validation,3460,5.4629028649201814e-05,4.44466108570182e-05,3.454233234407187e-05
validation,3461,5.427054829632567e-05,4.6905309567272355e-05,3.219989218136082e-05
validation,3462,5.704941984023903e-05,4.20295020080739e-05,3.6063127209638165e-05
validation,3463,5.350381469548086e-05,3.9606107227484955e-05,2.8190246160749085e-05
validation,3464,5.4305392700246855e-05,4.619485422417159e-05,3.2880417336526106e-05
validation,3465,5.512094883708252e-05,4.3307108903418934e-05,3.549046358395571e-05
validation,3466,5.397105515948207e-05,3.655685488236558e-05,3.133225649071383e-05
validation,3467,4.5516795951375444e-05,2.9040124368279198e-05,2.4349550032294884e-05
validation,3468,4.4860000890971915e-05,3.1677708110548715e-05,2.1957103400380363e-05
validation,3469,4.698074447111377e-05,2.8695442743262017e-05,2.3987641188441486e-05
validation,3470,5.323988073950961e-05,3.8898356424828616e-05,2.922488950530316e-05
validation,3471,5.4016385023101325e-05,4.112813001719137e-05,2.625323708634606e-05
validation,3472,5.058641024302093e-05,3.898194764615725e-05,3.0296662021746074e-05
validation,3473,5.321205762787251e-05,3.8848221846593286e-05,2.9113508797295847e-05
validation,3474,4.659751672674183e-05,3.232633671245706e-05,2.0467000765901637e-05
validation,3475,5.327638618666205e-05,4.1468026511158425e-05,2.646211076887234e-05
validation,3476,5.414185086036113e-05,3.749632718403878e-05,3.019380354681137e-05
validation,3477,5.634203736519269e-05,4.265087458636081e-05,3.5603508928654466e-05
validation,3478,4.7397390587563087e-05,3.059496617807088e-05,2.1673477732883384e-05
validation,3479,5.4411226270769114e-05,3.840332182019781e-05,2.898552459157028e-05
validation,3480,4.311177309142329e-05,3.252989864225947e-05,2.187412651249915e-05
validation,3481,5.102215426553547e-05,4.004390030477949e-05,2.895803652328339e-05
validation,3482,5.297236772710105e-05,3.967169121956842e-05,2.8385831632558218e-05
validation,3483,5.516373699722826e-05,4.7214644671574355e-05,3.1335952855816376e-05
validation,3484,4.6628163138504734e-05,3.365774240486797e-05,1.8979593452282205e-05
validation,3485,5.2217641737707054e-05,4.0265752308453226e-05,2.825487777906162e-05
validation,3486,5.398740831161204e-05,3.837670508228943e-05,2.9329101622307096e-05
validation,3487,5.625272507690998e-05,4.015417468223089e-05,2.6239019311233274e-05
validation,3488,5.4681484380564e-05,3.89843866670991e-05,2.828144452151101e-05
validation,3489,5.6006168275780495e-05,4.471235877920728e-05,3.359136052224054e-05
validation,3490,5.658299425826399e-05,4.9608497722323287e-05,2.809914871160418e-05
validation,3491,5.658099082598401e-05,4.568901323174357e-05,3.239860523651252e-05
validation,3492,5.0827065723933904e-05,4.062301121759219e-05,2.8525302050246674e-05
validation,3493,5.256314306145727e-05,3.888592987708337e-05,2.9415798943456107e-05
validation,3494,5.1543630082669956e-05,3.8233736600748236e-05,3.0552074103683335e-05
validation,3495,4.621904906061536e-05,3.0625114851833155e-05,2.2310440244149355e-05
validation,3496,5.51821929409708e-05,4.669237674979756e-05,3.183430506366932e-05
validation,3497,5.443151582506061e-05,3.885466266914825e-05,2.8355971539376464e-05
validation,3498,4.496459320452405e-05,3.3185847185743116e-05,2.046457645583836e-05
validation,3499,5.249055897373837e-05,3.9570464617286405e-05,2.8744746763358183e-05
validation,3500,4.368644481228935e-05,3.2700851301351605e-05,2.141787085795592e-05
validation,3501,5.6533781717675626e-05,4.7566273482281775e-05,3.0298806736308e-05
validation,3502,5.650167070042938e-05,4.623440454638992e-05,3.172108309883167e-05
validation,3503,5.6657993009253665e-05,4.825575673180743e-05,2.9660228557978035e-05
validation,3504,5.25998204907096e-05,4.190424707290856e-05,2.626349555257012e-05
validation,3505,5.2826715817134115e-05,3.97128717061203e-05,2.845038650284295e-05
validation,3506,5.4879346479092766e-05,4.696074516913706e-05,3.18818768410016e-05
validation,3507,4.597344036140896e-05,3.2157158910528966e-05,2.0972696416849016e-05
validation,3508,4.648525302977689e-05,3.244657038673037e-05,2.0278369774355322e-05
validation,3509,5.1651825936894274e-05,4.085914770022076e-05,2.7686320229212273e-05
validation,3510,5.162127670590986e-05,3.8363817717586425e-05,3.040934334024609e-05
validation,3511,5.263192277261549e-05,3.926069383558151e-05,2.892404600032425e-05
validation,3512,5.144492825970421e-05,4.07930223450781e-05,2.7986075682484842e-05
validation,3513,5.499489037366919e-05,4.173406521714692e-05,2.5365601173223895e-05
validation,3514,5.271249024778293e-05,4.175607975045482e-05,2.6294469381872853e-05
validation,3515,5.1955061950689356e-05,3.875349438420855e-05,2.9757638269475463e-05
validation,3516,4.480580801013386e-05,3.194306463199456e-05,2.173170027000171e-05
validation,3517,5.6732273146297564e-05,4.350123732222388e-05,3.457572796387278e-05
validation,3518,5.278518871097111e-05,4.230641291371226e-05,2.5863975584339787e-05
validation,3519,5.2139786529779725e-05,3.7780798290510716e-05,3.065300508741317e-05
validation,3520,4.688844077774504e-05,2.9630090723293924e-05,2.3219464920271344e-05
validation,3521,5.292478434550531e-05,4.588592625391332e-05,2.1677892728490245e-05
validation,3522,5.354980552779007e-05,4.027788427843638e-05,2.7396791737800195e-05
validation,3523,5.577252937826571e-05,4.798696304218656e-05,3.039781658868696e-05
validation,3524,4.612301869855399e-05,3.139926092391701e-05,2.1667797460546008e-05
validation,3525,5.113535457250161e-05,4.1710956702739394e-05,2.7022873425473965e-05
validation,3526,5.9292837340020876e-05,4.600821002026068e-05,3.052194219456389e-05
validation,3527,5.295555784391181e-05,3.872825856333199e-05,2.9318868618982395e-05
validation,3528,5.447338970286085e-05,4.7969058427528096e-05,3.1059890614840864e-05
validation,3529,4.5516451383878865e-05,3.242299543048927e-05,2.0896053554560866e-05
validation,3530,5.3640523757833546e-05,3.9524419777610035e-05,2.8328110251616715e-05
validation,3531,4.469515739279395e-05,3.1442045437827296e-05,2.2244513230025697e-05
validation,3532,5.646098284941585e-05,4.597998419270559e-05,3.225218753617786e-05
validation,3533,5.170706392740334e-05,4.234870843265486e-05,2.6285144073377882e-05
validation,3534,4.742682136912581e-05,3.195317448377745e-05,2.033623980018583e-05
validation,3535,5.2338715940157025e-05,4.1451847870752e-05,2.6921937717077895e-05
validation,3536,5.3952261819181415e-05,4.33447539620085e-05,2.4093529696009776e-05
validation,3537,5.3293179401261146e-05,4.0255722290228726e-05,2.7540433032061998e-05
validation,3538,5.092968305525153e-05,3.922665297816144e-05,2.9726062924331245e-05
validation,3539,5.5759996972095496e-05,4.775741396346904e-05,3.065045432831606e-05
validation,3540,4.583348554086084e-05,3.1009040585239746e-05,2.220220083960658e-05
validation,3541,5.3629429068686455e-05,4.794198017939308e-05,3.14358146929438e-05
validation,3542,5.641531081761759e-05,4.457082897982384e-05,3.362950113729709e-05
validation,3543,4.828545470847773e-05,3.575365153476438e-05,1.6042618398088118e-05
validation,3544,5.360236191611063e-05,3.628374484181215e-05,3.140116875999184e-05
validation,3545,5.425249817218007e-05,3.5940250625368174e-05,3.175029158707671e-05
validation,3546,4.5808390950600614e-05,3.1279450140184936e-05,2.191893345945944e-05
validation,3547,5.212551736561256e-05,3.743128607161775e-05,3.112365061853837e-05
validation,3548,5.3173360813105434e-05,3.997567336159537e-05,2.7856322872068137e-05
validation,3549,4.705059670861142e-05,3.0890620286791316e-05,2.174120345093759e-05
validation,3550,4.5812470521628835e-05,3.0293744029698345e-05,2.2822080954217894e-05
validation,3551,5.5865141788446315e-05,3.8381111102480586e-05,2.8117953787967438e-05
validation,3552,5.159747200513226e-05,4.327850922457233e-05,2.5230439389870724e-05
validation,3553,4.534399849234306e-05,3.3950164570263895e-05,1.9387026827737364e-05
validation,3554,4.4917822578695965e-05,2.997372116386524e-05,2.367366311515736e-05
validation,3555,4.982545129514404e-05,3.789314491818019e-05,3.177472443086806e-05
validation,3556,4.458676515793735e-05,2.965884791836183e-05,2.4131112740064917e-05
validation,3557,4.818836041314528e-05,3.0036342637076936e-05,2.194020688400817e-05
validation,3558,5.5486610679199595e-05,4.6376429527938734e-05,3.222035541538352e-05
validation,3559,5.2165944179463745e-05,4.280616187676713e-05,2.5456610964516034e-05
validation,3560,5.092734421644877e-05,3.994097307073125e-05,2.9081383842168453e-05
validation,3561,4.6099422374230304e-05,3.357187555225909e-05,1.9478143724218676e-05
validation,3562,4.764636127332425e-05,3.0297062235944074e-05,2.2004520898859614e-05
validation,3563,5.2737168895801906e-05,3.936155940059312e-05,2.887878099357122e-05
validation,3564,5.547112928736284e-05,4.375014001716194e-05,3.495847116211281e-05
validation,3565,5.485957029108961e-05,4.738130405133257e-05,3.1468497549353095e-05
validation,3566,5.268199023865868e-05,3.894194912832326e-05,2.931843609497984e-05
validation,3567,4.8560239552353224e-05,2.943886194366021e-05,2.247173430930074e-05
validation,3568,5.331284960758493e-05,3.975427084210148e-05,2.8228787909393774e-05
validation,3569,5.040017918097942e-05,4.03971885528231e-05,2.8845844220775202e-05
validation,3570,5.930308314722309e-05,4.5936849056267915e-05,3.069602097767504e-05
validation,3571,5.599563150626109e-05,4.883398626375108e-05,2.9464016728583743e-05
validation,3572,4.464910471363576e-05,3.179667891033234e-05,2.189857348637174e-05
validation,3573,5.570860528219356e-05,4.5367390617221024e-05,3.312897825860613e-05
validation,3574,5.364799252861474e-05,3.6985239026772414e-05,3.085440758090619e-05
validation,3575,5.816393633680859e-05,5.027593444993258e-05,2.6675933956914185e-05
validation,3576,4.664627413492825e-05,3.448698888126419e-05,1.8300645505009607e-05
validation,3577,5.034514918648304e-05,4.214828568081422e-05,2.7193108172448933e-05
validation,3578,5.581501063046019e-05,4.393815743896387e-05,3.4495964016022344e-05
validation,3579,5.130646918620778e-05,4.04609807255341e-05,2.8385043304209282e-05
validation,3580,5.247785432377845e-05,3.8389650977079263e-05,2.99214586160456e-05
validation,3581,5.1914296462915684e-05,4.140196240260739e-05,2.7149024955255236e-05
validation,3582,5.0091016867314076e-05,4.0822970215470094e-05,2.8414986979296535e-05
validation,3583,5.250396504456939e-05,3.8308773384850484e-05,3.00115639520455e-05
validation,3584,5.1154259014689496e-05,3.70126294422241e-05,3.196502555320579e-05
validation,3585,5.185550089497518e-05,3.7993329919427146e-05,3.065088580653085e-05
validation,3586,4.7906641100573546e-05,3.254726756763399e-05,1.967821737103103e-05
validation,3587,5.2594980839518903e-05,4.0775633336789224e-05,2.729363767201398e-05
validation,3588,5.269456407138783e-05,4.090650539116459e-05,2.7140383105093077e-05
validation,3589,5.177648842918289e-05,4.03856827220511e-05,2.8301102965969442e-05
validation,3590,5.226420187935593e-05,4.225700395688003e-05,2.6109215145308324e-05
validation,3591,5.0567728367325484e-05,3.924714775486341e-05,2.9987214223639864e-05
validation,3592,5.287715640015543e-05,3.897194692207562e-05,2.9184219449112437e-05
validation,3593,4.4999120057274486e-05,3.0042311793481138e-05,2.3581813485310547e-05
validation,3594,4.9359307170769065e-05,4.0563021881356533e-05,2.9271499752014075e-05
validation,3595,4.3684593330256695e-05,3.0065637940470507e-05,2.4128710956266064e-05
validation,3596,5.139243864645519e-05,3.702003811491405e-05,3.185178319170887e-05
validation,3597,5.189336397565776e-05,4.024485196565473e-05,2.836909073579211e-05
validation,3598,5.559836504978314e-05,4.4650300366395575e-05,3.390851948402356e-05
validation,3599,5.249212897409664e-05,4.1037653159166286e-05,2.701648277817038e-05
validation,3600,5.306662477720655e-05,4.3878315991607184e-05,2.380207007685427e-05
validation,3601,5.565869294816279e-05,4.9287890183442656e-05,2.904659685446523e-05
validation,3602,5.1019594603358216e-05,4.037007280555229e-05,2.8626142673172606e-05
validation,3603,5.4948448141886654e-05,4.678319825178604e-05,3.220423851426655e-05
validation,3604,5.078758375573297e-05,4.02645439726333e-05,2.883560572671198e-05
validation,3605,5.20566904386712e-05,3.514114091598068e-05,3.353713694431521e-05
validation,3606,5.67669715957997e-05,4.478295506796049e-05,3.3264308859506844e-05
validation,3607,5.6407154671534766e-05,4.5475739064744565e-05,3.280940477305142e-05
validation,3608,5.438142968614139e-05,4.092261104846503e-05,2.6219075204476585e-05
validation,3609,5.122146726631669e-05,4.2694846330914375e-05,2.613614723792381e-05
validation,3610,5.1665114541943795e-05,3.857269205778039e-05,3.0219653986413733e-05
validation,3611,5.242077188604289e-05,4.183194795075402e-05,2.6395465010708718e-05
validation,3612,5.1142386887301126e-05,4.030204440569086e-05,2.8642935398353678e-05
validation,3613,5.2521103040344534e-05,3.9564785375681416e-05,2.872704924864641e-05
validation,3614,5.452100627224968e-05,4.4285623455936644e-05,3.472643545339203e-05
validation,3615,5.284130560597078e-05,4.002203616784127e-05,2.8115576208822316e-05
validation,3616,4.669289013783089e-05,3.354756482023592e-05,1.9241470410037123e-05
validation,3617,5.41058505583081e-05,4.024092687543503e-05,2.716101246114272e-05
validation,3618,5.8476148579541717e-05,4.7517129071699034e-05,2.9688553419297725e-05
validation,3619,5.320947847747579e-05,3.782700169367997e-05,3.020040398909256e-05
validation,3620,5.498359346176197e-05,4.810677559107434e-05,3.066926510181149e-05
validation,3621,5.1257348833664076e-05,4.238226089521183e-05,2.64807491929117e-05
validation,3622,5.665493133923467e-05,4.631945626960521e-05,3.1721899777156635e-05
validation,3623,5.1984410093371346e-05,4.058802242061517e-05,2.7922504764131407e-05
validation,3624,5.2786130346373444e-05,4.116446554756327e-05,2.70971942674947e-05
validation,3625,5.545693093985728e-05,4.210917129518179e-05,2.459862963096415e-05
validation,3626,5.2543916635637526e-05,4.0613843701907565e-05,2.7672792020855634e-05
validation,3627,5.109020773697504e-05,3.8287295974182386e-05,3.071216015666289e-05
validation,3628,4.722388541271262e-05,3.2129771581760876e-05,2.0349778338370397e-05
validation,3629,5.573680945408698e-05,4.5729326037920344e-05,3.254092717752666e-05
validation,3630,5.247572238873322e-05,4.158990634501325e-05,2.681392560202992e-05
validation,3631,5.2533657790447044e-05,3.7656517947410445e-05,3.069064173966597e-05
validation,3632,5.252599308317317e-05,3.909780070002941e-05,2.9146002280130395e-05
validation,3633,5.421970287878719e-05,4.319940231604156e-05,2.4127037855877227e-05
validation,3634,5.6470166042262764e-05,4.7448709225382135e-05,3.052025378930794e-05
validation,3635,5.160898376572008e-05,4.435186535369683e-05,2.412273847257546e-05
validation,3636,4.78252560715441e-05,3.178078380705126e-05,2.0533358272289614e-05
validation,3637,5.740872579164926e-05,4.739971458195644e-05,3.0196106940121092e-05
validation,3638,5.330586988246461e-05,4.270114424997401e-05,2.5137077035765947e-05
validation,3639,4.6679771371859967e-05,3.2379242339537255e-05,2.032141433843922e-05
validation,3640,5.240593685557929e-05,4.1389777327976204e-05,2.678150966919196e-05
validation,3641,4.508950946772113e-05,3.075997703548475e-05,2.2709847051820787e-05
validation,3642,5.4461781662528526e-05,3.9406078249081926e-05,2.8021430123259226e-05
validation,3643,5.503072511348173e-05,4.802314371935846e-05,3.076018104048106e-05
validation,3644,5.280104942039651e-05,4.026361518992683e-05,2.8020644349180833e-05
validation,3645,5.283907373477596e-05,3.6164025591554776e-05,3.204462857315868e-05
validation,3646,5.141714717110946e-05,4.1914102099503506e-05,2.688158698040851e-05
validation,3647,5.570513694267196e-05,4.7688324236313696e-05,3.079004155659042e-05
validation,3648,5.0923258676395144e-05,4.150028846263062e-05,2.7494387894970272e-05
validation,3649,5.625177848730351e-05,4.250924765386088e-05,3.5791426616481653e-05
validation,3650,5.2624039779274184e-05,4.197605379536404e-05,2.610748503238061e-05
validation,3651,5.140396742746344e-05,4.082415834566986e-05,2.798103306869016e-05
validation,3652,5.505133791876655e-05,4.168907282669645e-05,2.5124155877131283e-05
validation,3653,5.3579889299002036e-05,3.709718827663324e-05,3.08058819919334e-05
validation,3654,5.4456906657708846e-05,4.2920115089387967e-05,3.625245012211127e-05
validation,3655,5.4330596920781945e-05,3.832026534520686e-05,2.9217619432082174e-05
validation,3656,5.3428522760518613e-05,3.902567992792868e-05,2.8774281073224726e-05
validation,3657,4.600434542847204e-05,2.9562946606157784e-05,2.3759447442902432e-05
validation,3658,4.793881352562312e-05,3.1026884474685086e-05,2.1168463955518133e-05
validation,3659,5.303206867033721e-05,3.992710261926863e-05,2.7919357077200207e-05
validation,3660,4.579074555283457e-05,3.0622533645387705e-05,2.270934089530759e-05
validation,3661,5.6576249802113214e-05,4.7633996447659434e-05,3.0461522186580697e-05
validation,3662,5.444071911888352e-05,4.3446768715652524e-05,2.3610948628634903e-05
validation,3663,5.2375142156705684e-05,3.639768000718318e-05,3.2063026710054424e-05
validation,3664,5.4243387830795164e-05,3.813598847973605e-05,2.9321237703715173e-05
validation,3665,5.012638267250497e-05,4.1554334653456194e-05,2.772872645510513e-05
validation,3666,5.361365895413856e-05,4.139580126742098e-05,2.6440944203126022e-05
validation,3667,5.282985792803719e-05,3.88209306173935e-05,2.9547315257293107e-05
validation,3668,4.729763097978881e-05,2.9616765723374267e-05,2.293499622744995e-05
validation,3669,5.324603687119167e-05,4.042428873028287e-05,2.7552574375557058e-05
validation,3670,4.6514303009970456e-05,2.979500133115914e-05,2.3130087987909355e-05
validation,3671,5.104996120562386e-05,3.889227144008595e-05,3.0118153559275598e-05
validation,3672,5.161388780384284e-05,3.839703721697721e-05,3.0335084498620195e-05
validation,3673,5.4307343511254354e-05,4.6490153063332324e-05,3.271529452474616e-05
validation,3674,5.594745961878893e-05,4.6502780694982907e-05,3.17735864105599e-05
validation,3675,5.3874096051736334e-05,4.329249728507737e-05,2.4120870696413792e-05
validation,3676,5.2461795135458206e-05,4.1645410588210626e-05,2.667709115519255e-05
validation,3677,4.5695701238899456e-05,3.284240477209135e-05,2.0369925892366108e-05
validation,3678,4.5330390758747416e-05,2.8247315113575457e-05,2.5091708331534206e-05
validation,3679,5.3065113831503354e-05,4.281857932168055e-05,2.502551722134333e-05
validation,3680,5.408498744921949e-05,3.984801288501638e-05,2.7661851905472924e-05
validation,3681,4.700508613983751e-05,3.1658589137747864e-05,2.0895082549487413e-05
validation,3682,5.184644551843554e-05,4.015582519541372e-05,2.812882788647622e-05
validation,3683,4.807265119432695e-05,3.3956236636951175e-05,1.780126365864482e-05
validation,3684,4.635948584137385e-05,3.562751897282146e-05,1.6934916121638126e-05
validation,3685,5.636980140111426e-05,4.643877424847389e-05,3.172963539065444e-05
validation,3686,4.5029078532927616e-05,3.05004745609298e-05,2.3074514559256393e-05
validation,3687,5.2395172201667004e-05,4.2007777701859935e-05,2.6303098603860762e-05
validation,3688,5.5821709414759826e-05,4.692576940215309e-05,3.1466038877039785e-05
validation,3689,5.748898989797181e-05,4.380577433683809e-05,3.3903563036666054e-05
validation,3690,5.582838697936991e-05,4.44887487440954e-05,3.396265386398743e-05
validation,3691,5.229047061913061e-05,3.585084538078781e-05,3.265147464595279e-05
validation,3692,4.6578459180186286e-05,3.140189205159143e-05,2.1364132006112558e-05
validation,3693,5.272677534941332e-05,3.892301710034878e-05,2.931041253447144e-05
validation,3694,4.5383417735304676e-05,2.7942488214998916e-05,2.553737251530882e-05
validation,3695,5.121457575174448e-05,3.91414380939122e-05,2.9691053140065188e-05
validation,3696,4.9624873812983896e-05,2.7754369915210814e-05,2.3595159786307433e-05
validation,3697,5.25687034196581e-05,4.100448559504292e-05,2.726247672546437e-05
validation,3698,5.560825111503492e-05,4.725084717337536e-05,3.1171780663253656e-05
validation,3699,5.117963972235373e-05,4.049160466375645e-05,2.834621493248775e-05
validation,3700,5.384648613282466e-05,4.569822844099592e-05,3.364216591079666e-05
validation,3701,5.4154283403221996e-05,4.1384360813151684e-05,2.6073226287578403e-05
validation,3702,5.16654569169687e-05,3.7876198851689185e-05,3.0943928201267236e-05
validation,3703,4.763254039668201e-05,3.2930509866075316e-05,1.919789797939674e-05
validation,3704,5.4999978079314934e-05,4.803069184077506e-05,3.0693996590070416e-05
validation,3705,5.834433475673484e-05,4.562885797502683e-05,3.1345749920074985e-05
validation,3706,5.5824147719639234e-05,4.4840287088806955e-05,3.339909413392356e-05
validation,3707,4.818095295517396e-05,3.1269747650234544e-05,2.060929474232407e-05
validation,3708,4.674294685472119e-05,3.153528927874787e-05,2.1243744399438314e-05
validation,3709,5.584068783851908e-05,4.6655911665719594e-05,3.17677441625922e-05
validation,3710,5.442369480846877e-05,4.1162350511572956e-05,2.6291291172104795e-05
validation,3711,5.539223046472314e-05,4.9009532604650796e-05,2.9384069168202773e-05
validation,3712,5.224480587025516e-05,3.7889750817903214e-05,3.0682395662079816e-05
validation,3713,5.2110410903157854e-05,3.664404291034799e-05,3.1712606647882784e-05
validation,3714,5.340707944439651e-05,3.75430644692778e-05,3.0305938234166742e-05
validation,3715,5.550884681686791e-05,4.746596428714081e-05,3.0977451962213286e-05
validation,3716,5.351554982597483e-05,3.9399329874660404e-05,2.831320365683885e-05
validation,3717,5.220794013010892e-05,3.939920481669395e-05,2.889017534788672e-05
validation,3718,5.383780106001156e-05,3.808611394085414e-05,2.9559075626920846e-05
validation,3719,4.464684631809857e-05,3.4152125774671786e-05,1.9360080845500627e-05
validation,3720,5.921481772804967e-05,4.433718232424486e-05,3.248155211279448e-05
validation,3721,5.182593763676095e-05,4.152052659681351e-05,2.7071610107864175e-05
validation,3722,4.5020369997833694e-05,3.3066270804647876e-05,2.0492398605369116e-05
validation,3723,4.581612552125014e-05,2.9548747980839862e-05,2.3645894856895867e-05
validation,3724,5.682101424117078e-05,4.8967626065385576e-05,2.8857284747592325e-05
validation,3725,4.5978555696919055e-05,3.060059731415247e-05,2.2541328427067402e-05
validation,3726,4.539321474983032e-05,3.116157605474771e-05,2.2146095194661515e-05
validation,3727,5.259376730274457e-05,4.0766224816016845e-05,2.7472797770871808e-05
validation,3728,5.749602536010255e-05,4.583049152626253e-05,3.169671931630759e-05
validation,3729,5.6862625057622854e-05,4.447125316043612e-05,3.35278220849693e-05
validation,3730,5.182996077686591e-05,4.1169410739931296e-05,2.744055152540799e-05
validation,3731,5.906585534322635e-05,4.281441054998755e-05,3.422342420711918e-05
validation,3732,4.4309044240416e-05,3.300125621743217e-05,2.0867479246717976e-05
validation,3733,5.24465619143926e-05,4.1309387602961656e-05,2.6868392939136992e-05
validation,3734,5.0821022978959515e-05,4.046103542328553e-05,2.8702171307795065e-05
validation,3735,4.43094543908796e-05,3.269854845686978e-05,2.1116383240270128e-05
validation,3736,5.10363114534135e-05,4.1018562427866425e-05,2.786257267034041e-05
validation,3737,5.2897793627026806e-05,3.7149651522791405e-05,3.104567259804865e-05
validation,3738,5.071530296144728e-05,4.216407385282958e-05,2.6933823970909536e-05
validation,3739,5.1927551890775795e-05,4.090258121114901e-05,2.763863550856345e-05
validation,3740,4.989199510788981e-05,4.0386996172051115e-05,2.928850680396985e-05
validation,3741,5.7239870743954654e-05,4.533008205716821e-05,3.248447736464034e-05
validation,3742,4.41527411406108e-05,2.809854329314473e-05,2.6074128570313573e-05
validation,3743,4.727819405556333e-05,3.069665289783897e-05,2.1823059380764063e-05
validation,3744,5.145144385415262e-05,4.156371280327834e-05,2.722255308408787e-05
validation,3745,5.345154696186385e-05,3.9000580413682203e-05,2.8888502610570962e-05
validation,3746,5.3946610694905596e-05,4.333761495296236e-05,2.4104441479897312e-05
validation,3747,4.548929929728933e-05,3.364605221202913e-05,1.9652858439323146e-05
validation,3748,4.566694417157115e-05,2.9061030036375458e-05,2.440045104490938e-05
validation,3749,4.495136334407199e-05,3.1081778667348654e-05,2.2498475436720643e-05
validation,3750,5.467070999851452e-05,3.99078459218086e-05,2.732121026331654e-05
validation,3751,4.685268495422596e-05,3.2747761682163146e-05,1.9800798343106514e-05
validation,3752,5.3262992634705856e-05,3.949661006107953e-05,2.8373007665869815e-05
validation,3753,4.589629219134586e-05,3.000328903003739e-05,2.3287388842959824e-05
validation,3754,5.1665791951575297e-05,3.60606350225358e-05,3.282464755510163e-05
validation,3755,5.2367030912791954e-05,4.2539681308087326e-05,2.5719468169588084e-05
validation,3756,5.2392764623590486e-05,3.875780023043225e-05,2.963817737378703e-05
validation,3757,5.022415998357803e-05,4.206983963988237e-05,2.7229504364548478e-05
validation,3758,5.64244244754212e-05,4.574558952860499e-05,3.232372871575789e-05
validation,3759,4.683177577789321e-05,2.9565345551937124e-05,2.321442764436928e-05
validation,3760,5.222551046818935e-05,4.134409216139528e-05,2.6884856466395423e-05
validation,3761,5.367355223143575e-05,3.9934613672568464e-05,2.7821419518072174e-05
validation,3762,5.2683138432935366e-05,3.731248538225107e-05,3.097828408841044e-05
validation,3763,5.6704543589685564e-05,4.642739891079427e-05,3.159792612131563e-05
validation,3764,5.113535457250161e-05,4.1710956702739394e-05,2.7022873425473965e-05
validation,3765,5.4356854540554745e-05,3.921424101583298e-05,2.8104984212055907e-05
validation,3766,5.259251473561194e-05,4.281732508962437e-05,2.5089743068770455e-05
validation,3767,5.416577127889296e-05,4.346977265200229e-05,2.3942891221078912e-05
validation,3768,5.644278082050103e-05,4.183497224787451e-05,3.6381501557015304e-05
validation,3769,5.2091963565483906e-05,4.038643533917886e-05,2.7933852800217866e-05
validation,3770,5.2657320789702494e-05,4.089679790772352e-05,2.7297306077755656e-05
validation,3771,5.019672607854545e-05,4.1093907439860105e-05,2.8270163154901914e-05
validation,3772,5.423298336097428e-05,4.8101051459533614e-05,3.100567938051365e-05
validation,3773,5.594093296901587e-05,4.353851298052921e-05,3.4919668998100273e-05
validation,3774,5.453307688816365e-05,4.142974440205317e-05,3.782699059587159e-05
validation,3775,5.619109867942158e-05,4.5821781810482646e-05,3.2597288855656746e-05
validation,3776,5.483170213305176e-05,3.952646250291773e-05,2.755290608063915e-05
validation,3777,5.2876767478097344e-05,4.323783983556085e-05,2.486087253542786e-05
validation,3778,4.568201560272269e-05,3.179179585411894e-05,2.1487853235106103e-05
validation,3779,5.700208286632176e-05,4.4584860855193125e-05,3.331472788897256e-05
validation,3780,4.7407580057793887e-05,3.2225530325395866e-05,2.0256231607192843e-05
validation,3781,5.323185841201383e-05,4.105996383008226e-05,2.681782724279534e-05
validation,3782,5.54545788759573e-05,4.443269643318093e-05,3.4159512189941883e-05
validation,3783,5.166180914149455e-05,3.956186454833089e-05,2.911852413632624e-05
validation,3784,5.70908737334334e-05,4.557402531271621e-05,3.2182348159520675e-05
validation,3785,5.339127237286666e-05,3.812881818253247e-05,2.981836611675353e-05
validation,3786,4.86589278363063e-05,3.9376836917881335e-05,3.0785991430347125e-05
validation,3787,5.624280708545881e-05,4.4130003085295345e-05,3.415997784958552e-05
validation,3788,4.3541022502989796e-05,2.9666328719437345e-05,2.4769867242766532e-05
validation,3789,4.530512631315606e-05,3.387422372788506e-05,1.9122619248079837e-05
validation,3790,4.676516781706439e-05,2.98910676581462e-05,2.2904336462340756e-05
validation,3791,4.616731792450763e-05,3.1820861531904055e-05,2.1210571141510973e-05
validation,3792,5.697042022827088e-05,4.600861595294758e-05,3.172110307652305e-05
validation,3793,4.5869062837364324e-05,2.8636280984436553e-05,2.469866291372185e-05
validation,3794,5.0599231017223805e-05,3.989159423149941e-05,2.9467694874540487e-05
validation,3795,5.4651940728270736e-05,4.6456635874478184e-05,3.245864132222706e-05
validation,3796,5.08464674837324e-05,4.227035292679085e-05,2.6750316725171043e-05
validation,3797,5.455193270042231e-05,4.105919056906548e-05,2.622075281490992e-05
validation,3798,5.7400015798437766e-05,4.518100462179307e-05,3.251488952068171e-05
validation,3799,5.187142392449806e-05,4.207062161913463e-05,2.652952419802282e-05
validation,3800,5.204256212551728e-05,3.913684489422959e-05,2.943644160953301e-05
validation,3801,5.222721880484311e-05,4.176007487493988e-05,2.6643412883358683e-05
validation,3802,5.778749532591082e-05,4.459703556404668e-05,3.287245869041878e-05
validation,3803,5.1631504850941055e-05,4.1288211439185274e-05,2.7440575634878737e-05
validation,3804,5.5161061983410994e-05,4.6026306648005636e-05,3.271668134721726e-05
validation,3805,4.493788028890176e-05,2.8049797050134053e-05,2.5610649318997645e-05
validation,3806,5.2663543671152186e-05,4.116797287618153e-05,2.6902364640349485e-05
validation,3807,5.589164970735396e-05,4.7853425894598035e-05,3.0412024067294083e-05
validation,3808,5.101111531486936e-05,3.540425397042235e-05,3.388854023048466e-05
validation,3809,5.677010466664194e-05,4.437422657724064e-05,3.3544164993492585e-05
validation,3810,5.69821176051046e-05,4.45686245204562e-05,3.339154722602536e-05
validation,3811,5.707751032744609e-05,4.6673302784072654e-05,3.1261111749395915e-05
validation,3812,5.3040679626817626e-05,3.85921135954731e-05,2.9510338657517262e-05
validation,3813,5.028356032982595e-05,4.070212783153752e-05,2.8609012001541894e-05
validation,3814,5.7140716813224885e-05,4.820541724288496e-05,2.96251568620534e-05
validation,3815,5.132657113755381e-05,3.687829329963348e-05,3.203334911612679e-05
validation,3816,5.235921166793316e-05,4.183656652763767e-05,2.650582844061842e-05
validation,3817,5.288942297722959e-05,4.152943291908723e-05,2.6585875035129777e-05
validation,3818,5.320323032849453e-05,4.236777193802177e-05,2.5349436076330425e-05
validation,3819,5.612839785832932e-05,4.5267817051641214e-05,3.2993307725284084e-05
validation,3820,5.351276969289184e-05,3.9288922848864906e-05,2.8510017016448634e-05
validation,3821,5.34166745416693e-05,4.665572303122618e-05,3.295350568903834e-05
validation,3822,5.1322030990472884e-05,4.002035389242858e-05,2.885487436248702e-05
validation,3823,5.377787434697134e-05,3.655156962185132e-05,3.116876213347884e-05
validation,3824,5.743890400307729e-05,4.6803724623712446e-05,3.078450138619948e-05
validation,3825,5.524849650925466e-05,4.8122069420505115e-05,3.0454778508867113e-05
validation,3826,5.207974800629243e-05,4.155041239939346e-05,2.6892057458922534e-05
validation,3827,5.108958292771548e-05,3.709143257910551e-05,3.1993908690875295e-05
validation,3828,5.143760621291594e-05,3.831629373071484e-05,3.0480071540649614e-05
validation,3829,4.627117534835912e-05,3.414830602385706e-05,1.8690868531782317e-05
validation,3830,4.530565951788821e-05,2.8822560353675495e-05,2.4734122710102476e-05
validation,3831,5.492936788146256e-05,4.59595833525062e-05,3.2881322602409656e-05
validation,3832,4.504514366872546e-05,3.592049302135132e-05,1.737393210902305e-05
validation,3833,5.755940130016189e-05,4.830386184564446e-05,2.9154534274321784e-05
validation,3834,5.491878907354111e-05,4.740888166381157e-05,3.123458271924393e-05
validation,3835,5.517957924012047e-05,4.4071245969149595e-05,3.483697727199213e-05
validation,3836,4.853449349013977e-05,2.8003793891999123e-05,2.4029578201998504e-05
validation,3837,5.561717729988181e-05,4.514645381424317e-05,3.335957733912475e-05
validation,3838,5.157533183459308e-05,4.263119119823875e-05,2.6057948124711996e-05
validation,3839,5.510275467507691e-05,4.4610794881224625e-05,3.4172101901952335e-05
validation,3840,5.221016820120018e-05,4.0000632679960034e-05,2.8320768801930897e-05
validation,3841,5.42480086811366e-05,4.0559882218594526e-05,2.6858908095087214e-05
validation,3842,5.275163488502866e-05,4.1285457679769296e-05,2.6611833237188146e-05
validation,3843,5.182903455530383e-05,4.147208202960929e-05,2.7143752294098965e-05
validation,3844,5.053680978396257e-05,4.053383234247191e-05,2.8555378781794484e-05
validation,3845,5.64379956332489e-05,4.146272913927683e-05,3.676280638876686e-05
validation,3846,4.747244936357683e-05,2.8783014612176238e-05,2.372402293437751e-05
validation,3847,5.694178208343814e-05,4.584801433857412e-05,3.209153621784339e-05
validation,3848,5.619101489463633e-05,4.477575539675278e-05,3.3416033817666786e-05
validation,3849,5.544397281035083e-05,4.414543329142998e-05,3.4495787186246255e-05
validation,3850,4.669106306682528e-05,2.738016984827689e-05,2.5481862744715684e-05
validation,3851,5.420386637647829e-05,4.51967645939983e-05,3.4085514469142455e-05
validation,3852,4.647029439635755e-05,3.0312127986945038e-05,2.2639317608134933e-05
validation,3853,4.5296537921439944e-05,3.217595511486294e-05,2.1243641965187653e-05
validation,3854,5.733955088682136e-05,4.434050430027109e-05,3.338345653754989e-05
validation,3855,5.532214697415253e-05,4.117443663391744e-05,2.5690726648828544e-05
validation,3856,5.747221071707283e-05,4.553272144669798e-05,3.213245322798624e-05
validation,3857,4.6272590523377905e-05,3.2255518882028756e-05,2.0706868823328397e-05
validation,3858,4.4981245787919194e-05,3.38836131152755e-05,1.933702098046946e-05
validation,3859,5.675467376857409e-05,4.4051760508550655e-05,3.3821220228133696e-05
validation,3860,5.270765753441295e-05,3.878293323749566e-05,2.9370242684771264e-05
validation,3861,4.653774085223595e-05,3.261028709870296e-05,2.000992798016298e-05
validation,3862,5.6267375879881774e-05,4.624550707163665e-05,3.200898712310755e-05
validation,3863,4.3065105102766295e-05,3.133657678619801e-05,2.3192396970967573e-05
validation,3864,4.470348395242966e-05,3.056462989188509e-05,2.3221762647627698e-05
validation,3865,5.692164626995329e-05,4.4893461698695225e-05,3.305750689852492e-05
validation,3866,5.2593387863162604e-05,3.8818700554298735e-05,2.936407810521071e-05
validation,3867,5.651410876785647e-05,4.744327323507688e-05,3.063540475155682e-05
validation,3868,4.517120258281625e-05,2.9835447812396294e-05,2.3790570824208276e-05
validation,3869,5.3495737790104566e-05,4.3460117090394266e-05,2.40376164916694e-05
validation,3870,5.4680636215401615e-05,3.976390212153605e-05,2.740849849900564e-05
validation,3871,4.507822610218248e-05,3.32603082879485e-05,2.028046501336063e-05
validation,3872,5.295039088279973e-05,3.6593093015754435e-05,3.165315094145121e-05
validation,3873,5.312973146342826e-05,3.904780451759077e-05,2.8989263789031176e-05
validation,3874,5.1140369068766835e-05,4.1700360652784435e-05,2.7170507224283763e-05
validation,3875,5.319604894893438e-05,3.6530869900376204e-05,3.153365527798743e-05
validation,3876,5.513786066312012e-05,4.405752782263663e-05,3.4797130772847906e-05
validation,3877,5.555927494159964e-05,4.757786896827417e-05,3.0966103937608914e-05
validation,3878,4.334088932820445e-05,3.1010327841426305e-05,2.3351360045567373e-05
validation,3879,5.7350296012982455e-05,4.356148015483492e-05,3.422825233353732e-05
validation,3880,4.6851087507324536e-05,3.0593125907023255e-05,2.213969553787437e-05
validation,3881,5.614623573326454e-05,4.378788004391772e-05,3.442151250662169e-05
validation,3882,4.5743370047708844e-05,3.110953340968822e-05,2.214119881563226e-05
validation,3883,5.063614188970232e-05,4.172618808749786e-05,2.733909234046435e-05
validation,3884,5.317196955149648e-05,3.898298815466001e-05,2.8899870179063235e-05
validation,3885,4.616081613144234e-05,2.7536460299385713e-05,2.559374363203875e-05
validation,3886,4.6380651420563304e-05,3.3825229665789156e-05,1.891566480100223e-05
validation,3887,4.627808138880179e-05,2.908585489120531e-05,2.4061556881960473e-05
validation,3888,5.115192189658073e-05,3.960482160131665e-05,2.93461092404385e-05
validation,3889,4.952145030335361e-05,3.897889069813709e-05,3.0910431234318295e-05
validation,3890,5.7601412660191655e-05,4.652315487021532e-05,3.107839651966745e-05
validation,3891,5.7987106261416555e-05,4.086374821243084e-05,3.6492387074405984e-05
validation,3892,5.041425461617614e-05,4.0975650463658556e-05,2.8285380337491916e-05
validation,3893,4.722277176193856e-05,3.0222350205048906e-05,2.212350976813344e-05
validation,3894,5.714963419799849e-05,4.493101331609902e-05,3.2914737792793606e-05
validation,3895,5.080924467989306e-05,4.134718465464062e-05,2.773858452576609e-05
validation,3896,5.543845174391037e-05,4.0611930203402574e-05,2.6025935419613827e-05
validation,3897,5.1750894030373724e-05,4.025460222440045e-05,2.838099616390852e-05
validation,3898,4.6444397852821615e-05,3.100442176759541e-05,2.1926188804651993e-05
validation,3899,4.598890154745404e-05,3.2642304966383754e-05,2.0512783747265383e-05
validation,3900,5.350067253889505e-05,4.254839671081222e-05,2.5311719108625486e-05
validation,3901,4.659307961421945e-05,2.8293779218610106e-05,2.4585683946983547e-05
validation,3902,5.082102227080663e-05,4.190822491893047e-05,2.724065367117665e-05
validation,3903,5.027477832408749e-05,4.121226281589079e-05,2.8119832711323648e-05
validation,3904,5.837042295126415e-05,4.099698742587762e-05,3.643271487300194e-05
validation,3905,5.282970964715647e-05,3.7664607643472374e-05,3.0554178520424727e-05
validation,3906,4.581140471880575e-05,3.306890676637889e-05,2.011343731014449e-05
validation,3907,4.611376794066933e-05,3.115940114172777e-05,2.1920983148641566e-05
validation,3908,4.6560100474079104e-05,3.17179393167075e-05,2.117340104199957e-05
validation,3909,5.6783278346113514e-05,4.4923175903280484e-05,3.2915720092982576e-05
validation,3910,5.712972671983172e-05,4.480529001550253e-05,3.279219884516566e-05
validation,3911,4.8004166530067246e-05,2.9231488370289797e-05,2.3041061917932992e-05
validation,3912,5.7701452711723864e-05,4.4421634458083124e-05,3.311284024737559e-05
validation,3913,5.8425855723621415e-05,4.781622681066517e-05,2.9375501278342815e-05
validation,3914,4.637839056875303e-05,3.1878885173984636e-05,2.1030044406395695e-05
validation,3915,4.541682943142747e-05,3.392537801917537e-05,1.9237227072209972e-05
validation,3916,4.6841273284687903e-05,3.583079916197017e-05,1.6494917350226264e-05
validation,3917,5.324111449728296e-05,4.270394834885774e-05,2.5049308219027605e-05
validation,3918,5.3419034712897925e-05,4.035404061932992e-05,2.7372259493095443e-05
validation,3919,5.1947209895095265e-05,3.877982925988281e-05,2.9939722090264992e-05
validation,3920,4.507087571643027e-05,3.2574226905315124e-05,2.092624095963514e-05
validation,3921,5.6513380786364604e-05,4.192161227987898e-05,3.6189371973404846e-05
validation,3922,5.463295100773598e-05,4.605493963759798e-05,3.308070520887103e-05
validation,3923,5.377501507128853e-05,4.063676933997353e-05,2.6926889561247857e-05
validation,3924,5.263026284624587e-05,3.880012118614815e-05,2.9465616796553614e-05
validation,3925,5.2096450241798e-05,4.0605254679534706e-05,2.791138325605564e-05
validation,3926,5.308418852690788e-05,4.088584996520273e-05,2.7067310227632086e-05
validation,3927,5.242307309210598e-05,4.036535831466207e-05,2.810670715995715e-05
validation,3928,5.026426215699145e-05,4.103953322868924e-05,2.8296270705782075e-05
validation,3929,5.006477583142191e-05,3.960064458078881e-05,2.983400504684011e-05
validation,3930,5.725275439661288e-05,4.619963437391136e-05,3.1597935678203086e-05
validation,3931,4.572126241780209e-05,3.38477059494177e-05,1.9325234710641458e-05
validation,3932,5.827358830975288e-05,4.412024694763732e-05,3.3203205375049676e-05
validation,3933,5.546075298605908e-05,4.18794361697864e-05,3.677733806016592e-05
validation,3934,5.159924866652825e-05,4.1623823874699445e-05,2.70589887530951e-05
validation,3935,5.461949350995836e-05,4.077390202580897e-05,2.6476468514628554e-05
validation,3936,5.069663139795823e-05,4.1842575701144346e-05,2.723830343323715e-05
validation,3937,5.113746335053507e-05,4.093416998381949e-05,2.801825652726116e-05
validation,3938,5.271455601570852e-05,4.253998124891555e-05,2.5657713179883427e-05
validation,3939,5.2285642273724004e-05,4.0635026234870165e-05,2.7791017978396104e-05
validation,3940,5.622721194782178e-05,4.288176109550944e-05,3.5437556232569214e-05
validation,3941,5.7331078681877376e-05,4.617286725619235e-05,3.137856203610619e-05
validation,3942,5.044891596736592e-05,4.273857512950287e-05,2.643232723930727e-05
validation,3943,4.4345406039469805e-05,3.192999640317266e-05,2.193256416005869e-05
validation,3944,4.5128440854438715e-05,3.067476295675587e-05,2.2853904992201468e-05
validation,3945,5.220597087965e-05,3.922891149122294e-05,2.921548514755524e-05
validation,3946,5.190458931549045e-05,3.88762928853371e-05,2.9632430239775833e-05
validation,3947,5.839091103580373e-05,4.0128201936247264e-05,3.721934399920534e-05
validation,3948,4.888730702974112e-05,3.6476245305361826e-05,3.369164973157083e-05
validation,3949,5.2522893915776595e-05,3.600034096461511e-05,3.237661967067279e-05
validation,3950,4.7057162161684085e-05,3.0476434670261493e-05,2.2178376155953553e-05
validation,3951,5.246632812831856e-05,4.149171933534572e-05,2.6840846990919296e-05
validation,3952,5.364113776838648e-05,4.528221219701195e-05,3.413830155978023e-05
validation,3953,5.5445939538973485e-05,3.812838674781726e-05,2.864654491470121e-05
validation,3954,4.6995989565725796e-05,3.3490664079833874e-05,1.914897773317992e-05
validation,3955,5.311981041383606e-05,4.068153454218489e-05,2.724314883900225e-05
validation,3956,5.377855936589799e-05,3.976288722461449e-05,2.801365655132806e-05
validation,3957,5.722356066987841e-05,4.4311343167089746e-05,3.350327998822597e-05
validation,3958,5.108655635988675e-05,3.938263405284614e-05,2.985982282681582e-05
validation,3959,4.519981614199493e-05,3.384701101364323e-05,1.967017997626822e-05
validation,3960,5.1363797992846846e-05,4.193918061177862e-05,2.688402732423637e-05
validation,3961,5.207800915769124e-05,4.0156706039960905e-05,2.833699199023901e-05
validation,3962,4.5752351059515325e-05,3.215274522904088e-05,2.105422147437227e-05
validation,3963,5.506962750188115e-05,4.44088426030997e-05,3.441420472376498e-05
validation,3964,5.51985983192111e-05,4.7225095707662325e-05,3.147933724155227e-05
validation,3965,5.6105696303591614e-05,4.569608457731382e-05,3.261067450204365e-05
validation,3966,5.3473907065298504e-05,4.112623888350018e-05,2.6727075968324947e-05
validation,3967,5.246028538334417e-05,4.132974354103906e-05,2.701771624846769e-05
validation,3968,5.1764587227482665e-05,3.660023307417871e-05,3.2256655392480633e-05
validation,3969,4.623879379229472e-05,2.8484779975665042e-05,2.4590267719113805e-05
validation,3970,5.558478238991786e-05,4.556931497965693e-05,3.288120905844704e-05
validation,3971,5.320112676710674e-05,4.101317234366111e-05,2.699461291331209e-05
validation,3972,5.5078856271993066e-05,4.2938956625147825e-05,3.589573282938021e-05
validation,3973,5.3263749457524776e-05,3.920068946916097e-05,2.848273949661123e-05
validation,3974,4.994650038238137e-05,3.821034307548463e-05,3.145781210373527e-05
validation,3975,5.148810912160318e-05,3.69575407075832e-05,3.191133222646392e-05
validation,3976,5.325738251550361e-05,4.1888375893132094e-05,2.5968364876349522e-05
validation,3977,4.6010138279670566e-05,3.293683110122347e-05,1.9962916039656563e-05
validation,3978,5.648557208749113e-05,4.5370148614263495e-05,3.293148560607471e-05
validation,3979,5.361051623007004e-05,4.2751110427156254e-05,2.478305012978084e-05
validation,3980,4.5133588827338054e-05,3.121350117595581e-05,2.2193883271301385e-05
validation,3981,5.7357795752921733e-05,4.4107946032560344e-05,3.3668553275758945e-05
validation,3982,5.484060814682341e-05,3.8350084134821936e-05,2.8927409176175712e-05
validation,3983,5.2213001325086914e-05,3.9929588939252696e-05,2.8510559095115412e-05
validation,3984,5.588915575862906e-05,4.4891186473748024e-05,3.365248394173582e-05
validation,3985,4.5448282412864005e-05,3.2812818272701574e-05,2.050830315624429e-05
validation,3986,4.352351731225871e-05,2.8835754811821385e-05,2.5625891061956218e-05
validation,3987,5.331554021139937e-05,4.1105371820847956e-05,2.6818175927088388e-05
validation,3988,4.765946368877307e-05,2.9508228335182416e-05,2.2878380216300132e-05
validation,3989,5.726041046620174e-05,4.767260806269769e-05,3.0048858984111658e-05
validation,3990,4.80390002665101e-05,4.0663768580809985e-05,2.9784898820031307e-05
validation,3991,5.4529934124560634e-05,3.8997578807644174e-05,2.84525020204611e-05
validation,3992,5.3677516589512494e-05,3.915216525203031e-05,2.86466755547658e-05
validation,3993,5.7747034867419534e-05,4.6213597314424714e-05,3.1336435669848626e-05
validation,3994,5.6612558450843646e-05,4.502551743977167e-05,3.3096033770631565e-05
validation,3995,5.746703303202746e-05,4.344154775552629e-05,3.431176598403225e-05
validation,3996,5.245319593352618e-05,4.180229183266208e-05,2.631986471320998e-05
validation,3997,5.5903946535536416e-05,4.862321066870332e-05,2.9626217787769302e-05
validation,3998,5.72376450603625e-05,4.839239152952366e-05,2.9091986991487878e-05
validation,3999,4.6820462206240914e-05,3.0231237116899946e-05,2.251503075087457e-05
validation,4000,4.4265817933458184e-05,2.943251577834501e-05,2.4506862528372315e-05
validation,4001,4.976129504403042e-05,4.070435109611824e-05,2.8829986104576214e-05
validation,4002,5.700596962912284e-05,4.5782847221086814e-05,3.210708139981354e-05
validation,4003,5.4142719883756824e-05,3.9421477196583546e-05,2.7944579839743896e-05
validation,4004,5.204919896696639e-05,4.4002027922051806e-05,2.4255574719115025e-05
validation,4005,5.416569018269624e-05,3.686824449053202e-05,3.0754540802399116e-05
validation,4006,5.2253620806855056e-05,3.906921470576282e-05,2.9130241428716595e-05
validation,4007,5.2744155078972506e-05,3.855092114131115e-05,2.9496436517513837e-05
validation,4008,5.52215370439077e-05,3.9469263162731e-05,2.7618103053603352e-05
validation,4009,5.841133825857442e-05,4.477116898773289e-05,3.242072150420668e-05
validation,4010,5.7420411029089754e-05,4.293862749393342e-05,3.480392215388516e-05
validation,4011,4.808977010535165e-05,3.429312132501079e-05,1.759805526840257e-05
validation,4012,5.773849639606131e-05,4.8846248067849546e-05,2.847706871996052e-05
validation,4013,5.135043329298047e-05,3.731830540316511e-05,3.154856873798836e-05
validation,4014,5.5666477316155715e-05,4.462923893665441e-05,3.3913660504388426e-05
validation,4015,5.426178865184369e-05,4.6651236450923576e-05,3.245366195646993e-05
validation,4016,5.744368972145711e-05,4.4686618307090585e-05,3.3025777449700304e-05
validation,4017,4.72174892538064e-05,3.124066689127485e-05,2.114785128216196e-05
validation,4018,4.536749788823341e-05,2.8665928742754615e-05,2.4791704466862483e-05
validation,4019,5.541160546260199e-05,4.60540158429812e-05,3.245770805872826e-05
validation,4020,5.529757495356478e-05,4.800225254498993e-05,3.063291408471727e-05
validation,4021,4.69621135943668e-05,3.123641065296359e-05,2.1442401842775346e-05
validation,4022,5.159425672691685e-05,3.754807936298771e-05,3.1285190224826094e-05
validation,4023,5.335192365630204e-05,4.112964740480776e-05,2.6775364006930216e-05
validation,4024,5.394730043792306e-05,4.4380170845057494e-05,3.503794954003375e-05
validation,4025,5.281845593246839e-05,4.041110731589839e-05,2.7737900854743418e-05
validation,4026,5.68582320881903e-05,4.647899724471872e-05,3.1456672543895586e-05
validation,4027,5.201664453386636e-05,4.249677045700881e-05,2.5995848461458814e-05
validation,4028,4.6806335028037206e-05,3.0308398392542333e-05,2.244199986105514e-05
validation,4029,5.6332522978060674e-05,4.487209967738272e-05,3.3361285909256666e-05
validation,4030,5.111871409489494e-05,4.050963837246237e-05,2.8264067729404417e-05
validation,4031,4.9678912537470746e-05,4.051800450499769e-05,2.906259052462693e-05
validation,4032,4.551772112683634e-05,2.8989799777928525e-05,2.453375892468252e-05
validation,4033,4.822193681962441e-05,3.2437303538143034e-05,1.9408557454020456e-05
validation,4034,5.185792356633119e-05,4.2565629370700944e-05,2.589422306245536e-05
validation,4035,5.843756294892095e-05,4.740933693081027e-05,2.9645464329185698e-05
validation,4036,5.169704234651277e-05,4.192958059910876e-05,2.656432209916604e-05
validation,4037,5.477752823252977e-05,4.607437857111142e-05,3.2865926395599004e-05
validation,4038,5.356216052120813e-05,4.204700460567127e-05,2.5519940833127962e-05
validation,4039,5.246206680281812e-05,3.434910965832378e-05,3.410261569643627e-05
validation,4040,4.7505218901529146e-05,3.975935571910571e-05,3.097643454256167e-05
validation,4041,5.281962730479297e-05,4.1349378217270484e-05,2.6653006197870874e-05
validation,4042,5.492785777583601e-05,3.7325952640043415e-05,2.994880714899479e-05
validation,4043,4.549383503476204e-05,3.20130182404994e-05,2.13382789463971e-05
validation,4044,5.3197897746173196e-05,3.782452399571412e-05,3.0193328448166157e-05
validation,4045,5.89681049110068e-05,4.66300239627641e-05,2.9930754125733648e-05
validation,4046,5.3151936757990195e-05,3.6989903385548084e-05,3.1098293076618515e-05
validation,4047,5.198395179050026e-05,3.9092798813598125e-05,2.9455030338640435e-05
validation,4048,5.657959158281289e-05,4.4928127661159456e-05,3.316958539955053e-05
validation,4049,5.120022452422145e-05,3.983462203088193e-05,2.9102428102398434e-05
validation,4050,5.626224132580694e-05,4.6825823786817535e-05,3.13639273093954e-05
validation,4051,5.32168438026694e-05,4.29469147110697e-05,2.5017672716311633e-05
validation,4052,5.3344330737035255e-05,3.832139463456319e-05,2.9804913834686123e-05
validation,4053,5.869469013155288e-05,4.360214483819168e-05,3.34327340526941e-05
validation,4054,4.477887212982905e-05,3.282418007246241e-05,2.0916032540425206e-05
validation,4055,5.5298735796326006e-05,3.818151648624406e-05,2.8818538524617848e-05
validation,4056,4.4953194331706016e-05,3.322129064908213e-05,2.032430840683705e-05
validation,4057,5.1137069077560514e-05,4.001028572329278e-05,2.8877287969232778e-05
validation,4058,5.812085456045758e-05,4.460103442978204e-05,3.2712031057504585e-05
validation,4059,5.694974717102527e-05,4.4729631373229636e-05,3.31136928551061e-05
validation,4060,5.1722910087236255e-05,4.014207936022301e-05,2.8517631144138212e-05
validation,4061,5.1671487751443916e-05,4.022990994828268e-05,2.842811683602796e-05
validation,4062,5.123004544535556e-05,4.000046483520752e-05,2.909033934074393e-05
validation,4063,5.226476139814505e-05,3.7931578727254575e-05,3.045580779546143e-05
validation,4064,5.727663402276051e-05,4.8231041572908e-05,2.9530245850833913e-05
validation,4065,5.4572140802802034e-05,3.787766914422103e-05,2.945534009646615e-05
validation,4066,4.608096117990908e-05,3.062906039848179e-05,2.2430178993557617e-05
validation,4067,4.625321116792311e-05,3.236351055969291e-05,2.0562163236225203e-05
validation,4068,5.757259506675179e-05,4.4492179995429166e-05,3.3165671143716664e-05
validation,4069,4.6923378887911054e-05,3.15794792538717e-05,2.1130253566199368e-05
validation,4070,4.984989113024846e-05,4.07968495803648e-05,2.8809783011819118e-05
validation,4071,5.676734265365324e-05,4.638429333679853e-05,3.1587444858365424e-05
validation,4072,4.740353649244806e-05,3.2068135180682104e-05,2.0282477389126307e-05
validation,4073,4.760258485769321e-05,3.100847789624187e-05,2.1077972841265033e-05
validation,4074,5.503876975399075e-05,3.868782395442732e-05,2.8518160104030233e-05
validation,4075,5.274210839833993e-05,4.1924250340407035e-05,2.6241636449071432e-05
validation,4076,5.8438824026805536e-05,4.544978857902853e-05,3.156074618437816e-05
validation,4077,5.4011100188108395e-05,4.001128348517366e-05,2.7534634040892476e-05
validation,4078,5.091002412640834e-05,3.719378230984057e-05,3.19869533417175e-05
validation,4079,5.715741554876958e-05,4.483982541893031e-05,3.283846688009126e-05
validation,4080,5.23018828612941e-05,4.035836664139315e-05,2.800684442059133e-05
validation,4081,4.5341839182698996e-05,3.059984653512457e-05,2.300644536912682e-05
validation,4082,5.676161345930321e-05,4.692674781820918e-05,3.0806198675352086e-05
validation,4083,5.424130200549321e-05,4.218752350155554e-05,2.5142646687043526e-05
validation,4084,5.260445757630371e-05,4.143040898766231e-05,2.6827629194002854e-05
validation,4085,4.389549523136213e-05,3.2003293855628475e-05,2.205183080297762e-05
validation,4086,4.919595647499349e-05,3.965660233290977e-05,3.010707058393844e-05
validation,4087,5.587923676999576e-05,4.534483733548437e-05,3.322068711749163e-05
validation,4088,4.3881914464942994e-05,3.132757991324213e-05,2.2758534243887706e-05
validation,4089,5.309587707723466e-05,3.690496635162774e-05,3.118792176814708e-05
validation,4090,5.188872047679613e-05,4.285342871875808e-05,2.571707444016984e-05
validation,4091,4.318872308043947e-05,3.197806080539728e-05,2.227162919478261e-05
validation,4092,5.445452940230049e-05,4.509499151383217e-05,3.4023623332691415e-05
validation,4093,5.311673264655257e-05,3.957162793757163e-05,2.816471374122067e-05
validation,4094,5.701658889605963e-05,4.5575413748606675e-05,3.2345221179087824e-05
validation,4095,4.6847790311004526e-05,3.147682423725044e-05,2.124588753664553e-05
validation,4096,4.463702449406265e-05,3.329326711068212e-05,2.0218117828191504e-05
validation,4097,5.331448837489517e-05,3.965820585843099e-05,2.822014708143076e-05
validation,4098,5.209719615934326e-05,3.907113720077784e-05,2.9414322647933615e-05
validation,4099,4.505109465835993e-05,3.297345492724554e-05,2.0478562692363183e-05
validation,4100,5.828964351877299e-05,4.742859082607938e-05,2.952176676950663e-05
validation,4101,5.433907721441806e-05,4.706905249472412e-05,3.198496870793221e-05
validation,4102,5.130328688845192e-05,4.0254036614361456e-05,2.8622421270002085e-05
validation,4103,5.3046765392031445e-05,4.228731051793496e-05,2.5734378154112937e-05
validation,4104,5.771241204617731e-05,4.5276428569014605e-05,3.213795512894568e-05
validation,4105,5.85351908804615e-05,4.6513561271335934e-05,3.051078138668536e-05
validation,4106,4.544118151461767e-05,3.085174330923743e-05,2.261440240594928e-05
validation,4107,5.323226938547167e-05,4.563177190508474e-05,3.3981713371461816e-05
validation,4108,4.744970856003916e-05,3.093466523841919e-05,2.1542553037120508e-05
validation,4109,5.1162221723019525e-05,3.911942156948994e-05,2.9788188507664543e-05
validation,4110,4.917387537477243e-05,3.969909348141364e-05,3.0303527961964855e-05
validation,4111,4.696276684672765e-05,2.948402130365592e-05,2.3064259372147466e-05
validation,4112,5.817633171074358e-05,4.869246103868635e-05,2.8224985638562015e-05
validation,4113,5.405759205764919e-05,3.828514780448849e-05,2.9252530471713685e-05
validation,4114,5.039039277881202e-05,4.122295550348266e-05,2.8202678998545678e-05
validation,4115,5.204807429752332e-05,4.004067689277122e-05,2.8500766368671406e-05
validation,4116,5.371271206183563e-05,3.96738342742659e-05,2.8095566579652286e-05
validation,4117,4.642456376515598e-05,2.9312978092638535e-05,2.3632825388825436e-05
validation,4118,5.860831026012301e-05,4.403936059700131e-05,3.315062427449584e-05
validation,4119,4.899060445732787e-05,3.267285489240662e-05,1.8984725549815872e-05
validation,4120,5.4476236575826005e-05,3.869054137509006e-05,2.8794666018580597e-05
validation,4121,5.088547339902557e-05,4.028195263750378e-05,2.877499128999521e-05
validation,4122,4.6803582227446985e-05,3.406311582846459e-05,1.8582891053954206e-05
validation,4123,5.778016848300138e-05,4.3936717822620376e-05,3.3663188653838766e-05
validation,4124,4.622529611651355e-05,3.138317241627008e-05,2.1587314616586122e-05
validation,4125,5.367043808463234e-05,3.9974472344042576e-05,2.761365057028505e-05
validation,4126,5.2137184693595086e-05,4.080137490251691e-05,2.758862217613394e-05
validation,4127,5.258584611981337e-05,3.9290086318979476e-05,2.8947394023081773e-05
validation,4128,5.217770663404581e-05,4.1023046417250316e-05,2.7430057141402307e-05
validation,4129,5.28362449469692e-05,4.013121833714684e-05,2.803276520512547e-05
validation,4130,4.55989650868075e-05,3.2954405667502076e-05,2.03271995995622e-05
validation,4131,4.655107436070832e-05,3.305605995480359e-05,1.979217424781674e-05
validation,4132,5.3031061532669226e-05,3.8008756812422186e-05,3.0016868776902322e-05
validation,4133,5.729550252885913e-05,4.7669971918401006e-05,2.980850184266632e-05
validation,4134,5.285504975052762e-05,3.9611975842979005e-05,2.84633572055198e-05
validation,4135,5.623231784211992e-05,4.891142959489143e-05,2.9113996717699468e-05
validation,4136,5.316818715555123e-05,3.8557067825607405e-05,2.9401065138235106e-05
validation,4137,4.8872324326765296e-05,3.317164480635079e-05,1.8302853687036008e-05
validation,4138,5.672459530142645e-05,4.893410170157563e-05,2.9023232852044e-05
validation,4139,4.823599133513633e-05,2.8660099834698315e-05,2.3304912623287433e-05
validation,4140,5.7421157703433514e-05,4.73507867958679e-05,3.0074417090036893e-05
validation,4141,5.722556756079816e-05,4.851836154622065e-05,2.9159831246262185e-05
validation,4142,4.6335009693384254e-05,3.264297749297915e-05,2.0336901511365518e-05
validation,4143,4.742033993192339e-05,3.234177123876532e-05,1.994473060100933e-05
validation,4144,5.5212588483532344e-05,4.597439424816179e-05,3.276730465812352e-05
validation,4145,5.953677662897039e-05,4.6479043086682375e-05,3.0019725438957764e-05
validation,4146,5.174782255170449e-05,4.118786512927901e-05,2.748017240373359e-05
validation,4147,5.1733561380616486e-05,4.260110683045437e-05,2.5847169739523752e-05
validation,4148,5.221745105801255e-05,4.05324008571953e-05,2.781676993208153e-05
validation,4149,4.266747827651775e-05,3.3403363988398455e-05,2.120145793182212e-05
validation,4150,5.154346473705318e-05,4.012076387741135e-05,2.8625409949947688e-05
validation,4151,4.6137646220493616e-05,3.4605967278316714e-05,1.833082728636781e-05
validation,4152,4.761758566720745e-05,3.254495270560794e-05,1.9833071505174596e-05
validation,4153,4.7762041335485525e-05,2.9211093014630813e-05,2.3138395455611807e-05
validation,4154,5.373879367098116e-05,4.581419517564998e-05,3.357904413604657e-05
validation,4155,5.2937494170435724e-05,4.549895073741246e-05,3.434531311506238e-05
validation,4156,5.2881464435560286e-05,3.850415755279739e-05,2.9782578266929953e-05
validation,4157,5.614886502443699e-05,4.367774892304099e-05,3.464454482038112e-05
validation,4158,4.435684890476459e-05,3.0366694785064683e-05,2.3673071045859708e-05
validation,4159,5.434839316340571e-05,3.7188480771997954e-05,3.026564099660958e-05
validation,4160,4.434740892975503e-05,3.19965979028375e-05,2.1767405879992684e-05
validation,4161,5.148248624727139e-05,4.268485990206946e-05,2.602041867510784e-05
validation,4162,4.649612712067925e-05,3.0419160625207584e-05,2.2392214612877283e-05
validation,4163,5.0610318100744596e-05,3.975276424209317e-05,2.9477914336206834e-05
validation,4164,5.558441626846008e-05,4.514280467559206e-05,3.340842308087627e-05
validation,4165,4.7820954727124865e-05,2.9476942624247596e-05,2.287832468518796e-05
validation,4166,5.360956228320915e-05,4.051481212338098e-05,2.7205142785250387e-05
validation,4167,5.2632122208729214e-05,4.329221401452155e-05,2.4739664470863164e-05
validation,4168,5.795497187207762e-05,4.533251595864734e-05,3.203854020967045e-05
validation,4169,5.531474737873337e-05,4.39542201301413e-05,3.481943876212852e-05
validation,4170,5.281990022374674e-05,3.563743268852312e-05,3.263059989056636e-05
validation,4171,5.1860725562379554e-05,4.049361225416775e-05,2.815576498274034e-05
validation,4172,5.4868317973545915e-05,4.62135003552908e-05,3.279471068514874e-05
validation,4173,5.6252700593686034e-05,4.653072415885993e-05,3.165794589503336e-05
validation,4174,5.502742967353067e-05,3.809511065845376e-05,2.9067617737332354e-05
validation,4175,4.640929929436978e-05,3.2148135452698914e-05,2.0672160486364616e-05
validation,4176,5.7418601157698516e-05,4.558090063968731e-05,3.21179227994328e-05
validation,4177,4.617216174887048e-05,3.328515147375663e-05,1.96521387190996e-05
validation,4178,5.312820996192429e-05,4.1030306876335316e-05,2.7012763982188596e-05
validation,4179,5.6915209712059336e-05,4.398230202193933e-05,3.3978846695505014e-05
validation,4180,5.2001908890951934e-05,4.409980336477116e-05,2.4281287195163755e-05
validation,4181,5.32700965029374e-05,3.5736310176942065e-05,3.212252212789609e-05
validation,4182,5.22524571993262e-05,4.0826923614583474e-05,2.757745516190622e-05
validation,4183,5.692209389320919e-05,4.48068594009516e-05,3.3090780178617406e-05
validation,4184,5.190064077054453e-05,4.0877074639085184e-05,2.7714759437031408e-05
validation,4185,5.376377292682515e-05,4.08490982458087e-05,2.6859066154926296e-05
validation,4186,4.5614201506689285e-05,3.437049992005381e-05,1.8870041220684564e-05
validation,4187,4.359200056849187e-05,2.722714610439274e-05,2.729434256897213e-05
validation,4188,5.8011824590298696e-05,4.551450289881506e-05,3.18361176525609e-05
validation,4189,4.653989601258002e-05,3.379345568283913e-05,1.894445025596111e-05
validation,4190,4.398775235735402e-05,2.9069727976240387e-05,2.498435036016368e-05
validation,4191,5.025150150737483e-05,3.838697958777157e-05,3.098000098319611e-05
validation,4192,4.578093676832501e-05,3.280844926982812e-05,2.0283866555484452e-05
validation,4193,4.649544207896905e-05,3.3954551665060097e-05,1.8726075303941278e-05
validation,4194,4.960913875155961e-05,2.632634913010847e-05,2.5229379978298526e-05
validation,4195,5.5178396648777225e-05,3.686291508769417e-05,3.029047537260761e-05
validation,4196,5.754859626510412e-05,4.525035275387989e-05,3.243517992402822e-05
validation,4197,4.486809235332758e-05,3.298997940431516e-05,2.0511201586875797e-05
validation,4198,5.634601588396485e-05,4.5356912321542176e-05,3.276833932967549e-05
validation,4199,5.248688977516636e-05,3.9023181767259734e-05,2.9348016895585606e-05
validation,4200,5.5549983688293676e-05,4.6610574815162e-05,3.1866716595880944e-05
validation,4201,5.364799252861474e-05,3.6985239026772414e-05,3.085440758090619e-05
validation,4202,5.27032495583676e-05,3.982926321255397e-05,2.842370145226803e-05
validation,4203,5.394116142235654e-05,4.387671077241654e-05,2.3309859587968686e-05
validation,4204,5.738949994222203e-05,4.230874459017174e-05,3.549336349972117e-05
validation,4205,4.7668084273004805e-05,3.428948702057441e-05,1.7736987127014668e-05
validation,4206,4.475288079551411e-05,3.0006606707446286e-05,2.3675635808531973e-05
validation,4207,5.1554810524491146e-05,3.6571390709292765e-05,3.2351910011732584e-05
validation,4208,5.5440149727709524e-05,4.739853823219065e-05,3.115599829861779e-05
validation,4209,5.308327609663698e-05,3.721401280746458e-05,3.090310873839752e-05
validation,4210,5.3290169247318356e-05,4.0124311023697225e-05,2.7505956168339772e-05
validation,4211,5.576951589509809e-05,4.6204216271245324e-05,3.2255174654461936e-05
validation,4212,5.477612297925779e-05,4.408882543114507e-05,3.484905043086272e-05
validation,4213,4.640114767229571e-05,3.0641067933770514e-05,2.2312560891266262e-05
validation,4214,5.480556915773077e-05,4.55817271703852e-05,3.350724907463855e-05
validation,4215,4.4718967699552036e-05,2.8580711276473223e-05,2.5164814435310115e-05
validation,4216,5.677923403196039e-05,4.71202851808313e-05,3.07498531075269e-05
validation,4217,4.7665695933608096e-05,3.174351754098496e-05,2.045037918236985e-05
validation,4218,5.298262946113161e-05,3.771031962458282e-05,3.0444650969905867e-05
validation,4219,5.22279696158604e-05,3.6915444019599295e-05,3.164409956513436e-05
validation,4220,5.7295794723961796e-05,4.396279249799439e-05,3.385656640649958e-05
validation,4221,5.666678524041242e-05,4.7801599653485706e-05,3.0237772643502823e-05
validation,4222,4.704716647615525e-05,3.419753307799588e-05,1.8153149722718402e-05
validation,4223,5.0850074837760625e-05,3.853516976614832e-05,3.081116188873943e-05
validation,4224,5.122137422441916e-05,3.993454188350502e-05,2.895954215202676e-05
validation,4225,4.4292834900951944e-05,2.918487190464008e-05,2.4757001441782536e-05
validation,4226,4.47154792305856e-05,3.231809314489293e-05,2.12229125583448e-05
validation,4227,5.1366565111673476e-05,3.749392554387087e-05,3.140917525892344e-05
validation,4228,5.062733211857541e-05,3.9978263088863414e-05,2.9200406220430593e-05
validation,4229,5.748587551882398e-05,4.325748664779324e-05,3.4574219851628376e-05
validation,4230,5.1696686516964277e-05,4.06109312824557e-05,2.808441460369426e-05
validation,4231,5.672264438439599e-05,4.8930595418563386e-05,2.90503722502467e-05
validation,4232,4.361204886174248e-05,3.2547827749484216e-05,2.1610025642748865e-05
validation,4233,5.545384800451629e-05,4.4800429674378994e-05,3.3831463985135715e-05
validation,4234,5.1563059297774143e-05,4.2844065310934997e-05,2.578185810229034e-05
validation,4235,5.091708666870235e-05,4.025384972208411e-05,2.8778211845355156e-05
validation,4236,5.2946055034816755e-05,3.855568604021615e-05,2.942572300580313e-05
validation,4237,5.702384980522764e-05,4.58614360572237e-05,3.2050352478014115e-05
validation,4238,5.197934894533063e-05,4.053814522704288e-05,2.7918704624978746e-05
validation,4239,5.186015883305591e-05,4.048737118149734e-05,2.815017751413556e-05
validation,4240,5.2790808259384593e-05,3.8820708372027985e-05,2.9403046204969527e-05
validation,4241,4.543971443862867e-05,2.9650963794134208e-05,2.3578499546355088e-05
validation,4242,5.651519433820248e-05,4.2918458334569745e-05,3.521663488217039e-05
validation,4243,4.4336445069050554e-05,3.142540998892364e-05,2.2413026953490408e-05
validation,4244,4.729280978408629e-05,3.3324324912126244e-05,1.8926511852426768e-05
validation,4245,5.264364413333028e-05,3.7729149321733734e-05,3.056188336657498e-05
validation,4246,5.659625105012855e-05,4.479940897446893e-05,3.328012274507727e-05
validation,4247,4.798540857868493e-05,3.0756716316378834e-05,2.1317976770774723e-05
validation,4248,4.5968353938051615e-05,3.16808769094951e-05,2.1375065672180897e-05
validation,4249,5.2542069226300784e-05,4.39557971296406e-05,2.403930828448691e-05
validation,4250,5.315031426578246e-05,3.843828081068629e-05,2.9605662024377835e-05
validation,4251,5.56126298409469e-05,4.631276136666675e-05,3.2315852240423806e-05
validation,4252,5.180100177522515e-05,3.5068470775471744e-05,3.36374041238763e-05
validation,4253,5.271809567388553e-05,4.288602242909789e-05,2.5107194738035995e-05
validation,4254,5.153289764291907e-05,4.154726580554663e-05,2.7095938980350407e-05
validation,4255,4.513215275260923e-05,3.367683157110804e-05,1.9797614259344158e-05
validation,4256,5.2468687777810154e-05,4.143061181971202e-05,2.6884210792187052e-05
validation,4257,5.595185412739156e-05,4.6319344493916915e-05,3.214446736553201e-05
validation,4258,4.7735173286174434e-05,3.3767991665649435e-05,1.836534867061776e-05
validation,4259,5.119696247817007e-05,3.783700560301772e-05,3.111221092450278e-05
validation,4260,5.275082377942161e-05,4.133414560154012e-05,2.6866877084579715e-05
validation,4261,5.8595166198223583e-05,4.431128386027105e-05,3.2788958749155206e-05
validation,4262,4.770388203608043e-05,3.47253206193298e-05,1.7251389835988592e-05
validation,4263,5.3667929970052754e-05,3.994415241969099e-05,2.7758111614743026e-05
validation,4264,5.583985709384748e-05,4.7890665520400905e-05,3.0430715303952824e-05
validation,4265,5.541360147316511e-05,4.540540514028256e-05,3.3237457387748424e-05
validation,4266,5.2510668028859264e-05,4.119155690898542e-05,2.685500740081316e-05
validation,4267,5.381550530559931e-05,4.319612143364314e-05,2.4235714088874086e-05
validation,4268,4.5499542724999164e-05,3.4506227152116145e-05,1.876858700542152e-05
validation,4269,5.6892972234434944e-05,4.927736567055427e-05,2.838217322954679e-05
validation,4270,4.647906266734887e-05,3.209952385095707e-05,2.077832494224124e-05
validation,4271,5.403063925128141e-05,4.535446177102471e-05,3.395337800735622e-05
validation,4272,5.7407617140778504e-05,4.658257765743039e-05,3.1024520792923116e-05
validation,4273,5.4494575938352725e-05,4.743256743370259e-05,3.1560593769507117e-05
validation,4274,5.435205522633668e-05,4.783518144675636e-05,3.1236035394471334e-05
validation,4275,4.591203568652986e-05,3.2158920437819644e-05,2.102033230332104e-05
validation,4276,5.663298900712004e-05,4.061568990817037e-05,3.754027679378365e-05
validation,4277,5.484554345004121e-05,4.307185899832839e-05,3.6025080689169886e-05
validation,4278,5.31208007774837e-05,3.849078005094279e-05,2.951413137598624e-05
validation,4279,4.685013021152918e-05,3.2187303512768685e-05,2.0379493554741882e-05
validation,4280,5.637777101495242e-05,4.503678508611178e-05,3.308105607284932e-05
validation,4281,4.5337740148022925e-05,3.380984684035621e-05,1.950717959940365e-05
validation,4282,5.350548896302166e-05,3.822139268868597e-05,2.970075838315696e-05
validation,4283,5.329786276842932e-05,4.1992826712822007e-05,2.5847123776311007e-05
validation,4284,4.790175853389096e-05,3.0448926534119597e-05,2.18378350591072e-05
validation,4285,5.287853322839016e-05,4.252981949299972e-05,2.5404456634387152e-05
validation,4286,5.6685215332661326e-05,4.730988084197704e-05,3.0680496517439886e-05
validation,4287,5.439675986770936e-05,4.078954628334498e-05,2.666376123734855e-05
validation,4288,4.630404312920027e-05,3.632073040037092e-05,1.6498635575052986e-05
validation,4289,5.384716025553742e-05,4.5129099616996016e-05,3.42860908647359e-05
validation,4290,4.381203423009227e-05,3.291774138006934e-05,2.1140390951721254e-05
validation,4291,5.269022303399393e-05,4.199858458237753e-05,2.594279023228553e-05
validation,4292,4.481494682035891e-05,3.181152754572374e-05,2.181036325037479e-05
validation,4293,5.4044439124500223e-05,4.040315139275445e-05,2.7105272177063218e-05
validation,4294,5.4414196827060345e-05,4.6766453272272044e-05,3.238693602281349e-05
validation,4295,5.716992030691411e-05,4.601405563830584e-05,3.168384587187962e-05
validation,4296,5.3853303019084645e-05,3.970193561115277e-05,2.796010901436261e-05
validation,4297,5.743501401596414e-05,4.5783727884499885e-05,3.190923882421572e-05
validation,4298,5.154874294793167e-05,4.2115867774032196e-05,2.6625146398829078e-05
validation,4299,5.4343781402327905e-05,4.613279890392604e-05,3.309394161176873e-05
validation,4300,5.063160650981124e-05,4.1147572101493564e-05,2.792403179917968e-05
validation,4301,5.080160058065367e-05,3.8099428314173126e-05,3.101474385759929e-05
validation,4302,5.263438675189301e-05,4.0728133699230114e-05,2.7498102824745724e-05
validation,4303,4.689922914442906e-05,3.0288537942142226e-05,2.2342279663801317e-05
validation,4304,5.5819907906582125e-05,4.7692053787873336e-05,3.0698950439066964e-05
validation,4305,4.5096016140257496e-05,3.193572053471338e-05,2.1596149881356527e-05
validation,4306,5.6699724917031825e-05,4.431719494295162e-05,3.3803171293833245e-05
validation,4307,4.507245006253864e-05,2.7823659574521232e-05,2.575580505728645e-05
validation,4308,5.117023120654659e-05,4.242498052087822e-05,2.6457771165980595e-05
validation,4309,5.8358758517134715e-05,4.403297823687037e-05,3.3166206385135985e-05
validation,4310,4.599103489148268e-05,3.382760962515565e-05,1.9143678895815656e-05
validation,4311,5.348366611294747e-05,3.852818276692056e-05,2.9382643640620034e-05
validation,4312,5.7155491905852495e-05,4.8458694480234777e-05,2.924406683331249e-05
validation,4313,5.5671379768757135e-05,4.5169030251978996e-05,3.3252278287625216e-05
validation,4314,5.172159077773149e-05,3.7259125838197633e-05,3.147091099757355e-05
validation,4315,5.280307851151209e-05,3.5211952822004746e-05,3.3064128161222704e-05
validation,4316,4.499860710332655e-05,3.4120610693812196e-05,1.9390261804539167e-05
validation,4317,5.816565747458819e-05,4.822237023436992e-05,2.888812770136955e-05
validation,4318,5.525982046780604e-05,4.815516783951141e-05,3.0396698993429197e-05
validation,4319,5.131195227722804e-05,3.705210143457811e-05,3.1855156286946545e-05
validation,4320,5.146520921677205e-05,3.9742147457137565e-05,2.921483742644317e-05
validation,4321,5.257683380416587e-05,3.8440773847100526e-05,2.9877975403784725e-05
validation,4322,5.503022596220902e-05,3.6009269001629884e-05,3.120254622144964e-05
validation,4323,5.401998907241958e-05,4.0276025051473285e-05,2.7166444019956928e-05
validation,4324,4.67833723887978e-05,2.8662123902534592e-05,2.422369372247016e-05
validation,4325,5.6107687385182205e-05,4.557613665823181e-05,3.270225409804939e-05
validation,4326,5.358856797597576e-05,4.359338041869143e-05,2.3927624889336287e-05
validation,4327,4.6734779109187766e-05,3.366185216404476e-05,1.8920518469936856e-05
validation,4328,5.1086909756579815e-05,4.1299148975896356e-05,2.773068463588013e-05
validation,4329,4.7836088600065836e-05,3.0832619364935945e-05,2.15377822043866e-05
validation,4330,4.4909245577792476e-05,2.7419893175454234e-05,2.624487284716851e-05
validation,4331,5.327829625707172e-05,3.7479040999596884e-05,3.0527671344108805e-05
validation,4332,5.2459626483507446e-05,4.2073997360985326e-05,2.614042724753486e-05
validation,4333,5.2062351830170924e-05,4.018467627549048e-05,2.8350392152797995e-05
validation,4334,5.4479422957330575e-05,4.339939338967092e-05,3.563880928263546e-05
validation,4335,5.469458679601282e-05,3.8195552766337446e-05,2.915530383895153e-05
validation,4336,5.668487547610414e-05,4.3898904225743576e-05,3.4130143060494413e-05
validation,4337,5.756616597841929e-05,4.53472675773944e-05,3.230112213251351e-05
validation,4338,5.109615028368199e-05,4.145061248223753e-05,2.745933168307724e-05
validation,4339,4.592860594153812e-05,3.1156717578615185e-05,2.200379159619391e-05
validation,4340,5.150286016289583e-05,4.1008553037965105e-05,2.775556636239179e-05
validation,4341,5.233663831909051e-05,3.795123343923536e-05,3.0480324355786116e-05
validation,4342,5.1899856504803516e-05,4.1053929013126743e-05,2.75100228775559e-05
validation,4343,5.332548645001784e-05,4.0913048679164425e-05,2.7042686873538217e-05
validation,4344,5.150978609256503e-05,4.060293378031395e-05,2.8142104443252786e-05
validation,4345,5.265531584460162e-05,3.943781662980618e-05,2.8808437141714353e-05
validation,4346,5.6271172794888136e-05,4.870674262779975e-05,2.944074843220356e-05
validation,4347,5.7589994474329824e-05,4.904479645732041e-05,2.83064724393036e-05
validation,4348,5.563760047565766e-05,4.4093130064009536e-05,3.447686492431982e-05
validation,4349,5.214848664966517e-05,3.619146757210489e-05,3.238819937939688e-05
validation,4350,4.5363372842321e-05,3.238537840931995e-05,2.111023167118402e-05
validation,4351,5.183788940666555e-05,3.958355518093383e-05,2.9020498529973464e-05
validation,4352,4.658455609959497e-05,2.8928677127203624e-05,2.38785162642346e-05
validation,4353,4.5067318130081334e-05,3.338011229549226e-05,2.0095258206969894e-05
validation,4354,5.5341214458220596e-05,3.835825369223241e-05,2.860980085180493e-05
validation,4355,5.204331005577683e-05,3.972335364517786e-05,2.879736546871801e-05
validation,4356,4.778613393265558e-05,2.9750082440533642e-05,2.233389945342364e-05
validation,4357,5.5914917266624425e-05,4.7733612515322044e-05,3.044027220361005e-05
validation,4358,5.2299000820089665e-05,3.8538813114406694e-05,3.001325754054545e-05
validation,4359,5.685367161667426e-05,4.567261682561789e-05,3.230958921522105e-05
validation,4360,5.292626972952477e-05,3.922301989937413e-05,2.8742432489715614e-05
validation,4361,5.184674175351852e-05,4.029040613371113e-05,2.8362107012209156e-05
validation,4362,5.8523787127973907e-05,4.647001549445227e-05,3.0475072814051692e-05
validation,4363,5.101781433270426e-05,4.00552630680538e-05,2.8906694646058544e-05
validation,4364,5.556431013751075e-05,4.675174130487792e-05,3.1759092173951874e-05
validation,4365,5.259420149601724e-05,4.1596336770381506e-05,2.66721761188299e-05
validation,4366,5.3523871980435695e-05,4.1324219832735504e-05,2.643919660699717e-05
validation,4367,5.5443582365862854e-05,4.825850008981741e-05,3.0276023300579398e-05
validation,4368,5.0443767274313385e-05,3.9625924149930105e-05,2.9894394834685365e-05
validation,4369,5.135127848604602e-05,3.671791395039918e-05,3.217534293708565e-05
validation,4370,4.512997232499743e-05,3.224209530119477e-05,2.1281082782074773e-05
validation,4371,5.591314232480069e-05,4.509969187704823e-05,3.331096595578775e-05
validation,4372,5.258355073670813e-05,3.549196294710338e-05,3.2863564529713036e-05
validation,4373,5.365850271789779e-05,4.0060299257035804e-05,2.7550110807684926e-05
validation,4374,4.6075036280211035e-05,3.174223550379371e-05,2.12960377258298e-05
validation,4375,5.333031536836837e-05,3.904211325502663e-05,2.8933305892131546e-05
validation,4376,5.7233349560299705e-05,4.171787846483856e-05,3.6057924906515936e-05
validation,4377,5.663254764157539e-05,4.78494753403845e-05,3.0117536911209435e-05
validation,4378,5.117546672089636e-05,3.807449672881072e-05,3.089026018324318e-05
validation,4379,5.0431473168911014e-05,4.00259450787614e-05,2.9132055927748874e-05
validation,4380,4.460836277020021e-05,3.266294033718489e-05,2.0887894008043924e-05
validation,4381,5.0804452070214254e-05,3.9215476400478775e-05,2.9881858509775705e-05
validation,4382,5.750871447003431e-05,4.43946269129902e-05,3.330839660682179e-05
validation,4383,5.2134775621979396e-05,3.8054530954637534e-05,3.0364538598990222e-05
validation,4384,5.8971551828702086e-05,4.4916008386438437e-05,3.210869724350129e-05
validation,4385,5.502814157789282e-05,4.07498161750527e-05,2.633164313343073e-05
validation,4386,4.557976941354481e-05,3.376034220935168e-05,1.9478169243213237e-05
validation,4387,4.6614836112767846e-05,3.3040323580274936e-05,1.9665290405039784e-05
validation,4388,5.168335795192772e-05,4.0308976435571315e-05,2.8354888613028358e-05
validation,4389,5.220503133140926e-05,3.869233291389163e-05,2.976574891822836e-05
validation,4390,5.17632431184545e-05,4.02473424595673e-05,2.8298213866718608e-05
validation,4391,5.8078202117803954e-05,4.2838128318795685e-05,3.461748250696162e-05
validation,4392,5.171652777761242e-05,4.253676092334851e-05,2.606877572520493e-05
validation,4393,5.3261783100511625e-05,3.9484728898587264e-05,2.8513361143951532e-05
validation,4394,5.6538558632768624e-05,4.393328478747257e-05,3.4220899550902355e-05
validation,4395,5.2543858255783095e-05,4.281230561879488e-05,2.526811192360654e-05
validation,4396,5.23359843600261e-05,4.0979631727741775e-05,2.741929728914159e-05
validation,4397,5.421588166883619e-05,4.181120968206502e-05,2.5545848020142308e-05
validation,4398,5.3963020900005506e-05,4.116529996082594e-05,2.630337107475438e-05
validation,4399,5.5071194683704875e-05,4.706952115623839e-05,3.171770525517252e-05
validation,4400,5.2064022219858374e-05,4.1819153588627385e-05,2.657483065535869e-05
validation,4401,5.686188089762684e-05,4.372476616341801e-05,3.417170420260577e-05
validation,4402,5.0756591959658395e-05,4.1304390246299214e-05,2.780751749314492e-05
validation,4403,5.664653423423527e-05,4.457966521386697e-05,3.345955903233489e-05
validation,4404,5.671671600859623e-05,4.284948352778364e-05,3.5296120696397615e-05
validation,4405,5.235346599880179e-05,3.891704815906768e-05,2.9380524453006048e-05
validation,4406,5.090815297138711e-05,4.2543910266196955e-05,2.6430345009776986e-05
validation,4407,4.3880009175460684e-05,3.1251794391022306e-05,2.2835111674659944e-05
validation,4408,5.558189669459168e-05,4.525914284231808e-05,3.347929338253016e-05
validation,4409,5.2141451695057294e-05,4.030624516237143e-05,2.816112261152129e-05
validation,4410,5.31914211199206e-05,3.596336779728558e-05,3.2262051103417515e-05
validation,4411,5.670734259550425e-05,4.7786927375102986e-05,3.012002892669464e-05
validation,4412,5.159644133577577e-05,4.1659745382900756e-05,2.7103249887318213e-05
validation,4413,5.795040431613381e-05,4.4194431321957484e-05,3.314446663692819e-05
validation,4414,5.002390943060906e-05,4.029570349145682e-05,2.9318229816103108e-05
validation,4415,4.925199698538059e-05,3.151087077274167e-05,1.9962682921270434e-05
validation,4416,5.2464781085281426e-05,4.335306464749037e-05,2.4878396507659007e-05
validation,4417,5.548418449859178e-05,4.903107973674698e-05,2.9388107568144615e-05
validation,4418,4.730953826873891e-05,2.7236144138104492e-05,2.5270098456670748e-05
validation,4419,5.445425422523501e-05,3.6634930269503345e-05,3.086795631224035e-05
validation,4420,5.784959123949239e-05,4.280106893282727e-05,3.4668408913305554e-05
validation,4421,5.217122848653586e-05,4.0238283895868595e-05,2.817057190031192e-05
validation,4422,5.530359108030963e-05,4.8365879684763254e-05,3.0330356318725365e-05
validation,4423,4.6379588505610364e-05,3.113410729944119e-05,2.1817663357793187e-05
validation,4424,5.346898680476503e-05,4.0518307286491744e-05,2.745026388275793e-05
validation,4425,5.231066276568904e-05,4.040033322970143e-05,2.8021051800215384e-05
validation,4426,5.299137634506516e-05,3.930693522025265e-05,2.8815046944908963e-05
validation,4427,5.8095392052184064e-05,4.4609998704978694e-05,3.292153455399986e-05
validation,4428,5.306660339490781e-05,3.887584541658618e-05,2.9092310216883904e-05
validation,4429,5.555436924344003e-05,4.9150996522451324e-05,2.9238966997197248e-05
validation,4430,5.0858410831797415e-05,3.599280760732243e-05,3.313323254857467e-05
validation,4431,5.27132080732309e-05,4.174075079126255e-05,2.628680938118294e-05
validation,4432,4.608852933012701e-05,3.326148956214812e-05,1.9694012828675857e-05
validation,4433,5.6321434608989366e-05,4.573157207314562e-05,3.247167239731101e-05
validation,4434,5.790521458460749e-05,4.4027585489202426e-05,3.357017720057406e-05
validation,4435,5.187667205583256e-05,4.112700270412875e-05,2.728343783612405e-05
validation,4436,4.507968780093546e-05,3.34954588243874e-05,1.9898849664296035e-05
validation,4437,5.612035745564177e-05,4.3812458667622085e-05,3.45334584531534e-05
validation,4438,5.616887740310215e-05,4.681945736697607e-05,3.1410548988627154e-05
validation,4439,5.6338801084516764e-05,4.629250365122024e-05,3.1935182296955145e-05
validation,4440,5.327209420332148e-05,4.184279037306587e-05,2.6037587788609806e-05
validation,4441,5.618799065126825e-05,4.244446510916319e-05,3.5825260439755465e-05
validation,4442,5.667490192587172e-05,4.614090460875244e-05,3.188777183221554e-05
validation,4443,5.351275971864924e-05,3.928481323951053e-05,2.8582985176409627e-05
validation,4444,5.1200368882159205e-05,4.025995297617148e-05,2.862966835855213e-05
validation,4445,4.65960195569568e-05,3.362555663649015e-05,1.9204022964506467e-05
validation,4446,5.602379220612831e-05,4.710190324629943e-05,3.119119017715896e-05
validation,4447,5.5610602695553144e-05,4.301424765749221e-05,3.57770225049577e-05
validation,4448,5.404112955386799e-05,3.6926525113529786e-05,3.070847972140808e-05
validation,4449,5.721550347690335e-05,4.74355337882856e-05,3.024633082508857e-05
validation,4450,4.912559752616661e-05,4.401226362781669e-05,2.5525870303645574e-05
validation,4451,5.6485055715449085e-05,4.5656077623429926e-05,3.237761595621693e-05
validation,4452,5.1869767651334075e-05,4.2417466593996815e-05,2.6179436999464777e-05
validation,4453,5.4591832679269394e-05,4.566794781206549e-05,3.348917716278565e-05
validation,4454,5.125608766428494e-05,4.064869953637421e-05,2.821254222400115e-05
validation,4455,5.1327384185493685e-05,4.025636591739735e-05,2.8598749797203004e-05
validation,4456,5.1793306534849834e-05,4.060811957036685e-05,2.8009206299557795e-05
validation,4457,5.6063688721159586e-05,4.3261594422111954e-05,3.511143702416439e-05
validation,4458,5.649548319486473e-05,4.39298222553628e-05,3.421365003127794e-05
validation,4459,5.3355974491118794e-05,3.803905900717941e-05,3.0102579986511177e-05
validation,4460,5.75082361408956e-05,4.219339284045603e-05,3.5426253674601164e-05
validation,4461,5.180615388346918e-05,3.8750338651477236e-05,2.9792762485456645e-05
validation,4462,4.687265263694054e-05,3.298344787527781e-05,1.953382107309781e-05
validation,4463,4.882898000705419e-05,3.2604334209970816e-05,1.896492469206263e-05
validation,4464,5.058250759958291e-05,4.168375405473422e-05,2.7467353633104306e-05
validation,4465,5.193984053756141e-05,3.794047033039491e-05,3.0662379587031355e-05
validation,4466,5.301779339513383e-05,4.109639887755292e-05,2.6808700998293556e-05
validation,4467,5.449087469457421e-05,4.450145644892005e-05,3.444732673211069e-05
validation,4468,5.5126722576917924e-05,4.410278893192121e-05,3.4665853596794737e-05
validation,4469,5.3417055647157645e-05,4.23606700807212e-05,2.525481358986186e-05
validation,4470,5.417951408532732e-05,4.15778899427901e-05,2.5940089138554382e-05
validation,4471,5.046123064425563e-05,4.097230978644674e-05,2.826902198708329e-05
validation,4472,5.53977673413495e-05,4.767222397671826e-05,3.1111716381236966e-05
validation,4473,5.73857689338962e-05,4.241586195319732e-05,3.539405095169952e-05
validation,4474,5.2221929649643054e-05,4.150547534186078e-05,2.6799752326491373e-05
validation,4475,5.527956931523259e-05,4.9262322365882215e-05,2.9089110059235843e-05
validation,4476,4.649022315863294e-05,3.2853629716507406e-05,1.98546590757776e-05
validation,4477,5.445328436783044e-05,4.8339383708628665e-05,3.056428848969905e-05
validation,4478,4.518366158826863e-05,3.429923954829623e-05,1.9073704692647516e-05
validation,4479,4.5633088848494705e-05,3.32588584344737e-05,1.9997678283109307e-05
validation,4480,4.854187886302987e-05,4.113553953071689e-05,2.9051176412104573e-05
validation,4481,5.3260309870294065e-05,4.1997970639273226e-05,2.5869727694120825e-05
validation,4482,4.490682524224442e-05,3.4047257637126796e-05,1.9544373526275073e-05
validation,4483,4.633999714422517e-05,3.146605015105347e-05,2.1529038482117497e-05
validation,4484,4.713214487972448e-05,3.15591414166858e-05,2.1030290295196488e-05
validation,4485,4.745370322136507e-05,3.4414597507913006e-05,1.799865902525268e-05
validation,4486,5.552248794694942e-05,4.534829030273877e-05,3.3233512857338335e-05
validation,4487,5.425087678719818e-05,4.623353523889875e-05,3.290896168849053e-05
validation,4488,4.525038584830698e-05,2.9909502966220113e-05,2.358443469063337e-05
validation,4489,4.585471306354314e-05,2.904015786109614e-05,2.4195836880625354e-05
validation,4490,4.780450473865678e-05,2.8156217848691393e-05,2.4028826856329253e-05
validation,4491,5.7053553549783116e-05,4.322781909115262e-05,3.469198845144578e-05
validation,4492,5.208135635736266e-05,4.1952638440015116e-05,2.653517096830038e-05
validation,4493,5.662630692511181e-05,4.4271981645757936e-05,3.370591731226448e-05
validation,4494,5.552644733386913e-05,4.509505891604834e-05,3.3544618918862086e-05
validation,4495,5.729058651531817e-05,4.377838287366995e-05,3.4036528263765757e-05
validation,4496,5.234706467163235e-05,4.150440878176456e-05,2.6745238037149042e-05
validation,4497,4.9817198966131135e-05,3.865381840462464e-05,3.091937145786174e-05
validation,4498,5.513917334929714e-05,3.9881889094580375e-05,2.7098097292446052e-05
validation,4499,4.529159581586759e-05,3.211309868814215e-05,2.1311338072833007e-05
validation,4500,4.486394843980087e-05,3.120786451457715e-05,2.2450842618411552e-05
validation,4501,5.536410875970182e-05,4.431840643585838e-05,3.4334201386051796e-05
validation,4502,5.637898448070325e-05,4.550351633049117e-05,3.269582633337234e-05
validation,4503,4.809149187970767e-05,3.056936049871976e-05,2.1535418094485478e-05
validation,4504,5.165987466948732e-05,4.221832543071678e-05,2.6451780774351027e-05
validation,4505,4.700414707972124e-05,3.0943944514081054e-05,2.1760142339841948e-05
validation,4506,5.29893239128722e-05,4.034727510881837e-05,2.7784067505723102e-05
validation,4507,5.74895348911107e-05,4.730971419166605e-05,3.015827970029657e-05
validation,4508,5.2518996124614544e-05,3.844611802591683e-05,2.978179786036096e-05
validation,4509,5.1385350898365306e-05,4.2849668029946053e-05,2.574431377452822e-05
validation,4510,5.353695804216185e-05,3.781450478817961e-05,3.0128611029541943e-05
validation,4511,5.220686231904329e-05,4.083184489562511e-05,2.7591581888344763e-05
validation,4512,5.2045660036400515e-05,4.105179481536512e-05,2.7473615993938718e-05
validation,4513,4.716160213293357e-05,3.414964229752636e-05,1.8232649372037358e-05
validation,4514,5.290042929490839e-05,4.0792720109974714e-05,2.6997032455678345e-05
validation,4515,5.333384749162683e-05,3.7519282370758826e-05,3.04744658774429e-05
validation,4516,5.681380005029571e-05,4.229614248137895e-05,3.57487583177995e-05
validation,4517,5.33860821124278e-05,3.7366315303369725e-05,3.06077247261543e-05
validation,4518,4.6080401418648334e-05,2.931317104774782e-05,2.3884295920474096e-05
validation,4519,5.737370243434128e-05,4.4520629092400345e-05,3.320629485370898e-05
validation,4520,4.952260172474004e-05,4.179128058643134e-05,2.7802150364821355e-05
validation,4521,5.209752191701232e-05,4.037498965762129e-05,2.7961591342115586e-05
validation,4522,5.101212932669103e-05,4.1813098127939145e-05,2.7131797830784343e-05
validation,4523,5.2283207872977445e-05,4.1736759251631836e-05,2.6662286692986865e-05
validation,4524,5.541689638315578e-05,4.546085886592968e-05,3.31760017329102e-05
validation,4525,5.325272004085519e-05,4.0975870949991184e-05,2.689494448198471e-05
validation,4526,4.9444504623414536e-05,3.9865855728922704e-05,2.98522780541643e-05
validation,4527,5.445079948784952e-05,4.257095097799e-05,3.6696888197715404e-05
validation,4528,5.099079475484115e-05,4.1445914251459756e-05,2.752049544585043e-05
validation,4529,5.6977314462442915e-05,4.465734988021414e-05,3.319712236866988e-05
validation,4530,5.1513011301698685e-05,3.899309565165806e-05,2.982712732978934e-05
validation,4531,5.4124031161734006e-05,3.8310097515154294e-05,2.9303775018494704e-05
validation,4532,5.3244808202246305e-05,3.837562617898209e-05,2.972585678357137e-05
validation,4533,5.2001650421402554e-05,3.7981578942137226e-05,3.060068299472558e-05
validation,4534,5.695821683180942e-05,4.678905499245834e-05,3.1028705232235486e-05
validation,4535,5.140101572942089e-05,4.145180812214498e-05,2.7233901108692236e-05
validation,4536,4.5516206041237846e-05,2.9215625074500234e-05,2.41886518899882e-05
validation,4537,5.236931737507601e-05,4.1687552395679494e-05,2.678460865233575e-05
validation,4538,4.571845624789215e-05,3.1290785230240964e-05,2.2054816821090308e-05
validation,4539,5.3225844266481256e-05,4.1087416255091134e-05,2.685814649810507e-05
validation,4540,5.0200693422805294e-05,3.8736249822295415e-05,3.063791521965525e-05
validation,4541,5.7158368491470584e-05,4.777035186035574e-05,2.9878199343596003e-05
validation,4542,5.075991366120741e-05,4.1574192306539445e-05,2.7581751949569863e-05
validation,4543,5.125884186079601e-05,4.1684815445428056e-05,2.7175445843625246e-05
validation,4544,5.301017806719067e-05,4.0536003869955517e-05,2.7464884440701283e-05
validation,4545,4.9100152630068395e-05,3.252974883313371e-05,1.893823116926033e-05
validation,4546,5.3488828937165864e-05,3.926388070060489e-05,2.8634376564135113e-05
validation,4547,5.5179454838035374e-05,4.5859223400325815e-05,3.2858700927058504e-05
validation,4548,5.6642159833961764e-05,4.4687511048920996e-05,3.338525415648379e-05
validation,4549,4.6332947850954534e-05,3.277559990883815e-05,2.0089314836632463e-05
validation,4550,4.600445224045499e-05,2.9908303533502107e-05,2.3254457230550342e-05
validation,4551,5.219666580090993e-05,4.231137816805089e-05,2.6083107594428163e-05
validation,4552,5.349184097665303e-05,4.016745903058287e-05,2.7607327006912598e-05
validation,4553,5.300070685714833e-05,3.9679151393963844e-05,2.839755785747996e-05
validation,4554,4.478642849252255e-05,3.290730174658166e-05,2.072665982717591e-05
validation,4555,5.32882024858056e-05,4.168553122505699e-05,2.6000223691756106e-05
validation,4556,4.572617890091509e-05,3.5467556574751366e-05,1.750620044229697e-05
validation,4557,4.7181675352815536e-05,3.192529023184707e-05,2.0575259410409232e-05
validation,4558,4.983789067492917e-05,3.945202525867105e-05,3.022651645378439e-05
validation,4559,4.711376828945222e-05,2.965959334424014e-05,2.2990397181712973e-05
validation,4560,5.370403367726235e-05,4.175456737424918e-05,2.5618039005110327e-05
validation,4561,4.625089569750489e-05,3.36528625994013e-05,1.9124825249905723e-05
validation,4562,5.160756506990368e-05,4.203340774040884e-05,2.649798027096718e-05
validation,4563,4.9825581133164666e-05,4.000626023735743e-05,2.9560351606037656e-05
validation,4564,4.741373315131422e-05,2.991375602042992e-05,2.258982140756014e-05
validation,4565,4.637528708906826e-05,2.9634768823532268e-05,2.344721858940627e-05
validation,4566,5.429542538168584e-05,4.5597470920181604e-05,3.368463834627482e-05
validation,4567,5.6054124441895986e-05,4.4702006706231693e-05,3.371685164027493e-05
validation,4568,5.852794210068797e-05,4.4851436839984163e-05,3.2273367554923184e-05
validation,4569,5.161437919399787e-05,3.800730213021589e-05,3.074174749237048e-05
validation,4570,5.101493743217634e-05,4.159073605695807e-05,2.7451994258311846e-05
validation,4571,4.510565937195021e-05,3.269935130736886e-05,2.0765842235129423e-05
validation,4572,5.713412453256457e-05,4.652089595652099e-05,3.111918430525836e-05
validation,4573,5.308869561247543e-05,3.675969876676649e-05,3.133234788247293e-05
validation,4574,5.749424254631982e-05,4.7861390772725e-05,2.9440271416811192e-05
validation,4575,4.5245308090283975e-05,3.283076496849667e-05,2.061514135598725e-05
validation,4576,5.5698860449074114e-05,4.6704463180101416e-05,3.180349958300454e-05
validation,4577,5.7941357188176267e-05,4.9332763136580256e-05,2.7771944615833737e-05
validation,4578,4.8817289345711626e-05,3.317398546946709e-05,1.8385493360266666e-05
validation,4579,4.607250465965158e-05,3.389113908211146e-05,1.9066607468671743e-05
validation,4580,4.659272868313263e-05,3.094291613464257e-05,2.1927953693498568e-05
validation,4581,5.516084833406477e-05,4.723837001465581e-05,3.1443364523662635e-05
validation,4582,5.275553997767379e-05,3.7999413767870525e-05,3.0273473953240278e-05
validation,4583,5.143757428628289e-05,4.146113268492203e-05,2.7190691354116427e-05
validation,4584,5.271023739151325e-05,3.852814445121023e-05,2.9722517030246956e-05
validation,4585,4.406106057915413e-05,3.222853782769874e-05,2.172114392050534e-05
validation,4586,5.135023845911052e-05,3.611691924748689e-05,3.276075861817543e-05
validation,4587,5.246981918110208e-05,3.7809704018244076e-05,3.051774612342783e-05
validation,4588,5.492075644048657e-05,4.2914761100777796e-05,3.594087750800814e-05
validation,4589,5.4524064445110234e-05,3.7773492121613153e-05,2.956701078419222e-05
validation,4590,5.646100177250128e-05,4.369724362431133e-05,3.4460290630142096e-05
validation,4591,4.569940637489044e-05,3.233011117554423e-05,2.0938135784068327e-05
validation,4592,4.444439508674599e-05,3.231453081538041e-05,2.1668482061787843e-05
validation,4593,5.1246662674651423e-05,4.072611203755714e-05,2.8141013987101327e-05
validation,4594,5.650636622907739e-05,4.834206342466717e-05,2.9555649029121033e-05
validation,4595,5.626578990885051e-05,4.6521938128349246e-05,3.160797309559232e-05
validation,4596,5.283561314248115e-05,3.9931969699209853e-05,2.8275702417606877e-05
validation,4597,4.455118209461642e-05,2.897122284680348e-05,2.5015863820364112e-05
validation,4598,4.558690135929452e-05,2.9403286795267933e-05,2.3897201293628526e-05
validation,4599,4.5965913484522045e-05,2.8591131015514374e-05,2.4569223458883824e-05
validation,4600,5.237443371435789e-05,3.747313873004442e-05,3.102119771703126e-05
validation,4601,4.4298376732752336e-05,3.283762090624316e-05,2.1053820751278003e-05
validation,4602,5.2581577815486495e-05,4.0739562912093976e-05,2.7618366476662397e-05
validation,4603,5.734004604345076e-05,4.843670202491531e-05,2.908967388032163e-05
validation,4604,4.6966681578904356e-05,2.9346174160855344e-05,2.330928687450554e-05
validation,4605,5.2557869856374395e-05,4.121721313008132e-05,2.7082786944750164e-05
validation,4606,5.564383604920829e-05,4.648547651699495e-05,3.194042489421925e-05
validation,4607,5.508085051927831e-05,4.1356729743317506e-05,2.558563197750969e-05
validation,4608,5.385489195769584e-05,4.068106390152915e-05,2.683080825667084e-05
validation,4609,5.342965537533223e-05,3.8227588844881504e-05,2.961096037159018e-05
validation,4610,4.5576834209003245e-05,3.3289550434232705e-05,1.999100651357308e-05
validation,4611,5.4633506289579756e-05,4.588502031642825e-05,3.307454347410036e-05
validation,4612,5.1671933205917104e-05,3.9772284792257266e-05,2.8902640191665344e-05
validation,4613,4.546088998889365e-05,3.06476352944704e-05,2.271688081842186e-05
validation,4614,5.5324257581578734e-05,4.2185059071092375e-05,3.653890439367531e-05
validation,4615,5.19945048196146e-05,4.145045350175483e-05,2.701188824469391e-05
validation,4616,4.780071260920902e-05,2.975882476076059e-05,2.257463083716002e-05
validation,4617,5.205765062825475e-05,4.396956440576471e-05,2.4494804575528105e-05
validation,4618,5.8071793300011646e-05,4.4453018746800075e-05,3.298424223477587e-05
validation,4619,4.3443733011109314e-05,3.004504250998591e-05,2.4276939343694174e-05
validation,4620,4.497711888280695e-05,3.355876907186627e-05,1.997850171678195e-05
validation,4621,4.4696832109965195e-05,3.103729296042388e-05,2.267213241833523e-05
validation,4622,4.509433708626743e-05,3.040939736308648e-05,2.3104785818934715e-05
validation,4623,5.257453204047734e-05,4.111267691885645e-05,2.708202371749555e-05
validation,4624,5.22586458170013e-05,3.910222315928113e-05,2.925912440701479e-05
validation,4625,4.4586069439724285e-05,3.321527910862528e-05,2.0446968522241042e-05
validation,4626,5.4389061299229694e-05,4.0308452307727663e-05,2.7049884253575663e-05
validation,4627,5.613972506854646e-05,4.730764515648194e-05,3.070802841944503e-05
validation,4628,5.645088024971843e-05,4.518753061517315e-05,3.29563088394048e-05
validation,4629,5.7899776377718566e-05,4.1839368133368804e-05,3.573151075224609e-05
validation,4630,4.730092085295709e-05,3.007779410748468e-05,2.2495903595459928e-05
validation,4631,5.562253535230889e-05,4.4322562938493496e-05,3.423224534945998e-05
validation,4632,5.2408394464213684e-05,3.964566097492727e-05,2.8692277609675186e-05
validation,4633,5.2669578140847384e-05,4.086331303883491e-05,2.736685243616952e-05
validation,4634,5.2643804973097115e-05,3.935519298075166e-05,2.892540267280297e-05
validation,4635,4.435042727284681e-05,3.082988677112853e-05,2.3042805127649403e-05
validation,4636,5.6213669183125984e-05,4.416840792187935e-05,3.420553004398154e-05
validation,4637,5.3842656219958415e-05,4.007687770258987e-05,2.7624189055310925e-05
validation,4638,5.252455892715077e-05,3.952517246621777e-05,2.8660831022021555e-05
validation,4639,5.4852445155786266e-05,4.158087708888716e-05,2.531538501217324e-05
validation,4640,4.435448641413795e-05,3.089297422611769e-05,2.296278479632062e-05
validation,4641,4.890234316045788e-05,3.369818774986102e-05,1.7881422013965464e-05
validation,4642,5.69887169773859e-05,4.663206240292325e-05,3.125959815877884e-05
validation,4643,5.779670584237096e-05,4.570025315033556e-05,3.157928005440351e-05
validation,4644,4.602046677356631e-05,3.181978221881542e-05,2.1285917122826593e-05
validation,4645,4.567996445011096e-05,3.0308043339029832e-05,2.2989794560160776e-05
validation,4646,4.6600288022274326e-05,3.0550372788539916e-05,2.2316386716475003e-05
validation,4647,4.691432711419032e-05,3.315046506230668e-05,1.9272139742779168e-05
validation,4648,5.104136882883347e-05,3.844558421718369e-05,3.058446144256052e-05
validation,4649,5.168528829351243e-05,3.56511617319033e-05,3.311439059803944e-05
validation,4650,4.555931018228236e-05,3.274560410041744e-05,2.0633282411456407e-05
validation,4651,5.102307194475748e-05,3.699013050322396e-05,3.196295918998664e-05
validation,4652,5.107001826271005e-05,4.1057745032967174e-05,2.8022980294453323e-05
validation,4653,5.401754712867668e-05,3.877241621280549e-05,2.8869708091536968e-05
validation,4654,5.1914296462915684e-05,4.140196240260739e-05,2.7149024955255236e-05
validation,4655,5.5337181633584904e-05,4.2873018550071426e-05,3.599826816644223e-05
validation,4656,5.748459420711802e-05,4.5177613596398515e-05,3.2451856493967144e-05
validation,4657,4.8700426322799374e-05,3.386075372974057e-05,1.7803366636246945e-05
validation,4658,4.631122783577356e-05,3.063227241973905e-05,2.233721841023312e-05
validation,4659,5.6214522570524126e-05,4.595558327367417e-05,3.233103368101785e-05
validation,4660,5.6359611604302685e-05,4.845707758708462e-05,2.9698683252141655e-05
validation,4661,5.501031967013669e-05,4.5359728585510334e-05,3.347523644807967e-05
validation,4662,4.420072049175358e-05,3.06121145306566e-05,2.3315898515975245e-05
validation,4663,5.6186098497485735e-05,4.433254852961218e-05,3.40453792442009e-05
validation,4664,5.217937999904488e-05,3.925336917108682e-05,2.9047776858631702e-05
validation,4665,5.165774842155334e-05,4.1583695507347276e-05,2.7056013275837992e-05
validation,4666,5.353023673142488e-05,3.814004701525217e-05,2.9755163326428813e-05
validation,4667,5.399946358758028e-05,4.067099832406121e-05,2.6711778969934257e-05
validation,4668,5.521428422975159e-05,3.646198144463629e-05,3.064670909584633e-05
validation,4669,4.5670641746629966e-05,3.3253714508022486e-05,1.997507436529949e-05
validation,4670,4.587570320013416e-05,3.295922166160714e-05,2.0193868940550622e-05
validation,4671,5.2034692159213534e-05,4.0782537326421506e-05,2.7567651108751776e-05
validation,4672,5.547544628826559e-05,4.791399267269433e-05,3.061110536436412e-05
validation,4673,5.654481435226399e-05,4.614019847827447e-05,3.1948778844183564e-05
validation,4674,5.1706765679489914e-05,4.138560134092807e-05,2.704517744893284e-05
validation,4675,5.498949129535737e-05,4.009377967072342e-05,2.6850346605916893e-05
validation,4676,4.694759746574258e-05,3.5295229867290926e-05,1.7226875695889954e-05
validation,4677,5.18121440675371e-05,4.090772857304818e-05,2.764088057567244e-05
validation,4678,5.708120710584805e-05,4.690111238558149e-05,3.0684046773140895e-05
validation,4679,5.202899418804159e-05,3.958822486352372e-05,2.898567287656406e-05
validation,4680,5.214700760762761e-05,4.1216388115251444e-05,2.717550278109459e-05
validation,4681,5.403697417889136e-05,4.0366035350695244e-05,2.71807819303197e-05
validation,4682,5.5260921298149914e-05,4.722699667553778e-05,3.1259385357139814e-05
validation,4683,5.577204817459049e-05,4.520102526438136e-05,3.3259447848353354e-05
validation,4684,5.630013060589684e-05,4.493561281709406e-05,3.332443776394187e-05
validation,4685,5.027902494993487e-05,4.0123511845533224e-05,2.9193951460257224e-05
validation,4686,5.7648312935575125e-05,4.625506955563194e-05,3.108651474630295e-05
validation,4687,5.320815703163323e-05,3.884057843524922e-05,2.9172719357199728e-05
validation,4688,4.410736255919731e-05,3.297192675844553e-05,2.1086399105885843e-05
validation,4689,4.603048974592281e-05,3.2385733299319625e-05,2.0709008126981436e-05
validation,4690,5.434390629361199e-05,4.547903551779636e-05,3.361815819934553e-05
validation,4691,4.477180454276485e-05,3.1184128398083715e-05,2.249152008756285e-05
validation,4692,4.497657547228297e-05,3.137170252842676e-05,2.2101433892222367e-05
validation,4693,5.127269127255742e-05,3.903812796510623e-05,2.983352688111684e-05
validation,4694,5.116891539864846e-05,4.018470143102174e-05,2.856402478366671e-05
validation,4695,4.5395398232950266e-05,3.3924223965148574e-05,1.9384381083303083e-05
validation,4696,5.768757943439837e-05,4.972654129023472e-05,2.7490600475639944e-05
validation,4697,5.076298314656068e-05,4.30752521154903e-05,2.5996730460491925e-05
validation,4698,5.5054826889951054e-05,3.903903257796053e-05,2.8103236538890886e-05
validation,4699,5.011911346575107e-05,3.9987810537161716e-05,2.9419110536259213e-05
validation,4700,5.266076742645956e-05,4.010987854825024e-05,2.8127911144819336e-05
validation,4701,5.4848556424005776e-05,4.4166600731919576e-05,3.474289597558154e-05
validation,4702,5.622019241955056e-05,4.65649160574962e-05,3.169408837113192e-05
validation,4703,5.3340473412470664e-05,3.956537668593378e-05,2.8208403219776326e-05
validation,4704,5.574821662540104e-05,4.678259056771646e-05,3.169180424028381e-05
validation,4705,5.204607020732503e-05,3.758332341401485e-05,3.1064368660607805e-05
validation,4706,5.268530702045296e-05,3.8106995537646465e-05,3.017081665338497e-05
validation,4707,5.2235901045605164e-05,3.8443107319353204e-05,3.0117050627563123e-05
validation,4708,5.185002071145549e-05,3.776074838200606e-05,3.087890436665006e-05
validation,4709,5.368991214494345e-05,3.819854536245734e-05,2.9631741746416043e-05
validation,4710,5.427227634862227e-05,4.7889978555701885e-05,3.109962357372886e-05
validation,4711,5.3772653809628615e-05,3.694790293176181e-05,3.081172299318554e-05
validation,4712,5.220859037133989e-05,4.181651388405464e-05,2.6491313280712808e-05
validation,4713,5.854497234869269e-05,4.3051222471284204e-05,3.4081674414018834e-05
validation,4714,5.270890635995156e-05,3.8421351763251174e-05,2.9761945390807077e-05
validation,4715,5.41636840627588e-05,4.638664015053859e-05,3.2791395239690624e-05
validation,4716,5.11620107498546e-05,4.107872808536064e-05,2.781208632135936e-05
validation,4717,5.6754415663911743e-05,4.65866608561404e-05,3.132124534723785e-05
validation,4718,4.5493269145988645e-05,3.36133977938556e-05,1.9712567110502612e-05
validation,4719,5.183870020650105e-05,3.946717032227695e-05,2.9241931182885188e-05
validation,4720,5.238958025811332e-05,4.168472757576244e-05,2.654131176620992e-05
validation,4721,5.165653337912568e-05,4.121914778678617e-05,2.7507339613602376e-05
validation,4722,5.188883936302408e-05,3.896753180297164e-05,2.9628919251022197e-05
validation,4723,4.706756831957438e-05,3.0131943603019756e-05,2.2559481193524766e-05
validation,4724,5.4857850341467027e-05,4.3811028191053066e-05,3.507512901889516e-05
validation,4725,5.570053099432081e-05,4.485786904665167e-05,3.361425479647727e-05
validation,4726,4.760169007153162e-05,2.9818570358323133e-05,2.2831172369419887e-05
validation,4727,5.393308021151434e-05,4.148810190290286e-05,2.6098049383906215e-05
validation,4728,5.3856398086515094e-05,4.507182380252879e-05,3.436373379044806e-05
validation,4729,5.620996638051333e-05,4.672222334528393e-05,3.1408483312205403e-05
validation,4730,5.612597914905429e-05,3.8012130520832465e-05,2.8657853003690835e-05
validation,4731,4.5762328999816275e-05,3.1393854737002465e-05,2.182381324097051e-05
validation,4732,4.553359882744255e-05,3.4325019464212286e-05,1.885828161147439e-05
validation,4733,5.468561684520542e-05,4.548930385229146e-05,3.344287514009574e-05
validation,4734,4.400571687326769e-05,3.2154446959604044e-05,2.183907674372227e-05
validation,4735,5.667807272585997e-05,4.6395209583175466e-05,3.156896543316719e-05
validation,4736,5.0579856613391255e-05,4.077801725993654e-05,2.849453768019907e-05
validation,4737,5.172588135354141e-05,4.123731805940823e-05,2.743993812641489e-05
validation,4738,5.8786355651745016e-05,4.709893899036413e-05,2.9738619551804362e-05
validation,4739,4.7972712423518685e-05,3.0604875154441395e-05,2.1617215039978378e-05
validation,4740,5.948718349425403e-05,4.671844242543363e-05,2.9958315961665215e-05
validation,4741,4.9825356665920016e-05,4.019398896570854e-05,2.9316183100223695e-05
validation,4742,5.2898549171656345e-05,4.161796999738882e-05,2.635329818576519e-05
validation,4743,5.336374612789745e-05,4.1619155695931526e-05,2.6197650786885688e-05
validation,4744,5.2014393273682094e-05,4.0538792135895524e-05,2.7971216232821383e-05
validation,4745,4.552202995106443e-05,3.0166234588806143e-05,2.317774615247259e-05
validation,4746,5.4826115260878255e-05,4.6729752440265435e-05,3.203425495870612e-05
validation,4747,5.213896582827896e-05,4.078557347353258e-05,2.7707456985116517e-05
validation,4748,4.405187735999535e-05,3.21768007519303e-05,2.1723300500851462e-05
validation,4749,5.6103026139309224e-05,4.769520802395013e-05,3.0481243792673815e-05
validation,4750,5.166223431897892e-05,4.215721791508309e-05,2.6495144575618783e-05
validation,4751,4.610640255816553e-05,3.4630991204518724e-05,1.8220189648183952e-05
validation,4752,4.5610547734587475e-05,3.1463117390387436e-05,2.1746570448052864e-05
validation,4753,5.787553014973032e-05,4.523984556520487e-05,3.221028633526487e-05
validation,4754,5.7466131781395104e-05,4.641317298111165e-05,3.125963436333772e-05
validation,4755,5.777850403384298e-05,4.7051115377616384e-05,3.030837345191416e-05
validation,4756,4.5357271119678784e-05,3.4580674284188534e-05,1.878761465407027e-05
validation,4757,5.710338719445489e-05,4.3773471643025e-05,3.419447260837264e-05
validation,4758,5.8602779739056016e-05,4.7124521017771846e-05,2.986574879866325e-05
validation,4759,5.175913827899574e-05,3.8854407130522123e-05,2.9646335369954145e-05
validation,4760,5.7553675558984705e-05,4.85819416829853e-05,2.8701954776875226e-05
validation,4761,5.281981191274467e-05,4.0420842430261e-05,2.7869992838990655e-05
validation,4762,5.029602574755214e-05,4.153754560338293e-05,2.7825154741318296e-05
validation,4763,5.6481505584893114e-05,4.804705750045083e-05,3.005270685117865e-05
validation,4764,5.168088045715978e-05,3.909493305158643e-05,2.9622535337036817e-05
validation,4765,4.570142340675479e-05,3.1950912134734196e-05,2.1258037347894734e-05
validation,4766,4.574983362607889e-05,3.4615768777698666e-05,1.8415239297318454e-05
validation,4767,5.759852140640467e-05,4.531342268792811e-05,3.233877922111723e-05
validation,4768,4.4610627313364e-05,3.009886002189345e-05,2.364633236192648e-05
validation,4769,5.517729354622143e-05,4.477147137113624e-05,3.393359618228124e-05
validation,4770,4.770653984574219e-05,3.287989851475093e-05,1.934506849298556e-05
validation,4771,5.5792556338779384e-05,4.7078914275672984e-05,3.1232525580996275e-05
validation,4772,5.148318865376834e-05,4.03367787095915e-05,2.8464635869521504e-05
validation,4773,5.1417485854369505e-05,4.036453344615623e-05,2.8335829824333735e-05
validation,4774,5.604077368854356e-05,4.4353833704106565e-05,3.401996657019432e-05
validation,4775,4.6518947423957406e-05,3.038214092569738e-05,2.2430785828327473e-05
validation,4776,5.154438449508789e-05,3.874922875061678e-05,3.0001526374256387e-05
validation,4777,5.065633707036171e-05,4.238297476745384e-05,2.669448561582616e-05
validation,4778,5.093528682613735e-05,3.848255289239135e-05,3.057105858876345e-05
validation,4779,5.156196594187357e-05,3.8755366595140635e-05,3.000517543383415e-05
validation,4780,5.380441075601324e-05,4.07861228986298e-05,2.6829497494536815e-05
validation,4781,5.09368801697974e-05,3.767461158318367e-05,3.139821606174387e-05
validation,4782,5.625006744230068e-05,4.5829795562195885e-05,3.2521348893092e-05
validation,4783,4.7081224651362785e-05,2.944826498110603e-05,2.3209864487768975e-05
validation,4784,4.833017050831615e-05,3.112371242846256e-05,2.078276148595411e-05
validation,4785,4.566532363104463e-05,3.2323212282941024e-05,2.0928707456125786e-05
validation,4786,5.2167250584532335e-05,4.1937751194801494e-05,2.64807072764801e-05
validation,4787,5.3074122317240585e-05,4.110142910633199e-05,2.7039881818736158e-05
validation,4788,5.327015977325284e-05,3.946221120291343e-05,2.8501720786078637e-05
validation,4789,4.9150030790359413e-05,2.9287179216004124e-05,2.227484082571644e-05
validation,4790,5.299558994870867e-05,4.012098421608509e-05,2.8001482994636922e-05
validation,4791,5.244329295758662e-05,3.896210559337982e-05,2.951667010444129e-05
validation,4792,5.002729218359931e-05,3.7678589601490414e-05,3.188540888069417e-05
validation,4793,5.646215284189478e-05,4.561605741672661e-05,3.254546944364002e-05
validation,4794,5.1510109778090535e-05,4.2696737132983504e-05,2.602576634253006e-05
validation,4795,5.2961954298456795e-05,4.040599968527488e-05,2.761488454146265e-05
validation,4796,4.609558680448661e-05,3.399786085316157e-05,1.8874340067532073e-05
validation,4797,5.296628932308618e-05,3.998053729597497e-05,2.8030742559556444e-05
validation,4798,5.630247715749594e-05,4.845056692803137e-05,2.9724416693900527e-05
validation,4799,5.089252025391384e-05,4.296638337854522e-05,2.601435394981625e-05
validation,4800,5.3171539724324684e-05,4.0558351595789694e-05,2.734585948660655e-05
validation,4801,5.73640964499826e-05,4.724065432017638e-05,3.0296752058645027e-05
validation,4802,5.189467502388578e-05,4.3185415832978986e-05,2.5347186418483348e-05
validation,4803,4.530211648862551e-05,2.9919194273179804e-05,2.352533456309938e-05
validation,4804,4.580587682446334e-05,2.8391190198071417e-05,2.4968644604942857e-05
validation,4805,5.4599045468891066e-05,4.449584114173785e-05,3.449362087538189e-05
validation,4806,5.3912903971183805e-05,3.9583408131190746e-05,2.79976660734521e-05
validation,4807,5.2600900456788964e-05,3.7811346972546765e-05,3.0513857955160113e-05
validation,4808,5.504476940435427e-05,4.2494889725166856e-05,3.650107137931817e-05
validation,4809,4.645391845055511e-05,2.783858181535957e-05,2.5302362410623998e-05
validation,4810,5.156862649281741e-05,3.842465951517006e-05,3.0369986366583036e-05
validation,4811,5.626891690091323e-05,4.8511551799055196e-05,2.949724152944576e-05
validation,4812,4.678077114502617e-05,3.162874835697024e-05,2.1120185916799003e-05
validation,4813,4.68687322339074e-05,3.3155386343348315e-05,1.9286266469217712e-05
validation,4814,5.129112071541262e-05,4.0231112550031884e-05,2.8644323837241733e-05
validation,4815,5.1604743265443336e-05,4.221693959808432e-05,2.6287791736207442e-05
validation,4816,5.797939369759046e-05,4.6348748327512645e-05,3.0929375638317104e-05
validation,4817,5.5219042626104904e-05,3.9390399743934054e-05,2.753962169841167e-05
validation,4818,4.684559581918286e-05,3.5335137282643125e-05,1.724990176422455e-05
validation,4819,5.8812085889359446e-05,4.517516854904198e-05,3.158925530672955e-05
validation,4820,4.599906476319321e-05,3.077705582977584e-05,2.2346228225777546e-05
validation,4821,5.508334890383313e-05,4.4841230112336046e-05,3.405269349146616e-05
validation,4822,5.4161559327588984e-05,3.940407317568516e-05,2.8093631281266465e-05
validation,4823,5.109684394031137e-05,3.9660459656188305e-05,2.912285669150188e-05
validation,4824,5.1948672744189733e-05,3.835136608736104e-05,3.030367978309831e-05
validation,4825,5.442308509464077e-05,4.039383540732115e-05,2.696370853214974e-05
validation,4826,5.52298904185787e-05,4.676222921275198e-05,3.190041305403176e-05
validation,4827,4.517270577037829e-05,3.087312112746945e-05,2.2717645677726732e-05
validation,4828,5.3323659778805745e-05,3.826620097195499e-05,2.978606036636214e-05
validation,4829,5.409654001226051e-05,3.787720331800816e-05,2.9660489847791264e-05
validation,4830,4.663282438437771e-05,3.1538671039149637e-05,2.120060375765778e-05
validation,4831,5.193584025891536e-05,4.291715240533224e-05,2.5493342350885293e-05
validation,4832,5.661135758362585e-05,4.421585622694001e-05,3.380098175449815e-05
validation,4833,4.586727502387152e-05,3.2167966703230166e-05,2.094639523171649e-05
validation,4834,5.6418363078822556e-05,4.020504681927427e-05,3.805968526808642e-05
validation,4835,4.979383702130937e-05,4.0405035945146806e-05,2.9115457824273614e-05
validation,4836,5.1768212637030985e-05,3.896011374174477e-05,2.9714653599087555e-05
validation,4837,5.270755045177253e-05,3.79500883785195e-05,3.0297292805062106e-05
validation,4838,5.1863306583678774e-05,3.8736061872923936e-05,2.9887541238784815e-05
validation,4839,5.199168171422858e-05,3.8887675381195586e-05,2.9678161269267515e-05
validation,4840,5.823732301860561e-05,4.3745891614364956e-05,3.363155431605739e-05
validation,4841,4.6367518754658735e-05,3.46795000683874e-05,1.812607921554577e-05
validation,4842,4.556195018956101e-05,3.328673822391851e-05,2.0037010608838777e-05
validation,4843,5.506481270184282e-05,4.832741111639084e-05,3.0396352642444683e-05
validation,4844,4.663438536563814e-05,3.3712940389126126e-05,1.906624870674708e-05
validation,4845,5.700707143128295e-05,4.6646586921037243e-05,3.1261851124210496e-05
validation,4846,4.4345406039469805e-05,3.192999640317266e-05,2.193256416005869e-05
validation,4847,5.3167331804111904e-05,3.922632731565869e-05,2.869541165817293e-05
validation,4848,5.481808850426679e-05,4.0468839994144154e-05,2.6407790490154898e-05
validation,4849,5.1289415895313376e-05,3.989094577131399e-05,2.8998713832112495e-05
validation,4850,5.409175029265159e-05,4.314249495281819e-05,2.4096463555126855e-05
validation,4851,4.497134007127719e-05,2.941611065076518e-05,2.4193820802448748e-05
validation,4852,5.268234128166753e-05,4.066210490255478e-05,2.7527339899574936e-05
validation,4853,5.265097349682051e-05,4.1208005733443684e-05,2.7059678490401696e-05
validation,4854,5.272584723179614e-05,3.8651669205310564e-05,2.9594396165619808e-05
validation,4855,4.744817683800864e-05,3.19219023323298e-05,2.0545742019756017e-05
validation,4856,5.8908342252070644e-05,4.467420078048023e-05,3.2122172011217195e-05
validation,4857,4.676489308804172e-05,3.0209930567776568e-05,2.2680146538079132e-05
validation,4858,4.647040024011149e-05,3.2728350264591036e-05,2.0071267494176584e-05
validation,4859,5.250309590933035e-05,4.264905002436823e-05,2.553065224703963e-05
validation,4860,4.5807820072060454e-05,3.28218527664197e-05,2.0256404725157797e-05
validation,4861,4.477900338486867e-05,3.287727001082244e-05,2.0683659159015624e-05
validation,4862,4.4404012990944614e-05,3.171986742972763e-05,2.230478676368801e-05
validation,4863,5.196147016608078e-05,4.195173702426772e-05,2.6611160666031423e-05
validation,4864,5.6174098409374814e-05,4.347286581511021e-05,3.492463760357501e-05
validation,4865,5.5818544284983084e-05,4.651526617609762e-05,3.1889124380506904e-05
validation,4866,5.098762286555515e-05,3.9513445222121194e-05,2.953933279678526e-05
validation,4867,5.841187083518084e-05,4.557448376385597e-05,3.137185747095514e-05
validation,4868,5.324867628486339e-05,3.876841252417673e-05,2.921629596240855e-05
validation,4869,4.7862983488826006e-05,3.0420993500988055e-05,2.1760579615450496e-05
validation,4870,4.379264230720736e-05,3.1942031825456645e-05,2.2189526933445964e-05
validation,4871,4.586943486123761e-05,3.048741232602988e-05,2.2384923229787044e-05
validation,4872,4.684089098919118e-05,3.207265917944903e-05,2.0631221243957768e-05
validation,4873,5.262413159117733e-05,4.177331758945217e-05,2.6446235533490353e-05
validation,4874,4.670628570597911e-05,3.346382818931502e-05,1.9302909496785683e-05
validation,4875,4.529803094857188e-05,3.147850966507916e-05,2.1938338615901197e-05
validation,4876,4.7394501724940484e-05,2.8539714834275014e-05,2.4010410107738e-05
validation,4877,5.268183680124387e-05,4.374817986609668e-05,2.4348550283326306e-05
validation,4878,5.1235731178485115e-05,3.9720469557059446e-05,2.916071122898723e-05
validation,4879,5.47099051473444e-05,4.8090139546905954e-05,3.0784556177160034e-05
validation,4880,5.788274612971384e-05,4.363958250206877e-05,3.392320389315044e-05
validation,4881,5.305484558064029e-05,3.9274623394223345e-05,2.8832943821408534e-05
validation,4882,4.57651486818133e-05,3.4411995293785336e-05,1.874632546138825e-05
validation,4883,5.8358587342600173e-05,4.426310863683021e-05,3.309633310944441e-05
validation,4884,5.1748416535605785e-05,3.9040558840415565e-05,2.9648642887916975e-05
validation,4885,4.335405503343099e-05,3.222187378588925e-05,2.2091730556217015e-05
validation,4886,5.883223733833477e-05,4.70459911310127e-05,2.9948313625172573e-05
validation,4887,5.1270826406813866e-05,4.192271933829187e-05,2.662143474819767e-05
validation,4888,5.1821259378584126e-05,3.720413358644315e-05,3.154421907739593e-05
validation,4889,5.1582924036649424e-05,3.8351163276913616e-05,3.051047867081052e-05
validation,4890,4.553809411138927e-05,3.160488799487003e-05,2.1729923993905705e-05
validation,4891,5.3474890538943156e-05,4.108126352714655e-05,2.6603604594717436e-05
validation,4892,5.7311418366011865e-05,4.589329382697608e-05,3.186269460220372e-05
validation,4893,5.148759659456916e-05,3.9950466162291625e-05,2.8905809907196242e-05
validation,4894,5.5648366342799934e-05,4.665645069962002e-05,3.188460564610579e-05
validation,4895,5.836140760281148e-05,4.8805972036806634e-05,2.8116299511605333e-05
validation,4896,5.561549315777321e-05,4.721085360388854e-05,3.14315342374748e-05
validation,4897,5.515973135071722e-05,4.4575106214687835e-05,3.433888517387619e-05
validation,4898,4.685065729900788e-05,2.9043135797592466e-05,2.3747233433922577e-05
validation,4899,5.353979653547391e-05,4.31140282356253e-05,2.445138567612073e-05
validation,4900,5.148886187000356e-05,4.066279475463389e-05,2.8255032292399816e-05
validation,4901,5.189393997711586e-05,4.0473732423292626e-05,2.8097193960241317e-05
validation,4902,5.0935894065528046e-05,4.082826426291448e-05,2.810536210585128e-05
validation,4903,5.15312868537202e-05,4.1524239244103184e-05,2.7223924196834822e-05
validation,4904,5.3204246089243114e-05,3.869241135334675e-05,2.926939993959891e-05
validation,4905,5.4684751979271556e-05,4.7247666353832014e-05,3.166586291142153e-05
validation,4906,5.4209585850855426e-05,3.917566804376867e-05,2.820359997868723e-05
validation,4907,4.47307694086758e-05,3.3278990858189134e-05,2.0388887874656808e-05
validation,4908,4.599743721803372e-05,3.0078387559807813e-05,2.30741342166207e-05
validation,4909,4.654073876520773e-05,3.303302082890733e-05,1.9664535585282226e-05
validation,4910,5.7966147550770505e-05,4.4350538329101484e-05,3.290451344303171e-05
validation,4911,5.0587352978371604e-05,3.7539012300879615e-05,3.169464644496554e-05
validation,4912,5.6274912798991487e-05,4.74863541395102e-05,3.0727482255822115e-05
validation,4913,4.7217159150943325e-05,3.1830114214396254e-05,2.075616198128361e-05
validation,4914,5.351075896864536e-05,4.146216608481482e-05,2.6410383803312553e-05
validation,4915,5.573690967845727e-05,4.252907675094337e-05,2.3963754071618086e-05
validation,4916,5.178914075871162e-05,4.1757427566747016e-05,2.6759929388210403e-05
validation,4917,5.589615452706317e-05,4.256688785000603e-05,3.589500585747677e-05
validation,4918,4.655736481646678e-05,3.179682333909578e-05,2.1064229683255915e-05
validation,4919,5.1026028457010784e-05,4.2588975338454755e-05,2.6268305851415493e-05
validation,4920,5.777704145394003e-05,4.445064135185973e-05,3.3194298806969125e-05
validation,4921,5.551339724286324e-05,4.6878196035586304e-05,3.156740369056976e-05
validation,4922,5.7696384921312195e-05,4.373898456707133e-05,3.378481441107837e-05
validation,4923,5.001691070554737e-05,3.7293662837172455e-05,3.2307431085190745e-05
validation,4924,5.630654304041468e-05,4.670733183715674e-05,3.148831274567287e-05
validation,4925,5.6806873131119385e-05,4.802284682095807e-05,2.974952744839311e-05
validation,4926,5.421599907696828e-05,4.0834274562071296e-05,2.6380804366415466e-05
validation,4927,4.4707473324483514e-05,3.272404596178848e-05,2.1077902342305962e-05
validation,4928,4.9670615339038625e-05,3.4525491442221816e-05,1.649369096960493e-05
validation,4929,5.629364763470125e-05,4.7052681788054144e-05,3.106103629022561e-05
validation,4930,4.643367746559059e-05,3.094981683741231e-05,2.1963737806665243e-05
validation,4931,5.042651720438985e-05,4.025815213357755e-05,2.90160219151089e-05
validation,4932,5.455276536833686e-05,3.8202201994432856e-05,2.9065608341278696e-05
validation,4933,5.2897378893580334e-05,3.778376361957364e-05,3.059636435514547e-05
validation,4934,4.714988452772912e-05,3.0201022846794925e-05,2.240569264553003e-05
validation,4935,5.5254746659666465e-05,4.5576636371673854e-05,3.3142383953311564e-05
validation,4936,5.656903427737043e-05,4.6796685829682525e-05,3.1324696106873146e-05
validation,4937,5.3899529774324724e-05,4.0459398377783615e-05,2.713962120864564e-05
validation,4938,4.729180270947078e-05,3.288373995361314e-05,1.962937855225079e-05
validation,4939,5.3987005030075494e-05,4.903318301003532e-05,3.0175067764867334e-05
validation,4940,4.784313399348628e-05,2.9023144014602418e-05,2.327905071577659e-05
validation,4941,5.277838579411359e-05,4.416918244332972e-05,2.3709353699014633e-05
validation,4942,5.559593125973318e-05,4.110338610625961e-05,2.5424875625155458e-05
validation,4943,5.316219821084749e-05,4.3057874793837986e-05,2.4768016324439177e-05
validation,4944,5.2881469229405084e-05,3.8260662654397286e-05,2.989239484691023e-05
validation,4945,5.621051641861822e-05,4.58588140094391e-05,3.231250712232915e-05
validation,4946,4.481835510995272e-05,2.8256085232569366e-05,2.5452643415269214e-05
validation,4947,5.138195615449124e-05,4.29449682725706e-05,2.559523670857039e-05
validation,4948,5.2406600712562436e-05,4.169846385570699e-05,2.665674357830083e-05
validation,4949,5.107476782866852e-05,4.05946299992941e-05,2.8368628397126388e-05
validation,4950,5.733198631468727e-05,4.594781055455048e-05,3.162536893726151e-05
validation,4951,4.946116786332166e-05,3.9709104616389704e-05,3.0199612928840068e-05
validation,4952,4.602017633913321e-05,3.121675706609503e-05,2.191628344175709e-05
validation,4953,5.195126878375492e-05,4.195193230953715e-05,2.6596177980268406e-05
validation,4954,5.2832992934442673e-05,4.349111463857177e-05,2.4619195079478758e-05
validation,4955,5.711330161874625e-05,4.504066342183294e-05,3.282687153885908e-05
validation,4956,5.324021947252319e-05,3.9521364152830824e-05,2.8452292546406013e-05
validation,4957,4.4758549114904745e-05,3.1683509589542094e-05,2.2001909534254635e-05
validation,4958,5.5538937079819065e-05,4.824957886139732e-05,3.0099113310612416e-05
validation,4959,5.109578265959637e-05,3.846204418943356e-05,3.0675802874992537e-05
validation,4960,4.614458547926298e-05,3.4210017494583506e-05,1.8539982854850512e-05
validation,4961,5.1945818728041545e-05,4.044732844765135e-05,2.8136701673680462e-05
validation,4962,5.1274964276659474e-05,3.8751745814311705e-05,3.0166402294210503e-05
validation,4963,5.0336571297996595e-05,4.21346767070757e-05,2.709504944575727e-05
validation,4964,4.6726414258991246e-05,3.17797773921082e-05,2.0826494241375406e-05
validation,4965,5.736260537881403e-05,4.695601797389896e-05,3.064321338172644e-05
validation,4966,5.604733325360265e-05,4.636884720951258e-05,3.187673954415069e-05
validation,4967,5.61583775693505e-05,4.6216571377344025e-05,3.20576151959256e-05
validation,4968,5.175621741416881e-05,4.1482387707446274e-05,2.7103505182953122e-05
validation,4969,5.3966958807491e-05,3.9513852056372635e-05,2.8171180604853306e-05
validation,4970,5.080482827363253e-05,4.1219595373450356e-05,2.776667157517394e-05
validation,4971,5.4937273656943554e-05,3.378144484925918e-05,3.3493433816391826e-05
validation,4972,5.35451990830753e-05,4.375632917162635e-05,2.395104424147619e-05
validation,4973,4.802890307334475e-05,3.2613393770401175e-05,1.939673432705273e-05
validation,4974,5.022326892784415e-05,4.125736972327713e-05,2.7904626090668336e-05
validation,4975,5.682215179264002e-05,4.6217608080184806e-05,3.158083631540493e-05
validation,4976,5.557085561268026e-05,4.64655467229672e-05,3.1959276104880546e-05
validation,4977,4.4756930931665966e-05,3.2873633002591636e-05,2.0875798263106504e-05
validation,4978,5.209508414010568e-05,3.943728983814608e-05,2.908850606709753e-05
validation,4979,5.376015022300504e-05,4.093313207132047e-05,2.663116442659197e-05
validation,4980,5.845186835896455e-05,4.439394035238257e-05,3.2705165625882935e-05
validation,4981,4.614312239676194e-05,3.082445195677802e-05,2.22261690868337e-05
validation,4982,5.7644440717568084e-05,4.76894279264356e-05,2.9573841022235635e-05
validation,4983,4.575938795789183e-05,3.2061337382587705e-05,2.1047502078782335e-05
validation,4984,4.6239400970577266e-05,3.233733912216678e-05,2.056013140643547e-05
validation,4985,5.262761475420589e-05,4.2302461773687406e-05,2.5830901763670004e-05
validation,4986,4.645653024635455e-05,3.120339797889261e-05,2.1742728961235033e-05
validation,4987,5.0152404372968795e-05,3.947425559754013e-05,2.9998631886168616e-05
validation,4988,5.172414662697662e-05,3.803357432699568e-05,3.0709951620617525e-05
validation,4989,4.473746353979049e-05,3.167811471612623e-05,2.19759883337628e-05
validation,4990,5.663360528655363e-05,4.3735796694707216e-05,3.419246920773149e-05
validation,4991,4.746424153647254e-05,2.921732167450187e-05,2.3287645137259714e-05
validation,4992,5.77252501680186e-05,4.4058252798166024e-05,3.356464481372056e-05
validation,4993,4.683157128069678e-05,3.063478453002251e-05,2.2093764714855455e-05
validation,4994,5.3640288396351845e-05,3.826599159807919e-05,2.957734460636985e-05
validation,4995,5.48277325104658e-05,4.674981042819176e-05,3.2033832328852606e-05
validation,4996,5.284073079337644e-05,4.248927867343899e-05,2.5658116223633078e-05
validation,4997,5.173030885194247e-05,3.989441132701159e-05,2.8751611987720462e-05
validation,4998,5.031418729829201e-05,4.110260316273746e-05,2.8199870002871085e-05
validation,4999,5.484530485654758e-05,4.6948583433384977e-05,3.1819711134713685e-05
validation,5000,5.1715578512651556e-05,3.972476031456493e-05,2.8969870516288577e-05
