battery_id,policy,n0,model,MAE_151_200,MSE_151_200,RMSE_151_200,E200,life_150,life_200,eol_relative_update,fit150_A,fit150_B,fit150_C,fit200_A,fit200_B,fit200_C,fit150_boundary,fit200_boundary
1,3_6C-80PER_3_6C,11,linear,0.002520507110361767,9.83241285567652e-06,0.0031356678484298238,0.006653105408040649,15562.554233650202,6927.947028415888,1.2463442878270194,1.0057481257890952,-1.3220717030127058e-05,1.0,1.0068398424212857,-2.9855863731767107e-05,1.0,False,False
1,3_6C-80PER_3_6C,11,power,0.0017103309661202083,4.336586590065102e-06,0.0020824472598519996,0.0003227055934841294,410.94860080325947,532.7103876707878,0.22857032580107384,1.0052196551155552,1.0000000000000365e-12,4.327903062896222,1.005264113472376,5.874988991137418e-11,3.500215255279427,True,False
1,3_6C-80PER_3_6C,11,centered_quadratic,0.0015636705008906483,4.982252685288296e-06,0.0022320960295848153,0.004931061420336946,1360.11770489928,1112.0024718558298,0.22312471358932207,1.0054133119141926,3.020984761733685e-11,1.128570815253016e-07,1.0057160577913977,4.0583177723213104e-21,1.697038148689805e-07,False,True
1,3_6C-80PER_3_6C,21,linear,0.0020596670004106744,7.539913123545447e-06,0.0027458902242342913,0.006028185753355841,10414.540838134677,5954.731294287001,0.7489522739886583,1.006443588710257,-1.982262990935974e-05,1.0,1.0075328250711189,-3.4851753137916875e-05,1.0,False,False
1,3_6C-80PER_3_6C,21,power,0.0014354198463328728,2.7348300249566065e-06,0.0016537321503062722,0.001573423000225338,532.7604905258839,600.4700250992407,0.11276089020791058,1.0055040784976008,1.2371807984021367e-10,3.38172713186579,1.0055405055541595,4.957091547408871e-10,3.101564643891612,False,False
1,3_6C-80PER_3_6C,21,centered_quadratic,0.0014199297892229445,3.555477535568057e-06,0.0018855973948772992,0.004079269298652988,1156.9589437240672,1032.960761661331,0.12004152206450476,1.0056361394911395,3.9852458709130495e-19,1.5935811046650598e-07,1.0058344238197896,9.08379951846891e-12,2.0099749372814978e-07,True,False
1,3_6C-80PER_3_6C,31,linear,0.0019159374740346147,6.8442019352371705e-06,0.002616142567834783,0.005807791241430826,9294.534918621071,5532.577958508858,0.6799645641371383,1.006706584905467,-2.2239583445035227e-05,1.0,1.0079208474308454,-3.758118710484186e-05,1.0,False,False
1,3_6C-80PER_3_6C,31,power,0.001426795526596154,2.6462283370709864e-06,0.0016267231900575422,0.001828904576062107,558.3806168158916,609.6043920748011,0.08402789731315478,1.0055405711276717,2.336195457751857e-10,3.2561395069426955,1.005573459850852,6.273915806532762e-10,3.0575516442875945,False,False
1,3_6C-80PER_3_6C,31,centered_quadratic,0.0013962226206999252,3.1464976903127357e-06,0.0017738369965452675,0.0037046393527840893,1069.811231197216,982.2698742838348,0.089121492173632,1.005597011804466,1.1845609560631067e-10,1.9052118124618818e-07,1.0057512726123115,5.916373339434505e-12,2.2737097891199088e-07,False,False
1,3_6C-80PER_3_6C,41,linear,0.0018116836394710622,6.33723448443634e-06,0.0025173864392334243,0.005633545908228954,8543.01209741417,5186.418072451236,0.6471892504756216,1.0069288224963402,-2.4221998065409986e-05,1.0,1.008296303662387,-4.016188065686359e-05,1.0,False,False
1,3_6C-80PER_3_6C,41,power,0.001431249564127972,2.690837662347766e-06,0.0016403772926823165,0.0016873009529749794,543.3758210041627,608.169257269218,0.10653849317538447,1.0055178011953734,1.6180468908388957e-10,3.328528138550971,1.0055679652103506,6.047237275948636e-10,3.0644121634983446,False,False
1,3_6C-80PER_3_6C,41,centered_quadratic,0.0013858295121517794,2.880698763744136e-06,0.0016972621376040108,0.0033682596922059993,996.3707144232601,936.1008073392755,0.0643839922062375,1.0055114252368809,5.3163933875019585e-11,2.2516040174755976e-07,1.0056263561564014,3.4793939059518614e-12,2.5664622186720796e-07,False,False
1,3_6C-80PER_3_6C,51,linear,0.001692020194818773,5.728806943304924e-06,0.0023934926244517495,0.005404818575419967,7692.651298332367,4835.399415635199,0.5909029714191308,1.0072437935017144,-2.6940489756326436e-05,1.0,1.0087444864222825,-4.317006072907028e-05,1.0,False,False
1,3_6C-80PER_3_6C,51,power,0.0014254362742096105,2.6331524558680297e-06,0.0016226991267231366,0.001880336346566036,565.2424289734171,617.0057939764694,0.08389445530073317,1.0055558607967368,2.774646062821978e-10,3.2227346374285624,1.005603493530666,7.574010910162793e-10,3.022519828971096,False,False
1,3_6C-80PER_3_6C,51,centered_quadratic,0.0013937919441561841,2.6635971429664098e-06,0.0016320530453898885,0.0029379639380493483,920.0586586731526,890.0240227693279,0.033745871050054804,1.0054304988255154,2.4430305635811467e-08,2.7197053271911963e-07,1.0054941331397154,9.705889266523703e-12,2.9191110626147236e-07,False,False
3,3_6C-80PER_3_6C,11,linear,0.0005660557820066115,3.366426036531509e-07,0.0005802091033870039,0.0005505125580529402,15084.56031651573,11877.673151483903,0.26999287858255167,0.9984498792393816,-1.3155827884628722e-05,1.0,0.9986776743892823,-1.672698615759275e-05,1.0,False,False
3,3_6C-80PER_3_6C,11,power,0.000541726558167821,4.198323132198209e-07,0.000647944683765382,0.0013560669054331065,906.5074904757146,1744.651009581296,0.4804075511392562,0.9979804760544715,4.946996862611848e-09,2.570620902372263,0.9980698466063588,1.2889532772029555e-07,1.908432255413102,False,False
3,3_6C-80PER_3_6C,11,centered_quadratic,0.00024364687190548518,9.430346932732209e-08,0.00030708869944581497,0.0007413769772066647,1433.2950051992382,1564.5055042499025,0.08386707409736652,0.9980235458487747,3.0927728855996584e-20,9.788980492087415e-08,0.9980130833789463,1.388874585159585e-06,8.115402948376378e-08,True,False
3,3_6C-80PER_3_6C,21,linear,0.00043885644533884214,2.0514651265599068e-07,0.0004529310241703373,0.00037877637446603885,13266.077282499598,11051.75722469038,0.20035909338130195,0.9986417091530939,-1.4973658371125194e-05,1.0,0.9988534334937605,-1.799292451425809e-05,1.0,False,False
3,3_6C-80PER_3_6C,21,power,0.00042084263834191393,2.615399579126378e-07,0.0005114097749482677,0.001102669555096969,1087.1496915127834,2093.1576857451487,0.4806173949929787,0.9980630419085585,1.7853628303444785e-08,2.3202916951676023,0.9981894480707657,3.0776906565356036e-07,1.7492327622745911,False,False
3,3_6C-80PER_3_6C,21,centered_quadratic,0.0003799861596761778,2.1361143587318134e-07,0.00046218117213186143,0.0010026872908993623,1322.2131586481378,1695.9024959468752,0.22034836212095732,0.9980127026399405,1.8767926566619126e-10,1.1694876039600626e-07,0.9981195454417511,5.991689552121861e-06,6.704600537506203e-08,False,False
3,3_6C-80PER_3_6C,31,linear,0.00031853372033967763,1.1173407442353634e-07,0.000334266472179811,0.00021431440589070316,11853.024380267381,10385.189636674872,0.1413392335570755,0.9988375675402423,-1.67752601497439e-05,1.0,0.999019758183296,-1.9163805876058908e-05,1.0,False,False
3,3_6C-80PER_3_6C,31,power,0.000291843087285506,1.306774431327628e-07,0.0003614933514364584,0.0008256126845347378,1419.3616579485151,2678.814730645639,0.470153108495702,0.9981842680951013,8.163173855389774e-08,2.0257048224678567,0.9983569664955737,8.351672856978993e-07,1.5681924956038005,False,False
3,3_6C-80PER_3_6C,31,centered_quadratic,0.0003349652052044361,1.68336415705575e-07,0.0004102882105369042,0.0009089949972853617,1389.4625092511337,1914.73264517035,0.2743307987379533,0.9980738980318812,4.386966401260134e-06,1.0410330881099227e-07,0.9981882248849744,1.0683258870222333e-05,5.018075151380837e-08,False,False
3,3_6C-80PER_3_6C,41,linear,0.00020622548562009512,5.118742901079294e-08,0.000226246390050301,5.621387930476729e-05,10714.591061217154,9843.132344068154,0.08853469471780236,0.9990397171546909,-1.8576510854916413e-05,1.0,0.9991756371121673,-2.023498518052519e-05,1.0,False,False
3,3_6C-80PER_3_6C,41,power,0.00015264111081318753,3.690722708176669e-08,0.00019211253754444733,0.0004966780259939574,2344.07641225669,3884.3226846673124,0.396528918282324,0.9984307711272478,6.765094683937653e-07,1.6223682340630812,0.9986283633111809,2.829583583629211e-06,1.350207025651179,False,False
3,3_6C-80PER_3_6C,41,centered_quadratic,0.00017977398200789364,5.130953127260908e-08,0.00022651607287918683,0.0005711096518135061,1720.5862195372317,2364.0948267285685,0.27220084402528943,0.9981539066051149,1.1677977270187197e-05,6.328929894251987e-08,0.9982200676192734,1.5452639592212486e-05,3.0077645209484796e-08,False,False
3,3_6C-80PER_3_6C,51,linear,0.00015417300670485855,2.9372063881561564e-08,0.0001713827992581565,3.289705711906343e-05,10146.263096320132,9553.531985292217,0.06204313880357885,0.9991611061733007,-1.962901063008437e-05,1.0,0.9992682738689417,-2.0858073660685667e-05,1.0,False,False
3,3_6C-80PER_3_6C,51,power,9.567280663096423e-05,1.5654818990521455e-08,0.00012511921910930173,0.00032113415947243595,3633.5886252424934,5187.214230240728,0.2995105920131111,0.9986659943879905,2.591297314334039e-06,1.3719510246704925,0.9988555681759028,6.152768612967898e-06,1.2138753876286974,False,False
3,3_6C-80PER_3_6C,51,centered_quadratic,0.00010406942673081732,1.864652603868403e-08,0.00013655228316906325,0.00036296187289619475,2174.0433291387108,2934.4579230655795,0.2591329008161331,0.9981011631915415,1.6025126571295572e-05,3.6402869281197005e-08,0.9981401869463848,1.8250296666268164e-05,1.7501859022906476e-08,False,False
4,80PER_3_6C,11,linear,0.0016500960800268616,3.3751516523972286e-06,0.0018371585811783448,0.003012864626958933,1312.5099190469552,1228.7679979826128,0.06815112470525737,1.0011640735422584,-0.00015326670726292752,1.0,1.0018945327477282,-0.00016430647044779644,1.0,False,False
4,80PER_3_6C,11,power,0.0003234235026954302,1.4488106833364156e-07,0.0003806324583290836,0.00039654983455639226,870.4485227655706,854.4637719490486,0.018707347626992415,0.9992388381356173,4.004051303844311e-05,1.2575501499946407,0.9991356107533057,3.681487948252538e-05,1.2733682259835113,False,False
4,80PER_3_6C,11,centered_quadratic,0.0005408275078082014,3.783733220731596e-07,0.0006151205752315229,0.0006001515113545075,669.3154769736967,704.1927132150413,0.0495279709472001,0.9985648154487594,0.00011355695449741151,2.856816745720748e-07,0.9986510662396555,0.00011847364066650641,2.425017448745441e-07,False,False
4,80PER_3_6C,21,linear,0.0015765210589593593,3.1078792413463364e-06,0.0017629178203609878,0.002910567016350174,1304.048878477188,1217.949803862464,0.0706918087606562,1.0012781609560493,-0.000154348632384925,1.0,1.002123207564692,-0.00016595364351117096,1.0,False,False
4,80PER_3_6C,21,power,0.0005459305026142113,3.8500686446837945e-07,0.0006204892138211424,0.0005243822648036689,764.5398777044124,813.3139644640653,0.05996956758487802,0.9983210809263916,2.141337128599099e-05,1.3756966210650508,0.9985461486739061,2.7372424775268926e-05,1.3265311502738206,False,False
4,80PER_3_6C,21,centered_quadratic,0.0009535370485437955,1.049089321063134e-06,0.0010242506143826001,0.001361837424594392,623.2803611051351,687.4552149836851,0.09335132308229425,0.9970320834786086,0.00010725068563381507,3.651003624117874e-07,0.9972222497410557,0.00011822562182910309,2.666369926372235e-07,False,False
4,80PER_3_6C,31,linear,0.0013220715791494287,2.272256204341601e-06,0.0015074004790836446,0.0025519635756476866,1274.2853619456657,1198.0268651944302,0.06365341126040554,1.0017080546467296,-0.00015829111804183953,1.0,1.0025688228761556,-0.00016908537593043058,1.0,False,False
4,80PER_3_6C,31,power,0.0005759199404046011,4.2087777428539586e-07,0.0006487509339379758,0.0005806301202708752,759.2878746132267,816.5952891656166,0.07017847802054511,0.9982776762464826,2.0681905286199304e-05,1.3823338214974692,0.9986053937324085,2.8116732319318593e-05,1.3217778543045504,False,False
4,80PER_3_6C,31,centered_quadratic,0.0009071188931281982,9.530914431092548e-07,0.0009762640232586956,0.0012740199918175321,628.5331792948361,697.1598165308948,0.09843745380728985,0.995971206051591,0.00011609668062612345,3.5457510433386636e-07,0.9961341842476309,0.0001264785196918128,2.5211157537642763e-07,False,False
4,80PER_3_6C,41,linear,0.0011682485837648704,1.8231172437285556e-06,0.0013502285894353427,0.002326698036510755,1255.9459737012012,1183.6766291952536,0.06105497288991961,1.001989954587072,-0.00016082694543923665,1.0,1.0029074719676125,-0.00017142137215766712,1.0,False,False
4,80PER_3_6C,41,power,0.0008099544203071618,7.625719145200974e-07,0.0008732536369921956,0.0010243125654191276,712.1047386461724,803.7008405087734,0.11396790602410851,0.9976818043830827,1.4106604312798572e-05,1.4536303007005447,0.9983579492500113,2.520881480788532e-05,1.3410569899669795,False,False
4,80PER_3_6C,41,centered_quadratic,0.0010712876406570372,1.3179825890565047e-06,0.0011480342281728819,0.0015905161972278314,609.4194959379897,694.991018638241,0.12312608423043993,0.9946206690405097,0.0001177502352417515,3.951991761237688e-07,0.9948095321156479,0.00013080123569566784,2.5547255636474674e-07,False,False
4,80PER_3_6C,51,linear,0.0010838327614729115,1.5916292588720981e-06,0.0012615978990439458,0.002196038707152126,1244.9288395519027,1172.1318348684674,0.06210649904548006,1.0021734205150987,-0.00016239757172616275,1.0,1.0031964127644375,-0.00017335627846609887,1.0,False,False
4,80PER_3_6C,51,power,0.001558581068709357,2.7777911589802524e-06,0.0016666706810225746,0.0024690807943532622,598.2781640610676,770.1751205561883,0.22319204023493236,0.9960726844431012,4.183467916905853e-06,1.6820466526895979,0.997707402755696,1.862090164616155e-05,1.3947332120803755,False,False
4,80PER_3_6C,51,centered_quadratic,0.001717303540954409,3.4112992607190375e-06,0.0018469702923217357,0.0028348404281877126,551.824606789463,678.281033812653,0.1864366254093408,0.9929939422437059,0.00010746683009190967,5.548559761040008e-07,0.9933191494559288,0.0001313525038686117,2.8190452749987624e-07,False,False
6,80PER_3_6C,11,linear,0.0010079634481258547,1.192050578516242e-06,0.0010918106880390217,0.0021434845950607517,8419.618521810424,6590.164233176215,0.2776037476311087,1.0001198954815627,-2.3768285340145307e-05,1.0,1.000557757970815,-3.0432892242831626e-05,1.0,False,False
6,80PER_3_6C,11,power,0.00020758466396515686,7.594301825040231e-08,0.00027557760839807416,0.0008277735136984488,1575.3601652481834,1294.4814447102474,0.21698165059508215,0.9995080152683912,5.304944700494573e-07,1.7437025726834816,0.9994459760532626,2.441523307556e-07,1.8997372599640165,False,False
6,80PER_3_6C,11,centered_quadratic,0.0001403032183288766,3.984313937574604e-08,0.00019960746322656887,0.0006556969466849916,1282.053317499479,1221.6293718844302,0.049461765577755806,0.9994823506358664,7.416385037764145e-06,1.1763957052073537e-07,0.9994444428626912,5.5854467070935565e-06,1.314679657975669e-07,False,False
6,80PER_3_6C,21,linear,0.0008784189778284501,9.2755056690243e-07,0.0009630942668827543,0.001968571457769075,7818.688905022369,6267.755118588107,0.24744645524435077,1.0003153388095303,-2.5620067666441723e-05,1.0,1.0007800516255538,-3.20338060161454e-05,1.0,False,False
6,80PER_3_6C,21,power,0.00034442141637407885,1.7144340142473446e-07,0.00041405724413990687,0.00108740500727611,2042.8617562525474,1362.3618650106891,0.49950010251976557,0.9996764552230942,1.4077822193607124e-06,1.5563200773286212,0.999510955099801,3.276848697032146e-07,1.845555384018124,False,False
6,80PER_3_6C,21,centered_quadratic,0.0002744530673457457,1.1591236054742714e-07,0.00034045904386199985,0.0009428961776098976,1450.3716126172392,1255.816790426495,0.15492293435945417,0.9995361057690685,1.431327300396655e-05,8.764957102698819e-08,0.9994560439199994,1.007994828979735e-05,1.2264724986786843e-07,False,False
6,80PER_3_6C,31,linear,0.0008047160040106572,7.922168099894019e-07,0.000890065621170373,0.0018679173796323223,7501.266768273419,6047.396799022303,0.24041253080766373,1.0004346937462427,-2.6720112740688077e-05,1.0,1.0009498054185046,-3.322914174426137e-05,1.0,False,False
6,80PER_3_6C,31,power,0.00039413408532257944,2.1635704031491954e-07,0.0004651419571646053,0.0011778909790467473,2281.7091328149636,1336.782981262793,0.7068657850951583,0.9997508620524281,2.02630773652675e-06,1.487014954835557,0.9994843252415849,2.9366304404505117e-07,1.8656256713088444,False,False
6,80PER_3_6C,31,centered_quadratic,0.00033795401857867225,1.6381576750006156e-07,0.0004047416058426185,0.001059919934155995,1548.3687580285707,1253.4107394443215,0.2353243109397753,0.9994311223422071,1.780920210975607e-05,7.488160194074363e-08,0.9993364547436192,1.2398881715224142e-05,1.232559765031728e-07,False,False
6,80PER_3_6C,41,linear,0.0007474062863155085,6.944277445374465e-07,0.0008333233133288943,0.0017886030284370857,7260.95711516207,5855.294672507618,0.2400669003482375,1.0005350090562728,-2.7618261046814714e-05,1.0,1.001112267123015,-3.434707873325283e-05,1.0,False,False
6,80PER_3_6C,41,power,0.0004340230312283744,2.5666218352194197e-07,0.0005066183805606958,0.0012507291996206593,2529.7231401320537,1285.8693543185307,0.9673251653724382,0.9998257777640209,2.792687084312402e-06,1.426542787928615,0.9994265991137976,2.3238299554199368e-07,1.9083959720949877,False,False
6,80PER_3_6C,41,centered_quadratic,0.0003872573786346112,2.0748988706256903e-07,0.00045551057843102726,0.0011511394618417548,1648.333537086306,1239.5956909622462,0.32973480716666076,0.9992764796110566,2.06082198080422e-05,6.431230494297341e-08,0.9991731082104783,1.4185229955777633e-05,1.268040803614404e-07,False,False
6,80PER_3_6C,51,linear,0.0007339698050036491,6.724070402008377e-07,0.0008200042927941523,0.0017697695023538573,7204.406953937071,5714.981438221404,0.2606177346009371,1.0005602330385273,-2.7838548588503163e-05,1.0,1.0012410572617774,-3.521289779103935e-05,1.0,False,False
6,80PER_3_6C,51,power,0.0003180503982480953,1.4836721166311633e-07,0.0003851846461933761,0.0010287986050511178,1831.325194104974,1157.3489217764304,0.5823449261040898,0.999554602925259,9.014223913723206e-07,1.6382217651786628,0.9992610425246226,1.1619374754469275e-07,2.0350293019591845,False,False
6,80PER_3_6C,51,centered_quadratic,0.00029136891443440447,1.26751681165944e-07,0.00035602202342824806,0.0009664302111423995,1445.9252471809855,1186.432388496865,0.2187169376022189,0.9989972003092324,1.9067114836528984e-05,8.8600340929438e-08,0.9989236371843363,1.4068480624889363e-05,1.419088400411897e-07,False,False
7,4_8C_80PER_4_8C,11,linear,0.0030770866147970823,1.0566935362851796e-05,0.003250682291896856,0.004950554481797265,6734.823816861916,4041.43854477824,0.6664422190864878,1.0004184236079128,-2.975852510144764e-05,1.0,1.0017353534617937,-4.991671931333627e-05,1.0,False,False
7,4_8C_80PER_4_8C,11,power,0.0007170038377153288,8.165969830368032e-07,0.0009036575585014509,0.0018403644731082025,493.53250347993384,593.0296698074503,0.16777772073330163,0.9992460046623456,6.502088974770913e-10,3.1508881503029613,0.9993412666875178,4.949809384109066e-09,2.7424447009248314,False,False
7,4_8C_80PER_4_8C,11,centered_quadratic,0.0011730084365657546,1.5424688321629283e-06,0.0012419616870753011,0.001853428734934659,947.622399162079,866.4633080968631,0.09366708354157219,0.9994926874210889,1.6332481518387202e-24,2.274038963166835e-07,0.9997273929371913,2.132544814962237e-11,2.7291965889344714e-07,True,False
7,4_8C_80PER_4_8C,21,linear,0.0026733106329601686,8.078715452301102e-06,0.002842308120577553,0.0044056549632978115,5659.715187662199,3692.358574830202,0.5328184067070107,1.0010255529601277,-3.5518669455019565e-05,1.0,1.0024157842637713,-5.482018611182139e-05,1.0,False,False
7,4_8C_80PER_4_8C,21,power,0.00020383155355307547,7.067256521373635e-08,0.00026584312143393207,0.0005611388223750735,589.8961564497345,632.8914605699442,0.06793471993047712,0.9995043797462504,5.878028160610492e-09,2.7179107766815207,0.9995660170590369,1.1978545170649263e-08,2.5779485046922717,False,False
7,4_8C_80PER_4_8C,21,centered_quadratic,0.0006811576128477048,5.266141501389349e-07,0.0007256818518737635,0.001051614016011837,864.7113608863199,822.7211529543403,0.05103820143823386,0.9995497018098827,1.4607407036280579e-12,2.803259394704362e-07,0.9996854850080146,4.771890258476692e-13,3.1067035373474197e-07,False,True
7,4_8C_80PER_4_8C,31,linear,0.0024267478552990785,6.721851889871099e-06,0.0025926534457715515,0.004068614931133974,5136.923949018743,3463.8974096172906,0.48298963322539534,1.0014271027606396,-3.921161861839832e-05,1.0,1.0029516187791683,-5.859053972432497e-05,1.0,False,False
7,4_8C_80PER_4_8C,31,power,0.00014983408655380837,2.8448382275623373e-08,0.00016866648237164186,0.00021175861924405126,627.884071284089,646.3496783980427,0.02856906676231365,0.9995916308410638,1.1168145133533312e-08,2.5920206237342187,0.9996387140256519,1.562754281727644e-08,2.5285309196843055,False,False
7,4_8C_80PER_4_8C,31,centered_quadratic,0.0003570376127437358,1.5051005600258327e-07,0.00038795625526930646,0.0004901306960846119,807.8628129365916,787.6249299642386,0.025694822754368435,0.9994449715127037,5.385422641989088e-10,3.3047112135956465e-07,0.9995121043971507,1.481395134671279e-11,3.485041319959064e-07,False,False
7,4_8C_80PER_4_8C,41,linear,0.00214787576457508,5.335361268490358e-06,0.002309840095870352,0.0036821793706621753,4630.955037896545,3246.9864545438754,0.42623170830168566,1.0019187363409665,-4.360196432239196e-05,1.0,1.00354740424207,-6.268809774590315e-05,1.0,False,False
7,4_8C_80PER_4_8C,41,power,0.0003868782340621535,1.7326938653126374e-07,0.00041625639518362204,0.0005094276646038232,737.6859831525766,670.6074251208516,0.10002656624274112,0.9998285848743318,4.746852890544812e-08,2.3098147066358345,0.9997710554555046,2.445886465387718e-08,2.445488643596005,False,False
7,4_8C_80PER_4_8C,41,centered_quadratic,0.000530287282445665,3.2564051235576866e-07,0.0005706492025366974,0.0008190477572925792,851.4829734685753,776.0669234937915,0.0971772506876943,0.9995643221248314,1.2116759938077093e-05,2.888550860946361e-07,0.9994605830755086,5.09534487328138e-06,3.6221857152587064e-07,False,False
7,4_8C_80PER_4_8C,51,linear,0.0020144579819601715,4.726815657878124e-06,0.002174124112804539,0.0034940906810904115,4411.123958114021,3099.610050846717,0.4231222269101363,1.0021769407694092,-4.5833429912463864e-05,1.0,1.004013661117518,-6.581913781760641e-05,1.0,False,False
7,4_8C_80PER_4_8C,51,power,0.00020715031238484948,5.9299938850328774e-08,0.00024351578768188475,0.0001345569240880362,672.3432390184961,658.6359493184821,0.020811633064058425,0.9996804299085891,2.1113257062193547e-08,2.4670400223690336,0.99970226156983,1.9656526068553844e-08,2.485901964927239,False,False
7,4_8C_80PER_4_8C,51,centered_quadratic,0.0003530626957697347,1.4727057408026377e-07,0.0003837584840498823,0.00048131646911420134,806.2461910669076,761.9014433302033,0.05820273491395081,0.9993021406083228,1.2937803245996936e-05,3.322790572374692e-07,0.9992540967270624,8.949339367968752e-06,3.8167649966194843e-07,False,False
8,4_8C_80PER_4_8C,11,linear,0.004033442890029608,1.803496980851761e-05,0.004246759918869633,0.00652009042971069,2792.3356724721125,2064.8097818161878,0.352345236381048,1.0023656010207658,-7.24718030914984e-05,1.0,1.0040860250114727,-9.884010953878787e-05,1.0,False,False
8,4_8C_80PER_4_8C,11,power,0.0009418052623808215,1.2045963379898281e-06,0.0010975410415970002,0.0019573906258625318,524.429913412627,602.5788876493058,0.1296908601320938,0.999874029923107,7.469134182971734e-08,2.3633179222724534,1.0000559748603923,2.2764422535144413e-07,2.1380809873499853,False,False
8,4_8C_80PER_4_8C,11,centered_quadratic,0.00013452240697461315,2.590356019686812e-08,0.00016094583000770204,0.00023819469274932725,626.9461613352648,628.7096264467174,0.002804895992159584,0.9999378773155627,2.2579223332297902e-12,5.269987292855553e-07,0.9999133280663727,2.070316912317947e-29,5.23929690601133e-07,False,True
8,4_8C_80PER_4_8C,21,linear,0.0035491923873600807,1.4109295278585172e-05,0.0037562341884639157,0.005866560490729755,2558.4650561381454,1952.9988878556462,0.310018695887374,1.0030939440312654,-7.938116783890099e-05,1.0,1.0049313849231738,-0.00010493164445586773,1.0,False,False
8,4_8C_80PER_4_8C,21,power,0.0006198611929727948,5.450354959964214e-07,0.0007382651935425518,0.001314204383820572,556.8925359320697,620.0506099667682,0.10185954665552785,1.000070998803903,1.3518650210612478e-07,2.2471830014230747,1.0002566364677057,3.1294441464327877e-07,2.0792376751500092,False,False
8,4_8C_80PER_4_8C,21,centered_quadratic,0.0003965737813292236,2.294727421217731e-07,0.00047903313259290645,0.000820772814840387,607.438495958519,631.6759371247341,0.038370056134383185,0.9998542560972378,5.661633022781127e-06,5.714692621405356e-07,0.9999899873112947,1.2645136198385057e-05,5.155670852373264e-07,False,False
8,4_8C_80PER_4_8C,31,linear,0.003151772817707683,1.1243265833293482e-05,0.0033530979456755333,0.005323122266220337,2387.389709587269,1862.6809285498236,0.2816954707567406,1.003742494825997,-8.534111293510596e-05,1.0,1.0057144204774942,-0.00011043996710571978,1.0,False,False
8,4_8C_80PER_4_8C,31,power,0.0004944731881138243,3.580062040865586e-07,0.000598336196537163,0.0010624930628228002,571.7312329132477,630.1378047756342,0.09268856973782527,1.0001633627764155,1.7314797160690383e-07,2.1989645121416697,1.0003766744653468,3.7300544789724414e-07,2.046888351849806,False,False
8,4_8C_80PER_4_8C,31,centered_quadratic,0.00033987195480841283,1.7141176446321724e-07,0.0004140190387690127,0.0007084352861239651,612.2447017526712,636.3312727678513,0.03785225093591689,0.9997887257812827,1.882274630491139e-05,5.58977870842102e-07,0.9999070132702617,2.530538757162114e-05,5.037549084857685e-07,False,False
8,4_8C_80PER_4_8C,41,linear,0.0027934233668569087,8.93411073556727e-06,0.002988998282964925,0.004826366690095174,2246.12392336912,1784.2204236418577,0.2588825313323389,1.0043755851704796,-9.099034253814555e-05,1.0,1.00648347499588,-0.00011572755936422734,1.0,False,False
8,4_8C_80PER_4_8C,41,power,0.00043330847562301545,2.7823258859662247e-07,0.0005274775716526935,0.0009343697128498807,579.8554075139145,637.9870789440084,0.09111731780887006,1.0002145949727368,1.9718402547007302e-07,2.1736985334450067,1.0004741823150185,4.262750002617799e-07,2.0223704204878623,False,False
8,4_8C_80PER_4_8C,41,centered_quadratic,0.00031123718945750054,1.4510339227943034e-07,0.000380924391814741,0.000650740903816005,614.7669239733145,640.1714787999002,0.03968398416344701,0.9995608321051033,3.0759841354092205e-05,5.525734053583034e-07,0.9996695959326171,3.715607344034566e-05,4.941602888293984e-07,False,False
8,4_8C_80PER_4_8C,51,linear,0.002472707628827144,7.088265982423749e-06,0.002662379759242424,0.004374631251677363,2127.854185931215,1715.1874540458077,0.24059570335125952,1.0049933983066575,-9.63380854111232e-05,1.0,1.0072426448966123,-0.00012082798554045242,1.0,False,False
8,4_8C_80PER_4_8C,51,power,0.00046093405565963866,3.134941561460954e-07,0.0005599054885836496,0.0009937320382128467,575.8230262220115,643.1757183779062,0.10471895973585349,1.0001855437455462,1.8457543923107877e-07,2.1864590052175283,1.0005449315424928,4.6563350848914224e-07,2.006234376328001,False,False
8,4_8C_80PER_4_8C,51,centered_quadratic,0.0003562636702882704,1.8778612820132234e-07,0.000433342968330308,0.0007439667312698628,610.2247201275757,642.5209319111873,0.05026483991353574,0.9991673101429919,4.04495665723733e-05,5.645304933211444e-07,0.9992858095620427,4.8073604242866075e-05,4.882844382387847e-07,False,False
12,5_6C_19PER_4_6C_NEWSTRUCTURE,11,linear,0.0003967432139917304,2.352487347622491e-07,0.00048502446820985134,0.0010094009916152835,7611.549031312497,6934.760914111212,0.09759357612807129,1.0003905332109866,-2.6327168410348164e-05,1.0,1.0005699667244652,-2.8922405430926243e-05,1.0,False,False
12,5_6C_19PER_4_6C_NEWSTRUCTURE,11,power,0.00025067268334185713,8.497275924771855e-08,0.00029150087349392035,0.0006586542435476073,4063.5352260903683,2728.041909266445,0.48954281541188993,1.000117970159246,9.110842878121402e-06,1.2030598478784085,0.9999516241427856,3.700545905922211e-06,1.3774343206144175,False,False
12,5_6C_19PER_4_6C_NEWSTRUCTURE,11,centered_quadratic,0.00022546241986411088,6.83089257564115e-08,0.000261359763078427,0.0005888365704485032,2158.64414643435,1719.7192270263042,0.25523057049668746,0.9999946210466617,2.1704850505530052e-05,3.325408564615724e-08,0.9999086281963828,1.7969467079585526e-05,5.795205476898663e-08,False,False
12,5_6C_19PER_4_6C_NEWSTRUCTURE,21,linear,0.00035606346229623444,1.8391883297442963e-07,0.0004288575905524229,0.0009204679662039306,7353.213016859655,6763.019939660892,0.0872676825537137,1.0004892731296837,-2.72655331308907e-05,1.0,1.0006739249047707,-2.967223617484007e-05,1.0,False,False
12,5_6C_19PER_4_6C_NEWSTRUCTURE,21,power,0.0003276419048892465,1.5239275675628877e-07,0.00039037514874321695,0.0008523705718056496,6301.05557353785,2866.7446094571446,1.1979828802158408,1.0004052504498442,2.1364097276801856e-05,1.0454836640928407,1.000001083384353,4.322168199018551e-06,1.349379742467909,False,False
12,5_6C_19PER_4_6C_NEWSTRUCTURE,21,centered_quadratic,0.0003319047445296963,1.5693342723245523e-07,0.0003961482389616988,0.0008613729460702491,4207.1052858304,1789.8229124280085,1.3505706942387916,0.9999027993527174,2.6614084011318365e-05,5.049993174979907e-09,0.9997726731775828,2.0296906932743515e-05,5.237614101728117e-08,False,False
12,5_6C_19PER_4_6C_NEWSTRUCTURE,31,linear,0.0003240153025656545,1.4819428685725549e-07,0.00038496011073519743,0.0008464267822542171,7144.028014118947,6617.98003320895,0.07948769537990355,1.0005773712524106,-2.8076229664273964e-05,1.0,1.0007683314582358,-3.033679921226455e-05,1.0,False,False
12,5_6C_19PER_4_6C_NEWSTRUCTURE,31,power,0.00044824336203071137,3.04131910387746e-07,0.0005514815594267373,0.0011340261955982145,18887.533638122517,3026.8428166780504,5.240011385477731,1.0012337487111391,9.96299914208753e-05,0.7729596031025049,1.0000605602059611,5.110825595328239e-06,1.3193575944430256,False,False
12,5_6C_19PER_4_6C_NEWSTRUCTURE,31,centered_quadratic,0.00032401434988476696,1.481933286249105e-07,0.00038495886614664494,0.0008464244365373741,7143.6428402837255,1858.5846161428087,2.8435930106368783,0.9997070076240518,2.8076203794798457e-05,2.1739056174911313e-13,0.9996028434339398,2.2299397472434704e-05,4.7558590176500276e-08,False,False
12,5_6C_19PER_4_6C_NEWSTRUCTURE,41,linear,0.00033909873010721457,1.642004501715506e-07,0.0004052165472578219,0.0008813429391272276,7245.534668123439,6598.547742922548,0.09804989679658432,1.0005323784142675,-2.767668468919277e-05,1.0,1.0007815578723662,-3.0428143539268908e-05,1.0,False,False
12,5_6C_19PER_4_6C_NEWSTRUCTURE,41,power,0.00046368505083088874,3.270315299433708e-07,0.000571866706447727,0.0011682772741368197,23043.718733175694,2392.706402074472,8.630817518270035,1.001395413215099,0.000123562593001424,0.7363034630225209,0.9997817408928885,2.3160857638610855e-06,1.4607761766753917,False,False
12,5_6C_19PER_4_6C_NEWSTRUCTURE,41,centered_quadratic,0.0003390983767988054,1.6420006800355667e-07,0.0004052160756973453,0.0008813420642588277,7245.3716425467655,1686.5097999922784,3.2960744388084424,0.9993976341688376,2.7676675068452253e-05,8.82636470284772e-14,0.9992785991479797,2.0729225592048105e-05,6.099948394474887e-08,False,False
12,5_6C_19PER_4_6C_NEWSTRUCTURE,51,linear,0.00036097253568980527,1.8940877333830826e-07,0.0004352111824600883,0.0009315096663018441,7401.871691447957,6577.786346315407,0.12528308183712403,1.0004637781332015,-2.7082849647990408e-05,1.0,1.0007962097428222,-3.052641104028859e-05,1.0,False,False
12,5_6C_19PER_4_6C_NEWSTRUCTURE,51,power,0.0004352396948988058,2.855424107086006e-07,0.0005343616852924624,0.0011038957072848632,15161.208034976868,1804.9580719840753,7.399756354623306,1.0010258295658325,7.577015911168246e-05,0.8189360580752814,0.9994287590163836,7.1281453707235e-07,1.6726136151146707,False,False
12,5_6C_19PER_4_6C_NEWSTRUCTURE,51,centered_quadratic,0.0003608897443212244,1.8931379360126175e-07,0.00043510204964038234,0.000931310340394953,7359.1050411658325,1511.5901562736522,3.868452609738727,0.9990825172535651,2.708067326499852e-05,2.1983666670671418e-11,0.9989432238139773,1.852077729202294e-05,8.057472314269941e-08,False,False
13,5_6C_36PER_4_3C_NEWSTRUCTURE,11,linear,0.0004001769936530386,2.257088205292246e-07,0.0004750882239429058,0.0008619564643366218,9156.524482258732,8174.086522138881,0.12018932726721125,1.0004065713512422,-2.1886750998104236e-05,1.0,1.0005878458166346,-2.4539481601198852e-05,1.0,False,False
13,5_6C_36PER_4_3C_NEWSTRUCTURE,11,power,0.0001764291943544438,4.5760699924325056e-08,0.00021391750728803161,2.80083069159609e-05,2161.8248199849113,2324.168615974741,0.06985026597209418,0.9999266082171835,1.1817996442343133e-06,1.5677985502793494,0.9999225007250306,1.3398604043588536e-06,1.5369550752895027,False,False
13,5_6C_36PER_4_3C_NEWSTRUCTURE,11,centered_quadratic,0.0002684774390622535,8.028106274780796e-08,0.00028333913027996674,0.00020823628563104712,1489.3056965159406,1644.7217064085412,0.09449380359426961,0.9998952860377094,1.0124531321854367e-05,8.462028544064124e-08,0.9999169024905997,1.1741321119629576e-05,6.771513482311757e-08,False,False
13,5_6C_36PER_4_3C_NEWSTRUCTURE,21,linear,0.00032220571283647414,1.3574270812695258e-07,0.0003684327728730882,0.0006977568145732915,8491.383626515326,7811.528812647957,0.0870322353246126,1.0005895652046846,-2.3622718514132423e-05,1.0,1.0007487288762182,-2.5699031993734433e-05,1.0,False,False
13,5_6C_36PER_4_3C_NEWSTRUCTURE,21,power,0.00015304958515721667,3.390834151664665e-08,0.00018414217745168175,0.0002806931572707505,3530.7143451952406,2809.529644108621,0.2566923266315738,1.0002040130617886,4.78340784310161e-06,1.3026816175574296,1.0000878212127364,2.594324813168483e-06,1.4171399011610517,False,False
13,5_6C_36PER_4_3C_NEWSTRUCTURE,21,centered_quadratic,0.00012326434336667802,2.853468287143583e-08,0.00016892212072856482,0.00018154658926983203,1956.553484166324,1822.8362121005764,0.07335671256588452,0.9999720891635696,1.793214262420522e-05,4.411299139484654e-08,0.9999300566738434,1.6294789392408567e-05,5.2537668163841573e-08,False,False
13,5_6C_36PER_4_3C_NEWSTRUCTURE,31,linear,0.0002685994218173904,8.958561181986925e-08,0.0002993085562089217,0.0005778280820437631,8050.07783729236,7560.359922917824,0.0647744180657387,1.00073217944099,-2.4935433358307275e-05,1.0,1.0008722843625426,-2.6569143058075266e-05,1.0,False,False
13,5_6C_36PER_4_3C_NEWSTRUCTURE,31,power,0.0002871630083283527,1.0406885491952698e-07,0.0003225970472889158,0.0006225281342612243,9257.112764931506,3371.1377881939243,1.745990625880342,1.0008103291689983,3.071346242598818e-05,0.9619263291589556,1.000257292193989,4.557150846389846e-06,1.3160966773639786,False,False
13,5_6C_36PER_4_3C_NEWSTRUCTURE,31,centered_quadratic,0.0002683194279187351,8.937939230951778e-08,0.0002989638645547615,0.000577138673439892,7894.050447303765,2016.0135974644884,2.915673216307668,0.999959031479906,2.4927830291658154e-05,6.38913165175361e-11,0.9998555240054394,1.9672110118703683e-05,4.081084579511658e-08,False,False
13,5_6C_36PER_4_3C_NEWSTRUCTURE,41,linear,0.0002750001257352208,9.440433905669803e-08,0.00030725289104693225,0.0005926432178061658,8104.086095882294,7524.918903547147,0.07696656930909052,1.0007132929145754,-2.4766925047422475e-05,1.0,1.0008908717888374,-2.6696749076477096e-05,1.0,False,False
13,5_6C_36PER_4_3C_NEWSTRUCTURE,41,power,0.0002669280194508472,8.835536069938073e-08,0.0002972462963594008,0.0005730715542993092,7594.900774073848,2736.8751881260882,1.7750263537863424,1.0006734951763123,2.2313922948871156e-05,1.0189129141923399,1.0000484296268277,2.3485013255154603e-06,1.4343842245659943,False,False
13,5_6C_36PER_4_3C_NEWSTRUCTURE,41,centered_quadratic,0.0002377341314171888,6.877286937630584e-08,0.00026224581860595194,0.0004998955662166571,3562.692851560639,1848.379068652367,0.9274687275906881,0.9996794903423112,2.3747000307385822e-05,9.357107706790538e-09,0.9995836240410444,1.8620254051506443e-05,5.079556619471654e-08,False,False
13,5_6C_36PER_4_3C_NEWSTRUCTURE,51,linear,0.0002810886578860261,9.920122252468864e-08,0.00031496225571437704,0.0006067464996248884,8158.322861808292,7474.405427554284,0.09150124928101395,1.0006939928108376,-2.45999081196394e-05,1.0,1.0009182831680796,-2.6880838230609933e-05,1.0,False,False
13,5_6C_36PER_4_3C_NEWSTRUCTURE,51,power,0.00022600642593396448,6.183377501341958e-08,0.0002486639801286459,0.00047050918436675193,5208.489693068651,2192.2186637942546,1.375898800192626,1.0003990119518662,1.0909549249647393e-05,1.1472745232320392,0.9998118164618066,1.0136936012093538e-06,1.5848244558961002,False,False
13,5_6C_36PER_4_3C_NEWSTRUCTURE,51,centered_quadratic,0.00019115491360290225,4.4668078430820483e-08,0.00021134823971545277,0.00037816417776093125,2458.9348110038172,1694.4063650748035,0.45120725564275244,0.9993986323468045,2.2104082613546524e-05,2.5210358647822693e-08,0.9993151914401396,1.7468582358458707e-05,6.316950249761396e-08,False,False
15,5_6C_36PER_4_3C_NEWSTRUCTURE,11,linear,0.0008435515722012798,8.922632255652697e-07,0.0009445968587525949,0.0015494228086333495,7319.432227034869,6072.073818399971,0.20542543551678774,1.0006478369283374,-2.741303296548461e-05,1.0,1.0010265351740282,-3.3106734401822515e-05,1.0,False,False
15,5_6C_36PER_4_3C_NEWSTRUCTURE,11,power,0.00013622751147968738,3.007926618604877e-08,0.00017343375157693143,5.619320511462966e-05,1385.729166838287,1419.309656217463,0.02365973431666056,0.9999223607132898,5.075161950736709e-07,1.7810261994523444,0.9999129486959865,5.240309664891061e-07,1.770732026756333,False,False
15,5_6C_36PER_4_3C_NEWSTRUCTURE,11,centered_quadratic,0.00022645437563948657,5.8249568758281394e-08,0.00024134947432775028,0.0002311515627273497,1175.0314711808644,1235.2709730621427,0.04876622473524913,0.9998961871163415,7.843187340494025e-06,1.40790256294854e-07,0.9999176512660259,9.339399415134542e-06,1.257530951676794e-07,False,False
15,5_6C_36PER_4_3C_NEWSTRUCTURE,21,linear,0.0007037603714521512,6.526945230132263e-07,0.0008078951188200275,0.0013607432282086718,6829.943826408001,5800.736546501268,0.17742699942604742,1.0008582461615911,-2.9408477033877203e-05,1.0,1.0012467308234307,-3.46933064810215e-05,1.0,False,False
15,5_6C_36PER_4_3C_NEWSTRUCTURE,21,power,0.00012639064543705115,2.3585356543708427e-08,0.00015357524717124314,0.0001825730496035627,1660.9257897949435,1503.7828653311165,0.10449841402417225,1.0000619451441068,1.0752214582892495e-06,1.6363644292985662,0.9999917852307921,7.061651096074039e-07,1.7160176932137785,False,False
15,5_6C_36PER_4_3C_NEWSTRUCTURE,21,centered_quadratic,0.00010180298771997887,2.135739924619725e-08,0.00014614170946789027,2.6746591474724468e-05,1282.387614431934,1277.7878237168427,0.0035998079099794603,0.9999269475196884,1.4702822774897786e-05,1.1399731983707927e-07,0.9999054054182249,1.4038273814602226e-05,1.1539124394646903e-07,False,False
15,5_6C_36PER_4_3C_NEWSTRUCTURE,31,linear,0.0005920854683630528,4.897657165449131e-07,0.0006998326346669703,0.0012081141282874741,6468.450437013811,5585.833274249537,0.1580099368223365,1.0010399370358092,-3.1080076904573164e-05,1.0,1.0014413095485488,-3.606289333360252e-05,1.0,False,False
15,5_6C_36PER_4_3C_NEWSTRUCTURE,31,power,0.00020591920003008025,5.487444128192714e-08,0.00023425294295254253,0.00040967342299147447,2071.25983276606,1560.87340197318,0.32698771735598425,1.0002461830318043,2.379462525897108e-06,1.4851438442083376,1.0000453931201831,8.504516623739373e-07,1.6820734278344338,False,False
15,5_6C_36PER_4_3C_NEWSTRUCTURE,31,centered_quadratic,0.000154966639585008,3.1582307554746626e-08,0.0001777141174885851,0.0002720270903412425,1433.9539661650995,1311.400423827397,0.09345241934574265,0.99987342517806,2.0756544343151913e-05,8.675237446584294e-08,0.9998124718816224,1.7816894277015236e-05,1.0796449145909014e-07,False,False
15,5_6C_36PER_4_3C_NEWSTRUCTURE,41,linear,0.0005458935009061893,4.2892500715703325e-07,0.0006549236651374213,0.0011432472262681292,6320.499641123544,5453.094249526745,0.15906664214946914,1.0011232101706549,-3.182077708889843e-05,1.0,1.001572640399493,-3.696481872048821e-05,1.0,False,False
15,5_6C_36PER_4_3C_NEWSTRUCTURE,41,power,0.0001647966135853185,3.598548631078459e-08,0.00018969840882512588,0.00030580429034965384,1850.5157500167118,1457.7314785662898,0.2694489878456448,1.0001444869452238,1.6011268694267451e-06,1.5599819851581607,0.9999386683649757,5.97711908297525e-07,1.7461972121835507,False,False
15,5_6C_36PER_4_3C_NEWSTRUCTURE,41,centered_quadratic,0.00013332288928811887,2.439025539827017e-08,0.00015617379869321924,0.00020407017150525508,1383.5262215650262,1281.7864123017139,0.0793734496534546,0.9996326558300426,2.1492861535112375e-05,9.475151884211245e-08,0.9995776004844058,1.8756628307305125e-05,1.145169208375542e-07,False,False
15,5_6C_36PER_4_3C_NEWSTRUCTURE,51,linear,0.0004962272298652249,3.599555234252599e-07,0.0005999629350428741,0.0010623504770075343,6139.307217663196,5309.951581294446,0.156188926334159,1.0012337427164124,-3.277792356398935e-05,1.0,1.001725222448277,-3.7990030485193424e-05,1.0,False,False
15,5_6C_36PER_4_3C_NEWSTRUCTURE,51,power,0.00015648960618331876,3.2722591592025056e-08,0.00018089386830963912,0.00028203261704329297,1802.5624824989948,1388.0145752113397,0.2986625030393041,1.000118139400791,1.4490576009537563e-06,1.5787389284584614,0.9998555835858797,4.550834431301408e-07,1.795645359288964,False,False
15,5_6C_36PER_4_3C_NEWSTRUCTURE,51,centered_quadratic,0.00013475466234621035,2.4823343170331067e-08,0.00015755425468812662,0.00020917478757132013,1387.404560872417,1262.6284038455822,0.0988225487774587,0.9994099140883671,2.346234032219193e-05,9.40968004226043e-08,0.9993500622623523,2.02467075995036e-05,1.1908270393075918e-07,False,False
17,4_8C_80PER_4_8C_NEWSTRUCTURE,11,linear,0.0002604875312669175,9.932263165102491e-08,0.000315154932772795,0.0009320634056133592,17862.34239649656,15532.539057976153,0.14999500917552963,1.000022980290928,-1.1198026319894054e-05,1.0,1.0001323768535326,-1.2884717437794698e-05,1.0,False,False
17,4_8C_80PER_4_8C_NEWSTRUCTURE,11,power,0.0001261633292656694,2.5454679035977763e-08,0.00015954522567591223,0.0005078894415063706,3546.1871970863967,3619.0070464832365,0.02012149975436007,0.9997865082016866,7.170556211054119e-07,1.5339095514514822,0.9997884289699728,7.534712544385123e-07,1.5240599547139075,False,False
17,4_8C_80PER_4_8C_NEWSTRUCTURE,11,centered_quadratic,0.00014252564999556628,2.8175266549526155e-08,0.0001678548973057568,0.00042266765789256144,2169.6374877661938,2321.489633716342,0.06541151153324622,0.9997710332653084,5.599385619864199e-06,4.02779906476766e-08,0.9997852398243015,6.329234328769971e-06,3.4685095814947667e-08,False,False
17,4_8C_80PER_4_8C_NEWSTRUCTURE,21,linear,0.0002294828655626202,8.283119439796946e-08,0.00028780409030792017,0.0008891369640939839,17174.600557494392,15078.71565662615,0.13899624799591156,1.0000702877815353,-1.1649195980527862e-05,1.0,1.000186556724522,-1.3276101312816558e-05,1.0,False,False
17,4_8C_80PER_4_8C_NEWSTRUCTURE,21,power,0.0001244961926755872,2.5445997084909492e-08,0.00015951801492279638,0.0005250140055423902,3722.7116614784018,3681.127621057019,0.011296549509316403,0.99979612207028,8.135284093732072e-07,1.5095005788712792,0.9997939016430479,7.928292411125573e-07,1.5147031795882526,False,False
17,4_8C_80PER_4_8C_NEWSTRUCTURE,21,centered_quadratic,0.00013353757782347264,2.6357080969932847e-08,0.00016234864018504388,0.0004571117483699316,2255.500054361986,2372.685223718706,0.04938926081945919,0.9997240537948392,6.886655147487441e-06,3.691892118639451e-08,0.9997326227294114,7.372645103550776e-06,3.298020228639675e-08,False,False
17,4_8C_80PER_4_8C_NEWSTRUCTURE,31,linear,0.00017806097147519352,5.523315776025236e-08,0.00023501735629576884,0.0007984560554193942,15829.338103114631,14380.811781986205,0.10072632498694467,1.000178982495358,-1.264607409301404e-05,1.0,1.0002791579374726,-1.3926832572021256e-05,1.0,False,False
17,4_8C_80PER_4_8C_NEWSTRUCTURE,31,power,0.00015560855929581008,4.3115357997201126e-08,0.00020764238006052888,0.0007368133357186224,10734.60136901422,5133.655561574291,1.0910248535884124,1.0000880168739288,7.345683462674326e-06,1.100328560301722,0.9999347950641857,2.0309331165604577e-06,1.3457192739211836,False,False
17,4_8C_80PER_4_8C_NEWSTRUCTURE,31,centered_quadratic,0.00015211202853004257,4.127083327307061e-08,0.00020315224161468319,0.0007232958663732081,4604.868954572273,2790.6259356299984,0.6501204607104389,0.9997706525801359,1.1817178245243468e-05,6.965511325960754e-09,0.9997406571214661,1.0113653776555153e-05,2.256318813883932e-08,False,False
17,4_8C_80PER_4_8C_NEWSTRUCTURE,41,linear,0.0001811507970356696,5.689852218529659e-08,0.0002385341111566574,0.0008050329429921677,15924.803602108475,14278.875785041251,0.11527012643330933,1.000170288134826,-1.2569717852490376e-05,1.0,1.0002937164161607,-1.4027274936167675e-05,1.0,False,False
17,4_8C_80PER_4_8C_NEWSTRUCTURE,41,power,0.00013944525531403907,3.547144169239252e-08,0.0001883386356868726,0.0006824136424384841,7339.816081385844,4234.453073558556,0.7333563399765342,0.9999726727498427,3.7390056198020304e-06,1.2231245732760745,0.9998474234636864,1.196475909181479e-06,1.4400569228979858,False,False
17,4_8C_80PER_4_8C_NEWSTRUCTURE,41,centered_quadratic,0.00013567972001907736,3.3791502409894115e-08,0.00018382465125737113,0.000665011536583493,3429.9991906241985,2592.1915510455665,0.3232043709272566,0.9996272136012425,1.1029934428505337e-05,1.4126453431070521e-08,0.9996062073576979,9.759270401489412e-06,2.6842795815543202e-08,False,False
17,4_8C_80PER_4_8C_NEWSTRUCTURE,51,linear,0.00016338562108586307,4.72742263741365e-08,0.00021742637000634607,0.0007636990324740855,15329.24610925928,13909.567523892832,0.10206489762732222,1.0002273683248621,-1.3061788355261603e-05,1.0,1.0003498553661503,-1.4403744402692893e-05,1.0,False,False
17,4_8C_80PER_4_8C_NEWSTRUCTURE,51,power,0.00017362933118706848,5.296871056883895e-08,0.00023014932232974086,0.0007928282250853069,20000.775727056815,4757.9473247036085,3.20365640098858,1.0003081718736178,1.8493039347562122e-05,0.9380717122361422,0.999905161345064,1.671225472539703e-06,1.3808021580930416,False,False
17,4_8C_80PER_4_8C_NEWSTRUCTURE,51,centered_quadratic,0.00016330113881372953,4.7229654480211746e-08,0.0002173238470122682,0.0007634487152443636,14868.295728242838,2765.1971276942613,4.376938800974617,0.9995611724774116,1.3059055212473758e-05,2.7607502944042713e-11,0.9995305735789689,1.0970332673880007e-05,2.304303173696678e-08,False,False
18,5C_67PER_4C_NEWSTRUCTURE,11,linear,0.0008503290976100053,7.685540006104115e-07,0.0008766721169344965,0.001206359001612034,9144.349023912782,7337.228698267091,0.24629467063940602,1.0006094070291076,-2.1938074159735938e-05,1.0,1.0009607286148012,-2.7389186964045996e-05,1.0,False,False
18,5C_67PER_4C_NEWSTRUCTURE,11,power,0.000466002476086691,3.0836113336758755e-07,0.0005553027402846014,0.0010077005144470963,988.8086027138893,1459.091636331934,0.32231219884195017,0.9998984740032867,4.963350373039983e-08,2.205271129754721,1.0000014847710137,3.0285180580324407e-07,1.839333496227464,False,False
18,5C_67PER_4C_NEWSTRUCTURE,11,centered_quadratic,0.0003817182504088179,2.1240763223831523e-07,0.00046087702507102175,0.0008342685150338758,1130.951818403969,1287.3076915410147,0.12145959677276129,0.9998733606732182,4.819361466643579e-14,1.593515294531227e-07,0.9999553383111803,4.917615250728429e-06,1.1889720483238418e-07,True,False
18,5C_67PER_4C_NEWSTRUCTURE,21,linear,0.0006683545728034979,4.791135056123957e-07,0.0006921802551448544,0.0009608167436794268,8188.376557004087,6883.018426912394,0.18964908258675905,1.0008827850415922,-2.4532675511822082e-05,1.0,1.0012166023316065,-2.923377359340716e-05,1.0,False,False
18,5C_67PER_4C_NEWSTRUCTURE,21,power,0.0002816444287251918,1.1636282897237688e-07,0.00034111996272920893,0.0006210739444879598,1246.8305330766914,1704.3137360671633,0.2684266360759082,1.000060857472806,1.870707154071189e-07,1.9475230475728496,1.0001795548109313,6.654354875300838e-07,1.695259096627607,False,False
18,5C_67PER_4C_NEWSTRUCTURE,21,centered_quadratic,0.0003401863752314127,1.6954172791322125e-07,0.00041175445099381897,0.0007438925883256342,1173.0749485606634,1390.8260663891094,0.1565624365912093,0.99996669643902,5.740374723203585e-06,1.4567675029942332e-07,1.0000817057998803,1.1672404393480166e-05,9.810820782080652e-08,False,False
18,5C_67PER_4C_NEWSTRUCTURE,31,linear,0.0005166043365492446,2.9012242973162167e-07,0.0005386301418706733,0.0007532419403899482,7501.741862577087,6537.4047025178015,0.14751070247920903,1.0011309209896104,-2.6811229268360283e-05,1.0,1.0014412573717766,-3.0813643416353574e-05,1.0,False,False
18,5C_67PER_4C_NEWSTRUCTURE,31,power,0.0001392509099771333,2.5115253609392568e-08,0.00015847792783032144,0.0002665971676497625,1683.861470925719,2016.5660392362906,0.16498570432961013,1.0002845031947376,7.36986627165236e-07,1.6843371750725815,1.000384217398124,1.4054112334254963e-06,1.5596564413450797,False,False
18,5C_67PER_4C_NEWSTRUCTURE,31,centered_quadratic,0.0001839187101495554,4.62876451126704e-08,0.0002151456369826504,0.00039001270780358865,1339.7044050811785,1520.4620000742714,0.11888333610722482,1.000051810481225,1.420297158698986e-05,1.0595174522176728e-07,1.0001149882572402,1.7561994536738333e-05,7.841212354801417e-08,False,False
18,5C_67PER_4C_NEWSTRUCTURE,41,linear,0.00041320561906523114,1.8874375981569682e-07,0.00043444649822008786,0.0006098910981711114,7078.061243342278,6303.99452718613,0.12278987756381564,1.0013137099411453,-2.8441928237129018e-05,1.0,1.0016110996457919,-3.198148392679262e-05,1.0,False,False
18,5C_67PER_4C_NEWSTRUCTURE,41,power,8.47989184212361e-05,1.1362533556701258e-08,0.00010659518542927376,2.5897120545570473e-05,2252.2420856614945,2293.0102898378686,0.017779337649311975,1.0005195048952011,2.140135151374948e-06,1.4829365496146845,1.0005510491944436,2.3447724601676283e-06,1.4677167665042117,False,False
18,5C_67PER_4C_NEWSTRUCTURE,41,centered_quadratic,9.45895784044426e-05,1.2281764805017668e-08,0.00011082312396344757,0.00012459241093776274,1552.2065438868963,1640.45402413717,0.053794546480319304,1.000002205830471,2.0364980850854148e-05,7.410043473653957e-08,1.0000293025202731,2.170719464120465e-05,6.461817160744334e-08,False,False
18,5C_67PER_4C_NEWSTRUCTURE,51,linear,0.00033810730861065784,1.290686735132236e-07,0.0003592612886371472,0.0005042942027886355,6786.089954684748,6131.867399029201,0.10669222164835519,1.0014570810859909,-2.9686768438269197e-05,1.0,1.0017478314773665,-3.290153200463976e-05,1.0,False,False
18,5C_67PER_4C_NEWSTRUCTURE,51,power,0.00017066162477694658,3.705598827962109e-08,0.00019249932020560772,0.00021178231634355615,3426.4576602592842,2567.073840774097,0.3347717567898404,1.0008928220358186,7.295702770776299e-06,1.2560372018452872,1.0007077090827945,3.5525732475963448e-06,1.393784110293227,False,False
18,5C_67PER_4C_NEWSTRUCTURE,51,centered_quadratic,0.00013547492465394882,2.592840658003687e-08,0.00016102300015847696,0.00013684063772345656,1977.5289264760597,1763.623837906909,0.12128725183427769,0.9998775245826708,2.5674647236047417e-05,4.052647679058866e-08,0.9998728698744344,2.4915715625058945e-05,5.3596083084370215e-08,False,False
19,5_3C_54PER_4C_NEWSTRUCTURE,11,linear,0.0004089846548051046,1.9480198347810133e-07,0.00044136377680786327,0.0005881613934672902,17065.918431148897,13904.701600337059,0.22734877178056148,1.0002804795918327,-1.173569886671195e-05,1.0,1.0004556654539012,-1.441639462791794e-05,1.0,False,False
19,5_3C_54PER_4C_NEWSTRUCTURE,11,power,0.0001200553768977164,2.3310997205984872e-08,0.0001526793935211457,0.00028396208227488007,1766.4072542661681,2179.0302594463415,0.1893608422331017,0.9999390336939179,9.534834856122282e-08,1.9468455690473607,0.9999621209258021,1.956212997620176e-07,1.8001970258692095,False,False
19,5_3C_54PER_4C_NEWSTRUCTURE,11,centered_quadratic,0.00016875607836994933,4.0130265576420814e-08,0.0002003253992294058,0.00037324479764622165,1624.9734500971415,1834.0069124288318,0.11397637648751327,0.9999083557037783,1.1691249310252982e-06,7.601851752296311e-08,0.9999518200891547,3.397298122397582e-06,5.830209791280632e-08,False,False
19,5_3C_54PER_4C_NEWSTRUCTURE,21,linear,0.0003258818682271047,1.292573590722477e-07,0.0003595237948623814,0.00047608193483994476,15513.115511210903,13126.904573581398,0.18178016944161252,1.0004049443948333,-1.2918420174851796e-05,1.0,1.0005753445961396,-1.5279713771958717e-05,1.0,False,False
19,5_3C_54PER_4C_NEWSTRUCTURE,21,power,7.447420011312378e-05,7.80912942293892e-09,8.836927872818087e-05,0.00010091305931292371,2476.3667574707756,2554.8388836741105,0.03071509781097596,1.0000364364535086,3.46415266326641e-07,1.6976506217884584,1.0000391267376367,3.761500495868845e-07,1.6804059201351342,False,False
19,5_3C_54PER_4C_NEWSTRUCTURE,21,centered_quadratic,8.206365681910021e-05,1.1176130893528411e-08,0.000105717221366854,0.0001769093209451622,1863.5241017756193,1971.7862252365576,0.05490560897287429,0.999980091348642,5.720003494270482e-06,5.5801679694445745e-08,0.9999929996537116,6.4660861354495196e-06,4.923814322072161e-08,False,False
19,5_3C_54PER_4C_NEWSTRUCTURE,31,linear,0.0002699424722722421,9.311351720977583e-08,0.00030514507567676037,0.00039964522519464474,14576.166740131473,12598.520804851103,0.15697445485178477,1.0004958326949056,-1.3755045223439668e-05,1.0,1.0006673972385358,-1.592785378115724e-05,1.0,False,False
19,5_3C_54PER_4C_NEWSTRUCTURE,31,power,7.885887179629902e-05,9.902901243816191e-09,9.951332194141743e-05,1.4800778001422543e-05,3325.977766765933,2813.0264284835384,0.1823485670409856,1.0001272729222115,8.667515731237355e-07,1.5228661188397132,1.0000882587610802,5.406758324976356e-07,1.6143821535541962,False,False
19,5_3C_54PER_4C_NEWSTRUCTURE,31,centered_quadratic,7.421662644135685e-05,7.614853927384243e-09,8.726313040101325e-05,4.623588407404178e-05,2126.5123925078897,2070.952747784514,0.02682806007177751,0.9999727183980078,8.837694631617058e-06,4.132227388100927e-08,0.9999659947327183,8.512173831116128e-06,4.387976301799591e-08,False,False
19,5_3C_54PER_4C_NEWSTRUCTURE,41,linear,0.00022845379331134063,7.043139762929994e-08,0.00026538914376684656,0.00034206834226468974,13917.129561257076,12191.605809481007,0.1415337551706426,1.0005695880892744,-1.441170660993385e-05,1.0,1.0007457262278288,-1.646589705777031e-05,1.0,False,False
19,5_3C_54PER_4C_NEWSTRUCTURE,41,power,9.958279993475427e-05,1.8047530316950444e-08,0.00013434109690243877,0.00010509602722286182,4582.5968906547805,2980.698277852555,0.5374239401232902,1.0002384607575114,2.017898420375083e-06,1.364789896392957,1.0001207790164348,6.672926336050485e-07,1.5764175380447458,False,False
19,5_3C_54PER_4C_NEWSTRUCTURE,41,centered_quadratic,8.828068379075571e-05,1.3425867994350439e-08,0.00011587004787411818,5.826575822032165e-05,2493.6055948534085,2142.7881175770276,0.16372009644755275,0.9999225316987872,1.1290794416555791e-05,2.863222195765546e-08,0.9999011345340141,1.0029571192709347e-05,4.048003688715443e-08,False,False
19,5_3C_54PER_4C_NEWSTRUCTURE,51,linear,0.00020591844654937352,5.9584563703499625e-08,0.00024409949550029721,0.00031039818550238074,13569.05732179476,11909.829695548411,0.13931581463893863,1.0006124878100653,-1.478455599769922e-05,1.0,1.000804365409916,-1.686038932067781e-05,1.0,False,False
19,5_3C_54PER_4C_NEWSTRUCTURE,51,power,0.00011640891261051723,2.403914659635861e-08,0.00015504562746610629,0.00014866057113105402,5559.5104384700935,2897.000426270259,0.9190575148197961,1.0003087735630067,3.1472411488621943e-06,1.2827030889910858,1.0001031432508316,6.009887272074485e-07,1.5951674296672498,False,False
19,5_3C_54PER_4C_NEWSTRUCTURE,51,centered_quadratic,0.00010241962056123377,1.895229432050258e-08,0.00013766733207447066,0.00010919333097780815,2781.536469670752,2139.041492522171,0.3003658317964682,0.9998225927752659,1.258765728840955e-05,2.2190896053868006e-08,0.9997950776245965,1.0803311078849339e-05,4.06515318242811e-08,False,False
20,4_8C_80PER_4_8C_NEWSTRUCTURE,11,linear,0.0007901539831560478,6.851569045641632e-07,0.0008277420519486509,0.000891863829684203,11477.048005599996,8902.872369293358,0.2891399010936238,1.000420184316596,-1.7462694607429107e-05,1.0,1.0007488301151262,-2.2548770979523772e-05,1.0,False,False
20,4_8C_80PER_4_8C_NEWSTRUCTURE,11,power,0.00022522120686269576,7.887736674213879e-08,0.00028085114694823444,0.0007247468285729308,1187.2115017947692,1500.5918154929138,0.20883781349640745,0.99987328923582,5.9670867008667e-08,2.1222744463148966,0.9999261872220546,1.7326355674196024e-07,1.9085835374949103,False,False
20,4_8C_80PER_4_8C_NEWSTRUCTURE,11,centered_quadratic,0.00022921989597638693,8.054629189068009e-08,0.00028380678619560894,0.0007244738786452709,1267.5137764972742,1376.9071741490445,0.0794486365570559,0.9998325245229457,4.023181072903974e-12,1.2657025491402025e-07,0.9998779297632404,2.670136795102546e-06,1.0517795864775382e-07,False,False
20,4_8C_80PER_4_8C_NEWSTRUCTURE,21,linear,0.0006224540865853335,4.3590356671632237e-07,0.0006602299347320768,0.0006654957668562611,10105.73452758089,8284.749663800325,0.21979962433110556,1.0006727400599498,-1.9857313638337456e-05,1.0,1.000986310092355,-2.4259792781736257e-05,1.0,False,False
20,4_8C_80PER_4_8C_NEWSTRUCTURE,21,power,0.00013529075065778605,2.6686181065429344e-08,0.00016335905565786473,0.00031888603064933463,1756.4208675098293,1818.7112758157277,0.03424975098257963,1.0000791292605058,3.8729728161283e-07,1.7608047222254828,1.0001009880189888,4.585052755575256e-07,1.7301575550533548,False,False
20,4_8C_80PER_4_8C_NEWSTRUCTURE,21,centered_quadratic,0.0001432583629117068,3.199260454234973e-08,0.000178864766073002,0.0004548404303310605,1427.6408786657394,1505.8971088472074,0.05196651864307957,0.9999922631173106,7.507000064854672e-06,9.57388649107909e-08,1.000027724474504,9.120580328894202e-06,8.457660588177779e-08,False,False
20,4_8C_80PER_4_8C_NEWSTRUCTURE,31,linear,0.0005208743816568972,3.131527314351897e-07,0.0005596005105744541,0.0005266397327187144,9394.26973527398,7906.492544303526,0.1881715795763784,1.000838180590784,-2.1378796463195934e-05,1.0,1.0011542422090247,-2.5441653309842476e-05,1.0,False,False
20,4_8C_80PER_4_8C_NEWSTRUCTURE,31,power,0.00016811393782376839,4.508196021726197e-08,0.0002123251285582137,9.816525605788051e-05,2406.4261180864987,2038.530687321894,0.18047088182318455,1.0002520547164306,1.216487560103613e-06,1.5427076604428176,1.000209056954964,7.626853967783865e-07,1.6375396717183486,False,False
20,4_8C_80PER_4_8C_NEWSTRUCTURE,31,centered_quadratic,0.00014763589235658792,3.3679642594106196e-08,0.00018352014220271898,0.00019908161023418636,1658.9451091757219,1596.6881661925581,0.03899129729984838,1.0000180349919938,1.3375258746316907e-05,6.725661946971209e-08,1.0000189238848511,1.3062115039542956e-05,7.325170574140873e-08,False,False
20,4_8C_80PER_4_8C_NEWSTRUCTURE,41,linear,0.00042068272486324166,2.129560895504211e-07,0.00046147165628066596,0.00038763041277656285,8753.837880227517,7568.703613477224,0.15658352173283427,1.0010160501536873,-2.2963190877423788e-05,1.0,1.0013227463629992,-2.6599369805486042e-05,1.0,False,False
20,4_8C_80PER_4_8C_NEWSTRUCTURE,41,power,0.0003307724351866637,1.3862706174442102e-07,0.00037232655256430613,0.00023550707006358973,5396.623462902425,2430.394793951061,1.2204719481517672,1.0007516726243033,9.911648510169394e-06,1.153904707458121,1.0003891665830105,1.5493225544397122e-06,1.5098110830380111,False,False
20,4_8C_80PER_4_8C_NEWSTRUCTURE,41,centered_quadratic,0.0003173268355275316,1.2860970377585674e-07,0.00035862195105132195,0.0002046904886520151,2814.1533289173726,1749.8792677338315,0.608198565928392,1.0000383478536286,2.0951442317137256e-05,1.8456408810003993e-08,0.9999878773639496,1.7322350677975453e-05,5.83460322484772e-08,False,False
20,4_8C_80PER_4_8C_NEWSTRUCTURE,51,linear,0.0003957534292291398,1.912477087514267e-07,0.00043731877246629456,0.000352587537473803,8601.285622693465,7410.6906016614885,0.16065911870143976,1.0010635671124144,-2.33759900475729e-05,1.0,1.001408819680761,-2.7178144454661848e-05,1.0,False,False
20,4_8C_80PER_4_8C_NEWSTRUCTURE,51,power,0.0003833103828756301,1.8048668091954106e-07,0.0004248372405045738,0.00033108977952267526,7895.8715792288,2379.4674525278915,2.318335609440847,1.0010100567742688,2.0327492812453196e-05,1.0250766900817916,1.0003652810507544,1.4271702436073262e-06,1.5244713549085807,False,False
20,4_8C_80PER_4_8C_NEWSTRUCTURE,51,centered_quadratic,0.0003788229846325941,1.7657364162826705e-07,0.00042020666537820057,0.0003218858692443094,5051.17322914464,1750.1847021314572,1.8860800937141569,0.9998659163142088,2.304076724468184e-05,3.3860889185566687e-09,0.9998083750820815,1.8487905340104274e-05,5.832375244667549e-08,False,False
21,5_6C_19PER_4_6C_NEWSTRUCTURE,11,linear,0.0007569464444317186,6.421164062852325e-07,0.00080132166218394,0.001019405787532679,6164.213753654581,5361.290522726866,0.14976305192267983,1.0009118364621963,-3.259326241616484e-05,1.0,1.0012339522664346,-3.753461063402376e-05,1.0,False,False
21,5_6C_19PER_4_6C_NEWSTRUCTURE,11,power,0.0003535220968935571,1.5482140050804946e-07,0.0003934735067422576,0.0007962189457186852,1309.5487945097746,1670.3815071790102,0.2160181438302802,1.0000697453165899,7.116761198584876e-07,1.7480546402478137,1.0001702253065314,1.6597256424387944e-06,1.5766843931980954,False,False
21,5_6C_19PER_4_6C_NEWSTRUCTURE,11,centered_quadratic,0.00047023262595306424,2.702413231735388e-07,0.0005198474037383843,0.0010227170681461617,1093.0505857679182,1281.7603481805136,0.147227024677798,1.0000370880114056,1.0148803102536572e-05,1.6147093031386863e-07,1.0001642478100743,1.6572150866370608e-05,1.1091248554315255e-07,False,False
21,5_6C_19PER_4_6C_NEWSTRUCTURE,21,linear,0.0006136690424851699,4.3230809704556986e-07,0.0006575014045958912,0.0008260821953524067,5806.884799267296,5157.827732071365,0.12583922940273778,1.0011270531984549,-3.463596405835926e-05,1.0,1.0014450228924963,-3.905617507151535e-05,1.0,False,False
21,5_6C_19PER_4_6C_NEWSTRUCTURE,21,power,0.0002640161048306333,8.945669637410367e-08,0.00029909312324776654,0.0006301284551339936,1450.5303212698318,1796.1776742825464,0.19243494558564633,1.0001673474190869,1.1082331018109023e-06,1.662728937446743,1.000283029720648,2.2727666885605045e-06,1.5195324319240564,False,False
21,5_6C_19PER_4_6C_NEWSTRUCTURE,21,centered_quadratic,0.00036005116601044884,1.6230717896077315e-07,0.00040287365136078724,0.0008252908307070372,1154.718270023217,1345.6910248510521,0.1419142665746567,1.0000113388207983,1.6431629725657893e-05,1.411188707962273e-07,1.000105707481626,2.15572177332611e-05,9.775953820252756e-08,False,False
21,5_6C_19PER_4_6C_NEWSTRUCTURE,31,linear,0.0004907728870136286,2.8595362478327027e-07,0.0005347463181577507,0.0006580459943306138,5519.0859507700025,4990.592066298046,0.10589803322954945,1.0013275071651901,-3.6478414897144634e-05,1.0,1.0016364887494975,-4.0403320101269804e-05,1.0,False,False
21,5_6C_19PER_4_6C_NEWSTRUCTURE,31,power,0.00018453222317757145,4.480249278410274e-08,0.00021166599345219048,0.0004690060922307726,1633.9491968234433,1935.225836455578,0.15568035211018655,1.0002941172488549,1.7936252569878422e-06,1.5709809296374315,1.0004090600654822,3.0954751636361544e-06,1.4638219771388843,False,False
21,5_6C_19PER_4_6C_NEWSTRUCTURE,31,centered_quadratic,0.0002561119585578542,8.549134945742068e-08,0.00029238903785439816,0.0006323710481630496,1234.2630648822321,1416.645759530717,0.12874262561510197,0.9999167956059862,2.2247192995777805e-05,1.19590100011633e-07,0.9999798046044955,2.5968276463327745e-05,8.541445939611211e-08,False,False
21,5_6C_19PER_4_6C_NEWSTRUCTURE,41,linear,0.0003938112576323394,1.924304875871682e-07,0.0004386689954705805,0.0005235703830720473,5301.273353037743,4859.147461306329,0.09098836683843975,1.0014992681406847,-3.800959783091005e-05,1.0,1.0018004110040386,-4.153000348538233e-05,1.0,False,False
21,5_6C_19PER_4_6C_NEWSTRUCTURE,41,power,0.00013034546836254268,2.349893003561194e-08,0.0001532936072887971,0.000349203800324438,1818.3629665063054,2054.835427472428,0.11508097330061998,1.000420835460295,2.6889159161154645e-06,1.4947371468086497,1.000519173569173,3.93372547129254e-06,1.4209685090393698,False,False
21,5_6C_19PER_4_6C_NEWSTRUCTURE,41,centered_quadratic,0.00018324690964393486,4.4413228581551634e-08,0.00021074446275418871,0.00048129739851798803,1317.9769657709357,1482.0963544497774,0.11073462814080694,0.9997419692031168,2.6959296358620377e-05,1.0137891258983519e-07,0.999780573873304,2.9487965972711336e-05,7.573608498531405e-08,False,False
21,5_6C_19PER_4_6C_NEWSTRUCTURE,51,linear,0.00030337882412464936,1.2272026467139988e-07,0.0003503145224957137,0.0003963049341739744,5103.959474872586,4743.437068302295,0.0760044670940103,1.0016726803684433,-3.9512986214193586e-05,1.0,1.0019559456293494,-4.257586697605975e-05,1.0,False,False
21,5_6C_19PER_4_6C_NEWSTRUCTURE,51,power,8.860769370388821e-05,1.0089969251894732e-08,0.00010044883897733578,0.0001389112926447611,2303.696094106225,2232.9322402481644,0.03169099920837538,1.000728362164447,6.0123623451789725e-06,1.3453276562666683,1.00068282565114,5.411256876913592e-06,1.3644018704538041,False,False
21,5_6C_19PER_4_6C_NEWSTRUCTURE,51,centered_quadratic,9.744188951335664e-05,1.1752003385754214e-08,0.00010840665747893076,0.00023751348390610438,1523.4266663177714,1573.904990508472,0.032072027533499976,0.999544483508598,3.2592502769929614e-05,6.99038731748101e-08,0.9995479497545924,3.298289431478049e-05,6.438236685417614e-08,False,False
22,5_6C_36PER_4_3C_NEWSTRUCTURE,11,linear,0.0003477773860121225,1.4662698712396313e-07,0.0003829190346848314,0.0004405527723105873,13003.959345123965,11332.821557445777,0.14745999301296983,1.0003446827521132,-1.5406437180783363e-05,1.0,1.000494232980987,-1.769146650414346e-05,1.0,False,False
22,5_6C_36PER_4_3C_NEWSTRUCTURE,11,power,9.309953673669824e-05,1.0977309519619166e-08,0.00010477265635469574,0.00017014061272480063,2770.4927423778327,2899.8006312935045,0.04459199281503427,1.000011853028353,8.884407165722148e-07,1.5547824636051015,1.0000175759500347,9.909499273437694e-07,1.5321930640837549,False,False
22,5_6C_36PER_4_3C_NEWSTRUCTURE,11,centered_quadratic,0.00011626279045869659,2.0259559103672785e-08,0.00014233607801141912,0.0002971605489590079,1801.1198896552241,1955.27086912569,0.07883868261147642,0.9999887274418116,7.298415384585033e-06,5.833109205895881e-08,1.0000122394135331,8.519527060230669e-06,4.8528780126533276e-08,False,False
22,5_6C_36PER_4_3C_NEWSTRUCTURE,21,linear,0.00026036777066154484,8.937192727792865e-08,0.0002989513794548014,0.00032266890020549166,12040.369014962283,10816.105587339413,0.1131889308713766,1.0004755683229019,-1.665028439525197e-05,1.0,1.0006128983210438,-1.8547609091008452e-05,1.0,False,False
22,5_6C_36PER_4_3C_NEWSTRUCTURE,21,power,0.00011324585524574048,2.2819260847472393e-08,0.0001510604542806369,6.273905088394205e-05,5023.818104537065,3631.4184198713615,0.38343135482444,1.0002268662801908,4.001809452969253e-06,1.2697170744886377,1.0001467362105347,2.012671460599441e-06,1.4037832939395822,False,False
22,5_6C_36PER_4_3C_NEWSTRUCTURE,21,centered_quadratic,9.765162617249468e-05,1.645128013596182e-08,0.00012826254377627875,2.7234306272383435e-06,2496.6011713348717,2200.1020063754213,0.13476609907188836,1.0000506696628324,1.3123283406072149e-05,2.7341092939432244e-08,1.000028926540797,1.1992373495447752e-05,3.6621427908155236e-08,False,False
22,5_6C_36PER_4_3C_NEWSTRUCTURE,31,linear,0.0002175483359814123,6.668876113141211e-08,0.000258241671949769,0.00026314408474392703,11591.676115303588,10530.136937169635,0.10080962711765847,1.0005461620166916,-1.7300876941508573e-05,1.0,1.0006853723642848,-1.9058192078765727e-05,1.0,False,False
22,5_6C_36PER_4_3C_NEWSTRUCTURE,31,power,0.00018334309705072326,5.041997175861458e-08,0.00022454391944253262,0.0002055072065738628,8988.228022232095,4003.259871541247,1.2452272174805494,1.0004579093341577,1.189286461078084e-05,1.069065541214148,1.000206191145673,2.6609671241120453e-06,1.3536584878620477,False,False
22,5_6C_36PER_4_3C_NEWSTRUCTURE,31,centered_quadratic,0.00017019606684223643,4.458580510609308e-08,0.00021115351075957293,0.00017909047151465352,4154.789607532211,2339.035359611881,0.7762833684658877,0.9999916043036118,1.637390094688635e-05,7.789714240656186e-09,0.9999450852529396,1.3719507903669909e-05,3.1589847189910684e-08,False,False
22,5_6C_36PER_4_3C_NEWSTRUCTURE,41,linear,0.00021406334470951637,6.499588113687385e-08,0.0002549428977964945,0.00025817491391710856,11553.963356454286,10412.559533999502,0.1096179876549879,1.0005525984600776,-1.7357905012572563e-05,1.0,1.0007171545208662,-1.927644724291626e-05,1.0,False,False
22,5_6C_36PER_4_3C_NEWSTRUCTURE,41,power,0.00017683843655888598,4.75610074998016e-08,0.00021808486306894754,0.00019371434585235825,8456.672821503316,3549.6819580834954,1.3823747933939265,1.0004318025320713,1.0738190366687349e-05,1.0875524663947087,1.0001262322256144,1.867328183521744e-06,1.4168492829576878,False,False
22,5_6C_36PER_4_3C_NEWSTRUCTURE,41,centered_quadratic,0.0001641372134093344,4.208717734460277e-08,0.0002051515960079345,0.00016754313139677457,3905.965245693294,2239.2582288229846,0.7443121098839843,0.9998229845283616,1.6361248001394036e-05,9.143642304390025e-09,0.9997798019888244,1.3693477809434353e-05,3.511301530485786e-08,False,False
22,5_6C_36PER_4_3C_NEWSTRUCTURE,51,linear,0.0001982330371442287,5.757000957905521e-08,0.0002399375118214224,0.0002352176182862653,11378.715043180246,10237.155353760678,0.11151141601071916,1.000583654282558,-1.762797060312854e-05,1.0,1.000766976263755,-1.9611598078366765e-05,1.0,False,False
22,5_6C_36PER_4_3C_NEWSTRUCTURE,51,power,0.00022583063818246485,7.164548540328998e-08,0.00026766674317757515,0.00028362163221895553,15491.046200658908,3424.6151843795965,3.5234414281980904,1.000720440790577,2.7095766256260327e-05,0.9235359403536909,1.000099940594782,1.6664110264675192e-06,1.43706442125903,False,False
22,5_6C_36PER_4_3C_NEWSTRUCTURE,51,centered_quadratic,0.00019686423583085145,5.690250023919933e-08,0.00023854244955395115,0.0002326631738610585,9857.316494955066,2227.950767651442,3.4243870367683193,0.9996841722246533,1.7600079349354914e-05,2.817298361550266e-10,0.9996361280617807,1.4314704836007829e-05,3.5549619076204985e-08,False,False
23,5_6C_19PER_4_6C_NEWSTRUCTURE,11,linear,0.0009427764963236895,9.63870019831816e-07,0.0009817688219900934,0.0012862414361719532,6369.112952138197,5348.859020313517,0.1907423485924815,1.0009109571714965,-3.154457436714918e-05,1.0,1.0013054199045504,-3.763520764709761e-05,1.0,False,False
23,5_6C_19PER_4_6C_NEWSTRUCTURE,11,power,0.0002952363896739185,1.2641638095841986e-07,0.00035555081346893284,0.0007373672579185087,1193.5576837579783,1475.8253518838255,0.19126088853640102,1.0000448745401704,4.3419490698301705e-07,1.840666534963684,1.0001360408692102,1.0001266767002228e-06,1.6728342693862885,False,False
23,5_6C_19PER_4_6C_NEWSTRUCTURE,11,centered_quadratic,0.0004124337977931369,2.3683313997361936e-07,0.000486655052345724,0.0009689354835245023,1051.2574317701935,1204.6272631239842,0.12731725077851352,0.9999938869442084,6.758491356331335e-06,1.783171439627029e-07,1.0001249654080506,1.317348810297382e-05,1.294270875350569e-07,False,False
23,5_6C_19PER_4_6C_NEWSTRUCTURE,21,linear,0.0007608337656948816,6.364895538688332e-07,0.0007978029542868547,0.0010407821431116515,5893.414389015935,5097.485735126336,0.15614141858307176,1.0011840004288977,-3.413708711945687e-05,1.0,1.0015700140290613,-3.954302660232271e-05,1.0,False,False
23,5_6C_19PER_4_6C_NEWSTRUCTURE,21,power,0.00015535090245692772,3.230498313996408e-08,0.00017973587048768003,0.0004019267155432882,1458.1291801333145,1645.1123573540506,0.113659821704503,1.0002360880451258,1.077395635174807e-06,1.6654572982227058,1.0003106623024105,1.6750836290571676e-06,1.578780727323303,False,False
23,5_6C_19PER_4_6C_NEWSTRUCTURE,21,centered_quadratic,0.00023024553191083096,7.545914318752518e-08,0.0002746982766373411,0.00059915806569244,1159.9448203335244,1283.5021357652506,0.09626576535305786,1.0000814511623162,1.605878538167061e-05,1.401418739363622e-07,1.0001563991654914,1.9884218571285757e-05,1.0982574319013682e-07,False,False
23,5_6C_19PER_4_6C_NEWSTRUCTURE,31,linear,0.0006319930155518438,4.458735723119818e-07,0.0006677376523096341,0.0008646027402359202,5583.54022059379,4918.062515655528,0.13531298205743944,1.0013942590075133,-3.606927702691389e-05,1.0,1.0017811795690423,-4.102859183402367e-05,1.0,False,False
23,5_6C_19PER_4_6C_NEWSTRUCTURE,31,power,0.00010132155746600757,1.3445589404143778e-08,0.00011595511805928955,0.0002024101158700775,1698.9327568436763,1769.3435450062698,0.03979486536762082,1.0003970472746873,1.9830099797541518e-06,1.5493168557934878,1.0004372091044247,2.3163332317551486e-06,1.5201548170699215,False,False
23,5_6C_19PER_4_6C_NEWSTRUCTURE,31,centered_quadratic,0.00013852238447825015,2.5385993480848422e-08,0.00015932982608679526,0.0003643592177210442,1261.0125599696992,1346.033227620217,0.06316386988516934,1.0000095598177277,2.2515805741213083e-05,1.1389471668670891e-07,1.000050569781156,2.4645611797199373e-05,9.694071027705176e-08,False,False
23,5_6C_19PER_4_6C_NEWSTRUCTURE,41,linear,0.0005371590121633685,3.274126480585182e-07,0.0005721998322776041,0.0007330625241815936,5365.34015120706,4780.822281319711,0.12226304085204309,1.0015623613438334,-3.756748978878573e-05,1.0,1.0019579400853689,-4.2243348152573416e-05,1.0,False,False
23,5_6C_19PER_4_6C_NEWSTRUCTURE,41,power,9.861938359813305e-05,1.5732582849438513e-08,0.00012542959319649614,7.731763522089707e-05,1912.5641644515067,1853.8055463604462,0.031696214420342296,1.0005359666358804,3.0647147767802464e-06,1.4675093589930048,1.0005252584496518,2.832013919006334e-06,1.4840815352086163,False,False
23,5_6C_19PER_4_6C_NEWSTRUCTURE,41,centered_quadratic,0.00010124199124368349,1.3709299290343429e-08,0.00011708671696799526,0.0002046184838995213,1357.4812525084017,1394.286471244639,0.02639717123797547,0.9998364879128314,2.725602591863949e-05,9.460058596465966e-08,0.9998563090979019,2.8205865372400984e-05,8.828605522118069e-08,False,False
23,5_6C_19PER_4_6C_NEWSTRUCTURE,51,linear,0.00046022045924107633,2.449490588585123e-07,0.0004949232858317663,0.0006248424547294906,5192.771431303846,4666.700809534251,0.11272859419117087,1.0017095005929917,-3.884428638183766e-05,1.0,1.002116588608412,-4.331038068596126e-05,1.0,False,False
23,5_6C_19PER_4_6C_NEWSTRUCTURE,51,power,0.0001405888501637276,3.114226849955707e-08,0.00017647172152941975,6.33815078391331e-05,2246.5925157210413,1932.0018022199522,0.1628314803534919,1.000739510321237,5.272595442743558e-06,1.3667239112327967,1.0006075488858395,3.36958048638965e-06,1.4530616249521782,False,False
23,5_6C_19PER_4_6C_NEWSTRUCTURE,51,centered_quadratic,0.00010683092076914536,2.0991787657767758e-08,0.0001448854294184469,2.8834443929870446e-05,1509.5295145765435,1441.1530787192382,0.04744564395481975,0.9996118658824,3.1706973823493366e-05,7.209406624632753e-08,0.9996108113967812,3.127195649755898e-05,8.079479321071294e-08,False,False
26,5_3C_54PER_4C_NEWSTRUCTURE,11,linear,0.0011255653654328834,1.3540199355857962e-06,0.0011636236228204531,0.001561024994261584,14267.535691241046,9407.06802614687,0.5166825254781348,0.9986926645793138,-1.3926207642241456e-05,1.0,0.9991608313121677,-2.1171403327647015e-05,1.0,False,False
26,5_3C_54PER_4C_NEWSTRUCTURE,11,power,0.0014029653622550286,2.6733862043590048e-06,0.0016350492972259292,0.003101138268135406,501.66645355396633,972.5466338301541,0.4841723408385396,0.9981350503693146,2.7144775438829063e-11,3.6525033502846056,0.9982295289479931,1.0513352317397578e-08,2.434954891958585,False,False
26,5_3C_54PER_4C_NEWSTRUCTURE,11,centered_quadratic,0.00014488782965666136,2.8301917183352922e-08,0.00016823173655215273,5.489835118455133e-05,1340.9409775457377,1320.7952511525336,0.01525272473203156,0.9982962408904735,6.252777766886837e-11,1.1211134535158957e-07,0.9983072560770492,4.783001719013408e-26,1.1559306579119822e-07,False,True
26,5_3C_54PER_4C_NEWSTRUCTURE,21,linear,0.0007191833970494987,5.639444964400362e-07,0.0007509623801762883,0.001009808765160658,10047.66996130346,8008.13292334498,0.2546832148618445,0.9993237688458662,-1.9837810120507614e-05,1.0,0.9996872972941615,-2.493556228469201e-05,1.0,False,False
26,5_3C_54PER_4C_NEWSTRUCTURE,21,power,0.0005855665120619902,4.64140396150041e-07,0.0006812785011653024,0.0012670799760080564,851.90019947858,1434.764225958099,0.4062437687908598,0.998519749631428,1.0570704212768791e-08,2.4821620929181285,0.9986618052138193,1.7257574539685635e-07,1.9200367411357149,False,False
26,5_3C_54PER_4C_NEWSTRUCTURE,21,centered_quadratic,0.0003755648353227947,2.0017824455948193e-07,0.0004474128345940491,0.0008378760095509863,1150.4561425601805,1330.8082779122044,0.13552074956654425,0.9984940932733056,1.4387341877377937e-12,1.5559973061762256e-07,0.9985688210656634,4.885132379540719e-06,1.12013574889104e-07,False,False
26,5_3C_54PER_4C_NEWSTRUCTURE,31,linear,0.000512203122997843,2.9377688350385765e-07,0.0005420118850208523,0.0007273006693118145,8710.854119231093,7423.483900254562,0.1734186045627963,0.9996578143973412,-2.292057835712728e-05,1.0,0.9999711370427254,-2.6937640025846638e-05,1.0,False,False
26,5_3C_54PER_4C_NEWSTRUCTURE,31,power,0.00020340005781463777,6.977404075555126e-08,0.00026414776310911903,0.0005044132326570416,1366.318426106743,1882.5094518072012,0.2742036833891682,0.9988069136239927,1.8935803354361265e-07,1.920283220258046,0.9989421052072399,6.840835558536069e-07,1.668414068819221,False,False
26,5_3C_54PER_4C_NEWSTRUCTURE,31,centered_quadratic,0.00019778010689224911,6.716358198062344e-08,0.00025915937563712304,0.0004983054997625969,1312.8263909702785,1517.5062088229347,0.13487906452219245,0.9986814527089477,9.404116018659227e-06,1.1358371713010505e-07,0.9987526026449205,1.3242370132869791e-05,8.10370999584465e-08,False,False
26,5_3C_54PER_4C_NEWSTRUCTURE,41,linear,0.00044861209392049294,2.285563068416715e-07,0.0004780756287886588,0.0006391457944058265,8350.484539596735,7191.781212212252,0.16111493011173733,0.9997701807128732,-2.3923184309316796e-05,1.0,1.0000999681515281,-2.782342263301078e-05,1.0,False,False
26,5_3C_54PER_4C_NEWSTRUCTURE,41,power,0.00025279052789395795,1.0034731230425846e-07,0.00031677643899800765,0.0006033443409497741,1256.5397863544524,1913.059799374924,0.3431779880769979,0.9987515658945569,1.233079353939083e-07,2.0028933636843314,0.9989595961989955,7.355015199667e-07,1.6552805147455463,False,False
26,5_3C_54PER_4C_NEWSTRUCTURE,41,centered_quadratic,0.00022522036602779405,8.347216136922028e-08,0.000288915491743209,0.0005535376597030073,1281.4422840377879,1539.0803399176227,0.16739740557898658,0.9985532481407603,1.0807516785324611e-05,1.2032722499081137e-07,0.9986316241336971,1.538353567564128e-05,7.823828275068302e-08,False,False
26,5_3C_54PER_4C_NEWSTRUCTURE,51,linear,0.000395116660991599,1.8010848986406296e-07,0.0004243919059832114,0.0005638141640780248,8054.70368898588,6990.828206190155,0.1521816087332396,0.9998731037551899,-2.4814457672539745e-05,1.0,1.0002215802471122,-2.8640609430199173e-05,1.0,False,False
26,5_3C_54PER_4C_NEWSTRUCTURE,51,power,0.0003632557716017781,1.9075405834086862e-07,0.00043675400208912637,0.0008264482887053726,1060.5775545863235,1918.2669276058489,0.44711680146098887,0.9986300504228858,4.56938558402193e-08,2.1940486029919914,0.9989627933764512,7.44650532620838e-07,1.6530520036471998,False,False
26,5_3C_54PER_4C_NEWSTRUCTURE,51,centered_quadratic,0.0003012485019174149,1.358692773525962e-07,0.0003686044999082298,0.0006989744223397931,1205.5585349987687,1549.877066219413,0.22215860775366808,0.998382361920209,1.1026427447047234e-05,1.3927303258118236e-07,0.9984783526037159,1.7185613654943635e-05,7.687916627680358e-08,False,False
27,5_6C_19PER_4_6C_NEWSTRUCTURE,11,linear,0.00020869180003812548,5.390396633785211e-08,0.00023217227728101412,0.00042754932666633216,6002.975751345905,5801.275344717083,0.0347682870823397,1.000604209385958,-3.341746122179174e-05,1.0,1.0006843838248092,-3.459314924735677e-05,1.0,False,False
27,5_6C_19PER_4_6C_NEWSTRUCTURE,11,power,0.00013813890865123967,2.462908781430662e-08,0.00015693657258366076,0.0002765760661010974,4777.738589783844,4086.866908548886,0.16904677756689274,1.0004675827497624,2.2983827894053368e-05,1.071047460972451,1.0003837502214923,1.741684917756535e-05,1.1244679618493263,False,False
27,5_6C_19PER_4_6C_NEWSTRUCTURE,11,centered_quadratic,0.00016144602661560592,3.230665781536065e-08,0.00017974052913953672,0.0003248161694962004,3371.172361844622,2369.0300805355732,0.42301796399414726,1.0002106476830823,3.2288346898516294e-05,8.123124627903862e-09,1.000166543752257,3.0210741880398396e-05,2.318734056592074e-08,False,False
27,5_6C_19PER_4_6C_NEWSTRUCTURE,21,linear,0.00017328060005732614,3.680144500650402e-08,0.00019183702720409327,0.00035760063452583424,5875.540280193149,5721.1288931949975,0.026989671073800816,1.0006818632485206,-3.4155473995307794e-05,1.0,1.0007532155005807,-3.5089790712348187e-05,1.0,False,False
27,5_6C_19PER_4_6C_NEWSTRUCTURE,21,power,0.00022950000018749915,6.546353467161242e-08,0.00025585842700918103,0.000476111110217059,7376.74045385754,4625.724751838087,0.5947210112158757,1.0008502975358786,4.851239013619523e-05,0.9351464623642327,1.0005387458921762,2.3139404996958214e-05,1.074393709476382,False,False
27,5_6C_19PER_4_6C_NEWSTRUCTURE,21,centered_quadratic,0.00017326789936259468,3.679614517954429e-08,0.00019182321334902167,0.0003575717787256405,5873.122065844546,2764.9243061686134,1.1241529298800217,0.9999645915084999,3.41551558959731e-05,2.4658862673569836e-12,0.999938119802331,3.2453495432925515e-05,1.4727906588918524e-08,False,False
27,5_6C_19PER_4_6C_NEWSTRUCTURE,31,linear,0.00015775718293405738,3.081136040528124e-08,0.00017553165072225932,0.00032528908973139536,5816.514084675849,5677.662479463009,0.02445576955570848,1.000720191823606,-3.450867459470649e-05,1.0,1.0007923265428418,-3.536531579133823e-05,1.0,False,False
27,5_6C_19PER_4_6C_NEWSTRUCTURE,31,power,0.0003242362541747257,1.3572213784722403e-07,0.0003684048558952827,0.0006697679693016267,14066.647400213651,5024.561435371789,1.7995771533785216,1.0014999716671549,0.0001183715120855259,0.7789005145906045,1.0006520623303188,2.7778738102643896e-05,1.0425908600639304,False,False
27,5_6C_19PER_4_6C_NEWSTRUCTURE,31,centered_quadratic,0.0001577571016481505,3.0811332049209455e-08,0.00017553156995027834,0.00032528890361671614,5816.497697592435,3089.730728753138,0.8825257629941379,0.9996504228708032,3.450867254216944e-05,1.7248227391076165e-14,0.9996470301828917,3.3616331133542927e-05,1.0349021643759146e-08,False,False
27,5_6C_19PER_4_6C_NEWSTRUCTURE,41,linear,0.00016792370745075225,3.4596092096968236e-08,0.0001860002475723305,0.0003465254321102229,5856.814287266937,5678.801555949823,0.03134688359212092,1.0006930097394502,-3.426658246203379e-05,1.0,1.000791264132649,-3.535803499283665e-05,1.0,False,False
27,5_6C_19PER_4_6C_NEWSTRUCTURE,41,power,0.00037975097078403854,1.8868377115642296e-07,0.00043437745240334813,0.0007797142200001161,24747.58255184829,4701.844089500577,4.263377959960587,1.0021403936784994,0.0002215783250170037,0.6737461580989784,1.0005533315440684,2.391873389959173e-05,1.0684109803929054,False,False
27,5_6C_19PER_4_6C_NEWSTRUCTURE,41,centered_quadratic,0.000167904880493277,3.458870098407033e-08,0.0001859803779544238,0.0003464819545131448,5852.571770901505,2795.101714045578,1.0938671896954342,0.9992880712524694,3.426610434882589e-05,4.3863597053157075e-12,0.9992818877085887,3.309106071359149e-05,1.4257699869403385e-08,False,False
27,5_6C_19PER_4_6C_NEWSTRUCTURE,51,linear,0.00018268346030056782,4.092131538902037e-08,0.0002022901762049269,0.0003773883258378907,5919.483697834946,5682.563436337458,0.04169249743566223,1.0006498588325214,-3.389651345875134e-05,1.0,1.0007875105404764,-3.533396728253482e-05,1.0,False,False
27,5_6C_19PER_4_6C_NEWSTRUCTURE,51,power,0.00046486724350259357,2.835495924971503e-07,0.0005324937487869226,0.0009413913420850406,99796.42081392539,4253.0333986515125,22.46476301962908,1.0039317540312853,0.0006945588804174929,0.49364253536168773,1.000392251271775,1.874412453452013e-05,1.1103197021587163,False,False
27,5_6C_19PER_4_6C_NEWSTRUCTURE,51,centered_quadratic,0.0001826834603700367,4.092131542003381e-08,0.00020229017628158272,0.0003773883259745592,5981.230218322499,2493.6230733227903,1.3986103923687312,0.9989211366460568,3.389651345737528e-05,2.228195785104762e-23,0.9989116075087595,3.233920916193558e-05,2.0099047789205282e-08,True,False
28,5_6C_36PER_4_3C_NEWSTRUCTURE,11,linear,0.00013602282065622306,2.7332046547657038e-08,0.0001653240652405361,0.00037905610301380843,5863.715285366731,5769.696559878459,0.01629526345320536,1.0007361272394093,-3.423360744345123e-05,1.0,1.0007770378094325,-3.479854368869303e-05,1.0,False,False
28,5_6C_36PER_4_3C_NEWSTRUCTURE,11,power,0.00015792385722398938,3.478084892742654e-08,0.00018649624373543437,3.517436104549798e-05,3693.9776311321693,4203.8185631922715,0.12128043215855208,1.000453970560632,1.5203043016874996e-05,1.154895799982256,1.0005028054576353,1.8806639810164385e-05,1.1115355943436973,False,False
28,5_6C_36PER_4_3C_NEWSTRUCTURE,11,centered_quadratic,0.00017775049687024814,4.187346771517754e-08,0.00020463007529485382,2.4686018993191894e-05,2092.018812785838,2509.08941207728,0.1662238887478102,1.000257496707997,2.9796179202830706e-05,3.1923944177089586e-08,1.0002778858254242,3.108467123868644e-05,1.965011878312912e-08,False,False
28,5_6C_36PER_4_3C_NEWSTRUCTURE,21,linear,0.00010531621881451069,1.953600583822669e-08,0.00013977126256218297,0.00028480844591227683,5700.98659106586,5678.944237817108,0.0038814174476248767,1.0008409908687186,-3.522916387550548e-05,1.0,1.0008560699870495,-3.53685582347354e-05,1.0,False,False
28,5_6C_36PER_4_3C_NEWSTRUCTURE,21,power,0.00010467769538711424,1.8746141336617858e-08,0.00013691654880480247,0.0002488211112171568,5366.806300076826,5041.52534454148,0.06452034519424396,1.0007950901335017,3.1857630322186966e-05,1.0187209163806659,1.0007340645193967,2.816141822711496e-05,1.0406217648949474,False,False
28,5_6C_36PER_4_3C_NEWSTRUCTURE,21,centered_quadratic,0.00010462614296848472,1.9156519263889746e-08,0.00013840707808450312,0.00027401840375473885,5054.71918890743,3350.75384046781,0.5085319392491464,1.0000986408956274,3.511021707681779e-05,9.220682068914051e-10,1.0000716710320818,3.3964314458171425e-05,7.844937299224076e-09,False,False
28,5_6C_36PER_4_3C_NEWSTRUCTURE,31,linear,0.000105267908084703,1.9150690449222115e-08,0.0001383860197029386,0.00025742881542589746,5654.174233657955,5652.780700703966,0.0002465216727432216,1.0008730805734811,-3.552651055174979e-05,1.0,1.0008797965245468,-3.553645668573881e-05,1.0,False,False
28,5_6C_36PER_4_3C_NEWSTRUCTURE,31,power,0.00012399738206150034,2.4853627089703587e-08,0.00015765033171453711,0.0003602044030888152,6966.5539128407,5380.113875346095,0.29487108902365977,1.0010584560842428,4.985806826467533e-05,0.9382175397528255,1.0008224548377402,3.2286174387668716e-05,1.0168876271616816,False,False
28,5_6C_36PER_4_3C_NEWSTRUCTURE,31,centered_quadratic,0.00010526961997762818,1.9149482654504525e-08,0.0001383816557730992,0.0002573487025407939,5647.720465861395,3856.4538734843713,0.4644854187659669,0.9997717413705599,3.552562703564332e-05,7.424505100509341e-12,0.9997565782758645,3.476545342058176e-05,4.562149497979861e-09,False,False
28,5_6C_36PER_4_3C_NEWSTRUCTURE,41,linear,0.00010500177094638463,1.915824215669899e-08,0.00013841330194998958,0.00026176889441376083,5661.6755277012935,5653.587466233002,0.0014306069405663623,1.0008678208612816,-3.5478511595813085e-05,1.0,1.00087910375648,-3.553126310617179e-05,1.0,False,False
28,5_6C_36PER_4_3C_NEWSTRUCTURE,41,power,0.00013663555436725704,2.832900598358907e-08,0.00016831222767104318,0.00039153565984395566,7675.597597471006,5200.133033382892,0.47603869904799856,1.0011709391235586,5.8439823787999784e-05,0.9103614426330454,1.000772390099586,3.002483126201818e-05,1.029388733782005,False,False
28,5_6C_36PER_4_3C_NEWSTRUCTURE,41,centered_quadratic,0.00010499546039701047,1.9153652308522423e-08,0.00013839672072893353,0.0002615419196988489,5641.821589963287,3525.433407459721,0.6003199998120362,0.9994131569580497,3.547601560670537e-05,2.28989826100491e-11,0.9993950083439817,3.449403683482873e-05,6.523435668780719e-09,False,False
28,5_6C_36PER_4_3C_NEWSTRUCTURE,51,linear,0.00010773787600978579,1.937884573365527e-08,0.0001392079226684145,0.00023478433565882195,5612.644902509608,5629.06036105635,0.002916198707036373,1.0009041158664553,-3.579490941545653e-05,1.0,1.000902648524065,-3.569026367419581e-05,1.0,False,False
28,5_6C_36PER_4_3C_NEWSTRUCTURE,51,power,0.00024137670545109068,7.521753059071692e-08,0.0002742581458967389,0.0006168477725352339,20755.891185711498,5756.75573210071,2.6054840871522305,1.002431658852889,0.0002169387532055834,0.6879416329380795,1.0009342562430876,3.73378874020625e-05,0.9922148468450454,False,False
28,5_6C_36PER_4_3C_NEWSTRUCTURE,51,centered_quadratic,0.00010773974377165984,1.937888777796274e-08,0.00013920807368095694,0.00023476125465149433,5610.485871315954,4334.66504547906,0.2943297376962359,0.9990785713700228,3.5794657400496375e-05,2.545605695343193e-12,0.999072860620551,3.53017046418666e-05,2.6077787404061122e-09,False,False
29,5C_67PER_4C_NEWSTRUCTURE,11,linear,0.0007711571180165966,6.5654150061233e-07,0.000810272485409896,0.0011127664489781752,9447.79205789421,7657.818195070248,0.23374462767688386,1.0005838628648644,-2.1230766049435252e-05,1.0,1.0009089574614947,-2.623579619464335e-05,1.0,False,False
29,5C_67PER_4C_NEWSTRUCTURE,11,power,0.0001987997013973808,5.0500298177821026e-08,0.00022472271397840725,0.0004376573883764223,1321.670383023702,1583.1897759379672,0.16518511986936432,0.9999695642796802,1.8333870792940544e-07,1.9344669941199037,1.000017552404046,3.775611509721762e-07,1.7890363528389028,False,False
29,5C_67PER_4C_NEWSTRUCTURE,11,centered_quadratic,0.00026352740651056636,9.4222667127388e-08,0.0003069571095892519,0.0005869910431920422,1221.186215565486,1362.51236223865,0.10372467112222068,0.9999206474633481,2.549158441960214e-06,1.344000547300051e-07,1.0000001690598,6.442350123759072e-06,1.047272278882897e-07,False,False
29,5C_67PER_4C_NEWSTRUCTURE,21,linear,0.000628949077016736,4.451903719861734e-07,0.0006672258777851571,0.0009209282633430016,8634.02866007827,7247.06877790457,0.19138218839627558,1.0007971687170687,-2.3256486238632476e-05,1.0,1.0011191926481744,-2.775179852871857e-05,1.0,False,False
29,5C_67PER_4C_NEWSTRUCTURE,21,power,9.828387602549782e-05,1.2438396020077808e-08,0.00011152755722276808,0.00014297896471793248,1716.2345797680766,1790.539106713016,0.04149841054370716,1.0001257480332895,5.789187059278371e-07,1.7123370345068185,1.0001451122808673,6.815781416666028e-07,1.6808658304844584,False,False
29,5C_67PER_4C_NEWSTRUCTURE,21,centered_quadratic,0.00013398544403654623,2.1617870017686022e-08,0.00014703016703277605,0.00027492473926193917,1371.6390225851037,1450.658397957221,0.054471387256565945,1.0000275496003006,1.0073693781285197e-05,1.0219218959187771e-07,1.0000600691780672,1.16955389443342e-05,8.969977421443212e-08,False,False
29,5C_67PER_4C_NEWSTRUCTURE,31,linear,0.0005338768870145815,3.2704724798066957e-07,0.0005718804490281771,0.00079093816781306,8141.74739968414,6964.569033491494,0.16902386357745666,1.0009522227482963,-2.4681706872420562e-05,1.0,1.001282520376843,-2.890092975012633e-05,1.0,False,False
29,5C_67PER_4C_NEWSTRUCTURE,31,power,0.00010022890639262094,1.6742856369475586e-08,0.00012939418985980625,1.6211968005164223e-05,2068.6335567980695,1917.5897064761443,0.07876755377431115,1.0002470156095078,1.1648427124495915e-06,1.5789500602300794,1.0002210307611439,9.26202662764369e-07,1.625099206821103,False,False
29,5C_67PER_4C_NEWSTRUCTURE,31,centered_quadratic,9.177788351995453e-05,1.2163394003818019e-08,0.00011028777812531186,9.468473417117984e-05,1503.7812975133613,1509.2271596861826,0.0036083780614931944,0.999995005611879,1.4914712463617276e-05,8.207558326738015e-08,1.0000020336336126,1.5166718286694958e-05,8.126752345223663e-08,False,False
29,5C_67PER_4C_NEWSTRUCTURE,41,linear,0.0004704641772437834,2.585256888838865e-07,0.0005084542151304152,0.0007029583591380284,7828.270611403543,6756.014795472604,0.1587112888872723,1.0010647906857786,-2.568444560320703e-05,1.0,1.0014152286083158,-2.9812727577697098e-05,1.0,False,False
29,5C_67PER_4C_NEWSTRUCTURE,41,power,0.00011806286521392595,2.2554124700389215e-08,0.0001501803072988906,7.369981942939585e-05,2248.953324813824,1954.357125964666,0.15073816086901012,1.000308084660236,1.5575746201615643e-06,1.5242480391927467,1.0002441880350923,1.0070057072399391e-06,1.6100035447973238,False,False
29,5C_67PER_4C_NEWSTRUCTURE,41,centered_quadratic,9.396807233178484e-05,1.5087656331971438e-08,0.00012283182133295686,1.738661369410366e-05,1581.6639085139568,1535.1231220002726,0.03031729888417117,0.9998691419716672,1.7762976470981547e-05,7.267402873604553e-08,0.9998668966752291,1.743259710676118e-05,7.786245579204322e-08,False,False
29,5C_67PER_4C_NEWSTRUCTURE,51,linear,0.0003971711570102121,1.896222097080252e-07,0.0004354563235366151,0.0005998008021798062,7478.808561547482,6544.477630248483,0.14276631139825954,1.0012054252653475,-2.6903406285842263e-05,1.0,1.0015619038415204,-3.079877649973225e-05,1.0,False,False
29,5C_67PER_4C_NEWSTRUCTURE,51,power,0.0002180230617776746,6.294832204900455e-08,0.0002508950418980107,0.0002835078340585051,3346.1097769979783,2101.522020471343,0.5922316037628249,1.0006234127203006,5.151177566023473e-06,1.3024323322245253,1.0003371631120435,1.3747283865495084e-06,1.5540983793033056,False,False
29,5C_67PER_4C_NEWSTRUCTURE,51,centered_quadratic,0.0001913064613336757,4.983254997682692e-08,0.00022323205409803252,0.00022301990040374253,1986.4171900270571,1603.4828652744684,0.23881410462533492,0.9997661568036048,2.2789442540947516e-05,4.155518934285516e-08,0.99973490748521,2.0409908060878665e-05,6.972394925401606e-08,False,False
30,3_7C_31PER_5_9C_NEWSTRUCTURE,11,linear,0.00042560630877352067,2.0780219976494646e-07,0.00045585326560741723,0.0005696022319141569,1309.4474878761916,1331.4359378605695,0.01651483887366766,1.0016637439917575,-0.00015400674395797136,1.0,1.0014939643568823,-0.00015133583120841305,1.0,False,False
30,3_7C_31PER_5_9C_NEWSTRUCTURE,11,power,0.0003389883850242903,1.394031837578931e-07,0.00037336735764912965,0.0004346504956833641,1345.8935077426818,1438.547239341015,0.06440784776784741,1.0017995566446558,0.0001659231658975618,0.985938841258866,1.0020434116027142,0.00019335869846197763,0.9560334120769697,False,False
30,3_7C_31PER_5_9C_NEWSTRUCTURE,11,centered_quadratic,0.00042560765192868334,2.0780339660789784e-07,0.00045585457835574915,0.0005696044670301381,1309.445756600393,1331.4355815523218,0.01651587598875104,0.999969669243211,0.0001540067193923832,1.7673086374322892e-13,0.999829270000669,0.00015133582441306646,3.595422199595838e-14,False,False
30,3_7C_31PER_5_9C_NEWSTRUCTURE,21,linear,0.00042278147403002287,2.05340326254247e-07,0.0004531449285319731,0.0005656888646046188,1309.7930660087716,1333.6138528034598,0.017861832152248076,1.0016587713789358,-0.0001539623140573148,1.0,1.0014554865773124,-0.0001510598335146431,1.0,False,False
30,3_7C_31PER_5_9C_NEWSTRUCTURE,21,power,0.00029266671796806864,1.0952038023096171e-07,0.00033093863514398214,0.0003582188012288823,1372.9666742495522,1466.8054508321093,0.06397493036947945,1.0019384929348083,0.00017613304863901952,0.9750509177629763,1.0022443819806752,0.00020683487768326426,0.944378047212119,False,False
30,3_7C_31PER_5_9C_NEWSTRUCTURE,21,centered_quadratic,0.000422857183030072,2.05407474079187e-07,0.000453219013369019,0.0005658172626800129,1309.6863644472842,1333.6136689876664,0.017941706130340754,0.9984255325879106,0.00015396089862817062,1.0972318924266306e-11,0.9982832299746376,0.00015105983018203606,1.8617912211031422e-14,False,False
30,3_7C_31PER_5_9C_NEWSTRUCTURE,31,linear,0.0004454633274308284,2.2555526327640068e-07,0.0004749265872494408,0.000596712334851035,1307.1432154549761,1334.5543657061,0.02053955309390556,1.0016958427400824,-0.00015430278821428016,1.0,1.0014385373374577,-0.00015094067541480667,1.0,False,False
30,3_7C_31PER_5_9C_NEWSTRUCTURE,31,power,0.00018742003182082635,4.8223045821895185e-08,0.0002195974631499535,0.00011468361143796013,1481.8275853291173,1526.5281075865967,0.029282475727322066,1.002571032678463,0.00022261692234539702,0.9332097064404313,1.0027127215908895,0.00023820371459704206,0.9202902448540863,False,False
30,3_7C_31PER_5_9C_NEWSTRUCTURE,31,centered_quadratic,0.00044547594165808666,2.2556709730791366e-07,0.0004749390458868524,0.0005967341709554042,1307.123818793496,1334.554333618404,0.020554063730425315,0.9969124515693707,0.0001543025473972115,2.0236728388997552e-12,0.996759376398678,0.00015094067538190087,1.947224537419054e-16,False,True
30,3_7C_31PER_5_9C_NEWSTRUCTURE,41,linear,0.0004154897672398161,1.9903321915502713e-07,0.0004461313922545993,0.0005550677759803557,1310.842523883439,1339.0188699669193,0.021042531001953926,1.0016422138403434,-0.00015382642092123146,1.0,1.0013562764051693,-0.0001503759811914703,1.0,False,False
30,3_7C_31PER_5_9C_NEWSTRUCTURE,41,power,0.00015820523908530504,3.668152817741285e-08,0.0001915242234742458,1.1779730343497441e-05,1537.5427047762648,1548.195658269465,0.006880883198644117,1.0029058707154919,0.0002489463523922553,0.9135069693496787,1.00289089896879,0.0002504359262474446,0.9118259356215481,False,False
30,3_7C_31PER_5_9C_NEWSTRUCTURE,41,centered_quadratic,0.0004154898235131843,1.9903326839402752e-07,0.00044613144743901157,0.0005550678755845695,1310.842427625226,1339.0065168279993,0.021033571419422074,0.9953353305628571,0.00015382641982589974,1.0048893189890794e-14,0.995190855930327,0.00015037578197657343,1.2529238585579865e-12,False,False
30,3_7C_31PER_5_9C_NEWSTRUCTURE,51,linear,0.0003959409269256664,1.8273434336766752e-07,0.0004274743774399438,0.00052751879256141,1313.3850636556917,1343.0567505114664,0.022092653079979662,1.0016044555331107,-0.00015349988446797347,1.0,1.0012805730379215,-0.00014986751152642601,1.0,False,False
30,3_7C_31PER_5_9C_NEWSTRUCTURE,51,power,0.00017003659684512894,3.8283549052104285e-08,0.00019566182318506666,0.0001937530157086753,1678.9594004429828,1582.807128619311,0.06074793958474635,1.0038019074858984,0.00032445428801191126,0.8676030553384105,1.0031978562563277,0.0002713836711360758,0.8983904031985545,False,False
30,3_7C_31PER_5_9C_NEWSTRUCTURE,51,centered_quadratic,0.00039594095742634394,1.827343688141183e-07,0.0004274744072036574,0.0005275188478709447,1313.3850044908709,1343.0551565979747,0.02209153656969666,0.9937759614153804,0.00015349988386407552,6.100026853645674e-15,0.993637329357092,0.00014986748748662635,1.6134092931809638e-13,True,False
31,5C_67PER_4C_NEWSTRUCTURE,11,linear,0.0012733795551052717,1.7900783686524037e-06,0.001337938103445897,0.0021813403053678737,14719.81833598233,9162.043461316178,0.6066086564784476,1.0001740929291705,-1.359895131584936e-05,1.0,1.0007155225406912,-2.190728775607197e-05,1.0,False,False
31,5C_67PER_4C_NEWSTRUCTURE,11,power,0.0010762368575708804,1.5441746703179272e-06,0.0012426482488290592,0.002147316631987528,517.1759025737392,845.7432148583127,0.38849535711571553,0.9996235695973332,3.29343331670789e-11,3.6049620212737925,0.9996954226134619,3.6920577103223714e-09,2.641772978358683,False,False
31,5C_67PER_4C_NEWSTRUCTURE,11,centered_quadratic,0.00032244655087184884,1.1607240028663556e-07,0.00034069399801968267,0.0006523818684113225,1372.3136676027484,1300.8444181932605,0.054940658859690066,0.9997761647982564,1.314446673551806e-10,1.0780201355421458e-07,0.9998383231410527,4.497270072281165e-11,1.2011686633218515e-07,False,False
31,5C_67PER_4C_NEWSTRUCTURE,21,linear,0.001053870899086824,1.2446690337138674e-06,0.0011156473608241394,0.0018850375327512658,11982.300090788207,8268.651216881794,0.44912389898903904,1.0005046809042935,-1.673340505454692e-05,1.0,1.0010496707023444,-2.431468753838218e-05,1.0,False,False
31,5C_67PER_4C_NEWSTRUCTURE,21,power,0.0007652729808600855,7.656509138875389e-07,0.0008750148078104387,0.0014246566895246282,611.8691505295287,952.1021365031045,0.3573492516498164,0.999745416199278,3.3257149074963966e-10,3.150221537413135,0.9998378112640974,1.1624600684743178e-08,2.4290259520843676,False,False
31,5C_67PER_4C_NEWSTRUCTURE,21,centered_quadratic,6.0616311523167265e-05,5.970703608846673e-09,7.727032812695098e-05,0.00020090422391905172,1233.1920030099084,1225.9625050476113,0.005896997610066616,0.9998312588383411,2.343780336174369e-16,1.3599426527721713e-07,0.9998369914513019,2.142705259756745e-12,1.376349758183025e-07,True,False
31,5C_67PER_4C_NEWSTRUCTURE,31,linear,0.0008514387860825989,8.293564701806835e-07,0.000910690106556936,0.0016081004809077593,10156.34932946171,7578.977314534362,0.34006857494937565,1.0008359474348112,-1.9774422966352962e-05,1.0,1.0013703667696008,-2.656959618858188e-05,1.0,False,False
31,5C_67PER_4C_NEWSTRUCTURE,31,power,0.0004658815631297708,2.7994309658132613e-07,0.0005290964908042068,0.0007670497155005673,762.7539650849585,1088.299199294519,0.29913210854201905,0.9998911868592163,3.3014818320863643e-09,2.6998774123493505,0.9999961505209778,3.514755628742948e-08,2.224460446716474,False,False
31,5C_67PER_4C_NEWSTRUCTURE,31,centered_quadratic,0.0002122668883411638,5.904738697914035e-08,0.00024299668100437164,0.00022560297082963032,1122.0537755457078,1200.1379918224288,0.06506269846365656,0.9998421336649985,9.628023999041033e-13,1.678783695417449e-07,0.9998635976745512,2.172752859908962e-06,1.443600196962829e-07,True,False
31,5C_67PER_4C_NEWSTRUCTURE,41,linear,0.0006977508498228024,5.704753659808048e-07,0.0007552981967281564,0.001395204379203041,9062.4862827001,7098.388272780008,0.2766963336524945,1.0011063832959222,-2.219108278043142e-05,1.0,1.0016372408711176,-2.8406059674747615e-05,1.0,False,False
31,5C_67PER_4C_NEWSTRUCTURE,41,power,0.00027056916951935685,9.525344456671622e-08,0.0003086315676769248,0.0003561179742549436,928.1876889267754,1207.2082596564574,0.23112877873208432,1.0000182473639416,1.612741728854945e-08,2.3902881833106226,1.0001207216840913,7.450342885725823e-08,2.086168128131752,False,False
31,5C_67PER_4C_NEWSTRUCTURE,41,centered_quadratic,0.00021484291282675372,5.9433528024648106e-08,0.00024378992601140865,0.00022008658068706222,1134.9786313892741,1253.340069605337,0.09443681015746476,0.9998768151586537,4.428097043135943e-06,1.6296317190179496e-07,0.9999299829541743,7.800636752784058e-06,1.2959385485507207e-07,False,False
31,5C_67PER_4C_NEWSTRUCTURE,51,linear,0.0005918253894482994,4.2021371313805303e-07,0.0006482389321369499,0.0012459822607779891,8402.5435640643,6756.9632425286245,0.243538445078156,1.0013106032840327,-2.395829331310945e-05,1.0,1.0018557158356178,-2.9873733005550334e-05,1.0,False,False
31,5C_67PER_4C_NEWSTRUCTURE,51,power,0.00020996777245251285,5.828766652934746e-08,0.0002414283879939297,0.00022932266742226037,1004.4118643462203,1270.0137000071402,0.2091330476666721,1.0000750017609337,2.8211329279718376e-08,2.2821354050627534,1.0001865509753103,1.0501584314275176e-07,2.0233787825889142,False,False
31,5C_67PER_4C_NEWSTRUCTURE,51,centered_quadratic,0.00018477238192331712,4.48372341142612e-08,0.00021174804394435666,0.00016230013782558839,1158.0042312756163,1279.0138283943659,0.09461164096299193,0.9998375786058058,8.581657440065854e-06,1.553195542736274e-07,0.9998794965939037,1.1522698204288562e-05,1.231613073909707e-07,False,False
32,5_3C_54PER_4C_NEWSTRUCTURE,11,linear,0.000934033840391475,9.529307433431033e-07,0.000976181716353622,0.001757299649663202,13754.190394638073,9740.223557160603,0.4121021261905811,1.0002801203919673,-1.456138926723338e-05,1.0,1.0006716449970325,-2.0602365419991528e-05,1.0,False,False
32,5_3C_54PER_4C_NEWSTRUCTURE,11,power,0.0011583273252128178,1.7492744753404378e-06,0.0013226014045586213,0.002033756443020951,569.6801485193105,1096.5480466095585,0.4804786253728532,0.9996975960211234,1.3356208137315504e-10,3.3294332123027255,0.9997940577582796,2.1080264576472044e-08,2.294948361488082,False,False
32,5_3C_54PER_4C_NEWSTRUCTURE,11,centered_quadratic,0.00012231404273608694,1.9853328903578658e-08,0.00014090184137753012,0.00019982546874974805,1342.5595338786318,1352.8108367638995,0.00757777998717852,0.999836424874462,1.5915577828240942e-10,1.1270755119993033e-07,0.9998230861631114,7.453562991489041e-23,1.1098468969200308e-07,False,True
32,5_3C_54PER_4C_NEWSTRUCTURE,21,linear,0.000713282815173284,5.682169487311163e-07,0.000753801664054356,0.0014594295986241068,11328.17259044968,8818.673733182794,0.2845664703326279,1.0006117934088539,-1.770910460686143e-05,1.0,1.0009750668141049,-2.2789715652805976e-05,1.0,False,False
32,5_3C_54PER_4C_NEWSTRUCTURE,21,power,0.0008199054753181168,8.669505560092023e-07,0.0009311017968026924,0.0012812334076287568,707.7104698087361,1322.7328982529755,0.464963432342646,0.9998370130751797,1.5910452392356044e-09,2.8418960395422443,0.9999753686926393,7.861593298803411e-08,2.0520656968332918,False,False
32,5_3C_54PER_4C_NEWSTRUCTURE,21,centered_quadratic,0.0002973089166178866,1.2835637159059905e-07,0.00035826857466236004,0.00023679406019305738,1213.019282307205,1327.437851081169,0.08619504761053219,0.9998809920783399,3.5049776319511615e-15,1.406711166645302e-07,0.9998831871791622,2.1168300494340322e-06,1.154909810243914e-07,True,False
32,5_3C_54PER_4C_NEWSTRUCTURE,31,linear,0.0005488274380748281,3.470190658235053e-07,0.0005890832418457559,0.0012344810637974213,9955.32487034009,8211.096547447705,0.2124233118942623,1.0008806665697683,-2.0178213085567124e-05,1.0,1.0012190772205654,-2.4505749756786285e-05,1.0,False,False
32,5_3C_54PER_4C_NEWSTRUCTURE,31,power,0.0006043710740014641,4.724660828622005e-07,0.0006873616827131118,0.000825180552800564,853.6586825450283,1557.6436077460867,0.4519550696322157,0.9999504216631532,8.239811097517124e-09,2.5193752666680647,1.0001347633153543,2.053965488708228e-07,1.8758932610929764,False,False
32,5_3C_54PER_4C_NEWSTRUCTURE,31,centered_quadratic,0.00047266128016090205,2.893431251425596e-07,0.000537906241962816,0.0005337869200531253,1133.31720899159,1425.4739486837154,0.2049541066407446,0.9998716193817248,6.770648283662136e-07,1.6387519543876224e-07,1.0000002146857023,8.106310742405472e-06,9.703810067680467e-08,False,False
32,5_3C_54PER_4C_NEWSTRUCTURE,41,linear,0.0004567156893004665,2.4756738474505185e-07,0.0004975614381612102,0.0011068203212487582,9294.99344035763,7856.833732672836,0.1830457098390884,1.0010432016947652,-2.162919242329556e-05,1.0,1.0013827611247288,-2.563154165873125e-05,1.0,False,False
32,5_3C_54PER_4C_NEWSTRUCTURE,41,power,0.0006223655407697492,5.007839818917274e-07,0.0007076609229650366,0.0008633664067024815,837.4516453316598,1645.786466400571,0.491154130606497,0.9999372918342615,7.051889252239617e-09,2.5496719026422894,1.0001906207586706,2.754775587692117e-07,1.8223497752219895,False,False
32,5_3C_54PER_4C_NEWSTRUCTURE,41,centered_quadratic,0.0005113081049223589,3.358853336140752e-07,0.0005795561522528038,0.0006065817945257734,1108.114093479943,1461.750024434316,0.24192640673375523,0.999817250754649,2.7873007143203574e-06,1.7286139182549765e-07,0.9999499062832639,1.1126669502148961e-05,9.122561104764493e-08,False,False
32,5_3C_54PER_4C_NEWSTRUCTURE,51,linear,0.0003511946533884225,1.5518606605029478e-07,0.00039393662694689203,0.0009580267302103929,8602.011019693397,7508.85136010011,0.14558280716569047,1.0012476534516963,-2.3395419163142318e-05,1.0,1.0015633137243405,-2.6843428383119993e-05,1.0,False,False
32,5_3C_54PER_4C_NEWSTRUCTURE,51,power,0.0005894415527840113,4.493416152245219e-07,0.0006703294825863785,0.0007923790116920459,869.9316022185781,1832.8029876686794,0.525354548158431,0.9999661907365194,9.630586720781063e-09,2.489314814941903,1.0003114837757936,4.751331242465643e-07,1.7237790233079535,False,False
32,5_3C_54PER_4C_NEWSTRUCTURE,51,centered_quadratic,0.0005171112800485611,3.4297529957961047e-07,0.0005856409305876857,0.0006165592494826733,1105.8398016348326,1538.4867161697125,0.28121589220608784,0.9997736769355061,6.202961681202248e-06,1.7366118668673577e-07,0.999898996157404,1.4871696515648469e-05,8.034719374136238e-08,False,False
33,5_6C_19PER_4_6C_NEWSTRUCTURE,11,linear,0.0008796877552580184,8.792110378727144e-07,0.0009376625394419435,0.0016334108836398853,10960.438896795049,8348.973464606233,0.31278880490632643,1.0004188155891263,-1.828565602858576e-05,1.0,1.0007954909546695,-2.4050320893448862e-05,1.0,False,False
33,5_6C_19PER_4_6C_NEWSTRUCTURE,11,power,0.0004969732705397933,3.083457511670815e-07,0.0005552888898286022,0.0007221681311231354,872.9989255035766,1241.8519939853852,0.29701854187798604,0.9997791050343758,1.213838125544062e-08,2.4537081437567467,0.9998463529827821,8.07562214534458e-08,2.0663787728175262,False,False
33,5_6C_19PER_4_6C_NEWSTRUCTURE,11,centered_quadratic,0.00019252739606558932,4.984691975357631e-08,0.00022326423751594502,0.00011207697986603815,1230.5569686317383,1263.9072374567872,0.026386642814195598,0.9998151646926955,1.8266551111911396e-14,1.3434585172139606e-07,0.9997779655740351,5.032080841516512e-09,1.2726120886081963e-07,True,False
33,5_6C_19PER_4_6C_NEWSTRUCTURE,21,linear,0.0007213542225924163,6.072633094301899e-07,0.0007792710115423195,0.0014197473096055901,9767.162238006387,7802.847168264473,0.2517433735894665,1.0006568258221835,-2.0544025064043606e-05,1.0,1.0010332669701134,-2.576409131627624e-05,1.0,False,False
33,5_6C_19PER_4_6C_NEWSTRUCTURE,21,power,0.00033511943007334064,1.4371150463203114e-07,0.00037909300261549424,0.00039439808674790466,1040.1059191292738,1382.9541567034373,0.24791005248605963,0.9998842045561248,4.0340417896006956e-08,2.219047383664345,0.9999574508768764,1.571593972714986e-07,1.943639234506991,False,False
33,5_6C_19PER_4_6C_NEWSTRUCTURE,21,centered_quadratic,0.00032877002199890317,1.367475616543403e-07,0.0003697939448589448,0.00036109950021767645,1163.8401228313896,1321.924740767525,0.11958670040803503,0.9998065933638075,9.124032500725045e-07,1.5218311483702115e-07,0.9998869076572225,5.3602690045269154e-06,1.1398783414382959e-07,False,False
33,5_6C_19PER_4_6C_NEWSTRUCTURE,31,linear,0.0005785536015537551,4.060802958045412e-07,0.0006372442983695822,0.0012243964311672295,8854.116319616514,7360.221156388532,0.20296878741630062,1.000890456636804,-2.2688933529337776e-05,1.0,1.0012579550533918,-2.7344009205308138e-05,1.0,False,False
33,5_6C_19PER_4_6C_NEWSTRUCTURE,31,power,0.0001819914870797934,4.453888070162931e-08,0.0002110423670773935,6.58750770538008e-05,1316.0172050456654,1557.210807271623,0.1548882149415281,1.0000311898519334,1.5244100314469741e-07,1.9613603375943633,1.0000857645086934,3.0491980527792383e-07,1.822179672746746,False,False
33,5_6C_19PER_4_6C_NEWSTRUCTURE,31,centered_quadratic,0.00019592831201624693,5.0994098392866e-08,0.00022581872905688314,9.668934044637645e-05,1276.0594884758334,1396.023831817206,0.08593287636444918,0.9999005672083626,8.11948493445336e-06,1.2243234113361295e-07,0.9999389642150666,1.0510918028169164e-05,9.960408980554078e-08,False,False
33,5_6C_19PER_4_6C_NEWSTRUCTURE,41,linear,0.0005036793869643597,3.1733146377606997e-07,0.000563321811912223,0.0011207018299976834,8423.201636381506,7095.3809023357235,0.18713875298909996,1.0010220304975135,-2.3865275838733195e-05,1.0,1.001409376147858,-2.83859850401486e-05,1.0,False,False
33,5_6C_19PER_4_6C_NEWSTRUCTURE,41,power,0.00018272261593138106,4.486645367046706e-08,0.00021181702875469445,6.82013406178017e-05,1310.3252125174336,1573.9368938695527,0.16748554683410782,1.000025702752321,1.484816902662174e-07,1.9662070958767914,1.0000967437416783,3.223291002145257e-07,1.811999840338769,False,False
33,5_6C_19PER_4_6C_NEWSTRUCTURE,41,centered_quadratic,0.00019597458549999836,5.10264109181919e-08,0.00022589026299996178,9.7521558889202e-05,1274.143539660621,1408.1424606599337,0.09516005996759265,0.9998024167497687,1.046875148554391e-05,1.229038931484986e-07,0.9998373470757634,1.2884579263641883e-05,9.749311809117259e-08,False,False
33,5_6C_19PER_4_6C_NEWSTRUCTURE,51,linear,0.0004176170475993457,2.2940786840423502e-07,0.0004789654146222199,0.0009994793857672768,7951.967999811654,6828.307339334335,0.16455918057532265,1.0011878293174903,-2.5300382159769187e-05,1.0,1.0015783083693024,-2.9520977652560296e-05,1.0,False,False
33,5_6C_19PER_4_6C_NEWSTRUCTURE,51,power,0.0001406413278881935,2.7633323568145484e-08,0.00016623273915852282,3.811406604514733e-05,1453.610478019111,1650.6868243839774,0.11939051275726613,1.000102935597633,2.5036220388428723e-07,1.866492227037822,1.0001557193078723,4.1409790355306005e-07,1.7665808992795733,False,False
33,5_6C_19PER_4_6C_NEWSTRUCTURE,51,centered_quadratic,0.00015331089548379807,3.3125296599917427e-08,0.00018200356205282748,3.9288469965148565e-06,1331.142978878262,1444.687497171385,0.07859451854843116,0.9997185629747614,1.4344452409829712e-05,1.1066595707058783e-07,0.9997367248330025,1.589880159770423e-05,9.142400036809407e-08,False,False
34,5_6C_36PER_4_3C_NEWSTRUCTURE,11,linear,0.0009661185042746512,1.027732700625507e-06,0.0010137715228913796,0.0017915673055625136,8339.201379745782,6626.841603241188,0.25839757142634573,1.000666038504087,-2.4062980298264995e-05,1.0,1.0010742755209596,-3.034239952598447e-05,1.0,False,False
34,5_6C_36PER_4_3C_NEWSTRUCTURE,11,power,0.0008477752684922568,8.906281846310634e-07,0.000943730991666091,0.0013141569345517246,778.6316243915103,1253.5177061818003,0.37884273947496705,0.9998221176287062,1.5623946842079314e-08,2.4579856997352554,0.9999521812862178,2.0470779159548843e-07,1.9333568504126353,False,False
34,5_6C_36PER_4_3C_NEWSTRUCTURE,11,centered_quadratic,0.00042268389434341414,2.2954221749363627e-07,0.0004791056433539854,0.000500656491347673,1074.7567699147387,1175.4628747090308,0.0856735733310339,0.9998706160908465,6.983703199866362e-17,1.7662992198732878e-07,0.9998826223717463,2.963035022953935e-06,1.448643624498999e-07,True,False
34,5_6C_36PER_4_3C_NEWSTRUCTURE,21,linear,0.000760427324340902,6.499955292309544e-07,0.0008062230021718274,0.0015139264883244907,7443.628642677236,6205.546615711519,0.19951216284977666,1.000975741664843,-2.6999700188234866e-05,1.0,1.0013667116465468,-3.2449472079819084e-05,1.0,False,False
34,5_6C_36PER_4_3C_NEWSTRUCTURE,21,power,0.0006361676256066429,5.00159499414628e-07,0.00070721955531124,0.0008864671804452717,914.2209055415316,1423.3257223135063,0.35768679564398237,0.9999570168158686,5.103363617632026e-08,2.226601232433098,1.0001241315865048,4.271992912585491e-07,1.7983259466827501,False,False
34,5_6C_36PER_4_3C_NEWSTRUCTURE,21,centered_quadratic,0.0006124176884066124,4.5805314205899147e-07,0.0006767962337801471,0.0008143390680768192,1019.9091111993591,1249.4494369566023,0.18371317715453572,0.9998612016601542,1.33346734123591e-06,1.9896304532562182e-07,1.0000255443075075,1.021143526984248e-05,1.2423484251384688e-07,False,False
34,5_6C_36PER_4_3C_NEWSTRUCTURE,31,linear,0.0005840514267955488,3.955621031126537e-07,0.0006289372807463823,0.0012726761972943201,6788.53746226067,5879.64217738228,0.15458343508976005,1.0012640782594033,-2.9647634616187237e-05,1.0,1.0016288034434244,-3.4292699684862975e-05,1.0,False,False
34,5_6C_36PER_4_3C_NEWSTRUCTURE,31,power,0.0004512903048659789,2.53400060522884e-07,0.0005033885780616045,0.0005203917735665531,1093.3125549508156,1626.150399529693,0.32766824319139365,1.0001135284308778,1.5496307109879242e-07,2.011043891979739,1.0003138804131977,8.492639225848799e-07,1.6731234757929123,False,False
34,5_6C_36PER_4_3C_NEWSTRUCTURE,31,centered_quadratic,0.0004587102855941749,2.612036275405714e-07,0.0005110808424707107,0.000532416818307957,1095.5568150489448,1337.5806326715976,0.18094147874977076,0.9999534919615601,9.740365561502245e-06,1.6728797524955856e-07,1.0000714184149422,1.663872331875554e-05,1.0446139861603183e-07,False,False
34,5_6C_36PER_4_3C_NEWSTRUCTURE,41,linear,0.0004703221178347561,2.65606396739512e-07,0.0005153701550725576,0.001115081489774572,6408.301738216023,5667.3704196514855,0.130736349259151,1.001464568438079,-3.143805904716398e-05,1.0,1.00182042573397,-3.5610946663052404e-05,1.0,False,False
34,5_6C_36PER_4_3C_NEWSTRUCTURE,41,power,0.0004099269344935408,2.1008553212078676e-07,0.0004583508831897095,0.00043952430887217453,1145.3444078489997,1739.2132944995449,0.3414583412676993,1.0001550905652077,2.0078102448735617e-07,1.961022976155004,1.0004147676691184,1.1691213305729486e-06,1.6152778364843072,False,False
34,5_6C_36PER_4_3C_NEWSTRUCTURE,41,centered_quadratic,0.00041986828562835533,2.203163949382385e-07,0.0004693787329420012,0.00046055552435586566,1118.7871482435614,1391.9834879858688,0.19626406642050687,0.9998637234507894,1.4111138694019778e-05,1.5896257204717344e-07,0.9999655435056173,2.0617272669344297e-05,9.429983643834662e-08,False,False
34,5_6C_36PER_4_3C_NEWSTRUCTURE,51,linear,0.0003611445293823534,1.6598643353006048e-07,0.0004074143266136581,0.000961300644685914,6063.841983598315,5479.358921598443,0.1066699718640381,1.0016748958104291,-3.325860013435808e-05,1.0,1.0020073648063712,-3.686697069799571e-05,1.0,False,False
34,5_6C_36PER_4_3C_NEWSTRUCTURE,51,power,0.00035248193064020273,1.5669050797318127e-07,0.0003958415187586836,0.00032487059558050646,1238.356991923059,1897.2130302116088,0.3472757290809157,1.0002367071573497,3.0679718265880874e-07,1.8800459479014553,1.000557950307049,1.7351224821754321e-06,1.5444571189510397,False,False
34,5_6C_36PER_4_3C_NEWSTRUCTURE,51,centered_quadratic,0.00036525475696107756,1.6846697827366139e-07,0.0004104472904937507,0.00035595182116754387,1160.3912693273328,1466.2889065113663,0.20862030383346034,0.9997437896743766,1.887589426486802e-05,1.452798572680195e-07,0.9998243580727365,2.4591650642428033e-05,8.238469835947977e-08,False,False
35,3_7C_31PER_5_9C_NEWSTRUCTURE,11,linear,0.0007799061775018235,6.409548586185264e-07,0.0008005965642060466,0.0009451915436775593,969.7589959373983,949.0591254300908,0.021810938805236966,1.0029784158956387,-0.00020930810309156622,1.0,1.0032893735900665,-0.00021420095770950057,1.0,False,False
35,3_7C_31PER_5_9C_NEWSTRUCTURE,11,power,0.000811429376914563,8.641534586560891e-07,0.0009295985470384994,0.0015649464587738082,744.8926975352185,821.5233306926901,0.09327870590462521,1.0009818159079915,7.999643837566981e-05,1.1838353652525717,1.0015719325981158,0.00011439697623651668,1.113701142520884,False,False
35,3_7C_31PER_5_9C_NEWSTRUCTURE,11,centered_quadratic,0.0012474204302531477,2.0012429652256656e-06,0.0014146529486858837,0.0024284399837274373,611.9223597001046,727.5805729192481,0.1589627561867021,0.9998232158188693,0.00017222936644972815,2.667535010204144e-07,1.0002014893968814,0.00019084967073989433,1.2355178290794637e-07,False,False
35,3_7C_31PER_5_9C_NEWSTRUCTURE,21,linear,0.0005685798516323248,3.4980513096709293e-07,0.0005914432609871322,0.0006599803625965128,957.4825592315945,941.5695821374322,0.016900479153158905,1.003296346389754,-0.00021232381146754747,1.0,1.0035666443002065,-0.00021619925724246017,1.0,False,False
35,3_7C_31PER_5_9C_NEWSTRUCTURE,21,power,0.0008344533171180068,9.099255032662387e-07,0.0009539001537195802,0.0016046618316959416,741.565177948559,833.2980841716787,0.11008414391628506,1.0009275938037838,7.825063368533164e-05,1.1879353058944293,1.001835642755707,0.00012374452824827153,1.099860119166367,False,False
35,3_7C_31PER_5_9C_NEWSTRUCTURE,21,centered_quadratic,0.0011580944485800849,1.7384776623340071e-06,0.001318513428954748,0.0022683591535023195,621.0749828091779,752.8289689539522,0.1750118440950075,0.998148878570069,0.00018004250933317443,2.502426522045201e-07,0.9984977984581098,0.00019837920870297268,9.955334379601399e-08,False,False
35,3_7C_31PER_5_9C_NEWSTRUCTURE,31,linear,0.0003648748811215352,1.5725742510743546e-07,0.00039655696325677534,0.0003812769923881021,945.4228595885803,934.7211786491443,0.01144906222720019,1.003629874853812,-0.00021538497063887954,1.0,1.003832402164727,-0.00021806759793257784,1.0,False,False
35,3_7C_31PER_5_9C_NEWSTRUCTURE,31,power,0.0008020693977339688,8.450351034917266e-07,0.0009192579091265555,0.00154678004882558,747.0019777894033,852.0867173337904,0.12332634391156916,1.0010323634056228,8.130971090672985e-05,1.1809062314293883,1.002305097766326,0.00014040911720848156,1.0778464370172414,False,False
35,3_7C_31PER_5_9C_NEWSTRUCTURE,31,centered_quadratic,0.0010344863831925255,1.402826765631131e-06,0.0011844098807554464,0.002041114637938213,636.240989342819,788.1788371167802,0.19277077817740157,0.9964275442165886,0.00018866989195655967,2.2449645951543442e-07,0.9967363362258983,0.0002060686549711924,7.099966249340247e-08,False,False
35,3_7C_31PER_5_9C_NEWSTRUCTURE,41,linear,0.00019973266594986106,6.334544666539218e-08,0.0002516852134420935,0.0001462108963470321,935.2127650929338,929.3599962108588,0.006297633754344518,1.0039290853373881,-0.00021805635353696576,1.0,1.0040491041572037,-0.00021955873395577895,1.0,False,False
35,3_7C_31PER_5_9C_NEWSTRUCTURE,41,power,0.0007537316659508231,7.529596401183911e-07,0.0008677324703607622,0.0014608073715298708,755.1758815563106,874.2721599048508,0.13622334532704522,1.0011868760922766,8.601366089713592e-05,1.1705962112546828,1.0028953041680104,0.00016249645439070772,1.0526172841013346,False,False
35,3_7C_31PER_5_9C_NEWSTRUCTURE,41,centered_quadratic,0.000918001849953971,1.118762083112674e-06,0.0010577155019723754,0.001824258447039484,652.8898713521414,831.520320609128,0.21482391329430328,0.9945987364190758,0.000196387552242676,1.9879634214951015e-07,0.9948685303956873,0.0002127739617028265,4.267152360342748e-08,False,False
35,3_7C_31PER_5_9C_NEWSTRUCTURE,51,linear,0.0001441069456218802,3.038962603882977e-08,0.0001743262058292722,8.545350429645104e-05,925.0273389302029,924.6680183814315,0.0003885941133774252,1.0042461816194954,-0.0002208001569507197,1.0,1.0042467554599157,-0.0002208865791826949,1.0,False,False
35,3_7C_31PER_5_9C_NEWSTRUCTURE,51,power,0.00063818127378245,5.524482952780419e-07,0.0007432686561923904,0.0012475479779182619,779.2796834595824,906.4520392134403,0.14029683894164963,1.0017121202825165,0.00010184541765993406,1.140089939501626,1.003820807867972,0.00019974262147989255,1.0173915947849985,False,False
35,3_7C_31PER_5_9C_NEWSTRUCTURE,51,centered_quadratic,0.0007390992220032055,7.425562112283711e-07,0.0008617170134263168,0.0014816185822319472,686.295601964059,901.7565848178389,0.23893474855778796,0.9927363828869845,0.00020555582666343273,1.5398313421544314e-07,0.9929505756298327,0.00021963127005705625,8.424893460597185e-09,False,False
36,5_3C_54PER_4C_NEWSTRUCTURE,11,linear,0.0009276854812395196,9.415494768388759e-07,0.000970334724123009,0.0015547128835163848,11092.939246678461,8336.538033890496,0.3306409928896597,1.0004672435017081,-1.8071607447208694e-05,1.0,1.000858451635775,-2.409374860634305e-05,1.0,False,False
36,5_3C_54PER_4C_NEWSTRUCTURE,11,power,0.00015099365542958765,3.033091491910285e-08,0.0001741577300010047,0.00019358061186569575,1114.4976265277248,1285.2122363139645,0.1328298976329819,0.9998853216469674,4.7749238261508084e-08,2.1731678549089173,0.9999209596115711,9.802761742374345e-08,2.0294502790812508,False,False
36,5_3C_54PER_4C_NEWSTRUCTURE,11,centered_quadratic,0.00012160766334067264,1.8276593087920877e-08,0.00013519095046607549,0.00010478051486040307,1248.3706960046584,1290.6362224257834,0.032747822885124,0.9998561760545484,2.438674327276585e-11,1.305322592190666e-07,0.9998761151891409,1.201029075555818e-06,1.2112550016286388e-07,False,False
36,5_3C_54PER_4C_NEWSTRUCTURE,21,linear,0.0007905448586330355,6.914398026646712e-07,0.0008315285940150652,0.0013696577895406792,10019.988984277416,7832.046752141621,0.27935765724808986,1.0006733269495223,-2.0027300156158168e-05,1.0,1.0010776589054426,-2.5673705133394314e-05,1.0,False,False
36,5_3C_54PER_4C_NEWSTRUCTURE,21,power,8.192500087441656e-05,8.87864336472521e-09,9.422655339512961e-05,0.000104831368869851,1403.9397449941137,1409.4980980091086,0.003943498059944912,1.0000045191705762,1.6180838686722734e-07,1.9356098762859781,1.0000132985900936,1.706191383038325e-07,1.9272489144652631,False,False
36,5_3C_54PER_4C_NEWSTRUCTURE,21,centered_quadratic,8.335304844252712e-05,8.34431838530609e-09,9.13472407098654e-05,6.43361376575502e-05,1334.8037380445337,1345.4467570329787,0.007910397741725049,0.9999457766178739,5.6377519513451095e-06,1.1154688530868416e-07,0.9999576122612287,6.092845479055717e-06,1.0939027739852172e-07,False,False
36,5_3C_54PER_4C_NEWSTRUCTURE,31,linear,0.0006962250333333709,5.417422216789619e-07,0.0007360313999273142,0.0012407120232075242,9366.669107224605,7472.388656405225,0.2535040049336338,1.0008270419263194,-2.1440603871809617e-05,1.0,1.0012566855367613,-2.6933380313970537e-05,1.0,False,False
36,5_3C_54PER_4C_NEWSTRUCTURE,31,power,0.00011683361867224295,1.9691244768329666e-08,0.0001403254957886473,0.00024824913516630076,1617.966493583192,1470.852444826189,0.1000195833881811,1.0000819181953828,3.080884215030856e-07,1.8113392547209033,1.000057949466036,2.1722250731451514e-07,1.882911087303469,False,False
36,5_3C_54PER_4C_NEWSTRUCTURE,31,centered_quadratic,9.862377060024574e-05,1.516377837978648e-08,0.00012314129437271024,0.0002002262068836469,1420.1963351781887,1374.4657999766437,0.03327149733541728,0.9999367105080027,9.965720907844312e-06,9.64275879326132e-08,0.999930673252351,9.394898361233814e-06,1.0377799972033238e-07,False,False
36,5_3C_54PER_4C_NEWSTRUCTURE,41,linear,0.0006375029844707658,4.57649234014729e-07,0.0006764977708867406,0.0011592097122024025,8982.021185078193,7206.55286508852,0.24636859719586116,1.0009315009389268,-2.2370410489872116e-05,1.0,1.0014043066718479,-2.794738489292605e-05,1.0,False,False
36,5_3C_54PER_4C_NEWSTRUCTURE,41,power,9.824438291007098e-05,1.50986963512539e-08,0.00012287675268843126,0.0002062005322028826,1546.5414454214,1449.9841023657862,0.06659200117992434,1.0000560941220493,2.525749184775906e-07,1.8495117117685433,1.0000423402729461,2.0040927977479905e-07,1.8976636478330464,False,False
36,5_3C_54PER_4C_NEWSTRUCTURE,41,centered_quadratic,8.936108152832078e-05,1.2963460021684054e-08,0.00011385719134812721,0.00017558998862732267,1402.9916271015481,1368.8598093937017,0.024934487427871983,0.9998196145630748,1.1553769058304345e-05,9.923524249147903e-08,0.9998195283611857,1.1278947042857163e-05,1.0483294245321154e-07,False,False
36,5_3C_54PER_4C_NEWSTRUCTURE,51,linear,0.000570785106521543,3.7062301402614345e-07,0.0006087881520086798,0.0010653381191307876,8563.467094678237,6939.5236489037125,0.23401367700952658,1.0010592923264459,-2.34787253928253e-05,1.0,1.0015677663111304,-2.9046340427555648e-05,1.0,False,False
36,5_3C_54PER_4C_NEWSTRUCTURE,51,power,0.00012553555508695524,2.1903631561668266e-08,0.000147998755270672,0.0002663332376457994,1658.1913035529165,1468.5757081734696,0.12911530152931638,1.0001001981779094,3.443753678450986e-07,1.7903321635743406,1.0000571418494584,2.1554417135740894e-07,1.884374205974007,False,False
36,5_3C_54PER_4C_NEWSTRUCTURE,51,centered_quadratic,0.00011770950755537468,1.982011942086575e-08,0.00014078394589180172,0.0002434411786430557,1457.472667517061,1380.682035170679,0.05561789781445887,0.9997153010269296,1.4504665934635359e-05,9.064706523471573e-08,0.9997092858968035,1.3757811271259939e-05,1.026075782301261e-07,False,False
37,5C_67PER_4C_NEWSTRUCTURE,11,linear,0.0005050670849473882,2.7917066089216333e-07,0.0005283660292753153,0.0007301153267519345,7751.348450863395,6894.840538952575,0.12422447003262171,1.0007070850483377,-2.5893183143635044e-05,1.0,1.0009167282844869,-2.9140155910699125e-05,1.0,False,False
37,5C_67PER_4C_NEWSTRUCTURE,11,power,0.0004366624655422635,2.449748496731156e-07,0.0004949493405118503,0.0008128100172856145,1414.2582796542313,2159.815841732461,0.3451949687896506,1.0000194892220353,4.5932514174235045e-07,1.7898430960367475,1.0001519055323262,1.817560430376002e-06,1.5120698130487036,False,False
37,5C_67PER_4C_NEWSTRUCTURE,11,centered_quadratic,0.0005473512953189919,3.7822181334080214e-07,0.0006149974092147073,0.0010211919436731165,1188.9719551901767,1529.0156856309763,0.2223938796942259,0.9999795519335323,6.645004872965168e-06,1.3847610266667065e-07,1.000138553441154,1.4534843304853115e-05,7.727678627435306e-08,False,False
37,5C_67PER_4C_NEWSTRUCTURE,21,linear,0.0003584230811074729,1.4608330419502048e-07,0.0003822084564671751,0.0005322317289206957,7179.93177395305,6589.797933375202,0.08955264585413314,1.0009274838504352,-2.798459514327817e-05,1.0,1.0011078701088068,-3.051806324595481e-05,1.0,False,False
37,5C_67PER_4C_NEWSTRUCTURE,21,power,0.00028786617426954206,1.1308887162632469e-07,0.0003362868888706854,0.0005369053383696976,1781.8396751374396,2583.548450835894,0.31031304074791616,1.000190329277874,1.1753969051359794e-06,1.6091879293461615,1.000352296736707,3.457257677765941e-06,1.3958851735394615,False,False
37,5C_67PER_4C_NEWSTRUCTURE,21,centered_quadratic,0.00037163277264995687,1.829938812366539e-07,0.0004277778409836745,0.0007059006769728482,1329.9587211560354,1711.124297406251,0.22275738637338754,1.0000486314524932,1.4335724833924572e-05,1.0580519619658421e-07,1.0001580611090848,2.0104703530555877e-05,5.8175193940768414e-08,False,False
37,5C_67PER_4C_NEWSTRUCTURE,31,linear,0.0002386187863471223,7.045666782584297e-08,0.00026543674919996094,0.00036838135397987415,6753.090132916135,6359.737691767384,0.061850419028750554,1.0011231933137024,-2.9782394334318302e-05,1.0,1.0012684057259382,-3.1647280985578714e-05,1.0,False,False
37,5C_67PER_4C_NEWSTRUCTURE,31,power,0.000155703061954775,3.453518456181777e-08,0.00018583644573069559,0.0002622880666706129,2449.201626190324,3175.285696491946,0.22866731995290984,1.0004496701904495,3.4331565724874357e-06,1.4063963481811268,1.0006026868964462,6.649859664106103e-06,1.2792124789874837,False,False
37,5C_67PER_4C_NEWSTRUCTURE,31,centered_quadratic,0.00019876611492473774,5.9772152031378e-08,0.0002444834391761086,0.0003830626357615996,1578.5050469221394,1976.8623002979193,0.20150986404857144,1.0000369571532868,2.1495177246904155e-05,6.96404797262972e-08,1.000097765299752,2.4876755427271417e-05,4.0062281410094064e-08,False,False
37,5C_67PER_4C_NEWSTRUCTURE,41,linear,0.00018178111616968363,4.502312999058784e-08,0.00021218654526286023,0.00028960751019579956,6559.2652993811225,6242.729609506656,0.050704693247074904,1.001223490274871,-3.067774835908171e-05,1.0,1.0013566932720872,-3.2254591479575516e-05,1.0,False,False
37,5C_67PER_4C_NEWSTRUCTURE,41,power,0.0001316574752355737,2.3363939842382846e-08,0.00015285267365140477,0.00019435330449457666,2708.487323246901,3455.733395309327,0.2162337155628695,1.0005384209753145,4.62275682946634e-06,1.350907544499114,1.0007130162207296,8.509946528478828e-06,1.235721066313451,False,False
37,5C_67PER_4C_NEWSTRUCTURE,41,centered_quadratic,0.00015986993321297937,3.734039706444414e-08,0.00019323663489215532,0.0002854879288185508,1698.900567845938,2138.0274844757528,0.20538880805710938,0.9998518671148138,2.435355517379512e-05,5.802012096594652e-08,0.9998979961144847,2.7080202608441426e-05,3.2543326233504815e-08,False,False
37,5C_67PER_4C_NEWSTRUCTURE,51,linear,0.00011792775036427728,2.2910405909196683e-08,0.00015136183769100017,0.00019068227555052442,6322.424763120062,6117.254694651859,0.033539566146817135,1.0013586817314155,-3.184833181503083e-05,1.0,1.0014575889883708,-3.293267961598842e-05,1.0,False,False
37,5C_67PER_4C_NEWSTRUCTURE,51,power,7.306564077505406e-05,1.0153561952801649e-08,0.00010076488452234563,4.525882954609095e-05,4447.727466099464,4248.6635305518685,0.04685330672013444,1.0010350890689723,1.621826747302279e-05,1.1220154554319146,1.0010073200481089,1.4894448879725775e-05,1.138340735262891,False,False
37,5C_67PER_4C_NEWSTRUCTURE,51,centered_quadratic,7.958512593842171e-05,9.698106210063618e-09,9.847896328690517e-05,7.988719877172201e-06,2467.7081108651146,2594.5398724919874,0.04888410579909655,0.9996989860159099,2.9679099594179622e-05,2.1911436574722565e-08,0.9997080576767474,3.0096274837277795e-05,1.9036273682582967e-08,False,False
38,5_3C_54PER_4C_NEWSTRUCTURE,11,linear,0.0003604119162206154,1.4582015459981828e-07,0.0003818640525106,0.0004645833455400039,6118.386644743578,5717.722737045664,0.07007403578735541,1.000819251202397,-3.282225574529923e-05,1.0,1.0009698331349905,-3.5148579666671843e-05,1.0,False,False
38,5_3C_54PER_4C_NEWSTRUCTURE,11,power,0.0003402953594655389,1.4456260331092188e-07,0.0003802138915280738,0.0006619843018050853,1893.789350297503,2637.78375559707,0.2820528421713484,1.0001635763431977,2.631120114790454e-06,1.4893959076396115,1.000307385987065,6.172493167621252e-06,1.3185971795110947,False,False
38,5_3C_54PER_4C_NEWSTRUCTURE,11,centered_quadratic,0.0004596245455870851,2.620273698280828e-07,0.0005118860906765125,0.0009000220666288694,1292.7525113698712,1678.9428141652259,0.23001992654965403,1.0001132515775675,1.782422045697408e-05,1.0789953444839121e-07,1.0002432194572233,2.4298176429402897e-05,5.740954093793855e-08,False,False
38,5_3C_54PER_4C_NEWSTRUCTURE,21,linear,0.00024136022556980663,7.014810315006191e-08,0.0002648548718639359,0.000303958500463386,5822.802080578056,5550.119809293501,0.049130880170903196,1.0009979990465099,-3.4519119191246126e-05,1.0,1.001120802487371,-3.6237200168291954e-05,1.0,False,False
38,5_3C_54PER_4C_NEWSTRUCTURE,21,power,0.00022373237348450648,6.685869931011964e-08,0.00025857049195552,0.0004547670741015253,2307.786434722848,3066.339616252323,0.24738068070117364,1.0003431343275146,4.908237713598276e-06,1.3709725516946487,1.000510304918057,9.711377628521327e-06,1.2375468336143731,False,False
38,5_3C_54PER_4C_NEWSTRUCTURE,21,centered_quadratic,0.00030445735818818376,1.2033303937347952e-07,0.00034689052937991765,0.0006217164799903196,1465.0094088725439,1904.1676262993096,0.23063001983720102,1.0000554033419728,2.4314703494941403e-05,7.910399764587544e-08,1.0001415643444576,2.8880224683612012e-05,4.110042170210584e-08,False,False
38,5_3C_54PER_4C_NEWSTRUCTURE,31,linear,0.00016636800851957067,3.50390661742914e-08,0.00018718724896288049,0.00019149509392046848,5625.564246737181,5436.992434622392,0.0346831109997463,1.0011323675853396,-3.5753278918109605e-05,1.0,1.0012308803239351,-3.701143283601257e-05,1.0,False,False
38,5_3C_54PER_4C_NEWSTRUCTURE,31,power,0.0001474463487762123,3.256816873181661e-08,0.0001804665307801328,0.00031463614081839175,2738.674990639377,3477.3212459444226,0.21241818142816798,1.0005187953908155,8.00128472688452e-06,1.2796926660514927,1.0006970492830742,1.3815075657662299e-05,1.1753459414150462,False,False
38,5_3C_54PER_4C_NEWSTRUCTURE,31,centered_quadratic,0.0001995166426789141,5.63375753645149e-08,0.00023735537778722204,0.00042935363814189387,1660.5412194865985,2158.146890927874,0.23057080754467785,0.999889359025352,2.8906317213341146e-05,5.7537493317532385e-08,0.9999458158232972,3.209321559597672e-05,2.9101877159981596e-08,False,False
38,5_3C_54PER_4C_NEWSTRUCTURE,41,linear,0.00012891237740428885,2.117564980096123e-08,0.00014551855483394972,0.00012569834087705622,5512.487414731116,5369.545005905056,0.026620953669046658,1.0012162962038733,-3.650190577599497e-05,1.0,1.00130037529722,-3.7489279832060945e-05,1.0,False,False
38,5_3C_54PER_4C_NEWSTRUCTURE,41,power,0.00012542962454213712,2.3989447931045564e-08,0.0001548852734479478,0.00026527873900406007,2942.902250963292,3734.394157603091,0.2119465362348938,1.0005995155027814,9.7120462150902e-06,1.2439602159300152,1.000811497281418,1.6723322720162316e-05,1.1419973648644555,False,False
38,5_3C_54PER_4C_NEWSTRUCTURE,41,centered_quadratic,0.0001572820055307944,3.748013950913395e-08,0.0001935978809520754,0.0003483815497260512,1782.9060398048352,2363.810803877017,0.2457492634856426,0.9996258777981555,3.12885575036145e-05,4.782888323284721e-08,0.9996695228078265,3.392755769489315e-05,2.2400768158231418e-08,False,False
38,5_3C_54PER_4C_NEWSTRUCTURE,51,linear,9.037370704487956e-05,1.1462841472896192e-08,0.00010706466024275327,5.330396304259466e-05,5388.8562735432815,5303.738226096459,0.01604868939948976,1.0013150523707715,-3.7357658499658354e-05,1.0,1.0013715483628904,-3.796785206556084e-05,1.0,False,False
38,5_3C_54PER_4C_NEWSTRUCTURE,51,power,8.662623413634218e-05,8.93255553339433e-09,9.451219780215847e-05,0.00011753888750376529,3854.7650844986993,4281.284705451277,0.09962421336041921,1.0009350061005617,1.9005539501350026e-05,1.1221912270357355,1.0010487876993746,2.3729755340489943e-05,1.0816268868085162,False,False
38,5_3C_54PER_4C_NEWSTRUCTURE,51,centered_quadratic,9.622546776293373e-05,1.1881636471896739e-08,0.00010900291955675654,0.00016612330673582143,2288.39803002133,2850.6422572032316,0.19723422879920394,0.9993706793404812,3.496179440931469e-05,2.4200647377683937e-08,0.9993890817846778,3.609868492220486e-05,1.254474592850695e-08,False,False
39,5_6C_19PER_4_6C_NEWSTRUCTURE,11,linear,0.0003853818615826521,1.7727125085225017e-07,0.00042103592584511146,0.0006653192490396753,7385.510383202054,6758.920647661043,0.092705591351756,1.0006164322302473,-2.716351637478414e-05,1.0,1.0007832915979813,-2.9706413503680247e-05,1.0,False,False
39,5_6C_19PER_4_6C_NEWSTRUCTURE,11,power,8.144022814675634e-05,9.082312076673242e-09,9.530116513806765e-05,1.3934398944814852e-05,2792.5305087758475,2841.5444949998773,0.017249065186301777,1.000183540409153,4.350635182360028e-06,1.3531278305131407,1.0001880074742093,4.508490521620059e-06,1.3456880291101208,False,False
39,5_6C_19PER_4_6C_NEWSTRUCTURE,11,centered_quadratic,0.00012828432964738124,2.1296552051589437e-08,0.00014593338223857293,0.00015235646548550363,1635.3324602044822,1766.8369058948945,0.07442930654870256,1.000110935577535,1.8176648001338454e-05,6.465372930536211e-08,1.0001379849410115,1.9540367489968275e-05,5.3788603247134404e-08,False,False
39,5_6C_19PER_4_6C_NEWSTRUCTURE,21,linear,0.000298501549807586,1.1299122436440782e-07,0.00033614167305528753,0.0005480854821764414,7067.950214456669,6568.257184469931,0.07607695861365137,1.0007469817702264,-2.840243290899556e-05,1.0,1.0009054965848854,-3.058733708843021e-05,1.0,False,False
39,5_6C_19PER_4_6C_NEWSTRUCTURE,21,power,0.00012078787071900132,2.0105075278973353e-08,0.0001417923667866975,0.0002168916149680733,3856.4570585651413,3206.0095877895437,0.20288381957836357,1.0004068282286087,9.586967785782582e-06,1.204686046689452,1.00031700679908,6.462159309565769e-06,1.2810568264526245,False,False
39,5_6C_19PER_4_6C_NEWSTRUCTURE,21,centered_quadratic,8.028255383392802e-05,1.0934817157727522e-08,0.00010456967609076506,0.00010974144069941794,2038.6448145369527,1929.002864604769,0.056838666206256834,1.0000474437878246,2.357023487872088e-05,3.745889945954662e-08,1.0000351081496979,2.290011159415916e-05,4.294539382275769e-08,False,False
39,5_6C_19PER_4_6C_NEWSTRUCTURE,31,linear,0.00026120833505717257,8.975326035504457e-08,0.0002995884850174395,0.0004962441050512245,6931.966356116556,6464.940623168223,0.07223975596537827,1.0008083444952762,-2.896845341987112e-05,1.0,1.0009764254215903,-3.108712626089043e-05,1.0,False,False
39,5_6C_19PER_4_6C_NEWSTRUCTURE,31,power,0.00015656385797343074,3.273647766806095e-08,0.00018093224607034798,0.0002946672297389208,4512.105829621641,3250.1026552031935,0.388296404237591,1.000524590063028,1.346354009835871e-05,1.1419198863574607,1.00033150348769,6.717978002364473e-06,1.2741007418463481,False,False
39,5_6C_19PER_4_6C_NEWSTRUCTURE,31,centered_quadratic,0.00011847074675866098,1.9645797412348252e-08,0.0001401634667534599,0.000205890289796562,2319.191303725735,1976.1297137170336,0.17360276890094126,0.9998473471176188,2.5766318421115928e-05,2.690869746867593e-08,0.9998218539528598,2.4270320737958677e-05,4.033612735461267e-08,False,False
39,5_6C_19PER_4_6C_NEWSTRUCTURE,41,linear,0.0002514781038631786,8.375607183092233e-08,0.0002894064129056617,0.00048147240734830454,6892.327025110812,6402.465206134683,0.07651143789219748,1.0008274479627253,-2.913782924563078e-05,1.0,1.0010216473935076,-3.139753843580339e-05,1.0,False,False
39,5_6C_19PER_4_6C_NEWSTRUCTURE,41,power,0.0001330024309371347,2.394955243593589e-08,0.00015475642938481067,0.0002430287217993765,4015.6821359477212,3009.3781073533546,0.33438936308318423,1.0004283055794878,1.0423168423804485e-05,1.1887473354632394,1.0002354796269968,5.32154107920817e-06,1.3153756465000064,False,False
39,5_6C_19PER_4_6C_NEWSTRUCTURE,41,centered_quadratic,9.657749072869982e-05,1.4286599872249573e-08,0.00011952656555029753,0.00015514821760054254,2145.4400546064235,1915.1854310475596,0.12022575977560575,0.999568203737234,2.5549316666685094e-05,3.2922133751814607e-08,0.9995510777308326,2.443789589881737e-05,4.3771336710580396e-08,False,False
39,5_6C_19PER_4_6C_NEWSTRUCTURE,51,linear,0.0002309168135585571,7.109050547600533e-08,0.00026662802830161223,0.0004479036273927761,6801.676147107263,6318.239291425024,0.07651448977856047,1.0008728833921907,-2.9532850292735775e-05,1.0,1.0010853566865678,-3.1826169825425325e-05,1.0,False,False
39,5_6C_19PER_4_6C_NEWSTRUCTURE,51,power,0.00015470274510185123,3.194487601454131e-08,0.0001787312955655537,0.0002910572394597688,4511.779024006216,2943.4672773604484,0.532811001062716,1.0005311432112958,1.352567537066807e-05,1.1413863908147768,1.000204546181578,4.953922188379237e-06,1.3279653259469855,False,False
39,5_6C_19PER_4_6C_NEWSTRUCTURE,51,centered_quadratic,0.00011477724740564854,1.859989892189543e-08,0.00013638144639904445,0.00019765534757909542,2296.337463740003,1913.637180237435,0.19998581102771237,0.9993220789913689,2.6800460340080468e-05,2.75998985120991e-08,0.9993009938787178,2.5289893605673153e-05,4.386762563586969e-08,False,False
40,5_6C_36PER_4_3C_NEWSTRUCTURE,11,linear,0.0004773629417231984,2.6260493564834855e-07,0.0005124499347725089,0.0008188681439283974,5774.749304095606,5301.398873925801,0.08928783542357352,1.0007498385159626,-3.476338589687095e-05,1.0,1.0009557814975345,-3.7906180288736196e-05,1.0,False,False
40,5_6C_36PER_4_3C_NEWSTRUCTURE,11,power,0.00014150398108727201,2.666970147348229e-08,0.00016330860808139383,0.0001713018155391488,2077.095704227365,2335.6074500623276,0.11068287431094817,1.000130288707713,4.09690551508424e-06,1.413389101885016,1.0001829875301136,5.4996045835815475e-06,1.3540838088361702,False,False
40,5_6C_36PER_4_3C_NEWSTRUCTURE,11,centered_quadratic,0.0002555927841405925,8.008189511130863e-08,0.000282987446914715,0.0004008280488344562,1344.8004776225555,1536.2213982904266,0.12460503471758208,1.0000591176585192,2.135801143699473e-05,9.644154287678572e-08,1.0001252973897858,2.4708857164057907e-05,6.982710647977785e-08,False,False
40,5_6C_36PER_4_3C_NEWSTRUCTURE,21,linear,0.0003586450117782425,1.554676051894359e-07,0.00039429380566962486,0.0006587685992613945,5512.047904014573,5147.224116228951,0.07087777402879153,1.0009275480710673,-3.645243139572977e-05,1.0,1.0011174974935513,-3.907300186510966e-05,1.0,False,False
40,5_6C_36PER_4_3C_NEWSTRUCTURE,21,power,6.553460783203846e-05,5.884104816038197e-09,7.67079188613418e-05,8.041776447675897e-05,2687.631117377783,2633.159993870978,0.020686598472403457,1.0003762298243295,8.568351666195784e-06,1.2739801626648741,1.0003595211747622,8.117187798503042e-06,1.284149571124401,False,False
40,5_6C_36PER_4_3C_NEWSTRUCTURE,21,centered_quadratic,8.799487261307526e-05,1.0657760408505119e-08,0.00010323642965787377,6.675995928218104e-05,1602.1393696719158,1683.9065113213303,0.0485580055066438,0.9999914219397086,2.8454381143460962e-05,6.200038955248971e-08,1.000006372959835,2.927778294774307e-05,5.472189339311155e-08,False,False
40,5_6C_36PER_4_3C_NEWSTRUCTURE,31,linear,0.0002994129752543495,1.1281196429745783e-07,0.0003358749235912944,0.0005777374819090353,5383.3069171183715,5058.606601825408,0.06418769848119737,1.0010244686339471,-3.7342189796890385e-05,1.0,1.001217660027223,-3.977728965019993e-05,1.0,False,False
40,5_6C_36PER_4_3C_NEWSTRUCTURE,31,power,8.109681546344393e-05,8.713955285538676e-09,9.334856873856544e-05,0.00015168828693956637,2952.4202393904766,2710.117456305869,0.08940674601420703,1.000479143264097,1.0973416481029661e-05,1.2281004379801241,1.00040700944484,8.891310085672224e-06,1.2679761789915163,False,False
40,5_6C_36PER_4_3C_NEWSTRUCTURE,31,centered_quadratic,6.443614163534895e-05,5.7654500647214676e-09,7.593056080868538e-05,4.7644684487258004e-05,1752.2082533180896,1746.0062842909067,0.003552088605283401,0.9997518880422445,3.1496119898569715e-05,4.912663780116278e-08,0.9997498183764981,3.1393515665616716e-05,4.960813008625076e-08,False,False
40,5_6C_36PER_4_3C_NEWSTRUCTURE,41,linear,0.00026312417358886675,8.954621518256453e-08,0.0002992427362235624,0.0005258773776140035,5301.45049082547,4993.292831755291,0.06171431747611971,1.0010904118135546,-3.7931206216403525e-05,1.0,1.001295571135053,-4.031319169885168e-05,1.0,False,False
40,5_6C_36PER_4_3C_NEWSTRUCTURE,41,power,8.955864242763844e-05,1.0582945849162258e-08,0.00010287344579220751,0.00017650762992005298,3059.74963024925,2696.3583894860208,0.13477112025619814,1.0005199195128904,1.202082238989525e-05,1.2113034488105785,1.0003973080053947,8.744755845279094e-06,1.2708909414350031,False,False
40,5_6C_36PER_4_3C_NEWSTRUCTURE,41,centered_quadratic,7.059902917288863e-05,6.583404024404307e-09,8.113817858692852e-05,9.889063306067758e-05,1841.2891792133248,1766.715382650522,0.042210419004176596,0.9994507137960508,3.323573051459465e-05,4.307775873223446e-08,0.9994416076517112,3.267562371066126e-05,4.803501879361937e-08,False,False
40,5_6C_36PER_4_3C_NEWSTRUCTURE,51,linear,0.00020923006049609506,5.827689689517824e-08,0.0002414060829705379,0.00044150131930686953,5167.9958032770755,4909.564397798636,0.05263835740586602,1.001206427277815,-3.893316382924072e-05,1.0,1.0014012182809637,-4.1022217443826286e-05,1.0,False,False
40,5_6C_36PER_4_3C_NEWSTRUCTURE,51,power,0.00018047206686161443,4.287512545316541e-08,0.0002070630953433407,0.000382719882017879,4591.196039230256,2918.136950073841,0.573331244482573,1.0010628697388442,3.0984823261361054e-05,1.041032239107714,1.0005494816337925,1.1248595451535489e-05,1.2268379815794022,False,False
40,5_6C_36PER_4_3C_NEWSTRUCTURE,51,centered_quadratic,0.00016577814717578577,3.582134425505976e-08,0.0001892652748262601,0.0003485768677572443,2982.217877012054,1892.1272678979678,0.5761190738110904,0.9992042638658205,3.791854811262534e-05,1.0248643602635492e-08,0.9991632288831924,3.510912387070712e-05,3.968519176583238e-08,False,False
41,4_8C_80PER_4_8C_NEWSTRUCTURE,11,linear,0.0007829607744569156,6.605485671567398e-07,0.0008127413900846565,0.0011671470792992134,6667.614325831937,5494.927427027485,0.2134126272599063,0.9555151673377706,-2.3323959626049085e-05,1.0,0.9558405111775451,-2.8360795160100585e-05,1.0,False,False
41,4_8C_80PER_4_8C_NEWSTRUCTURE,11,power,0.0010072735673030643,1.2639338927466083e-06,0.0011242481455384342,0.0018751827396007448,717.5709932641308,1243.3640514091583,0.42287941134306034,0.95472133651085,1.7437227918648864e-08,2.4329136947939025,0.9548541866516106,3.146057943141263e-07,1.8393845243252829,False,False
41,4_8C_80PER_4_8C_NEWSTRUCTURE,11,centered_quadratic,0.0006265181625433214,4.974060918778418e-07,0.0007052702261387771,0.0011437364111592796,953.4305030055416,1080.8048765722444,0.11785140530700478,0.9547638484460061,8.468670241938276e-17,1.7424922381478363e-07,0.9547466877471926,3.407986109292631e-06,1.3202544471327465e-07,True,False
41,4_8C_80PER_4_8C_NEWSTRUCTURE,21,linear,0.0002901317351055233,1.028700025826791e-07,0.0003207335382879051,0.0005005279838132815,5137.424032000267,4814.164237696584,0.06714764564375404,0.9562672425780769,-3.0417431305010248e-05,1.0,0.9564157508634755,-3.249073840038228e-05,1.0,False,False
41,4_8C_80PER_4_8C_NEWSTRUCTURE,21,power,0.00023337603047497878,7.547903395670825e-08,0.00027473447900965806,0.00035796566474921576,1790.2485467232873,2373.457723413594,0.2457213250259684,0.955592229210114,2.660906784492947e-06,1.4654427458956445,0.9557386776642857,5.787403896318247e-06,1.3124183711014614,False,False
41,4_8C_80PER_4_8C_NEWSTRUCTURE,21,centered_quadratic,0.00031227234343027765,1.2922236983841887e-07,0.00035947513104305124,0.0005211144114074528,1249.904353340996,1581.7367419450047,0.20978989727201147,0.9553882133287697,1.915509418458286e-05,8.730493891811295e-08,0.9554754647361403,2.3794762414086843e-05,4.8580871431814616e-08,False,False
41,4_8C_80PER_4_8C_NEWSTRUCTURE,31,linear,0.00021767344099490326,6.29973387976387e-08,0.0002509927066622429,0.00039966795172952096,4959.313120678972,4707.272967302686,0.05354271042427088,0.9563898104332907,-3.153457074149809e-05,1.0,0.9565244104819912,-3.325161119170899e-05,1.0,False,False
41,4_8C_80PER_4_8C_NEWSTRUCTURE,31,power,0.00022307893248463273,6.913513355341083e-08,0.00026293560723761024,0.00033510665621572233,1850.1997051764065,2526.435480687064,0.26766397981663675,0.9556342620619726,3.0141332430712326e-06,1.4424938549421136,0.9558331958390527,7.148558207392748e-06,1.2750715793782237,False,False
41,4_8C_80PER_4_8C_NEWSTRUCTURE,31,centered_quadratic,0.0002803598138419261,1.0619235381260013e-07,0.00032587168304809816,0.0004606760797947196,1294.8666388862823,1689.3410707292887,0.2335078680545615,0.9552256372931671,2.2046361564976173e-05,7.973285022300684e-08,0.9553017138086871,2.6398156678824307e-05,4.055298528336196e-08,False,False
41,4_8C_80PER_4_8C_NEWSTRUCTURE,41,linear,9.5803414316884e-05,1.4445584426931028e-08,0.00012018978503571353,0.00016879250477030983,4586.128130025103,4523.844084563699,0.013767946971013093,0.9566850187074842,-3.416498934726155e-05,1.0,0.956727130351109,-3.4644679927386246e-05,1.0,False,False
41,4_8C_80PER_4_8C_NEWSTRUCTURE,41,power,0.0001454119203859583,2.848012443835598e-08,0.00016876055356141725,0.0002844283523242286,5952.438349510895,4145.153490654604,0.43599950229367357,0.9569527175440927,5.416747277816262e-05,0.9171682353396633,0.956609644576888,2.8626214662632355e-05,1.0333137831504136,False,False
41,4_8C_80PER_4_8C_NEWSTRUCTURE,41,centered_quadratic,9.576629605711817e-05,1.4435803283717892e-08,0.00012014908773568733,0.00016865467540627677,4577.950857877558,3088.846553109055,0.48209073489573506,0.9552842268620422,3.4163473669216885e-05,1.3905303143982666e-11,0.9552830683163058,3.3747332163581383e-05,5.643696627684813e-09,False,False
41,4_8C_80PER_4_8C_NEWSTRUCTURE,51,linear,0.00010946269161626665,1.4761594734652692e-08,0.00012149730340486035,9.374148044249964e-06,4354.392555042309,4419.574215134221,0.014748402655782162,0.9568990761352998,-3.6032368269969915e-05,1.0,0.9568522039889713,-3.549034281443958e-05,1.0,False,False
41,4_8C_80PER_4_8C_NEWSTRUCTURE,51,power,0.0005244542265255836,3.3571327601179473e-07,0.0005794076941254704,0.0009868162519000023,2191294237.975048,10574.146821693821,207230.30432418524,0.9877990623810914,0.0218577899489071,0.10000183089584852,0.9582641254271085,0.00016586277838516407,0.7404204508340488,True,False
41,4_8C_80PER_4_8C_NEWSTRUCTURE,51,centered_quadratic,0.00010946269161651311,1.4761594734718856e-08,0.00012149730340513265,9.37414804358383e-06,,4419.4463389890825,,0.9550614253535316,3.6032368269976136e-05,3.6735702464019774e-27,0.9550421956006876,3.549030613548908e-05,2.4616746317565116e-13,True,False
42,5C_67PER_4C_NEWSTRUCTURE,11,linear,0.000337979404600115,1.3515197988927532e-07,0.00036763022167563334,0.0004889331309104739,11170.149259144582,9947.276366955974,0.12293544957199448,1.0003727531623665,-1.7938234173400038e-05,1.0,1.0005180050788574,-2.0158081235679898e-05,1.0,False,False
42,5C_67PER_4C_NEWSTRUCTURE,11,power,0.0001853799493344499,4.5445659722674656e-08,0.00021317987644868045,0.000359824753979332,2139.460734739792,2850.7792434781272,0.24951721897290186,0.9999454029279184,6.416687008148613e-07,1.6495791492720877,1.000001629217992,1.3952280688467172e-06,1.4924580816423303,False,False
42,5C_67PER_4C_NEWSTRUCTURE,11,centered_quadratic,0.00025606713193959685,8.284227144602869e-08,0.0002878233337414267,0.0004996072043025324,1565.6953710630949,1887.1402784326895,0.1703344001732407,0.9999255422210221,7.073435676149883e-06,7.816401796579904e-08,0.9999928549192331,1.0474742958046088e-05,5.123459406153847e-08,False,False
42,5C_67PER_4C_NEWSTRUCTURE,21,linear,0.0002509516896387498,7.995940897221659e-08,0.0002827709478928424,0.0003715206425253248,10454.630020387713,9551.004152057927,0.09461056177376742,1.0005033796407061,-1.9178429007023853e-05,1.0,1.000635701991342,-2.1006765236104696e-05,1.0,False,False
42,5C_67PER_4C_NEWSTRUCTURE,21,power,0.00011543190338917153,1.563129315018271e-08,0.00012502517006660182,0.00018631265385293805,2837.398982249963,3362.657332317596,0.15620335293147952,1.0000692283231751,1.5652553589512162e-06,1.4789205928251274,1.0001137032164296,2.357742301750335e-06,1.3975684896640164,False,False
42,5C_67PER_4C_NEWSTRUCTURE,21,centered_quadratic,0.00015029902900034697,2.9666926461573406e-08,0.00017224089660000438,0.00029253297284104196,1796.5054195449889,2078.980702369911,0.13587200809652417,0.9999444648354991,1.1858063566741203e-05,5.6747018916935834e-08,0.9999793017851797,1.3750873004502587e-05,4.053571079106618e-08,False,False
42,5C_67PER_4C_NEWSTRUCTURE,31,linear,0.00020089465400891405,5.519433762262256e-08,0.00023493475184106451,0.00030284908255118204,10063.84477596685,9309.067867443939,0.0810797514069641,1.0005852776745527,-1.9931276976127857e-05,1.0,1.0007144948226885,-2.1561180741267936e-05,1.0,False,False
42,5C_67PER_4C_NEWSTRUCTURE,31,power,9.591496848735614e-05,1.0355049744371356e-08,0.00010175976486004356,0.00012555305186512378,3217.2132970461234,3613.5143226623973,0.10967191222429792,1.0001299801319325,2.2296022861486825e-06,1.4121491657783876,1.0001665768190577,2.9219983368068896e-06,1.3591363225493729,False,False
42,5C_67PER_4C_NEWSTRUCTURE,31,centered_quadratic,0.00012034867341577549,1.7302488856362534e-08,0.0001315389252516628,0.00020921548001284762,1938.1863419397039,2193.6052872562664,0.1164379694015222,0.99985634555412,1.42840294757603e-05,4.745586134775571e-08,0.9998778976063838,1.5554015979669855e-05,3.554535361892025e-08,False,False
42,5C_67PER_4C_NEWSTRUCTURE,41,linear,0.00017478380884746735,4.368028905388983e-08,0.00020899829916506458,0.0002642091197706531,9848.913772322918,9150.295676919566,0.0763492372345437,1.0006346312310797,-2.037124457266508e-05,1.0,1.0007698084728995,-2.1941346548977132e-05,1.0,False,False
42,5C_67PER_4C_NEWSTRUCTURE,41,power,0.00010496717996956395,1.2591411688912798e-08,0.00011221145970404626,0.00015559961763833563,3002.9315816768894,3578.280049429433,0.1607891109149728,1.0000933081597734,1.8346695280247088e-06,1.4486294449164612,1.0001588208475458,2.8380941472006892e-06,1.3643197123910766,False,False
42,5C_67PER_4C_NEWSTRUCTURE,41,centered_quadratic,0.00012549757022908503,1.921994245342483e-08,0.0001386360070595833,0.00022489710107664873,1906.5464199235043,2215.990064220435,0.1396412598112394,0.9997025955945105,1.4992655178765187e-05,4.9344856824789826e-08,0.999725065937545,1.6429422744665938e-05,3.4666187448475257e-08,False,False
42,5C_67PER_4C_NEWSTRUCTURE,51,linear,0.00013915569019747886,2.726502752942082e-08,0.00016512125099278052,0.00019502853235708884,9473.134623545477,8936.922686798283,0.05999961681880623,1.0007290610875041,-2.1189296791855147e-05,1.0,1.000849058636027,-2.2474073646482733e-05,1.0,False,False
42,5C_67PER_4C_NEWSTRUCTURE,51,power,7.168589725657926e-05,7.571072801120618e-09,8.701191183464835e-05,1.812403095879933e-05,4417.809826737252,4114.348966986486,0.07375671392624548,1.0003200619308263,5.067505390336975e-06,1.2610889327215455,1.0002783542264158,4.25776383458046e-06,1.2927678918410084,False,False
42,5C_67PER_4C_NEWSTRUCTURE,51,centered_quadratic,7.878828749508627e-05,7.807184163162546e-09,8.83582716171075e-05,6.919497192015012e-05,2372.8592650163696,2432.718975442091,0.024606093441123147,0.9996012855872302,1.830431532910853e-05,2.91412268968576e-08,0.9996019211852581,1.838111304656057e-05,2.7469534227607366e-08,False,False
43,5_3C_54PER_4C_NEWSTRUCTURE,11,linear,0.0005310886172485296,2.96022208555049e-07,0.0005440792300346053,0.0006529318044860011,7540.097026547301,6700.993446331294,0.125220773149003,1.0006639103245736,-2.6612908244823993e-05,1.0,1.0008791159288355,-2.9977512668485617e-05,1.0,False,False
43,5_3C_54PER_4C_NEWSTRUCTURE,11,power,0.0005904115140191912,4.5009210973643395e-07,0.0006708890442811195,0.0011955325010102325,1228.4229073488764,2059.526995687858,0.4035412451883897,0.9999121875976315,2.8088793882308966e-07,1.8943499914962765,1.0000752437806484,1.6953143048133446e-06,1.5305669891194091,False,False
43,5_3C_54PER_4C_NEWSTRUCTURE,11,centered_quadratic,0.0007282267754563998,6.711172082770413e-07,0.0008192174365069638,0.0014426684286114044,1098.4505468325856,1479.62926471393,0.2576177201760342,0.9998414273719748,3.5806925098125347e-06,1.6569939377701697e-07,1.00005768021625,1.4285499692960718e-05,8.302652368005424e-08,False,False
43,5_3C_54PER_4C_NEWSTRUCTURE,21,linear,0.00032265448387313933,1.1227635437336842e-07,0.00033507663955186195,0.00037180343285447837,6794.322797466649,6323.638312239514,0.0744325437329515,1.0009762043060535,-2.958002001038132e-05,1.0,1.001132600580132,-3.180646815154438e-05,1.0,False,False
43,5_3C_54PER_4C_NEWSTRUCTURE,21,power,0.0003129212278401772,1.339088984237683e-07,0.0003659356479270205,0.00067061384220235,1833.1391148748899,2790.182890473899,0.3430039582231328,1.0002299576204992,1.5351870019845702e-06,1.5675946750247203,1.000431575827863,4.9594401905200424e-06,1.3369194929663923,False,False
43,5_3C_54PER_4C_NEWSTRUCTURE,21,centered_quadratic,0.0003963560135131328,2.127917105223755e-07,0.00046129351883846746,0.0008452387688203666,1332.4370456041509,1790.2929955041832,0.2557435855749917,1.000068807842509,1.616364297945685e-05,1.0400292272038453e-07,1.000193045684934,2.2650769364512045e-05,5.1149155234807985e-08,False,False
43,5_3C_54PER_4C_NEWSTRUCTURE,31,linear,0.00021330865233496255,5.204013069283015e-08,0.00022812306041439598,0.00022226274064585105,6443.009222925315,6132.0987304424325,0.0507021341550465,1.0011547849254403,-3.122062656835839e-05,1.0,1.0012771835038903,-3.282353927288578e-05,1.0,False,False
43,5_3C_54PER_4C_NEWSTRUCTURE,31,power,0.00020332465557401313,5.9123756120526206e-08,0.0002431537705250038,0.00045570402074801564,2328.3881180584062,3371.7477678385217,0.3094417855725214,1.0004374615254334,3.427537559847914e-06,1.4157761430299158,1.0006726767066072,8.75888831126495e-06,1.2358895583625178,False,False
43,5_3C_54PER_4C_NEWSTRUCTURE,31,centered_quadratic,0.0002600927481800719,9.542302256601758e-08,0.0003089061711361843,0.0005824893215331528,1525.6569288719072,2081.9612532833025,0.26720205456950274,1.0000124014893252,2.2345507288854976e-05,7.458083428168556e-08,1.0000968743001102,2.7009986190015805e-05,3.439972238384366e-08,False,False
43,5_3C_54PER_4C_NEWSTRUCTURE,41,linear,0.00014764512126887562,2.7886657419696107e-08,0.00016699298613922714,0.00013126367629212599,6240.03384128677,6018.126696388279,0.036873126155962596,1.001270606540986,-3.225472996785567e-05,1.0,1.0013697675188127,-3.346053974564257e-05,1.0,False,False
43,5_3C_54PER_4C_NEWSTRUCTURE,41,power,0.00015166860515002822,3.4725932702601264e-08,0.0001863489541226386,0.00035152039589414485,2695.9524938397376,3853.2845587654533,0.30034949334147054,1.0005758969514424,5.311336496433225e-06,1.3341471428038685,1.0008560664463872,1.2633319833898861e-05,1.1716579408867807,False,False
43,5_3C_54PER_4C_NEWSTRUCTURE,41,centered_quadratic,0.00019078027350643233,5.331587310799703e-08,0.00023090230208466314,0.0004424748551965507,1688.405597956846,2383.2097020760198,0.29154132072974037,0.9998345957238073,2.594545838469623e-05,5.788322553357978e-08,0.9998983783705243,2.968179219943415e-05,2.376570783774056e-08,False,False
43,5_3C_54PER_4C_NEWSTRUCTURE,51,linear,8.25817770637971e-05,1.1278636414874742e-08,0.00010620092473643881,2.4291721322455828e-05,6008.792678908155,5902.935734504107,0.01793293187748731,1.00141675600733,-3.352033707442356e-05,1.0,1.0014694225149274,-3.413037708292997e-05,1.0,False,False
43,5_3C_54PER_4C_NEWSTRUCTURE,51,power,7.477980523825644e-05,7.376715607789212e-09,8.588780826048137e-05,7.551383043924442e-05,4748.844909736538,5086.904515174479,0.06645684117511787,1.0011839182081375,2.147456988395439e-05,1.0802594151787428,1.0012741808812757,2.5070880166296758e-05,1.053464827377343,False,False
43,5_3C_54PER_4C_NEWSTRUCTURE,51,centered_quadratic,8.046173830042802e-05,8.134810407309642e-09,9.019318381845516e-05,0.00011887626716033939,2736.369085197264,3501.144818579255,0.21843590397164223,0.9996816863761079,3.19571264359571e-05,1.5790006449613853e-08,0.9997023290495911,3.305831353804724e-05,7.195057348149526e-09,False,False
44,5_6C_19PER_4_6C_NEWSTRUCTURE,11,linear,0.000894805625710684,8.845298590698553e-07,0.0009404944758316528,0.0014526976049812346,7262.483880089477,6009.198652664093,0.2085611243472135,1.0008168632424896,-2.7651264575339126e-05,1.0,1.001196468859,-3.348141415990673e-05,1.0,False,False
44,5_6C_19PER_4_6C_NEWSTRUCTURE,11,power,0.0002440197875558403,7.998162168090489e-08,0.0002828102220233648,0.0004240734619899156,1224.3487972483442,1470.5653190793792,0.16742984390871826,1.0000399284099362,3.124550379256145e-07,1.8803456907213427,1.0001031163740641,6.442679286901568e-07,1.7339272385233007,False,False
44,5_6C_19PER_4_6C_NEWSTRUCTURE,11,centered_quadratic,0.00035533951752617196,1.6094742872954343e-07,0.0004011825379170228,0.0006276426090342513,1099.1694515733911,1238.348745993363,0.11239103271213541,0.9999868159080911,4.786767876657732e-06,1.6449278200488375e-07,1.0000893453749375,9.901799426789204e-06,1.2475986631278018e-07,False,False
44,5_6C_19PER_4_6C_NEWSTRUCTURE,21,linear,0.0007254806520051394,5.920462194596524e-07,0.0007694453973217674,0.0012242940128263102,6688.393160995253,5710.681292487543,0.17120757024103234,1.0010707340866565,-3.0062636756948135e-05,1.0,1.0014451954858974,-3.527515985717859e-05,1.0,False,False
44,5_6C_19PER_4_6C_NEWSTRUCTURE,21,power,9.260774801077343e-05,1.2176270373448584e-08,0.00011034613891500048,9.808242908282416e-05,1524.7931171397977,1638.6801284804774,0.06949923255997822,1.0002194372240858,8.437156536416545e-07,1.6886440326334275,1.0002542186552927,1.0935502163219268e-06,1.6371916191213243,False,False
44,5_6C_19PER_4_6C_NEWSTRUCTURE,21,centered_quadratic,0.0001633890208569766,3.783234023068006e-08,0.0001945053732694294,0.00027352833894755957,1219.4716883610333,1314.434129964745,0.07224587329169443,1.0000871706279315,1.3551007686821817e-05,1.2799712457468166e-07,1.0001352010749645,1.6088101859470862e-05,1.0719026814359166e-07,False,False
44,5_6C_19PER_4_6C_NEWSTRUCTURE,31,linear,0.0006007015796055848,4.141784167341434e-07,0.0006435669481368223,0.0010537131834534863,6303.189234154813,5492.334977835639,0.14763379502367988,1.0012740451509425,-3.193209622524225e-05,1.0,1.001649765996262,-3.6714760991458306e-05,1.0,False,False
44,5_6C_19PER_4_6C_NEWSTRUCTURE,31,power,7.236489005558289e-05,8.83716690125929e-09,9.400620671668063e-05,0.00013534780099810906,1876.5913329922932,1773.4821820871734,0.05813937796869932,1.0004050178467505,1.8823587330568993e-06,1.5357893086899208,1.0003726066240817,1.5679967963174538e-06,1.5717960497212722,False,False
44,5_6C_19PER_4_6C_NEWSTRUCTURE,31,centered_quadratic,6.739929809950196e-05,6.0272798954396845e-09,7.763555818978623e-05,6.92891243725402e-06,1358.3941781333353,1378.5612883369674,0.01462909946351443,1.0000541057406889,2.0234921957163235e-05,9.82955820848345e-08,1.0000629321562238,2.069060923065417e-05,9.481746604026123e-08,False,False
44,5_6C_19PER_4_6C_NEWSTRUCTURE,41,linear,0.0005207953513826902,3.1702407702057224e-07,0.000563048911747969,0.0009428876851277357,6067.8125891894915,5337.662890059542,0.13679202193336795,1.001415621857538,-3.3194107249848685e-05,1.0,1.0018089048709573,-3.7808477048408366e-05,1.0,False,False
44,5_6C_19PER_4_6C_NEWSTRUCTURE,41,power,0.0001070661631101455,1.8421950817468634e-08,0.00013572748733203837,0.00023102099883531846,2089.001455544912,1817.1629313728947,0.14959501951024232,1.0005118358839036,2.7424850057763757e-06,1.465085993671461,1.00041224223671,1.746966553085801e-06,1.552325328020187,False,False
44,5_6C_19PER_4_6C_NEWSTRUCTURE,41,centered_quadratic,7.115440653325367e-05,8.471989678745647e-09,9.204341192473064e-05,0.00011825230297657363,1452.8262296984863,1408.455673012181,0.03150298410983183,0.9998914335753294,2.412578030730925e-05,8.319566002334027e-08,0.9998833055852162,2.3550816538677093e-05,8.967082081588739e-08,False,False
44,5_6C_19PER_4_6C_NEWSTRUCTURE,51,linear,0.0004438255736078189,2.358177440670169e-07,0.00048561069187881035,0.0008346049786557286,5847.118458289458,5194.932048483806,0.1255428182156876,1.0015629548955327,-3.447218597218206e-05,1.0,1.0019679272135613,-3.887787661678995e-05,1.0,False,False
44,5_6C_19PER_4_6C_NEWSTRUCTURE,51,power,0.00020993301425968668,5.7212879487613305e-08,0.000239192139268023,0.000425068213916302,2751.930903890068,1895.8538734587296,0.45155222267713135,1.0008115544228593,6.494855319778933e-06,1.3054338382205999,1.000485125815643,2.1027786499602562e-06,1.5190924447604521,False,False
44,5_6C_19PER_4_6C_NEWSTRUCTURE,51,centered_quadratic,0.000173820370914346,3.992130791036322e-08,0.0001998031729236631,0.00034497754409346104,1723.2589082015463,1452.6946297750728,0.186249933661809,0.9997175537284039,2.9126082958981748e-05,5.400104053788554e-08,0.9996812602688672,2.655779943144836e-05,8.268508178076888e-08,False,False
45,5_6C_36PER_4_3C_NEWSTRUCTURE,11,linear,0.0010129007070937824,1.1234785471961855e-06,0.001059942709393383,0.001636346532105426,20293.3037285017,12195.344707579234,0.6640205107027193,1.0001623200835228,-9.86346643017998e-06,1.0,1.0005904478250225,-1.6448116280006283e-05,1.0,False,False
45,5_6C_36PER_4_3C_NEWSTRUCTURE,11,power,0.0007412699110640731,7.767105419774138e-07,0.0008813118301585505,0.0016021702176404196,555.8755618217996,922.2169779331069,0.3972399390568148,0.999763340577974,1.9733021364882753e-11,3.6449558909628306,0.9998202603413258,2.314368936791231e-09,2.6767803197066686,False,False
45,5_6C_36PER_4_3C_NEWSTRUCTURE,11,centered_quadratic,0.0003125257997776365,1.0949497784184443e-07,0.00033090025361405274,0.0005123941969242818,1604.6293641325094,1497.7002374155288,0.07139554634878092,0.9998770042425366,1.3715973077178847e-20,7.870243778816221e-08,0.9999350925169159,1.0791936009446896e-21,9.045700543902278e-08,True,True
45,5_6C_36PER_4_3C_NEWSTRUCTURE,21,linear,0.0008154724064569008,7.395624912539212e-07,0.0008599781923129919,0.001369951842168926,15811.031580126273,10845.972690095208,0.4577790330013712,1.0004589163266446,-1.2678421095471851e-05,1.0,1.0008779985167,-1.852097587338998e-05,1.0,False,False
45,5_6C_36PER_4_3C_NEWSTRUCTURE,21,power,0.0004009327680715824,2.328954669453714e-07,0.0004825924439372952,0.0008216416829049944,733.8003742723985,1091.12047796801,0.3274799721118309,0.9998940003255211,5.833239400705678e-10,2.9784183750613926,0.9999616244900553,1.0473568828084074e-08,2.3966942226987147,False,False
45,5_6C_36PER_4_3C_NEWSTRUCTURE,21,centered_quadratic,7.849158938107115e-05,1.2634694965278778e-08,0.00011240415902126922,0.00012961659076693444,1423.2204532177136,1403.9915522455203,0.013695880820250597,0.9999412108423794,8.23892602859097e-10,1.0168741641818844e-07,0.9999510877893965,1.2914109593024592e-10,1.0454044119245154e-07,False,False
45,5_6C_36PER_4_3C_NEWSTRUCTURE,31,linear,0.0006783671004538915,5.200871369502585e-07,0.0007211706711661661,0.0011825109255744204,13621.343423614702,9998.473266692643,0.36234233570346436,1.0006823783536543,-1.4732935813492545e-05,1.0,1.0011043140357463,-2.01135021989481e-05,1.0,False,False
45,5_6C_36PER_4_3C_NEWSTRUCTURE,31,power,0.0002003789428632885,6.374360127096469e-08,0.00025247495176940757,0.0003802297548514133,937.8170273043271,1237.3101760235152,0.24205179470979812,0.9999971020176583,4.899177907021308e-09,2.560766497529774,1.0000643627113206,2.7055932127753207e-08,2.221165659221615,False,False
45,5_6C_36PER_4_3C_NEWSTRUCTURE,31,centered_quadratic,0.0001259793254106123,2.13528354980436e-08,0.00014612609451444188,0.0001542527932385518,1301.9152380859166,1386.388524045303,0.0609304567185137,0.9999366685585633,1.562082870354085e-08,1.2377021695212291e-07,0.9999725496172583,1.961864687498653e-06,1.0740613912102109e-07,False,False
45,5_6C_36PER_4_3C_NEWSTRUCTURE,41,linear,0.0005921907667027004,4.01840439006338e-07,0.0006339088570183714,0.0010629503409482766,12477.687231803538,9442.370923545102,0.3214570082911801,1.000835342265966,-1.6095558298181267e-05,1.0,1.0012794204275748,-2.1316618681614464e-05,1.0,False,False
45,5_6C_36PER_4_3C_NEWSTRUCTURE,41,power,0.000158345212463189,3.7470561256785265e-08,0.00019357314187868436,0.00026295875934556623,1022.7346787974226,1307.3926383667294,0.2177295107955618,1.000035251717575,9.210294865449085e-09,2.437677998614181,1.0001114888921008,3.958652119468885e-08,2.1511075929225854,False,False
45,5_6C_36PER_4_3C_NEWSTRUCTURE,41,centered_quadratic,0.00011618231081444774,1.761761043809717e-08,0.00013273134685558332,0.00012459433819600463,1320.221882035823,1410.7833433359583,0.06419232388014476,0.9999403595391307,3.0364007087124427e-06,1.1980878522448088e-07,0.9999743079736811,4.944552050692092e-06,1.0296897252150194e-07,False,False
45,5_6C_36PER_4_3C_NEWSTRUCTURE,51,linear,0.0004969262002029118,2.888724280733789e-07,0.0005374685368218114,0.0009288386637700263,11369.073672589271,8920.17983397501,0.2745341331894411,1.0010183498596323,-1.7681154652404587e-05,1.0,1.0014682242749235,-2.2585668453406646e-05,1.0,False,False
45,5_6C_36PER_4_3C_NEWSTRUCTURE,51,power,7.822628997725679e-05,8.283336199857374e-09,9.101283535775256e-05,2.1774035993127328e-06,1317.6667780572486,1437.9712695310163,0.08366265308833613,1.0001538153108278,4.480725010243725e-08,2.1315480648754512,1.0001972511514046,7.324882011890302e-08,2.0383681578617256,False,False
45,5_6C_36PER_4_3C_NEWSTRUCTURE,51,centered_quadratic,6.706056197666399e-05,7.650022908582402e-09,8.746440938223045e-05,6.505295883685314e-05,1457.1312957669534,1466.9824437142092,0.006715245972756183,0.9999625642661889,8.249723662262e-06,9.526697969882688e-08,0.9999721994327679,8.633408276409517e-06,9.363933004690486e-08,False,False
46,4_8C_80PER_4_8C_NEWSTRUCTURE,11,linear,0.0007405117550451146,5.971669185645164e-07,0.0007727657591822481,0.00093668038138639,17919.355801189005,12564.748991590634,0.4261610648316267,1.0002462482498231,-1.117485753793315e-05,1.0,1.0005564024565368,-1.5961831198599002e-05,1.0,False,False
46,4_8C_80PER_4_8C_NEWSTRUCTURE,11,power,0.0003994008305834873,2.3296004426863032e-07,0.0004826593459870329,0.0010596711833907868,813.0328969658348,1270.1949740704893,0.3599148842792417,0.9998269401635866,1.2163968776551634e-09,2.8231180448997026,0.999882551812976,2.0143839414133426e-08,2.254163916520068,False,False
46,4_8C_80PER_4_8C_NEWSTRUCTURE,11,centered_quadratic,8.633865250824435e-05,1.281856955663941e-08,0.00011321912186834612,0.00019040398777137035,1552.0918890626745,1539.662106545848,0.008073058669159564,0.9998906776346737,3.700402983689243e-19,8.416576416099521e-08,0.9998936645061496,3.1953988452328394e-18,8.554133610285845e-08,True,True
46,4_8C_80PER_4_8C_NEWSTRUCTURE,21,linear,0.000588558455943593,3.8369460753844556e-07,0.0006194308738983274,0.000731702032809034,15029.008483338992,11455.981479869111,0.311891827841075,1.0004741274479874,-1.3339145271641234e-05,1.0,1.0007732450912414,-1.7525625843935574e-05,1.0,False,False
46,4_8C_80PER_4_8C_NEWSTRUCTURE,21,power,0.00018374510594858063,5.241311732374233e-08,0.0002289391126997358,0.0005738363959719717,1148.2222396797872,1539.231587331178,0.2540289264264312,0.999954618088146,1.5652737690236045e-08,2.3223140056679696,1.0000103299897787,6.796184048111725e-08,2.0295482832836065,False,False
46,4_8C_80PER_4_8C_NEWSTRUCTURE,21,centered_quadratic,0.000146991831120733,3.412558733385196e-08,0.00018473112172520353,0.0004769648428164519,1412.4251419275747,1547.7893482613617,0.08745647880691401,0.9999102301898669,2.675440718392733e-08,1.0323677890663289e-07,0.9999582462878708,2.4595361591827845e-06,8.416809879748896e-08,False,False
46,4_8C_80PER_4_8C_NEWSTRUCTURE,31,linear,0.0004991449295603311,2.8029465064608064e-07,0.0005294286076952025,0.0006095005494841654,13668.57776205264,10803.388475887214,0.26521209457203443,1.0006195827560231,-1.4677429228444878e-05,1.0,1.0009256465463339,-1.8598391328312674e-05,1.0,False,False
46,4_8C_80PER_4_8C_NEWSTRUCTURE,31,power,0.00011260982449532663,1.9751276188967662e-08,0.00014053923362879016,0.0003831684126193169,1395.1924871401386,1699.734353621276,0.17917027200886557,1.0000247944112464,4.70576525179582e-08,2.1078616151514264,1.0000770792161142,1.1745639162464678e-07,1.9289738837458326,False,False
46,4_8C_80PER_4_8C_NEWSTRUCTURE,31,centered_quadratic,0.00010259977809382593,1.5745730441115093e-08,0.00012548199249739022,0.00034165356759252585,1513.5608418001912,1613.2486338355777,0.06179319786459323,0.9999582850523958,4.187731048107729e-06,8.814872420461531e-08,0.9999881598659489,5.707800285225684e-06,7.627568664545786e-08,False,False
46,4_8C_80PER_4_8C_NEWSTRUCTURE,41,linear,0.0004351422586755227,2.1634282418103017e-07,0.0004651266754133009,0.0005206799449750665,12793.381898919206,10320.363684273274,0.23962510336863907,1.0007333575280388,-1.5690406111068792e-05,1.0,1.0010541791983634,-1.948130757298219e-05,1.0,False,False
46,4_8C_80PER_4_8C_NEWSTRUCTURE,41,power,9.707571754510313e-05,1.3956562814283546e-08,0.00011813789745159487,0.00031913298451025085,1514.5607604131092,1791.2102120243871,0.15444834433955953,1.0000578647800686,7.152411858110667e-08,2.027082373749498,1.000115249051526,1.544968890503515e-07,1.8789071867908733,False,False
46,4_8C_80PER_4_8C_NEWSTRUCTURE,41,centered_quadratic,9.096322592049732e-05,1.2208748855068434e-08,0.00011049320728021444,0.00029058796634662265,1563.1155023798847,1650.703299637879,0.053060896696098384,0.9999294669749422,6.769078191969025e-06,8.184704512937221e-08,0.9999531577136654,8.002021210749461e-06,7.219676957374588e-08,False,False
46,4_8C_80PER_4_8C_NEWSTRUCTURE,51,linear,0.0003928247948519048,1.7868121523566603e-07,0.00042270700873733576,0.0004611944697148207,12251.37504189967,9957.014417815079,0.23042656441066547,1.000814019084914,-1.6391141271745458e-05,1.0,1.0011614645248632,-2.0202990181971143e-05,1.0,False,False
46,4_8C_80PER_4_8C_NEWSTRUCTURE,51,power,0.00011354197514244157,2.0157126697003914e-08,0.00014197579616612093,0.00038734283093211364,1379.8926600153163,1791.7740170367945,0.2298734958232292,1.0000160411734382,4.392963185707277e-08,2.1205844930795883,1.0001145813022947,1.5455354545321108e-07,1.8787788587068581,False,False
46,4_8C_80PER_4_8C_NEWSTRUCTURE,51,centered_quadratic,9.932215952642708e-05,1.4667331538357324e-08,0.00012110875913144071,0.0003288480420099438,1521.5124349610376,1654.176748127283,0.08019959978063804,0.9998371754635516,7.764891281679437e-06,8.713383828391221e-08,0.9998670802483209,9.498999211890612e-06,7.183886557096086e-08,False,False
47,5C_67PER_4C_NEWSTRUCTURE,11,linear,0.0008458378993395365,8.271673423971357e-07,0.0009094874063983161,0.0014606632694561528,17409.08311675719,11745.748647939914,0.4821603661517622,1.0002682736761324,-1.1503665777973293e-05,1.0,1.0006341384778392,-1.7081426181636227e-05,1.0,False,False
47,5C_67PER_4C_NEWSTRUCTURE,11,power,0.0002816655536890744,1.0521109490411344e-07,0.0003243625978810033,0.0005109611077467324,827.9596590693992,1051.391502738302,0.21251060436287017,0.9998373230489432,1.5274129427160211e-09,2.781595137175759,0.9998632066633174,7.28494000644532e-09,2.461577321183054,False,False
47,5C_67PER_4C_NEWSTRUCTURE,11,centered_quadratic,0.00014981819231991045,3.812075044706319e-08,0.00019524535960443,0.0003191168969631786,1535.5701051854603,1484.5693628739637,0.03435389654866971,0.9998981093383303,7.172684207811666e-19,8.600305675332352e-08,0.9999312799660661,4.588281332728465e-30,9.207454457335854e-08,True,True
47,5C_67PER_4C_NEWSTRUCTURE,21,linear,0.0007363750575195626,6.402757519763382e-07,0.0008001723264249634,0.0013129789665020652,15342.683263519148,10900.420076076362,0.4075313755285835,1.0004326013008036,-1.3063725416099762e-05,1.0,1.0008202710868874,-1.8423168069241348e-05,1.0,False,False
47,5C_67PER_4C_NEWSTRUCTURE,21,power,0.00018203227633561302,4.645212629657112e-08,0.0002155275534509941,0.0002923039464195476,951.850676214769,1125.0117271296078,0.1539193296736983,0.9998923732205549,4.7048345472148895e-09,2.5610460334036147,0.9999149060966965,1.2575545078092555e-08,2.360192622663502,False,False
47,5C_67PER_4C_NEWSTRUCTURE,21,centered_quadratic,8.970429331767838e-05,1.0880557456335934e-08,0.00010430991063334267,9.140093935466886e-05,1416.45319402404,1410.8976158653845,0.003937619637444672,0.9998872535101604,4.725325370667234e-18,1.02648959761658e-07,0.9998928031532249,8.262903572018903e-10,1.034734770702618e-07,True,False
47,5C_67PER_4C_NEWSTRUCTURE,31,linear,0.0006561608371309635,5.187050968085537e-07,0.0007202118416192236,0.0012032950096357853,14058.281792681917,10274.887707448132,0.36821756042075793,1.000563486621306,-1.4266571802943224e-05,1.0,1.0009819469130075,-1.9560500575331663e-05,1.0,False,False
47,5C_67PER_4C_NEWSTRUCTURE,31,power,0.0001513985193718015,3.294582588597594e-08,0.0001815098506582382,0.00021931084788018307,1005.2031257422017,1156.8437245022774,0.13108131681772128,0.9999143815783565,7.006124258744342e-09,2.4832564544589646,0.9999368434957938,1.558289910279839e-08,2.320472461800406,False,False
47,5C_67PER_4C_NEWSTRUCTURE,31,centered_quadratic,0.00011243294934280223,1.941607027320759e-08,0.00013934155974872534,9.67501780835267e-05,1320.7014356750203,1369.137615684812,0.03537714503999298,0.9998420338176189,2.883755215886509e-09,1.2014353103845692e-07,0.999850259571425,7.993640129695979e-07,1.1101264238084195e-07,False,False
47,5C_67PER_4C_NEWSTRUCTURE,41,linear,0.0005624346327263585,3.931301779708197e-07,0.000627000939369966,0.0010731621315971385,12742.72692336797,9661.494855781111,0.31891877122339457,1.0007305510790558,-1.5752558481885887e-05,1.0,1.0011655823334684,-2.0821372400058537e-05,1.0,False,False
47,5C_67PER_4C_NEWSTRUCTURE,41,power,9.705813794029127e-05,1.3467351640287023e-08,0.00011604891916897384,4.36605470554019e-05,1179.5431085425798,1229.2183484011425,0.04041205528958774,0.9999858938482553,2.0397590052829687e-08,2.2760650631785637,0.9999879903266781,2.4438903740689278e-08,2.23746026421622,False,False
47,5C_67PER_4C_NEWSTRUCTURE,41,centered_quadratic,0.00010179421327376481,1.517737963247606e-08,0.00012319650819920204,4.9025033072913615e-05,1354.675838687993,1394.822996897666,0.02878297697913446,0.9998625683345398,3.4121225507847754e-06,1.1321500854223897e-07,0.9998675257010893,3.94616870473609e-06,1.0613335657431126e-07,False,False
47,5C_67PER_4C_NEWSTRUCTURE,51,linear,0.0004837347102245881,3.015875415182722e-07,0.000549169865814096,0.0009625230165709597,11777.57366384649,9168.219857768509,0.28460855504757526,1.0008806400662693,-1.7056198993083842e-05,1.0,1.0013348321000894,-2.1960078971000278e-05,1.0,False,False
47,5C_67PER_4C_NEWSTRUCTURE,51,power,9.129227243213522e-05,1.1380072343560572e-08,0.00010667742190154659,0.00010662416757700743,1399.2822160261571,1280.1837940099726,0.09303228378100896,1.0000637399315158,5.437808659170027e-08,2.0870763117916575,1.0000225936530514,3.253099315324781e-08,2.1848042340117417,False,False
47,5C_67PER_4C_NEWSTRUCTURE,51,centered_quadratic,9.071729110428973e-05,1.080456775521342e-08,0.00010394502275344126,6.19234193428575e-05,1433.570808076926,1415.0151812461818,0.01311337650413226,0.9998501618575479,7.222807559898066e-06,9.932718619425979e-08,0.999838121839517,6.686583036464618e-06,1.0250668412434891e-07,False,False
48,5_3C_54PER_4C_NEWSTRUCTURE,11,linear,0.0005477127182506747,3.400854354876663e-07,0.0005831684452091576,0.0008429180097040412,16271.24950996182,12631.94835418031,0.28810291601431004,1.0002506640697704,-1.2307024358957188e-05,1.0,1.0004825359539362,-1.5871069951579574e-05,1.0,False,False
48,5_3C_54PER_4C_NEWSTRUCTURE,11,power,0.0003625701957820082,1.7310109748628976e-07,0.0004160542001786423,0.0007054022941972438,1060.1962328590953,1643.5774127370298,0.3549459705134526,0.9998300868897473,1.0223543499524098e-08,2.4099598561339515,0.9998802245599869,7.970863173295014e-08,1.9899508822766523,False,False
48,5_3C_54PER_4C_NEWSTRUCTURE,11,centered_quadratic,0.00019641419739410137,5.086559611615909e-08,0.00022553402429823996,0.00035159349914171134,1492.168050182432,1567.1414008245329,0.047840833381502544,0.9998487387018332,1.2822592489344862e-18,9.109462256655403e-08,0.9998204832368764,3.134865177640456e-07,8.231525626358138e-08,True,False
48,5_3C_54PER_4C_NEWSTRUCTURE,21,linear,0.0003853371223487412,1.7858510362335453e-07,0.00042259330759413893,0.0006238837287478871,13714.043063627374,11538.01901268798,0.188595984158675,1.000494149666808,-1.4619623748926538e-05,1.0,1.0006936934724213,-1.739412053765252e-05,1.0,False,False
48,5_3C_54PER_4C_NEWSTRUCTURE,21,power,0.00015483725827297956,3.150576229171109e-08,0.0001774986261685174,0.00024167084543347261,1763.2856727625488,2228.9924507361643,0.2089315187316169,1.0000210698421774,1.5374401631996085e-07,1.8834472505512698,1.0000628819487885,3.432644486159169e-07,1.722028281352331,False,False
48,5_3C_54PER_4C_NEWSTRUCTURE,21,centered_quadratic,0.00018976720423466764,4.739831278819823e-08,0.0002177115357260571,0.00032380447017654745,1566.8021024652649,1792.19399146285,0.12576310939063717,0.9999642664414834,4.172539689688666e-06,8.098514774603988e-08,1.0000098037650311,6.654350556770653e-06,5.999871497699328e-08,False,False
48,5_3C_54PER_4C_NEWSTRUCTURE,31,linear,0.00029876876198641877,1.1472984043640368e-07,0.0003387179363960575,0.0005055222726079167,12604.85820290304,10969.092020985063,0.14912503047550146,1.0006353236864043,-1.591730112760774e-05,1.0,1.0008235915597334,-1.83081326308081e-05,1.0,False,False
48,5_3C_54PER_4C_NEWSTRUCTURE,31,power,0.00010043498209374225,1.2208057084720766e-08,0.00011049007686086912,3.344323270304539e-05,2550.706143265554,2642.108827010226,0.03459459459438762,1.0001617896837947,6.125438181291191e-07,1.618665590690004,1.000168175743346,6.745196319067393e-07,1.5992049311700198,False,False
48,5_3C_54PER_4C_NEWSTRUCTURE,31,centered_quadratic,0.00010959896608424113,1.5213027083081886e-08,0.0001233411005426897,0.00010639259906364273,1829.9041179280866,1943.0888103642017,0.058249881236720376,1.0000091681177528,9.168865515912973e-06,5.6709542955508985e-08,1.0000217565785774,9.940887287930385e-06,4.9510327472654396e-08,False,False
48,5_3C_54PER_4C_NEWSTRUCTURE,41,linear,0.0002537848907920215,8.763961831111389e-08,0.00029603989310752343,0.00044317581099795333,12072.355033001264,10635.235952759213,0.13512808616805577,1.0007147126567577,-1.6625978287424398e-05,1.0,1.000908318193171,-1.88908190740279e-05,1.0,False,False
48,5_3C_54PER_4C_NEWSTRUCTURE,41,power,9.883555486349005e-05,1.2059443338879573e-08,0.00010981549680659635,2.3368386745326042e-05,2914.1003694794667,2757.506392164516,0.05678825541797988,1.0002163553205958,9.358006551742247e-07,1.5385508078424273,1.0001961295476582,7.903384939266608e-07,1.570590490730345,False,False
48,5_3C_54PER_4C_NEWSTRUCTURE,41,centered_quadratic,9.977444271794145e-05,1.2062588211749498e-08,0.00010982981476698163,3.658206057943758e-05,1959.567583125578,1998.895076313012,0.019674616068380127,0.9999380833677937,1.1350190555180174e-05,4.840172231417248e-08,0.9999400755763812,1.1534400032708586e-05,4.6266786423358394e-08,False,False
48,5_3C_54PER_4C_NEWSTRUCTURE,51,linear,0.00019631072795795346,5.7965457961411664e-08,0.00024076016689106124,0.0003586388288721043,11394.798059099881,10267.753194482453,0.10976548065287198,1.0008299204220659,-1.7624702024594733e-05,1.0,1.001010343752835,-1.9576857755097893e-05,1.0,False,False
48,5_3C_54PER_4C_NEWSTRUCTURE,51,power,0.0001379268257407551,3.3607261607064316e-08,0.00018332283438531142,0.0002497668424291666,6646.324028416333,3263.8355477375235,1.0363538331530018,1.000598487101786,7.148286424278304e-06,1.1636444363605003,1.0003159110898645,1.425711827926489e-06,1.4650204287805133,False,False
48,5_3C_54PER_4C_NEWSTRUCTURE,51,centered_quadratic,0.00012219205820473977,2.8103793776328237e-08,0.00016764186164657156,0.00021351454118201385,3119.3307655146737,2179.9590547564,0.4309125479713399,0.9999051792938787,1.6040131110228342e-05,1.600576681220802e-08,0.9998739911328042,1.3984984463710103e-05,3.752935094886205e-08,False,False
49,4_8C_80PER_4_8C_NEWSTRUCTURE,11,linear,0.0006090456316712478,4.808269533903965e-07,0.0006934168684062975,0.0015126731452851372,19211.026820473035,13840.546172621547,0.3880251964676811,0.9999814684443252,-1.0409723036314048e-05,1.0,1.00024937467598,-1.4468314485457227e-05,1.0,False,False
49,4_8C_80PER_4_8C_NEWSTRUCTURE,11,power,0.0002385417464800521,7.071187495568092e-08,0.0002659170452522382,0.00016944157338516508,1105.3257299936547,1287.348775101088,0.14139372998831656,0.9996211832547313,7.330257858886786e-09,2.4429476324666086,0.9996279785188835,1.5062295664227363e-08,2.2903620570610284,False,False
49,4_8C_80PER_4_8C_NEWSTRUCTURE,11,centered_quadratic,0.00016667939356896256,4.130875033368575e-08,0.00020324554197739676,0.0005056851119231709,1621.8692697796478,1617.303941530623,0.002822801658854638,0.9996407604528059,1.3325845080447444e-16,7.693582623891548e-08,0.9996467218493925,8.223273463774961e-17,7.737608172051286e-08,True,True
49,4_8C_80PER_4_8C_NEWSTRUCTURE,21,linear,0.0005077756736455252,3.5730648285185596e-07,0.0005977511880806729,0.0013760618502586253,16885.71817153795,12843.22695705372,0.3147566595219299,1.0001333578595095,-1.1852226587368263e-05,1.0,1.0004068901474943,-1.560409162102577e-05,1.0,False,False
49,4_8C_80PER_4_8C_NEWSTRUCTURE,21,power,0.00017768136001636403,4.418645409529327e-08,0.00021020574229857106,0.0003873051499608815,1413.7679273515898,1431.0188024116974,0.012054960445687107,0.9996987711203748,3.137739695502355e-08,2.159664081669491,0.9996886747501504,3.028005988919708e-08,2.160951555099073,False,False
49,4_8C_80PER_4_8C_NEWSTRUCTURE,21,centered_quadratic,0.00019650622458050382,5.074491468539235e-08,0.00022526631946518847,0.0003301551770508171,1513.7312140481106,1577.1525229021322,0.040212539962412454,0.9996384915947091,3.224059717808819e-07,8.937845438445256e-08,0.9996446701157942,9.568745089648922e-07,8.182802855898566e-08,False,False
49,4_8C_80PER_4_8C_NEWSTRUCTURE,31,linear,0.00040026364974586224,2.4815854066090976e-07,0.0004981551371419447,0.0012276264177217833,14857.49328209994,11946.674055994621,0.24365101219487306,1.000310906482601,-1.3482146865510094e-05,1.0,1.0005754410967787,-1.678922854651195e-05,1.0,False,False
49,4_8C_80PER_4_8C_NEWSTRUCTURE,31,power,0.00018894571165611884,5.935642992231227e-08,0.0002436317506449278,0.0007092516581380659,2504.354020271553,1690.1288519397099,0.48175330975350283,0.9998831334025869,3.590763535225414e-07,1.6905277239794771,0.9997867563486195,7.977661124575871e-08,1.982295557848464,False,False
49,4_8C_80PER_4_8C_NEWSTRUCTURE,31,centered_quadratic,0.00017883800390653404,5.103064865025168e-08,0.0002258996428732274,0.0006456766714396656,1891.2044307761378,1686.727501686556,0.12122700844393988,0.9997667398819311,7.064178331274797e-06,5.393250869117945e-08,0.9997244789502019,4.985797773850489e-06,6.984278563704484e-08,False,False
49,4_8C_80PER_4_8C_NEWSTRUCTURE,41,linear,0.00032542480651745806,1.8032629647899333e-07,0.00042464843868663093,0.0011111298555739335,13527.025864970456,11290.214401965992,0.19811948501305365,1.0004618523451312,-1.4819358988899883e-05,1.0,1.000719787978974,-1.7778208706472584e-05,1.0,False,False
49,4_8C_80PER_4_8C_NEWSTRUCTURE,41,power,0.0002705142257591686,1.3010534681525987e-07,0.0003607011877097993,0.000990242991386947,7099.461203240927,1943.0209851382592,2.653826313530912,1.0002594118938057,5.318551802135229e-06,1.1881411964274748,0.9998753670006052,1.6337791167541054e-07,1.8511806603785799,False,False
49,4_8C_80PER_4_8C_NEWSTRUCTURE,41,centered_quadratic,0.0002581084910993425,1.1835757707046623e-07,0.00034403136059154,0.000953556817392176,3198.590289618014,1789.0367093662555,0.7878841014676975,0.9998230683218133,1.3086564279275247e-05,1.589719917088437e-08,0.9997366496789192,8.123838715727864e-06,6.071930811783576e-08,False,False
49,4_8C_80PER_4_8C_NEWSTRUCTURE,51,linear,0.00032162803766542456,1.7693118037065289e-07,0.0004206318822565081,0.0011046154725662394,13463.214366237979,11058.651559002567,0.21743725212844045,1.0004694994029084,-1.4890166192824686e-05,1.0,1.000775716703569,-1.815553330642039e-05,1.0,False,False
49,4_8C_80PER_4_8C_NEWSTRUCTURE,51,power,0.0002679522898482145,1.2770677767373358e-07,0.0003573608507849364,0.0009827473378798413,6621.071728779065,1653.2910594036066,3.004782879045805,1.0002240775555011,4.579474612747161e-06,1.2145479554030407,0.9997677368154644,7.007179806112603e-08,2.005681003380055,False,False
49,4_8C_80PER_4_8C_NEWSTRUCTURE,51,centered_quadratic,0.00025531707596294863,1.1575328783963593e-07,0.00034022534861417354,0.0009447707188583454,3064.2886132745325,1697.7574814077086,0.8049036136384768,0.9996815943684861,1.3144866687350525e-05,1.7629287934569505e-08,0.9995969098771301,7.903859205952744e-06,6.880318188225507e-08,False,False
